dataset_id,split_id,rule,ref_id,theta_path,dataset_path,attempt_seed,optimizer_chain,P,train_error,test_error,CE_mean_train,CE_sum_train,CE_mean_test,theta_norm,min_margin,q05_margin,median_margin,mean_margin
0,0,low_tv_spectral_teacher,0,02_dnn/08_mnist/runs/final/single_dataset_12x12_n_train_512_60ref_sparse_wide_4rule_lowtv/04_exact_reference_search/selected_reference_pool/split_000/low_tv_spectral_teacher/ref_000/theta.npy,02_dnn/08_mnist/runs/final/single_dataset_12x12_n_train_512_60ref_sparse_wide_4rule_lowtv/01_dataset_prepare/raw_datasets/split_000/low_tv_spectral_teacher/dataset.npz,2700000,adam,2533,0.0,0.08544921875,0.006327927419283544,3.2398988386731746,0.36457462334678115,9.633096494001792,1.019168606983293,4.033236875753904,5.956619520148214,5.753532308086221
0,0,low_tv_spectral_teacher,1,02_dnn/08_mnist/runs/final/single_dataset_12x12_n_train_512_60ref_sparse_wide_4rule_lowtv/04_exact_reference_search/selected_reference_pool/split_000/low_tv_spectral_teacher/ref_001/theta.npy,02_dnn/08_mnist/runs/final/single_dataset_12x12_n_train_512_60ref_sparse_wide_4rule_lowtv/01_dataset_prepare/raw_datasets/split_000/low_tv_spectral_teacher/dataset.npz,2700001,adam,2533,0.0,0.08642578125,0.003078626204702759,1.5762566168078127,0.43510581593584025,11.632804603039784,0.18908733281754653,5.3803670147089875,7.065718819952756,7.052434861344607
0,0,low_tv_spectral_teacher,2,02_dnn/08_mnist/runs/final/single_dataset_12x12_n_train_512_60ref_sparse_wide_4rule_lowtv/04_exact_reference_search/selected_reference_pool/split_000/low_tv_spectral_teacher/ref_002/theta.npy,02_dnn/08_mnist/runs/final/single_dataset_12x12_n_train_512_60ref_sparse_wide_4rule_lowtv/01_dataset_prepare/raw_datasets/split_000/low_tv_spectral_teacher/dataset.npz,2700002,adam,2533,0.0,0.09228515625,0.001087219113812019,0.5566561862717537,0.46499042741001606,11.206111225084577,2.313913489287985,6.136718797619093,7.7326297387102585,7.662912647898106
0,0,low_tv_spectral_teacher,3,02_dnn/08_mnist/runs/final/single_dataset_12x12_n_train_512_60ref_sparse_wide_4rule_lowtv/04_exact_reference_search/selected_reference_pool/split_000/low_tv_spectral_teacher/ref_003/theta.npy,02_dnn/08_mnist/runs/final/single_dataset_12x12_n_train_512_60ref_sparse_wide_4rule_lowtv/01_dataset_prepare/raw_datasets/split_000/low_tv_spectral_teacher/dataset.npz,2700003,adam,2533,0.0,0.08642578125,0.006822090945836509,3.4929105642682927,0.3507936868807439,11.057423192837566,0.828481662257936,3.717243936404766,6.1333180186823295,5.913949572585382
0,0,low_tv_spectral_teacher,4,02_dnn/08_mnist/runs/final/single_dataset_12x12_n_train_512_60ref_sparse_wide_4rule_lowtv/04_exact_reference_search/selected_reference_pool/split_000/low_tv_spectral_teacher/ref_004/theta.npy,02_dnn/08_mnist/runs/final/single_dataset_12x12_n_train_512_60ref_sparse_wide_4rule_lowtv/01_dataset_prepare/raw_datasets/split_000/low_tv_spectral_teacher/dataset.npz,2700004,adam,2533,0.0,0.08203125,0.00226867111674207,1.1615596117719398,0.45562236526656474,12.9751303145977,0.1551431037939579,6.058709016065117,6.533192482536768,7.780704481953059
0,0,low_tv_spectral_teacher,5,02_dnn/08_mnist/runs/final/single_dataset_12x12_n_train_512_60ref_sparse_wide_4rule_lowtv/04_exact_reference_search/selected_reference_pool/split_000/low_tv_spectral_teacher/ref_005/theta.npy,02_dnn/08_mnist/runs/final/single_dataset_12x12_n_train_512_60ref_sparse_wide_4rule_lowtv/01_dataset_prepare/raw_datasets/split_000/low_tv_spectral_teacher/dataset.npz,2700005,adam,2533,0.0,0.0849609375,0.005121239215133486,2.622074478148345,0.3687320407162924,9.65289650523519,1.224655830392423,3.5959813337174085,7.213138383472172,6.768523033027641
0,0,low_tv_spectral_teacher,6,02_dnn/08_mnist/runs/final/single_dataset_12x12_n_train_512_60ref_sparse_wide_4rule_lowtv/04_exact_reference_search/selected_reference_pool/split_000/low_tv_spectral_teacher/ref_006/theta.npy,02_dnn/08_mnist/runs/final/single_dataset_12x12_n_train_512_60ref_sparse_wide_4rule_lowtv/01_dataset_prepare/raw_datasets/split_000/low_tv_spectral_teacher/dataset.npz,2700006,adam,2533,0.0,0.0849609375,0.0013058186246976537,0.6685791358451987,0.43453975254578425,10.959039121480576,1.8672927203807863,5.522061797428873,7.563488415261288,7.451917929834557
0,0,low_tv_spectral_teacher,7,02_dnn/08_mnist/runs/final/single_dataset_12x12_n_train_512_60ref_sparse_wide_4rule_lowtv/04_exact_reference_search/selected_reference_pool/split_000/low_tv_spectral_teacher/ref_007/theta.npy,02_dnn/08_mnist/runs/final/single_dataset_12x12_n_train_512_60ref_sparse_wide_4rule_lowtv/01_dataset_prepare/raw_datasets/split_000/low_tv_spectral_teacher/dataset.npz,2700007,adam,2533,0.0,0.0849609375,0.011430565626817255,5.852449600930434,0.32599048602086933,10.631146141983699,0.4868516660512454,3.102010129782024,5.371622229183982,5.20028740086112
0,0,low_tv_spectral_teacher,8,02_dnn/08_mnist/runs/final/single_dataset_12x12_n_train_512_60ref_sparse_wide_4rule_lowtv/04_exact_reference_search/selected_reference_pool/split_000/low_tv_spectral_teacher/ref_008/theta.npy,02_dnn/08_mnist/runs/final/single_dataset_12x12_n_train_512_60ref_sparse_wide_4rule_lowtv/01_dataset_prepare/raw_datasets/split_000/low_tv_spectral_teacher/dataset.npz,2700008,adam,2533,0.0,0.0908203125,0.001919020882748914,0.9825386919674439,0.42304946014437,11.767427889580516,3.0127957505374483,5.127986192082692,6.824038186975706,6.786211591441924
0,0,low_tv_spectral_teacher,9,02_dnn/08_mnist/runs/final/single_dataset_12x12_n_train_512_60ref_sparse_wide_4rule_lowtv/04_exact_reference_search/selected_reference_pool/split_000/low_tv_spectral_teacher/ref_009/theta.npy,02_dnn/08_mnist/runs/final/single_dataset_12x12_n_train_512_60ref_sparse_wide_4rule_lowtv/01_dataset_prepare/raw_datasets/split_000/low_tv_spectral_teacher/dataset.npz,2700009,adam,2533,0.0,0.0830078125,0.002480196504695656,1.2698606104041759,0.41373895086450363,12.978287425146041,2.124311900588756,5.0839154594605604,6.669054315335137,6.828602455250865
0,0,low_tv_spectral_teacher,10,02_dnn/08_mnist/runs/final/single_dataset_12x12_n_train_512_60ref_sparse_wide_4rule_lowtv/04_exact_reference_search/selected_reference_pool/split_000/low_tv_spectral_teacher/ref_010/theta.npy,02_dnn/08_mnist/runs/final/single_dataset_12x12_n_train_512_60ref_sparse_wide_4rule_lowtv/01_dataset_prepare/raw_datasets/split_000/low_tv_spectral_teacher/dataset.npz,2700010,adam,2533,0.0,0.09033203125,0.002676123392307158,1.3701751768612649,0.4389282431644003,10.99084723668622,0.47853283026369353,5.385519734786246,7.021582723365533,6.936113708291915
0,0,low_tv_spectral_teacher,11,02_dnn/08_mnist/runs/final/single_dataset_12x12_n_train_512_60ref_sparse_wide_4rule_lowtv/04_exact_reference_search/selected_reference_pool/split_000/low_tv_spectral_teacher/ref_011/theta.npy,02_dnn/08_mnist/runs/final/single_dataset_12x12_n_train_512_60ref_sparse_wide_4rule_lowtv/01_dataset_prepare/raw_datasets/split_000/low_tv_spectral_teacher/dataset.npz,2700011,adam,2533,0.0,0.08837890625,0.001433611525327418,0.734009100967638,0.4604826405769087,11.775514329968319,3.2800167537505134,5.747183572988026,6.846295329295854,6.740681370623294
0,0,low_tv_spectral_teacher,12,02_dnn/08_mnist/runs/final/single_dataset_12x12_n_train_512_60ref_sparse_wide_4rule_lowtv/04_exact_reference_search/selected_reference_pool/split_000/low_tv_spectral_teacher/ref_012/theta.npy,02_dnn/08_mnist/runs/final/single_dataset_12x12_n_train_512_60ref_sparse_wide_4rule_lowtv/01_dataset_prepare/raw_datasets/split_000/low_tv_spectral_teacher/dataset.npz,2700012,adam,2533,0.0,0.08837890625,0.009586600514394382,4.9083394633699235,0.3442821009845982,10.342640695267386,0.25294866606153155,3.6372746016379054,5.9698592232428345,5.784807583284795
0,0,low_tv_spectral_teacher,13,02_dnn/08_mnist/runs/final/single_dataset_12x12_n_train_512_60ref_sparse_wide_4rule_lowtv/04_exact_reference_search/selected_reference_pool/split_000/low_tv_spectral_teacher/ref_013/theta.npy,02_dnn/08_mnist/runs/final/single_dataset_12x12_n_train_512_60ref_sparse_wide_4rule_lowtv/01_dataset_prepare/raw_datasets/split_000/low_tv_spectral_teacher/dataset.npz,2700013,adam,2533,0.0,0.08203125,0.002009452990968121,1.028839931375678,0.40870964349250816,12.601433752481933,1.0638749577525215,5.556087364680725,6.934886002101248,6.882575940142867
0,0,low_tv_spectral_teacher,14,02_dnn/08_mnist/runs/final/single_dataset_12x12_n_train_512_60ref_sparse_wide_4rule_lowtv/04_exact_reference_search/selected_reference_pool/split_000/low_tv_spectral_teacher/ref_014/theta.npy,02_dnn/08_mnist/runs/final/single_dataset_12x12_n_train_512_60ref_sparse_wide_4rule_lowtv/01_dataset_prepare/raw_datasets/split_000/low_tv_spectral_teacher/dataset.npz,2700014,adam,2533,0.0,0.08447265625,0.012020641008778754,6.154568196494722,0.30743845070033227,11.170685755877445,0.13504024637385847,3.1818982092234243,5.569518900046951,5.397782657548871
0,0,low_tv_spectral_teacher,15,02_dnn/08_mnist/runs/final/single_dataset_12x12_n_train_512_60ref_sparse_wide_4rule_lowtv/04_exact_reference_search/selected_reference_pool/split_000/low_tv_spectral_teacher/ref_015/theta.npy,02_dnn/08_mnist/runs/final/single_dataset_12x12_n_train_512_60ref_sparse_wide_4rule_lowtv/01_dataset_prepare/raw_datasets/split_000/low_tv_spectral_teacher/dataset.npz,2700015,adam,2533,0.0,0.08837890625,0.0011562900655096616,0.5920205135409468,0.4675897644650814,10.883786439741405,3.0375449199858613,5.616053331384057,7.61606185238239,7.4423248295198885
0,0,low_tv_spectral_teacher,16,02_dnn/08_mnist/runs/final/single_dataset_12x12_n_train_512_60ref_sparse_wide_4rule_lowtv/04_exact_reference_search/selected_reference_pool/split_000/low_tv_spectral_teacher/ref_016/theta.npy,02_dnn/08_mnist/runs/final/single_dataset_12x12_n_train_512_60ref_sparse_wide_4rule_lowtv/01_dataset_prepare/raw_datasets/split_000/low_tv_spectral_teacher/dataset.npz,2700016,adam,2533,0.0,0.08251953125,0.007611944740557976,3.8973157071656837,0.36635812155171815,10.088176812243681,0.21730205174727135,3.8362566619365777,6.775985097346354,6.326698868082726
0,0,low_tv_spectral_teacher,17,02_dnn/08_mnist/runs/final/single_dataset_12x12_n_train_512_60ref_sparse_wide_4rule_lowtv/04_exact_reference_search/selected_reference_pool/split_000/low_tv_spectral_teacher/ref_017/theta.npy,02_dnn/08_mnist/runs/final/single_dataset_12x12_n_train_512_60ref_sparse_wide_4rule_lowtv/01_dataset_prepare/raw_datasets/split_000/low_tv_spectral_teacher/dataset.npz,2700017,adam,2533,0.0,0.0810546875,0.010520837291525871,5.386668693261246,0.32300591944698137,10.01049662986602,0.005100029116289262,3.2085305970707503,5.93834340296662,5.699585317287611
0,0,low_tv_spectral_teacher,18,02_dnn/08_mnist/runs/final/single_dataset_12x12_n_train_512_60ref_sparse_wide_4rule_lowtv/04_exact_reference_search/selected_reference_pool/split_000/low_tv_spectral_teacher/ref_018/theta.npy,02_dnn/08_mnist/runs/final/single_dataset_12x12_n_train_512_60ref_sparse_wide_4rule_lowtv/01_dataset_prepare/raw_datasets/split_000/low_tv_spectral_teacher/dataset.npz,2700018,adam,2533,0.0,0.0859375,0.0011905411429307504,0.6095570651805442,0.43170771732554636,12.108617599849552,2.2222649731882993,5.864566373523755,7.466680744589375,7.31766338471935
0,0,low_tv_spectral_teacher,19,02_dnn/08_mnist/runs/final/single_dataset_12x12_n_train_512_60ref_sparse_wide_4rule_lowtv/04_exact_reference_search/selected_reference_pool/split_000/low_tv_spectral_teacher/ref_019/theta.npy,02_dnn/08_mnist/runs/final/single_dataset_12x12_n_train_512_60ref_sparse_wide_4rule_lowtv/01_dataset_prepare/raw_datasets/split_000/low_tv_spectral_teacher/dataset.npz,2700019,adam,2533,0.0,0.08203125,0.010769014237455564,5.513735289577249,0.31409030012408,10.951938793536995,0.03985599531811068,3.370029622585027,6.323006842426396,6.131796502749069
0,0,low_tv_spectral_teacher,20,02_dnn/08_mnist/runs/final/single_dataset_12x12_n_train_512_60ref_sparse_wide_4rule_lowtv/04_exact_reference_search/selected_reference_pool/split_000/low_tv_spectral_teacher/ref_020/theta.npy,02_dnn/08_mnist/runs/final/single_dataset_12x12_n_train_512_60ref_sparse_wide_4rule_lowtv/01_dataset_prepare/raw_datasets/split_000/low_tv_spectral_teacher/dataset.npz,2700020,adam,2533,0.0,0.091796875,0.0018549544121299391,0.9497366590105288,0.5232976608371609,11.158412213609404,0.17247631338103953,6.492867516785676,7.377676996034085,8.14029471790575
0,0,low_tv_spectral_teacher,21,02_dnn/08_mnist/runs/final/single_dataset_12x12_n_train_512_60ref_sparse_wide_4rule_lowtv/04_exact_reference_search/selected_reference_pool/split_000/low_tv_spectral_teacher/ref_021/theta.npy,02_dnn/08_mnist/runs/final/single_dataset_12x12_n_train_512_60ref_sparse_wide_4rule_lowtv/01_dataset_prepare/raw_datasets/split_000/low_tv_spectral_teacher/dataset.npz,2700021,adam,2533,0.0,0.087890625,0.0013099777056641963,0.6707085853000685,0.45076580282871304,11.700555054581631,3.479657010785278,5.536208739867021,6.956586433040059,6.986791061660961
0,0,low_tv_spectral_teacher,22,02_dnn/08_mnist/runs/final/single_dataset_12x12_n_train_512_60ref_sparse_wide_4rule_lowtv/04_exact_reference_search/selected_reference_pool/split_000/low_tv_spectral_teacher/ref_022/theta.npy,02_dnn/08_mnist/runs/final/single_dataset_12x12_n_train_512_60ref_sparse_wide_4rule_lowtv/01_dataset_prepare/raw_datasets/split_000/low_tv_spectral_teacher/dataset.npz,2700022,adam,2533,0.0,0.083984375,0.0011658002401598046,0.59688972296182,0.427294610942069,11.162502712359672,2.876161860235356,5.5312419283764696,7.686351468343667,7.430537560889968
0,0,low_tv_spectral_teacher,23,02_dnn/08_mnist/runs/final/single_dataset_12x12_n_train_512_60ref_sparse_wide_4rule_lowtv/04_exact_reference_search/selected_reference_pool/split_000/low_tv_spectral_teacher/ref_023/theta.npy,02_dnn/08_mnist/runs/final/single_dataset_12x12_n_train_512_60ref_sparse_wide_4rule_lowtv/01_dataset_prepare/raw_datasets/split_000/low_tv_spectral_teacher/dataset.npz,2700023,adam,2533,0.0,0.08251953125,0.006447425625572776,3.3010819202932615,0.33562284585125457,11.120413096453248,1.0166473303133365,3.6054265983234663,6.022502144279971,5.770018120507064
0,0,low_tv_spectral_teacher,24,02_dnn/08_mnist/runs/final/single_dataset_12x12_n_train_512_60ref_sparse_wide_4rule_lowtv/04_exact_reference_search/selected_reference_pool/split_000/low_tv_spectral_teacher/ref_024/theta.npy,02_dnn/08_mnist/runs/final/single_dataset_12x12_n_train_512_60ref_sparse_wide_4rule_lowtv/01_dataset_prepare/raw_datasets/split_000/low_tv_spectral_teacher/dataset.npz,2700024,adam,2533,0.0,0.08740234375,0.001637945983210884,0.8386283434039726,0.42761043786115094,12.110569914107577,2.1254297693309847,5.392125650528412,7.24894940610055,7.119429708643298
0,0,low_tv_spectral_teacher,25,02_dnn/08_mnist/runs/final/single_dataset_12x12_n_train_512_60ref_sparse_wide_4rule_lowtv/04_exact_reference_search/selected_reference_pool/split_000/low_tv_spectral_teacher/ref_025/theta.npy,02_dnn/08_mnist/runs/final/single_dataset_12x12_n_train_512_60ref_sparse_wide_4rule_lowtv/01_dataset_prepare/raw_datasets/split_000/low_tv_spectral_teacher/dataset.npz,2700025,adam,2533,0.0,0.0849609375,0.0014657771161649185,0.7504778834764383,0.44773214308290765,10.85979261818789,1.6099870990948388,5.566782193373523,7.481443771274357,7.287949084645752
0,0,low_tv_spectral_teacher,26,02_dnn/08_mnist/runs/final/single_dataset_12x12_n_train_512_60ref_sparse_wide_4rule_lowtv/04_exact_reference_search/selected_reference_pool/split_000/low_tv_spectral_teacher/ref_026/theta.npy,02_dnn/08_mnist/runs/final/single_dataset_12x12_n_train_512_60ref_sparse_wide_4rule_lowtv/01_dataset_prepare/raw_datasets/split_000/low_tv_spectral_teacher/dataset.npz,2700026,adam,2533,0.0,0.08447265625,0.0012173094338434943,0.6232624301278691,0.42993268065732343,11.468823588790691,2.310866907257226,5.750013286572575,7.508676963396556,7.28777148533678
0,0,low_tv_spectral_teacher,27,02_dnn/08_mnist/runs/final/single_dataset_12x12_n_train_512_60ref_sparse_wide_4rule_lowtv/04_exact_reference_search/selected_reference_pool/split_000/low_tv_spectral_teacher/ref_027/theta.npy,02_dnn/08_mnist/runs/final/single_dataset_12x12_n_train_512_60ref_sparse_wide_4rule_lowtv/01_dataset_prepare/raw_datasets/split_000/low_tv_spectral_teacher/dataset.npz,2700027,adam,2533,0.0,0.0869140625,0.0011411095233397782,0.5842480759499664,0.46052506984670183,10.959643937515741,1.8487526651310993,5.453395663631267,8.421055370546492,8.131451555836914
0,0,low_tv_spectral_teacher,28,02_dnn/08_mnist/runs/final/single_dataset_12x12_n_train_512_60ref_sparse_wide_4rule_lowtv/04_exact_reference_search/selected_reference_pool/split_000/low_tv_spectral_teacher/ref_028/theta.npy,02_dnn/08_mnist/runs/final/single_dataset_12x12_n_train_512_60ref_sparse_wide_4rule_lowtv/01_dataset_prepare/raw_datasets/split_000/low_tv_spectral_teacher/dataset.npz,2700028,adam,2533,0.0,0.0791015625,0.0019191392526091231,0.982599297335871,0.4130075942144035,12.029413574231393,1.8336729577936741,5.452398514030975,7.599975921345307,7.436270656988677
0,0,low_tv_spectral_teacher,29,02_dnn/08_mnist/runs/final/single_dataset_12x12_n_train_512_60ref_sparse_wide_4rule_lowtv/04_exact_reference_search/selected_reference_pool/split_000/low_tv_spectral_teacher/ref_029/theta.npy,02_dnn/08_mnist/runs/final/single_dataset_12x12_n_train_512_60ref_sparse_wide_4rule_lowtv/01_dataset_prepare/raw_datasets/split_000/low_tv_spectral_teacher/dataset.npz,2700029,adam,2533,0.0,0.07958984375,0.007413380071827144,3.7956505967754977,0.33791693003888673,11.093561765507074,0.443193177797248,3.7566577034125532,5.969349775307833,5.688316725608916
0,0,low_tv_spectral_teacher,30,02_dnn/08_mnist/runs/final/single_dataset_12x12_n_train_512_60ref_sparse_wide_4rule_lowtv/04_exact_reference_search/selected_reference_pool/split_000/low_tv_spectral_teacher/ref_030/theta.npy,02_dnn/08_mnist/runs/final/single_dataset_12x12_n_train_512_60ref_sparse_wide_4rule_lowtv/01_dataset_prepare/raw_datasets/split_000/low_tv_spectral_teacher/dataset.npz,2700030,adam,2533,0.0,0.0869140625,0.0012163792012318455,0.6227861510307049,0.5045375762341844,10.680819415988427,1.6758520678416295,6.128992387986858,7.8967980461340055,7.647643020547521
0,0,low_tv_spectral_teacher,31,02_dnn/08_mnist/runs/final/single_dataset_12x12_n_train_512_60ref_sparse_wide_4rule_lowtv/04_exact_reference_search/selected_reference_pool/split_000/low_tv_spectral_teacher/ref_031/theta.npy,02_dnn/08_mnist/runs/final/single_dataset_12x12_n_train_512_60ref_sparse_wide_4rule_lowtv/01_dataset_prepare/raw_datasets/split_000/low_tv_spectral_teacher/dataset.npz,2700031,adam,2533,0.0,0.09033203125,0.002359866422594322,1.2082516083682928,0.45612251336873083,12.668274098401143,0.6625818353225746,5.642695351787959,6.447254278522758,6.824592729706014
0,0,low_tv_spectral_teacher,32,02_dnn/08_mnist/runs/final/single_dataset_12x12_n_train_512_60ref_sparse_wide_4rule_lowtv/04_exact_reference_search/selected_reference_pool/split_000/low_tv_spectral_teacher/ref_032/theta.npy,02_dnn/08_mnist/runs/final/single_dataset_12x12_n_train_512_60ref_sparse_wide_4rule_lowtv/01_dataset_prepare/raw_datasets/split_000/low_tv_spectral_teacher/dataset.npz,2700032,adam,2533,0.0,0.07861328125,0.008690024267547303,4.449292424984219,0.30881344501099,10.499691236132984,0.5031379426800938,3.4794267665305183,6.037811417411526,5.7002388569814855
0,0,low_tv_spectral_teacher,33,02_dnn/08_mnist/runs/final/single_dataset_12x12_n_train_512_60ref_sparse_wide_4rule_lowtv/04_exact_reference_search/selected_reference_pool/split_000/low_tv_spectral_teacher/ref_033/theta.npy,02_dnn/08_mnist/runs/final/single_dataset_12x12_n_train_512_60ref_sparse_wide_4rule_lowtv/01_dataset_prepare/raw_datasets/split_000/low_tv_spectral_teacher/dataset.npz,2700033,adam,2533,0.0,0.08154296875,0.0029658871239107683,1.5185342074423134,0.3881729585478124,11.892307380151863,0.7858998157102899,5.114262208457781,7.521925658515543,7.290867835455877
0,0,low_tv_spectral_teacher,34,02_dnn/08_mnist/runs/final/single_dataset_12x12_n_train_512_60ref_sparse_wide_4rule_lowtv/04_exact_reference_search/selected_reference_pool/split_000/low_tv_spectral_teacher/ref_034/theta.npy,02_dnn/08_mnist/runs/final/single_dataset_12x12_n_train_512_60ref_sparse_wide_4rule_lowtv/01_dataset_prepare/raw_datasets/split_000/low_tv_spectral_teacher/dataset.npz,2700034,adam,2533,0.0,0.08740234375,0.0030422273757080877,1.557620416362541,0.4169138829785525,12.454627827196296,0.5138829893819183,5.1505109981181585,6.882587759536847,6.731808609797907
0,0,low_tv_spectral_teacher,35,02_dnn/08_mnist/runs/final/single_dataset_12x12_n_train_512_60ref_sparse_wide_4rule_lowtv/04_exact_reference_search/selected_reference_pool/split_000/low_tv_spectral_teacher/ref_035/theta.npy,02_dnn/08_mnist/runs/final/single_dataset_12x12_n_train_512_60ref_sparse_wide_4rule_lowtv/01_dataset_prepare/raw_datasets/split_000/low_tv_spectral_teacher/dataset.npz,2700035,adam,2533,0.0,0.08251953125,0.004989492403956126,2.5546201108255366,0.3662493569163986,9.70002492914631,1.0159637730724573,4.037866931004509,6.43746327574692,6.206199746383366
0,0,low_tv_spectral_teacher,36,02_dnn/08_mnist/runs/final/single_dataset_12x12_n_train_512_60ref_sparse_wide_4rule_lowtv/04_exact_reference_search/selected_reference_pool/split_000/low_tv_spectral_teacher/ref_036/theta.npy,02_dnn/08_mnist/runs/final/single_dataset_12x12_n_train_512_60ref_sparse_wide_4rule_lowtv/01_dataset_prepare/raw_datasets/split_000/low_tv_spectral_teacher/dataset.npz,2700036,adam,2533,0.0,0.08837890625,0.00969753927723524,4.965140109944443,0.3342838039236713,9.847713123455549,0.09656256345472652,3.5936158568468324,5.598058814520665,5.41491540999341
0,0,low_tv_spectral_teacher,37,02_dnn/08_mnist/runs/final/single_dataset_12x12_n_train_512_60ref_sparse_wide_4rule_lowtv/04_exact_reference_search/selected_reference_pool/split_000/low_tv_spectral_teacher/ref_037/theta.npy,02_dnn/08_mnist/runs/final/single_dataset_12x12_n_train_512_60ref_sparse_wide_4rule_lowtv/01_dataset_prepare/raw_datasets/split_000/low_tv_spectral_teacher/dataset.npz,2700037,adam,2533,0.0,0.0859375,0.0043653447877579805,2.235056531332086,0.38303148277244115,10.493797175648558,0.6811457924836202,4.112637901714379,6.593244615744,6.470430340762123
0,0,low_tv_spectral_teacher,38,02_dnn/08_mnist/runs/final/single_dataset_12x12_n_train_512_60ref_sparse_wide_4rule_lowtv/04_exact_reference_search/selected_reference_pool/split_000/low_tv_spectral_teacher/ref_038/theta.npy,02_dnn/08_mnist/runs/final/single_dataset_12x12_n_train_512_60ref_sparse_wide_4rule_lowtv/01_dataset_prepare/raw_datasets/split_000/low_tv_spectral_teacher/dataset.npz,2700038,adam,2533,0.0,0.08349609375,0.002713758488006402,1.3894443458592778,0.4427640278870407,11.60213047544724,0.051219118870206914,5.792546870749387,7.699242568803464,7.466082810138917
0,0,low_tv_spectral_teacher,39,02_dnn/08_mnist/runs/final/single_dataset_12x12_n_train_512_60ref_sparse_wide_4rule_lowtv/04_exact_reference_search/selected_reference_pool/split_000/low_tv_spectral_teacher/ref_039/theta.npy,02_dnn/08_mnist/runs/final/single_dataset_12x12_n_train_512_60ref_sparse_wide_4rule_lowtv/01_dataset_prepare/raw_datasets/split_000/low_tv_spectral_teacher/dataset.npz,2700039,adam,2533,0.0,0.083984375,0.006284007632646786,3.2174119079151544,0.3611608602408882,11.453642049974707,0.38189034371532954,3.8177780083116253,7.427524610834998,6.9415795191178
0,0,low_tv_spectral_teacher,40,02_dnn/08_mnist/runs/final/single_dataset_12x12_n_train_512_60ref_sparse_wide_4rule_lowtv/04_exact_reference_search/selected_reference_pool/split_000/low_tv_spectral_teacher/ref_040/theta.npy,02_dnn/08_mnist/runs/final/single_dataset_12x12_n_train_512_60ref_sparse_wide_4rule_lowtv/01_dataset_prepare/raw_datasets/split_000/low_tv_spectral_teacher/dataset.npz,2700040,adam,2533,0.0,0.08056640625,0.006182208456592854,3.165290729775541,0.341663595532289,9.636670992441728,0.7758168093690683,3.529952498049282,6.477653934039596,6.154874076472061
0,0,low_tv_spectral_teacher,41,02_dnn/08_mnist/runs/final/single_dataset_12x12_n_train_512_60ref_sparse_wide_4rule_lowtv/04_exact_reference_search/selected_reference_pool/split_000/low_tv_spectral_teacher/ref_041/theta.npy,02_dnn/08_mnist/runs/final/single_dataset_12x12_n_train_512_60ref_sparse_wide_4rule_lowtv/01_dataset_prepare/raw_datasets/split_000/low_tv_spectral_teacher/dataset.npz,2700041,adam,2533,0.0,0.0849609375,0.0013033762733418589,0.6673286519510317,0.4519309753066013,11.566024608219,1.9859018460801743,5.642181342028617,7.395399549081491,7.3564265883461
0,0,low_tv_spectral_teacher,42,02_dnn/08_mnist/runs/final/single_dataset_12x12_n_train_512_60ref_sparse_wide_4rule_lowtv/04_exact_reference_search/selected_reference_pool/split_000/low_tv_spectral_teacher/ref_042/theta.npy,02_dnn/08_mnist/runs/final/single_dataset_12x12_n_train_512_60ref_sparse_wide_4rule_lowtv/01_dataset_prepare/raw_datasets/split_000/low_tv_spectral_teacher/dataset.npz,2700042,adam,2533,0.0,0.08251953125,0.009153347984075749,4.686514167846783,0.3376538545853972,10.224158287016355,0.14624458142586705,3.461877411750607,6.1919712634821735,5.811968737244527
0,0,low_tv_spectral_teacher,43,02_dnn/08_mnist/runs/final/single_dataset_12x12_n_train_512_60ref_sparse_wide_4rule_lowtv/04_exact_reference_search/selected_reference_pool/split_000/low_tv_spectral_teacher/ref_043/theta.npy,02_dnn/08_mnist/runs/final/single_dataset_12x12_n_train_512_60ref_sparse_wide_4rule_lowtv/01_dataset_prepare/raw_datasets/split_000/low_tv_spectral_teacher/dataset.npz,2700043,adam,2533,0.0,0.08251953125,0.001090866610014674,0.5585237043275131,0.44307353286065304,11.321046213948861,3.2432412137380657,5.525073082091783,7.602142821914681,7.410654559331613
0,0,low_tv_spectral_teacher,44,02_dnn/08_mnist/runs/final/single_dataset_12x12_n_train_512_60ref_sparse_wide_4rule_lowtv/04_exact_reference_search/selected_reference_pool/split_000/low_tv_spectral_teacher/ref_044/theta.npy,02_dnn/08_mnist/runs/final/single_dataset_12x12_n_train_512_60ref_sparse_wide_4rule_lowtv/01_dataset_prepare/raw_datasets/split_000/low_tv_spectral_teacher/dataset.npz,2700044,adam,2533,0.0,0.0859375,0.0031796552951810775,1.6279835111327117,0.38121492657150247,12.491354826702436,2.1798560139764067,4.845229581990371,6.163565658202956,6.219752818291001
0,0,low_tv_spectral_teacher,45,02_dnn/08_mnist/runs/final/single_dataset_12x12_n_train_512_60ref_sparse_wide_4rule_lowtv/04_exact_reference_search/selected_reference_pool/split_000/low_tv_spectral_teacher/ref_045/theta.npy,02_dnn/08_mnist/runs/final/single_dataset_12x12_n_train_512_60ref_sparse_wide_4rule_lowtv/01_dataset_prepare/raw_datasets/split_000/low_tv_spectral_teacher/dataset.npz,2700045,adam,2533,0.0,0.09326171875,0.001579370835234176,0.8086378676398981,0.4779247986418358,10.679391231243757,2.1280753366502134,5.7239272745564085,7.3258953046107385,7.317145332100669
0,0,low_tv_spectral_teacher,46,02_dnn/08_mnist/runs/final/single_dataset_12x12_n_train_512_60ref_sparse_wide_4rule_lowtv/04_exact_reference_search/selected_reference_pool/split_000/low_tv_spectral_teacher/ref_046/theta.npy,02_dnn/08_mnist/runs/final/single_dataset_12x12_n_train_512_60ref_sparse_wide_4rule_lowtv/01_dataset_prepare/raw_datasets/split_000/low_tv_spectral_teacher/dataset.npz,2700046,adam,2533,0.0,0.087890625,0.006121994402467922,3.134461134063576,0.36966839054734935,9.94299249544119,0.759317415820995,4.202608260074437,6.513509255579186,6.212019346102256
0,0,low_tv_spectral_teacher,47,02_dnn/08_mnist/runs/final/single_dataset_12x12_n_train_512_60ref_sparse_wide_4rule_lowtv/04_exact_reference_search/selected_reference_pool/split_000/low_tv_spectral_teacher/ref_047/theta.npy,02_dnn/08_mnist/runs/final/single_dataset_12x12_n_train_512_60ref_sparse_wide_4rule_lowtv/01_dataset_prepare/raw_datasets/split_000/low_tv_spectral_teacher/dataset.npz,2700047,adam,2533,0.0,0.0791015625,0.0013250284623691285,0.6784145727329938,0.4033006188325945,11.63175313095116,2.799337377530958,5.47008765909706,7.395457112879511,7.19452258353682
0,0,low_tv_spectral_teacher,48,02_dnn/08_mnist/runs/final/single_dataset_12x12_n_train_512_60ref_sparse_wide_4rule_lowtv/04_exact_reference_search/selected_reference_pool/split_000/low_tv_spectral_teacher/ref_048/theta.npy,02_dnn/08_mnist/runs/final/single_dataset_12x12_n_train_512_60ref_sparse_wide_4rule_lowtv/01_dataset_prepare/raw_datasets/split_000/low_tv_spectral_teacher/dataset.npz,2700048,adam,2533,0.0,0.087890625,0.003773080231688616,1.9318170786245714,0.4177537217705206,11.056298942573008,0.763195218879755,4.560216815238896,8.178290278299642,7.787317845658356
0,0,low_tv_spectral_teacher,49,02_dnn/08_mnist/runs/final/single_dataset_12x12_n_train_512_60ref_sparse_wide_4rule_lowtv/04_exact_reference_search/selected_reference_pool/split_000/low_tv_spectral_teacher/ref_049/theta.npy,02_dnn/08_mnist/runs/final/single_dataset_12x12_n_train_512_60ref_sparse_wide_4rule_lowtv/01_dataset_prepare/raw_datasets/split_000/low_tv_spectral_teacher/dataset.npz,2700049,adam,2533,0.0,0.0810546875,0.0064349484427564056,3.2946936026912796,0.32929738497749783,11.01134334714706,0.47948972684680546,3.780491569410903,6.410690354271102,6.123786041094922
0,0,low_tv_spectral_teacher,50,02_dnn/08_mnist/runs/final/single_dataset_12x12_n_train_512_60ref_sparse_wide_4rule_lowtv/04_exact_reference_search/selected_reference_pool/split_000/low_tv_spectral_teacher/ref_050/theta.npy,02_dnn/08_mnist/runs/final/single_dataset_12x12_n_train_512_60ref_sparse_wide_4rule_lowtv/01_dataset_prepare/raw_datasets/split_000/low_tv_spectral_teacher/dataset.npz,2700050,adam,2533,0.0,0.0859375,0.007671558526934984,3.9278379657907116,0.3533106860337806,9.883480558275323,0.08673284447116819,3.775430673867783,5.8203474285573815,5.630996882724567
0,0,low_tv_spectral_teacher,51,02_dnn/08_mnist/runs/final/single_dataset_12x12_n_train_512_60ref_sparse_wide_4rule_lowtv/04_exact_reference_search/selected_reference_pool/split_000/low_tv_spectral_teacher/ref_051/theta.npy,02_dnn/08_mnist/runs/final/single_dataset_12x12_n_train_512_60ref_sparse_wide_4rule_lowtv/01_dataset_prepare/raw_datasets/split_000/low_tv_spectral_teacher/dataset.npz,2700051,adam,2533,0.0,0.08447265625,0.003414997434784554,1.7484786866096917,0.3774649073254961,10.21147529225866,2.075508757559091,4.347748305166277,6.68777419524232,6.341940679410454
0,0,low_tv_spectral_teacher,52,02_dnn/08_mnist/runs/final/single_dataset_12x12_n_train_512_60ref_sparse_wide_4rule_lowtv/04_exact_reference_search/selected_reference_pool/split_000/low_tv_spectral_teacher/ref_052/theta.npy,02_dnn/08_mnist/runs/final/single_dataset_12x12_n_train_512_60ref_sparse_wide_4rule_lowtv/01_dataset_prepare/raw_datasets/split_000/low_tv_spectral_teacher/dataset.npz,2700052,adam,2533,0.0,0.0849609375,0.009529687179630472,4.879199835970802,0.3482321160293984,10.454189826058212,0.09084946246751052,3.414599292358568,6.125131911530074,5.780233379853019
0,0,low_tv_spectral_teacher,53,02_dnn/08_mnist/runs/final/single_dataset_12x12_n_train_512_60ref_sparse_wide_4rule_lowtv/04_exact_reference_search/selected_reference_pool/split_000/low_tv_spectral_teacher/ref_053/theta.npy,02_dnn/08_mnist/runs/final/single_dataset_12x12_n_train_512_60ref_sparse_wide_4rule_lowtv/01_dataset_prepare/raw_datasets/split_000/low_tv_spectral_teacher/dataset.npz,2700053,adam,2533,0.0,0.08251953125,0.0014137405479883395,0.7238351605700298,0.42016837976310406,11.647234289567361,2.6451108765045035,5.454295394249965,7.374574877782403,7.304193569397114
0,0,low_tv_spectral_teacher,54,02_dnn/08_mnist/runs/final/single_dataset_12x12_n_train_512_60ref_sparse_wide_4rule_lowtv/04_exact_reference_search/selected_reference_pool/split_000/low_tv_spectral_teacher/ref_054/theta.npy,02_dnn/08_mnist/runs/final/single_dataset_12x12_n_train_512_60ref_sparse_wide_4rule_lowtv/01_dataset_prepare/raw_datasets/split_000/low_tv_spectral_teacher/dataset.npz,2700054,adam,2533,0.0,0.07958984375,0.0018099512406897717,0.9266950352331631,0.39669521383334,12.67252649395542,1.8622999918605565,5.5595880767459285,7.64711861007084,7.522680170850112
0,0,low_tv_spectral_teacher,55,02_dnn/08_mnist/runs/final/single_dataset_12x12_n_train_512_60ref_sparse_wide_4rule_lowtv/04_exact_reference_search/selected_reference_pool/split_000/low_tv_spectral_teacher/ref_055/theta.npy,02_dnn/08_mnist/runs/final/single_dataset_12x12_n_train_512_60ref_sparse_wide_4rule_lowtv/01_dataset_prepare/raw_datasets/split_000/low_tv_spectral_teacher/dataset.npz,2700055,adam,2533,0.0,0.087890625,0.0013026407206170993,0.6669520489559548,0.4577465934776043,10.857596818840394,2.299056355282919,5.526394646380056,7.287812845628169,7.216755233908189
0,0,low_tv_spectral_teacher,56,02_dnn/08_mnist/runs/final/single_dataset_12x12_n_train_512_60ref_sparse_wide_4rule_lowtv/04_exact_reference_search/selected_reference_pool/split_000/low_tv_spectral_teacher/ref_056/theta.npy,02_dnn/08_mnist/runs/final/single_dataset_12x12_n_train_512_60ref_sparse_wide_4rule_lowtv/01_dataset_prepare/raw_datasets/split_000/low_tv_spectral_teacher/dataset.npz,2700056,adam,2533,0.0,0.0859375,0.0011930619310827162,0.6108477087143507,0.44549866588910836,10.4662367244392,3.227765203187901,5.4042131268500695,7.578401655695961,7.4486246211362985
0,0,low_tv_spectral_teacher,57,02_dnn/08_mnist/runs/final/single_dataset_12x12_n_train_512_60ref_sparse_wide_4rule_lowtv/04_exact_reference_search/selected_reference_pool/split_000/low_tv_spectral_teacher/ref_057/theta.npy,02_dnn/08_mnist/runs/final/single_dataset_12x12_n_train_512_60ref_sparse_wide_4rule_lowtv/01_dataset_prepare/raw_datasets/split_000/low_tv_spectral_teacher/dataset.npz,2700057,adam,2533,0.0,0.08251953125,0.0031038948389352466,1.5891941575348463,0.40828874984277896,11.696345398972591,0.21582299458846688,5.203805059526296,7.165099065908201,7.103881292409372
0,0,low_tv_spectral_teacher,58,02_dnn/08_mnist/runs/final/single_dataset_12x12_n_train_512_60ref_sparse_wide_4rule_lowtv/04_exact_reference_search/selected_reference_pool/split_000/low_tv_spectral_teacher/ref_058/theta.npy,02_dnn/08_mnist/runs/final/single_dataset_12x12_n_train_512_60ref_sparse_wide_4rule_lowtv/01_dataset_prepare/raw_datasets/split_000/low_tv_spectral_teacher/dataset.npz,2700058,adam,2533,0.0,0.08544921875,0.009528757362293095,4.878723769494065,0.3596265453573829,10.852289108787984,0.014868042705728945,3.747356497372032,6.237590409464139,6.151745005209415
0,0,low_tv_spectral_teacher,59,02_dnn/08_mnist/runs/final/single_dataset_12x12_n_train_512_60ref_sparse_wide_4rule_lowtv/04_exact_reference_search/selected_reference_pool/split_000/low_tv_spectral_teacher/ref_059/theta.npy,02_dnn/08_mnist/runs/final/single_dataset_12x12_n_train_512_60ref_sparse_wide_4rule_lowtv/01_dataset_prepare/raw_datasets/split_000/low_tv_spectral_teacher/dataset.npz,2700059,adam,2533,0.0,0.08251953125,0.001938292566612268,0.9924057941054812,0.40759156206101677,12.152871293328232,1.073939621730346,5.385033901221822,7.618231737671486,7.37386932370037
1,0,real_even_odd,0,02_dnn/08_mnist/runs/final/single_dataset_12x12_n_train_512_60ref_sparse_wide_4rule_lowtv/04_exact_reference_search/selected_reference_pool/split_000/real_even_odd/ref_000/theta.npy,02_dnn/08_mnist/runs/final/single_dataset_12x12_n_train_512_60ref_sparse_wide_4rule_lowtv/01_dataset_prepare/raw_datasets/split_000/real_even_odd/dataset.npz,2701000,adam,2533,0.0,0.12646484375,0.0023479286820501035,1.202139485209653,0.7246269515825334,13.331225507833064,0.3243278828134404,6.12452721959931,9.351943466279192,8.759919743824383
1,0,real_even_odd,1,02_dnn/08_mnist/runs/final/single_dataset_12x12_n_train_512_60ref_sparse_wide_4rule_lowtv/04_exact_reference_search/selected_reference_pool/split_000/real_even_odd/ref_001/theta.npy,02_dnn/08_mnist/runs/final/single_dataset_12x12_n_train_512_60ref_sparse_wide_4rule_lowtv/01_dataset_prepare/raw_datasets/split_000/real_even_odd/dataset.npz,2701001,adam,2533,0.0,0.1337890625,0.0022308721131499495,1.1422065219327742,0.6742856328253382,13.188285720858499,0.7763143450343394,5.424219863183368,8.121337926381916,7.5869894481672935
1,0,real_even_odd,2,02_dnn/08_mnist/runs/final/single_dataset_12x12_n_train_512_60ref_sparse_wide_4rule_lowtv/04_exact_reference_search/selected_reference_pool/split_000/real_even_odd/ref_002/theta.npy,02_dnn/08_mnist/runs/final/single_dataset_12x12_n_train_512_60ref_sparse_wide_4rule_lowtv/01_dataset_prepare/raw_datasets/split_000/real_even_odd/dataset.npz,2701002,adam,2533,0.0,0.1259765625,0.002419760629498362,1.2389174423031613,0.6702794347946064,13.142977735462805,0.4826940084532596,5.672881935781293,8.10839804517931,7.788297131506253
1,0,real_even_odd,3,02_dnn/08_mnist/runs/final/single_dataset_12x12_n_train_512_60ref_sparse_wide_4rule_lowtv/04_exact_reference_search/selected_reference_pool/split_000/real_even_odd/ref_003/theta.npy,02_dnn/08_mnist/runs/final/single_dataset_12x12_n_train_512_60ref_sparse_wide_4rule_lowtv/01_dataset_prepare/raw_datasets/split_000/real_even_odd/dataset.npz,2701003,adam,2533,0.0,0.13037109375,0.005205956149879396,2.6654495487382506,0.6196904333246682,12.391447546751197,0.5295761906671667,4.2700130432431,8.550269651368414,7.841039009175555
1,0,real_even_odd,4,02_dnn/08_mnist/runs/final/single_dataset_12x12_n_train_512_60ref_sparse_wide_4rule_lowtv/04_exact_reference_search/selected_reference_pool/split_000/real_even_odd/ref_004/theta.npy,02_dnn/08_mnist/runs/final/single_dataset_12x12_n_train_512_60ref_sparse_wide_4rule_lowtv/01_dataset_prepare/raw_datasets/split_000/real_even_odd/dataset.npz,2701004,adam,2533,0.0,0.13671875,0.003646624452420824,1.867071719639462,0.6905931372129805,13.203590468125999,0.1506892425711313,5.124227956543783,9.075134259944619,8.221006789765934
1,0,real_even_odd,5,02_dnn/08_mnist/runs/final/single_dataset_12x12_n_train_512_60ref_sparse_wide_4rule_lowtv/04_exact_reference_search/selected_reference_pool/split_000/real_even_odd/ref_005/theta.npy,02_dnn/08_mnist/runs/final/single_dataset_12x12_n_train_512_60ref_sparse_wide_4rule_lowtv/01_dataset_prepare/raw_datasets/split_000/real_even_odd/dataset.npz,2701005,adam,2533,0.0,0.12841796875,0.0012402882207044894,0.6350275690006986,0.7747655218750364,13.058649947712434,0.9760839512062245,6.274472846256716,8.690660799419762,8.458825516899605
1,0,real_even_odd,6,02_dnn/08_mnist/runs/final/single_dataset_12x12_n_train_512_60ref_sparse_wide_4rule_lowtv/04_exact_reference_search/selected_reference_pool/split_000/real_even_odd/ref_006/theta.npy,02_dnn/08_mnist/runs/final/single_dataset_12x12_n_train_512_60ref_sparse_wide_4rule_lowtv/01_dataset_prepare/raw_datasets/split_000/real_even_odd/dataset.npz,2701006,adam,2533,0.0,0.11962890625,0.002556055260067528,1.3087002931545744,0.7974836688319652,14.576087914008998,0.07022495107699722,6.817752771615666,9.714735224596037,9.861039987750566
1,0,real_even_odd,7,02_dnn/08_mnist/runs/final/single_dataset_12x12_n_train_512_60ref_sparse_wide_4rule_lowtv/04_exact_reference_search/selected_reference_pool/split_000/real_even_odd/ref_007/theta.npy,02_dnn/08_mnist/runs/final/single_dataset_12x12_n_train_512_60ref_sparse_wide_4rule_lowtv/01_dataset_prepare/raw_datasets/split_000/real_even_odd/dataset.npz,2701007,adam,2533,0.0,0.13671875,0.004419767181627992,2.262920796993532,0.6916893873764364,13.046727263557738,0.018343426028067933,4.854662971048058,8.425401913046176,7.751421059035842
1,0,real_even_odd,8,02_dnn/08_mnist/runs/final/single_dataset_12x12_n_train_512_60ref_sparse_wide_4rule_lowtv/04_exact_reference_search/selected_reference_pool/split_000/real_even_odd/ref_008/theta.npy,02_dnn/08_mnist/runs/final/single_dataset_12x12_n_train_512_60ref_sparse_wide_4rule_lowtv/01_dataset_prepare/raw_datasets/split_000/real_even_odd/dataset.npz,2701008,adam,2533,0.0,0.1298828125,0.004056397297073501,2.0768754161016325,0.6301093666450326,12.359171107094722,0.3006030531475572,4.4528878910339085,8.256567680284217,7.650354150121017
1,0,real_even_odd,9,02_dnn/08_mnist/runs/final/single_dataset_12x12_n_train_512_60ref_sparse_wide_4rule_lowtv/04_exact_reference_search/selected_reference_pool/split_000/real_even_odd/ref_009/theta.npy,02_dnn/08_mnist/runs/final/single_dataset_12x12_n_train_512_60ref_sparse_wide_4rule_lowtv/01_dataset_prepare/raw_datasets/split_000/real_even_odd/dataset.npz,2701009,adam,2533,0.0,0.1318359375,0.0027213604478656924,1.3933365493072345,0.6430589821264713,13.25961281003329,0.4529540889430415,5.341840998492309,8.30856044814351,7.870723261270143
1,0,real_even_odd,10,02_dnn/08_mnist/runs/final/single_dataset_12x12_n_train_512_60ref_sparse_wide_4rule_lowtv/04_exact_reference_search/selected_reference_pool/split_000/real_even_odd/ref_010/theta.npy,02_dnn/08_mnist/runs/final/single_dataset_12x12_n_train_512_60ref_sparse_wide_4rule_lowtv/01_dataset_prepare/raw_datasets/split_000/real_even_odd/dataset.npz,2701010,adam,2533,0.0,0.12158203125,0.0037610824612285356,1.9256742201490102,0.608222245279237,12.126842066932623,0.39102914148969714,4.637889589766015,7.86323987356144,7.207955517217735
1,0,real_even_odd,11,02_dnn/08_mnist/runs/final/single_dataset_12x12_n_train_512_60ref_sparse_wide_4rule_lowtv/04_exact_reference_search/selected_reference_pool/split_000/real_even_odd/ref_011/theta.npy,02_dnn/08_mnist/runs/final/single_dataset_12x12_n_train_512_60ref_sparse_wide_4rule_lowtv/01_dataset_prepare/raw_datasets/split_000/real_even_odd/dataset.npz,2701011,adam,2533,0.0,0.13037109375,0.001857167016203904,0.9508695122963988,0.723672750441272,13.382075318384487,0.3408161184626253,6.246067561630131,7.610899966613207,8.111155497132447
1,0,real_even_odd,12,02_dnn/08_mnist/runs/final/single_dataset_12x12_n_train_512_60ref_sparse_wide_4rule_lowtv/04_exact_reference_search/selected_reference_pool/split_000/real_even_odd/ref_012/theta.npy,02_dnn/08_mnist/runs/final/single_dataset_12x12_n_train_512_60ref_sparse_wide_4rule_lowtv/01_dataset_prepare/raw_datasets/split_000/real_even_odd/dataset.npz,2701012,adam,2533,0.0,0.12451171875,0.0013125974172892144,0.6720498776520778,0.7100562143534681,12.938372817120747,1.1081354719381564,5.963656043259915,8.931027959985489,8.417198617427353
1,0,real_even_odd,13,02_dnn/08_mnist/runs/final/single_dataset_12x12_n_train_512_60ref_sparse_wide_4rule_lowtv/04_exact_reference_search/selected_reference_pool/split_000/real_even_odd/ref_013/theta.npy,02_dnn/08_mnist/runs/final/single_dataset_12x12_n_train_512_60ref_sparse_wide_4rule_lowtv/01_dataset_prepare/raw_datasets/split_000/real_even_odd/dataset.npz,2701013,adam,2533,0.0,0.126953125,0.0015929949919875402,0.8156134358976206,0.7262848700868969,13.25103817114115,0.7759512421830608,6.331675696250869,8.429244017654948,8.151501506972458
1,0,real_even_odd,14,02_dnn/08_mnist/runs/final/single_dataset_12x12_n_train_512_60ref_sparse_wide_4rule_lowtv/04_exact_reference_search/selected_reference_pool/split_000/real_even_odd/ref_014/theta.npy,02_dnn/08_mnist/runs/final/single_dataset_12x12_n_train_512_60ref_sparse_wide_4rule_lowtv/01_dataset_prepare/raw_datasets/split_000/real_even_odd/dataset.npz,2701014,adam,2533,0.0,0.134765625,0.006685121287896224,3.4227820994028666,0.6471027124334795,13.194394779596001,0.0124426952814789,4.14085756599379,7.705531444855984,6.955730763247596
1,0,real_even_odd,15,02_dnn/08_mnist/runs/final/single_dataset_12x12_n_train_512_60ref_sparse_wide_4rule_lowtv/04_exact_reference_search/selected_reference_pool/split_000/real_even_odd/ref_015/theta.npy,02_dnn/08_mnist/runs/final/single_dataset_12x12_n_train_512_60ref_sparse_wide_4rule_lowtv/01_dataset_prepare/raw_datasets/split_000/real_even_odd/dataset.npz,2701015,adam,2533,0.0,0.13037109375,0.0018899118077814689,0.9676348455841121,0.7161014199069622,12.72942772120902,0.3133105152797855,6.233902874817151,8.438729288305797,8.250324393612392
1,0,real_even_odd,16,02_dnn/08_mnist/runs/final/single_dataset_12x12_n_train_512_60ref_sparse_wide_4rule_lowtv/04_exact_reference_search/selected_reference_pool/split_000/real_even_odd/ref_016/theta.npy,02_dnn/08_mnist/runs/final/single_dataset_12x12_n_train_512_60ref_sparse_wide_4rule_lowtv/01_dataset_prepare/raw_datasets/split_000/real_even_odd/dataset.npz,2701016,adam,2533,0.0,0.12255859375,0.002556193090216933,1.3087708621910696,0.6613791700051602,13.772329979133632,0.12237493700495017,5.455239397180603,7.727441498593528,7.794717444561274
1,0,real_even_odd,17,02_dnn/08_mnist/runs/final/single_dataset_12x12_n_train_512_60ref_sparse_wide_4rule_lowtv/04_exact_reference_search/selected_reference_pool/split_000/real_even_odd/ref_017/theta.npy,02_dnn/08_mnist/runs/final/single_dataset_12x12_n_train_512_60ref_sparse_wide_4rule_lowtv/01_dataset_prepare/raw_datasets/split_000/real_even_odd/dataset.npz,2701017,adam,2533,0.0,0.138671875,0.003201121066724907,1.6389739861631525,0.710566010648912,12.263604031066635,0.755809840454441,4.921445375383588,8.390882524411568,7.816699331080084
1,0,real_even_odd,18,02_dnn/08_mnist/runs/final/single_dataset_12x12_n_train_512_60ref_sparse_wide_4rule_lowtv/04_exact_reference_search/selected_reference_pool/split_000/real_even_odd/ref_018/theta.npy,02_dnn/08_mnist/runs/final/single_dataset_12x12_n_train_512_60ref_sparse_wide_4rule_lowtv/01_dataset_prepare/raw_datasets/split_000/real_even_odd/dataset.npz,2701018,adam,2533,0.0,0.12841796875,0.0014649481025232809,0.7500534284919198,0.6838562264027149,13.315554243163533,1.5806766409596344,5.741147094651326,8.164705691464833,7.751250254457305
1,0,real_even_odd,19,02_dnn/08_mnist/runs/final/single_dataset_12x12_n_train_512_60ref_sparse_wide_4rule_lowtv/04_exact_reference_search/selected_reference_pool/split_000/real_even_odd/ref_019/theta.npy,02_dnn/08_mnist/runs/final/single_dataset_12x12_n_train_512_60ref_sparse_wide_4rule_lowtv/01_dataset_prepare/raw_datasets/split_000/real_even_odd/dataset.npz,2701019,adam,2533,0.0,0.126953125,0.0054070636623105624,2.768416595103008,0.5718391305807108,12.54157981841938,1.1140509163480317,3.8844139030932365,8.267843201685817,7.4464543255705165
1,0,real_even_odd,20,02_dnn/08_mnist/runs/final/single_dataset_12x12_n_train_512_60ref_sparse_wide_4rule_lowtv/04_exact_reference_search/selected_reference_pool/split_000/real_even_odd/ref_020/theta.npy,02_dnn/08_mnist/runs/final/single_dataset_12x12_n_train_512_60ref_sparse_wide_4rule_lowtv/01_dataset_prepare/raw_datasets/split_000/real_even_odd/dataset.npz,2701020,adam,2533,0.0,0.12841796875,0.002132822761743679,1.0920052540127636,0.8078464193032492,15.726888257985879,0.3115421315557647,6.1492926210501535,6.292625269620746,8.997235254781923
1,0,real_even_odd,21,02_dnn/08_mnist/runs/final/single_dataset_12x12_n_train_512_60ref_sparse_wide_4rule_lowtv/04_exact_reference_search/selected_reference_pool/split_000/real_even_odd/ref_021/theta.npy,02_dnn/08_mnist/runs/final/single_dataset_12x12_n_train_512_60ref_sparse_wide_4rule_lowtv/01_dataset_prepare/raw_datasets/split_000/real_even_odd/dataset.npz,2701021,adam,2533,0.0,0.1279296875,0.000768009142881023,0.3932206811550838,0.7440033685706691,12.857011729069132,2.23778324967254,6.285763701684972,8.957451182485471,8.464612479047606
1,0,real_even_odd,22,02_dnn/08_mnist/runs/final/single_dataset_12x12_n_train_512_60ref_sparse_wide_4rule_lowtv/04_exact_reference_search/selected_reference_pool/split_000/real_even_odd/ref_022/theta.npy,02_dnn/08_mnist/runs/final/single_dataset_12x12_n_train_512_60ref_sparse_wide_4rule_lowtv/01_dataset_prepare/raw_datasets/split_000/real_even_odd/dataset.npz,2701022,adam,2533,0.0,0.1279296875,0.001919378414018644,0.9827217479775457,0.6726186269486787,13.822686085563943,0.7393644819025642,5.480006432890359,9.251291562695895,8.59971506451081
1,0,real_even_odd,23,02_dnn/08_mnist/runs/final/single_dataset_12x12_n_train_512_60ref_sparse_wide_4rule_lowtv/04_exact_reference_search/selected_reference_pool/split_000/real_even_odd/ref_023/theta.npy,02_dnn/08_mnist/runs/final/single_dataset_12x12_n_train_512_60ref_sparse_wide_4rule_lowtv/01_dataset_prepare/raw_datasets/split_000/real_even_odd/dataset.npz,2701023,adam,2533,0.0,0.1357421875,0.0018247899818761865,0.9342924707206075,0.7845191275553867,13.707943560624143,0.07728972182838656,6.241792873782439,8.434295565629094,8.336646567863887
1,0,real_even_odd,24,02_dnn/08_mnist/runs/final/single_dataset_12x12_n_train_512_60ref_sparse_wide_4rule_lowtv/04_exact_reference_search/selected_reference_pool/split_000/real_even_odd/ref_024/theta.npy,02_dnn/08_mnist/runs/final/single_dataset_12x12_n_train_512_60ref_sparse_wide_4rule_lowtv/01_dataset_prepare/raw_datasets/split_000/real_even_odd/dataset.npz,2701024,adam,2533,0.0,0.13037109375,0.0016222630101668262,0.830598661205415,0.7193888684708682,14.177047519721267,0.46231144608573005,6.217638289884599,9.289330106671464,8.814786954443557
1,0,real_even_odd,25,02_dnn/08_mnist/runs/final/single_dataset_12x12_n_train_512_60ref_sparse_wide_4rule_lowtv/04_exact_reference_search/selected_reference_pool/split_000/real_even_odd/ref_025/theta.npy,02_dnn/08_mnist/runs/final/single_dataset_12x12_n_train_512_60ref_sparse_wide_4rule_lowtv/01_dataset_prepare/raw_datasets/split_000/real_even_odd/dataset.npz,2701025,adam,2533,0.0,0.1298828125,0.0017248501393691664,0.8831232713570132,0.6993616744590763,13.413462940699315,0.45708600345707984,6.3096111154282974,7.332764986423888,7.87990881639494
1,0,real_even_odd,26,02_dnn/08_mnist/runs/final/single_dataset_12x12_n_train_512_60ref_sparse_wide_4rule_lowtv/04_exact_reference_search/selected_reference_pool/split_000/real_even_odd/ref_026/theta.npy,02_dnn/08_mnist/runs/final/single_dataset_12x12_n_train_512_60ref_sparse_wide_4rule_lowtv/01_dataset_prepare/raw_datasets/split_000/real_even_odd/dataset.npz,2701026,adam,2533,0.0,0.126953125,0.0031056695157940864,1.5901027920865722,0.6646040054565887,12.762991669367768,0.36970423292712695,4.984124060235327,7.652721141174395,7.356664174086985
1,0,real_even_odd,27,02_dnn/08_mnist/runs/final/single_dataset_12x12_n_train_512_60ref_sparse_wide_4rule_lowtv/04_exact_reference_search/selected_reference_pool/split_000/real_even_odd/ref_027/theta.npy,02_dnn/08_mnist/runs/final/single_dataset_12x12_n_train_512_60ref_sparse_wide_4rule_lowtv/01_dataset_prepare/raw_datasets/split_000/real_even_odd/dataset.npz,2701027,adam,2533,0.0,0.13037109375,0.002211269970720401,1.1321702250088452,0.7087880362816763,13.315576337290011,0.14975788192654255,5.728548583131734,8.312753140751287,7.973911466436679
1,0,real_even_odd,28,02_dnn/08_mnist/runs/final/single_dataset_12x12_n_train_512_60ref_sparse_wide_4rule_lowtv/04_exact_reference_search/selected_reference_pool/split_000/real_even_odd/ref_028/theta.npy,02_dnn/08_mnist/runs/final/single_dataset_12x12_n_train_512_60ref_sparse_wide_4rule_lowtv/01_dataset_prepare/raw_datasets/split_000/real_even_odd/dataset.npz,2701028,adam,2533,0.0,0.130859375,0.0015400414325641653,0.7885012134728526,0.7443621738248569,13.929959351131508,0.5000746712596662,6.114036933365072,8.78719891321482,8.469243414942483
1,0,real_even_odd,29,02_dnn/08_mnist/runs/final/single_dataset_12x12_n_train_512_60ref_sparse_wide_4rule_lowtv/04_exact_reference_search/selected_reference_pool/split_000/real_even_odd/ref_029/theta.npy,02_dnn/08_mnist/runs/final/single_dataset_12x12_n_train_512_60ref_sparse_wide_4rule_lowtv/01_dataset_prepare/raw_datasets/split_000/real_even_odd/dataset.npz,2701029,adam,2533,0.0,0.134765625,0.002727207451962861,1.3963302154049848,0.7101751721153726,13.456319848067057,0.5464101122062106,5.178368535458633,8.27366151835513,7.65651095391119
1,0,real_even_odd,30,02_dnn/08_mnist/runs/final/single_dataset_12x12_n_train_512_60ref_sparse_wide_4rule_lowtv/04_exact_reference_search/selected_reference_pool/split_000/real_even_odd/ref_030/theta.npy,02_dnn/08_mnist/runs/final/single_dataset_12x12_n_train_512_60ref_sparse_wide_4rule_lowtv/01_dataset_prepare/raw_datasets/split_000/real_even_odd/dataset.npz,2701030,adam,2533,0.0,0.1337890625,0.001256780966054273,0.6434718546197877,0.8031080782386072,16.155903852370557,0.6893893732977896,7.202874903336305,7.5959067959934075,8.491054906725191
1,0,real_even_odd,31,02_dnn/08_mnist/runs/final/single_dataset_12x12_n_train_512_60ref_sparse_wide_4rule_lowtv/04_exact_reference_search/selected_reference_pool/split_000/real_even_odd/ref_031/theta.npy,02_dnn/08_mnist/runs/final/single_dataset_12x12_n_train_512_60ref_sparse_wide_4rule_lowtv/01_dataset_prepare/raw_datasets/split_000/real_even_odd/dataset.npz,2701031,adam,2533,0.0,0.12548828125,0.0023399070102013745,1.1980323892231037,0.655236919151966,12.735714688090761,1.5183610756852948,5.157844504088161,8.545814086940847,7.91485904913378
1,0,real_even_odd,32,02_dnn/08_mnist/runs/final/single_dataset_12x12_n_train_512_60ref_sparse_wide_4rule_lowtv/04_exact_reference_search/selected_reference_pool/split_000/real_even_odd/ref_032/theta.npy,02_dnn/08_mnist/runs/final/single_dataset_12x12_n_train_512_60ref_sparse_wide_4rule_lowtv/01_dataset_prepare/raw_datasets/split_000/real_even_odd/dataset.npz,2701032,adam,2533,0.0,0.13525390625,0.0031151206559308477,1.594941775836594,0.8531190873125785,14.883888900703969,0.0008565689600930071,7.571202884018394,9.107756463698422,9.649958776134037
1,0,real_even_odd,33,02_dnn/08_mnist/runs/final/single_dataset_12x12_n_train_512_60ref_sparse_wide_4rule_lowtv/04_exact_reference_search/selected_reference_pool/split_000/real_even_odd/ref_033/theta.npy,02_dnn/08_mnist/runs/final/single_dataset_12x12_n_train_512_60ref_sparse_wide_4rule_lowtv/01_dataset_prepare/raw_datasets/split_000/real_even_odd/dataset.npz,2701033,adam,2533,0.0,0.13134765625,0.00428508050880457,2.1939612205079397,0.6573898443623588,12.745049765034034,1.0992393401790583,4.379819574535065,8.051404070457014,7.297487442971205
1,0,real_even_odd,34,02_dnn/08_mnist/runs/final/single_dataset_12x12_n_train_512_60ref_sparse_wide_4rule_lowtv/04_exact_reference_search/selected_reference_pool/split_000/real_even_odd/ref_034/theta.npy,02_dnn/08_mnist/runs/final/single_dataset_12x12_n_train_512_60ref_sparse_wide_4rule_lowtv/01_dataset_prepare/raw_datasets/split_000/real_even_odd/dataset.npz,2701034,adam,2533,0.0,0.13232421875,0.008508181058105337,4.356188701749932,0.5867862623445884,12.637088206383305,0.1425734858486693,3.7839296620121337,7.482926562193191,6.804025205041356
1,0,real_even_odd,35,02_dnn/08_mnist/runs/final/single_dataset_12x12_n_train_512_60ref_sparse_wide_4rule_lowtv/04_exact_reference_search/selected_reference_pool/split_000/real_even_odd/ref_035/theta.npy,02_dnn/08_mnist/runs/final/single_dataset_12x12_n_train_512_60ref_sparse_wide_4rule_lowtv/01_dataset_prepare/raw_datasets/split_000/real_even_odd/dataset.npz,2701035,adam,2533,0.0,0.13037109375,0.0022034126579003853,1.1281472808449973,0.6599571996909434,12.46525429117869,1.3328475242174178,5.084387659215973,7.604324443089922,7.280081308779382
1,0,real_even_odd,36,02_dnn/08_mnist/runs/final/single_dataset_12x12_n_train_512_60ref_sparse_wide_4rule_lowtv/04_exact_reference_search/selected_reference_pool/split_000/real_even_odd/ref_036/theta.npy,02_dnn/08_mnist/runs/final/single_dataset_12x12_n_train_512_60ref_sparse_wide_4rule_lowtv/01_dataset_prepare/raw_datasets/split_000/real_even_odd/dataset.npz,2701036,adam,2533,0.0,0.1328125,0.0036770537096845117,1.88265149935847,0.6542884515035966,12.887086750159579,0.9365184248408062,5.155949949189762,7.789474137363286,7.420039506740901
1,0,real_even_odd,37,02_dnn/08_mnist/runs/final/single_dataset_12x12_n_train_512_60ref_sparse_wide_4rule_lowtv/04_exact_reference_search/selected_reference_pool/split_000/real_even_odd/ref_037/theta.npy,02_dnn/08_mnist/runs/final/single_dataset_12x12_n_train_512_60ref_sparse_wide_4rule_lowtv/01_dataset_prepare/raw_datasets/split_000/real_even_odd/dataset.npz,2701037,adam,2533,0.0,0.11865234375,0.0024716807066175817,1.2655005217882018,0.657663363309249,13.96251746365687,0.04362920208791865,5.283523358308973,7.256408601927893,7.654841805987104
1,0,real_even_odd,38,02_dnn/08_mnist/runs/final/single_dataset_12x12_n_train_512_60ref_sparse_wide_4rule_lowtv/04_exact_reference_search/selected_reference_pool/split_000/real_even_odd/ref_038/theta.npy,02_dnn/08_mnist/runs/final/single_dataset_12x12_n_train_512_60ref_sparse_wide_4rule_lowtv/01_dataset_prepare/raw_datasets/split_000/real_even_odd/dataset.npz,2701038,adam,2533,0.0,0.13232421875,0.0021943314726012462,1.123497713971838,0.7394868228627649,13.888563194639243,0.1576617178337727,5.804482721939101,7.863224392903227,7.944417783781358
1,0,real_even_odd,39,02_dnn/08_mnist/runs/final/single_dataset_12x12_n_train_512_60ref_sparse_wide_4rule_lowtv/04_exact_reference_search/selected_reference_pool/split_000/real_even_odd/ref_039/theta.npy,02_dnn/08_mnist/runs/final/single_dataset_12x12_n_train_512_60ref_sparse_wide_4rule_lowtv/01_dataset_prepare/raw_datasets/split_000/real_even_odd/dataset.npz,2701039,adam,2533,0.0,0.12158203125,0.0015905986819031996,0.8143865251344382,0.7332927094458066,14.425123480806326,0.5525676250745948,5.899696440969492,8.708783379119524,8.58006441037858
1,0,real_even_odd,40,02_dnn/08_mnist/runs/final/single_dataset_12x12_n_train_512_60ref_sparse_wide_4rule_lowtv/04_exact_reference_search/selected_reference_pool/split_000/real_even_odd/ref_040/theta.npy,02_dnn/08_mnist/runs/final/single_dataset_12x12_n_train_512_60ref_sparse_wide_4rule_lowtv/01_dataset_prepare/raw_datasets/split_000/real_even_odd/dataset.npz,2701040,adam,2533,0.0,0.12548828125,0.0022739016399935135,1.164237639676679,0.6697763865262937,13.459806934425155,0.03716052486703525,5.900334447101215,7.025941431398289,7.4526474648259295
1,0,real_even_odd,41,02_dnn/08_mnist/runs/final/single_dataset_12x12_n_train_512_60ref_sparse_wide_4rule_lowtv/04_exact_reference_search/selected_reference_pool/split_000/real_even_odd/ref_041/theta.npy,02_dnn/08_mnist/runs/final/single_dataset_12x12_n_train_512_60ref_sparse_wide_4rule_lowtv/01_dataset_prepare/raw_datasets/split_000/real_even_odd/dataset.npz,2701041,adam,2533,0.0,0.125,0.0018657736531860463,0.9552761104312557,0.6980037340599947,13.30704237233662,0.37491097251459005,6.67367486505925,7.840517159713638,8.016175099947773
1,0,real_even_odd,42,02_dnn/08_mnist/runs/final/single_dataset_12x12_n_train_512_60ref_sparse_wide_4rule_lowtv/04_exact_reference_search/selected_reference_pool/split_000/real_even_odd/ref_042/theta.npy,02_dnn/08_mnist/runs/final/single_dataset_12x12_n_train_512_60ref_sparse_wide_4rule_lowtv/01_dataset_prepare/raw_datasets/split_000/real_even_odd/dataset.npz,2701042,adam,2533,0.0,0.12451171875,0.0018958891343615052,0.9706952367930907,0.6949712991102168,15.341280227809873,0.3983201730382735,5.945920388316103,7.2041698194856245,8.369626290127497
1,0,real_even_odd,43,02_dnn/08_mnist/runs/final/single_dataset_12x12_n_train_512_60ref_sparse_wide_4rule_lowtv/04_exact_reference_search/selected_reference_pool/split_000/real_even_odd/ref_043/theta.npy,02_dnn/08_mnist/runs/final/single_dataset_12x12_n_train_512_60ref_sparse_wide_4rule_lowtv/01_dataset_prepare/raw_datasets/split_000/real_even_odd/dataset.npz,2701043,adam,2533,0.0,0.13232421875,0.001996090035655455,1.021998098255593,0.6518199766783337,13.644274848487253,1.3204247247804963,5.135554965453773,7.651085586729593,7.237118829702303
1,0,real_even_odd,44,02_dnn/08_mnist/runs/final/single_dataset_12x12_n_train_512_60ref_sparse_wide_4rule_lowtv/04_exact_reference_search/selected_reference_pool/split_000/real_even_odd/ref_044/theta.npy,02_dnn/08_mnist/runs/final/single_dataset_12x12_n_train_512_60ref_sparse_wide_4rule_lowtv/01_dataset_prepare/raw_datasets/split_000/real_even_odd/dataset.npz,2701044,adam,2533,0.0,0.12646484375,0.0023021808387098616,1.1787165894194491,0.6345475404707793,13.806538734382777,0.8783479543731836,5.0964537031042445,8.733275313889774,8.095734280417105
1,0,real_even_odd,45,02_dnn/08_mnist/runs/final/single_dataset_12x12_n_train_512_60ref_sparse_wide_4rule_lowtv/04_exact_reference_search/selected_reference_pool/split_000/real_even_odd/ref_045/theta.npy,02_dnn/08_mnist/runs/final/single_dataset_12x12_n_train_512_60ref_sparse_wide_4rule_lowtv/01_dataset_prepare/raw_datasets/split_000/real_even_odd/dataset.npz,2701045,adam,2533,0.0,0.12646484375,0.0012106468274080606,0.619851175632927,0.7464451373465011,13.817963943977391,1.0933040155505176,6.399156727596832,7.362565348796084,8.269695171005203
1,0,real_even_odd,46,02_dnn/08_mnist/runs/final/single_dataset_12x12_n_train_512_60ref_sparse_wide_4rule_lowtv/04_exact_reference_search/selected_reference_pool/split_000/real_even_odd/ref_046/theta.npy,02_dnn/08_mnist/runs/final/single_dataset_12x12_n_train_512_60ref_sparse_wide_4rule_lowtv/01_dataset_prepare/raw_datasets/split_000/real_even_odd/dataset.npz,2701046,adam,2533,0.0,0.1201171875,0.0023832999089018455,1.2202495533577449,0.6782444760183675,13.059284609236686,1.171388185182096,5.382991911369285,8.783196232600815,8.0969151012823
1,0,real_even_odd,47,02_dnn/08_mnist/runs/final/single_dataset_12x12_n_train_512_60ref_sparse_wide_4rule_lowtv/04_exact_reference_search/selected_reference_pool/split_000/real_even_odd/ref_047/theta.npy,02_dnn/08_mnist/runs/final/single_dataset_12x12_n_train_512_60ref_sparse_wide_4rule_lowtv/01_dataset_prepare/raw_datasets/split_000/real_even_odd/dataset.npz,2701047,adam,2533,0.0,0.123046875,0.0027831030559818904,1.424948764662728,0.6515961195930131,13.753450073361696,0.23505436794946866,5.3429769517538155,8.548642960014003,7.997827815566364
1,0,real_even_odd,48,02_dnn/08_mnist/runs/final/single_dataset_12x12_n_train_512_60ref_sparse_wide_4rule_lowtv/04_exact_reference_search/selected_reference_pool/split_000/real_even_odd/ref_048/theta.npy,02_dnn/08_mnist/runs/final/single_dataset_12x12_n_train_512_60ref_sparse_wide_4rule_lowtv/01_dataset_prepare/raw_datasets/split_000/real_even_odd/dataset.npz,2701048,adam,2533,0.0,0.123046875,0.0022664925578067124,1.1604441895970368,0.6918569830271073,14.489550635680532,0.013700327970433968,6.0371828097531,7.0990804575441135,7.920106229938481
1,0,real_even_odd,49,02_dnn/08_mnist/runs/final/single_dataset_12x12_n_train_512_60ref_sparse_wide_4rule_lowtv/04_exact_reference_search/selected_reference_pool/split_000/real_even_odd/ref_049/theta.npy,02_dnn/08_mnist/runs/final/single_dataset_12x12_n_train_512_60ref_sparse_wide_4rule_lowtv/01_dataset_prepare/raw_datasets/split_000/real_even_odd/dataset.npz,2701049,adam,2533,0.0,0.12646484375,0.0050378662442888906,2.579387517075912,0.6226661219595649,14.787955157684403,0.15451056296771926,5.120263412843091,8.63597216809358,8.069965931076467
1,0,real_even_odd,50,02_dnn/08_mnist/runs/final/single_dataset_12x12_n_train_512_60ref_sparse_wide_4rule_lowtv/04_exact_reference_search/selected_reference_pool/split_000/real_even_odd/ref_050/theta.npy,02_dnn/08_mnist/runs/final/single_dataset_12x12_n_train_512_60ref_sparse_wide_4rule_lowtv/01_dataset_prepare/raw_datasets/split_000/real_even_odd/dataset.npz,2701050,adam,2533,0.0,0.1259765625,0.0027760737142184283,1.4213497416798353,0.6188877367578591,12.508145831378101,0.9356630506989456,4.884499980944574,7.613405147792193,7.200158792997859
1,0,real_even_odd,51,02_dnn/08_mnist/runs/final/single_dataset_12x12_n_train_512_60ref_sparse_wide_4rule_lowtv/04_exact_reference_search/selected_reference_pool/split_000/real_even_odd/ref_051/theta.npy,02_dnn/08_mnist/runs/final/single_dataset_12x12_n_train_512_60ref_sparse_wide_4rule_lowtv/01_dataset_prepare/raw_datasets/split_000/real_even_odd/dataset.npz,2701051,adam,2533,0.0,0.1298828125,0.00123469044959221,0.6321615101912115,0.7125040645562104,13.172129977340209,1.5066721745351535,5.847401624820908,8.733117272324872,8.199035234051376
1,0,real_even_odd,52,02_dnn/08_mnist/runs/final/single_dataset_12x12_n_train_512_60ref_sparse_wide_4rule_lowtv/04_exact_reference_search/selected_reference_pool/split_000/real_even_odd/ref_052/theta.npy,02_dnn/08_mnist/runs/final/single_dataset_12x12_n_train_512_60ref_sparse_wide_4rule_lowtv/01_dataset_prepare/raw_datasets/split_000/real_even_odd/dataset.npz,2701052,adam,2533,0.0,0.1357421875,0.001959987705340948,1.0035137051345653,0.7679835008998022,13.159677902952089,0.6086179951729336,5.780837512983459,8.794022422600676,8.21852751408746
1,0,real_even_odd,53,02_dnn/08_mnist/runs/final/single_dataset_12x12_n_train_512_60ref_sparse_wide_4rule_lowtv/04_exact_reference_search/selected_reference_pool/split_000/real_even_odd/ref_053/theta.npy,02_dnn/08_mnist/runs/final/single_dataset_12x12_n_train_512_60ref_sparse_wide_4rule_lowtv/01_dataset_prepare/raw_datasets/split_000/real_even_odd/dataset.npz,2701053,adam,2533,0.0,0.123046875,0.0026848512788511317,1.3746438547717794,0.6687172918425706,13.614951513997402,0.5721933180395502,5.082423092027728,8.50943671422334,7.82622146188534
1,0,real_even_odd,54,02_dnn/08_mnist/runs/final/single_dataset_12x12_n_train_512_60ref_sparse_wide_4rule_lowtv/04_exact_reference_search/selected_reference_pool/split_000/real_even_odd/ref_054/theta.npy,02_dnn/08_mnist/runs/final/single_dataset_12x12_n_train_512_60ref_sparse_wide_4rule_lowtv/01_dataset_prepare/raw_datasets/split_000/real_even_odd/dataset.npz,2701054,adam,2533,0.0,0.1279296875,0.001143676296937075,0.5855622640317824,0.6994090481380126,13.510898140991507,1.3257859616810397,6.173843476861866,8.881507934728468,8.311809585286305
1,0,real_even_odd,55,02_dnn/08_mnist/runs/final/single_dataset_12x12_n_train_512_60ref_sparse_wide_4rule_lowtv/04_exact_reference_search/selected_reference_pool/split_000/real_even_odd/ref_055/theta.npy,02_dnn/08_mnist/runs/final/single_dataset_12x12_n_train_512_60ref_sparse_wide_4rule_lowtv/01_dataset_prepare/raw_datasets/split_000/real_even_odd/dataset.npz,2701055,adam,2533,0.0,0.1318359375,0.0016776809144063566,0.8589726281760546,0.7403877063927155,13.650023208024956,0.664005628286007,6.066197197213396,7.019800825828666,7.887707826028787
1,0,real_even_odd,56,02_dnn/08_mnist/runs/final/single_dataset_12x12_n_train_512_60ref_sparse_wide_4rule_lowtv/04_exact_reference_search/selected_reference_pool/split_000/real_even_odd/ref_056/theta.npy,02_dnn/08_mnist/runs/final/single_dataset_12x12_n_train_512_60ref_sparse_wide_4rule_lowtv/01_dataset_prepare/raw_datasets/split_000/real_even_odd/dataset.npz,2701056,adam,2533,0.0,0.13525390625,0.002193716965580046,1.1231830863769836,0.7041862876177312,12.517349336304754,0.2853792738707327,5.460642115935675,8.600193963110915,7.994659790307921
1,0,real_even_odd,57,02_dnn/08_mnist/runs/final/single_dataset_12x12_n_train_512_60ref_sparse_wide_4rule_lowtv/04_exact_reference_search/selected_reference_pool/split_000/real_even_odd/ref_057/theta.npy,02_dnn/08_mnist/runs/final/single_dataset_12x12_n_train_512_60ref_sparse_wide_4rule_lowtv/01_dataset_prepare/raw_datasets/split_000/real_even_odd/dataset.npz,2701057,adam,2533,0.0,0.1279296875,0.0031296698038482547,1.6023909395703064,0.7376208265183161,12.755254213311842,0.19281319072563985,5.532636445321925,9.533593649949804,8.741405946486832
1,0,real_even_odd,58,02_dnn/08_mnist/runs/final/single_dataset_12x12_n_train_512_60ref_sparse_wide_4rule_lowtv/04_exact_reference_search/selected_reference_pool/split_000/real_even_odd/ref_058/theta.npy,02_dnn/08_mnist/runs/final/single_dataset_12x12_n_train_512_60ref_sparse_wide_4rule_lowtv/01_dataset_prepare/raw_datasets/split_000/real_even_odd/dataset.npz,2701058,adam,2533,0.0,0.1240234375,0.0038688712496253,1.9808620798081535,0.6682395406790429,12.535036361353558,0.31643471426178893,4.578333597015947,8.83548979802016,7.950353679368973
1,0,real_even_odd,59,02_dnn/08_mnist/runs/final/single_dataset_12x12_n_train_512_60ref_sparse_wide_4rule_lowtv/04_exact_reference_search/selected_reference_pool/split_000/real_even_odd/ref_059/theta.npy,02_dnn/08_mnist/runs/final/single_dataset_12x12_n_train_512_60ref_sparse_wide_4rule_lowtv/01_dataset_prepare/raw_datasets/split_000/real_even_odd/dataset.npz,2701059,adam,2533,0.0,0.12841796875,0.002143268018244675,1.0973532253412737,0.6273165354900306,13.406239700221912,1.8014136153969875,5.221293433930521,8.044147045900715,7.5444242851531
2,0,teacher_nn,0,02_dnn/08_mnist/runs/final/single_dataset_12x12_n_train_512_60ref_sparse_wide_4rule_lowtv/04_exact_reference_search/selected_reference_pool/split_000/teacher_nn/ref_000/theta.npy,02_dnn/08_mnist/runs/final/single_dataset_12x12_n_train_512_60ref_sparse_wide_4rule_lowtv/01_dataset_prepare/raw_datasets/split_000/teacher_nn/dataset.npz,2702000,adam,2533,0.0,0.103515625,0.000919803609244656,0.47093944793326387,0.4938824183050836,11.438217666629573,3.411396912063339,5.479994380748315,8.38673041320753,8.030607516536636
2,0,teacher_nn,1,02_dnn/08_mnist/runs/final/single_dataset_12x12_n_train_512_60ref_sparse_wide_4rule_lowtv/04_exact_reference_search/selected_reference_pool/split_000/teacher_nn/ref_001/theta.npy,02_dnn/08_mnist/runs/final/single_dataset_12x12_n_train_512_60ref_sparse_wide_4rule_lowtv/01_dataset_prepare/raw_datasets/split_000/teacher_nn/dataset.npz,2702001,adam,2533,0.0,0.1171875,0.0005323184895517888,0.27254706665051587,0.5828776126268307,11.880859967036722,3.660984225967813,6.278205689358502,9.329320095259847,8.809215000904594
2,0,teacher_nn,2,02_dnn/08_mnist/runs/final/single_dataset_12x12_n_train_512_60ref_sparse_wide_4rule_lowtv/04_exact_reference_search/selected_reference_pool/split_000/teacher_nn/ref_002/theta.npy,02_dnn/08_mnist/runs/final/single_dataset_12x12_n_train_512_60ref_sparse_wide_4rule_lowtv/01_dataset_prepare/raw_datasets/split_000/teacher_nn/dataset.npz,2702002,adam,2533,0.0,0.11376953125,0.0014548047664014576,0.7448600403975463,0.5287911528026216,11.792606636947182,1.8854571041475483,5.513371461199051,7.907301766143241,7.519211927392313
2,0,teacher_nn,3,02_dnn/08_mnist/runs/final/single_dataset_12x12_n_train_512_60ref_sparse_wide_4rule_lowtv/04_exact_reference_search/selected_reference_pool/split_000/teacher_nn/ref_003/theta.npy,02_dnn/08_mnist/runs/final/single_dataset_12x12_n_train_512_60ref_sparse_wide_4rule_lowtv/01_dataset_prepare/raw_datasets/split_000/teacher_nn/dataset.npz,2702003,adam,2533,0.0,0.12744140625,0.0014907828489870594,0.7632808186813744,0.5516874045736231,12.549528292126466,2.4118680439651903,5.161019298347442,8.164358618916872,7.664089359995438
2,0,teacher_nn,4,02_dnn/08_mnist/runs/final/single_dataset_12x12_n_train_512_60ref_sparse_wide_4rule_lowtv/04_exact_reference_search/selected_reference_pool/split_000/teacher_nn/ref_004/theta.npy,02_dnn/08_mnist/runs/final/single_dataset_12x12_n_train_512_60ref_sparse_wide_4rule_lowtv/01_dataset_prepare/raw_datasets/split_000/teacher_nn/dataset.npz,2702004,adam,2533,0.0,0.126953125,0.0031063777043082775,1.590465384605838,0.5418696883430433,13.088532805242933,1.983254241739921,4.670745135626889,8.183882075726764,7.659953311001372
2,0,teacher_nn,5,02_dnn/08_mnist/runs/final/single_dataset_12x12_n_train_512_60ref_sparse_wide_4rule_lowtv/04_exact_reference_search/selected_reference_pool/split_000/teacher_nn/ref_005/theta.npy,02_dnn/08_mnist/runs/final/single_dataset_12x12_n_train_512_60ref_sparse_wide_4rule_lowtv/01_dataset_prepare/raw_datasets/split_000/teacher_nn/dataset.npz,2702005,adam,2533,0.0,0.109375,0.0011681902110958708,0.5981133880810858,0.488363457198566,11.97447827578756,3.4967089366807627,5.631811094607577,7.360377590155833,7.263151288257271
2,0,teacher_nn,6,02_dnn/08_mnist/runs/final/single_dataset_12x12_n_train_512_60ref_sparse_wide_4rule_lowtv/04_exact_reference_search/selected_reference_pool/split_000/teacher_nn/ref_006/theta.npy,02_dnn/08_mnist/runs/final/single_dataset_12x12_n_train_512_60ref_sparse_wide_4rule_lowtv/01_dataset_prepare/raw_datasets/split_000/teacher_nn/dataset.npz,2702006,adam,2533,0.0,0.1123046875,0.0018752473348674318,0.9601266354521251,0.518978490060666,11.894250031019098,2.6402717677122918,4.975164698062557,7.186901156096505,7.038074385072764
2,0,teacher_nn,7,02_dnn/08_mnist/runs/final/single_dataset_12x12_n_train_512_60ref_sparse_wide_4rule_lowtv/04_exact_reference_search/selected_reference_pool/split_000/teacher_nn/ref_007/theta.npy,02_dnn/08_mnist/runs/final/single_dataset_12x12_n_train_512_60ref_sparse_wide_4rule_lowtv/01_dataset_prepare/raw_datasets/split_000/teacher_nn/dataset.npz,2702007,adam,2533,0.0,0.11474609375,0.0017177075201859275,0.8794662503351949,0.5298879566459334,13.020123856547222,1.7859919748427773,5.855653637531419,8.24825853580908,7.844545106762558
2,0,teacher_nn,8,02_dnn/08_mnist/runs/final/single_dataset_12x12_n_train_512_60ref_sparse_wide_4rule_lowtv/04_exact_reference_search/selected_reference_pool/split_000/teacher_nn/ref_008/theta.npy,02_dnn/08_mnist/runs/final/single_dataset_12x12_n_train_512_60ref_sparse_wide_4rule_lowtv/01_dataset_prepare/raw_datasets/split_000/teacher_nn/dataset.npz,2702008,adam,2533,0.0,0.11767578125,0.0031779863049305216,1.627128988124427,0.5086650890778129,12.301306682185187,0.717264925253434,4.245259515729235,8.708360710185561,8.057456600131609
2,0,teacher_nn,9,02_dnn/08_mnist/runs/final/single_dataset_12x12_n_train_512_60ref_sparse_wide_4rule_lowtv/04_exact_reference_search/selected_reference_pool/split_000/teacher_nn/ref_009/theta.npy,02_dnn/08_mnist/runs/final/single_dataset_12x12_n_train_512_60ref_sparse_wide_4rule_lowtv/01_dataset_prepare/raw_datasets/split_000/teacher_nn/dataset.npz,2702009,adam,2533,0.0,0.1220703125,0.0008789736657995814,0.45003451688938567,0.6169380199912595,12.853915693605966,3.218710248850732,5.269333513035428,9.574960692342293,8.804556043868601
2,0,teacher_nn,10,02_dnn/08_mnist/runs/final/single_dataset_12x12_n_train_512_60ref_sparse_wide_4rule_lowtv/04_exact_reference_search/selected_reference_pool/split_000/teacher_nn/ref_010/theta.npy,02_dnn/08_mnist/runs/final/single_dataset_12x12_n_train_512_60ref_sparse_wide_4rule_lowtv/01_dataset_prepare/raw_datasets/split_000/teacher_nn/dataset.npz,2702010,adam,2533,0.0,0.111328125,0.0007259953215638565,0.3717096046406945,0.54963598756013,11.801901883845053,3.2852214727601887,5.983668868700738,8.331449165467527,8.030662494335349
2,0,teacher_nn,11,02_dnn/08_mnist/runs/final/single_dataset_12x12_n_train_512_60ref_sparse_wide_4rule_lowtv/04_exact_reference_search/selected_reference_pool/split_000/teacher_nn/ref_011/theta.npy,02_dnn/08_mnist/runs/final/single_dataset_12x12_n_train_512_60ref_sparse_wide_4rule_lowtv/01_dataset_prepare/raw_datasets/split_000/teacher_nn/dataset.npz,2702011,adam,2533,0.0,0.111328125,0.0012781296236958608,0.6544023673322807,0.5236651429177859,12.010062169939848,2.727216132681474,5.442413104708211,8.824517315471144,8.251816715486491
2,0,teacher_nn,12,02_dnn/08_mnist/runs/final/single_dataset_12x12_n_train_512_60ref_sparse_wide_4rule_lowtv/04_exact_reference_search/selected_reference_pool/split_000/teacher_nn/ref_012/theta.npy,02_dnn/08_mnist/runs/final/single_dataset_12x12_n_train_512_60ref_sparse_wide_4rule_lowtv/01_dataset_prepare/raw_datasets/split_000/teacher_nn/dataset.npz,2702012,adam,2533,0.0,0.11328125,0.0018564805580819116,0.9505180457379387,0.5053612104055479,12.415051561144939,2.088284103957152,5.056105831065018,7.834954593061944,7.45240922409916
2,0,teacher_nn,13,02_dnn/08_mnist/runs/final/single_dataset_12x12_n_train_512_60ref_sparse_wide_4rule_lowtv/04_exact_reference_search/selected_reference_pool/split_000/teacher_nn/ref_013/theta.npy,02_dnn/08_mnist/runs/final/single_dataset_12x12_n_train_512_60ref_sparse_wide_4rule_lowtv/01_dataset_prepare/raw_datasets/split_000/teacher_nn/dataset.npz,2702013,adam,2533,0.0,0.1142578125,0.002618332815340966,1.3405864014545745,0.5161264582570505,13.045962499360503,1.7290788102658845,4.7690827422852795,7.795760569990247,7.302336199421633
2,0,teacher_nn,14,02_dnn/08_mnist/runs/final/single_dataset_12x12_n_train_512_60ref_sparse_wide_4rule_lowtv/04_exact_reference_search/selected_reference_pool/split_000/teacher_nn/ref_014/theta.npy,02_dnn/08_mnist/runs/final/single_dataset_12x12_n_train_512_60ref_sparse_wide_4rule_lowtv/01_dataset_prepare/raw_datasets/split_000/teacher_nn/dataset.npz,2702014,adam,2533,0.0,0.11669921875,0.015541006501403129,7.956995328718402,0.39841778291425595,11.647294526881824,0.4149116540347093,2.6376097195273647,6.310719991576859,5.651951724878881
2,0,teacher_nn,15,02_dnn/08_mnist/runs/final/single_dataset_12x12_n_train_512_60ref_sparse_wide_4rule_lowtv/04_exact_reference_search/selected_reference_pool/split_000/teacher_nn/ref_015/theta.npy,02_dnn/08_mnist/runs/final/single_dataset_12x12_n_train_512_60ref_sparse_wide_4rule_lowtv/01_dataset_prepare/raw_datasets/split_000/teacher_nn/dataset.npz,2702015,adam,2533,0.0,0.12060546875,0.0017121357687792857,0.8766135136149943,0.5726538008508937,12.524154676806525,3.674227735525818,5.294114180483174,6.828196921235394,6.77343776353916
2,0,teacher_nn,16,02_dnn/08_mnist/runs/final/single_dataset_12x12_n_train_512_60ref_sparse_wide_4rule_lowtv/04_exact_reference_search/selected_reference_pool/split_000/teacher_nn/ref_016/theta.npy,02_dnn/08_mnist/runs/final/single_dataset_12x12_n_train_512_60ref_sparse_wide_4rule_lowtv/01_dataset_prepare/raw_datasets/split_000/teacher_nn/dataset.npz,2702016,adam,2533,0.0,0.115234375,0.0005534457981300715,0.28336424864259663,0.5832162517212396,11.794336359813423,4.219608929207674,6.163563684363596,8.246667214745518,7.998574853729621
2,0,teacher_nn,17,02_dnn/08_mnist/runs/final/single_dataset_12x12_n_train_512_60ref_sparse_wide_4rule_lowtv/04_exact_reference_search/selected_reference_pool/split_000/teacher_nn/ref_017/theta.npy,02_dnn/08_mnist/runs/final/single_dataset_12x12_n_train_512_60ref_sparse_wide_4rule_lowtv/01_dataset_prepare/raw_datasets/split_000/teacher_nn/dataset.npz,2702017,adam,2533,0.0,0.11474609375,0.0014524408453752786,0.7436497128321427,0.5003042789987041,12.958480962153635,2.6456519251491795,5.3526784733689565,7.666097623824144,7.282629642880281
2,0,teacher_nn,18,02_dnn/08_mnist/runs/final/single_dataset_12x12_n_train_512_60ref_sparse_wide_4rule_lowtv/04_exact_reference_search/selected_reference_pool/split_000/teacher_nn/ref_018/theta.npy,02_dnn/08_mnist/runs/final/single_dataset_12x12_n_train_512_60ref_sparse_wide_4rule_lowtv/01_dataset_prepare/raw_datasets/split_000/teacher_nn/dataset.npz,2702018,adam,2533,0.0,0.12109375,0.005219433538330871,2.672349971625406,0.4605075426152703,11.335874535550317,1.244673149561497,3.8916586203278736,7.2901884146685685,6.622829792290059
2,0,teacher_nn,19,02_dnn/08_mnist/runs/final/single_dataset_12x12_n_train_512_60ref_sparse_wide_4rule_lowtv/04_exact_reference_search/selected_reference_pool/split_000/teacher_nn/ref_019/theta.npy,02_dnn/08_mnist/runs/final/single_dataset_12x12_n_train_512_60ref_sparse_wide_4rule_lowtv/01_dataset_prepare/raw_datasets/split_000/teacher_nn/dataset.npz,2702019,adam,2533,0.0,0.10888671875,0.001992563083414707,1.02019229870833,0.4726645667545708,12.66851808956458,1.9844300399894235,4.982087445400418,7.979900453284644,7.459403935005149
2,0,teacher_nn,20,02_dnn/08_mnist/runs/final/single_dataset_12x12_n_train_512_60ref_sparse_wide_4rule_lowtv/04_exact_reference_search/selected_reference_pool/split_000/teacher_nn/ref_020/theta.npy,02_dnn/08_mnist/runs/final/single_dataset_12x12_n_train_512_60ref_sparse_wide_4rule_lowtv/01_dataset_prepare/raw_datasets/split_000/teacher_nn/dataset.npz,2702020,adam,2533,0.0,0.10498046875,0.0012898245447323712,0.660390166902974,0.47217013130498514,12.308966892674238,3.070297078252903,5.458737312806374,7.463868474533529,7.324186888890568
2,0,teacher_nn,21,02_dnn/08_mnist/runs/final/single_dataset_12x12_n_train_512_60ref_sparse_wide_4rule_lowtv/04_exact_reference_search/selected_reference_pool/split_000/teacher_nn/ref_021/theta.npy,02_dnn/08_mnist/runs/final/single_dataset_12x12_n_train_512_60ref_sparse_wide_4rule_lowtv/01_dataset_prepare/raw_datasets/split_000/teacher_nn/dataset.npz,2702021,adam,2533,0.0,0.11962890625,0.0017048589623474585,0.8728877887218988,0.5114237864642335,12.160157938710281,2.205378713870253,5.434445481484299,7.916983165523036,7.396072166795534
2,0,teacher_nn,22,02_dnn/08_mnist/runs/final/single_dataset_12x12_n_train_512_60ref_sparse_wide_4rule_lowtv/04_exact_reference_search/selected_reference_pool/split_000/teacher_nn/ref_022/theta.npy,02_dnn/08_mnist/runs/final/single_dataset_12x12_n_train_512_60ref_sparse_wide_4rule_lowtv/01_dataset_prepare/raw_datasets/split_000/teacher_nn/dataset.npz,2702022,adam,2533,0.0,0.11669921875,0.016521310963935193,8.458911213534819,0.36746001060839684,10.84839996384334,0.3545766324208315,2.3949377853151494,5.758076398499458,5.2106239081332335
2,0,teacher_nn,23,02_dnn/08_mnist/runs/final/single_dataset_12x12_n_train_512_60ref_sparse_wide_4rule_lowtv/04_exact_reference_search/selected_reference_pool/split_000/teacher_nn/ref_023/theta.npy,02_dnn/08_mnist/runs/final/single_dataset_12x12_n_train_512_60ref_sparse_wide_4rule_lowtv/01_dataset_prepare/raw_datasets/split_000/teacher_nn/dataset.npz,2702023,adam,2533,0.0,0.130859375,0.022987206896407188,11.76944993096048,0.40913463901901037,10.97230531090054,0.14997273069127592,2.2456006023158728,6.431297778258097,5.924321321062596
2,0,teacher_nn,24,02_dnn/08_mnist/runs/final/single_dataset_12x12_n_train_512_60ref_sparse_wide_4rule_lowtv/04_exact_reference_search/selected_reference_pool/split_000/teacher_nn/ref_024/theta.npy,02_dnn/08_mnist/runs/final/single_dataset_12x12_n_train_512_60ref_sparse_wide_4rule_lowtv/01_dataset_prepare/raw_datasets/split_000/teacher_nn/dataset.npz,2702024,adam,2533,0.0,0.1083984375,0.0026355891567604183,1.3494216482613342,0.4511833020716308,13.454048725110397,1.2311817658547959,4.628335059646644,8.176748373982136,7.576294574407915
2,0,teacher_nn,25,02_dnn/08_mnist/runs/final/single_dataset_12x12_n_train_512_60ref_sparse_wide_4rule_lowtv/04_exact_reference_search/selected_reference_pool/split_000/teacher_nn/ref_025/theta.npy,02_dnn/08_mnist/runs/final/single_dataset_12x12_n_train_512_60ref_sparse_wide_4rule_lowtv/01_dataset_prepare/raw_datasets/split_000/teacher_nn/dataset.npz,2702025,adam,2533,0.0,0.10986328125,0.0014183563460243216,0.7261984491644526,0.5142552778122962,12.246836286755865,2.282862731756672,5.506594264470675,7.4745840392911855,7.262709951172663
2,0,teacher_nn,26,02_dnn/08_mnist/runs/final/single_dataset_12x12_n_train_512_60ref_sparse_wide_4rule_lowtv/04_exact_reference_search/selected_reference_pool/split_000/teacher_nn/ref_026/theta.npy,02_dnn/08_mnist/runs/final/single_dataset_12x12_n_train_512_60ref_sparse_wide_4rule_lowtv/01_dataset_prepare/raw_datasets/split_000/teacher_nn/dataset.npz,2702026,adam,2533,0.0,0.10986328125,0.0004997044917802993,0.25584869979151326,0.5807129725699797,12.303736119262942,2.894612865548239,6.216353997447069,8.957110853875024,8.710840200844233
2,0,teacher_nn,27,02_dnn/08_mnist/runs/final/single_dataset_12x12_n_train_512_60ref_sparse_wide_4rule_lowtv/04_exact_reference_search/selected_reference_pool/split_000/teacher_nn/ref_027/theta.npy,02_dnn/08_mnist/runs/final/single_dataset_12x12_n_train_512_60ref_sparse_wide_4rule_lowtv/01_dataset_prepare/raw_datasets/split_000/teacher_nn/dataset.npz,2702027,adam,2533,0.0,0.1171875,0.003453175007958928,1.7680256040749711,0.44287473052199544,12.58070503729612,2.370405523483852,4.338083212696972,6.554938726031301,6.329867142766551
2,0,teacher_nn,28,02_dnn/08_mnist/runs/final/single_dataset_12x12_n_train_512_60ref_sparse_wide_4rule_lowtv/04_exact_reference_search/selected_reference_pool/split_000/teacher_nn/ref_028/theta.npy,02_dnn/08_mnist/runs/final/single_dataset_12x12_n_train_512_60ref_sparse_wide_4rule_lowtv/01_dataset_prepare/raw_datasets/split_000/teacher_nn/dataset.npz,2702028,adam,2533,0.0,0.11767578125,0.0009793237724593617,0.5014137714991932,0.5524926994128083,12.918327048342881,2.5221798416641614,5.718005405381219,8.329293351364514,8.00268545262701
2,0,teacher_nn,29,02_dnn/08_mnist/runs/final/single_dataset_12x12_n_train_512_60ref_sparse_wide_4rule_lowtv/04_exact_reference_search/selected_reference_pool/split_000/teacher_nn/ref_029/theta.npy,02_dnn/08_mnist/runs/final/single_dataset_12x12_n_train_512_60ref_sparse_wide_4rule_lowtv/01_dataset_prepare/raw_datasets/split_000/teacher_nn/dataset.npz,2702029,adam,2533,0.0,0.12939453125,0.0030165783319449193,1.5444881059557987,0.5059262001858955,13.746571721357455,1.9948481635025415,4.572921144096965,7.182731855530316,6.892035643522357
2,0,teacher_nn,30,02_dnn/08_mnist/runs/final/single_dataset_12x12_n_train_512_60ref_sparse_wide_4rule_lowtv/04_exact_reference_search/selected_reference_pool/split_000/teacher_nn/ref_030/theta.npy,02_dnn/08_mnist/runs/final/single_dataset_12x12_n_train_512_60ref_sparse_wide_4rule_lowtv/01_dataset_prepare/raw_datasets/split_000/teacher_nn/dataset.npz,2702030,adam,2533,0.0,0.11181640625,0.0009607203442339803,0.4918888162477979,0.5401880273127089,12.464198343894914,4.291009143261851,5.9287659670823905,7.35381155556843,7.262989230906079
2,0,teacher_nn,31,02_dnn/08_mnist/runs/final/single_dataset_12x12_n_train_512_60ref_sparse_wide_4rule_lowtv/04_exact_reference_search/selected_reference_pool/split_000/teacher_nn/ref_031/theta.npy,02_dnn/08_mnist/runs/final/single_dataset_12x12_n_train_512_60ref_sparse_wide_4rule_lowtv/01_dataset_prepare/raw_datasets/split_000/teacher_nn/dataset.npz,2702031,adam,2533,0.0,0.12060546875,0.001948513849859734,0.9976390911281838,0.5364534798660223,11.993421317304051,1.089396882657393,5.17643185699052,8.61241620879344,8.078611792017345
2,0,teacher_nn,32,02_dnn/08_mnist/runs/final/single_dataset_12x12_n_train_512_60ref_sparse_wide_4rule_lowtv/04_exact_reference_search/selected_reference_pool/split_000/teacher_nn/ref_032/theta.npy,02_dnn/08_mnist/runs/final/single_dataset_12x12_n_train_512_60ref_sparse_wide_4rule_lowtv/01_dataset_prepare/raw_datasets/split_000/teacher_nn/dataset.npz,2702032,adam,2533,0.0,0.11572265625,0.0020470481144942558,1.048088634621059,0.5701891400409619,13.126602289467343,0.17953938616771592,5.998637541427803,8.42678472173369,8.072669628320465
2,0,teacher_nn,33,02_dnn/08_mnist/runs/final/single_dataset_12x12_n_train_512_60ref_sparse_wide_4rule_lowtv/04_exact_reference_search/selected_reference_pool/split_000/teacher_nn/ref_033/theta.npy,02_dnn/08_mnist/runs/final/single_dataset_12x12_n_train_512_60ref_sparse_wide_4rule_lowtv/01_dataset_prepare/raw_datasets/split_000/teacher_nn/dataset.npz,2702033,adam,2533,0.0,0.119140625,0.013176344598594807,6.746288434480541,0.39523621007472887,11.355670664355692,0.030944583606318243,2.853955929777649,6.387277032124865,5.826801858249148
2,0,teacher_nn,34,02_dnn/08_mnist/runs/final/single_dataset_12x12_n_train_512_60ref_sparse_wide_4rule_lowtv/04_exact_reference_search/selected_reference_pool/split_000/teacher_nn/ref_034/theta.npy,02_dnn/08_mnist/runs/final/single_dataset_12x12_n_train_512_60ref_sparse_wide_4rule_lowtv/01_dataset_prepare/raw_datasets/split_000/teacher_nn/dataset.npz,2702034,adam,2533,0.0,0.1181640625,0.008820917984269091,4.5163100079457745,0.3937443375173385,11.241647249001227,0.932305292574386,3.3216885162975243,6.4882458236722655,6.0173664549368135
2,0,teacher_nn,35,02_dnn/08_mnist/runs/final/single_dataset_12x12_n_train_512_60ref_sparse_wide_4rule_lowtv/04_exact_reference_search/selected_reference_pool/split_000/teacher_nn/ref_035/theta.npy,02_dnn/08_mnist/runs/final/single_dataset_12x12_n_train_512_60ref_sparse_wide_4rule_lowtv/01_dataset_prepare/raw_datasets/split_000/teacher_nn/dataset.npz,2702035,adam,2533,0.0,0.10595703125,0.0010229737850274722,0.5237625779340658,0.5084964744332824,11.912994190684799,2.747385538935737,5.848708203679649,7.722609009698994,7.520269185350696
2,0,teacher_nn,36,02_dnn/08_mnist/runs/final/single_dataset_12x12_n_train_512_60ref_sparse_wide_4rule_lowtv/04_exact_reference_search/selected_reference_pool/split_000/teacher_nn/ref_036/theta.npy,02_dnn/08_mnist/runs/final/single_dataset_12x12_n_train_512_60ref_sparse_wide_4rule_lowtv/01_dataset_prepare/raw_datasets/split_000/teacher_nn/dataset.npz,2702036,adam,2533,0.0,0.11962890625,0.0010881363393083984,0.5571258057259,0.574211922144306,12.619742774349893,2.7632302651374037,5.570888508084462,7.723503665936002,7.394838933861437
2,0,teacher_nn,37,02_dnn/08_mnist/runs/final/single_dataset_12x12_n_train_512_60ref_sparse_wide_4rule_lowtv/04_exact_reference_search/selected_reference_pool/split_000/teacher_nn/ref_037/theta.npy,02_dnn/08_mnist/runs/final/single_dataset_12x12_n_train_512_60ref_sparse_wide_4rule_lowtv/01_dataset_prepare/raw_datasets/split_000/teacher_nn/dataset.npz,2702037,adam,2533,0.0,0.10791015625,0.0007226901251339718,0.37001734406859355,0.5563692773446474,11.834967456645256,3.6626133018188893,5.818011296237599,9.151863508439359,8.53254227355635
2,0,teacher_nn,38,02_dnn/08_mnist/runs/final/single_dataset_12x12_n_train_512_60ref_sparse_wide_4rule_lowtv/04_exact_reference_search/selected_reference_pool/split_000/teacher_nn/ref_038/theta.npy,02_dnn/08_mnist/runs/final/single_dataset_12x12_n_train_512_60ref_sparse_wide_4rule_lowtv/01_dataset_prepare/raw_datasets/split_000/teacher_nn/dataset.npz,2702038,adam,2533,0.0,0.12060546875,0.000909796636136888,0.46581587770208666,0.5735423942669065,12.89809013301457,3.7743615998597866,5.649489592623215,8.206680053676509,7.939621705220823
2,0,teacher_nn,39,02_dnn/08_mnist/runs/final/single_dataset_12x12_n_train_512_60ref_sparse_wide_4rule_lowtv/04_exact_reference_search/selected_reference_pool/split_000/teacher_nn/ref_039/theta.npy,02_dnn/08_mnist/runs/final/single_dataset_12x12_n_train_512_60ref_sparse_wide_4rule_lowtv/01_dataset_prepare/raw_datasets/split_000/teacher_nn/dataset.npz,2702039,adam,2533,0.0,0.1201171875,0.002060875378393722,1.0551681937375856,0.48299299154802483,13.228548996872783,1.6266559311867481,5.070489397557216,7.510851250269511,7.074351110680448
2,0,teacher_nn,40,02_dnn/08_mnist/runs/final/single_dataset_12x12_n_train_512_60ref_sparse_wide_4rule_lowtv/04_exact_reference_search/selected_reference_pool/split_000/teacher_nn/ref_040/theta.npy,02_dnn/08_mnist/runs/final/single_dataset_12x12_n_train_512_60ref_sparse_wide_4rule_lowtv/01_dataset_prepare/raw_datasets/split_000/teacher_nn/dataset.npz,2702040,adam,2533,0.0,0.11376953125,0.012591470841546243,6.446833070871676,0.39824181971906525,10.207341125273107,0.3403677018509337,3.084711495103669,5.663604000958969,5.218107156605871
2,0,teacher_nn,41,02_dnn/08_mnist/runs/final/single_dataset_12x12_n_train_512_60ref_sparse_wide_4rule_lowtv/04_exact_reference_search/selected_reference_pool/split_000/teacher_nn/ref_041/theta.npy,02_dnn/08_mnist/runs/final/single_dataset_12x12_n_train_512_60ref_sparse_wide_4rule_lowtv/01_dataset_prepare/raw_datasets/split_000/teacher_nn/dataset.npz,2702041,adam,2533,0.0,0.1181640625,0.010090214657045515,5.166189904407304,0.3948497802787416,11.244510993950126,1.3373924492980687,3.1377279043603234,5.931057300365026,5.5306228581635075
2,0,teacher_nn,42,02_dnn/08_mnist/runs/final/single_dataset_12x12_n_train_512_60ref_sparse_wide_4rule_lowtv/04_exact_reference_search/selected_reference_pool/split_000/teacher_nn/ref_042/theta.npy,02_dnn/08_mnist/runs/final/single_dataset_12x12_n_train_512_60ref_sparse_wide_4rule_lowtv/01_dataset_prepare/raw_datasets/split_000/teacher_nn/dataset.npz,2702042,adam,2533,0.0,0.1123046875,0.01088417344836913,5.572696805564995,0.4045979315112188,10.244484750414536,1.0167364070234335,2.858957075895236,6.975211949296925,6.35628055219634
2,0,teacher_nn,43,02_dnn/08_mnist/runs/final/single_dataset_12x12_n_train_512_60ref_sparse_wide_4rule_lowtv/04_exact_reference_search/selected_reference_pool/split_000/teacher_nn/ref_043/theta.npy,02_dnn/08_mnist/runs/final/single_dataset_12x12_n_train_512_60ref_sparse_wide_4rule_lowtv/01_dataset_prepare/raw_datasets/split_000/teacher_nn/dataset.npz,2702043,adam,2533,0.0,0.1220703125,0.008370757654189775,4.285827918945165,0.4246882582596031,11.497733267152725,0.6438694830416032,3.3601887227683953,6.5914418313545795,6.099250985077676
2,0,teacher_nn,44,02_dnn/08_mnist/runs/final/single_dataset_12x12_n_train_512_60ref_sparse_wide_4rule_lowtv/04_exact_reference_search/selected_reference_pool/split_000/teacher_nn/ref_044/theta.npy,02_dnn/08_mnist/runs/final/single_dataset_12x12_n_train_512_60ref_sparse_wide_4rule_lowtv/01_dataset_prepare/raw_datasets/split_000/teacher_nn/dataset.npz,2702044,adam,2533,0.0,0.1240234375,0.002469516940185508,1.2643926733749802,0.5214618224900045,13.721578703933831,2.1069912842432856,4.700740665576416,6.885847468382023,6.709234817166603
2,0,teacher_nn,45,02_dnn/08_mnist/runs/final/single_dataset_12x12_n_train_512_60ref_sparse_wide_4rule_lowtv/04_exact_reference_search/selected_reference_pool/split_000/teacher_nn/ref_045/theta.npy,02_dnn/08_mnist/runs/final/single_dataset_12x12_n_train_512_60ref_sparse_wide_4rule_lowtv/01_dataset_prepare/raw_datasets/split_000/teacher_nn/dataset.npz,2702045,adam,2533,0.0,0.109375,0.0027623199572143643,1.4143078180937545,0.4649554747672778,12.188197495228247,0.7264701788908408,4.821683142447126,7.240558117741357,6.86361410567138
2,0,teacher_nn,46,02_dnn/08_mnist/runs/final/single_dataset_12x12_n_train_512_60ref_sparse_wide_4rule_lowtv/04_exact_reference_search/selected_reference_pool/split_000/teacher_nn/ref_046/theta.npy,02_dnn/08_mnist/runs/final/single_dataset_12x12_n_train_512_60ref_sparse_wide_4rule_lowtv/01_dataset_prepare/raw_datasets/split_000/teacher_nn/dataset.npz,2702046,adam,2533,0.0,0.11474609375,0.0016317823131845868,0.8354725443505084,0.5228052889655361,12.566310037777884,1.882248501366969,5.356788463542044,7.392669648657332,7.161494863423703
2,0,teacher_nn,47,02_dnn/08_mnist/runs/final/single_dataset_12x12_n_train_512_60ref_sparse_wide_4rule_lowtv/04_exact_reference_search/selected_reference_pool/split_000/teacher_nn/ref_047/theta.npy,02_dnn/08_mnist/runs/final/single_dataset_12x12_n_train_512_60ref_sparse_wide_4rule_lowtv/01_dataset_prepare/raw_datasets/split_000/teacher_nn/dataset.npz,2702047,adam,2533,0.0,0.11865234375,0.002178817340172812,1.1155544781684796,0.5132101930266604,12.60593517918319,1.1512395062312641,4.9321957657023585,8.4956387088038,7.910769372471957
2,0,teacher_nn,48,02_dnn/08_mnist/runs/final/single_dataset_12x12_n_train_512_60ref_sparse_wide_4rule_lowtv/04_exact_reference_search/selected_reference_pool/split_000/teacher_nn/ref_048/theta.npy,02_dnn/08_mnist/runs/final/single_dataset_12x12_n_train_512_60ref_sparse_wide_4rule_lowtv/01_dataset_prepare/raw_datasets/split_000/teacher_nn/dataset.npz,2702048,adam,2533,0.0,0.1220703125,0.0011421235972617536,0.5847672817980178,0.5243611130078052,12.789940131778383,2.884466879804032,5.419519486042456,8.288948755694982,7.798041958346369
2,0,teacher_nn,49,02_dnn/08_mnist/runs/final/single_dataset_12x12_n_train_512_60ref_sparse_wide_4rule_lowtv/04_exact_reference_search/selected_reference_pool/split_000/teacher_nn/ref_049/theta.npy,02_dnn/08_mnist/runs/final/single_dataset_12x12_n_train_512_60ref_sparse_wide_4rule_lowtv/01_dataset_prepare/raw_datasets/split_000/teacher_nn/dataset.npz,2702049,adam,2533,0.0,0.1162109375,0.0015315951078035178,0.7841766951954011,0.5300007745329649,12.726569180602251,3.0488852912393236,4.958944484540752,8.191762480898714,7.712899055409511
2,0,teacher_nn,50,02_dnn/08_mnist/runs/final/single_dataset_12x12_n_train_512_60ref_sparse_wide_4rule_lowtv/04_exact_reference_search/selected_reference_pool/split_000/teacher_nn/ref_050/theta.npy,02_dnn/08_mnist/runs/final/single_dataset_12x12_n_train_512_60ref_sparse_wide_4rule_lowtv/01_dataset_prepare/raw_datasets/split_000/teacher_nn/dataset.npz,2702050,adam,2533,0.0,0.1279296875,0.010365652461442772,5.3072140602586995,0.436802089428215,10.373967520194954,0.6891133484618311,3.0292865692152438,6.294927078801483,5.739129463635635
2,0,teacher_nn,51,02_dnn/08_mnist/runs/final/single_dataset_12x12_n_train_512_60ref_sparse_wide_4rule_lowtv/04_exact_reference_search/selected_reference_pool/split_000/teacher_nn/ref_051/theta.npy,02_dnn/08_mnist/runs/final/single_dataset_12x12_n_train_512_60ref_sparse_wide_4rule_lowtv/01_dataset_prepare/raw_datasets/split_000/teacher_nn/dataset.npz,2702051,adam,2533,0.0,0.11279296875,0.0009158763356765711,0.4689286838664044,0.5151131248801819,12.38001230991568,3.437128374085529,5.812886976754067,8.079976794094296,7.813796903180449
2,0,teacher_nn,52,02_dnn/08_mnist/runs/final/single_dataset_12x12_n_train_512_60ref_sparse_wide_4rule_lowtv/04_exact_reference_search/selected_reference_pool/split_000/teacher_nn/ref_052/theta.npy,02_dnn/08_mnist/runs/final/single_dataset_12x12_n_train_512_60ref_sparse_wide_4rule_lowtv/01_dataset_prepare/raw_datasets/split_000/teacher_nn/dataset.npz,2702052,adam,2533,0.0,0.119140625,0.00853775301470692,4.371329543529943,0.4029350934125164,10.986653085858672,0.9691431734434199,3.2768769306535606,6.7426815564345315,6.108535419525873
2,0,teacher_nn,53,02_dnn/08_mnist/runs/final/single_dataset_12x12_n_train_512_60ref_sparse_wide_4rule_lowtv/04_exact_reference_search/selected_reference_pool/split_000/teacher_nn/ref_053/theta.npy,02_dnn/08_mnist/runs/final/single_dataset_12x12_n_train_512_60ref_sparse_wide_4rule_lowtv/01_dataset_prepare/raw_datasets/split_000/teacher_nn/dataset.npz,2702053,adam,2533,0.0,0.119140625,0.007004122777202572,3.586110861927717,0.4233275655029306,11.130204010142704,1.91344511119798,3.261257045415798,6.736260537893671,6.137827318059239
2,0,teacher_nn,54,02_dnn/08_mnist/runs/final/single_dataset_12x12_n_train_512_60ref_sparse_wide_4rule_lowtv/04_exact_reference_search/selected_reference_pool/split_000/teacher_nn/ref_054/theta.npy,02_dnn/08_mnist/runs/final/single_dataset_12x12_n_train_512_60ref_sparse_wide_4rule_lowtv/01_dataset_prepare/raw_datasets/split_000/teacher_nn/dataset.npz,2702054,adam,2533,0.0,0.115234375,0.0016969265318764561,0.8688263843207455,0.48825323782439983,13.13921950993818,2.136875133581025,5.146398727771736,8.07764987216076,7.613507073945998
2,0,teacher_nn,55,02_dnn/08_mnist/runs/final/single_dataset_12x12_n_train_512_60ref_sparse_wide_4rule_lowtv/04_exact_reference_search/selected_reference_pool/split_000/teacher_nn/ref_055/theta.npy,02_dnn/08_mnist/runs/final/single_dataset_12x12_n_train_512_60ref_sparse_wide_4rule_lowtv/01_dataset_prepare/raw_datasets/split_000/teacher_nn/dataset.npz,2702055,adam,2533,0.0,0.11865234375,0.0011148827623425827,0.5708199743194023,0.5413513781375225,12.29233780688656,3.2785412148659763,5.636793547662011,7.589998415111298,7.46454616506094
2,0,teacher_nn,56,02_dnn/08_mnist/runs/final/single_dataset_12x12_n_train_512_60ref_sparse_wide_4rule_lowtv/04_exact_reference_search/selected_reference_pool/split_000/teacher_nn/ref_056/theta.npy,02_dnn/08_mnist/runs/final/single_dataset_12x12_n_train_512_60ref_sparse_wide_4rule_lowtv/01_dataset_prepare/raw_datasets/split_000/teacher_nn/dataset.npz,2702056,adam,2533,0.0,0.11279296875,0.0007120208829801931,0.3645546920858589,0.5183582641957944,12.558798243654538,4.181271963857057,6.119787809787947,7.915654299743674,7.63242146585844
2,0,teacher_nn,57,02_dnn/08_mnist/runs/final/single_dataset_12x12_n_train_512_60ref_sparse_wide_4rule_lowtv/04_exact_reference_search/selected_reference_pool/split_000/teacher_nn/ref_057/theta.npy,02_dnn/08_mnist/runs/final/single_dataset_12x12_n_train_512_60ref_sparse_wide_4rule_lowtv/01_dataset_prepare/raw_datasets/split_000/teacher_nn/dataset.npz,2702057,adam,2533,0.0,0.11376953125,0.012906011528072001,6.607877902372865,0.4064326976510244,11.06252635430255,0.7116739173154654,3.0026054059687346,5.937966785246354,5.471494315410876
2,0,teacher_nn,58,02_dnn/08_mnist/runs/final/single_dataset_12x12_n_train_512_60ref_sparse_wide_4rule_lowtv/04_exact_reference_search/selected_reference_pool/split_000/teacher_nn/ref_058/theta.npy,02_dnn/08_mnist/runs/final/single_dataset_12x12_n_train_512_60ref_sparse_wide_4rule_lowtv/01_dataset_prepare/raw_datasets/split_000/teacher_nn/dataset.npz,2702058,adam,2533,0.0,0.1103515625,0.0014972283832882889,0.7665809322436039,0.5305481569830183,13.024836727320423,1.7447364764108746,5.378087760257907,7.761170840161813,7.608067370630687
2,0,teacher_nn,59,02_dnn/08_mnist/runs/final/single_dataset_12x12_n_train_512_60ref_sparse_wide_4rule_lowtv/04_exact_reference_search/selected_reference_pool/split_000/teacher_nn/ref_059/theta.npy,02_dnn/08_mnist/runs/final/single_dataset_12x12_n_train_512_60ref_sparse_wide_4rule_lowtv/01_dataset_prepare/raw_datasets/split_000/teacher_nn/dataset.npz,2702059,adam,2533,0.0,0.12451171875,0.0012780503563145206,0.6543617824330346,0.5441517648693315,12.237923521493284,2.7368618995981615,5.22636046178749,9.050432076011475,8.310591765438101
3,0,random_label,0,02_dnn/08_mnist/runs/final/single_dataset_12x12_n_train_512_60ref_sparse_wide_4rule_lowtv/04_exact_reference_search/selected_reference_pool/split_000/random_label/ref_000/theta.npy,02_dnn/08_mnist/runs/final/single_dataset_12x12_n_train_512_60ref_sparse_wide_4rule_lowtv/01_dataset_prepare/raw_datasets/split_000/random_label/dataset.npz,2703000,adam,2533,0.0,0.51318359375,0.007995155822298315,4.093519781016737,2.800393142686456,14.509465641413689,0.4388753535245588,3.4633739567516955,6.947813267223035,6.914990171136405
3,0,random_label,1,02_dnn/08_mnist/runs/final/single_dataset_12x12_n_train_512_60ref_sparse_wide_4rule_lowtv/04_exact_reference_search/selected_reference_pool/split_000/random_label/ref_001/theta.npy,02_dnn/08_mnist/runs/final/single_dataset_12x12_n_train_512_60ref_sparse_wide_4rule_lowtv/01_dataset_prepare/raw_datasets/split_000/random_label/dataset.npz,2703001,adam,2533,0.0,0.515625,0.0021656758567172294,1.1088260386392215,3.6124907503408896,17.52348167163041,0.34365902980492535,5.4346840753959835,8.79312226324275,9.060217264654424
3,0,random_label,2,02_dnn/08_mnist/runs/final/single_dataset_12x12_n_train_512_60ref_sparse_wide_4rule_lowtv/04_exact_reference_search/selected_reference_pool/split_000/random_label/ref_002/theta.npy,02_dnn/08_mnist/runs/final/single_dataset_12x12_n_train_512_60ref_sparse_wide_4rule_lowtv/01_dataset_prepare/raw_datasets/split_000/random_label/dataset.npz,2703002,adam,2533,0.0,0.5048828125,0.0041794536793990575,2.1398802838523174,3.392857080787042,16.41440420787002,0.7865250003875978,4.226836494825873,8.380879253634411,8.2702365438864
3,0,random_label,3,02_dnn/08_mnist/runs/final/single_dataset_12x12_n_train_512_60ref_sparse_wide_4rule_lowtv/04_exact_reference_search/selected_reference_pool/split_000/random_label/ref_003/theta.npy,02_dnn/08_mnist/runs/final/single_dataset_12x12_n_train_512_60ref_sparse_wide_4rule_lowtv/01_dataset_prepare/raw_datasets/split_000/random_label/dataset.npz,2703003,adam,2533,0.0,0.5048828125,0.01332565428572404,6.822734994290708,2.7897521198242208,15.742247853433383,0.4695784741096589,2.985673498008879,6.759232799940994,6.8157531648243115
3,0,random_label,4,02_dnn/08_mnist/runs/final/single_dataset_12x12_n_train_512_60ref_sparse_wide_4rule_lowtv/04_exact_reference_search/selected_reference_pool/split_000/random_label/ref_004/theta.npy,02_dnn/08_mnist/runs/final/single_dataset_12x12_n_train_512_60ref_sparse_wide_4rule_lowtv/01_dataset_prepare/raw_datasets/split_000/random_label/dataset.npz,2703004,adam,2533,0.0,0.50830078125,0.010800541188739576,5.529877088634663,2.5307801770607252,17.20937415919514,0.7153003384187906,3.0729576752064314,6.487131382562806,6.665831358777085
3,0,random_label,5,02_dnn/08_mnist/runs/final/single_dataset_12x12_n_train_512_60ref_sparse_wide_4rule_lowtv/04_exact_reference_search/selected_reference_pool/split_000/random_label/ref_005/theta.npy,02_dnn/08_mnist/runs/final/single_dataset_12x12_n_train_512_60ref_sparse_wide_4rule_lowtv/01_dataset_prepare/raw_datasets/split_000/random_label/dataset.npz,2703005,adam,2533,0.0,0.50927734375,0.0021803267725900304,1.1163273075660956,3.5219013660634353,17.615578027449985,0.19716469547536686,5.200974409821601,8.269250525209014,8.641800005849174
3,0,random_label,6,02_dnn/08_mnist/runs/final/single_dataset_12x12_n_train_512_60ref_sparse_wide_4rule_lowtv/04_exact_reference_search/selected_reference_pool/split_000/random_label/ref_006/theta.npy,02_dnn/08_mnist/runs/final/single_dataset_12x12_n_train_512_60ref_sparse_wide_4rule_lowtv/01_dataset_prepare/raw_datasets/split_000/random_label/dataset.npz,2703006,adam,2533,0.0,0.51904296875,0.003130325684958411,1.6027267506987064,3.118809458383695,17.198462170085495,0.7743667713910558,4.398429050038581,7.5780501637088316,7.664285947943555
3,0,random_label,7,02_dnn/08_mnist/runs/final/single_dataset_12x12_n_train_512_60ref_sparse_wide_4rule_lowtv/04_exact_reference_search/selected_reference_pool/split_000/random_label/ref_007/theta.npy,02_dnn/08_mnist/runs/final/single_dataset_12x12_n_train_512_60ref_sparse_wide_4rule_lowtv/01_dataset_prepare/raw_datasets/split_000/random_label/dataset.npz,2703007,adam,2533,0.0,0.49560546875,0.0017665107454597647,0.9044535016753995,3.60041467915996,16.429391106514874,0.45550663198704466,5.334164534765423,9.247658422974961,9.49020272713863
3,0,random_label,8,02_dnn/08_mnist/runs/final/single_dataset_12x12_n_train_512_60ref_sparse_wide_4rule_lowtv/04_exact_reference_search/selected_reference_pool/split_000/random_label/ref_008/theta.npy,02_dnn/08_mnist/runs/final/single_dataset_12x12_n_train_512_60ref_sparse_wide_4rule_lowtv/01_dataset_prepare/raw_datasets/split_000/random_label/dataset.npz,2703008,adam,2533,0.0,0.53173828125,0.006815655340521621,3.48961553434707,3.08071673606846,16.98972808227226,0.09389908109646883,3.812536125097786,7.365784064097621,7.639856185876583
3,0,random_label,9,02_dnn/08_mnist/runs/final/single_dataset_12x12_n_train_512_60ref_sparse_wide_4rule_lowtv/04_exact_reference_search/selected_reference_pool/split_000/random_label/ref_009/theta.npy,02_dnn/08_mnist/runs/final/single_dataset_12x12_n_train_512_60ref_sparse_wide_4rule_lowtv/01_dataset_prepare/raw_datasets/split_000/random_label/dataset.npz,2703009,adam,2533,0.0,0.494140625,0.004761001178381215,2.437632603331182,3.099985757292779,16.87169573299908,0.6341255215302906,4.08772639395625,7.843975316648143,7.965663437179876
3,0,random_label,10,02_dnn/08_mnist/runs/final/single_dataset_12x12_n_train_512_60ref_sparse_wide_4rule_lowtv/04_exact_reference_search/selected_reference_pool/split_000/random_label/ref_010/theta.npy,02_dnn/08_mnist/runs/final/single_dataset_12x12_n_train_512_60ref_sparse_wide_4rule_lowtv/01_dataset_prepare/raw_datasets/split_000/random_label/dataset.npz,2703010,adam,2533,0.0,0.505859375,0.009720661049765125,4.976978457479744,2.949128296874675,16.300849131893344,0.31044020742397005,3.251295538978288,7.27954688118418,7.43922197433692
3,0,random_label,11,02_dnn/08_mnist/runs/final/single_dataset_12x12_n_train_512_60ref_sparse_wide_4rule_lowtv/04_exact_reference_search/selected_reference_pool/split_000/random_label/ref_011/theta.npy,02_dnn/08_mnist/runs/final/single_dataset_12x12_n_train_512_60ref_sparse_wide_4rule_lowtv/01_dataset_prepare/raw_datasets/split_000/random_label/dataset.npz,2703011,adam,2533,0.0,0.52490234375,0.0024810200226490753,1.2702822515963266,3.378294600312239,18.889079268420186,0.000861520260769133,5.3706151835337925,7.165163393375706,8.085810589919845
3,0,random_label,12,02_dnn/08_mnist/runs/final/single_dataset_12x12_n_train_512_60ref_sparse_wide_4rule_lowtv/04_exact_reference_search/selected_reference_pool/split_000/random_label/ref_012/theta.npy,02_dnn/08_mnist/runs/final/single_dataset_12x12_n_train_512_60ref_sparse_wide_4rule_lowtv/01_dataset_prepare/raw_datasets/split_000/random_label/dataset.npz,2703012,adam,2533,0.0,0.5029296875,0.0033833378313420093,1.7322689696471087,3.4558906275140817,17.370202433360998,1.299410135403848,4.304357120289075,8.068531895049153,8.66407144192525
3,0,random_label,13,02_dnn/08_mnist/runs/final/single_dataset_12x12_n_train_512_60ref_sparse_wide_4rule_lowtv/04_exact_reference_search/selected_reference_pool/split_000/random_label/ref_013/theta.npy,02_dnn/08_mnist/runs/final/single_dataset_12x12_n_train_512_60ref_sparse_wide_4rule_lowtv/01_dataset_prepare/raw_datasets/split_000/random_label/dataset.npz,2703013,adam,2533,0.0,0.51953125,0.010122194928282292,5.182563803280534,2.5416142786524114,16.405416238154114,0.5591493579675796,3.2333880560792663,6.5338121987544255,6.603758965494677
3,0,random_label,14,02_dnn/08_mnist/runs/final/single_dataset_12x12_n_train_512_60ref_sparse_wide_4rule_lowtv/04_exact_reference_search/selected_reference_pool/split_000/random_label/ref_014/theta.npy,02_dnn/08_mnist/runs/final/single_dataset_12x12_n_train_512_60ref_sparse_wide_4rule_lowtv/01_dataset_prepare/raw_datasets/split_000/random_label/dataset.npz,2703014,adam,2533,0.0,0.5048828125,0.003707280589553139,1.898127661851207,2.935597536767157,16.735847361239795,1.9064985806981012,4.1244014126070825,7.194759545417524,7.781921955864462
3,0,random_label,15,02_dnn/08_mnist/runs/final/single_dataset_12x12_n_train_512_60ref_sparse_wide_4rule_lowtv/04_exact_reference_search/selected_reference_pool/split_000/random_label/ref_015/theta.npy,02_dnn/08_mnist/runs/final/single_dataset_12x12_n_train_512_60ref_sparse_wide_4rule_lowtv/01_dataset_prepare/raw_datasets/split_000/random_label/dataset.npz,2703015,adam,2533,0.0,0.51953125,0.002152291070889128,1.1019730282952336,3.549006136429833,17.648617584338233,0.2452340955074972,5.621108938201484,8.490556554874498,8.868085008969263
3,0,random_label,16,02_dnn/08_mnist/runs/final/single_dataset_12x12_n_train_512_60ref_sparse_wide_4rule_lowtv/04_exact_reference_search/selected_reference_pool/split_000/random_label/ref_016/theta.npy,02_dnn/08_mnist/runs/final/single_dataset_12x12_n_train_512_60ref_sparse_wide_4rule_lowtv/01_dataset_prepare/raw_datasets/split_000/random_label/dataset.npz,2703016,adam,2533,0.0,0.5048828125,0.0044324453255817735,2.269412006697868,3.2524768346341584,16.641730568390415,1.635220036109551,4.200482794072588,7.8549614917860415,7.892250002587479
3,0,random_label,17,02_dnn/08_mnist/runs/final/single_dataset_12x12_n_train_512_60ref_sparse_wide_4rule_lowtv/04_exact_reference_search/selected_reference_pool/split_000/random_label/ref_017/theta.npy,02_dnn/08_mnist/runs/final/single_dataset_12x12_n_train_512_60ref_sparse_wide_4rule_lowtv/01_dataset_prepare/raw_datasets/split_000/random_label/dataset.npz,2703017,adam,2533,0.0,0.50927734375,0.004043626908707533,2.0703369772582567,3.5083924374456106,16.742604037908464,1.0308837446586563,4.115800245741902,8.667510660242908,8.59504581230133
3,0,random_label,18,02_dnn/08_mnist/runs/final/single_dataset_12x12_n_train_512_60ref_sparse_wide_4rule_lowtv/04_exact_reference_search/selected_reference_pool/split_000/random_label/ref_018/theta.npy,02_dnn/08_mnist/runs/final/single_dataset_12x12_n_train_512_60ref_sparse_wide_4rule_lowtv/01_dataset_prepare/raw_datasets/split_000/random_label/dataset.npz,2703018,adam,2533,0.0,0.50634765625,0.003445114676257655,1.7638987142439193,3.104243053135379,16.793830213543686,1.8925850569871159,4.210279978555422,7.695320715766375,7.919959017792049
3,0,random_label,19,02_dnn/08_mnist/runs/final/single_dataset_12x12_n_train_512_60ref_sparse_wide_4rule_lowtv/04_exact_reference_search/selected_reference_pool/split_000/random_label/ref_019/theta.npy,02_dnn/08_mnist/runs/final/single_dataset_12x12_n_train_512_60ref_sparse_wide_4rule_lowtv/01_dataset_prepare/raw_datasets/split_000/random_label/dataset.npz,2703019,adam,2533,0.0,0.5166015625,0.0195021430404817,9.98509723672663,2.5737570329178006,16.63222043740273,0.13800510568031799,2.407967510269694,6.033550945544276,6.189611887452223
3,0,random_label,20,02_dnn/08_mnist/runs/final/single_dataset_12x12_n_train_512_60ref_sparse_wide_4rule_lowtv/04_exact_reference_search/selected_reference_pool/split_000/random_label/ref_020/theta.npy,02_dnn/08_mnist/runs/final/single_dataset_12x12_n_train_512_60ref_sparse_wide_4rule_lowtv/01_dataset_prepare/raw_datasets/split_000/random_label/dataset.npz,2703020,adam,2533,0.0,0.49951171875,0.0018058019891903118,0.9245706184654396,3.495262232257353,16.6197284216181,0.23665230363435708,5.779475951294447,8.741682868109072,8.8334011857603
3,0,random_label,21,02_dnn/08_mnist/runs/final/single_dataset_12x12_n_train_512_60ref_sparse_wide_4rule_lowtv/04_exact_reference_search/selected_reference_pool/split_000/random_label/ref_021/theta.npy,02_dnn/08_mnist/runs/final/single_dataset_12x12_n_train_512_60ref_sparse_wide_4rule_lowtv/01_dataset_prepare/raw_datasets/split_000/random_label/dataset.npz,2703021,adam,2533,0.0,0.5087890625,0.0024000487958975667,1.2288249834995542,2.920512297513261,19.52435648500043,0.10050416653089389,6.004277817999779,7.080221611240755,7.236274472889911
3,0,random_label,22,02_dnn/08_mnist/runs/final/single_dataset_12x12_n_train_512_60ref_sparse_wide_4rule_lowtv/04_exact_reference_search/selected_reference_pool/split_000/random_label/ref_022/theta.npy,02_dnn/08_mnist/runs/final/single_dataset_12x12_n_train_512_60ref_sparse_wide_4rule_lowtv/01_dataset_prepare/raw_datasets/split_000/random_label/dataset.npz,2703022,adam,2533,0.0,0.49658203125,0.0031619637008728366,1.6189254148468923,3.1017653095740316,15.131796023143325,1.858619379516419,4.152831368064311,7.613563935844814,7.835882569935478
3,0,random_label,23,02_dnn/08_mnist/runs/final/single_dataset_12x12_n_train_512_60ref_sparse_wide_4rule_lowtv/04_exact_reference_search/selected_reference_pool/split_000/random_label/ref_023/theta.npy,02_dnn/08_mnist/runs/final/single_dataset_12x12_n_train_512_60ref_sparse_wide_4rule_lowtv/01_dataset_prepare/raw_datasets/split_000/random_label/dataset.npz,2703023,adam,2533,0.0,0.5048828125,0.019042957770639135,9.749994378567237,2.5472987174984123,16.066332027176237,0.12603360453673806,2.4170310644838233,6.198454126952539,6.385134376454762
3,0,random_label,24,02_dnn/08_mnist/runs/final/single_dataset_12x12_n_train_512_60ref_sparse_wide_4rule_lowtv/04_exact_reference_search/selected_reference_pool/split_000/random_label/ref_024/theta.npy,02_dnn/08_mnist/runs/final/single_dataset_12x12_n_train_512_60ref_sparse_wide_4rule_lowtv/01_dataset_prepare/raw_datasets/split_000/random_label/dataset.npz,2703024,adam,2533,0.0,0.5107421875,0.002397014409050155,1.2272713774336794,3.204569429554396,17.54949779537964,0.22416214384693478,5.129248032805158,7.982037332739156,8.358058284399942
3,0,random_label,25,02_dnn/08_mnist/runs/final/single_dataset_12x12_n_train_512_60ref_sparse_wide_4rule_lowtv/04_exact_reference_search/selected_reference_pool/split_000/random_label/ref_025/theta.npy,02_dnn/08_mnist/runs/final/single_dataset_12x12_n_train_512_60ref_sparse_wide_4rule_lowtv/01_dataset_prepare/raw_datasets/split_000/random_label/dataset.npz,2703025,adam,2533,0.0,0.5029296875,0.0017449314675436495,0.8934049113823486,3.336494135716786,17.222630134826687,0.6705767463786569,5.477783310348663,8.71592759034915,8.634511982303726
3,0,random_label,26,02_dnn/08_mnist/runs/final/single_dataset_12x12_n_train_512_60ref_sparse_wide_4rule_lowtv/04_exact_reference_search/selected_reference_pool/split_000/random_label/ref_026/theta.npy,02_dnn/08_mnist/runs/final/single_dataset_12x12_n_train_512_60ref_sparse_wide_4rule_lowtv/01_dataset_prepare/raw_datasets/split_000/random_label/dataset.npz,2703026,adam,2533,0.0,0.51708984375,0.0025015734748506796,1.280805619123548,3.809078802385959,17.718214811689496,0.1255211019801432,5.154770432675268,9.04392823450171,9.260045893056217
3,0,random_label,27,02_dnn/08_mnist/runs/final/single_dataset_12x12_n_train_512_60ref_sparse_wide_4rule_lowtv/04_exact_reference_search/selected_reference_pool/split_000/random_label/ref_027/theta.npy,02_dnn/08_mnist/runs/final/single_dataset_12x12_n_train_512_60ref_sparse_wide_4rule_lowtv/01_dataset_prepare/raw_datasets/split_000/random_label/dataset.npz,2703027,adam,2533,0.0,0.47998046875,0.0027930018955886924,1.4300169705414105,3.2651116438027854,17.074141842164828,0.2044428615802668,4.938671785941335,8.434908328043452,8.768908416974812
3,0,random_label,28,02_dnn/08_mnist/runs/final/single_dataset_12x12_n_train_512_60ref_sparse_wide_4rule_lowtv/04_exact_reference_search/selected_reference_pool/split_000/random_label/ref_028/theta.npy,02_dnn/08_mnist/runs/final/single_dataset_12x12_n_train_512_60ref_sparse_wide_4rule_lowtv/01_dataset_prepare/raw_datasets/split_000/random_label/dataset.npz,2703028,adam,2533,0.0,0.51123046875,0.0019186221657289662,0.9823345488532307,3.4638468739511614,17.336357070694174,1.8908893075740392,5.068484921298692,8.623406192138027,8.499414251748567
3,0,random_label,29,02_dnn/08_mnist/runs/final/single_dataset_12x12_n_train_512_60ref_sparse_wide_4rule_lowtv/04_exact_reference_search/selected_reference_pool/split_000/random_label/ref_029/theta.npy,02_dnn/08_mnist/runs/final/single_dataset_12x12_n_train_512_60ref_sparse_wide_4rule_lowtv/01_dataset_prepare/raw_datasets/split_000/random_label/dataset.npz,2703029,adam,2533,0.0,0.505859375,0.00350561218006196,1.7948734361917236,3.024219146491941,18.765668136526735,0.33244424716160714,4.590069870877202,7.517776853027958,7.648952618726311
3,0,random_label,30,02_dnn/08_mnist/runs/final/single_dataset_12x12_n_train_512_60ref_sparse_wide_4rule_lowtv/04_exact_reference_search/selected_reference_pool/split_000/random_label/ref_030/theta.npy,02_dnn/08_mnist/runs/final/single_dataset_12x12_n_train_512_60ref_sparse_wide_4rule_lowtv/01_dataset_prepare/raw_datasets/split_000/random_label/dataset.npz,2703030,adam,2533,0.0,0.52099609375,0.00276291352958349,1.4146117271467469,3.4391312717594316,15.169298288786123,1.2025498016193983,4.560745590553177,8.017814746859605,8.2584365568191
3,0,random_label,31,02_dnn/08_mnist/runs/final/single_dataset_12x12_n_train_512_60ref_sparse_wide_4rule_lowtv/04_exact_reference_search/selected_reference_pool/split_000/random_label/ref_031/theta.npy,02_dnn/08_mnist/runs/final/single_dataset_12x12_n_train_512_60ref_sparse_wide_4rule_lowtv/01_dataset_prepare/raw_datasets/split_000/random_label/dataset.npz,2703031,adam,2533,0.0,0.50048828125,0.005665364642505375,2.900666696962752,2.85625467335214,16.974651039479813,1.2801321783613182,3.755511643097567,7.309588141548766,7.539529335840545
3,0,random_label,32,02_dnn/08_mnist/runs/final/single_dataset_12x12_n_train_512_60ref_sparse_wide_4rule_lowtv/04_exact_reference_search/selected_reference_pool/split_000/random_label/ref_032/theta.npy,02_dnn/08_mnist/runs/final/single_dataset_12x12_n_train_512_60ref_sparse_wide_4rule_lowtv/01_dataset_prepare/raw_datasets/split_000/random_label/dataset.npz,2703032,adam,2533,0.0,0.50390625,0.0051512436135446905,2.6374367301348816,3.09343383794413,16.321323941982435,0.8157051335008063,3.9025206140467494,7.99744357444883,7.915420029896454
3,0,random_label,33,02_dnn/08_mnist/runs/final/single_dataset_12x12_n_train_512_60ref_sparse_wide_4rule_lowtv/04_exact_reference_search/selected_reference_pool/split_000/random_label/ref_033/theta.npy,02_dnn/08_mnist/runs/final/single_dataset_12x12_n_train_512_60ref_sparse_wide_4rule_lowtv/01_dataset_prepare/raw_datasets/split_000/random_label/dataset.npz,2703033,adam,2533,0.0,0.513671875,0.008668540211474954,4.438292588275177,2.5793607914397696,17.044723731774855,0.019225787517363147,3.4541999719756578,6.360489299622932,6.662628229093013
3,0,random_label,34,02_dnn/08_mnist/runs/final/single_dataset_12x12_n_train_512_60ref_sparse_wide_4rule_lowtv/04_exact_reference_search/selected_reference_pool/split_000/random_label/ref_034/theta.npy,02_dnn/08_mnist/runs/final/single_dataset_12x12_n_train_512_60ref_sparse_wide_4rule_lowtv/01_dataset_prepare/raw_datasets/split_000/random_label/dataset.npz,2703034,adam,2533,0.0,0.51416015625,0.01772753394183965,9.076497378221902,2.3777984326895294,16.729531879804878,0.2004912628175597,2.4725603173349633,5.657032088752912,5.817903100745484
3,0,random_label,35,02_dnn/08_mnist/runs/final/single_dataset_12x12_n_train_512_60ref_sparse_wide_4rule_lowtv/04_exact_reference_search/selected_reference_pool/split_000/random_label/ref_035/theta.npy,02_dnn/08_mnist/runs/final/single_dataset_12x12_n_train_512_60ref_sparse_wide_4rule_lowtv/01_dataset_prepare/raw_datasets/split_000/random_label/dataset.npz,2703035,adam,2533,0.0,0.49853515625,0.001970664794528674,1.0089803747986812,3.5168666156704207,18.06090897446562,0.260857779191477,5.866327359987524,8.806193394799575,8.945040722357817
3,0,random_label,36,02_dnn/08_mnist/runs/final/single_dataset_12x12_n_train_512_60ref_sparse_wide_4rule_lowtv/04_exact_reference_search/selected_reference_pool/split_000/random_label/ref_036/theta.npy,02_dnn/08_mnist/runs/final/single_dataset_12x12_n_train_512_60ref_sparse_wide_4rule_lowtv/01_dataset_prepare/raw_datasets/split_000/random_label/dataset.npz,2703036,adam,2533,0.0,0.517578125,0.0043070138284658655,2.205191080174523,3.468024214392233,16.687645537065375,0.022534544562339942,4.281555418663084,8.356942901354055,8.54095133374987
3,0,random_label,37,02_dnn/08_mnist/runs/final/single_dataset_12x12_n_train_512_60ref_sparse_wide_4rule_lowtv/04_exact_reference_search/selected_reference_pool/split_000/random_label/ref_037/theta.npy,02_dnn/08_mnist/runs/final/single_dataset_12x12_n_train_512_60ref_sparse_wide_4rule_lowtv/01_dataset_prepare/raw_datasets/split_000/random_label/dataset.npz,2703037,adam,2533,0.0,0.5009765625,0.0030671970156163643,1.5704048719955785,3.304187758380733,17.963965765149897,0.6892663350709749,4.834385918503903,8.415587133282179,8.260441864296522
3,0,random_label,38,02_dnn/08_mnist/runs/final/single_dataset_12x12_n_train_512_60ref_sparse_wide_4rule_lowtv/04_exact_reference_search/selected_reference_pool/split_000/random_label/ref_038/theta.npy,02_dnn/08_mnist/runs/final/single_dataset_12x12_n_train_512_60ref_sparse_wide_4rule_lowtv/01_dataset_prepare/raw_datasets/split_000/random_label/dataset.npz,2703038,adam,2533,0.0,0.509765625,0.0071106702048389404,3.6406631448775375,2.8984509361723605,15.378368705210034,1.0624772620643417,3.5213017783599287,7.253558534448498,7.5360048663370645
3,0,random_label,39,02_dnn/08_mnist/runs/final/single_dataset_12x12_n_train_512_60ref_sparse_wide_4rule_lowtv/04_exact_reference_search/selected_reference_pool/split_000/random_label/ref_039/theta.npy,02_dnn/08_mnist/runs/final/single_dataset_12x12_n_train_512_60ref_sparse_wide_4rule_lowtv/01_dataset_prepare/raw_datasets/split_000/random_label/dataset.npz,2703039,adam,2533,0.0,0.50537109375,0.004335068972556854,2.219555313949109,3.125412011754034,19.00498916595366,0.14918764023902753,4.215912500459824,7.851317472109401,8.061782827527777
3,0,random_label,40,02_dnn/08_mnist/runs/final/single_dataset_12x12_n_train_512_60ref_sparse_wide_4rule_lowtv/04_exact_reference_search/selected_reference_pool/split_000/random_label/ref_040/theta.npy,02_dnn/08_mnist/runs/final/single_dataset_12x12_n_train_512_60ref_sparse_wide_4rule_lowtv/01_dataset_prepare/raw_datasets/split_000/random_label/dataset.npz,2703040,adam,2533,0.0,0.50732421875,0.002417486835075847,1.2377532595588336,3.2609720215836915,20.20278452604741,0.04739055330594333,5.571138135602512,6.857391903237663,8.213658288776532
3,0,random_label,41,02_dnn/08_mnist/runs/final/single_dataset_12x12_n_train_512_60ref_sparse_wide_4rule_lowtv/04_exact_reference_search/selected_reference_pool/split_000/random_label/ref_041/theta.npy,02_dnn/08_mnist/runs/final/single_dataset_12x12_n_train_512_60ref_sparse_wide_4rule_lowtv/01_dataset_prepare/raw_datasets/split_000/random_label/dataset.npz,2703041,adam,2533,0.0,0.51953125,0.006252404906761511,3.2012313122618936,3.346735119155714,16.11790040365956,0.5544193993693165,4.007406861713471,8.050964812257632,8.245628015243014
3,0,random_label,42,02_dnn/08_mnist/runs/final/single_dataset_12x12_n_train_512_60ref_sparse_wide_4rule_lowtv/04_exact_reference_search/selected_reference_pool/split_000/random_label/ref_042/theta.npy,02_dnn/08_mnist/runs/final/single_dataset_12x12_n_train_512_60ref_sparse_wide_4rule_lowtv/01_dataset_prepare/raw_datasets/split_000/random_label/dataset.npz,2703042,adam,2533,0.0,0.5029296875,0.0037911543549934163,1.9410710297566292,3.1149775084824243,16.981091318282605,2.0370359290142948,3.9948296393888802,7.580384075724394,7.70171687222509
3,0,random_label,43,02_dnn/08_mnist/runs/final/single_dataset_12x12_n_train_512_60ref_sparse_wide_4rule_lowtv/04_exact_reference_search/selected_reference_pool/split_000/random_label/ref_043/theta.npy,02_dnn/08_mnist/runs/final/single_dataset_12x12_n_train_512_60ref_sparse_wide_4rule_lowtv/01_dataset_prepare/raw_datasets/split_000/random_label/dataset.npz,2703043,adam,2533,0.0,0.5244140625,0.00035817024892834787,0.1833831674513141,4.0569865328196775,17.042889263393793,3.8838128312202125,6.4062703893844954,10.11932860074959,10.169439338367177
3,0,random_label,44,02_dnn/08_mnist/runs/final/single_dataset_12x12_n_train_512_60ref_sparse_wide_4rule_lowtv/04_exact_reference_search/selected_reference_pool/split_000/random_label/ref_044/theta.npy,02_dnn/08_mnist/runs/final/single_dataset_12x12_n_train_512_60ref_sparse_wide_4rule_lowtv/01_dataset_prepare/raw_datasets/split_000/random_label/dataset.npz,2703044,adam,2533,0.0,0.513671875,0.004253045962400559,2.177559532749086,2.8297092686497702,17.655962730351483,1.8350614749311815,3.768741038512703,7.306899257519113,7.493756073311564
3,0,random_label,45,02_dnn/08_mnist/runs/final/single_dataset_12x12_n_train_512_60ref_sparse_wide_4rule_lowtv/04_exact_reference_search/selected_reference_pool/split_000/random_label/ref_045/theta.npy,02_dnn/08_mnist/runs/final/single_dataset_12x12_n_train_512_60ref_sparse_wide_4rule_lowtv/01_dataset_prepare/raw_datasets/split_000/random_label/dataset.npz,2703045,adam,2533,0.0,0.50390625,0.0023802452822325286,1.2186855845030546,3.923411461221473,17.805064635751155,0.4140906957259711,6.135157158707589,10.064646339327833,10.10250123380021
3,0,random_label,46,02_dnn/08_mnist/runs/final/single_dataset_12x12_n_train_512_60ref_sparse_wide_4rule_lowtv/04_exact_reference_search/selected_reference_pool/split_000/random_label/ref_046/theta.npy,02_dnn/08_mnist/runs/final/single_dataset_12x12_n_train_512_60ref_sparse_wide_4rule_lowtv/01_dataset_prepare/raw_datasets/split_000/random_label/dataset.npz,2703046,adam,2533,0.0,0.4990234375,0.0040167054255554205,2.0565531778843753,3.105542826014254,16.83078352535331,0.09795203247982553,4.347189015555059,8.017363236037774,8.282955052702519
3,0,random_label,47,02_dnn/08_mnist/runs/final/single_dataset_12x12_n_train_512_60ref_sparse_wide_4rule_lowtv/04_exact_reference_search/selected_reference_pool/split_000/random_label/ref_047/theta.npy,02_dnn/08_mnist/runs/final/single_dataset_12x12_n_train_512_60ref_sparse_wide_4rule_lowtv/01_dataset_prepare/raw_datasets/split_000/random_label/dataset.npz,2703047,adam,2533,0.0,0.5263671875,0.0030466566981847978,1.5598882294706164,3.3331219439757245,16.817720570413236,2.1867974636804774,4.269339126698273,7.914719783996803,8.20513592541586
3,0,random_label,48,02_dnn/08_mnist/runs/final/single_dataset_12x12_n_train_512_60ref_sparse_wide_4rule_lowtv/04_exact_reference_search/selected_reference_pool/split_000/random_label/ref_048/theta.npy,02_dnn/08_mnist/runs/final/single_dataset_12x12_n_train_512_60ref_sparse_wide_4rule_lowtv/01_dataset_prepare/raw_datasets/split_000/random_label/dataset.npz,2703048,adam,2533,0.0,0.505859375,0.003246247772497513,1.6620788595187266,3.141078204228475,17.730362533067836,0.2840177291272964,4.738586564792138,8.104006271723506,8.245699782903992
3,0,random_label,49,02_dnn/08_mnist/runs/final/single_dataset_12x12_n_train_512_60ref_sparse_wide_4rule_lowtv/04_exact_reference_search/selected_reference_pool/split_000/random_label/ref_049/theta.npy,02_dnn/08_mnist/runs/final/single_dataset_12x12_n_train_512_60ref_sparse_wide_4rule_lowtv/01_dataset_prepare/raw_datasets/split_000/random_label/dataset.npz,2703049,adam,2533,0.0,0.50390625,0.007429098454170051,3.803698408535066,2.559934707180899,18.458519435711576,1.0307837796084396,3.6287069324087415,6.697209131343195,6.823601353849307
3,0,random_label,50,02_dnn/08_mnist/runs/final/single_dataset_12x12_n_train_512_60ref_sparse_wide_4rule_lowtv/04_exact_reference_search/selected_reference_pool/split_000/random_label/ref_050/theta.npy,02_dnn/08_mnist/runs/final/single_dataset_12x12_n_train_512_60ref_sparse_wide_4rule_lowtv/01_dataset_prepare/raw_datasets/split_000/random_label/dataset.npz,2703050,adam,2533,0.0,0.50244140625,0.0022080641124836028,1.1305288255916046,3.583351761140433,16.732469356369567,1.5292913755794468,4.507548016860171,8.83206111885458,8.936571747073051
3,0,random_label,51,02_dnn/08_mnist/runs/final/single_dataset_12x12_n_train_512_60ref_sparse_wide_4rule_lowtv/04_exact_reference_search/selected_reference_pool/split_000/random_label/ref_051/theta.npy,02_dnn/08_mnist/runs/final/single_dataset_12x12_n_train_512_60ref_sparse_wide_4rule_lowtv/01_dataset_prepare/raw_datasets/split_000/random_label/dataset.npz,2703051,adam,2533,0.0,0.52392578125,0.002038523934804649,1.0437242546199803,3.6521795328315205,16.61918325177069,1.0446064840330314,5.492138659396008,8.654079786460645,8.748440060394564
3,0,random_label,52,02_dnn/08_mnist/runs/final/single_dataset_12x12_n_train_512_60ref_sparse_wide_4rule_lowtv/04_exact_reference_search/selected_reference_pool/split_000/random_label/ref_052/theta.npy,02_dnn/08_mnist/runs/final/single_dataset_12x12_n_train_512_60ref_sparse_wide_4rule_lowtv/01_dataset_prepare/raw_datasets/split_000/random_label/dataset.npz,2703052,adam,2533,0.0,0.50830078125,0.0024450006211783545,1.2518403180433175,3.3330424079846943,19.36178971445582,0.03829623061166032,4.95627536904697,8.419553220415459,8.663828318030049
3,0,random_label,53,02_dnn/08_mnist/runs/final/single_dataset_12x12_n_train_512_60ref_sparse_wide_4rule_lowtv/04_exact_reference_search/selected_reference_pool/split_000/random_label/ref_053/theta.npy,02_dnn/08_mnist/runs/final/single_dataset_12x12_n_train_512_60ref_sparse_wide_4rule_lowtv/01_dataset_prepare/raw_datasets/split_000/random_label/dataset.npz,2703053,adam,2533,0.0,0.4990234375,0.0013436665796551276,0.6879572887834253,3.640773149091059,16.700096550125878,1.6259700479041341,5.2633083246730505,9.25188396378028,9.327849266503728
3,0,random_label,54,02_dnn/08_mnist/runs/final/single_dataset_12x12_n_train_512_60ref_sparse_wide_4rule_lowtv/04_exact_reference_search/selected_reference_pool/split_000/random_label/ref_054/theta.npy,02_dnn/08_mnist/runs/final/single_dataset_12x12_n_train_512_60ref_sparse_wide_4rule_lowtv/01_dataset_prepare/raw_datasets/split_000/random_label/dataset.npz,2703054,adam,2533,0.0,0.50537109375,0.0013392571514689398,0.6856996615520972,3.4033092560584146,17.463818053003898,2.308875747654686,5.176273066982515,8.580446982932187,8.79869478914824
3,0,random_label,55,02_dnn/08_mnist/runs/final/single_dataset_12x12_n_train_512_60ref_sparse_wide_4rule_lowtv/04_exact_reference_search/selected_reference_pool/split_000/random_label/ref_055/theta.npy,02_dnn/08_mnist/runs/final/single_dataset_12x12_n_train_512_60ref_sparse_wide_4rule_lowtv/01_dataset_prepare/raw_datasets/split_000/random_label/dataset.npz,2703055,adam,2533,0.0,0.5048828125,0.001908576865559709,0.977191355166571,3.5264073722764318,17.353823865248106,0.3896395028908557,5.692616100265803,8.856512683446702,8.879845710591653
3,0,random_label,56,02_dnn/08_mnist/runs/final/single_dataset_12x12_n_train_512_60ref_sparse_wide_4rule_lowtv/04_exact_reference_search/selected_reference_pool/split_000/random_label/ref_056/theta.npy,02_dnn/08_mnist/runs/final/single_dataset_12x12_n_train_512_60ref_sparse_wide_4rule_lowtv/01_dataset_prepare/raw_datasets/split_000/random_label/dataset.npz,2703056,adam,2533,0.0,0.5068359375,0.005862468855440926,3.001584053985754,3.1023265008658525,16.527465794013946,0.4749393345731593,3.6186104111343567,7.693707668287342,7.86007798968202
3,0,random_label,57,02_dnn/08_mnist/runs/final/single_dataset_12x12_n_train_512_60ref_sparse_wide_4rule_lowtv/04_exact_reference_search/selected_reference_pool/split_000/random_label/ref_057/theta.npy,02_dnn/08_mnist/runs/final/single_dataset_12x12_n_train_512_60ref_sparse_wide_4rule_lowtv/01_dataset_prepare/raw_datasets/split_000/random_label/dataset.npz,2703057,adam,2533,0.0,0.5166015625,0.0031855509841262754,1.631002103872653,3.3116141196213515,17.161081266992216,1.5972751722875809,4.441906435731759,7.882108532290362,8.152449539167199
3,0,random_label,58,02_dnn/08_mnist/runs/final/single_dataset_12x12_n_train_512_60ref_sparse_wide_4rule_lowtv/04_exact_reference_search/selected_reference_pool/split_000/random_label/ref_058/theta.npy,02_dnn/08_mnist/runs/final/single_dataset_12x12_n_train_512_60ref_sparse_wide_4rule_lowtv/01_dataset_prepare/raw_datasets/split_000/random_label/dataset.npz,2703058,adam,2533,0.0,0.49853515625,0.003899764769286188,1.9966795618745283,3.2570991677077643,17.225908929185444,2.061242416134869,4.040238486089162,7.8479269285893425,8.150807568987656
3,0,random_label,59,02_dnn/08_mnist/runs/final/single_dataset_12x12_n_train_512_60ref_sparse_wide_4rule_lowtv/04_exact_reference_search/selected_reference_pool/split_000/random_label/ref_059/theta.npy,02_dnn/08_mnist/runs/final/single_dataset_12x12_n_train_512_60ref_sparse_wide_4rule_lowtv/01_dataset_prepare/raw_datasets/split_000/random_label/dataset.npz,2703059,adam,2533,0.0,0.5048828125,0.002812526523300359,1.4400135799297837,2.967827189725188,16.9063001944239,2.4651243515967747,4.382037501429673,7.343351983146364,7.687176206509669
