eta,ref_id,radius,phi_energy_raw
0.02,0,0.01,-0.0002551375962759
0.02,0,0.02,-0.0002908267911523
0.02,0,0.03,-0.0003734353592994
0.02,0,0.04,-0.0005357452920253
0.02,0,0.05,-0.0008132716747512
0.02,0,0.06,-0.0012216038661755
0.02,0,0.07,-0.0017775692231588
0.02,0,0.08,-0.0024687045071667
0.02,0,0.09,-0.0032346422307668
0.02,0,0.1,-0.0042817708938158
0.02,0,0.11,-0.0054071933196664
0.02,0,0.12,-0.0065219120339962
0.02,0,0.13,-0.0074771261113575
0.02,0,0.14,-0.0089596488687782
0.02,0,0.15,-0.0104214365944272
0.02,0,0.16,-0.0125838918224759
0.02,0,0.17,-0.0139307841687912
0.02,0,0.18,-0.0154370963271933
0.02,0,0.19,-0.0148414172759129
0.02,0,0.2,-0.018772266807286
0.02,0,0.21,-0.0199867674186756
0.02,0,0.22,-0.022983669095066
0.02,0,0.23,-0.0239025154541517
0.02,0,0.24,-0.0246910902674825
0.02,0,0.25,-0.0265693220471288
0.02,0,0.26,-0.026251159109437
0.02,0,0.27,-0.0276395126091459
0.02,0,0.28,-0.0309464045018087
0.02,0,0.29,-0.0284560835293953
0.02,0,0.3,-0.0330544133469866
0.02,0,0.31,-0.0357883609516834
0.02,0,0.32,-0.0355798242359056
0.02,0,0.33,-0.0370741172362584
0.02,0,0.34,-0.039531033600479
0.02,0,0.35,-0.0414328203079297
0.02,0,0.36,-0.0406863978999785
0.02,0,0.37,-0.0421949491184719
0.02,0,0.38,-0.0429919383422237
0.02,0,0.39,-0.0435847156669611
0.02,0,0.4,-0.0452166361352305
0.02,0,0.41,-0.0500334188618175
0.02,0,0.42,-0.0450752421229832
0.02,0,0.43,-0.0511321169574089
0.02,0,0.44,-0.0500917601042293
0.02,0,0.45,-0.0505821665231552
0.02,0,0.46,-0.050586646518526
0.02,0,0.47,-0.0535088891982351
0.02,0,0.48,-0.0537306091776047
0.02,0,0.49,-0.0488093860201295
0.02,0,0.5,-0.056368692854947
0.02,0,0.51,-0.0581016328010172
0.02,0,0.52,-0.0601218086226199
0.02,0,0.53,-0.0571066876460186
0.02,0,0.54,-0.0553009756705176
0.02,0,0.55,-0.0571698575718653
0.02,0,0.56,-0.0599314425977111
0.02,0,0.57,-0.0597001951795587
0.02,0,0.58,-0.0602344584079479
0.02,0,0.59,-0.0602416707177041
0.02,0,0.6,-0.0615590497430398
0.02,0,0.61,-0.0619595779309353
0.02,0,0.62,-0.0659826763309685
0.02,0,0.63,-0.0637073737196116
0.02,0,0.64,-0.0614503472169463
0.02,0,0.65,-0.0638811284978414
0.02,0,0.66,-0.0630288819179044
0.02,0,0.67,-0.066830827544588
0.02,0,0.68,-0.0667939274286608
0.02,0,0.69,-0.067172755306723
0.02,0,0.7,-0.0673659804679746
0.02,0,0.71,-0.067715519142384
0.02,0,0.72,-0.0688363346633174
0.02,0,0.73,-0.0687575836277771
0.02,0,0.74,-0.0693703789112907
0.02,0,0.75,-0.0718051956040591
0.02,0,0.76,-0.0739517336205695
0.02,0,0.77,-0.0723463046080015
0.02,0,0.78,-0.0754153866525131
0.02,0,0.79,-0.0778609527901011
0.02,0,0.8,-0.0730110273993339
0.02,0,0.81,-0.0662461374978447
0.02,0,0.82,-0.0768346055810833
0.02,0,0.83,-0.0727866744605476
0.02,0,0.84,-0.0789536670260029
0.02,0,0.85,-0.0764671224859458
0.02,0,0.86,-0.0750455974063177
0.02,0,0.87,-0.0770737572580306
0.02,0,0.88,-0.0798027616742242
0.02,0,0.89,-0.0787937291440087
0.02,0,0.9,-0.081694250613766
0.02,0,0.91,-0.080749989573977
0.02,0,0.92,-0.0817734675254457
0.02,0,0.93,-0.0741381235339197
0.02,0,0.94,-0.0778355533353925
0.02,0,0.95,-0.0835995513769567
0.02,0,0.96,-0.083294760373463
0.02,0,0.97,-0.0841768451416284
0.02,0,0.98,-0.0804054227000274
0.02,0,0.99,-0.0789132912475714
0.02,0,1.0,-0.0767374211852366
0.02,1,0.01,-0.0009515748033826
0.02,1,0.02,-0.0010185221226443
0.02,1,0.03,-0.001144962181413
0.02,1,0.04,-0.0013620601880956
0.02,1,0.05,-0.0016874447418975
0.02,1,0.06,-0.0021251254532355
0.02,1,0.07,-0.0027573716797217
0.02,1,0.08,-0.003536624040348
0.02,1,0.09,-0.0043805978861145
0.02,1,0.1,-0.0053870492854326
0.02,1,0.11,-0.0065492330322238
0.02,1,0.12,-0.0076993307256403
0.02,1,0.13,-0.0087693652473399
0.02,1,0.14,-0.0104902683139056
0.02,1,0.15,-0.0119031288596198
0.02,1,0.16,-0.0134690506757735
0.02,1,0.17,-0.0137686552445191
0.02,1,0.18,-0.0164039221069046
0.02,1,0.19,-0.0178680130023561
0.02,1,0.2,-0.0182303278712187
0.02,1,0.21,-0.0211953537003447
0.02,1,0.22,-0.0232499446811744
0.02,1,0.23,-0.0247713416752121
0.02,1,0.24,-0.0255025059516959
0.02,1,0.25,-0.0280593753838704
0.02,1,0.26,-0.030009757185922
0.02,1,0.27,-0.0279568661879515
0.02,1,0.28,-0.0301304601380599
0.02,1,0.29,-0.0329051837516945
0.02,1,0.3,-0.0358776082482203
0.02,1,0.31,-0.0362625182839566
0.02,1,0.32,-0.0339326819236066
0.02,1,0.33,-0.036281413910465
0.02,1,0.34,-0.037933378518402
0.02,1,0.35,-0.0376900142701991
0.02,1,0.36,-0.043282139908267
0.02,1,0.37,-0.0448617918552381
0.02,1,0.38,-0.0458198496905761
0.02,1,0.39,-0.0470756368407887
0.02,1,0.4,-0.0471593196363934
0.02,1,0.41,-0.0469568751427345
0.02,1,0.42,-0.0483563584049079
0.02,1,0.43,-0.0478193637535244
0.02,1,0.44,-0.0510089662972748
0.02,1,0.45,-0.0470462791633934
0.02,1,0.46,-0.0541207719886925
0.02,1,0.47,-0.0527020700519251
0.02,1,0.48,-0.0510883935881016
0.02,1,0.49,-0.0525791921441473
0.02,1,0.5,-0.0491083574279526
0.02,1,0.51,-0.0492242135242537
0.02,1,0.52,-0.059849521757747
0.02,1,0.53,-0.0581419662352856
0.02,1,0.54,-0.0571677062514048
0.02,1,0.55,-0.0598651688140395
0.02,1,0.56,-0.0598690108872408
0.02,1,0.57,-0.0570931983990984
0.02,1,0.58,-0.061653758115119
0.02,1,0.59,-0.061516494144737
0.02,1,0.6,-0.0609119857473069
0.02,1,0.61,-0.0611798782676042
0.02,1,0.62,-0.06315207979037
0.02,1,0.63,-0.0621710221227113
0.02,1,0.64,-0.0673051339027024
0.02,1,0.65,-0.0675043741444989
0.02,1,0.66,-0.0618548591999984
0.02,1,0.67,-0.0634593981045399
0.02,1,0.68,-0.0661722332009985
0.02,1,0.69,-0.0694727009698867
0.02,1,0.7,-0.0638702434372608
0.02,1,0.71,-0.0724495198528889
0.02,1,0.72,-0.0679323928901777
0.02,1,0.73,-0.0695021556852457
0.02,1,0.74,-0.0705419662366546
0.02,1,0.75,-0.073256557571932
0.02,1,0.76,-0.0732625414426633
0.02,1,0.77,-0.0719748681100353
0.02,1,0.78,-0.0735085141374167
0.02,1,0.79,-0.0767955207294681
0.02,1,0.8,-0.070596842352273
0.02,1,0.81,-0.0758048106185112
0.02,1,0.82,-0.0749020342736837
0.02,1,0.83,-0.0768389400499345
0.02,1,0.84,-0.0789661542368718
0.02,1,0.85,-0.0767579319508298
0.02,1,0.86,-0.0710393501442807
0.02,1,0.87,-0.0766067284340816
0.02,1,0.88,-0.0783391761415332
0.02,1,0.89,-0.0795954893592947
0.02,1,0.9,-0.0800609777751052
0.02,1,0.91,-0.0842693677130599
0.02,1,0.92,-0.0780857149649153
0.02,1,0.93,-0.0851562566737167
0.02,1,0.94,-0.081777643464597
0.02,1,0.95,-0.0835450154867264
0.02,1,0.96,-0.083034899845512
0.02,1,0.97,-0.0874376236751126
0.02,1,0.98,-0.0827097754919957
0.02,1,0.99,-0.0830631306485647
0.02,1,1.0,-0.0849267343355719
0.02,2,0.01,-0.0003359770054209
0.02,2,0.02,-0.0003810673177667
0.02,2,0.03,-0.000487051280803
0.02,2,0.04,-0.0006848308107553
0.02,2,0.05,-0.0010374828154353
0.02,2,0.06,-0.0015449436360284
0.02,2,0.07,-0.0022019061456688
0.02,2,0.08,-0.0029446532498655
0.02,2,0.09,-0.0038123524584028
0.02,2,0.1,-0.0050394733100396
0.02,2,0.11,-0.0057779157409793
0.02,2,0.12,-0.0075551232211443
0.02,2,0.13,-0.0085677842977801
0.02,2,0.14,-0.0107872915023155
0.02,2,0.15,-0.0122096539768534
0.02,2,0.16,-0.0138046924055006
0.02,2,0.17,-0.0145353042812951
0.02,2,0.18,-0.0170923432464619
0.02,2,0.19,-0.0202174738030075
0.02,2,0.2,-0.0208377687349771
0.02,2,0.21,-0.0190787113005148
0.02,2,0.22,-0.0238214693020526
0.02,2,0.23,-0.026494941118635
0.02,2,0.24,-0.0284092770815292
0.02,2,0.25,-0.0263193122705785
0.02,2,0.26,-0.0317075237284926
0.02,2,0.27,-0.0326569906590629
0.02,2,0.28,-0.0340305296706681
0.02,2,0.29,-0.0350300108606648
0.02,2,0.3,-0.0355778305699819
0.02,2,0.31,-0.0351624233181641
0.02,2,0.32,-0.037268229775546
0.02,2,0.33,-0.0429680459802932
0.02,2,0.34,-0.0405983565232531
0.02,2,0.35,-0.0405484647703059
0.02,2,0.36,-0.0454253003659043
0.02,2,0.37,-0.0455365570329884
0.02,2,0.38,-0.0444510358438252
0.02,2,0.39,-0.0442136724689734
0.02,2,0.4,-0.0479054715830499
0.02,2,0.41,-0.0483796573166386
0.02,2,0.42,-0.0542028367573465
0.02,2,0.43,-0.0500085185069375
0.02,2,0.44,-0.0525525696061502
0.02,2,0.45,-0.0523496869531928
0.02,2,0.46,-0.0508706953287961
0.02,2,0.47,-0.0496810500637491
0.02,2,0.48,-0.0586438062907633
0.02,2,0.49,-0.0554071585858839
0.02,2,0.5,-0.0570650184957517
0.02,2,0.51,-0.0594364467499426
0.02,2,0.52,-0.061325283618787
0.02,2,0.53,-0.0586713804331797
0.02,2,0.54,-0.062415933163607
0.02,2,0.55,-0.0633213416309561
0.02,2,0.56,-0.0641191943064561
0.02,2,0.57,-0.0638540034202794
0.02,2,0.58,-0.0633935433446095
0.02,2,0.59,-0.0623000490480728
0.02,2,0.6,-0.0670678005282795
0.02,2,0.61,-0.0648470149303423
0.02,2,0.62,-0.0664870350902554
0.02,2,0.63,-0.0659348106286132
0.02,2,0.64,-0.0707116721191894
0.02,2,0.65,-0.063782483829631
0.02,2,0.66,-0.0651375652037431
0.02,2,0.67,-0.0731601233465556
0.02,2,0.68,-0.072798987835857
0.02,2,0.69,-0.0735581873910717
0.02,2,0.7,-0.0660996950573222
0.02,2,0.71,-0.0674524691356153
0.02,2,0.72,-0.0726073474946394
0.02,2,0.73,-0.0739276836559296
0.02,2,0.74,-0.0776692758177038
0.02,2,0.75,-0.0760256109802526
0.02,2,0.76,-0.0760046185404317
0.02,2,0.77,-0.0755105304924614
0.02,2,0.78,-0.0767666420760729
0.02,2,0.79,-0.0812748567136337
0.02,2,0.8,-0.0780060594056869
0.02,2,0.81,-0.0783090281102335
0.02,2,0.82,-0.0796703636111419
0.02,2,0.83,-0.0765215772380627
0.02,2,0.84,-0.0843362663741706
0.02,2,0.85,-0.0803261015091118
0.02,2,0.86,-0.0802208034917713
0.02,2,0.87,-0.0818877109695835
0.02,2,0.88,-0.0812518442830288
0.02,2,0.89,-0.0805310153473188
0.02,2,0.9,-0.0805859110456984
0.02,2,0.91,-0.0837190357314227
0.02,2,0.92,-0.0860650056204905
0.02,2,0.93,-0.0782852344631975
0.02,2,0.94,-0.0778990305806132
0.02,2,0.95,-0.0812697456411134
0.02,2,0.96,-0.0848259461052007
0.02,2,0.97,-0.0877940856009219
0.02,2,0.98,-0.0821793343840937
0.02,2,0.99,-0.0844664620998362
0.02,2,1.0,-0.0911279395220266
0.02,3,0.01,-0.0002484721233834
0.02,3,0.02,-0.0002731078533418
0.02,3,0.03,-0.0003297028577188
0.02,3,0.04,-0.0004430186468561
0.02,3,0.05,-0.0006687626234789
0.02,3,0.06,-0.0010298198328462
0.02,3,0.07,-0.0015003140906616
0.02,3,0.08,-0.0021778235063739
0.02,3,0.09,-0.0029135724288006
0.02,3,0.1,-0.0038606602567132
0.02,3,0.11,-0.0048793808049316
0.02,3,0.12,-0.0063933714128541
0.02,3,0.13,-0.0076403364693968
0.02,3,0.14,-0.0083827007134866
0.02,3,0.15,-0.0099919028984888
0.02,3,0.16,-0.0117442102486323
0.02,3,0.17,-0.0128641334642232
0.02,3,0.18,-0.0151172113298912
0.02,3,0.19,-0.018050284976936
0.02,3,0.2,-0.0181538845845574
0.02,3,0.21,-0.0202937616385487
0.02,3,0.22,-0.0212042111252158
0.02,3,0.23,-0.0211355927069661
0.02,3,0.24,-0.0238331291134291
0.02,3,0.25,-0.0256558751251539
0.02,3,0.26,-0.0276363173673545
0.02,3,0.27,-0.0249863517462609
0.02,3,0.28,-0.0309925100022764
0.02,3,0.29,-0.0296397122037539
0.02,3,0.3,-0.0300549905984652
0.02,3,0.31,-0.0361695752786481
0.02,3,0.32,-0.0353675877536685
0.02,3,0.33,-0.0355857133758252
0.02,3,0.34,-0.0363710958155919
0.02,3,0.35,-0.0383699794245036
0.02,3,0.36,-0.0374258020732523
0.02,3,0.37,-0.043546564622601
0.02,3,0.38,-0.0418356407408336
0.02,3,0.39,-0.0457875867207669
0.02,3,0.4,-0.0458933319150669
0.02,3,0.41,-0.0448177079205082
0.02,3,0.42,-0.0479575677361652
0.02,3,0.43,-0.0459882169173661
0.02,3,0.44,-0.0471095795355802
0.02,3,0.45,-0.0506684327756317
0.02,3,0.46,-0.0495024431420642
0.02,3,0.47,-0.0498867001671676
0.02,3,0.48,-0.053578836187671
0.02,3,0.49,-0.0520975534337902
0.02,3,0.5,-0.0545554620036466
0.02,3,0.51,-0.057356946798702
0.02,3,0.52,-0.0544170306037117
0.02,3,0.53,-0.0546617253105452
0.02,3,0.54,-0.0581522712771764
0.02,3,0.55,-0.0571020704627398
0.02,3,0.56,-0.0577351192317653
0.02,3,0.57,-0.0596469204053892
0.02,3,0.58,-0.0625930408896546
0.02,3,0.59,-0.0596556431971787
0.02,3,0.6,-0.062042036246758
0.02,3,0.61,-0.05892803020869
0.02,3,0.62,-0.0638499743150819
0.02,3,0.63,-0.0640147156445447
0.02,3,0.64,-0.0605486069889533
0.02,3,0.65,-0.0654234525882863
0.02,3,0.66,-0.0659070288053691
0.02,3,0.67,-0.0700832579399428
0.02,3,0.68,-0.0648483902752074
0.02,3,0.69,-0.0685699639474755
0.02,3,0.7,-0.0702858489300834
0.02,3,0.71,-0.070429883594772
0.02,3,0.72,-0.0718309002776755
0.02,3,0.73,-0.0690958532714551
0.02,3,0.74,-0.0691284904230735
0.02,3,0.75,-0.071324029468917
0.02,3,0.76,-0.0699271155563273
0.02,3,0.77,-0.0735722483950719
0.02,3,0.78,-0.0724390948458341
0.02,3,0.79,-0.0731909606214085
0.02,3,0.8,-0.0758227615916432
0.02,3,0.81,-0.074560573977824
0.02,3,0.82,-0.0789308141374788
0.02,3,0.83,-0.0771084207978567
0.02,3,0.84,-0.0818557786208749
0.02,3,0.85,-0.0792302932163317
0.02,3,0.86,-0.0727999299837175
0.02,3,0.87,-0.0813072284260359
0.02,3,0.88,-0.0804187089778331
0.02,3,0.89,-0.0772256754235007
0.02,3,0.9,-0.0810606218172564
0.02,3,0.91,-0.0826163689727684
0.02,3,0.92,-0.0797320366768573
0.02,3,0.93,-0.0834176769932769
0.02,3,0.94,-0.084949384801038
0.02,3,0.95,-0.0819096200246877
0.02,3,0.96,-0.0808691104530301
0.02,3,0.97,-0.0828194136961389
0.02,3,0.98,-0.0844129687951603
0.02,3,0.99,-0.0870758794356791
0.02,3,1.0,-0.0859004538609598
0.02,4,0.01,-0.0002460098222063
0.02,4,0.02,-0.0002779855158036
0.02,4,0.03,-0.0003559808452316
0.02,4,0.04,-0.0005210397706512
0.02,4,0.05,-0.0008464042937067
0.02,4,0.06,-0.0012801884346256
0.02,4,0.07,-0.0019127673198839
0.02,4,0.08,-0.0027448042580895
0.02,4,0.09,-0.0037637542408431
0.02,4,0.1,-0.0047865589079161
0.02,4,0.11,-0.0058045152401449
0.02,4,0.12,-0.0070929140862451
0.02,4,0.13,-0.0082819550382087
0.02,4,0.14,-0.0098526725434716
0.02,4,0.15,-0.0117891285243151
0.02,4,0.16,-0.0126433137903661
0.02,4,0.17,-0.0139501302949394
0.02,4,0.18,-0.0144613028385533
0.02,4,0.19,-0.0179396105327691
0.02,4,0.2,-0.0202323391137607
0.02,4,0.21,-0.0207539514759138
0.02,4,0.22,-0.0224020510529643
0.02,4,0.23,-0.0232551484661154
0.02,4,0.24,-0.0277850305331772
0.02,4,0.25,-0.0290698242723556
0.02,4,0.26,-0.0287177271250261
0.02,4,0.27,-0.0295034883633865
0.02,4,0.28,-0.0332733970736305
0.02,4,0.29,-0.0330292810739278
0.02,4,0.3,-0.0346693357721544
0.02,4,0.31,-0.0388362342553557
0.02,4,0.32,-0.038862672108918
0.02,4,0.33,-0.0399455285345865
0.02,4,0.34,-0.0393840238959954
0.02,4,0.35,-0.0371855430401901
0.02,4,0.36,-0.0436369563112437
0.02,4,0.37,-0.044899242905576
0.02,4,0.38,-0.0427230221041277
0.02,4,0.39,-0.0478034149205403
0.02,4,0.4,-0.0481868667019293
0.02,4,0.41,-0.0485749451153847
0.02,4,0.42,-0.0521775380910205
0.02,4,0.43,-0.050389474258662
0.02,4,0.44,-0.0519894433865285
0.02,4,0.45,-0.0518828400724944
0.02,4,0.46,-0.0529245588117998
0.02,4,0.47,-0.056510437118945
0.02,4,0.48,-0.0558558319877295
0.02,4,0.49,-0.0548120537677997
0.02,4,0.5,-0.0571328220962952
0.02,4,0.51,-0.0607997505665518
0.02,4,0.52,-0.0568272561731705
0.02,4,0.53,-0.0572416608252623
0.02,4,0.54,-0.0597416125879082
0.02,4,0.55,-0.0579966960014365
0.02,4,0.56,-0.061258352103545
0.02,4,0.57,-0.0595847472563312
0.02,4,0.58,-0.0633259814920594
0.02,4,0.59,-0.0651966010976866
0.02,4,0.6,-0.0616779171508737
0.02,4,0.61,-0.0629096398065864
0.02,4,0.62,-0.0644841990809604
0.02,4,0.63,-0.0694209578826925
0.02,4,0.64,-0.069872519721436
0.02,4,0.65,-0.0685392495782986
0.02,4,0.66,-0.0724610047100486
0.02,4,0.67,-0.0676179802283615
0.02,4,0.68,-0.0665613988444833
0.02,4,0.69,-0.0663761794301997
0.02,4,0.7,-0.0661472732769872
0.02,4,0.71,-0.0670345160754676
0.02,4,0.72,-0.0730326558366984
0.02,4,0.73,-0.0740654117676042
0.02,4,0.74,-0.0695007339995066
0.02,4,0.75,-0.0727292378239728
0.02,4,0.76,-0.0767067435467974
0.02,4,0.77,-0.0714002743110276
0.02,4,0.78,-0.0708257167065487
0.02,4,0.79,-0.0757776204022921
0.02,4,0.8,-0.0763506653658229
0.02,4,0.81,-0.0798579289401521
0.02,4,0.82,-0.0754681815326964
0.02,4,0.83,-0.0804693278104443
0.02,4,0.84,-0.080787621210707
0.02,4,0.85,-0.0787381237007465
0.02,4,0.86,-0.0813544519368039
0.02,4,0.87,-0.0809218156055936
0.02,4,0.88,-0.0806800734674343
0.02,4,0.89,-0.0815903687622718
0.02,4,0.9,-0.0849827823421053
0.02,4,0.91,-0.0789104724295625
0.02,4,0.92,-0.0852760219762219
0.02,4,0.93,-0.0839808112710993
0.02,4,0.94,-0.0846704775221732
0.02,4,0.95,-0.0795137440564566
0.02,4,0.96,-0.0819371204835782
0.02,4,0.97,-0.087385696509156
0.02,4,0.98,-0.0895856049198203
0.02,4,0.99,-0.0877405494540042
0.02,4,1.0,-0.0845943770282678
0.02,5,0.01,-0.0001649138369231
0.02,5,0.02,-0.0001798763353515
0.02,5,0.03,-0.0002139248559592
0.02,5,0.04,-0.0002909695263087
0.02,5,0.05,-0.0004410779651481
0.02,5,0.06,-0.0006946304038336
0.02,5,0.07,-0.0010437666739744
0.02,5,0.08,-0.0015445669342098
0.02,5,0.09,-0.0022223930936351
0.02,5,0.1,-0.0028588943891402
0.02,5,0.11,-0.0037053232569695
0.02,5,0.12,-0.0047814850314329
0.02,5,0.13,-0.0057369577477354
0.02,5,0.14,-0.0069721296633403
0.02,5,0.15,-0.0073545220573373
0.02,5,0.16,-0.0098049867553504
0.02,5,0.17,-0.0105845098129259
0.02,5,0.18,-0.0116737840228071
0.02,5,0.19,-0.0116065752048403
0.02,5,0.2,-0.0147100857157978
0.02,5,0.21,-0.014918149219448
0.02,5,0.22,-0.0169846967090524
0.02,5,0.23,-0.0197797344763881
0.02,5,0.24,-0.0207290250608931
0.02,5,0.25,-0.0220558126142098
0.02,5,0.26,-0.0236401486696261
0.02,5,0.27,-0.0235657978676094
0.02,5,0.28,-0.0252631931527608
0.02,5,0.29,-0.0266071334721994
0.02,5,0.3,-0.0296074654144275
0.02,5,0.31,-0.0310087327927895
0.02,5,0.32,-0.0328261824289428
0.02,5,0.33,-0.0344899037741187
0.02,5,0.34,-0.0369035142574159
0.02,5,0.35,-0.0375359783432159
0.02,5,0.36,-0.0368868067736539
0.02,5,0.37,-0.0383469617169597
0.02,5,0.38,-0.0383626953663959
0.02,5,0.39,-0.0389675398236059
0.02,5,0.4,-0.0410485267292242
0.02,5,0.41,-0.0443153869928932
0.02,5,0.42,-0.044249351828012
0.02,5,0.43,-0.0443848334273738
0.02,5,0.44,-0.0474331116164898
0.02,5,0.45,-0.0482688812386711
0.02,5,0.46,-0.0494025935798344
0.02,5,0.47,-0.0472634255279591
0.02,5,0.48,-0.0505974694016657
0.02,5,0.49,-0.0519813930036603
0.02,5,0.5,-0.0498627974238467
0.02,5,0.51,-0.0533078997954933
0.02,5,0.52,-0.0555885167971554
0.02,5,0.53,-0.0541017357454947
0.02,5,0.54,-0.0489800672309737
0.02,5,0.55,-0.0601437893973211
0.02,5,0.56,-0.0563908400578527
0.02,5,0.57,-0.0589055984547005
0.02,5,0.58,-0.0572742248663976
0.02,5,0.59,-0.0596466084044001
0.02,5,0.6,-0.0567715314562843
0.02,5,0.61,-0.0622308054318537
0.02,5,0.62,-0.0572265297632867
0.02,5,0.63,-0.0600166788712609
0.02,5,0.64,-0.0627709955313877
0.02,5,0.65,-0.0660150745685925
0.02,5,0.66,-0.0614616088762067
0.02,5,0.67,-0.0642490351098429
0.02,5,0.68,-0.0645669938478814
0.02,5,0.69,-0.0664089565282775
0.02,5,0.7,-0.0630076654292096
0.02,5,0.71,-0.0691622104289024
0.02,5,0.72,-0.0665164522605977
0.02,5,0.73,-0.065406906648643
0.02,5,0.74,-0.0696816601977268
0.02,5,0.75,-0.0696206620468625
0.02,5,0.76,-0.0650125442557554
0.02,5,0.77,-0.0737445993470909
0.02,5,0.78,-0.0719366573755264
0.02,5,0.79,-0.0725951039479487
0.02,5,0.8,-0.0721162978098668
0.02,5,0.81,-0.0715845598506081
0.02,5,0.82,-0.074755304729913
0.02,5,0.83,-0.0731987568900852
0.02,5,0.84,-0.0729579716328492
0.02,5,0.85,-0.0787479785463811
0.02,5,0.86,-0.0780692001346579
0.02,5,0.87,-0.0778735316828908
0.02,5,0.88,-0.0765594071070154
0.02,5,0.89,-0.0717188461203959
0.02,5,0.9,-0.0734739127916726
0.02,5,0.91,-0.0798473239218529
0.02,5,0.92,-0.0733892300683054
0.02,5,0.93,-0.0764676743229646
0.02,5,0.94,-0.0793720596909355
0.02,5,0.95,-0.0812597018720815
0.02,5,0.96,-0.082759385007767
0.02,5,0.97,-0.0812725556332706
0.02,5,0.98,-0.0833667618895646
0.02,5,0.99,-0.0819919979487341
0.02,5,1.0,-0.080629289277705
0.02,6,0.01,-0.0003631904682261
0.02,6,0.02,-0.0004029521422563
0.02,6,0.03,-0.0004898371799118
0.02,6,0.04,-0.0006515270963349
0.02,6,0.05,-0.0009431920258149
0.02,6,0.06,-0.001402055968273
0.02,6,0.07,-0.0020355472834969
0.02,6,0.08,-0.0027326560115472
0.02,6,0.09,-0.0037227130655752
0.02,6,0.1,-0.00476141462019
0.02,6,0.11,-0.005325750497283
0.02,6,0.12,-0.0075576348629368
0.02,6,0.13,-0.0081969864355537
0.02,6,0.14,-0.0098445257746342
0.02,6,0.15,-0.0111602425071117
0.02,6,0.16,-0.0133443594817846
0.02,6,0.17,-0.0139761913708699
0.02,6,0.18,-0.015074086405517
0.02,6,0.19,-0.0184232179938394
0.02,6,0.2,-0.020536471875537
0.02,6,0.21,-0.0212420106453632
0.02,6,0.22,-0.0224500508349174
0.02,6,0.23,-0.0240294822399881
0.02,6,0.24,-0.0253372086558997
0.02,6,0.25,-0.0267363677470594
0.02,6,0.26,-0.0307146835757468
0.02,6,0.27,-0.0333868260571121
0.02,6,0.28,-0.0344377193052613
0.02,6,0.29,-0.0337589349805916
0.02,6,0.3,-0.0354627600151029
0.02,6,0.31,-0.0372086914949052
0.02,6,0.32,-0.0403638144380909
0.02,6,0.33,-0.0421566830636784
0.02,6,0.34,-0.0432353967950222
0.02,6,0.35,-0.0413478843117579
0.02,6,0.36,-0.043895853350078
0.02,6,0.37,-0.0457957583634165
0.02,6,0.38,-0.0471315759789341
0.02,6,0.39,-0.0482916912422374
0.02,6,0.4,-0.048520598595883
0.02,6,0.41,-0.052249658718983
0.02,6,0.42,-0.0494388746450714
0.02,6,0.43,-0.0556154485617862
0.02,6,0.44,-0.0504896416270513
0.02,6,0.45,-0.0535266033211338
0.02,6,0.46,-0.0567845404067247
0.02,6,0.47,-0.0579950524227626
0.02,6,0.48,-0.0547978001191998
0.02,6,0.49,-0.0530459971782648
0.02,6,0.5,-0.0590126085804459
0.02,6,0.51,-0.0603268008252275
0.02,6,0.52,-0.0540958070345753
0.02,6,0.53,-0.061220980019218
0.02,6,0.54,-0.0622276026445862
0.02,6,0.55,-0.0612289813917568
0.02,6,0.56,-0.063716385293461
0.02,6,0.57,-0.0569251545940061
0.02,6,0.58,-0.0631699358474674
0.02,6,0.59,-0.0604731496313047
0.02,6,0.6,-0.0671486643444933
0.02,6,0.61,-0.0657296016937585
0.02,6,0.62,-0.0683307678225446
0.02,6,0.63,-0.0686190450377668
0.02,6,0.64,-0.0700825577013606
0.02,6,0.65,-0.0693928400870317
0.02,6,0.66,-0.0669942266354661
0.02,6,0.67,-0.0702152722980665
0.02,6,0.68,-0.0710650292025037
0.02,6,0.69,-0.07174703691712
0.02,6,0.7,-0.0712476693468416
0.02,6,0.71,-0.0659059292638731
0.02,6,0.72,-0.0753761270334282
0.02,6,0.73,-0.0766126398186377
0.02,6,0.74,-0.0768726492511644
0.02,6,0.75,-0.0747218587799756
0.02,6,0.76,-0.0737527014817449
0.02,6,0.77,-0.0719390746825438
0.02,6,0.78,-0.0721827503129188
0.02,6,0.79,-0.0728273276188304
0.02,6,0.8,-0.0759760050042135
0.02,6,0.81,-0.0747226082266031
0.02,6,0.82,-0.0774173106712988
0.02,6,0.83,-0.0797431047812043
0.02,6,0.84,-0.0809315309656724
0.02,6,0.85,-0.0802754345712568
0.02,6,0.86,-0.075823751357446
0.02,6,0.87,-0.0762505705529156
0.02,6,0.88,-0.0811445469729045
0.02,6,0.89,-0.0848040202386121
0.02,6,0.9,-0.0790591688167658
0.02,6,0.91,-0.0834423365756524
0.02,6,0.92,-0.0832905182780808
0.02,6,0.93,-0.0812369349425089
0.02,6,0.94,-0.0857841378044266
0.02,6,0.95,-0.0832439002085085
0.02,6,0.96,-0.0852883899900097
0.02,6,0.97,-0.0848026881885404
0.02,6,0.98,-0.0763566519538593
0.02,6,0.99,-0.0849066500519731
0.02,6,1.0,-0.0834045239616534
0.02,7,0.01,-0.0003139996058995
0.02,7,0.02,-0.0003439823838566
0.02,7,0.03,-0.0004080899973694
0.02,7,0.04,-0.0005333095918913
0.02,7,0.05,-0.0007582021118608
0.02,7,0.06,-0.0011190711151798
0.02,7,0.07,-0.0016503912992563
0.02,7,0.08,-0.00225637318166
0.02,7,0.09,-0.0031048207717438
0.02,7,0.1,-0.0039000928299642
0.02,7,0.11,-0.0050008617895498
0.02,7,0.12,-0.0061565588976293
0.02,7,0.13,-0.0067791117974898
0.02,7,0.14,-0.0088404606517021
0.02,7,0.15,-0.0103969967059569
0.02,7,0.16,-0.0113171488482413
0.02,7,0.17,-0.0136676360397537
0.02,7,0.18,-0.014621570651453
0.02,7,0.19,-0.0171363045635893
0.02,7,0.2,-0.0165219612364729
0.02,7,0.21,-0.0196304252213465
0.02,7,0.22,-0.0221682648659457
0.02,7,0.23,-0.0233839071994185
0.02,7,0.24,-0.0243627479338887
0.02,7,0.25,-0.0248376444994293
0.02,7,0.26,-0.0286259581211505
0.02,7,0.27,-0.0259548828250263
0.02,7,0.28,-0.0309979352911143
0.02,7,0.29,-0.0337580676087179
0.02,7,0.3,-0.0353403761614065
0.02,7,0.31,-0.0351953989345784
0.02,7,0.32,-0.0335125968506691
0.02,7,0.33,-0.0374133435382919
0.02,7,0.34,-0.0357227539849659
0.02,7,0.35,-0.04039114447515
0.02,7,0.36,-0.0397010036377924
0.02,7,0.37,-0.038736867699275
0.02,7,0.38,-0.0444227395619397
0.02,7,0.39,-0.0466023030158127
0.02,7,0.4,-0.0454031075354465
0.02,7,0.41,-0.0480092238212368
0.02,7,0.42,-0.047490133866042
0.02,7,0.43,-0.0488982136914968
0.02,7,0.44,-0.0475720766636207
0.02,7,0.45,-0.0488359964995899
0.02,7,0.46,-0.0541790475644809
0.02,7,0.47,-0.0554094142800572
0.02,7,0.48,-0.0532510205529545
0.02,7,0.49,-0.0549848492981893
0.02,7,0.5,-0.0540043188519019
0.02,7,0.51,-0.0593501104168745
0.02,7,0.52,-0.0581624889018679
0.02,7,0.53,-0.0560552723981233
0.02,7,0.54,-0.0575796910418721
0.02,7,0.55,-0.0609893527203813
0.02,7,0.56,-0.0635289741582018
0.02,7,0.57,-0.0587847475627028
0.02,7,0.58,-0.0629293994665761
0.02,7,0.59,-0.0604732198292088
0.02,7,0.6,-0.0673070433016346
0.02,7,0.61,-0.0611728683384841
0.02,7,0.62,-0.0652672542055674
0.02,7,0.63,-0.0699989314866571
0.02,7,0.64,-0.0660112865431481
0.02,7,0.65,-0.0676460956133492
0.02,7,0.66,-0.0712725854220675
0.02,7,0.67,-0.0710492103200091
0.02,7,0.68,-0.0691491271522828
0.02,7,0.69,-0.0705710575966947
0.02,7,0.7,-0.0701982051827527
0.02,7,0.71,-0.0703961323987309
0.02,7,0.72,-0.0672241743143715
0.02,7,0.73,-0.0702867634628131
0.02,7,0.74,-0.0732465220717267
0.02,7,0.75,-0.0701062568338445
0.02,7,0.76,-0.0715716534173923
0.02,7,0.77,-0.0704959930253287
0.02,7,0.78,-0.0760038579411028
0.02,7,0.79,-0.0756290667877122
0.02,7,0.8,-0.0720075478667422
0.02,7,0.81,-0.0732808582688284
0.02,7,0.82,-0.0712140021144503
0.02,7,0.83,-0.0797628178619798
0.02,7,0.84,-0.0807120494105207
0.02,7,0.85,-0.0730022108128727
0.02,7,0.86,-0.0780137614415882
0.02,7,0.87,-0.0787434562296289
0.02,7,0.88,-0.0862304196325964
0.02,7,0.89,-0.0810167250089182
0.02,7,0.9,-0.0777200845136019
0.02,7,0.91,-0.0838347796191392
0.02,7,0.92,-0.0832568787025849
0.02,7,0.93,-0.0824746034762185
0.02,7,0.94,-0.0873543661783329
0.02,7,0.95,-0.0850756234142856
0.02,7,0.96,-0.0798517494255399
0.02,7,0.97,-0.0858046816873572
0.02,7,0.98,-0.08022892221028
0.02,7,0.99,-0.0778905345392845
0.02,7,1.0,-0.0823832467780343
0.02,8,0.01,-0.0005468898159344
0.02,8,0.02,-0.0005998963457295
0.02,8,0.03,-0.0006995873003139
0.02,8,0.04,-0.0008886223130968
0.02,8,0.05,-0.001182593106664
0.02,8,0.06,-0.0016204625522471
0.02,8,0.07,-0.0022736666351385
0.02,8,0.08,-0.0029861727255425
0.02,8,0.09,-0.0039095064047989
0.02,8,0.1,-0.0048376528656681
0.02,8,0.11,-0.006228513057141
0.02,8,0.12,-0.0075314368695478
0.02,8,0.13,-0.0085899400766507
0.02,8,0.14,-0.0101367194837412
0.02,8,0.15,-0.0103315032853329
0.02,8,0.16,-0.013207362201111
0.02,8,0.17,-0.0140050425841195
0.02,8,0.18,-0.0167449960658859
0.02,8,0.19,-0.0174081591257844
0.02,8,0.2,-0.0204022325763679
0.02,8,0.21,-0.0212791810845632
0.02,8,0.22,-0.0233970807194743
0.02,8,0.23,-0.0261355945386573
0.02,8,0.24,-0.0228137691726522
0.02,8,0.25,-0.0277416487209089
0.02,8,0.26,-0.0301194115600126
0.02,8,0.27,-0.03030684362681
0.02,8,0.28,-0.0328768159897506
0.02,8,0.29,-0.0362715740579423
0.02,8,0.3,-0.0375687377676562
0.02,8,0.31,-0.03667594306532
0.02,8,0.32,-0.0371746540791458
0.02,8,0.33,-0.0414750787364543
0.02,8,0.34,-0.0384235506412616
0.02,8,0.35,-0.0434488118342566
0.02,8,0.36,-0.0437017686756475
0.02,8,0.37,-0.0445303903761017
0.02,8,0.38,-0.0441907385300089
0.02,8,0.39,-0.0458818979609364
0.02,8,0.4,-0.0491123559658724
0.02,8,0.41,-0.0486043366689717
0.02,8,0.42,-0.0488317699147438
0.02,8,0.43,-0.0519547904648605
0.02,8,0.44,-0.0520015596969309
0.02,8,0.45,-0.0521717263166146
0.02,8,0.46,-0.0518364364787583
0.02,8,0.47,-0.0531016640807536
0.02,8,0.48,-0.0533915642780122
0.02,8,0.49,-0.0566828234687175
0.02,8,0.5,-0.0583097509701079
0.02,8,0.51,-0.0536575627550373
0.02,8,0.52,-0.0592729677093988
0.02,8,0.53,-0.0567553821216538
0.02,8,0.54,-0.0567119496493105
0.02,8,0.55,-0.061164091056671
0.02,8,0.56,-0.0611548403326037
0.02,8,0.57,-0.059484722496386
0.02,8,0.58,-0.0602917060995893
0.02,8,0.59,-0.066663577515253
0.02,8,0.6,-0.0629674941475077
0.02,8,0.61,-0.0644300462523562
0.02,8,0.62,-0.0646383217266703
0.02,8,0.63,-0.0646764935360409
0.02,8,0.64,-0.0669296699684234
0.02,8,0.65,-0.0670009971292185
0.02,8,0.66,-0.0714869893281161
0.02,8,0.67,-0.0629184872471273
0.02,8,0.68,-0.0640553942957779
0.02,8,0.69,-0.0692927391491379
0.02,8,0.7,-0.073112270452698
0.02,8,0.71,-0.0708266416312138
0.02,8,0.72,-0.070936671450009
0.02,8,0.73,-0.0737111697651259
0.02,8,0.74,-0.0705592318661691
0.02,8,0.75,-0.0735274252854082
0.02,8,0.76,-0.069139806655072
0.02,8,0.77,-0.0683129125646917
0.02,8,0.78,-0.0742639129093244
0.02,8,0.79,-0.0731577744211988
0.02,8,0.8,-0.0777435716587181
0.02,8,0.81,-0.0736176814825147
0.02,8,0.82,-0.0758193246931202
0.02,8,0.83,-0.0739422253837094
0.02,8,0.84,-0.0781570697541709
0.02,8,0.85,-0.0703601342681054
0.02,8,0.86,-0.0811362010984857
0.02,8,0.87,-0.0814808906387665
0.02,8,0.88,-0.0768135183193354
0.02,8,0.89,-0.0823513184957738
0.02,8,0.9,-0.0806190580576623
0.02,8,0.91,-0.0836719315056102
0.02,8,0.92,-0.0800618851197361
0.02,8,0.93,-0.0824003332438625
0.02,8,0.94,-0.0835573996592512
0.02,8,0.95,-0.0857571832371143
0.02,8,0.96,-0.086241739001318
0.02,8,0.97,-0.0821050909291279
0.02,8,0.98,-0.0865908409142406
0.02,8,0.99,-0.0859417008285575
0.02,8,1.0,-0.080522065947558
0.02,9,0.01,-0.0003182602219218
0.02,9,0.02,-0.0003437483147794
0.02,9,0.03,-0.000398820334352
0.02,9,0.04,-0.0005189667183796
0.02,9,0.05,-0.0007273448224958
0.02,9,0.06,-0.0010266751369957
0.02,9,0.07,-0.0014796519633418
0.02,9,0.08,-0.0020544540000741
0.02,9,0.09,-0.0027620261859854
0.02,9,0.1,-0.0037154441648929
0.02,9,0.11,-0.0045556640760355
0.02,9,0.12,-0.0057733812252776
0.02,9,0.13,-0.0064644028835691
0.02,9,0.14,-0.0084894787360191
0.02,9,0.15,-0.0093429212273385
0.02,9,0.16,-0.010955036449639
0.02,9,0.17,-0.0117029926380543
0.02,9,0.18,-0.0125187128521003
0.02,9,0.19,-0.015112228394728
0.02,9,0.2,-0.0171082010695525
0.02,9,0.21,-0.0191148716899073
0.02,9,0.22,-0.0201632233063886
0.02,9,0.23,-0.02080490159161
0.02,9,0.24,-0.0224432116646273
0.02,9,0.25,-0.0245559781954734
0.02,9,0.26,-0.025831437920995
0.02,9,0.27,-0.0279976961409797
0.02,9,0.28,-0.0292292388255138
0.02,9,0.29,-0.0301718557020691
0.02,9,0.3,-0.0310640779439332
0.02,9,0.31,-0.0352160456627736
0.02,9,0.32,-0.0325519659036064
0.02,9,0.33,-0.0339239397744437
0.02,9,0.34,-0.0377045267228606
0.02,9,0.35,-0.0415272434169139
0.02,9,0.36,-0.0399111431756771
0.02,9,0.37,-0.0386376653687056
0.02,9,0.38,-0.0452477995224464
0.02,9,0.39,-0.040836019191666
0.02,9,0.4,-0.0433698206432424
0.02,9,0.41,-0.0408912990956464
0.02,9,0.42,-0.0450802951643856
0.02,9,0.43,-0.0480575413289661
0.02,9,0.44,-0.047993441675492
0.02,9,0.45,-0.0479727402941024
0.02,9,0.46,-0.0505314858546866
0.02,9,0.47,-0.0524163056575212
0.02,9,0.48,-0.052116237391281
0.02,9,0.49,-0.054796565388074
0.02,9,0.5,-0.0547660870571788
0.02,9,0.51,-0.0507328645442701
0.02,9,0.52,-0.0552683587659178
0.02,9,0.53,-0.0533271479903454
0.02,9,0.54,-0.0593663245799815
0.02,9,0.55,-0.0605248257727814
0.02,9,0.56,-0.0608612667438888
0.02,9,0.57,-0.0623542421956481
0.02,9,0.58,-0.059660098377504
0.02,9,0.59,-0.0605899308806345
0.02,9,0.6,-0.0656082658200525
0.02,9,0.61,-0.0617737711211541
0.02,9,0.62,-0.0630846021896095
0.02,9,0.63,-0.0630242072079743
0.02,9,0.64,-0.0608784593719412
0.02,9,0.65,-0.0681685290554034
0.02,9,0.66,-0.0661392601791173
0.02,9,0.67,-0.0643712562127174
0.02,9,0.68,-0.0684831234014975
0.02,9,0.69,-0.0683416156595899
0.02,9,0.7,-0.0706485615822654
0.02,9,0.71,-0.0656511637160157
0.02,9,0.72,-0.0692407826174247
0.02,9,0.73,-0.0711010898515986
0.02,9,0.74,-0.0685024442956644
0.02,9,0.75,-0.0725777958866063
0.02,9,0.76,-0.0708587231030326
0.02,9,0.77,-0.0752790660331556
0.02,9,0.78,-0.0737597325720878
0.02,9,0.79,-0.071712200591052
0.02,9,0.8,-0.0780672325623397
0.02,9,0.81,-0.0761576483232934
0.02,9,0.82,-0.0718561816005254
0.02,9,0.83,-0.0789735016332744
0.02,9,0.84,-0.0744353838083319
0.02,9,0.85,-0.0797826544259401
0.02,9,0.86,-0.0752706417347876
0.02,9,0.87,-0.0739998999940229
0.02,9,0.88,-0.0811020648665632
0.02,9,0.89,-0.0796342879567418
0.02,9,0.9,-0.0811308852794538
0.02,9,0.91,-0.0801079668925469
0.02,9,0.92,-0.0812861713007367
0.02,9,0.93,-0.0804863810405927
0.02,9,0.94,-0.0745098328017083
0.02,9,0.95,-0.0797837252696414
0.02,9,0.96,-0.0850215339403747
0.02,9,0.97,-0.0797363199110999
0.02,9,0.98,-0.0794694816715209
0.02,9,0.99,-0.0825448025265229
0.02,9,1.0,-0.0859477035101896
0.02,10,0.01,-0.0004942153198539
0.02,10,0.02,-0.0005441769384711
0.02,10,0.03,-0.0006434670833465
0.02,10,0.04,-0.0008363245230899
0.02,10,0.05,-0.0011732931838862
0.02,10,0.06,-0.0016025738672569
0.02,10,0.07,-0.0021297446759738
0.02,10,0.08,-0.0028505690059822
0.02,10,0.09,-0.0036292372022335
0.02,10,0.1,-0.0045318737542735
0.02,10,0.11,-0.0054984035987008
0.02,10,0.12,-0.0066626948559072
0.02,10,0.13,-0.0081639634266417
0.02,10,0.14,-0.0094889899823995
0.02,10,0.15,-0.0106605451953102
0.02,10,0.16,-0.0129543398828844
0.02,10,0.17,-0.0132995111814578
0.02,10,0.18,-0.0150021606981812
0.02,10,0.19,-0.0168151757254686
0.02,10,0.2,-0.0166061766075198
0.02,10,0.21,-0.0213821309113745
0.02,10,0.22,-0.0205252310341957
0.02,10,0.23,-0.022897149454378
0.02,10,0.24,-0.0242028798218173
0.02,10,0.25,-0.0261609122191679
0.02,10,0.26,-0.0269754946554422
0.02,10,0.27,-0.0276505199439426
0.02,10,0.28,-0.0295181368996064
0.02,10,0.29,-0.0318370974658392
0.02,10,0.3,-0.0307947835169048
0.02,10,0.31,-0.035535427505351
0.02,10,0.32,-0.0358472928043682
0.02,10,0.33,-0.0354893469245316
0.02,10,0.34,-0.0386064558788787
0.02,10,0.35,-0.0387211022173807
0.02,10,0.36,-0.0374771445644635
0.02,10,0.37,-0.041263035798125
0.02,10,0.38,-0.0431307720054411
0.02,10,0.39,-0.0433742050671788
0.02,10,0.4,-0.042243391579296
0.02,10,0.41,-0.044821406923683
0.02,10,0.42,-0.0464746080627241
0.02,10,0.43,-0.0491424936257742
0.02,10,0.44,-0.0459568158031845
0.02,10,0.45,-0.0473006680194494
0.02,10,0.46,-0.0486845168746039
0.02,10,0.47,-0.0524527353553176
0.02,10,0.48,-0.0526075734759801
0.02,10,0.49,-0.0497141632608497
0.02,10,0.5,-0.0521765540771426
0.02,10,0.51,-0.0559770833280406
0.02,10,0.52,-0.052990912492998
0.02,10,0.53,-0.0523180027735043
0.02,10,0.54,-0.060367123747757
0.02,10,0.55,-0.057813304060662
0.02,10,0.56,-0.0575226437073105
0.02,10,0.57,-0.0595040767648256
0.02,10,0.58,-0.0539330400845121
0.02,10,0.59,-0.0624330870540346
0.02,10,0.6,-0.0634059732821184
0.02,10,0.61,-0.0630516756167894
0.02,10,0.62,-0.0643731703402196
0.02,10,0.63,-0.0606786339389121
0.02,10,0.64,-0.0626006419557758
0.02,10,0.65,-0.0589772463658922
0.02,10,0.66,-0.0663146952481291
0.02,10,0.67,-0.0601154501865202
0.02,10,0.68,-0.067328943578438
0.02,10,0.69,-0.0672314019661141
0.02,10,0.7,-0.0672153406277796
0.02,10,0.71,-0.0711624435331001
0.02,10,0.72,-0.0682054774628713
0.02,10,0.73,-0.0691961478003046
0.02,10,0.74,-0.0738550830374265
0.02,10,0.75,-0.0696134512798735
0.02,10,0.76,-0.0651069517994676
0.02,10,0.77,-0.0714618448562496
0.02,10,0.78,-0.0769088503902444
0.02,10,0.79,-0.0652377435717472
0.02,10,0.8,-0.0713032921071843
0.02,10,0.81,-0.0710022228678025
0.02,10,0.82,-0.0748830667766449
0.02,10,0.83,-0.0771560733034224
0.02,10,0.84,-0.0793303041692107
0.02,10,0.85,-0.0744605474950435
0.02,10,0.86,-0.0764250121426681
0.02,10,0.87,-0.0717840262588419
0.02,10,0.88,-0.0755765482538093
0.02,10,0.89,-0.076254711529406
0.02,10,0.9,-0.0803617942339582
0.02,10,0.91,-0.0766986139389792
0.02,10,0.92,-0.0795851617954142
0.02,10,0.93,-0.0725410236290898
0.02,10,0.94,-0.0770022820501392
0.02,10,0.95,-0.0852029341043405
0.02,10,0.96,-0.0831164008107404
0.02,10,0.97,-0.0859802902980763
0.02,10,0.98,-0.0780008329487668
0.02,10,0.99,-0.0824877030125324
0.02,10,1.0,-0.0826669961166126
0.02,11,0.01,-0.0005688957610838
0.02,11,0.02,-0.0006298990638779
0.02,11,0.03,-0.0007590891912733
0.02,11,0.04,-0.0009773192599383
0.02,11,0.05,-0.0013491380260864
0.02,11,0.06,-0.0018452492121121
0.02,11,0.07,-0.0025095473146289
0.02,11,0.08,-0.0033783196350695
0.02,11,0.09,-0.0042481003407451
0.02,11,0.1,-0.0051381143546808
0.02,11,0.11,-0.0064224282400162
0.02,11,0.12,-0.0074702120639508
0.02,11,0.13,-0.00902739240315
0.02,11,0.14,-0.0104582879898138
0.02,11,0.15,-0.0117282505438343
0.02,11,0.16,-0.0134377706328678
0.02,11,0.17,-0.015494445815512
0.02,11,0.18,-0.0162946965069932
0.02,11,0.19,-0.0178636783330067
0.02,11,0.2,-0.0159279801945904
0.02,11,0.21,-0.0215353152339649
0.02,11,0.22,-0.0216380750816117
0.02,11,0.23,-0.0241283209580825
0.02,11,0.24,-0.0263023121492144
0.02,11,0.25,-0.0271067437220399
0.02,11,0.26,-0.0282889570109196
0.02,11,0.27,-0.0308796807441959
0.02,11,0.28,-0.0308494914717118
0.02,11,0.29,-0.0346482826303604
0.02,11,0.3,-0.0323813826944338
0.02,11,0.31,-0.0376418351595677
0.02,11,0.32,-0.037543069754685
0.02,11,0.33,-0.040197262674441
0.02,11,0.34,-0.039588895729308
0.02,11,0.35,-0.0402140617563072
0.02,11,0.36,-0.0448708166815698
0.02,11,0.37,-0.0430737222910123
0.02,11,0.38,-0.045143352209348
0.02,11,0.39,-0.0464863577732107
0.02,11,0.4,-0.0477921169730871
0.02,11,0.41,-0.0492598732187274
0.02,11,0.42,-0.0485838069423281
0.02,11,0.43,-0.052446510770739
0.02,11,0.44,-0.051445992432266
0.02,11,0.45,-0.0530852607804635
0.02,11,0.46,-0.0537341114846083
0.02,11,0.47,-0.0545950805106899
0.02,11,0.48,-0.0525223059472145
0.02,11,0.49,-0.0520757051693826
0.02,11,0.5,-0.0556685319009458
0.02,11,0.51,-0.0588604860093146
0.02,11,0.52,-0.0563448300892594
0.02,11,0.53,-0.0606996217470118
0.02,11,0.54,-0.0608101860329462
0.02,11,0.55,-0.0611863685801984
0.02,11,0.56,-0.0624454419261178
0.02,11,0.57,-0.0631078879586666
0.02,11,0.58,-0.0618759867797421
0.02,11,0.59,-0.0633389648288969
0.02,11,0.6,-0.062864400618595
0.02,11,0.61,-0.0627324348194762
0.02,11,0.62,-0.0592484752800849
0.02,11,0.63,-0.0655480939171797
0.02,11,0.64,-0.0686832165247693
0.02,11,0.65,-0.0648293256583486
0.02,11,0.66,-0.0725094112747334
0.02,11,0.67,-0.0679904637739975
0.02,11,0.68,-0.0716022680256134
0.02,11,0.69,-0.0698335059881808
0.02,11,0.7,-0.0704107810723571
0.02,11,0.71,-0.0722811034563092
0.02,11,0.72,-0.0729631761911454
0.02,11,0.73,-0.0728317828523224
0.02,11,0.74,-0.0754079957712811
0.02,11,0.75,-0.0771796403599226
0.02,11,0.76,-0.0758101813579517
0.02,11,0.77,-0.0796990443719732
0.02,11,0.78,-0.0681407648087741
0.02,11,0.79,-0.0711184608653107
0.02,11,0.8,-0.0753263479513838
0.02,11,0.81,-0.0736646830757852
0.02,11,0.82,-0.0791254415027915
0.02,11,0.83,-0.0778573966061544
0.02,11,0.84,-0.0705638776951028
0.02,11,0.85,-0.0768846146928211
0.02,11,0.86,-0.0782053056661178
0.02,11,0.87,-0.0773262032619666
0.02,11,0.88,-0.0796373520589198
0.02,11,0.89,-0.0826202503828964
0.02,11,0.9,-0.0823330656699766
0.02,11,0.91,-0.0802027600940586
0.02,11,0.92,-0.0811524007382483
0.02,11,0.93,-0.0840607135237617
0.02,11,0.94,-0.084372302761464
0.02,11,0.95,-0.088751391400093
0.02,11,0.96,-0.0798576528289166
0.02,11,0.97,-0.0892929156932624
0.02,11,0.98,-0.0833790150556232
0.02,11,0.99,-0.0819441644852341
0.02,11,1.0,-0.0927450661842194
0.02,12,0.01,-0.0003150561998499
0.02,12,0.02,-0.000348337448751
0.02,12,0.03,-0.0004281108016371
0.02,12,0.04,-0.0006060689883478
0.02,12,0.05,-0.0009003479461491
0.02,12,0.06,-0.0013523830848256
0.02,12,0.07,-0.0019520313195515
0.02,12,0.08,-0.0027693985545697
0.02,12,0.09,-0.0035832233649274
0.02,12,0.1,-0.004601777525939
0.02,12,0.11,-0.0056817676321274
0.02,12,0.12,-0.0066123251193869
0.02,12,0.13,-0.00817381196504
0.02,12,0.14,-0.0092519647520975
0.02,12,0.15,-0.0108561811012056
0.02,12,0.16,-0.0133796554007905
0.02,12,0.17,-0.0143403230824919
0.02,12,0.18,-0.0156392431911831
0.02,12,0.19,-0.017856204036712
0.02,12,0.2,-0.0187034515302919
0.02,12,0.21,-0.0210298215554841
0.02,12,0.22,-0.022631929868839
0.02,12,0.23,-0.0227031027250726
0.02,12,0.24,-0.0254352146286136
0.02,12,0.25,-0.028333757267248
0.02,12,0.26,-0.029093803851797
0.02,12,0.27,-0.0279934129646502
0.02,12,0.28,-0.0296951162002253
0.02,12,0.29,-0.0310311108625694
0.02,12,0.3,-0.0353177976838671
0.02,12,0.31,-0.0357802968927102
0.02,12,0.32,-0.0350154415320048
0.02,12,0.33,-0.0380010767288284
0.02,12,0.34,-0.0413544717034378
0.02,12,0.35,-0.042076966264496
0.02,12,0.36,-0.044038094737554
0.02,12,0.37,-0.0428856977755655
0.02,12,0.38,-0.045108198301274
0.02,12,0.39,-0.0457633544192871
0.02,12,0.4,-0.0493868333622854
0.02,12,0.41,-0.0474526422699469
0.02,12,0.42,-0.0475145756577665
0.02,12,0.43,-0.0500058295092401
0.02,12,0.44,-0.0523578266602624
0.02,12,0.45,-0.0559493873832002
0.02,12,0.46,-0.0553623678993204
0.02,12,0.47,-0.0525740778450502
0.02,12,0.48,-0.0536862456007616
0.02,12,0.49,-0.057027403398663
0.02,12,0.5,-0.0567393649287697
0.02,12,0.51,-0.055096340373675
0.02,12,0.52,-0.0577290298384187
0.02,12,0.53,-0.0588120148233578
0.02,12,0.54,-0.0601117794470686
0.02,12,0.55,-0.0561567472245386
0.02,12,0.56,-0.0618594276623408
0.02,12,0.57,-0.0604020486075005
0.02,12,0.58,-0.0633717253118316
0.02,12,0.59,-0.0641163358525719
0.02,12,0.6,-0.0668605050920902
0.02,12,0.61,-0.065681908390237
0.02,12,0.62,-0.0640710407881452
0.02,12,0.63,-0.0687992244698302
0.02,12,0.64,-0.0679358642180163
0.02,12,0.65,-0.0670124896586497
0.02,12,0.66,-0.064234247668072
0.02,12,0.67,-0.067257700097975
0.02,12,0.68,-0.0704358914456567
0.02,12,0.69,-0.0705279375641867
0.02,12,0.7,-0.0734851455290057
0.02,12,0.71,-0.0717703793907219
0.02,12,0.72,-0.0649340300113243
0.02,12,0.73,-0.070028752816357
0.02,12,0.74,-0.0706756979221724
0.02,12,0.75,-0.0750442720472
0.02,12,0.76,-0.0726697737440215
0.02,12,0.77,-0.074685116406963
0.02,12,0.78,-0.0783648494687284
0.02,12,0.79,-0.07759746186322
0.02,12,0.8,-0.0779776622222722
0.02,12,0.81,-0.0747458160099556
0.02,12,0.82,-0.0678462038517626
0.02,12,0.83,-0.075689228331
0.02,12,0.84,-0.0782971561335067
0.02,12,0.85,-0.0789344445202873
0.02,12,0.86,-0.0780134891403087
0.02,12,0.87,-0.0791850106625279
0.02,12,0.88,-0.0773487208387567
0.02,12,0.89,-0.0793653083464092
0.02,12,0.9,-0.0779509742904716
0.02,12,0.91,-0.0837310943146793
0.02,12,0.92,-0.078303763767603
0.02,12,0.93,-0.0808011368454144
0.02,12,0.94,-0.0808161805302661
0.02,12,0.95,-0.0849076665159191
0.02,12,0.96,-0.0846978418896458
0.02,12,0.97,-0.0849279919857952
0.02,12,0.98,-0.0862838309990308
0.02,12,0.99,-0.0841917653780893
0.02,12,1.0,-0.0821429398917169
0.02,13,0.01,-0.0010257549209499
0.02,13,0.02,-0.001099324952247
0.02,13,0.03,-0.0012454504426453
0.02,13,0.04,-0.0014986170732233
0.02,13,0.05,-0.0018898301409662
0.02,13,0.06,-0.0024372412095398
0.02,13,0.07,-0.003162006995813
0.02,13,0.08,-0.0039931163909052
0.02,13,0.09,-0.0051144792665627
0.02,13,0.1,-0.0062814519568275
0.02,13,0.11,-0.0077685789654478
0.02,13,0.12,-0.0087256665743668
0.02,13,0.13,-0.0100036733787987
0.02,13,0.14,-0.0116025087076762
0.02,13,0.15,-0.0126491990707727
0.02,13,0.16,-0.0156361177093216
0.02,13,0.17,-0.0167074534082764
0.02,13,0.18,-0.0179751362822705
0.02,13,0.19,-0.0180583888622768
0.02,13,0.2,-0.0209740994675413
0.02,13,0.21,-0.0226796275059704
0.02,13,0.22,-0.0244773080065561
0.02,13,0.23,-0.0268755548120225
0.02,13,0.24,-0.0264788352776818
0.02,13,0.25,-0.0310317640628107
0.02,13,0.26,-0.03020110774079
0.02,13,0.27,-0.0319354198568214
0.02,13,0.28,-0.0338503764768458
0.02,13,0.29,-0.0349873080047662
0.02,13,0.3,-0.0387533940274895
0.02,13,0.31,-0.0378593777965977
0.02,13,0.32,-0.0382009831897327
0.02,13,0.33,-0.0418750816371063
0.02,13,0.34,-0.0434375196070422
0.02,13,0.35,-0.0435497543017245
0.02,13,0.36,-0.0437276255144845
0.02,13,0.37,-0.0458251828151053
0.02,13,0.38,-0.0471535266488643
0.02,13,0.39,-0.0454062377754465
0.02,13,0.4,-0.0484484413815259
0.02,13,0.41,-0.0517593705230509
0.02,13,0.42,-0.0489375228603664
0.02,13,0.43,-0.0543491750481033
0.02,13,0.44,-0.0492552967280883
0.02,13,0.45,-0.0530196521511412
0.02,13,0.46,-0.0535872545445702
0.02,13,0.47,-0.0522633286045479
0.02,13,0.48,-0.0555453881321773
0.02,13,0.49,-0.0567812088866216
0.02,13,0.5,-0.0565063759287775
0.02,13,0.51,-0.0610914351589849
0.02,13,0.52,-0.0565607488167789
0.02,13,0.53,-0.0583759938729675
0.02,13,0.54,-0.0639120997355095
0.02,13,0.55,-0.0616845720901022
0.02,13,0.56,-0.0614110828724322
0.02,13,0.57,-0.0652358188714322
0.02,13,0.58,-0.0683004063795491
0.02,13,0.59,-0.0637550077335045
0.02,13,0.6,-0.0661666769591948
0.02,13,0.61,-0.060509226243833
0.02,13,0.62,-0.0659894504889364
0.02,13,0.63,-0.068062434392478
0.02,13,0.64,-0.068400777361589
0.02,13,0.65,-0.0665256310285845
0.02,13,0.66,-0.0671743095731073
0.02,13,0.67,-0.071630449184207
0.02,13,0.68,-0.0694820466141533
0.02,13,0.69,-0.0718472071757378
0.02,13,0.7,-0.0698446448713839
0.02,13,0.71,-0.0726364859564675
0.02,13,0.72,-0.0740937725164766
0.02,13,0.73,-0.0762784113640688
0.02,13,0.74,-0.0693872015833751
0.02,13,0.75,-0.0703066113427734
0.02,13,0.76,-0.0746746132380903
0.02,13,0.77,-0.0762684177964392
0.02,13,0.78,-0.0691285630973517
0.02,13,0.79,-0.0746284144187414
0.02,13,0.8,-0.0801478631347504
0.02,13,0.81,-0.0765295485593406
0.02,13,0.82,-0.0763861815711249
0.02,13,0.83,-0.0796414194156273
0.02,13,0.84,-0.0791149089720683
0.02,13,0.85,-0.0730946680466308
0.02,13,0.86,-0.0806538615071631
0.02,13,0.87,-0.0764468700881578
0.02,13,0.88,-0.0800664291757339
0.02,13,0.89,-0.0787307735320576
0.02,13,0.9,-0.0784340716597236
0.02,13,0.91,-0.0775088520271656
0.02,13,0.92,-0.0765921005938408
0.02,13,0.93,-0.0795241769124514
0.02,13,0.94,-0.0798703749538837
0.02,13,0.95,-0.0827206175306284
0.02,13,0.96,-0.0861947148647329
0.02,13,0.97,-0.0853136982199558
0.02,13,0.98,-0.0829594780482669
0.02,13,0.99,-0.0838157767018565
0.02,13,1.0,-0.0765554039384539
0.02,14,0.01,-0.0002959621227095
0.02,14,0.02,-0.0003293435139546
0.02,14,0.03,-0.0004062697733006
0.02,14,0.04,-0.000564171602407
0.02,14,0.05,-0.0008293136318462
0.02,14,0.06,-0.0012798890293925
0.02,14,0.07,-0.0018995805603357
0.02,14,0.08,-0.002627637463436
0.02,14,0.09,-0.0035386386764229
0.02,14,0.1,-0.0046729104973061
0.02,14,0.11,-0.005639909964094
0.02,14,0.12,-0.0067873992486094
0.02,14,0.13,-0.0080172461363313
0.02,14,0.14,-0.0096314042615012
0.02,14,0.15,-0.0112407170525017
0.02,14,0.16,-0.0120208540464493
0.02,14,0.17,-0.0145522877624916
0.02,14,0.18,-0.0161005892150106
0.02,14,0.19,-0.0169008003495577
0.02,14,0.2,-0.018781469502273
0.02,14,0.21,-0.0206046825671075
0.02,14,0.22,-0.0222638426931273
0.02,14,0.23,-0.0241128026585281
0.02,14,0.24,-0.0264422715539228
0.02,14,0.25,-0.0277565385286066
0.02,14,0.26,-0.0260335556581068
0.02,14,0.27,-0.0298667956532478
0.02,14,0.28,-0.0312126953041897
0.02,14,0.29,-0.0325729706808083
0.02,14,0.3,-0.0350606055732459
0.02,14,0.31,-0.0381589277361329
0.02,14,0.32,-0.0374648925961791
0.02,14,0.33,-0.040680183462603
0.02,14,0.34,-0.0377253905443607
0.02,14,0.35,-0.0409000972428005
0.02,14,0.36,-0.0434808356754685
0.02,14,0.37,-0.0423445187855235
0.02,14,0.38,-0.0463227955743933
0.02,14,0.39,-0.0461448871525909
0.02,14,0.4,-0.0462231670806914
0.02,14,0.41,-0.0458273908896688
0.02,14,0.42,-0.0469766044724191
0.02,14,0.43,-0.0509953115428738
0.02,14,0.44,-0.0493812603495249
0.02,14,0.45,-0.0519421872298084
0.02,14,0.46,-0.0536024694778376
0.02,14,0.47,-0.0515306888656772
0.02,14,0.48,-0.0549315915771772
0.02,14,0.49,-0.0563547851542796
0.02,14,0.5,-0.0584870026661424
0.02,14,0.51,-0.0557085905180853
0.02,14,0.52,-0.0587861792857792
0.02,14,0.53,-0.0579828632802266
0.02,14,0.54,-0.0601928888440647
0.02,14,0.55,-0.0598122700717291
0.02,14,0.56,-0.0548784926340603
0.02,14,0.57,-0.064674850331501
0.02,14,0.58,-0.0636628401990582
0.02,14,0.59,-0.0593132698950664
0.02,14,0.6,-0.0632810263614699
0.02,14,0.61,-0.0682419296769175
0.02,14,0.62,-0.0667260149181847
0.02,14,0.63,-0.065771015377122
0.02,14,0.64,-0.0639838146655058
0.02,14,0.65,-0.0699316135136513
0.02,14,0.66,-0.0634034043838034
0.02,14,0.67,-0.0641348641793141
0.02,14,0.68,-0.0655385806372972
0.02,14,0.69,-0.0684265033199456
0.02,14,0.7,-0.0716968002128171
0.02,14,0.71,-0.0700982641895963
0.02,14,0.72,-0.0749486580626979
0.02,14,0.73,-0.0654647142829977
0.02,14,0.74,-0.0737956491085956
0.02,14,0.75,-0.0709367814283764
0.02,14,0.76,-0.0763896568299045
0.02,14,0.77,-0.0773048476303934
0.02,14,0.78,-0.0757136883256379
0.02,14,0.79,-0.0757493084053836
0.02,14,0.8,-0.0769999353345152
0.02,14,0.81,-0.074340610143263
0.02,14,0.82,-0.0813303780518295
0.02,14,0.83,-0.0755579026946705
0.02,14,0.84,-0.0787017793247239
0.02,14,0.85,-0.080589928242832
0.02,14,0.86,-0.0822258675853337
0.02,14,0.87,-0.0825091545090562
0.02,14,0.88,-0.0755765654724756
0.02,14,0.89,-0.0817754609956704
0.02,14,0.9,-0.081412596498465
0.02,14,0.91,-0.0821084385160695
0.02,14,0.92,-0.0795938728446528
0.02,14,0.93,-0.0855160972690603
0.02,14,0.94,-0.0873902589979055
0.02,14,0.95,-0.0815591782246678
0.02,14,0.96,-0.0876027300281962
0.02,14,0.97,-0.0876581977216833
0.02,14,0.98,-0.0872675121339245
0.02,14,0.99,-0.0809523205705017
0.02,14,1.0,-0.0819697285108076
0.02,15,0.01,-0.0002839154120716
0.02,15,0.02,-0.0003312838092031
0.02,15,0.03,-0.0004462682104799
0.02,15,0.04,-0.0006798213070155
0.02,15,0.05,-0.0011075781420632
0.02,15,0.06,-0.0016950830030788
0.02,15,0.07,-0.0024799772217018
0.02,15,0.08,-0.0034127920458538
0.02,15,0.09,-0.0044839269635075
0.02,15,0.1,-0.0053975156814631
0.02,15,0.11,-0.0073376492027404
0.02,15,0.12,-0.007726304520991
0.02,15,0.13,-0.0104782894747896
0.02,15,0.14,-0.0108846462469989
0.02,15,0.15,-0.0122928342411694
0.02,15,0.16,-0.0144221777978002
0.02,15,0.17,-0.0162962557361099
0.02,15,0.18,-0.0179594316675177
0.02,15,0.19,-0.0207072821386674
0.02,15,0.2,-0.022998077723523
0.02,15,0.21,-0.0236804428178922
0.02,15,0.22,-0.0243028388361492
0.02,15,0.23,-0.0263353594512101
0.02,15,0.24,-0.0291655007608735
0.02,15,0.25,-0.0294551105975784
0.02,15,0.26,-0.0319431435547607
0.02,15,0.27,-0.0347430087788968
0.02,15,0.28,-0.0350284393143492
0.02,15,0.29,-0.0368889468426526
0.02,15,0.3,-0.0372754393415368
0.02,15,0.31,-0.0385369257352109
0.02,15,0.32,-0.0404807583270736
0.02,15,0.33,-0.0436289419708273
0.02,15,0.34,-0.0428974708395429
0.02,15,0.35,-0.0424031671906214
0.02,15,0.36,-0.0457189463070932
0.02,15,0.37,-0.0436406266240082
0.02,15,0.38,-0.048651144034682
0.02,15,0.39,-0.0480975624127061
0.02,15,0.4,-0.0492890820359809
0.02,15,0.41,-0.0491556304729787
0.02,15,0.42,-0.0470130624090656
0.02,15,0.43,-0.0538133906467167
0.02,15,0.44,-0.055003277070666
0.02,15,0.45,-0.0532589033759193
0.02,15,0.46,-0.0544881675079922
0.02,15,0.47,-0.055202590633587
0.02,15,0.48,-0.0562691945777454
0.02,15,0.49,-0.0591574390028868
0.02,15,0.5,-0.0603133061565044
0.02,15,0.51,-0.0593100395909069
0.02,15,0.52,-0.0595948463311742
0.02,15,0.53,-0.0611096310222712
0.02,15,0.54,-0.0627790390971435
0.02,15,0.55,-0.0557131999867854
0.02,15,0.56,-0.0594264862913548
0.02,15,0.57,-0.065841261478983
0.02,15,0.58,-0.0646341394327209
0.02,15,0.59,-0.0606996457426391
0.02,15,0.6,-0.0666192147144708
0.02,15,0.61,-0.0671092991654119
0.02,15,0.62,-0.0654823876635475
0.02,15,0.63,-0.0600798398906489
0.02,15,0.64,-0.0681900811762286
0.02,15,0.65,-0.0662693760980479
0.02,15,0.66,-0.0690346199057759
0.02,15,0.67,-0.0663798899525971
0.02,15,0.68,-0.0642231213495803
0.02,15,0.69,-0.0712796222627469
0.02,15,0.7,-0.0710216143266759
0.02,15,0.71,-0.0729446117870014
0.02,15,0.72,-0.0668783762170548
0.02,15,0.73,-0.0738487679901883
0.02,15,0.74,-0.0644035732812746
0.02,15,0.75,-0.0710453497463645
0.02,15,0.76,-0.07150581149698
0.02,15,0.77,-0.0698715582426469
0.02,15,0.78,-0.0735839029904084
0.02,15,0.79,-0.0755793901285019
0.02,15,0.8,-0.0756479942561964
0.02,15,0.81,-0.0749087982709032
0.02,15,0.82,-0.0810236305768816
0.02,15,0.83,-0.0777161111464826
0.02,15,0.84,-0.0756473736546056
0.02,15,0.85,-0.0796341969574931
0.02,15,0.86,-0.0744929094357916
0.02,15,0.87,-0.0838786662173607
0.02,15,0.88,-0.0793759994180587
0.02,15,0.89,-0.0773233484233924
0.02,15,0.9,-0.0753345537097343
0.02,15,0.91,-0.0765455005264227
0.02,15,0.92,-0.0856967952305375
0.02,15,0.93,-0.0821713655611789
0.02,15,0.94,-0.0823975711528268
0.02,15,0.95,-0.0837613924369385
0.02,15,0.96,-0.0838303886256466
0.02,15,0.97,-0.0853451363798849
0.02,15,0.98,-0.0860770350460793
0.02,15,0.99,-0.0855757434699433
0.02,15,1.0,-0.0888448974970632
0.02,16,0.01,-0.0001320700984376
0.02,16,0.02,-0.0001452802825827
0.02,16,0.03,-0.0001790630724346
0.02,16,0.04,-0.0002487611496238
0.02,16,0.05,-0.0003957632783022
0.02,16,0.06,-0.000652966479449
0.02,16,0.07,-0.0010289018968312
0.02,16,0.08,-0.0015250141966296
0.02,16,0.09,-0.0021681131645025
0.02,16,0.1,-0.0028384525372207
0.02,16,0.11,-0.003748482191301
0.02,16,0.12,-0.0045967822797168
0.02,16,0.13,-0.0056131504560412
0.02,16,0.14,-0.0068363053516864
0.02,16,0.15,-0.0081502272525548
0.02,16,0.16,-0.0095549060040282
0.02,16,0.17,-0.0108748345579927
0.02,16,0.18,-0.0115138953174625
0.02,16,0.19,-0.0118461638238633
0.02,16,0.2,-0.0136426250112533
0.02,16,0.21,-0.0174362473084289
0.02,16,0.22,-0.0180329509731735
0.02,16,0.23,-0.0187970028510103
0.02,16,0.24,-0.0193401253770417
0.02,16,0.25,-0.0232817786688622
0.02,16,0.26,-0.0240454452279243
0.02,16,0.27,-0.0231641488598228
0.02,16,0.28,-0.0266850789389816
0.02,16,0.29,-0.0289737420225564
0.02,16,0.3,-0.030944856788664
0.02,16,0.31,-0.0305809240807141
0.02,16,0.32,-0.0320216819645009
0.02,16,0.33,-0.0312486164961686
0.02,16,0.34,-0.0319660391260655
0.02,16,0.35,-0.0364711522634885
0.02,16,0.36,-0.0355262008268286
0.02,16,0.37,-0.0366415451709595
0.02,16,0.38,-0.0404556251106711
0.02,16,0.39,-0.0414929734030979
0.02,16,0.4,-0.0407966919734246
0.02,16,0.41,-0.0424320706822687
0.02,16,0.42,-0.0398429199055987
0.02,16,0.43,-0.0443324065352564
0.02,16,0.44,-0.0483014808606068
0.02,16,0.45,-0.047818453445186
0.02,16,0.46,-0.0470752089091276
0.02,16,0.47,-0.0502573451876117
0.02,16,0.48,-0.0511015565762946
0.02,16,0.49,-0.050677001797487
0.02,16,0.5,-0.0519926903015472
0.02,16,0.51,-0.056100491579516
0.02,16,0.52,-0.0530743608065893
0.02,16,0.53,-0.0546022775446362
0.02,16,0.54,-0.0532316509370757
0.02,16,0.55,-0.0559626339480311
0.02,16,0.56,-0.0586238788471542
0.02,16,0.57,-0.0587894107823387
0.02,16,0.58,-0.059497108316265
0.02,16,0.59,-0.0611023028001536
0.02,16,0.6,-0.0616571433753592
0.02,16,0.61,-0.0574950622918422
0.02,16,0.62,-0.0631881190531146
0.02,16,0.63,-0.0623586731465639
0.02,16,0.64,-0.0638920137055009
0.02,16,0.65,-0.0605318732256808
0.02,16,0.66,-0.0619375921445264
0.02,16,0.67,-0.0657694953954718
0.02,16,0.68,-0.0602213862295291
0.02,16,0.69,-0.065456399116801
0.02,16,0.7,-0.0690272937755134
0.02,16,0.71,-0.070905984409039
0.02,16,0.72,-0.0653117243077912
0.02,16,0.73,-0.0697977357948589
0.02,16,0.74,-0.0688219929219941
0.02,16,0.75,-0.0643722799548655
0.02,16,0.76,-0.0697464200419786
0.02,16,0.77,-0.0735965851982449
0.02,16,0.78,-0.0722466144095216
0.02,16,0.79,-0.0689514264594466
0.02,16,0.8,-0.0736857714375172
0.02,16,0.81,-0.0737487201202694
0.02,16,0.82,-0.0725224194789542
0.02,16,0.83,-0.0738155349236576
0.02,16,0.84,-0.0732395413370881
0.02,16,0.85,-0.0769013785325483
0.02,16,0.86,-0.0779331817093986
0.02,16,0.87,-0.0728124783017398
0.02,16,0.88,-0.0791512966880211
0.02,16,0.89,-0.082112768549937
0.02,16,0.9,-0.0781437048632054
0.02,16,0.91,-0.0769150830711726
0.02,16,0.92,-0.0749872761165745
0.02,16,0.93,-0.079060600324054
0.02,16,0.94,-0.0742441682536228
0.02,16,0.95,-0.0832703799183014
0.02,16,0.96,-0.0824741586013729
0.02,16,0.97,-0.0819904795101132
0.02,16,0.98,-0.0795332686094212
0.02,16,0.99,-0.0831588435927693
0.02,16,1.0,-0.0826802113054641
0.02,17,0.01,-0.0008269149586472
0.02,17,0.02,-0.0008885382862856
0.02,17,0.03,-0.0010118096368698
0.02,17,0.04,-0.0012207343532097
0.02,17,0.05,-0.001535183006075
0.02,17,0.06,-0.0019810531035212
0.02,17,0.07,-0.0026015757122591
0.02,17,0.08,-0.0033104676907434
0.02,17,0.09,-0.004121727196023
0.02,17,0.1,-0.0051637640206472
0.02,17,0.11,-0.0063739413760078
0.02,17,0.12,-0.0072068065771126
0.02,17,0.13,-0.0086363993568881
0.02,17,0.14,-0.0096599387144253
0.02,17,0.15,-0.011585790902647
0.02,17,0.16,-0.013837519192656
0.02,17,0.17,-0.0136778396874965
0.02,17,0.18,-0.0151295121020353
0.02,17,0.19,-0.0180310559953779
0.02,17,0.2,-0.0187335033819643
0.02,17,0.21,-0.0213817617581465
0.02,17,0.22,-0.0219556761800544
0.02,17,0.23,-0.0237736246443054
0.02,17,0.24,-0.0243498566904572
0.02,17,0.25,-0.0273983311612527
0.02,17,0.26,-0.026666168288263
0.02,17,0.27,-0.0307139527935712
0.02,17,0.28,-0.0310823818622591
0.02,17,0.29,-0.0320874696166638
0.02,17,0.3,-0.0338570702357967
0.02,17,0.31,-0.0354670183718401
0.02,17,0.32,-0.037688562324224
0.02,17,0.33,-0.035459350250174
0.02,17,0.34,-0.0347969382500535
0.02,17,0.35,-0.0396273952993776
0.02,17,0.36,-0.0429821044277521
0.02,17,0.37,-0.0430345875598425
0.02,17,0.38,-0.0449597826939865
0.02,17,0.39,-0.0440476323280916
0.02,17,0.4,-0.0451178666986381
0.02,17,0.41,-0.0493510477795794
0.02,17,0.42,-0.0472992073942177
0.02,17,0.43,-0.0467798697703434
0.02,17,0.44,-0.0504468841400937
0.02,17,0.45,-0.0496994403381142
0.02,17,0.46,-0.0480745738410713
0.02,17,0.47,-0.0539792772634838
0.02,17,0.48,-0.0542436363608209
0.02,17,0.49,-0.0531679167023799
0.02,17,0.5,-0.0563357502124184
0.02,17,0.51,-0.0544528630328633
0.02,17,0.52,-0.0579052393583557
0.02,17,0.53,-0.0585438370443533
0.02,17,0.54,-0.0568865190859959
0.02,17,0.55,-0.0584494541896497
0.02,17,0.56,-0.0584289997001891
0.02,17,0.57,-0.0576230488524093
0.02,17,0.58,-0.0636599494069344
0.02,17,0.59,-0.0560224930580855
0.02,17,0.6,-0.0653715266023194
0.02,17,0.61,-0.0626492269402443
0.02,17,0.62,-0.0618305129794367
0.02,17,0.63,-0.0642500991962261
0.02,17,0.64,-0.0637926922346076
0.02,17,0.65,-0.0642889410466415
0.02,17,0.66,-0.0639205058042717
0.02,17,0.67,-0.0671268093796199
0.02,17,0.68,-0.0645064968444356
0.02,17,0.69,-0.0674540775390361
0.02,17,0.7,-0.0664345450683632
0.02,17,0.71,-0.0663899338691363
0.02,17,0.72,-0.069419204788492
0.02,17,0.73,-0.0682976417568089
0.02,17,0.74,-0.0694010036454414
0.02,17,0.75,-0.0706567656916601
0.02,17,0.76,-0.0732339042738717
0.02,17,0.77,-0.0735920546967181
0.02,17,0.78,-0.0705604557870756
0.02,17,0.79,-0.0752461432521571
0.02,17,0.8,-0.0765898964617365
0.02,17,0.81,-0.073391803219758
0.02,17,0.82,-0.0770059396764661
0.02,17,0.83,-0.0748058306635975
0.02,17,0.84,-0.0745479075543078
0.02,17,0.85,-0.0795072064149669
0.02,17,0.86,-0.0795446036060368
0.02,17,0.87,-0.0761990217580031
0.02,17,0.88,-0.0787708369712016
0.02,17,0.89,-0.0787079021859346
0.02,17,0.9,-0.0763536179495683
0.02,17,0.91,-0.0807231624930995
0.02,17,0.92,-0.0798449890883121
0.02,17,0.93,-0.0810611449691582
0.02,17,0.94,-0.0792123442432032
0.02,17,0.95,-0.0755907492219556
0.02,17,0.96,-0.0886104182496177
0.02,17,0.97,-0.0773818727228362
0.02,17,0.98,-0.0873778749417149
0.02,17,0.99,-0.0838406034733086
0.02,17,1.0,-0.0872521489528881
0.02,18,0.01,-0.000493809734072
0.02,18,0.02,-0.0005263233868042
0.02,18,0.03,-0.0005930665678746
0.02,18,0.04,-0.0007259239293709
0.02,18,0.05,-0.0009339798509166
0.02,18,0.06,-0.0012913273627152
0.02,18,0.07,-0.0018024587564349
0.02,18,0.08,-0.0024378972265905
0.02,18,0.09,-0.0032315926437246
0.02,18,0.1,-0.0041399120448969
0.02,18,0.11,-0.0053720984565263
0.02,18,0.12,-0.006195896575742
0.02,18,0.13,-0.0078729907500438
0.02,18,0.14,-0.0086705387547762
0.02,18,0.15,-0.0109213260040561
0.02,18,0.16,-0.0121205074389644
0.02,18,0.17,-0.0135276699401494
0.02,18,0.18,-0.0139433839052743
0.02,18,0.19,-0.0162463708314715
0.02,18,0.2,-0.0197460368920694
0.02,18,0.21,-0.0199638213021257
0.02,18,0.22,-0.0219263005792859
0.02,18,0.23,-0.0234263375712213
0.02,18,0.24,-0.0254907170223862
0.02,18,0.25,-0.0277573340591774
0.02,18,0.26,-0.0276396224497497
0.02,18,0.27,-0.0301848793387012
0.02,18,0.28,-0.0324126071987441
0.02,18,0.29,-0.0327781372771971
0.02,18,0.3,-0.0333447215594162
0.02,18,0.31,-0.0342285815565096
0.02,18,0.32,-0.0380902712680283
0.02,18,0.33,-0.0379974679247129
0.02,18,0.34,-0.0411367907826035
0.02,18,0.35,-0.0406800024457096
0.02,18,0.36,-0.0410067837865024
0.02,18,0.37,-0.0422395461512522
0.02,18,0.38,-0.0440822230433488
0.02,18,0.39,-0.046981405665243
0.02,18,0.4,-0.044710210314654
0.02,18,0.41,-0.0475459945530082
0.02,18,0.42,-0.0483231657246005
0.02,18,0.43,-0.0498935099012625
0.02,18,0.44,-0.0497840484906485
0.02,18,0.45,-0.0528842973622498
0.02,18,0.46,-0.0517544916458573
0.02,18,0.47,-0.0562890552349354
0.02,18,0.48,-0.0557541798545356
0.02,18,0.49,-0.0522458400639143
0.02,18,0.5,-0.0583086080388614
0.02,18,0.51,-0.0585780813290181
0.02,18,0.52,-0.0568503765169589
0.02,18,0.53,-0.054443934041952
0.02,18,0.54,-0.0591446455311473
0.02,18,0.55,-0.0635897233525194
0.02,18,0.56,-0.0596093600475569
0.02,18,0.57,-0.0646596839727021
0.02,18,0.58,-0.0633112194691868
0.02,18,0.59,-0.0616391588824565
0.02,18,0.6,-0.0642594178001934
0.02,18,0.61,-0.0615701520069014
0.02,18,0.62,-0.0619946703381139
0.02,18,0.63,-0.066490649973036
0.02,18,0.64,-0.0669723434416325
0.02,18,0.65,-0.0684440430639811
0.02,18,0.66,-0.0676531088153232
0.02,18,0.67,-0.0687797633178437
0.02,18,0.68,-0.0698043979151451
0.02,18,0.69,-0.0695781864473772
0.02,18,0.7,-0.0698781704382688
0.02,18,0.71,-0.0725762392446907
0.02,18,0.72,-0.0748523846787542
0.02,18,0.73,-0.0712182635855336
0.02,18,0.74,-0.0764217156433391
0.02,18,0.75,-0.0734952681656083
0.02,18,0.76,-0.0789137425799938
0.02,18,0.77,-0.0687943457877516
0.02,18,0.78,-0.0780085545861567
0.02,18,0.79,-0.0732668315689854
0.02,18,0.8,-0.073092022990692
0.02,18,0.81,-0.0810574941189216
0.02,18,0.82,-0.0804531906710814
0.02,18,0.83,-0.0792727573437141
0.02,18,0.84,-0.0775811861479689
0.02,18,0.85,-0.0800479537420418
0.02,18,0.86,-0.0748017386083112
0.02,18,0.87,-0.080294393965883
0.02,18,0.88,-0.0794611633084197
0.02,18,0.89,-0.0806858203402541
0.02,18,0.9,-0.0813495516249399
0.02,18,0.91,-0.0740920935491543
0.02,18,0.92,-0.086895624649961
0.02,18,0.93,-0.0825338117195357
0.02,18,0.94,-0.0825638431518779
0.02,18,0.95,-0.0812706530658
0.02,18,0.96,-0.0875202594825263
0.02,18,0.97,-0.0881447293720391
0.02,18,0.98,-0.0843772631053519
0.02,18,0.99,-0.0791058133484946
0.02,18,1.0,-0.0858346614983006
0.02,19,0.01,-0.0006982923374047
0.02,19,0.02,-0.0007619555095309
0.02,19,0.03,-0.0008934701445894
0.02,19,0.04,-0.0011206543906537
0.02,19,0.05,-0.0015116935550145
0.02,19,0.06,-0.0020657783503475
0.02,19,0.07,-0.0027638270912607
0.02,19,0.08,-0.0035961189799558
0.02,19,0.09,-0.0047113095654534
0.02,19,0.1,-0.0057313354483784
0.02,19,0.11,-0.00674282838831
0.02,19,0.12,-0.0080360690269406
0.02,19,0.13,-0.0095554156054247
0.02,19,0.14,-0.0109320409723933
0.02,19,0.15,-0.012790057887765
0.02,19,0.16,-0.0128647146181572
0.02,19,0.17,-0.0158923913219111
0.02,19,0.18,-0.0173761230171054
0.02,19,0.19,-0.0193400179444418
0.02,19,0.2,-0.0202902337201241
0.02,19,0.21,-0.0221017082106419
0.02,19,0.22,-0.0240924810103105
0.02,19,0.23,-0.0261053449584621
0.02,19,0.24,-0.0264766055537442
0.02,19,0.25,-0.0272058181362285
0.02,19,0.26,-0.0311578518894132
0.02,19,0.27,-0.0323263153871046
0.02,19,0.28,-0.0332033536487534
0.02,19,0.29,-0.0335688243769944
0.02,19,0.3,-0.0338798077777291
0.02,19,0.31,-0.0397870283484593
0.02,19,0.32,-0.0372580450844222
0.02,19,0.33,-0.0386528258459896
0.02,19,0.34,-0.0422844835296952
0.02,19,0.35,-0.0403838646157441
0.02,19,0.36,-0.0449506611457421
0.02,19,0.37,-0.0431006607298102
0.02,19,0.38,-0.0474659317054123
0.02,19,0.39,-0.0477667878617222
0.02,19,0.4,-0.0472238898533079
0.02,19,0.41,-0.0484731723083808
0.02,19,0.42,-0.0492690786914153
0.02,19,0.43,-0.0533724092208364
0.02,19,0.44,-0.0508507767215399
0.02,19,0.45,-0.0468871884242932
0.02,19,0.46,-0.0562431530543737
0.02,19,0.47,-0.0568357783127892
0.02,19,0.48,-0.0511000798547032
0.02,19,0.49,-0.0547878891895867
0.02,19,0.5,-0.0588130143016199
0.02,19,0.51,-0.0621559999241095
0.02,19,0.52,-0.0591900660650339
0.02,19,0.53,-0.0601954966048003
0.02,19,0.54,-0.0558899387006733
0.02,19,0.55,-0.0598324519981717
0.02,19,0.56,-0.064841431830334
0.02,19,0.57,-0.0624972151409088
0.02,19,0.58,-0.0633193725707633
0.02,19,0.59,-0.0672163539376014
0.02,19,0.6,-0.0670585274710092
0.02,19,0.61,-0.0670485194658154
0.02,19,0.62,-0.0676047379091172
0.02,19,0.63,-0.0645020052178513
0.02,19,0.64,-0.068504471336241
0.02,19,0.65,-0.0667741592119885
0.02,19,0.66,-0.0657515311294289
0.02,19,0.67,-0.0662832573449869
0.02,19,0.68,-0.0662752802286612
0.02,19,0.69,-0.0719630135723104
0.02,19,0.7,-0.0704115247144619
0.02,19,0.71,-0.0687738282541163
0.02,19,0.72,-0.0765568195338351
0.02,19,0.73,-0.0711941451743455
0.02,19,0.74,-0.0758694684225998
0.02,19,0.75,-0.0754235718801103
0.02,19,0.76,-0.0734533131135919
0.02,19,0.77,-0.0749425170996444
0.02,19,0.78,-0.0769120904565389
0.02,19,0.79,-0.076012581883689
0.02,19,0.8,-0.0784657281073234
0.02,19,0.81,-0.0780519912445036
0.02,19,0.82,-0.0782354306117948
0.02,19,0.83,-0.0787981520446151
0.02,19,0.84,-0.0794592575343033
0.02,19,0.85,-0.0802641421678115
0.02,19,0.86,-0.08139374512189
0.02,19,0.87,-0.085988659192741
0.02,19,0.88,-0.0846712473715674
0.02,19,0.89,-0.0741528478090685
0.02,19,0.9,-0.0816094293972207
0.02,19,0.91,-0.0839709048350931
0.02,19,0.92,-0.0837933971034591
0.02,19,0.93,-0.0875262182242454
0.02,19,0.94,-0.081908613382059
0.02,19,0.95,-0.0831662516112598
0.02,19,0.96,-0.0846861887480227
0.02,19,0.97,-0.0781917343043972
0.02,19,0.98,-0.0873470184706629
0.02,19,0.99,-0.0839065173957661
0.02,19,1.0,-0.0844199578918286
0.02,20,0.01,-0.0001302737456262
0.02,20,0.02,-0.000145288159586
0.02,20,0.03,-0.0001827988125046
0.02,20,0.04,-0.0002696289239981
0.02,20,0.05,-0.0004617619936339
0.02,20,0.06,-0.0007493280624295
0.02,20,0.07,-0.0012020367287448
0.02,20,0.08,-0.0017739706057311
0.02,20,0.09,-0.0025081943754737
0.02,20,0.1,-0.0033127603204212
0.02,20,0.11,-0.0042532909163258
0.02,20,0.12,-0.0051838760479672
0.02,20,0.13,-0.0068040747916854
0.02,20,0.14,-0.007787963014028
0.02,20,0.15,-0.0090481448855123
0.02,20,0.16,-0.0103148317776691
0.02,20,0.17,-0.0118905813776557
0.02,20,0.18,-0.0124104362515806
0.02,20,0.19,-0.0143618021290821
0.02,20,0.2,-0.016872392792343
0.02,20,0.21,-0.0155193162558301
0.02,20,0.22,-0.0194991830942285
0.02,20,0.23,-0.0222775578271849
0.02,20,0.24,-0.0240803935964715
0.02,20,0.25,-0.0244031968627361
0.02,20,0.26,-0.0220578950088342
0.02,20,0.27,-0.0259795761928861
0.02,20,0.28,-0.0279266609447415
0.02,20,0.29,-0.0318616605602223
0.02,20,0.3,-0.0306223961539054
0.02,20,0.31,-0.0356580206757856
0.02,20,0.32,-0.0300996220094687
0.02,20,0.33,-0.033796515777094
0.02,20,0.34,-0.0355726778755587
0.02,20,0.35,-0.0364283793803745
0.02,20,0.36,-0.0412665073126442
0.02,20,0.37,-0.0424373398551515
0.02,20,0.38,-0.0434702760245682
0.02,20,0.39,-0.042410327369536
0.02,20,0.4,-0.0441522937445413
0.02,20,0.41,-0.0440714942063964
0.02,20,0.42,-0.0460419618015786
0.02,20,0.43,-0.0471332295568202
0.02,20,0.44,-0.0495739766997101
0.02,20,0.45,-0.0510791089280443
0.02,20,0.46,-0.0456131112004492
0.02,20,0.47,-0.0512165731121189
0.02,20,0.48,-0.0505876282283042
0.02,20,0.49,-0.0519292670948864
0.02,20,0.5,-0.0518057888453509
0.02,20,0.51,-0.0546816597330437
0.02,20,0.52,-0.052510099229546
0.02,20,0.53,-0.055391602031562
0.02,20,0.54,-0.0520556050661139
0.02,20,0.55,-0.0531701601989048
0.02,20,0.56,-0.057161200268663
0.02,20,0.57,-0.056261485698569
0.02,20,0.58,-0.0549767881497797
0.02,20,0.59,-0.0575475372144104
0.02,20,0.6,-0.0633155412227432
0.02,20,0.61,-0.0572249639585666
0.02,20,0.62,-0.0596810685153875
0.02,20,0.63,-0.0615435058082082
0.02,20,0.64,-0.0586815961429145
0.02,20,0.65,-0.0633391104608494
0.02,20,0.66,-0.0650003185042864
0.02,20,0.67,-0.0589058148371295
0.02,20,0.68,-0.0626650948956194
0.02,20,0.69,-0.0656816220786722
0.02,20,0.7,-0.068647537458499
0.02,20,0.71,-0.0691381567364373
0.02,20,0.72,-0.0679321342946491
0.02,20,0.73,-0.0673417973357752
0.02,20,0.74,-0.069160050767805
0.02,20,0.75,-0.0727806393790046
0.02,20,0.76,-0.0726528212755002
0.02,20,0.77,-0.0689946884530586
0.02,20,0.78,-0.0744174857576157
0.02,20,0.79,-0.0713225887611278
0.02,20,0.8,-0.0710550428737303
0.02,20,0.81,-0.075553604300461
0.02,20,0.82,-0.0760332902664339
0.02,20,0.83,-0.0785178443919999
0.02,20,0.84,-0.0725612878810694
0.02,20,0.85,-0.0732519067869783
0.02,20,0.86,-0.0736326443331106
0.02,20,0.87,-0.0782029721688681
0.02,20,0.88,-0.0774558554467337
0.02,20,0.89,-0.080824879612043
0.02,20,0.9,-0.0787568261010575
0.02,20,0.91,-0.0752212367068656
0.02,20,0.92,-0.0824366729546696
0.02,20,0.93,-0.0768871195714262
0.02,20,0.94,-0.0753525729095724
0.02,20,0.95,-0.0789746800068887
0.02,20,0.96,-0.0790505171165738
0.02,20,0.97,-0.0834476849841648
0.02,20,0.98,-0.0826788495838619
0.02,20,0.99,-0.0769337405981158
0.02,20,1.0,-0.0813605146835141
0.02,21,0.01,-0.0002960634939047
0.02,21,0.02,-0.0003337222300485
0.02,21,0.03,-0.0004142292045596
0.02,21,0.04,-0.0005722898999227
0.02,21,0.05,-0.0008354120740409
0.02,21,0.06,-0.0012344720063626
0.02,21,0.07,-0.0017583817782589
0.02,21,0.08,-0.0024037861008988
0.02,21,0.09,-0.0033877646336597
0.02,21,0.1,-0.0042603743609891
0.02,21,0.11,-0.0049665637795823
0.02,21,0.12,-0.0061767348519608
0.02,21,0.13,-0.007591548915055
0.02,21,0.14,-0.0088330815347371
0.02,21,0.15,-0.0106884767639491
0.02,21,0.16,-0.01109508954011
0.02,21,0.17,-0.0135763544319263
0.02,21,0.18,-0.0137080176390781
0.02,21,0.19,-0.0162948450658555
0.02,21,0.2,-0.0181592474191997
0.02,21,0.21,-0.0207918089482586
0.02,21,0.22,-0.0217136627189636
0.02,21,0.23,-0.0231103341249696
0.02,21,0.24,-0.0253662793495277
0.02,21,0.25,-0.0266287359658925
0.02,21,0.26,-0.027019891627301
0.02,21,0.27,-0.0292198384801791
0.02,21,0.28,-0.0303284830426661
0.02,21,0.29,-0.0340036151490702
0.02,21,0.3,-0.0337667756425317
0.02,21,0.31,-0.0359182808489409
0.02,21,0.32,-0.0350026634860846
0.02,21,0.33,-0.0365913645276007
0.02,21,0.34,-0.0394649220185385
0.02,21,0.35,-0.037754711232178
0.02,21,0.36,-0.0426694134531961
0.02,21,0.37,-0.0425850743183264
0.02,21,0.38,-0.0462582301855595
0.02,21,0.39,-0.0445646998970711
0.02,21,0.4,-0.0473950685041798
0.02,21,0.41,-0.0478671132910451
0.02,21,0.42,-0.0487938379525472
0.02,21,0.43,-0.0506054989185756
0.02,21,0.44,-0.0512963971979697
0.02,21,0.45,-0.0531336466200802
0.02,21,0.46,-0.0514986510628136
0.02,21,0.47,-0.0497161866220921
0.02,21,0.48,-0.0547394608260421
0.02,21,0.49,-0.0569167975767202
0.02,21,0.5,-0.0531019572181102
0.02,21,0.51,-0.0583590044522136
0.02,21,0.52,-0.0536991680611746
0.02,21,0.53,-0.0582270205357404
0.02,21,0.54,-0.0548785205121996
0.02,21,0.55,-0.0611230062816256
0.02,21,0.56,-0.061224993812313
0.02,21,0.57,-0.0574036388815165
0.02,21,0.58,-0.0604974085155675
0.02,21,0.59,-0.0658831187251755
0.02,21,0.6,-0.0633027875572284
0.02,21,0.61,-0.0633245078392145
0.02,21,0.62,-0.0626129370963757
0.02,21,0.63,-0.0657288225984021
0.02,21,0.64,-0.0676999822442247
0.02,21,0.65,-0.0641729305254366
0.02,21,0.66,-0.0704868961407956
0.02,21,0.67,-0.0730673877301097
0.02,21,0.68,-0.0698553243518219
0.02,21,0.69,-0.0677968219158154
0.02,21,0.7,-0.0672276323280808
0.02,21,0.71,-0.0730035431174456
0.02,21,0.72,-0.0684176827742102
0.02,21,0.73,-0.0685411110378862
0.02,21,0.74,-0.0720519005321973
0.02,21,0.75,-0.0744437798019492
0.02,21,0.76,-0.0761315697125946
0.02,21,0.77,-0.0739996851959921
0.02,21,0.78,-0.0732293502091153
0.02,21,0.79,-0.0762482871835271
0.02,21,0.8,-0.0716291466679873
0.02,21,0.81,-0.0795903330985493
0.02,21,0.82,-0.0719366593967387
0.02,21,0.83,-0.0747092854874551
0.02,21,0.84,-0.0765995537804755
0.02,21,0.85,-0.0774627387635254
0.02,21,0.86,-0.0747790231293704
0.02,21,0.87,-0.0779597338043796
0.02,21,0.88,-0.076686836445428
0.02,21,0.89,-0.0836930418194063
0.02,21,0.9,-0.0823113774809464
0.02,21,0.91,-0.0774663941352665
0.02,21,0.92,-0.0877465200325768
0.02,21,0.93,-0.0839959618915053
0.02,21,0.94,-0.0772003619539398
0.02,21,0.95,-0.0779611543945052
0.02,21,0.96,-0.0802112822750743
0.02,21,0.97,-0.0873599497955906
0.02,21,0.98,-0.0897790124000833
0.02,21,0.99,-0.0875429747839719
0.02,21,1.0,-0.0837100487761068
0.02,22,0.01,-0.0003444556252329
0.02,22,0.02,-0.0003803583005464
0.02,22,0.03,-0.0004591902247561
0.02,22,0.04,-0.000596350495455
0.02,22,0.05,-0.0008405743608464
0.02,22,0.06,-0.0012182878082483
0.02,22,0.07,-0.0017034607194522
0.02,22,0.08,-0.0023631368698882
0.02,22,0.09,-0.0030933896720219
0.02,22,0.1,-0.0040913042668677
0.02,22,0.11,-0.0050204263517703
0.02,22,0.12,-0.006089736218914
0.02,22,0.13,-0.0072095140901994
0.02,22,0.14,-0.0086502437558155
0.02,22,0.15,-0.0098173580746439
0.02,22,0.16,-0.0113829423649795
0.02,22,0.17,-0.0121726333807709
0.02,22,0.18,-0.0140749202092915
0.02,22,0.19,-0.0150217833816726
0.02,22,0.2,-0.0156129574638165
0.02,22,0.21,-0.0184277418224681
0.02,22,0.22,-0.0205690168122718
0.02,22,0.23,-0.0222634025903274
0.02,22,0.24,-0.0207416832210643
0.02,22,0.25,-0.0243923007519777
0.02,22,0.26,-0.024908232208401
0.02,22,0.27,-0.0281556725072
0.02,22,0.28,-0.0305872983435707
0.02,22,0.29,-0.0334123788193891
0.02,22,0.3,-0.0313412767200152
0.02,22,0.31,-0.0337318099669725
0.02,22,0.32,-0.0349362502005162
0.02,22,0.33,-0.036659334603674
0.02,22,0.34,-0.0363244285088711
0.02,22,0.35,-0.0396007534854967
0.02,22,0.36,-0.0398790775572447
0.02,22,0.37,-0.0391300098474154
0.02,22,0.38,-0.0423082662368621
0.02,22,0.39,-0.0427432925539929
0.02,22,0.4,-0.0466347752777421
0.02,22,0.41,-0.0478594068003488
0.02,22,0.42,-0.0497009354801515
0.02,22,0.43,-0.0490092978244354
0.02,22,0.44,-0.0481490080370665
0.02,22,0.45,-0.0481371328023569
0.02,22,0.46,-0.0511717690460346
0.02,22,0.47,-0.051556931118523
0.02,22,0.48,-0.0520993529846149
0.02,22,0.49,-0.0524111313268131
0.02,22,0.5,-0.0521492970643913
0.02,22,0.51,-0.0568358419176129
0.02,22,0.52,-0.0572498689213375
0.02,22,0.53,-0.0486660884617986
0.02,22,0.54,-0.0590775513356625
0.02,22,0.55,-0.0562821810642886
0.02,22,0.56,-0.0599669703808249
0.02,22,0.57,-0.0570627427184366
0.02,22,0.58,-0.0604407075621029
0.02,22,0.59,-0.0597616831860671
0.02,22,0.6,-0.0600478656152317
0.02,22,0.61,-0.0658513420029003
0.02,22,0.62,-0.0668638116273856
0.02,22,0.63,-0.0596470809049015
0.02,22,0.64,-0.0645607801645048
0.02,22,0.65,-0.0655893148005184
0.02,22,0.66,-0.0645807839744014
0.02,22,0.67,-0.0730518244406088
0.02,22,0.68,-0.0701852886152163
0.02,22,0.69,-0.0710924168329578
0.02,22,0.7,-0.0652384185797219
0.02,22,0.71,-0.0683716487325479
0.02,22,0.72,-0.0690344111080578
0.02,22,0.73,-0.0735989598311367
0.02,22,0.74,-0.0724029620175606
0.02,22,0.75,-0.0693463373728685
0.02,22,0.76,-0.0750289296901591
0.02,22,0.77,-0.0742378149959122
0.02,22,0.78,-0.0712526786020203
0.02,22,0.79,-0.0762667654393045
0.02,22,0.8,-0.0760458930705133
0.02,22,0.81,-0.0769011419427351
0.02,22,0.82,-0.0797255112664439
0.02,22,0.83,-0.0758619004535771
0.02,22,0.84,-0.0743704397908585
0.02,22,0.85,-0.0804028046994968
0.02,22,0.86,-0.0781924760818131
0.02,22,0.87,-0.0748604151073012
0.02,22,0.88,-0.0750798970722066
0.02,22,0.89,-0.0732815155922743
0.02,22,0.9,-0.0734212617672596
0.02,22,0.91,-0.0800685665268701
0.02,22,0.92,-0.0805757428340676
0.02,22,0.93,-0.0810039039050003
0.02,22,0.94,-0.0821554772556584
0.02,22,0.95,-0.0838816730609644
0.02,22,0.96,-0.0830887350326387
0.02,22,0.97,-0.0796306866173551
0.02,22,0.98,-0.080542179332219
0.02,22,0.99,-0.0912814305062445
0.02,22,1.0,-0.0866142194574123
0.02,23,0.01,-0.0003638660538634
0.02,23,0.02,-0.0003883781967707
0.02,23,0.03,-0.0004390196824694
0.02,23,0.04,-0.0005416563157357
0.02,23,0.05,-0.0007271531648606
0.02,23,0.06,-0.0010248878572778
0.02,23,0.07,-0.0014763695600531
0.02,23,0.08,-0.0020681643389607
0.02,23,0.09,-0.002838851827542
0.02,23,0.1,-0.0037705356606658
0.02,23,0.11,-0.0047551678517458
0.02,23,0.12,-0.0056085692674638
0.02,23,0.13,-0.0067221336988674
0.02,23,0.14,-0.0080022076311143
0.02,23,0.15,-0.0097785261271788
0.02,23,0.16,-0.0098039463181738
0.02,23,0.17,-0.0130420447182207
0.02,23,0.18,-0.0142357406318374
0.02,23,0.19,-0.0158263934757501
0.02,23,0.2,-0.0170923196211153
0.02,23,0.21,-0.0188842025676132
0.02,23,0.22,-0.0197922368590678
0.02,23,0.23,-0.0230212512605868
0.02,23,0.24,-0.0202748741746276
0.02,23,0.25,-0.0257977548815039
0.02,23,0.26,-0.0272924849233729
0.02,23,0.27,-0.0283083912749056
0.02,23,0.28,-0.0271864378621527
0.02,23,0.29,-0.0301857880527139
0.02,23,0.3,-0.031221974696999
0.02,23,0.31,-0.033443830538864
0.02,23,0.32,-0.0351002498591126
0.02,23,0.33,-0.0347903582651571
0.02,23,0.34,-0.0358897433230976
0.02,23,0.35,-0.0392788527994247
0.02,23,0.36,-0.0430817461624789
0.02,23,0.37,-0.0409264317684842
0.02,23,0.38,-0.0454222120772849
0.02,23,0.39,-0.0437347714583999
0.02,23,0.4,-0.0453479619193642
0.02,23,0.41,-0.0454006214988786
0.02,23,0.42,-0.0477629656464381
0.02,23,0.43,-0.0477356380149828
0.02,23,0.44,-0.0498618218989769
0.02,23,0.45,-0.0504055270866205
0.02,23,0.46,-0.0511764414651754
0.02,23,0.47,-0.0496109560294319
0.02,23,0.48,-0.056541778655611
0.02,23,0.49,-0.0536033957657079
0.02,23,0.5,-0.0533053193842691
0.02,23,0.51,-0.0551800221127816
0.02,23,0.52,-0.0546927725277144
0.02,23,0.53,-0.0570311067437603
0.02,23,0.54,-0.0578809418487644
0.02,23,0.55,-0.0583637026908487
0.02,23,0.56,-0.062322931146478
0.02,23,0.57,-0.0627212326197985
0.02,23,0.58,-0.061326462941722
0.02,23,0.59,-0.0594260291320544
0.02,23,0.6,-0.0587283604504122
0.02,23,0.61,-0.0611484403890238
0.02,23,0.62,-0.0598877461359842
0.02,23,0.63,-0.066131363377483
0.02,23,0.64,-0.0671201690444437
0.02,23,0.65,-0.0645561599254676
0.02,23,0.66,-0.0640962357207833
0.02,23,0.67,-0.0736396299021898
0.02,23,0.68,-0.0677674165670846
0.02,23,0.69,-0.0671492079540573
0.02,23,0.7,-0.0699788630768977
0.02,23,0.71,-0.0693127953123278
0.02,23,0.72,-0.0717825363849331
0.02,23,0.73,-0.075038494492268
0.02,23,0.74,-0.0666326978132767
0.02,23,0.75,-0.069555797114743
0.02,23,0.76,-0.0666812643578505
0.02,23,0.77,-0.0735086514752132
0.02,23,0.78,-0.0740610479407243
0.02,23,0.79,-0.0756877155321729
0.02,23,0.8,-0.0732869611850775
0.02,23,0.81,-0.0780307148952832
0.02,23,0.82,-0.0769498172197165
0.02,23,0.83,-0.071559988839188
0.02,23,0.84,-0.0765029601392973
0.02,23,0.85,-0.079484979179676
0.02,23,0.86,-0.0708788866391043
0.02,23,0.87,-0.0841959465769134
0.02,23,0.88,-0.077943274521462
0.02,23,0.89,-0.0778994838264871
0.02,23,0.9,-0.0789049323767817
0.02,23,0.91,-0.0807736997387733
0.02,23,0.92,-0.0776674163789555
0.02,23,0.93,-0.0816496835682956
0.02,23,0.94,-0.0846809038138323
0.02,23,0.95,-0.0782884888504442
0.02,23,0.96,-0.0817923714031228
0.02,23,0.97,-0.0820806353315961
0.02,23,0.98,-0.0814239851663751
0.02,23,0.99,-0.0870516765711581
0.02,23,1.0,-0.082428191467071
0.02,24,0.01,-0.0007307199755361
0.02,24,0.02,-0.0007976437618354
0.02,24,0.03,-0.0009249264448945
0.02,24,0.04,-0.0011513764968043
0.02,24,0.05,-0.0015025897420521
0.02,24,0.06,-0.0019968922212619
0.02,24,0.07,-0.0026194807878335
0.02,24,0.08,-0.003431798450418
0.02,24,0.09,-0.0043248932781679
0.02,24,0.1,-0.0054040589313586
0.02,24,0.11,-0.0065731461908434
0.02,24,0.12,-0.0076948107488105
0.02,24,0.13,-0.009184881584374
0.02,24,0.14,-0.0101759084532366
0.02,24,0.15,-0.0117251477256577
0.02,24,0.16,-0.0135652217989751
0.02,24,0.17,-0.0155598030670599
0.02,24,0.18,-0.0165992050357803
0.02,24,0.19,-0.0180196701633383
0.02,24,0.2,-0.0207591366911169
0.02,24,0.21,-0.0206902223786063
0.02,24,0.22,-0.0240657705716331
0.02,24,0.23,-0.0244391977443438
0.02,24,0.24,-0.0262019389178398
0.02,24,0.25,-0.0267238244897567
0.02,24,0.26,-0.0289929717912177
0.02,24,0.27,-0.0281317751007391
0.02,24,0.28,-0.0317463945330626
0.02,24,0.29,-0.031510006422961
0.02,24,0.3,-0.0328688331223972
0.02,24,0.31,-0.0356096488294826
0.02,24,0.32,-0.0380009363010655
0.02,24,0.33,-0.0379447204632645
0.02,24,0.34,-0.042172016129733
0.02,24,0.35,-0.0420516680665602
0.02,24,0.36,-0.0443277446536648
0.02,24,0.37,-0.0429874004448112
0.02,24,0.38,-0.0465332468097447
0.02,24,0.39,-0.0452180461847138
0.02,24,0.4,-0.0458629654280054
0.02,24,0.41,-0.0464467989947491
0.02,24,0.42,-0.0512099659511786
0.02,24,0.43,-0.0507241505033473
0.02,24,0.44,-0.0510760899803275
0.02,24,0.45,-0.0513490738411192
0.02,24,0.46,-0.0533015167012727
0.02,24,0.47,-0.0544325416338657
0.02,24,0.48,-0.0534274406617983
0.02,24,0.49,-0.0533754766738403
0.02,24,0.5,-0.0552028989213632
0.02,24,0.51,-0.0587171442319061
0.02,24,0.52,-0.0598478419673962
0.02,24,0.53,-0.0622532623032115
0.02,24,0.54,-0.0566714303122702
0.02,24,0.55,-0.0609579191297367
0.02,24,0.56,-0.0625105291597787
0.02,24,0.57,-0.060692132086974
0.02,24,0.58,-0.0654144094293964
0.02,24,0.59,-0.0607807812188511
0.02,24,0.6,-0.0638865152986562
0.02,24,0.61,-0.063906282008032
0.02,24,0.62,-0.068239149246239
0.02,24,0.63,-0.065629782696216
0.02,24,0.64,-0.0689429329492933
0.02,24,0.65,-0.0682275910317742
0.02,24,0.66,-0.0676481128016516
0.02,24,0.67,-0.0705821873753211
0.02,24,0.68,-0.0697787499964254
0.02,24,0.69,-0.0650749042039222
0.02,24,0.7,-0.0715329266172224
0.02,24,0.71,-0.0667982148614112
0.02,24,0.72,-0.0674072900282203
0.02,24,0.73,-0.0740197126393105
0.02,24,0.74,-0.0699111513426365
0.02,24,0.75,-0.0757849534731333
0.02,24,0.76,-0.0756834372476023
0.02,24,0.77,-0.0720293700806166
0.02,24,0.78,-0.0777197903870106
0.02,24,0.79,-0.0670683639137714
0.02,24,0.8,-0.0777272465056482
0.02,24,0.81,-0.0782606377462636
0.02,24,0.82,-0.077018507339988
0.02,24,0.83,-0.0755690091020449
0.02,24,0.84,-0.0743949729415101
0.02,24,0.85,-0.0784095659344424
0.02,24,0.86,-0.0793115779637291
0.02,24,0.87,-0.0795824546640943
0.02,24,0.88,-0.0807660871246791
0.02,24,0.89,-0.0825461375706154
0.02,24,0.9,-0.0840150221267566
0.02,24,0.91,-0.0754337105902851
0.02,24,0.92,-0.0832338595962417
0.02,24,0.93,-0.081456842764457
0.02,24,0.94,-0.0818921684542662
0.02,24,0.95,-0.0853053830671227
0.02,24,0.96,-0.0808527721776454
0.02,24,0.97,-0.080750644452584
0.02,24,0.98,-0.0875305137513614
0.02,24,0.99,-0.0833326922248649
0.02,24,1.0,-0.0874398517148103
0.02,25,0.01,-0.0006178624517863
0.02,25,0.02,-0.0006691303674452
0.02,25,0.03,-0.0007769442406211
0.02,25,0.04,-0.000950969491005
0.02,25,0.05,-0.0012240053020311
0.02,25,0.06,-0.0016417112290598
0.02,25,0.07,-0.0021523379090498
0.02,25,0.08,-0.002750054230235
0.02,25,0.09,-0.0035699755370904
0.02,25,0.1,-0.0043780264391308
0.02,25,0.11,-0.0052753490872275
0.02,25,0.12,-0.0062387535775085
0.02,25,0.13,-0.0073485617804365
0.02,25,0.14,-0.009196228033671
0.02,25,0.15,-0.0094439815239786
0.02,25,0.16,-0.0115665729809942
0.02,25,0.17,-0.0119053845073655
0.02,25,0.18,-0.01361626551643
0.02,25,0.19,-0.01578930807483
0.02,25,0.2,-0.0167312579078225
0.02,25,0.21,-0.0163330458634882
0.02,25,0.22,-0.0192066567536113
0.02,25,0.23,-0.0211082249619171
0.02,25,0.24,-0.0232360279536797
0.02,25,0.25,-0.0251436992551465
0.02,25,0.26,-0.0255512441752518
0.02,25,0.27,-0.0265327941749658
0.02,25,0.28,-0.0285743062596539
0.02,25,0.29,-0.0301466849065415
0.02,25,0.3,-0.0297159276017269
0.02,25,0.31,-0.0323514966427144
0.02,25,0.32,-0.0330420292885477
0.02,25,0.33,-0.0351119580792303
0.02,25,0.34,-0.0354792426769943
0.02,25,0.35,-0.0368135936046058
0.02,25,0.36,-0.0354405801887293
0.02,25,0.37,-0.0385735745379787
0.02,25,0.38,-0.0426114337239077
0.02,25,0.39,-0.0407353229985038
0.02,25,0.4,-0.0442408313615598
0.02,25,0.41,-0.0428654444500732
0.02,25,0.42,-0.0454777550611103
0.02,25,0.43,-0.0443379082911878
0.02,25,0.44,-0.0446864097401486
0.02,25,0.45,-0.0494636163628432
0.02,25,0.46,-0.0492208582433338
0.02,25,0.47,-0.0491805329696324
0.02,25,0.48,-0.0514925189726494
0.02,25,0.49,-0.050889552518448
0.02,25,0.5,-0.0497074062738466
0.02,25,0.51,-0.0531008838217272
0.02,25,0.52,-0.0540482961739169
0.02,25,0.53,-0.0539625605991323
0.02,25,0.54,-0.0537880494613356
0.02,25,0.55,-0.0573845113908014
0.02,25,0.56,-0.0559325666238797
0.02,25,0.57,-0.0585911298780005
0.02,25,0.58,-0.0630967506987248
0.02,25,0.59,-0.0564107286399164
0.02,25,0.6,-0.0636865455764272
0.02,25,0.61,-0.0602062342424073
0.02,25,0.62,-0.061632786226141
0.02,25,0.63,-0.0625399543739214
0.02,25,0.64,-0.0623503467788156
0.02,25,0.65,-0.0648843615872693
0.02,25,0.66,-0.060488401648556
0.02,25,0.67,-0.0616902295154123
0.02,25,0.68,-0.0692830247160797
0.02,25,0.69,-0.0638510693067428
0.02,25,0.7,-0.0677138977780555
0.02,25,0.71,-0.0661295252589904
0.02,25,0.72,-0.0671590169915025
0.02,25,0.73,-0.0709966822038057
0.02,25,0.74,-0.0684214537400237
0.02,25,0.75,-0.0679721812128454
0.02,25,0.76,-0.0699244224167208
0.02,25,0.77,-0.0705697387140826
0.02,25,0.78,-0.0748633765865794
0.02,25,0.79,-0.075827019468767
0.02,25,0.8,-0.0730072598705267
0.02,25,0.81,-0.06916706065767
0.02,25,0.82,-0.0726246793139354
0.02,25,0.83,-0.07468897794352
0.02,25,0.84,-0.0742370529359762
0.02,25,0.85,-0.0737050515047512
0.02,25,0.86,-0.0717292243971044
0.02,25,0.87,-0.0764670611535529
0.02,25,0.88,-0.0777615048789132
0.02,25,0.89,-0.0768050112217543
0.02,25,0.9,-0.0754041176065836
0.02,25,0.91,-0.0738271213677379
0.02,25,0.92,-0.0770663921524213
0.02,25,0.93,-0.0817425922835532
0.02,25,0.94,-0.0798546409111504
0.02,25,0.95,-0.0778217915292613
0.02,25,0.96,-0.0810872754779882
0.02,25,0.97,-0.0850622223145167
0.02,25,0.98,-0.0802215509020012
0.02,25,0.99,-0.0827183481838163
0.02,25,1.0,-0.0832549985280004
0.02,26,0.01,-0.0003095896654314
0.02,26,0.02,-0.0003437935865267
0.02,26,0.03,-0.0004106429170597
0.02,26,0.04,-0.0005491422062699
0.02,26,0.05,-0.0007779012944687
0.02,26,0.06,-0.0011174739646329
0.02,26,0.07,-0.0016201230783773
0.02,26,0.08,-0.0022768544642179
0.02,26,0.09,-0.0029807359532932
0.02,26,0.1,-0.003818941303606
0.02,26,0.11,-0.00470926667344
0.02,26,0.12,-0.005662280516444
0.02,26,0.13,-0.0066595269672969
0.02,26,0.14,-0.0083082876006602
0.02,26,0.15,-0.0093597360777123
0.02,26,0.16,-0.0113743759721674
0.02,26,0.17,-0.0127294831466156
0.02,26,0.18,-0.0130822306474178
0.02,26,0.19,-0.0143828970134136
0.02,26,0.2,-0.0171065560703709
0.02,26,0.21,-0.0189826039518648
0.02,26,0.22,-0.0190920936571845
0.02,26,0.23,-0.0194096442194358
0.02,26,0.24,-0.0225093800255276
0.02,26,0.25,-0.0240430262405065
0.02,26,0.26,-0.0259647706551915
0.02,26,0.27,-0.027260620971184
0.02,26,0.28,-0.0257377685727103
0.02,26,0.29,-0.0309875199389749
0.02,26,0.3,-0.0284548472091942
0.02,26,0.31,-0.0333651304838334
0.02,26,0.32,-0.0341404188690238
0.02,26,0.33,-0.0350160603906592
0.02,26,0.34,-0.0387364542551116
0.02,26,0.35,-0.0391967750742288
0.02,26,0.36,-0.043423246573792
0.02,26,0.37,-0.043035903786044
0.02,26,0.38,-0.0413278486574531
0.02,26,0.39,-0.04283232248619
0.02,26,0.4,-0.0445438338819329
0.02,26,0.41,-0.0462419009571072
0.02,26,0.42,-0.0490333745101778
0.02,26,0.43,-0.0496368399908789
0.02,26,0.44,-0.0487886685211056
0.02,26,0.45,-0.0512510467505713
0.02,26,0.46,-0.0484488487189372
0.02,26,0.47,-0.0510326000855783
0.02,26,0.48,-0.0507541876618323
0.02,26,0.49,-0.0531784391605883
0.02,26,0.5,-0.0547175271430675
0.02,26,0.51,-0.0546852537206025
0.02,26,0.52,-0.0559918750895088
0.02,26,0.53,-0.0543623556523354
0.02,26,0.54,-0.0588711102658779
0.02,26,0.55,-0.0600570032070903
0.02,26,0.56,-0.0577513314872128
0.02,26,0.57,-0.0646326917066328
0.02,26,0.58,-0.0634344872288266
0.02,26,0.59,-0.0659288475334936
0.02,26,0.6,-0.0604897804541361
0.02,26,0.61,-0.0626535329555671
0.02,26,0.62,-0.0647913358009026
0.02,26,0.63,-0.0639112969950133
0.02,26,0.64,-0.0617290465284398
0.02,26,0.65,-0.0681603354472615
0.02,26,0.66,-0.0664171537760444
0.02,26,0.67,-0.0644297442495743
0.02,26,0.68,-0.0679287963384086
0.02,26,0.69,-0.0688586695465706
0.02,26,0.7,-0.0719315347284918
0.02,26,0.71,-0.0654413928299579
0.02,26,0.72,-0.0708091889206257
0.02,26,0.73,-0.0685890255401618
0.02,26,0.74,-0.073032346267162
0.02,26,0.75,-0.0733947206612103
0.02,26,0.76,-0.0725781979329045
0.02,26,0.77,-0.0697337178094665
0.02,26,0.78,-0.0717548216934446
0.02,26,0.79,-0.0765430039464619
0.02,26,0.8,-0.0751269420157167
0.02,26,0.81,-0.0782546732770262
0.02,26,0.82,-0.0733876115057509
0.02,26,0.83,-0.0759207070072408
0.02,26,0.84,-0.0708034458675311
0.02,26,0.85,-0.0746203678424564
0.02,26,0.86,-0.0764381016664041
0.02,26,0.87,-0.08207092606928
0.02,26,0.88,-0.0775757765179182
0.02,26,0.89,-0.0760458312027895
0.02,26,0.9,-0.0825095538170923
0.02,26,0.91,-0.0745933017289136
0.02,26,0.92,-0.0799083590438921
0.02,26,0.93,-0.079926846832136
0.02,26,0.94,-0.085452203807955
0.02,26,0.95,-0.0852522036018744
0.02,26,0.96,-0.0835021244333916
0.02,26,0.97,-0.0816410079460097
0.02,26,0.98,-0.0848930635124494
0.02,26,0.99,-0.0817603071085283
0.02,26,1.0,-0.0814917388200797
0.02,27,0.01,-0.0002525393652279
0.02,27,0.02,-0.0002854674204489
0.02,27,0.03,-0.0003619184201226
0.02,27,0.04,-0.000511468354923
0.02,27,0.05,-0.0007728866344261
0.02,27,0.06,-0.0011476411575735
0.02,27,0.07,-0.0016683512475385
0.02,27,0.08,-0.0023436250195312
0.02,27,0.09,-0.0034444049282142
0.02,27,0.1,-0.0041898360273006
0.02,27,0.11,-0.0054371255521521
0.02,27,0.12,-0.0061435251393047
0.02,27,0.13,-0.0079577699571455
0.02,27,0.14,-0.0091086454537915
0.02,27,0.15,-0.0104733130793861
0.02,27,0.16,-0.0123030434603979
0.02,27,0.17,-0.0132211109851838
0.02,27,0.18,-0.0159979272553218
0.02,27,0.19,-0.0165460899065691
0.02,27,0.2,-0.0188442878346164
0.02,27,0.21,-0.0201962775185358
0.02,27,0.22,-0.0193756589710165
0.02,27,0.23,-0.0241113640703816
0.02,27,0.24,-0.0256645033438558
0.02,27,0.25,-0.0260105122149729
0.02,27,0.26,-0.0302934280129065
0.02,27,0.27,-0.0291943866061187
0.02,27,0.28,-0.0323273904160003
0.02,27,0.29,-0.0337829762796643
0.02,27,0.3,-0.0354607928479791
0.02,27,0.31,-0.0373296211516653
0.02,27,0.32,-0.034752733548103
0.02,27,0.33,-0.0379483717361906
0.02,27,0.34,-0.0391622062857292
0.02,27,0.35,-0.0417952205214289
0.02,27,0.36,-0.0408789788801488
0.02,27,0.37,-0.0413335837646947
0.02,27,0.38,-0.0451848110259669
0.02,27,0.39,-0.0464460976966546
0.02,27,0.4,-0.0472205591885457
0.02,27,0.41,-0.0481866176103812
0.02,27,0.42,-0.0489348756870385
0.02,27,0.43,-0.0463292081978591
0.02,27,0.44,-0.0521253956534333
0.02,27,0.45,-0.048821626985012
0.02,27,0.46,-0.0549216399310004
0.02,27,0.47,-0.0560662563399582
0.02,27,0.48,-0.055487885532385
0.02,27,0.49,-0.0555496266767757
0.02,27,0.5,-0.0581440088834268
0.02,27,0.51,-0.0590394933176956
0.02,27,0.52,-0.0594609216699612
0.02,27,0.53,-0.062410914373368
0.02,27,0.54,-0.0517545557326329
0.02,27,0.55,-0.0589896010309077
0.02,27,0.56,-0.062459906303698
0.02,27,0.57,-0.0617204905869441
0.02,27,0.58,-0.0633096690156059
0.02,27,0.59,-0.0604461809453227
0.02,27,0.6,-0.0629813554844031
0.02,27,0.61,-0.0663153715104155
0.02,27,0.62,-0.0677382336293592
0.02,27,0.63,-0.0716841691032833
0.02,27,0.64,-0.0611288714815841
0.02,27,0.65,-0.0712847919881495
0.02,27,0.66,-0.0677102398904472
0.02,27,0.67,-0.066753344675126
0.02,27,0.68,-0.068756238615582
0.02,27,0.69,-0.0746943026343814
0.02,27,0.7,-0.0673442464345753
0.02,27,0.71,-0.0729323981067292
0.02,27,0.72,-0.0760830014597176
0.02,27,0.73,-0.0720901692486193
0.02,27,0.74,-0.07508277914289
0.02,27,0.75,-0.0752623009284627
0.02,27,0.76,-0.0774869532449164
0.02,27,0.77,-0.0740808223728344
0.02,27,0.78,-0.0798227630563925
0.02,27,0.79,-0.0794870317507699
0.02,27,0.8,-0.0741159795546168
0.02,27,0.81,-0.0778738370541847
0.02,27,0.82,-0.0796959110084508
0.02,27,0.83,-0.0794192846234346
0.02,27,0.84,-0.0834273625437068
0.02,27,0.85,-0.0804029560470066
0.02,27,0.86,-0.0819546454939382
0.02,27,0.87,-0.0778067577309511
0.02,27,0.88,-0.0850611092863624
0.02,27,0.89,-0.0793176038975937
0.02,27,0.9,-0.0802315395487397
0.02,27,0.91,-0.0804517358857925
0.02,27,0.92,-0.0836640969037922
0.02,27,0.93,-0.0853827502615506
0.02,27,0.94,-0.0858877269932679
0.02,27,0.95,-0.0857422286609715
0.02,27,0.96,-0.0838082598684455
0.02,27,0.97,-0.0857622880662214
0.02,27,0.98,-0.0848505358041668
0.02,27,0.99,-0.0835786821210696
0.02,27,1.0,-0.0934296929078078
0.02,28,0.01,-0.0009296280653217
0.02,28,0.02,-0.0009876015030879
0.02,28,0.03,-0.0011033035363917
0.02,28,0.04,-0.0013146394340807
0.02,28,0.05,-0.0016548020542616
0.02,28,0.06,-0.0021305846217399
0.02,28,0.07,-0.002750511454026
0.02,28,0.08,-0.0034752922179421
0.02,28,0.09,-0.0044456989323389
0.02,28,0.1,-0.0053434335246878
0.02,28,0.11,-0.0061741853210539
0.02,28,0.12,-0.007662096431703
0.02,28,0.13,-0.0089867966647021
0.02,28,0.14,-0.0101675273563705
0.02,28,0.15,-0.011306916754268
0.02,28,0.16,-0.0121644138769758
0.02,28,0.17,-0.0141687046189397
0.02,28,0.18,-0.0161320312938754
0.02,28,0.19,-0.0166910915240402
0.02,28,0.2,-0.0179596980805549
0.02,28,0.21,-0.0199791827242922
0.02,28,0.22,-0.0228349194117058
0.02,28,0.23,-0.0207882817205178
0.02,28,0.24,-0.0250439934756612
0.02,28,0.25,-0.0247836546846819
0.02,28,0.26,-0.0246764023452238
0.02,28,0.27,-0.0302554015440541
0.02,28,0.28,-0.0316430499893716
0.02,28,0.29,-0.0317556569950613
0.02,28,0.3,-0.0331191436978141
0.02,28,0.31,-0.0352710763424105
0.02,28,0.32,-0.036383581737075
0.02,28,0.33,-0.0382061789366639
0.02,28,0.34,-0.0375178193597002
0.02,28,0.35,-0.0400067334375266
0.02,28,0.36,-0.0390152804810518
0.02,28,0.37,-0.0431275811194014
0.02,28,0.38,-0.0429576549584409
0.02,28,0.39,-0.0409417393377038
0.02,28,0.4,-0.0463976084022386
0.02,28,0.41,-0.0404126665635745
0.02,28,0.42,-0.0441433376855537
0.02,28,0.43,-0.0498863615108518
0.02,28,0.44,-0.0486768301732693
0.02,28,0.45,-0.0523750235629738
0.02,28,0.46,-0.0492795607136919
0.02,28,0.47,-0.0531776791345566
0.02,28,0.48,-0.0519765681646723
0.02,28,0.49,-0.0527114563048628
0.02,28,0.5,-0.0524267669072154
0.02,28,0.51,-0.052774807393968
0.02,28,0.52,-0.0573253293016166
0.02,28,0.53,-0.0549618415369578
0.02,28,0.54,-0.0575939448497936
0.02,28,0.55,-0.0553509550495658
0.02,28,0.56,-0.0589341796971274
0.02,28,0.57,-0.0589776853544644
0.02,28,0.58,-0.0611322944514261
0.02,28,0.59,-0.0608407734864114
0.02,28,0.6,-0.0612386965941293
0.02,28,0.61,-0.0655318855258648
0.02,28,0.62,-0.0622812528058052
0.02,28,0.63,-0.0631115594782747
0.02,28,0.64,-0.0656820156689386
0.02,28,0.65,-0.0649368487392954
0.02,28,0.66,-0.0664754527966635
0.02,28,0.67,-0.0675124302049122
0.02,28,0.68,-0.0653507704948787
0.02,28,0.69,-0.0651927040527992
0.02,28,0.7,-0.0708222371696068
0.02,28,0.71,-0.0696802162434092
0.02,28,0.72,-0.0690144434786869
0.02,28,0.73,-0.0710300320432234
0.02,28,0.74,-0.0677681343318849
0.02,28,0.75,-0.0697388817590667
0.02,28,0.76,-0.068221548060995
0.02,28,0.77,-0.0707214832568543
0.02,28,0.78,-0.0730489361039345
0.02,28,0.79,-0.0734458680007653
0.02,28,0.8,-0.0778741259049118
0.02,28,0.81,-0.0683386567052996
0.02,28,0.82,-0.0713434604315327
0.02,28,0.83,-0.0756473723979102
0.02,28,0.84,-0.0763326749035218
0.02,28,0.85,-0.076817628037658
0.02,28,0.86,-0.0775302600201907
0.02,28,0.87,-0.0800617926180423
0.02,28,0.88,-0.0790984862747547
0.02,28,0.89,-0.0802293277712237
0.02,28,0.9,-0.0835903039918908
0.02,28,0.91,-0.0815313598715153
0.02,28,0.92,-0.0840986608996276
0.02,28,0.93,-0.0793633210729986
0.02,28,0.94,-0.0771000969733365
0.02,28,0.95,-0.085401714088035
0.02,28,0.96,-0.0831675008800129
0.02,28,0.97,-0.0847440896638965
0.02,28,0.98,-0.0827453922682963
0.02,28,0.99,-0.0826876586989802
0.02,28,1.0,-0.0864678920473959
0.02,29,0.01,-0.0003160786265512
0.02,29,0.02,-0.0003420947752691
0.02,29,0.03,-0.0003965108437783
0.02,29,0.04,-0.0005075008690036
0.02,29,0.05,-0.0007094430359317
0.02,29,0.06,-0.0010210597703223
0.02,29,0.07,-0.0015154808787415
0.02,29,0.08,-0.0021159057311957
0.02,29,0.09,-0.0028699193242106
0.02,29,0.1,-0.0037389501978713
0.02,29,0.11,-0.0047947978224437
0.02,29,0.12,-0.0060093139275464
0.02,29,0.13,-0.007359655644885
0.02,29,0.14,-0.0078669695207949
0.02,29,0.15,-0.010358239863563
0.02,29,0.16,-0.011392646578165
0.02,29,0.17,-0.0128253964329547
0.02,29,0.18,-0.0148920182562588
0.02,29,0.19,-0.0156140529936099
0.02,29,0.2,-0.0159970715268538
0.02,29,0.21,-0.0179775778736042
0.02,29,0.22,-0.0202235683470735
0.02,29,0.23,-0.0231747473881686
0.02,29,0.24,-0.0234739176502327
0.02,29,0.25,-0.0251838267956868
0.02,29,0.26,-0.0261222699845946
0.02,29,0.27,-0.0284283466232462
0.02,29,0.28,-0.0299545663766713
0.02,29,0.29,-0.0306084033248893
0.02,29,0.3,-0.03379207214965
0.02,29,0.31,-0.0340224298386576
0.02,29,0.32,-0.0348553671943281
0.02,29,0.33,-0.0369164163791334
0.02,29,0.34,-0.03977359762465
0.02,29,0.35,-0.0371543568730661
0.02,29,0.36,-0.0419679593792118
0.02,29,0.37,-0.0414895594382246
0.02,29,0.38,-0.0412704552142793
0.02,29,0.39,-0.0415221571354935
0.02,29,0.4,-0.0448360691947448
0.02,29,0.41,-0.0446342555519948
0.02,29,0.42,-0.0472840619746907
0.02,29,0.43,-0.0485348338160308
0.02,29,0.44,-0.0458341570240703
0.02,29,0.45,-0.04957467229909
0.02,29,0.46,-0.0472976826266677
0.02,29,0.47,-0.0495413663961778
0.02,29,0.48,-0.050583368127884
0.02,29,0.49,-0.0538680408670341
0.02,29,0.5,-0.0554091460300824
0.02,29,0.51,-0.0549704467350531
0.02,29,0.52,-0.0520936229080603
0.02,29,0.53,-0.0540364801820892
0.02,29,0.54,-0.0529993668253657
0.02,29,0.55,-0.0524316819102723
0.02,29,0.56,-0.0555542181961984
0.02,29,0.57,-0.0551038560967741
0.02,29,0.58,-0.0608856033493385
0.02,29,0.59,-0.060444939084466
0.02,29,0.6,-0.0636839341935209
0.02,29,0.61,-0.0595534901590345
0.02,29,0.62,-0.0634167263329093
0.02,29,0.63,-0.0640824605753896
0.02,29,0.64,-0.0648594484803415
0.02,29,0.65,-0.0660395699745022
0.02,29,0.66,-0.0643757750228995
0.02,29,0.67,-0.0704462953528634
0.02,29,0.68,-0.0647504686997633
0.02,29,0.69,-0.0634247873402417
0.02,29,0.7,-0.0683850659504347
0.02,29,0.71,-0.0664413655576436
0.02,29,0.72,-0.0688225890694305
0.02,29,0.73,-0.0677925227244316
0.02,29,0.74,-0.0720130656440092
0.02,29,0.75,-0.0700965573203377
0.02,29,0.76,-0.0724442570667399
0.02,29,0.77,-0.0716622373392295
0.02,29,0.78,-0.0697054724854676
0.02,29,0.79,-0.0703576926423158
0.02,29,0.8,-0.0745744987295918
0.02,29,0.81,-0.06884606518419
0.02,29,0.82,-0.0730800911709686
0.02,29,0.83,-0.0709131333694246
0.02,29,0.84,-0.0726183001520114
0.02,29,0.85,-0.070181710549663
0.02,29,0.86,-0.0764631841759934
0.02,29,0.87,-0.0789703763464661
0.02,29,0.88,-0.0774464320231954
0.02,29,0.89,-0.0779010272330669
0.02,29,0.9,-0.0739598780655506
0.02,29,0.91,-0.0785792138729403
0.02,29,0.92,-0.0820017064521114
0.02,29,0.93,-0.0810011833822312
0.02,29,0.94,-0.0819134702906142
0.02,29,0.95,-0.0793856372333084
0.02,29,0.96,-0.0801917724176134
0.02,29,0.97,-0.0723471259779891
0.02,29,0.98,-0.0812443908489245
0.02,29,0.99,-0.0831052585259634
0.02,29,1.0,-0.0844934536898053
0.05,0,0.01,-0.0012605485475925
0.05,0,0.02,-0.0013975815306244
0.05,0,0.03,-0.0016704230411097
0.05,0,0.04,-0.0020961651899824
0.05,0,0.05,-0.0027757602189853
0.05,0,0.06,-0.0036140687751389
0.05,0,0.07,-0.0045268973780245
0.05,0,0.08,-0.0056237450952248
0.05,0,0.09,-0.0069904725640379
0.05,0,0.1,-0.0087391931828094
0.05,0,0.11,-0.0092238517938571
0.05,0,0.12,-0.0117859219890631
0.05,0,0.13,-0.0147759931620131
0.05,0,0.14,-0.0156739037090225
0.05,0,0.15,-0.018151265385396
0.05,0,0.16,-0.0201317670306739
0.05,0,0.17,-0.0244048706030811
0.05,0,0.18,-0.0259572764235698
0.05,0,0.19,-0.0291883283700227
0.05,0,0.2,-0.0296792444669494
0.05,0,0.21,-0.0310513657869326
0.05,0,0.22,-0.0345971427660364
0.05,0,0.23,-0.0361160858702218
0.05,0,0.24,-0.0370857946268695
0.05,0,0.25,-0.0424632817575791
0.05,0,0.26,-0.0401477631356675
0.05,0,0.27,-0.0469573768031708
0.05,0,0.28,-0.0459440635954438
0.05,0,0.29,-0.0482144867697476
0.05,0,0.3,-0.0496901214580696
0.05,0,0.31,-0.0517829506319645
0.05,0,0.32,-0.0531062421309205
0.05,0,0.33,-0.053738790667404
0.05,0,0.34,-0.0584130116283318
0.05,0,0.35,-0.0566213094271838
0.05,0,0.36,-0.0605426754553748
0.05,0,0.37,-0.0609647449389081
0.05,0,0.38,-0.0610036991800327
0.05,0,0.39,-0.0631947080733657
0.05,0,0.4,-0.0658039316300797
0.05,0,0.41,-0.0656524673662797
0.05,0,0.42,-0.0653342270965991
0.05,0,0.43,-0.0682997741313763
0.05,0,0.44,-0.0695164115318446
0.05,0,0.45,-0.0717331678486597
0.05,0,0.46,-0.0684315762369322
0.05,0,0.47,-0.0690753477093434
0.05,0,0.48,-0.0747222111310705
0.05,0,0.49,-0.0770775781634916
0.05,0,0.5,-0.0732940347816612
0.05,0,0.51,-0.0727983813339191
0.05,0,0.52,-0.0768285685066363
0.05,0,0.53,-0.0759388748998612
0.05,0,0.54,-0.0744820273930567
0.05,0,0.55,-0.0772494111299954
0.05,0,0.56,-0.0793321859556241
0.05,0,0.57,-0.0807146599147512
0.05,0,0.58,-0.0809952119082081
0.05,0,0.59,-0.0828101202620606
0.05,0,0.6,-0.0797616539679554
0.05,0,0.61,-0.083627576357134
0.05,0,0.62,-0.0803458006338668
0.05,0,0.63,-0.0781215429341701
0.05,0,0.64,-0.0802856899650307
0.05,0,0.65,-0.0832150179497795
0.05,0,0.66,-0.0863394252617095
0.05,0,0.67,-0.0869453331521165
0.05,0,0.68,-0.0832167213408444
0.05,0,0.69,-0.0855343958624855
0.05,0,0.7,-0.0849736896282873
0.05,0,0.71,-0.0821531840572142
0.05,0,0.72,-0.0876650175578597
0.05,0,0.73,-0.0817775961669284
0.05,0,0.74,-0.0868197088047715
0.05,0,0.75,-0.0882607807302677
0.05,0,0.76,-0.0892547452661968
0.05,0,0.77,-0.086657235264475
0.05,0,0.78,-0.0852673913793277
0.05,0,0.79,-0.0861499297326771
0.05,0,0.8,-0.0884446989434028
0.05,0,0.81,-0.0900448006708882
0.05,0,0.82,-0.0906895016272876
0.05,0,0.83,-0.0932919276438179
0.05,0,0.84,-0.0964756660842724
0.05,0,0.85,-0.0955511503994392
0.05,0,0.86,-0.0923717505592635
0.05,0,0.87,-0.0892077424396532
0.05,0,0.88,-0.0939711798871812
0.05,0,0.89,-0.0984781268525893
0.05,0,0.9,-0.0964392999903186
0.05,0,0.91,-0.0913137419354589
0.05,0,0.92,-0.0974604933955215
0.05,0,0.93,-0.0954268973309867
0.05,0,0.94,-0.0958933530283311
0.05,0,0.95,-0.0937532944478435
0.05,0,0.96,-0.0992335201173695
0.05,0,0.97,-0.1006592436434899
0.05,0,0.98,-0.0962274854707649
0.05,0,0.99,-0.0957708511837228
0.05,0,1.0,-0.0969779495811022
0.05,1,0.01,-0.0003184400277163
0.05,1,0.02,-0.0003705536428392
0.05,1,0.03,-0.0004889640006538
0.05,1,0.04,-0.0007109021457569
0.05,1,0.05,-0.0011259982824657
0.05,1,0.06,-0.0016511863460153
0.05,1,0.07,-0.0023593299258279
0.05,1,0.08,-0.0034157566285067
0.05,1,0.09,-0.0044312602346972
0.05,1,0.1,-0.0056938474714599
0.05,1,0.11,-0.0072212861821023
0.05,1,0.12,-0.0091510651127519
0.05,1,0.13,-0.010503536674944
0.05,1,0.14,-0.011404408855354
0.05,1,0.15,-0.0145591804882632
0.05,1,0.16,-0.016754640156947
0.05,1,0.17,-0.0185637174523216
0.05,1,0.18,-0.0218875380253086
0.05,1,0.19,-0.0212771475121029
0.05,1,0.2,-0.0259293041223419
0.05,1,0.21,-0.0274215134971023
0.05,1,0.22,-0.0292261880341649
0.05,1,0.23,-0.0311826859237957
0.05,1,0.24,-0.0340317848073352
0.05,1,0.25,-0.0366292848087703
0.05,1,0.26,-0.0380307398431762
0.05,1,0.27,-0.036378625160319
0.05,1,0.28,-0.0427769796922889
0.05,1,0.29,-0.0465287909818509
0.05,1,0.3,-0.0456714145657058
0.05,1,0.31,-0.0509141513323676
0.05,1,0.32,-0.0442985821520109
0.05,1,0.33,-0.0548113853758902
0.05,1,0.34,-0.0513341302930262
0.05,1,0.35,-0.0575655129210333
0.05,1,0.36,-0.0606445802105668
0.05,1,0.37,-0.055722070725484
0.05,1,0.38,-0.057281357074117
0.05,1,0.39,-0.0588913710805028
0.05,1,0.4,-0.0621259136038192
0.05,1,0.41,-0.0600887742815849
0.05,1,0.42,-0.0614050490775868
0.05,1,0.43,-0.0639766824731293
0.05,1,0.44,-0.0667377376270973
0.05,1,0.45,-0.0700284764897681
0.05,1,0.46,-0.0732290062640731
0.05,1,0.47,-0.0699917322276481
0.05,1,0.48,-0.0711642429230803
0.05,1,0.49,-0.0665398403413979
0.05,1,0.5,-0.0683277579157737
0.05,1,0.51,-0.0729725830169877
0.05,1,0.52,-0.0718740935548007
0.05,1,0.53,-0.073588956515836
0.05,1,0.54,-0.0712525827991984
0.05,1,0.55,-0.0759960089420336
0.05,1,0.56,-0.079687565852371
0.05,1,0.57,-0.0759320051375958
0.05,1,0.58,-0.0749679754147536
0.05,1,0.59,-0.071842449551854
0.05,1,0.6,-0.0805832737250638
0.05,1,0.61,-0.073812390007761
0.05,1,0.62,-0.0812629008384926
0.05,1,0.63,-0.0779943780497056
0.05,1,0.64,-0.0812401716074163
0.05,1,0.65,-0.081415277400643
0.05,1,0.66,-0.0868683269648508
0.05,1,0.67,-0.0781793832363587
0.05,1,0.68,-0.0856639071275979
0.05,1,0.69,-0.0815216638893173
0.05,1,0.7,-0.086779374004582
0.05,1,0.71,-0.0836848778013533
0.05,1,0.72,-0.0818813865430371
0.05,1,0.73,-0.0851373116767576
0.05,1,0.74,-0.0868049957158214
0.05,1,0.75,-0.0865277247887514
0.05,1,0.76,-0.0916372660009477
0.05,1,0.77,-0.0851101159573014
0.05,1,0.78,-0.0860366348688722
0.05,1,0.79,-0.0887666049519589
0.05,1,0.8,-0.0907262239928902
0.05,1,0.81,-0.0879513589107335
0.05,1,0.82,-0.0912083894564825
0.05,1,0.83,-0.087125919927095
0.05,1,0.84,-0.0949568557765069
0.05,1,0.85,-0.0895641170089293
0.05,1,0.86,-0.0942146985869485
0.05,1,0.87,-0.0900797893840543
0.05,1,0.88,-0.0969163241880191
0.05,1,0.89,-0.0897417543406407
0.05,1,0.9,-0.0946910371004486
0.05,1,0.91,-0.0985416591523234
0.05,1,0.92,-0.0963190529443846
0.05,1,0.93,-0.0958784448032628
0.05,1,0.94,-0.0976456241202987
0.05,1,0.95,-0.0965361566588001
0.05,1,0.96,-0.0967627614076404
0.05,1,0.97,-0.099491264718685
0.05,1,0.98,-0.0985495564977654
0.05,1,0.99,-0.0977349500944822
0.05,1,1.0,-0.0918043087295285
0.05,2,0.01,-0.0011160855359585
0.05,2,0.02,-0.0012019259058924
0.05,2,0.03,-0.0013734481200899
0.05,2,0.04,-0.0016774993737323
0.05,2,0.05,-0.0021472609567551
0.05,2,0.06,-0.0028551404916951
0.05,2,0.07,-0.0036802873331893
0.05,2,0.08,-0.0047658045223898
0.05,2,0.09,-0.0060117531620919
0.05,2,0.1,-0.0076625183051454
0.05,2,0.11,-0.0093472303956251
0.05,2,0.12,-0.0112906037505123
0.05,2,0.13,-0.01203003015256
0.05,2,0.14,-0.0150500381364709
0.05,2,0.15,-0.0172138545847049
0.05,2,0.16,-0.0196526611017191
0.05,2,0.17,-0.0213647061463445
0.05,2,0.18,-0.0245329249082986
0.05,2,0.19,-0.0260186896860741
0.05,2,0.2,-0.0280805239377021
0.05,2,0.21,-0.0251440567520104
0.05,2,0.22,-0.0317040100638136
0.05,2,0.23,-0.0340101865635417
0.05,2,0.24,-0.0357110147835031
0.05,2,0.25,-0.0411455056119756
0.05,2,0.26,-0.0436035035477226
0.05,2,0.27,-0.04542834512077
0.05,2,0.28,-0.0452917183562642
0.05,2,0.29,-0.0470623409274565
0.05,2,0.3,-0.0483995997183429
0.05,2,0.31,-0.049331763138247
0.05,2,0.32,-0.0526834128976899
0.05,2,0.33,-0.0531906973763721
0.05,2,0.34,-0.0562911905902234
0.05,2,0.35,-0.0603023641888328
0.05,2,0.36,-0.0573110453306647
0.05,2,0.37,-0.0619122745161316
0.05,2,0.38,-0.0624079983048667
0.05,2,0.39,-0.0636252916661221
0.05,2,0.4,-0.0626877139971672
0.05,2,0.41,-0.0641554626445291
0.05,2,0.42,-0.0667662878490406
0.05,2,0.43,-0.0674069308570523
0.05,2,0.44,-0.0673017236385831
0.05,2,0.45,-0.0664879866055432
0.05,2,0.46,-0.0650188358615969
0.05,2,0.47,-0.0724481724588122
0.05,2,0.48,-0.0686183337582404
0.05,2,0.49,-0.0710195899764642
0.05,2,0.5,-0.0734853791202709
0.05,2,0.51,-0.072127971001833
0.05,2,0.52,-0.074884060491198
0.05,2,0.53,-0.0788982976331315
0.05,2,0.54,-0.0764326260654569
0.05,2,0.55,-0.0785282073147182
0.05,2,0.56,-0.0749223136048606
0.05,2,0.57,-0.0790746072236955
0.05,2,0.58,-0.0789067464944626
0.05,2,0.59,-0.0792103632706946
0.05,2,0.6,-0.0814560666633912
0.05,2,0.61,-0.0839552927604383
0.05,2,0.62,-0.0821024543562724
0.05,2,0.63,-0.0795245241216192
0.05,2,0.64,-0.084575985036672
0.05,2,0.65,-0.0833556664391939
0.05,2,0.66,-0.0853354573448568
0.05,2,0.67,-0.0858659341121269
0.05,2,0.68,-0.086829870341863
0.05,2,0.69,-0.0890743559363781
0.05,2,0.7,-0.0827614464300212
0.05,2,0.71,-0.0888113982416567
0.05,2,0.72,-0.0863928138010904
0.05,2,0.73,-0.0888944234104248
0.05,2,0.74,-0.0913081841205678
0.05,2,0.75,-0.0863747736217072
0.05,2,0.76,-0.0929318838381617
0.05,2,0.77,-0.087838197260063
0.05,2,0.78,-0.0897762026640501
0.05,2,0.79,-0.0888786453181034
0.05,2,0.8,-0.0927017582344095
0.05,2,0.81,-0.0881035025386505
0.05,2,0.82,-0.0923603030726003
0.05,2,0.83,-0.0912365173999967
0.05,2,0.84,-0.0918763538366431
0.05,2,0.85,-0.0890692884807543
0.05,2,0.86,-0.0937313000437286
0.05,2,0.87,-0.094153705600472
0.05,2,0.88,-0.0924529633179635
0.05,2,0.89,-0.0900956133255496
0.05,2,0.9,-0.0969117762657173
0.05,2,0.91,-0.0928672502251702
0.05,2,0.92,-0.0957746305863354
0.05,2,0.93,-0.0990993448018957
0.05,2,0.94,-0.0985125372791242
0.05,2,0.95,-0.0984516164437774
0.05,2,0.96,-0.0976352739541839
0.05,2,0.97,-0.0992199073345956
0.05,2,0.98,-0.0986812702658908
0.05,2,0.99,-0.1054491950887133
0.05,2,1.0,-0.0984509901686828
0.05,3,0.01,-0.0008188744405567
0.05,3,0.02,-0.0008949637389203
0.05,3,0.03,-0.0010562315303333
0.05,3,0.04,-0.0013120191546966
0.05,3,0.05,-0.0017559528130388
0.05,3,0.06,-0.0023448738919712
0.05,3,0.07,-0.0031378358200497
0.05,3,0.08,-0.0040502060294802
0.05,3,0.09,-0.0051898812277698
0.05,3,0.1,-0.0065314248144269
0.05,3,0.11,-0.0081108329777414
0.05,3,0.12,-0.0095432021048411
0.05,3,0.13,-0.0116820016828194
0.05,3,0.14,-0.0127584292853132
0.05,3,0.15,-0.0151774715906219
0.05,3,0.16,-0.0168955208491861
0.05,3,0.17,-0.0200638521498204
0.05,3,0.18,-0.0227628982861594
0.05,3,0.19,-0.0241352474683201
0.05,3,0.2,-0.0274941859420753
0.05,3,0.21,-0.026074829171455
0.05,3,0.22,-0.0309618587579537
0.05,3,0.23,-0.0329970374147312
0.05,3,0.24,-0.0371683396456577
0.05,3,0.25,-0.0381759737077402
0.05,3,0.26,-0.0380948562817175
0.05,3,0.27,-0.0430768917415479
0.05,3,0.28,-0.0447601352433367
0.05,3,0.29,-0.0484540287726181
0.05,3,0.3,-0.046030674496657
0.05,3,0.31,-0.0487116408822726
0.05,3,0.32,-0.0522778044603577
0.05,3,0.33,-0.0544622543998981
0.05,3,0.34,-0.0552079919142451
0.05,3,0.35,-0.0536600372040049
0.05,3,0.36,-0.0553591493582091
0.05,3,0.37,-0.0614330436664644
0.05,3,0.38,-0.0623123075849403
0.05,3,0.39,-0.0620609471150647
0.05,3,0.4,-0.0642794782364876
0.05,3,0.41,-0.0609855156958265
0.05,3,0.42,-0.0588566764705341
0.05,3,0.43,-0.0640324238905438
0.05,3,0.44,-0.0656100545306503
0.05,3,0.45,-0.0689050990913198
0.05,3,0.46,-0.0720215289678586
0.05,3,0.47,-0.0701807587124674
0.05,3,0.48,-0.0661417569076715
0.05,3,0.49,-0.0722075251945934
0.05,3,0.5,-0.0719962664203142
0.05,3,0.51,-0.0753487036202091
0.05,3,0.52,-0.0761373463889928
0.05,3,0.53,-0.0738502265380876
0.05,3,0.54,-0.0752982035439552
0.05,3,0.55,-0.0751952152988184
0.05,3,0.56,-0.0749265619586102
0.05,3,0.57,-0.0770945606055469
0.05,3,0.58,-0.0777589041717563
0.05,3,0.59,-0.0830847951021876
0.05,3,0.6,-0.0791420949717776
0.05,3,0.61,-0.0806555271537929
0.05,3,0.62,-0.0825969151418807
0.05,3,0.63,-0.0796624303144236
0.05,3,0.64,-0.081505517765894
0.05,3,0.65,-0.0795936204063189
0.05,3,0.66,-0.0778855250826569
0.05,3,0.67,-0.0806096771218035
0.05,3,0.68,-0.0847191445360018
0.05,3,0.69,-0.0873070998175288
0.05,3,0.7,-0.0824590273314756
0.05,3,0.71,-0.0857049021592386
0.05,3,0.72,-0.0831568462695101
0.05,3,0.73,-0.083304219531479
0.05,3,0.74,-0.0873691001945336
0.05,3,0.75,-0.0900371182773988
0.05,3,0.76,-0.0901788705966281
0.05,3,0.77,-0.0890956296715972
0.05,3,0.78,-0.0891943943326267
0.05,3,0.79,-0.0921815246675101
0.05,3,0.8,-0.0883357310289079
0.05,3,0.81,-0.0933330956103097
0.05,3,0.82,-0.0872215057140851
0.05,3,0.83,-0.0841247655506741
0.05,3,0.84,-0.088262553838698
0.05,3,0.85,-0.094692430531944
0.05,3,0.86,-0.0911872110460469
0.05,3,0.87,-0.0911874593425611
0.05,3,0.88,-0.0922485555041756
0.05,3,0.89,-0.09383302046612
0.05,3,0.9,-0.0959525907802658
0.05,3,0.91,-0.0999914018020264
0.05,3,0.92,-0.0919245538205215
0.05,3,0.93,-0.0975541588489497
0.05,3,0.94,-0.1015124490451224
0.05,3,0.95,-0.0982336636465425
0.05,3,0.96,-0.095594629513121
0.05,3,0.97,-0.0963313264565378
0.05,3,0.98,-0.0939913052280825
0.05,3,0.99,-0.1004710083097815
0.05,3,1.0,-0.0970155364641712
0.05,4,0.01,-0.0003871259117572
0.05,4,0.02,-0.0004137642123484
0.05,4,0.03,-0.0004770076086618
0.05,4,0.04,-0.0006255282024658
0.05,4,0.05,-0.0009034311101258
0.05,4,0.06,-0.0013413508001475
0.05,4,0.07,-0.0019787435465842
0.05,4,0.08,-0.0028719288706984
0.05,4,0.09,-0.0039334033727234
0.05,4,0.1,-0.0052069521567354
0.05,4,0.11,-0.0067324584615219
0.05,4,0.12,-0.0085664532828852
0.05,4,0.13,-0.0093912880698295
0.05,4,0.14,-0.0122518351370483
0.05,4,0.15,-0.0140455064889848
0.05,4,0.16,-0.016379179969506
0.05,4,0.17,-0.0185016639116052
0.05,4,0.18,-0.0198213199312884
0.05,4,0.19,-0.0242399584295518
0.05,4,0.2,-0.0271245511804195
0.05,4,0.21,-0.0257606297104464
0.05,4,0.22,-0.0298788705735202
0.05,4,0.23,-0.0314161726869499
0.05,4,0.24,-0.0361866676460886
0.05,4,0.25,-0.0366625629180398
0.05,4,0.26,-0.038711873164728
0.05,4,0.27,-0.0409403738490155
0.05,4,0.28,-0.0416789415526651
0.05,4,0.29,-0.0445643373471481
0.05,4,0.3,-0.0508076439550525
0.05,4,0.31,-0.0503239132817423
0.05,4,0.32,-0.0518755802676475
0.05,4,0.33,-0.0538311286692124
0.05,4,0.34,-0.0558455144718722
0.05,4,0.35,-0.0597934298521921
0.05,4,0.36,-0.0593096102100133
0.05,4,0.37,-0.0555392235505998
0.05,4,0.38,-0.0638978823554351
0.05,4,0.39,-0.0631512329280561
0.05,4,0.4,-0.0646433326906345
0.05,4,0.41,-0.0657645211231098
0.05,4,0.42,-0.065921292576494
0.05,4,0.43,-0.0666108528438127
0.05,4,0.44,-0.0675578330211604
0.05,4,0.45,-0.0635612709534152
0.05,4,0.46,-0.0697491078194576
0.05,4,0.47,-0.0708993566175669
0.05,4,0.48,-0.0768515489459953
0.05,4,0.49,-0.0728082736338504
0.05,4,0.5,-0.0742983448012802
0.05,4,0.51,-0.074874217313203
0.05,4,0.52,-0.074403865790194
0.05,4,0.53,-0.0771918843152902
0.05,4,0.54,-0.0749216542906515
0.05,4,0.55,-0.0750983079781144
0.05,4,0.56,-0.0797502699371559
0.05,4,0.57,-0.0832230261090292
0.05,4,0.58,-0.078248206885493
0.05,4,0.59,-0.0805780109869893
0.05,4,0.6,-0.0821735747567975
0.05,4,0.61,-0.0821022955535338
0.05,4,0.62,-0.0806462922890181
0.05,4,0.63,-0.0794298184812267
0.05,4,0.64,-0.0837115057094518
0.05,4,0.65,-0.0865518872170861
0.05,4,0.66,-0.083087263315296
0.05,4,0.67,-0.0863560117399235
0.05,4,0.68,-0.0803283148743135
0.05,4,0.69,-0.0833711550976351
0.05,4,0.7,-0.0867958277720073
0.05,4,0.71,-0.0805575496613168
0.05,4,0.72,-0.0860148887880961
0.05,4,0.73,-0.0917696404890974
0.05,4,0.74,-0.0881689975296601
0.05,4,0.75,-0.0904895006166559
0.05,4,0.76,-0.0937274231065663
0.05,4,0.77,-0.0925406913159462
0.05,4,0.78,-0.0897706804296717
0.05,4,0.79,-0.0890337759686033
0.05,4,0.8,-0.0869195523530919
0.05,4,0.81,-0.0879443647815819
0.05,4,0.82,-0.0936716036425651
0.05,4,0.83,-0.0901444512781005
0.05,4,0.84,-0.0900164829532739
0.05,4,0.85,-0.0941655255785154
0.05,4,0.86,-0.0921365065481158
0.05,4,0.87,-0.0952522096354848
0.05,4,0.88,-0.088394305901567
0.05,4,0.89,-0.0869455422442501
0.05,4,0.9,-0.0978666356296883
0.05,4,0.91,-0.0958386870274185
0.05,4,0.92,-0.0975766765669362
0.05,4,0.93,-0.0972724082537995
0.05,4,0.94,-0.0980279130738319
0.05,4,0.95,-0.1013531501819746
0.05,4,0.96,-0.0994473765657602
0.05,4,0.97,-0.0979195347521279
0.05,4,0.98,-0.0994120698944955
0.05,4,0.99,-0.1000123302678213
0.05,4,1.0,-0.1014661849150815
0.05,5,0.01,-0.000182786112262
0.05,5,0.02,-0.0002118496032668
0.05,5,0.03,-0.0002926808405277
0.05,5,0.04,-0.0004902435849073
0.05,5,0.05,-0.0008633587989893
0.05,5,0.06,-0.0014284538228988
0.05,5,0.07,-0.0022501771656842
0.05,5,0.08,-0.0031215976243329
0.05,5,0.09,-0.0045510805835592
0.05,5,0.1,-0.0060622482962307
0.05,5,0.11,-0.0074343867528725
0.05,5,0.12,-0.0094019828322565
0.05,5,0.13,-0.0107668349969434
0.05,5,0.14,-0.0127154759682343
0.05,5,0.15,-0.0141115050917762
0.05,5,0.16,-0.0176213425071682
0.05,5,0.17,-0.0190772579132888
0.05,5,0.18,-0.0224898380206037
0.05,5,0.19,-0.0260276212777341
0.05,5,0.2,-0.0257186640476221
0.05,5,0.21,-0.0323088817650769
0.05,5,0.22,-0.02933887197094
0.05,5,0.23,-0.0349546435381124
0.05,5,0.24,-0.0361045550204296
0.05,5,0.25,-0.0398858455302385
0.05,5,0.26,-0.0428397610000366
0.05,5,0.27,-0.0444494746856418
0.05,5,0.28,-0.0450643351624799
0.05,5,0.29,-0.042778860381286
0.05,5,0.3,-0.0476608612702427
0.05,5,0.31,-0.0482381180500763
0.05,5,0.32,-0.0538317668387568
0.05,5,0.33,-0.0485920664163203
0.05,5,0.34,-0.0537664086039883
0.05,5,0.35,-0.0583693326372228
0.05,5,0.36,-0.0626605018668478
0.05,5,0.37,-0.0635073225836172
0.05,5,0.38,-0.0588668482740895
0.05,5,0.39,-0.0590419824330144
0.05,5,0.4,-0.0636416450481353
0.05,5,0.41,-0.0665499912647559
0.05,5,0.42,-0.067436623746007
0.05,5,0.43,-0.0650019362636201
0.05,5,0.44,-0.070333534786491
0.05,5,0.45,-0.0658623725102759
0.05,5,0.46,-0.0672688074097949
0.05,5,0.47,-0.0640560854681573
0.05,5,0.48,-0.074227831551429
0.05,5,0.49,-0.0715799837327565
0.05,5,0.5,-0.072486513022171
0.05,5,0.51,-0.0685443526331339
0.05,5,0.52,-0.0702632857112484
0.05,5,0.53,-0.0778042551760951
0.05,5,0.54,-0.0758589268607863
0.05,5,0.55,-0.0772318726929742
0.05,5,0.56,-0.0751780785895442
0.05,5,0.57,-0.0790203760468541
0.05,5,0.58,-0.0752640211899194
0.05,5,0.59,-0.0787892030964994
0.05,5,0.6,-0.0800104766325313
0.05,5,0.61,-0.0817096173543592
0.05,5,0.62,-0.0710436339518109
0.05,5,0.63,-0.0808969118200349
0.05,5,0.64,-0.0822642925619639
0.05,5,0.65,-0.0824224008851603
0.05,5,0.66,-0.0802130481996699
0.05,5,0.67,-0.083368236660122
0.05,5,0.68,-0.0875899493718716
0.05,5,0.69,-0.0832557214008896
0.05,5,0.7,-0.0862748825576199
0.05,5,0.71,-0.0833649414549838
0.05,5,0.72,-0.0844576055592934
0.05,5,0.73,-0.0877033459334892
0.05,5,0.74,-0.0844015658660959
0.05,5,0.75,-0.0897943641753059
0.05,5,0.76,-0.089096136866964
0.05,5,0.77,-0.0861477901831242
0.05,5,0.78,-0.0885938734844735
0.05,5,0.79,-0.0895927594679661
0.05,5,0.8,-0.0864029252533113
0.05,5,0.81,-0.0916582071896675
0.05,5,0.82,-0.0900504029486181
0.05,5,0.83,-0.0922118164523446
0.05,5,0.84,-0.0929638804599515
0.05,5,0.85,-0.0939030880188679
0.05,5,0.86,-0.0866304569496542
0.05,5,0.87,-0.0904912262341854
0.05,5,0.88,-0.0943570177456608
0.05,5,0.89,-0.0945748742139958
0.05,5,0.9,-0.095732007268335
0.05,5,0.91,-0.0918976020884173
0.05,5,0.92,-0.0960139713024617
0.05,5,0.93,-0.1012728685060786
0.05,5,0.94,-0.0997009532519768
0.05,5,0.95,-0.0935075114631448
0.05,5,0.96,-0.0950189886190155
0.05,5,0.97,-0.0964789790721143
0.05,5,0.98,-0.0959398411412135
0.05,5,0.99,-0.0982698285640312
0.05,5,1.0,-0.1000053477814199
0.05,6,0.01,-0.0001971969458593
0.05,6,0.02,-0.0002243098249072
0.05,6,0.03,-0.0002891037961355
0.05,6,0.04,-0.0004267205839351
0.05,6,0.05,-0.0006927092923577
0.05,6,0.06,-0.0011191736705453
0.05,6,0.07,-0.001748952761059
0.05,6,0.08,-0.0025844612568537
0.05,6,0.09,-0.0035124000492287
0.05,6,0.1,-0.0045601730551335
0.05,6,0.11,-0.005839156644722
0.05,6,0.12,-0.0075461201903485
0.05,6,0.13,-0.0092269080813443
0.05,6,0.14,-0.0110806258715719
0.05,6,0.15,-0.0126903064483481
0.05,6,0.16,-0.0136705353412055
0.05,6,0.17,-0.017544285523883
0.05,6,0.18,-0.018274665716085
0.05,6,0.19,-0.0234514491476569
0.05,6,0.2,-0.0212121060046443
0.05,6,0.21,-0.0242116012261533
0.05,6,0.22,-0.0267339605692758
0.05,6,0.23,-0.0298828877688755
0.05,6,0.24,-0.0311717924667899
0.05,6,0.25,-0.0369007393452866
0.05,6,0.26,-0.0354063088813079
0.05,6,0.27,-0.0389397733156668
0.05,6,0.28,-0.0396143545007698
0.05,6,0.29,-0.0387600477005348
0.05,6,0.3,-0.0454084667136839
0.05,6,0.31,-0.047043921131965
0.05,6,0.32,-0.0472917750470413
0.05,6,0.33,-0.0491907603763919
0.05,6,0.34,-0.0499784665040226
0.05,6,0.35,-0.0526802853944504
0.05,6,0.36,-0.0519950827841429
0.05,6,0.37,-0.0513940948901205
0.05,6,0.38,-0.0565038312763462
0.05,6,0.39,-0.058150231386056
0.05,6,0.4,-0.0587149678592255
0.05,6,0.41,-0.0579380031594771
0.05,6,0.42,-0.0603195573834191
0.05,6,0.43,-0.0656154101599819
0.05,6,0.44,-0.0650588152911439
0.05,6,0.45,-0.0652537907558505
0.05,6,0.46,-0.0682155855695072
0.05,6,0.47,-0.0678960757489015
0.05,6,0.48,-0.0705742128404098
0.05,6,0.49,-0.0664433614521273
0.05,6,0.5,-0.0651177355914808
0.05,6,0.51,-0.0687490009715285
0.05,6,0.52,-0.0673311136037725
0.05,6,0.53,-0.0705323158213286
0.05,6,0.54,-0.0737902815445399
0.05,6,0.55,-0.071621180276549
0.05,6,0.56,-0.071087182254941
0.05,6,0.57,-0.0752729275336221
0.05,6,0.58,-0.0756483327341437
0.05,6,0.59,-0.0755215302776271
0.05,6,0.6,-0.0782801456081885
0.05,6,0.61,-0.0723894096080588
0.05,6,0.62,-0.0785810547853995
0.05,6,0.63,-0.0728887333566015
0.05,6,0.64,-0.0794307323841917
0.05,6,0.65,-0.0811386974666297
0.05,6,0.66,-0.0779936898395436
0.05,6,0.67,-0.076968658657848
0.05,6,0.68,-0.0833525896241791
0.05,6,0.69,-0.0835582020027553
0.05,6,0.7,-0.0831523365060415
0.05,6,0.71,-0.0826047631249953
0.05,6,0.72,-0.0839182560321602
0.05,6,0.73,-0.0875908021208155
0.05,6,0.74,-0.085051967280743
0.05,6,0.75,-0.085453763182361
0.05,6,0.76,-0.0889861693557154
0.05,6,0.77,-0.0875709391264209
0.05,6,0.78,-0.0866642345175493
0.05,6,0.79,-0.0863974566613656
0.05,6,0.8,-0.0865060008970626
0.05,6,0.81,-0.0826373524084794
0.05,6,0.82,-0.0900897161602207
0.05,6,0.83,-0.0827454355999449
0.05,6,0.84,-0.0929916069350931
0.05,6,0.85,-0.0858344813245546
0.05,6,0.86,-0.0896233200538299
0.05,6,0.87,-0.0928318884110711
0.05,6,0.88,-0.0891095814952612
0.05,6,0.89,-0.0972402397610723
0.05,6,0.9,-0.0930244353707879
0.05,6,0.91,-0.0930776566993852
0.05,6,0.92,-0.0917631728659284
0.05,6,0.93,-0.0952202075389506
0.05,6,0.94,-0.0924774315618223
0.05,6,0.95,-0.097598328409456
0.05,6,0.96,-0.0940403725255167
0.05,6,0.97,-0.0984905287311939
0.05,6,0.98,-0.0995349421000392
0.05,6,0.99,-0.097939768267958
0.05,6,1.0,-0.0971571284459745
0.05,7,0.01,-0.0009895187864435
0.05,7,0.02,-0.0010943069724249
0.05,7,0.03,-0.0012955699387432
0.05,7,0.04,-0.0016690629488993
0.05,7,0.05,-0.0022047935769392
0.05,7,0.06,-0.0030355339124514
0.05,7,0.07,-0.0040156578103071
0.05,7,0.08,-0.0052773537752108
0.05,7,0.09,-0.0065309960955734
0.05,7,0.1,-0.0081829392580469
0.05,7,0.11,-0.0100651789000305
0.05,7,0.12,-0.0119635115728915
0.05,7,0.13,-0.0140103418117254
0.05,7,0.14,-0.0164398660301772
0.05,7,0.15,-0.0161809320916372
0.05,7,0.16,-0.0200082835797998
0.05,7,0.17,-0.0230811916807379
0.05,7,0.18,-0.0230870133908691
0.05,7,0.19,-0.0272822208198377
0.05,7,0.2,-0.0291502049004995
0.05,7,0.21,-0.0313077347500869
0.05,7,0.22,-0.0339267261130188
0.05,7,0.23,-0.0373548037239249
0.05,7,0.24,-0.0380559281061258
0.05,7,0.25,-0.0390463521036647
0.05,7,0.26,-0.0449459189770361
0.05,7,0.27,-0.0449145894129884
0.05,7,0.28,-0.0474062663941723
0.05,7,0.29,-0.0412682386092028
0.05,7,0.3,-0.0495247185142474
0.05,7,0.31,-0.0483015765289019
0.05,7,0.32,-0.0538083861586258
0.05,7,0.33,-0.0529342422184452
0.05,7,0.34,-0.053849172094102
0.05,7,0.35,-0.0540742520220045
0.05,7,0.36,-0.0574464828210169
0.05,7,0.37,-0.0623734663178003
0.05,7,0.38,-0.0573521262401012
0.05,7,0.39,-0.0583207302489221
0.05,7,0.4,-0.0637876886630176
0.05,7,0.41,-0.0617043832181337
0.05,7,0.42,-0.0668371989001428
0.05,7,0.43,-0.0682407071263837
0.05,7,0.44,-0.070217984758937
0.05,7,0.45,-0.0682366916286275
0.05,7,0.46,-0.0694109266292315
0.05,7,0.47,-0.0685184737401537
0.05,7,0.48,-0.0708977696230512
0.05,7,0.49,-0.0722163155447535
0.05,7,0.5,-0.0717105475680173
0.05,7,0.51,-0.0736540994359202
0.05,7,0.52,-0.0729595634625158
0.05,7,0.53,-0.0756282434301898
0.05,7,0.54,-0.0725191913274054
0.05,7,0.55,-0.0757877505027659
0.05,7,0.56,-0.0739125553253558
0.05,7,0.57,-0.0775599871955186
0.05,7,0.58,-0.0768797152051788
0.05,7,0.59,-0.0777468173965371
0.05,7,0.6,-0.0793690974670156
0.05,7,0.61,-0.0794556333095104
0.05,7,0.62,-0.075289158122511
0.05,7,0.63,-0.0839928730303899
0.05,7,0.64,-0.0832658477318619
0.05,7,0.65,-0.0803582109095349
0.05,7,0.66,-0.0835267573505409
0.05,7,0.67,-0.083883651922538
0.05,7,0.68,-0.0846397107930409
0.05,7,0.69,-0.0836439175466531
0.05,7,0.7,-0.0853307670617703
0.05,7,0.71,-0.0842533691280753
0.05,7,0.72,-0.0857807179164712
0.05,7,0.73,-0.0847855546358634
0.05,7,0.74,-0.0873100404309792
0.05,7,0.75,-0.0865861766510215
0.05,7,0.76,-0.0863768332815904
0.05,7,0.77,-0.0889353252676065
0.05,7,0.78,-0.0899264731977102
0.05,7,0.79,-0.08901924739997
0.05,7,0.8,-0.0890203438517781
0.05,7,0.81,-0.0905961092057482
0.05,7,0.82,-0.0910333815770227
0.05,7,0.83,-0.085753921317502
0.05,7,0.84,-0.0909219560277646
0.05,7,0.85,-0.0907547640019982
0.05,7,0.86,-0.0870299422957429
0.05,7,0.87,-0.0890975455419347
0.05,7,0.88,-0.0900602008875365
0.05,7,0.89,-0.0910957701695637
0.05,7,0.9,-0.093481519924082
0.05,7,0.91,-0.0914211612785039
0.05,7,0.92,-0.0970768036640543
0.05,7,0.93,-0.0940110192033063
0.05,7,0.94,-0.0934162205700886
0.05,7,0.95,-0.0983311678419758
0.05,7,0.96,-0.0978739035573497
0.05,7,0.97,-0.0962685950989009
0.05,7,0.98,-0.0956255150293817
0.05,7,0.99,-0.0985641694038851
0.05,7,1.0,-0.1020107255840149
0.05,8,0.01,-0.0001615853368464
0.05,8,0.02,-0.0001817800170084
0.05,8,0.03,-0.000244490219304
0.05,8,0.04,-0.0003877102243581
0.05,8,0.05,-0.0006866202998267
0.05,8,0.06,-0.0011167508863911
0.05,8,0.07,-0.0017756377445926
0.05,8,0.08,-0.002616826526022
0.05,8,0.09,-0.0037103011157303
0.05,8,0.1,-0.0047094983640346
0.05,8,0.11,-0.0064532242278733
0.05,8,0.12,-0.008632551640599
0.05,8,0.13,-0.0096809657547301
0.05,8,0.14,-0.0130800487197917
0.05,8,0.15,-0.0133428884099147
0.05,8,0.16,-0.0152660585945926
0.05,8,0.17,-0.0193427049342357
0.05,8,0.18,-0.0208709215092659
0.05,8,0.19,-0.0217196213227863
0.05,8,0.2,-0.0228367632043639
0.05,8,0.21,-0.0257019054284676
0.05,8,0.22,-0.0305176772850128
0.05,8,0.23,-0.0345162990732971
0.05,8,0.24,-0.034138941174943
0.05,8,0.25,-0.0366515600313968
0.05,8,0.26,-0.0389823992734265
0.05,8,0.27,-0.0443522651963195
0.05,8,0.28,-0.0407713572534883
0.05,8,0.29,-0.0439632073256129
0.05,8,0.3,-0.0491891918153072
0.05,8,0.31,-0.0484325812430918
0.05,8,0.32,-0.0528921722996285
0.05,8,0.33,-0.0521520701779833
0.05,8,0.34,-0.0579998228548701
0.05,8,0.35,-0.0590887042288487
0.05,8,0.36,-0.0613387858444982
0.05,8,0.37,-0.0626043758781237
0.05,8,0.38,-0.0643069198244844
0.05,8,0.39,-0.0580377383448924
0.05,8,0.4,-0.065338399082123
0.05,8,0.41,-0.0660968430534904
0.05,8,0.42,-0.0677270773944559
0.05,8,0.43,-0.0684041345722337
0.05,8,0.44,-0.0690064279784641
0.05,8,0.45,-0.0719373751343791
0.05,8,0.46,-0.0715304822474659
0.05,8,0.47,-0.072021749985029
0.05,8,0.48,-0.0734312628501504
0.05,8,0.49,-0.0723432928803853
0.05,8,0.5,-0.0752671357762853
0.05,8,0.51,-0.0766045970934917
0.05,8,0.52,-0.0745508459688687
0.05,8,0.53,-0.0790326193200642
0.05,8,0.54,-0.0735383606050415
0.05,8,0.55,-0.0742088729822544
0.05,8,0.56,-0.0741336233797851
0.05,8,0.57,-0.0777835261447437
0.05,8,0.58,-0.0736591657414984
0.05,8,0.59,-0.0750810983249804
0.05,8,0.6,-0.0822463800056986
0.05,8,0.61,-0.0828737793339149
0.05,8,0.62,-0.0824870728976371
0.05,8,0.63,-0.0834799584717764
0.05,8,0.64,-0.0847880669226697
0.05,8,0.65,-0.0823654609855014
0.05,8,0.66,-0.0847483723651983
0.05,8,0.67,-0.0847043144548288
0.05,8,0.68,-0.0831950073352272
0.05,8,0.69,-0.0899003658343778
0.05,8,0.7,-0.0897250769634289
0.05,8,0.71,-0.0874120154944209
0.05,8,0.72,-0.0927974869638968
0.05,8,0.73,-0.0857489240829264
0.05,8,0.74,-0.086355548634149
0.05,8,0.75,-0.0903796473074099
0.05,8,0.76,-0.0913963362756818
0.05,8,0.77,-0.0868859916602397
0.05,8,0.78,-0.0899898066605843
0.05,8,0.79,-0.0889773053975831
0.05,8,0.8,-0.0847908647038023
0.05,8,0.81,-0.0918876637482365
0.05,8,0.82,-0.0871048138412248
0.05,8,0.83,-0.091952458648453
0.05,8,0.84,-0.0931619396069582
0.05,8,0.85,-0.0937924944703569
0.05,8,0.86,-0.0885177576243738
0.05,8,0.87,-0.094372773438355
0.05,8,0.88,-0.0921122980941445
0.05,8,0.89,-0.0912254195041541
0.05,8,0.9,-0.0941597696115427
0.05,8,0.91,-0.1007097947043035
0.05,8,0.92,-0.1002043795034186
0.05,8,0.93,-0.0923114505111157
0.05,8,0.94,-0.0941371690245138
0.05,8,0.95,-0.093907238505054
0.05,8,0.96,-0.0967502818609819
0.05,8,0.97,-0.098065806795735
0.05,8,0.98,-0.09078434212395
0.05,8,0.99,-0.0963253484980721
0.05,8,1.0,-0.1059866443559753
0.05,9,0.01,-0.0002861885156709
0.05,9,0.02,-0.0003158730136693
0.05,9,0.03,-0.0003869003357381
0.05,9,0.04,-0.0005408418862999
0.05,9,0.05,-0.0008730246491567
0.05,9,0.06,-0.0013324327602351
0.05,9,0.07,-0.0020724539958488
0.05,9,0.08,-0.0029380110603
0.05,9,0.09,-0.0042321814878329
0.05,9,0.1,-0.005477132132155
0.05,9,0.11,-0.00681303426129
0.05,9,0.12,-0.0083685160260272
0.05,9,0.13,-0.0095592434220022
0.05,9,0.14,-0.0117265914278306
0.05,9,0.15,-0.0136829321733054
0.05,9,0.16,-0.016048666393765
0.05,9,0.17,-0.0189138032135568
0.05,9,0.18,-0.0190326327412259
0.05,9,0.19,-0.0228878273692262
0.05,9,0.2,-0.0227830702468702
0.05,9,0.21,-0.0254719476674698
0.05,9,0.22,-0.0276446332368957
0.05,9,0.23,-0.0292926922879988
0.05,9,0.24,-0.0322205450831699
0.05,9,0.25,-0.0376970930998287
0.05,9,0.26,-0.0403565419295791
0.05,9,0.27,-0.0380569815043022
0.05,9,0.28,-0.0410339746295217
0.05,9,0.29,-0.0431449199591626
0.05,9,0.3,-0.0487161000817682
0.05,9,0.31,-0.0505622698647825
0.05,9,0.32,-0.0509991202332072
0.05,9,0.33,-0.0534163552346773
0.05,9,0.34,-0.0505944443194165
0.05,9,0.35,-0.0575637166426697
0.05,9,0.36,-0.0543675848550415
0.05,9,0.37,-0.0583317742685858
0.05,9,0.38,-0.0650509289170479
0.05,9,0.39,-0.0596974761439237
0.05,9,0.4,-0.0649271935928579
0.05,9,0.41,-0.0663971052296309
0.05,9,0.42,-0.0671017480406122
0.05,9,0.43,-0.0674180569770758
0.05,9,0.44,-0.0697540094647594
0.05,9,0.45,-0.0691664206501442
0.05,9,0.46,-0.071185222206905
0.05,9,0.47,-0.0718173070554989
0.05,9,0.48,-0.0741347084460001
0.05,9,0.49,-0.071332794767493
0.05,9,0.5,-0.070658163655759
0.05,9,0.51,-0.072023020101624
0.05,9,0.52,-0.0768865639435012
0.05,9,0.53,-0.0730917131565003
0.05,9,0.54,-0.0764995699418959
0.05,9,0.55,-0.0778044279622402
0.05,9,0.56,-0.07992207093556
0.05,9,0.57,-0.0844821869188955
0.05,9,0.58,-0.0785360706152717
0.05,9,0.59,-0.0780438728363648
0.05,9,0.6,-0.0799275007420655
0.05,9,0.61,-0.0810803001968471
0.05,9,0.62,-0.0857605227704515
0.05,9,0.63,-0.0810223576873334
0.05,9,0.64,-0.0811473361282087
0.05,9,0.65,-0.0821524431804463
0.05,9,0.66,-0.0850338293670865
0.05,9,0.67,-0.0852308508247848
0.05,9,0.68,-0.0866180420929361
0.05,9,0.69,-0.085079300142851
0.05,9,0.7,-0.0854513920552113
0.05,9,0.71,-0.0849512140824326
0.05,9,0.72,-0.0871745692253083
0.05,9,0.73,-0.0888066463110061
0.05,9,0.74,-0.0857848337577208
0.05,9,0.75,-0.0904698274710103
0.05,9,0.76,-0.0856327138863821
0.05,9,0.77,-0.0873870297491361
0.05,9,0.78,-0.0929388145379297
0.05,9,0.79,-0.0875567960936027
0.05,9,0.8,-0.0883576258220051
0.05,9,0.81,-0.0927215778515289
0.05,9,0.82,-0.094654282565675
0.05,9,0.83,-0.0918369856917124
0.05,9,0.84,-0.0937542015142936
0.05,9,0.85,-0.0953817784191807
0.05,9,0.86,-0.0995001273987274
0.05,9,0.87,-0.0978816384695743
0.05,9,0.88,-0.0981079199897486
0.05,9,0.89,-0.0981588144781307
0.05,9,0.9,-0.0982530760560689
0.05,9,0.91,-0.0990620011382224
0.05,9,0.92,-0.0976331192619495
0.05,9,0.93,-0.1003112544252184
0.05,9,0.94,-0.1012435888282362
0.05,9,0.95,-0.0994556760530826
0.05,9,0.96,-0.0998170193505283
0.05,9,0.97,-0.1038575523536351
0.05,9,0.98,-0.1013477993575916
0.05,9,0.99,-0.1019590042476525
0.05,9,1.0,-0.1034062807419752
0.05,10,0.01,-0.00016285811283
0.05,10,0.02,-0.0001777451240061
0.05,10,0.03,-0.0002173391260874
0.05,10,0.04,-0.0003138554173094
0.05,10,0.05,-0.0005250528533874
0.05,10,0.06,-0.0008989435920078
0.05,10,0.07,-0.001479168339944
0.05,10,0.08,-0.0021947045244137
0.05,10,0.09,-0.0031020920521588
0.05,10,0.1,-0.0043862866422338
0.05,10,0.11,-0.0054558445905109
0.05,10,0.12,-0.0072423216426818
0.05,10,0.13,-0.0084296585874227
0.05,10,0.14,-0.0096610714881755
0.05,10,0.15,-0.0120346203167088
0.05,10,0.16,-0.0155213241156782
0.05,10,0.17,-0.0176835466464014
0.05,10,0.18,-0.0180408016620061
0.05,10,0.19,-0.020399094106236
0.05,10,0.2,-0.0229044069305224
0.05,10,0.21,-0.0271548070420893
0.05,10,0.22,-0.0286867007979225
0.05,10,0.23,-0.0282933902467223
0.05,10,0.24,-0.0313046473239341
0.05,10,0.25,-0.0348477609786644
0.05,10,0.26,-0.0372333568349153
0.05,10,0.27,-0.0407617096855298
0.05,10,0.28,-0.0410195919897303
0.05,10,0.29,-0.0452207451686324
0.05,10,0.3,-0.043606438302364
0.05,10,0.31,-0.0465254537738444
0.05,10,0.32,-0.0474469941071256
0.05,10,0.33,-0.0437692805022719
0.05,10,0.34,-0.0530304669731697
0.05,10,0.35,-0.0561969948327113
0.05,10,0.36,-0.0528510431343483
0.05,10,0.37,-0.0556352419135029
0.05,10,0.38,-0.0600377628613298
0.05,10,0.39,-0.0578871556484499
0.05,10,0.4,-0.0612245845866094
0.05,10,0.41,-0.0583423417661973
0.05,10,0.42,-0.0591794608858816
0.05,10,0.43,-0.0610127414342238
0.05,10,0.44,-0.0606838295416248
0.05,10,0.45,-0.0643402347468126
0.05,10,0.46,-0.0607765038475502
0.05,10,0.47,-0.0613509474734529
0.05,10,0.48,-0.0682196973749524
0.05,10,0.49,-0.0666359077461729
0.05,10,0.5,-0.0714464330528737
0.05,10,0.51,-0.0692833526136521
0.05,10,0.52,-0.0720457754985603
0.05,10,0.53,-0.071190656800082
0.05,10,0.54,-0.0750872455746239
0.05,10,0.55,-0.072598802868529
0.05,10,0.56,-0.0725149819250075
0.05,10,0.57,-0.0761793313568973
0.05,10,0.58,-0.0739476958122223
0.05,10,0.59,-0.0747138923152906
0.05,10,0.6,-0.0793621048935857
0.05,10,0.61,-0.0801823944192406
0.05,10,0.62,-0.0766642565866775
0.05,10,0.63,-0.0783883224905047
0.05,10,0.64,-0.0802167626083724
0.05,10,0.65,-0.078552588543881
0.05,10,0.66,-0.0783517198795548
0.05,10,0.67,-0.0780404615349238
0.05,10,0.68,-0.081471134498569
0.05,10,0.69,-0.0840733699869506
0.05,10,0.7,-0.0842757678739905
0.05,10,0.71,-0.0833719487584877
0.05,10,0.72,-0.0803777478500072
0.05,10,0.73,-0.0858859961836301
0.05,10,0.74,-0.0847771569356681
0.05,10,0.75,-0.0873365738320027
0.05,10,0.76,-0.081558682306627
0.05,10,0.77,-0.0811183320302386
0.05,10,0.78,-0.0888639253277663
0.05,10,0.79,-0.086832973583809
0.05,10,0.8,-0.0851411775847635
0.05,10,0.81,-0.08904796385093
0.05,10,0.82,-0.0873541991272338
0.05,10,0.83,-0.0890163107739549
0.05,10,0.84,-0.0901505194936339
0.05,10,0.85,-0.0899627172539945
0.05,10,0.86,-0.0863664312328786
0.05,10,0.87,-0.0918645233974
0.05,10,0.88,-0.0932509983640291
0.05,10,0.89,-0.0914438561673402
0.05,10,0.9,-0.0895720307728599
0.05,10,0.91,-0.09289494616258
0.05,10,0.92,-0.0940716911888805
0.05,10,0.93,-0.0947905671673744
0.05,10,0.94,-0.0953026142360052
0.05,10,0.95,-0.0927482480833128
0.05,10,0.96,-0.0992175808187244
0.05,10,0.97,-0.0954835348305289
0.05,10,0.98,-0.0981630826878864
0.05,10,0.99,-0.100613883336674
0.05,10,1.0,-0.0953978779256749
0.05,11,0.01,-0.0002414687567142
0.05,11,0.02,-0.0002860544192337
0.05,11,0.03,-0.0003803754795144
0.05,11,0.04,-0.000593077625766
0.05,11,0.05,-0.0009390810478816
0.05,11,0.06,-0.0014198580272128
0.05,11,0.07,-0.002091039594875
0.05,11,0.08,-0.0030648513705627
0.05,11,0.09,-0.0038608931941093
0.05,11,0.1,-0.0049617934071637
0.05,11,0.11,-0.0062517220472328
0.05,11,0.12,-0.007860108220027
0.05,11,0.13,-0.0092721865344521
0.05,11,0.14,-0.0105673863584253
0.05,11,0.15,-0.0129826177283038
0.05,11,0.16,-0.015156875366874
0.05,11,0.17,-0.0171221495483306
0.05,11,0.18,-0.0176311258876463
0.05,11,0.19,-0.019243825951859
0.05,11,0.2,-0.0228058226917281
0.05,11,0.21,-0.0234059918386682
0.05,11,0.22,-0.0249200496535349
0.05,11,0.23,-0.0297874809568823
0.05,11,0.24,-0.0322210921003553
0.05,11,0.25,-0.0304594182344198
0.05,11,0.26,-0.032686973709831
0.05,11,0.27,-0.037520755824793
0.05,11,0.28,-0.0380928174404176
0.05,11,0.29,-0.0432637953504086
0.05,11,0.3,-0.0416736748469558
0.05,11,0.31,-0.0416356231357492
0.05,11,0.32,-0.0441042546416164
0.05,11,0.33,-0.0468041696966107
0.05,11,0.34,-0.0497755188683274
0.05,11,0.35,-0.0502651287821914
0.05,11,0.36,-0.0532911805592359
0.05,11,0.37,-0.0528087288894949
0.05,11,0.38,-0.0536648160574795
0.05,11,0.39,-0.0583476507213294
0.05,11,0.4,-0.057648102745537
0.05,11,0.41,-0.0598456200838155
0.05,11,0.42,-0.0577528667003446
0.05,11,0.43,-0.060913086332579
0.05,11,0.44,-0.0639406945390523
0.05,11,0.45,-0.0605587024443078
0.05,11,0.46,-0.0610123103426706
0.05,11,0.47,-0.06375271529384
0.05,11,0.48,-0.0619654575826115
0.05,11,0.49,-0.070451526204685
0.05,11,0.5,-0.0674245284773114
0.05,11,0.51,-0.0653612451343453
0.05,11,0.52,-0.0664962029078946
0.05,11,0.53,-0.0673901001290934
0.05,11,0.54,-0.0697475658536258
0.05,11,0.55,-0.0700971790975019
0.05,11,0.56,-0.0728582450219154
0.05,11,0.57,-0.0745556271957463
0.05,11,0.58,-0.0722492777697057
0.05,11,0.59,-0.079245313230566
0.05,11,0.6,-0.0772670593269124
0.05,11,0.61,-0.0781689690457011
0.05,11,0.62,-0.0789344091163414
0.05,11,0.63,-0.0788459543115419
0.05,11,0.64,-0.0770908896568568
0.05,11,0.65,-0.0783819511385573
0.05,11,0.66,-0.0780802240536483
0.05,11,0.67,-0.078896327575735
0.05,11,0.68,-0.0791128792499724
0.05,11,0.69,-0.081443682552742
0.05,11,0.7,-0.0804992882887825
0.05,11,0.71,-0.0831470217438683
0.05,11,0.72,-0.0819081719690492
0.05,11,0.73,-0.0815503568322644
0.05,11,0.74,-0.0888461740809459
0.05,11,0.75,-0.0835882592558934
0.05,11,0.76,-0.0830505918047117
0.05,11,0.77,-0.083656166131264
0.05,11,0.78,-0.0874884413817182
0.05,11,0.79,-0.0872166581251555
0.05,11,0.8,-0.0810128020701563
0.05,11,0.81,-0.0852965925531125
0.05,11,0.82,-0.0875627480932845
0.05,11,0.83,-0.0859715108489879
0.05,11,0.84,-0.0875622787795673
0.05,11,0.85,-0.0876462578071781
0.05,11,0.86,-0.090202622342898
0.05,11,0.87,-0.0894588021386224
0.05,11,0.88,-0.0915308454860111
0.05,11,0.89,-0.0962570015379266
0.05,11,0.9,-0.0916281707005242
0.05,11,0.91,-0.0910614102904749
0.05,11,0.92,-0.0954518547427968
0.05,11,0.93,-0.0926713143811057
0.05,11,0.94,-0.0957949531256927
0.05,11,0.95,-0.0902258707200196
0.05,11,0.96,-0.0975552100239596
0.05,11,0.97,-0.0861631283389469
0.05,11,0.98,-0.0952027758623698
0.05,11,0.99,-0.0993630890594942
0.05,11,1.0,-0.0982872743148962
0.05,12,0.01,-0.0001610101616976
0.05,12,0.02,-0.0001862712541674
0.05,12,0.03,-0.0002630560018469
0.05,12,0.04,-0.0004391208399969
0.05,12,0.05,-0.0007579653465846
0.05,12,0.06,-0.0013397066673874
0.05,12,0.07,-0.0021083264463341
0.05,12,0.08,-0.0030293828080639
0.05,12,0.09,-0.0043729425584726
0.05,12,0.1,-0.0056959036489616
0.05,12,0.11,-0.0073501840048964
0.05,12,0.12,-0.0092557723974221
0.05,12,0.13,-0.0116048932500931
0.05,12,0.14,-0.0110779290102541
0.05,12,0.15,-0.0150767533689043
0.05,12,0.16,-0.0181774336490984
0.05,12,0.17,-0.020619315262611
0.05,12,0.18,-0.0229688190650379
0.05,12,0.19,-0.0227730783169148
0.05,12,0.2,-0.0290993045116192
0.05,12,0.21,-0.0291922662364864
0.05,12,0.22,-0.0340795231823506
0.05,12,0.23,-0.0346795450249792
0.05,12,0.24,-0.0350795449823334
0.05,12,0.25,-0.0400172736057678
0.05,12,0.26,-0.0445992450071713
0.05,12,0.27,-0.044087744532584
0.05,12,0.28,-0.0425228611983473
0.05,12,0.29,-0.0478423130814746
0.05,12,0.3,-0.0492574086400922
0.05,12,0.31,-0.0523089481298666
0.05,12,0.32,-0.0600882778766119
0.05,12,0.33,-0.0580004584338124
0.05,12,0.34,-0.0523308609953517
0.05,12,0.35,-0.0584021025706832
0.05,12,0.36,-0.0634095517611056
0.05,12,0.37,-0.062055912729516
0.05,12,0.38,-0.0644947828430613
0.05,12,0.39,-0.0642150384875695
0.05,12,0.4,-0.069269038122395
0.05,12,0.41,-0.0655290106400253
0.05,12,0.42,-0.0692387642290219
0.05,12,0.43,-0.0647077262074205
0.05,12,0.44,-0.0694087274806358
0.05,12,0.45,-0.0702431901843424
0.05,12,0.46,-0.073984793704661
0.05,12,0.47,-0.0723746094920315
0.05,12,0.48,-0.0730251331660231
0.05,12,0.49,-0.0719537118297885
0.05,12,0.5,-0.0761249668797894
0.05,12,0.51,-0.0718094192799783
0.05,12,0.52,-0.0764876160309888
0.05,12,0.53,-0.0794026384178376
0.05,12,0.54,-0.0748204089701022
0.05,12,0.55,-0.075556022509781
0.05,12,0.56,-0.081251179173589
0.05,12,0.57,-0.079808813725359
0.05,12,0.58,-0.0798045913404751
0.05,12,0.59,-0.0799958832207077
0.05,12,0.6,-0.0822414263966552
0.05,12,0.61,-0.0838939563115313
0.05,12,0.62,-0.0832671302551305
0.05,12,0.63,-0.0845353733022395
0.05,12,0.64,-0.0811049191332494
0.05,12,0.65,-0.0862308516724845
0.05,12,0.66,-0.0829447211509761
0.05,12,0.67,-0.0881014277558119
0.05,12,0.68,-0.0834187586379966
0.05,12,0.69,-0.0848111421815776
0.05,12,0.7,-0.0839410248864314
0.05,12,0.71,-0.0843711877664574
0.05,12,0.72,-0.0866944233013904
0.05,12,0.73,-0.0857912069701053
0.05,12,0.74,-0.0879653715755172
0.05,12,0.75,-0.0897252393964759
0.05,12,0.76,-0.0882725170916814
0.05,12,0.77,-0.0877803565539494
0.05,12,0.78,-0.0887461730286812
0.05,12,0.79,-0.0915881241464048
0.05,12,0.8,-0.0934967237014183
0.05,12,0.81,-0.0925346804679645
0.05,12,0.82,-0.0911791423970133
0.05,12,0.83,-0.0934128628217127
0.05,12,0.84,-0.0923548069825524
0.05,12,0.85,-0.0896889319243346
0.05,12,0.86,-0.0910491546930168
0.05,12,0.87,-0.0949644963897845
0.05,12,0.88,-0.0928422377587732
0.05,12,0.89,-0.096431885469157
0.05,12,0.9,-0.0927826182278608
0.05,12,0.91,-0.0949011822809038
0.05,12,0.92,-0.0998357681607677
0.05,12,0.93,-0.0929828209962557
0.05,12,0.94,-0.0969487535833485
0.05,12,0.95,-0.0994957209925084
0.05,12,0.96,-0.0984269702754144
0.05,12,0.97,-0.0913139247695417
0.05,12,0.98,-0.0951680852307803
0.05,12,0.99,-0.0959561967150668
0.05,12,1.0,-0.0996916109725419
0.05,13,0.01,-0.00062574954619
0.05,13,0.02,-0.0006833831302317
0.05,13,0.03,-0.0008227311599413
0.05,13,0.04,-0.0011080627964089
0.05,13,0.05,-0.0015753195549982
0.05,13,0.06,-0.0022299096548819
0.05,13,0.07,-0.0031113932489043
0.05,13,0.08,-0.0043176904385059
0.05,13,0.09,-0.0053667380377945
0.05,13,0.1,-0.006798016084765
0.05,13,0.11,-0.0085029790205727
0.05,13,0.12,-0.0106212130443958
0.05,13,0.13,-0.0116171757842835
0.05,13,0.14,-0.0132480856688331
0.05,13,0.15,-0.0163666569167932
0.05,13,0.16,-0.017792930798264
0.05,13,0.17,-0.0217453329067118
0.05,13,0.18,-0.0231329961969751
0.05,13,0.19,-0.0240806171859519
0.05,13,0.2,-0.0290523617056711
0.05,13,0.21,-0.0304483338520565
0.05,13,0.22,-0.0285710801378313
0.05,13,0.23,-0.0364290513878461
0.05,13,0.24,-0.0372413195437747
0.05,13,0.25,-0.0380300697611473
0.05,13,0.26,-0.0425058436046241
0.05,13,0.27,-0.0428504031230041
0.05,13,0.28,-0.0451864607972026
0.05,13,0.29,-0.0447804995950684
0.05,13,0.3,-0.0502158475143452
0.05,13,0.31,-0.0458850218840939
0.05,13,0.32,-0.0536931620241778
0.05,13,0.33,-0.052159812034858
0.05,13,0.34,-0.0572852288954008
0.05,13,0.35,-0.0541546337867878
0.05,13,0.36,-0.0570186570421507
0.05,13,0.37,-0.0621690869222322
0.05,13,0.38,-0.0625069838589823
0.05,13,0.39,-0.0610893172952556
0.05,13,0.4,-0.0646791336693513
0.05,13,0.41,-0.0663370562408518
0.05,13,0.42,-0.0694941864837504
0.05,13,0.43,-0.0654665429966634
0.05,13,0.44,-0.0697337570882403
0.05,13,0.45,-0.071880436743205
0.05,13,0.46,-0.0685424144335893
0.05,13,0.47,-0.0712362933255267
0.05,13,0.48,-0.0680577111761078
0.05,13,0.49,-0.0772368072361956
0.05,13,0.5,-0.0779286439103559
0.05,13,0.51,-0.070044184688135
0.05,13,0.52,-0.077760957734531
0.05,13,0.53,-0.0714201851709855
0.05,13,0.54,-0.076125103163249
0.05,13,0.55,-0.07985556125475
0.05,13,0.56,-0.0769023050081365
0.05,13,0.57,-0.0773542011512222
0.05,13,0.58,-0.0803562099665241
0.05,13,0.59,-0.0789355568622733
0.05,13,0.6,-0.0779179453485018
0.05,13,0.61,-0.0804400878126366
0.05,13,0.62,-0.0803047334162451
0.05,13,0.63,-0.0840937378964958
0.05,13,0.64,-0.0808943667249433
0.05,13,0.65,-0.0841823625724188
0.05,13,0.66,-0.0866588330541333
0.05,13,0.67,-0.082920861013401
0.05,13,0.68,-0.0855886522271072
0.05,13,0.69,-0.0873445158509642
0.05,13,0.7,-0.0852201148026466
0.05,13,0.71,-0.0860781981590732
0.05,13,0.72,-0.0844584213063962
0.05,13,0.73,-0.0883869905007272
0.05,13,0.74,-0.0873323411576505
0.05,13,0.75,-0.0927952110835333
0.05,13,0.76,-0.0882657368530178
0.05,13,0.77,-0.0902868696083567
0.05,13,0.78,-0.0938334828759052
0.05,13,0.79,-0.0928316837306173
0.05,13,0.8,-0.0913206695934009
0.05,13,0.81,-0.08692749527268
0.05,13,0.82,-0.0915362794396008
0.05,13,0.83,-0.0962314676064582
0.05,13,0.84,-0.0982389186738102
0.05,13,0.85,-0.084574019448126
0.05,13,0.86,-0.0964663162303004
0.05,13,0.87,-0.0930990132154474
0.05,13,0.88,-0.0925487051908168
0.05,13,0.89,-0.094057894020443
0.05,13,0.9,-0.0922435051271233
0.05,13,0.91,-0.0967684604786664
0.05,13,0.92,-0.0996055547374539
0.05,13,0.93,-0.0993762340736501
0.05,13,0.94,-0.0913353187981867
0.05,13,0.95,-0.0997326238688524
0.05,13,0.96,-0.0951351935919497
0.05,13,0.97,-0.1036548840411013
0.05,13,0.98,-0.0983643839803621
0.05,13,0.99,-0.1001151807452106
0.05,13,1.0,-0.0987837293671208
0.05,14,0.01,-0.0016515419170864
0.05,14,0.02,-0.0017643113879744
0.05,14,0.03,-0.0019721516054675
0.05,14,0.04,-0.0023266777744756
0.05,14,0.05,-0.002834810017634
0.05,14,0.06,-0.0035097230222421
0.05,14,0.07,-0.0044045419877588
0.05,14,0.08,-0.0054706709948253
0.05,14,0.09,-0.0065504566991643
0.05,14,0.1,-0.0079522038668031
0.05,14,0.11,-0.0093886861062644
0.05,14,0.12,-0.01069032931464
0.05,14,0.13,-0.0120165409774208
0.05,14,0.14,-0.0145189146395946
0.05,14,0.15,-0.0148181709979238
0.05,14,0.16,-0.017496675714978
0.05,14,0.17,-0.020730737660955
0.05,14,0.18,-0.0223702874383388
0.05,14,0.19,-0.0248958042880483
0.05,14,0.2,-0.0266332289208123
0.05,14,0.21,-0.0284468204327493
0.05,14,0.22,-0.0290161170944641
0.05,14,0.23,-0.0324859870577685
0.05,14,0.24,-0.0352740760209866
0.05,14,0.25,-0.0384040239685323
0.05,14,0.26,-0.0389146218882878
0.05,14,0.27,-0.0408866124028096
0.05,14,0.28,-0.0385564563969381
0.05,14,0.29,-0.0402899109308065
0.05,14,0.3,-0.0441929185768387
0.05,14,0.31,-0.0424826624804222
0.05,14,0.32,-0.0511151623410454
0.05,14,0.33,-0.0495612872323783
0.05,14,0.34,-0.0525396076789443
0.05,14,0.35,-0.0543979703627391
0.05,14,0.36,-0.0560427027655389
0.05,14,0.37,-0.0532176735483035
0.05,14,0.38,-0.0550276259085511
0.05,14,0.39,-0.0586124263822102
0.05,14,0.4,-0.0615017996043768
0.05,14,0.41,-0.0632992983689244
0.05,14,0.42,-0.0597579839304885
0.05,14,0.43,-0.061031980104338
0.05,14,0.44,-0.0646908726413632
0.05,14,0.45,-0.0635286349358578
0.05,14,0.46,-0.0642688238654383
0.05,14,0.47,-0.0636723518074383
0.05,14,0.48,-0.0687728112360934
0.05,14,0.49,-0.0655568516443633
0.05,14,0.5,-0.0712461497879397
0.05,14,0.51,-0.0703750249675038
0.05,14,0.52,-0.0701430026205515
0.05,14,0.53,-0.0732483090151648
0.05,14,0.54,-0.0740067436970477
0.05,14,0.55,-0.0753584229869819
0.05,14,0.56,-0.072466344846188
0.05,14,0.57,-0.0736255757888011
0.05,14,0.58,-0.0732966272077431
0.05,14,0.59,-0.0760653620867265
0.05,14,0.6,-0.0753362012265989
0.05,14,0.61,-0.0787137113852204
0.05,14,0.62,-0.0779032517558494
0.05,14,0.63,-0.0803820829442311
0.05,14,0.64,-0.0787078755474184
0.05,14,0.65,-0.081827417777859
0.05,14,0.66,-0.0800352328809242
0.05,14,0.67,-0.0839347635554083
0.05,14,0.68,-0.0813150451693781
0.05,14,0.69,-0.081802043454612
0.05,14,0.7,-0.0813146801208475
0.05,14,0.71,-0.0820660727318236
0.05,14,0.72,-0.0829197100393629
0.05,14,0.73,-0.0842216923800504
0.05,14,0.74,-0.0839591951645122
0.05,14,0.75,-0.0879716225420134
0.05,14,0.76,-0.0831097973826804
0.05,14,0.77,-0.0869127205773598
0.05,14,0.78,-0.0836636727746125
0.05,14,0.79,-0.0847060550765932
0.05,14,0.8,-0.0866508065617734
0.05,14,0.81,-0.0816134536510315
0.05,14,0.82,-0.0800880760253095
0.05,14,0.83,-0.0896579579804642
0.05,14,0.84,-0.0886720901506101
0.05,14,0.85,-0.0904206070682152
0.05,14,0.86,-0.0922710241106845
0.05,14,0.87,-0.0951093388102311
0.05,14,0.88,-0.0906076785940978
0.05,14,0.89,-0.0893425194716788
0.05,14,0.9,-0.0913339126029023
0.05,14,0.91,-0.0927829744475536
0.05,14,0.92,-0.0931090698314345
0.05,14,0.93,-0.0953170865738981
0.05,14,0.94,-0.0938580490552951
0.05,14,0.95,-0.0900644671712451
0.05,14,0.96,-0.0956880820040737
0.05,14,0.97,-0.0923907697809068
0.05,14,0.98,-0.0950394035505634
0.05,14,0.99,-0.0977898671145235
0.05,14,1.0,-0.1006651122266966
0.05,15,0.01,-0.0002845016395413
0.05,15,0.02,-0.000330445036247
0.05,15,0.03,-0.0004447435458082
0.05,15,0.04,-0.0007136792359686
0.05,15,0.05,-0.0012000848062628
0.05,15,0.06,-0.001950079539317
0.05,15,0.07,-0.002952478043646
0.05,15,0.08,-0.0040193638039476
0.05,15,0.09,-0.0056186116586001
0.05,15,0.1,-0.0075225887575266
0.05,15,0.11,-0.0094117152354902
0.05,15,0.12,-0.0110245089709869
0.05,15,0.13,-0.0123369976522371
0.05,15,0.14,-0.0151809162506555
0.05,15,0.15,-0.0181451352874119
0.05,15,0.16,-0.0208123449524107
0.05,15,0.17,-0.0223490497240225
0.05,15,0.18,-0.0233145284876648
0.05,15,0.19,-0.027866508922529
0.05,15,0.2,-0.0303750668833355
0.05,15,0.21,-0.0295588218776748
0.05,15,0.22,-0.0336499646663725
0.05,15,0.23,-0.0359898517055658
0.05,15,0.24,-0.0422171200802033
0.05,15,0.25,-0.0395704269625039
0.05,15,0.26,-0.0446210781407952
0.05,15,0.27,-0.0455144256696349
0.05,15,0.28,-0.0462094510968135
0.05,15,0.29,-0.0491135104745196
0.05,15,0.3,-0.0505937155286013
0.05,15,0.31,-0.0490509586370539
0.05,15,0.32,-0.056220537619497
0.05,15,0.33,-0.0566930233759046
0.05,15,0.34,-0.0569500352964595
0.05,15,0.35,-0.058127632543403
0.05,15,0.36,-0.0584376929978604
0.05,15,0.37,-0.0636924973460379
0.05,15,0.38,-0.0629543765843659
0.05,15,0.39,-0.0612187046989261
0.05,15,0.4,-0.0654057486621688
0.05,15,0.41,-0.0672134003185293
0.05,15,0.42,-0.0649271976467684
0.05,15,0.43,-0.0687794384533557
0.05,15,0.44,-0.0715376275046538
0.05,15,0.45,-0.0662754528003955
0.05,15,0.46,-0.0720958948676554
0.05,15,0.47,-0.0689259232312355
0.05,15,0.48,-0.074579564427425
0.05,15,0.49,-0.0727011087706572
0.05,15,0.5,-0.0726567665663238
0.05,15,0.51,-0.0714766034274305
0.05,15,0.52,-0.0706688439224021
0.05,15,0.53,-0.0783583144646874
0.05,15,0.54,-0.0728262260487332
0.05,15,0.55,-0.0799793332795541
0.05,15,0.56,-0.0807488469306489
0.05,15,0.57,-0.0783334891836395
0.05,15,0.58,-0.08062626061768
0.05,15,0.59,-0.0762566416292663
0.05,15,0.6,-0.0807741131734698
0.05,15,0.61,-0.0784557579079257
0.05,15,0.62,-0.0797046613960487
0.05,15,0.63,-0.0797187249425241
0.05,15,0.64,-0.0796132482298995
0.05,15,0.65,-0.0829026002666713
0.05,15,0.66,-0.0853739018660864
0.05,15,0.67,-0.0826811094298293
0.05,15,0.68,-0.0848173168135499
0.05,15,0.69,-0.0844727846818089
0.05,15,0.7,-0.0841387330831794
0.05,15,0.71,-0.0853420931223985
0.05,15,0.72,-0.0852139516374256
0.05,15,0.73,-0.0868986893424758
0.05,15,0.74,-0.0878945818613857
0.05,15,0.75,-0.0884132903191458
0.05,15,0.76,-0.0882096043214536
0.05,15,0.77,-0.0896974366322211
0.05,15,0.78,-0.0802587060714605
0.05,15,0.79,-0.0866032608656221
0.05,15,0.8,-0.0901041758474838
0.05,15,0.81,-0.0887433890926853
0.05,15,0.82,-0.0918567356325582
0.05,15,0.83,-0.0939663188814948
0.05,15,0.84,-0.0884148416372102
0.05,15,0.85,-0.0932744946695394
0.05,15,0.86,-0.0910078647323759
0.05,15,0.87,-0.0920480691009958
0.05,15,0.88,-0.0955982065071048
0.05,15,0.89,-0.0899960840519968
0.05,15,0.9,-0.0929233912951397
0.05,15,0.91,-0.097733609975893
0.05,15,0.92,-0.094360987745795
0.05,15,0.93,-0.0979332006253867
0.05,15,0.94,-0.0956120410010685
0.05,15,0.95,-0.0951212861270895
0.05,15,0.96,-0.0935312906585868
0.05,15,0.97,-0.0966613166118821
0.05,15,0.98,-0.0944040981883553
0.05,15,0.99,-0.0974668566291088
0.05,15,1.0,-0.100641547889388
0.05,16,0.01,-0.0016322393766613
0.05,16,0.02,-0.0017447342775223
0.05,16,0.03,-0.0019548092501385
0.05,16,0.04,-0.0022995492957121
0.05,16,0.05,-0.0028076343800786
0.05,16,0.06,-0.003494698406966
0.05,16,0.07,-0.0044063914060958
0.05,16,0.08,-0.0054905919117806
0.05,16,0.09,-0.0065341778390945
0.05,16,0.1,-0.0081059325726989
0.05,16,0.11,-0.0100550017516742
0.05,16,0.12,-0.0115196824353665
0.05,16,0.13,-0.0127730355226458
0.05,16,0.14,-0.0147074237070197
0.05,16,0.15,-0.0173624470554204
0.05,16,0.16,-0.0195564662950611
0.05,16,0.17,-0.0219298416024183
0.05,16,0.18,-0.0235705338963234
0.05,16,0.19,-0.0250873907555976
0.05,16,0.2,-0.0292281591039039
0.05,16,0.21,-0.0301033356145453
0.05,16,0.22,-0.0327984348964157
0.05,16,0.23,-0.0347913089655937
0.05,16,0.24,-0.0330338057578356
0.05,16,0.25,-0.0379236583984628
0.05,16,0.26,-0.0403713930517313
0.05,16,0.27,-0.0421006321700468
0.05,16,0.28,-0.0434803999467113
0.05,16,0.29,-0.0443569463080621
0.05,16,0.3,-0.0519584304762077
0.05,16,0.31,-0.0483406494036567
0.05,16,0.32,-0.0498686777470911
0.05,16,0.33,-0.0526189620509716
0.05,16,0.34,-0.0536488103301529
0.05,16,0.35,-0.0550708096496489
0.05,16,0.36,-0.056532390477126
0.05,16,0.37,-0.0545316175514899
0.05,16,0.38,-0.0591808388963429
0.05,16,0.39,-0.0592389779563024
0.05,16,0.4,-0.0599411574060703
0.05,16,0.41,-0.0622825918366367
0.05,16,0.42,-0.0659985333247376
0.05,16,0.43,-0.0643315795185306
0.05,16,0.44,-0.0665329664139596
0.05,16,0.45,-0.0651736211249317
0.05,16,0.46,-0.068450143768442
0.05,16,0.47,-0.0689305880990835
0.05,16,0.48,-0.0668339883494213
0.05,16,0.49,-0.0697669455380261
0.05,16,0.5,-0.0694280658297233
0.05,16,0.51,-0.0717148738937386
0.05,16,0.52,-0.0700313672319941
0.05,16,0.53,-0.0665691842003626
0.05,16,0.54,-0.0757799391615031
0.05,16,0.55,-0.0753048180456816
0.05,16,0.56,-0.0756821367092657
0.05,16,0.57,-0.0788075048202249
0.05,16,0.58,-0.0777629630412156
0.05,16,0.59,-0.078468589769901
0.05,16,0.6,-0.0805521107581411
0.05,16,0.61,-0.0786057636500007
0.05,16,0.62,-0.075482595527363
0.05,16,0.63,-0.0801126048489804
0.05,16,0.64,-0.0813408002255183
0.05,16,0.65,-0.0774803862035609
0.05,16,0.66,-0.0810517257735524
0.05,16,0.67,-0.0797507859395438
0.05,16,0.68,-0.0815742427448561
0.05,16,0.69,-0.0846328744292147
0.05,16,0.7,-0.0838410798586783
0.05,16,0.71,-0.0849368593128019
0.05,16,0.72,-0.0833646084147123
0.05,16,0.73,-0.0834449749079677
0.05,16,0.74,-0.0846194224753575
0.05,16,0.75,-0.0862322626376157
0.05,16,0.76,-0.0882031272126548
0.05,16,0.77,-0.0881531120929834
0.05,16,0.78,-0.0888075356544668
0.05,16,0.79,-0.088072116491577
0.05,16,0.8,-0.0878678980562128
0.05,16,0.81,-0.0950425369042742
0.05,16,0.82,-0.090867384029557
0.05,16,0.83,-0.0886914947327051
0.05,16,0.84,-0.0918783112806396
0.05,16,0.85,-0.089406439600065
0.05,16,0.86,-0.0934061479627941
0.05,16,0.87,-0.0926224880839452
0.05,16,0.88,-0.096242599481493
0.05,16,0.89,-0.0954306773760509
0.05,16,0.9,-0.0969869051262966
0.05,16,0.91,-0.0921651320711816
0.05,16,0.92,-0.0933145894305699
0.05,16,0.93,-0.0992639424055124
0.05,16,0.94,-0.0957402935744791
0.05,16,0.95,-0.0974459624952253
0.05,16,0.96,-0.0977389943440441
0.05,16,0.97,-0.0991848440267211
0.05,16,0.98,-0.0930676846050735
0.05,16,0.99,-0.1000213797345157
0.05,16,1.0,-0.0986507187922955
0.05,17,0.01,-0.0001886645862086
0.05,17,0.02,-0.0002082211092185
0.05,17,0.03,-0.0002585277825323
0.05,17,0.04,-0.0003740757685548
0.05,17,0.05,-0.0006097176613645
0.05,17,0.06,-0.0010262339642894
0.05,17,0.07,-0.001611268371437
0.05,17,0.08,-0.0023635559176139
0.05,17,0.09,-0.0033487822317277
0.05,17,0.1,-0.0045321654514824
0.05,17,0.11,-0.0056387187544346
0.05,17,0.12,-0.0071359981432818
0.05,17,0.13,-0.0082114315864364
0.05,17,0.14,-0.0109749689015702
0.05,17,0.15,-0.0130215199046585
0.05,17,0.16,-0.013655391003177
0.05,17,0.17,-0.016848991801683
0.05,17,0.18,-0.0179160859982691
0.05,17,0.19,-0.0202994949826782
0.05,17,0.2,-0.0229124586980714
0.05,17,0.21,-0.0239562745805115
0.05,17,0.22,-0.0275579359929274
0.05,17,0.23,-0.030015631479476
0.05,17,0.24,-0.0324782579394235
0.05,17,0.25,-0.0345324998023659
0.05,17,0.26,-0.0361735809301779
0.05,17,0.27,-0.0377782133741006
0.05,17,0.28,-0.0411116133165212
0.05,17,0.29,-0.0419227243588167
0.05,17,0.3,-0.0474116706119079
0.05,17,0.31,-0.0490905574262114
0.05,17,0.32,-0.050939293015674
0.05,17,0.33,-0.0527186229777319
0.05,17,0.34,-0.0496846665662875
0.05,17,0.35,-0.0514544012128137
0.05,17,0.36,-0.0572483898468033
0.05,17,0.37,-0.0529287501710855
0.05,17,0.38,-0.0573295176548637
0.05,17,0.39,-0.0604522510816981
0.05,17,0.4,-0.0578775659314165
0.05,17,0.41,-0.0634547702118997
0.05,17,0.42,-0.0639147290731271
0.05,17,0.43,-0.0637625680504868
0.05,17,0.44,-0.067551650122201
0.05,17,0.45,-0.0674405401588594
0.05,17,0.46,-0.0671096144719097
0.05,17,0.47,-0.069854226187168
0.05,17,0.48,-0.0692142186305122
0.05,17,0.49,-0.0688682059424735
0.05,17,0.5,-0.0742218052963003
0.05,17,0.51,-0.0761560830691052
0.05,17,0.52,-0.0707836523883153
0.05,17,0.53,-0.0774621473431496
0.05,17,0.54,-0.0764638943700678
0.05,17,0.55,-0.0749610734382061
0.05,17,0.56,-0.0769053353178731
0.05,17,0.57,-0.0773785209118746
0.05,17,0.58,-0.0829889072942188
0.05,17,0.59,-0.0815526192183949
0.05,17,0.6,-0.0789953424857101
0.05,17,0.61,-0.0807946058080795
0.05,17,0.62,-0.0829081649439995
0.05,17,0.63,-0.0816829879192744
0.05,17,0.64,-0.0853838021463957
0.05,17,0.65,-0.0829510977782501
0.05,17,0.66,-0.0797413129806278
0.05,17,0.67,-0.0838380386693699
0.05,17,0.68,-0.0840391472072205
0.05,17,0.69,-0.0850097008746841
0.05,17,0.7,-0.084572373303627
0.05,17,0.71,-0.0838875845681473
0.05,17,0.72,-0.0892958347459597
0.05,17,0.73,-0.085243843318907
0.05,17,0.74,-0.0876969706547639
0.05,17,0.75,-0.0905619720701395
0.05,17,0.76,-0.0853372562112023
0.05,17,0.77,-0.0870076456088463
0.05,17,0.78,-0.0905866512691547
0.05,17,0.79,-0.0908733690399449
0.05,17,0.8,-0.0923001012246936
0.05,17,0.81,-0.088033831145956
0.05,17,0.82,-0.0898320743560142
0.05,17,0.83,-0.0892768804434704
0.05,17,0.84,-0.0939242800074654
0.05,17,0.85,-0.0928404096707444
0.05,17,0.86,-0.091266359654463
0.05,17,0.87,-0.0907076068662799
0.05,17,0.88,-0.0886660506107175
0.05,17,0.89,-0.088033522772014
0.05,17,0.9,-0.0989857602450238
0.05,17,0.91,-0.0942872310898699
0.05,17,0.92,-0.0921483013934457
0.05,17,0.93,-0.0906466544253854
0.05,17,0.94,-0.0939356713418934
0.05,17,0.95,-0.0909551850562549
0.05,17,0.96,-0.0934629708467054
0.05,17,0.97,-0.0910273195865645
0.05,17,0.98,-0.0975212126330063
0.05,17,0.99,-0.1007868081487844
0.05,17,1.0,-0.0997075514875447
0.05,18,0.01,-0.0003050112070089
0.05,18,0.02,-0.000343674564057
0.05,18,0.03,-0.0004375488000143
0.05,18,0.04,-0.0006637574175582
0.05,18,0.05,-0.0010790048647735
0.05,18,0.06,-0.0016864092139879
0.05,18,0.07,-0.0026257072515244
0.05,18,0.08,-0.0036015638688824
0.05,18,0.09,-0.0049078041941605
0.05,18,0.1,-0.0066092838487951
0.05,18,0.11,-0.0086126951905158
0.05,18,0.12,-0.0100244518980592
0.05,18,0.13,-0.0114131895414993
0.05,18,0.14,-0.0139779517357709
0.05,18,0.15,-0.0173574285800256
0.05,18,0.16,-0.017205619389634
0.05,18,0.17,-0.0192126566873097
0.05,18,0.18,-0.0231984489659606
0.05,18,0.19,-0.0251456398142065
0.05,18,0.2,-0.0258610825139311
0.05,18,0.21,-0.0276417138775638
0.05,18,0.22,-0.0303547723159231
0.05,18,0.23,-0.0364607149473382
0.05,18,0.24,-0.0382342811397688
0.05,18,0.25,-0.0394235949284665
0.05,18,0.26,-0.0427963835837234
0.05,18,0.27,-0.0474432518480283
0.05,18,0.28,-0.0493925047816061
0.05,18,0.29,-0.0496650403912998
0.05,18,0.3,-0.0496294936337471
0.05,18,0.31,-0.0519239069189977
0.05,18,0.32,-0.0565646802736702
0.05,18,0.33,-0.0556488981049336
0.05,18,0.34,-0.0583830093986015
0.05,18,0.35,-0.0619244059478171
0.05,18,0.36,-0.0593418869228092
0.05,18,0.37,-0.0627817524851521
0.05,18,0.38,-0.0665426334136229
0.05,18,0.39,-0.0646546585174353
0.05,18,0.4,-0.0647281133118246
0.05,18,0.41,-0.0682617863326839
0.05,18,0.42,-0.0607322813449258
0.05,18,0.43,-0.0683481281288932
0.05,18,0.44,-0.0716410342314962
0.05,18,0.45,-0.0745338458050409
0.05,18,0.46,-0.074671474670105
0.05,18,0.47,-0.0728009266802613
0.05,18,0.48,-0.0780016795886634
0.05,18,0.49,-0.0743312483927461
0.05,18,0.5,-0.0720898214435575
0.05,18,0.51,-0.0761597067929152
0.05,18,0.52,-0.0789223502877597
0.05,18,0.53,-0.0779352163916523
0.05,18,0.54,-0.0794142486848268
0.05,18,0.55,-0.0803523241755641
0.05,18,0.56,-0.0813302771517391
0.05,18,0.57,-0.083517449200932
0.05,18,0.58,-0.0811707970769897
0.05,18,0.59,-0.0836754701169872
0.05,18,0.6,-0.0803767404501166
0.05,18,0.61,-0.0819862278419751
0.05,18,0.62,-0.0814615371903259
0.05,18,0.63,-0.0789568172783751
0.05,18,0.64,-0.0840926446091625
0.05,18,0.65,-0.083732701663645
0.05,18,0.66,-0.0805948544643747
0.05,18,0.67,-0.0872528338512696
0.05,18,0.68,-0.0852759742505572
0.05,18,0.69,-0.0878626786496335
0.05,18,0.7,-0.082612166748154
0.05,18,0.71,-0.087503077740908
0.05,18,0.72,-0.0853822207685875
0.05,18,0.73,-0.0881034061788695
0.05,18,0.74,-0.0844593799934301
0.05,18,0.75,-0.0828542383990011
0.05,18,0.76,-0.0883835158883128
0.05,18,0.77,-0.0893030928365429
0.05,18,0.78,-0.0923249388230034
0.05,18,0.79,-0.0856509053350848
0.05,18,0.8,-0.0937839360635919
0.05,18,0.81,-0.0920299622271342
0.05,18,0.82,-0.0918494256031158
0.05,18,0.83,-0.0933185973814829
0.05,18,0.84,-0.0945083377558853
0.05,18,0.85,-0.089709895645323
0.05,18,0.86,-0.0953363746011319
0.05,18,0.87,-0.0943726003392647
0.05,18,0.88,-0.096438365659446
0.05,18,0.89,-0.0921682145700221
0.05,18,0.9,-0.0906743597498947
0.05,18,0.91,-0.096902744720778
0.05,18,0.92,-0.0946891946317288
0.05,18,0.93,-0.0979554192295842
0.05,18,0.94,-0.1010788125067432
0.05,18,0.95,-0.0981382155902258
0.05,18,0.96,-0.1006004889463536
0.05,18,0.97,-0.1043463220322089
0.05,18,0.98,-0.1012886180168581
0.05,18,0.99,-0.0955905356928147
0.05,18,1.0,-0.0934499164417645
0.05,19,0.01,-0.0003029418023133
0.05,19,0.02,-0.0003241603123393
0.05,19,0.03,-0.0003812223834277
0.05,19,0.04,-0.000519419795678
0.05,19,0.05,-0.000801965484968
0.05,19,0.06,-0.0012929911531441
0.05,19,0.07,-0.0020404110345917
0.05,19,0.08,-0.0029350640936538
0.05,19,0.09,-0.0040329516239086
0.05,19,0.1,-0.0054275812033374
0.05,19,0.11,-0.0067290861092303
0.05,19,0.12,-0.0085595888605988
0.05,19,0.13,-0.0103330988138954
0.05,19,0.14,-0.0123163326904147
0.05,19,0.15,-0.01477222836269
0.05,19,0.16,-0.0169324685977119
0.05,19,0.17,-0.0185434771430842
0.05,19,0.18,-0.0220236708371723
0.05,19,0.19,-0.0235235863966348
0.05,19,0.2,-0.0273164317623267
0.05,19,0.21,-0.0284254449186252
0.05,19,0.22,-0.0316578260700435
0.05,19,0.23,-0.0340971552649384
0.05,19,0.24,-0.0378767272016466
0.05,19,0.25,-0.0357868639000515
0.05,19,0.26,-0.0402700783809346
0.05,19,0.27,-0.0444924666674695
0.05,19,0.28,-0.0432400731339433
0.05,19,0.29,-0.0483527831621311
0.05,19,0.3,-0.0492404009914506
0.05,19,0.31,-0.0520484655610851
0.05,19,0.32,-0.0519120360583693
0.05,19,0.33,-0.0540403118598736
0.05,19,0.34,-0.0514562065075871
0.05,19,0.35,-0.0535445128624733
0.05,19,0.36,-0.0634366876213921
0.05,19,0.37,-0.0577709080240846
0.05,19,0.38,-0.0603990474201184
0.05,19,0.39,-0.0601389173877959
0.05,19,0.4,-0.064363350333634
0.05,19,0.41,-0.0659220370831963
0.05,19,0.42,-0.0620337533385558
0.05,19,0.43,-0.0697657504419113
0.05,19,0.44,-0.0651561899775143
0.05,19,0.45,-0.0704458702044389
0.05,19,0.46,-0.0723136510864915
0.05,19,0.47,-0.0713243035326929
0.05,19,0.48,-0.0728702779061464
0.05,19,0.49,-0.0763986023623995
0.05,19,0.5,-0.0739907785363766
0.05,19,0.51,-0.0772077737799647
0.05,19,0.52,-0.0769639277515471
0.05,19,0.53,-0.077042675819457
0.05,19,0.54,-0.0778407744668249
0.05,19,0.55,-0.0754456644968523
0.05,19,0.56,-0.0787013336258254
0.05,19,0.57,-0.0752818366565636
0.05,19,0.58,-0.0791611122020749
0.05,19,0.59,-0.0797740822519548
0.05,19,0.6,-0.0809952574997503
0.05,19,0.61,-0.0838551245485608
0.05,19,0.62,-0.0806564664121833
0.05,19,0.63,-0.0818531573416719
0.05,19,0.64,-0.082340404003458
0.05,19,0.65,-0.0871251520769668
0.05,19,0.66,-0.0872574401398205
0.05,19,0.67,-0.0799845688149673
0.05,19,0.68,-0.0835888768187338
0.05,19,0.69,-0.0868852822896445
0.05,19,0.7,-0.0846742365859128
0.05,19,0.71,-0.0856458890314733
0.05,19,0.72,-0.0828760807939315
0.05,19,0.73,-0.0889646976962332
0.05,19,0.74,-0.0880916684615378
0.05,19,0.75,-0.0880741122374789
0.05,19,0.76,-0.0875070868878363
0.05,19,0.77,-0.0891313706305434
0.05,19,0.78,-0.0887903289934992
0.05,19,0.79,-0.089871070411875
0.05,19,0.8,-0.0889415118010802
0.05,19,0.81,-0.0932949388881745
0.05,19,0.82,-0.0879076175756911
0.05,19,0.83,-0.0864214862159768
0.05,19,0.84,-0.0906680402382851
0.05,19,0.85,-0.0891631682231048
0.05,19,0.86,-0.0905267756635045
0.05,19,0.87,-0.0972636980086908
0.05,19,0.88,-0.0956871227817187
0.05,19,0.89,-0.0946491908633627
0.05,19,0.9,-0.0925244997502424
0.05,19,0.91,-0.0913233541804725
0.05,19,0.92,-0.085643439792296
0.05,19,0.93,-0.0960912410296311
0.05,19,0.94,-0.0907257504738471
0.05,19,0.95,-0.0988539135347587
0.05,19,0.96,-0.1016971338538174
0.05,19,0.97,-0.0993850313427786
0.05,19,0.98,-0.1009545559370806
0.05,19,0.99,-0.0981579941011483
0.05,19,1.0,-0.1017276527214536
0.05,20,0.01,-0.0002336250967412
0.05,20,0.02,-0.0002491874875407
0.05,20,0.03,-0.0002881637127326
0.05,20,0.04,-0.0003877157573908
0.05,20,0.05,-0.0005856860286854
0.05,20,0.06,-0.0009249697737278
0.05,20,0.07,-0.0013892268645498
0.05,20,0.08,-0.0020840755711771
0.05,20,0.09,-0.0029917798846597
0.05,20,0.1,-0.0040146346230473
0.05,20,0.11,-0.0050166832207588
0.05,20,0.12,-0.0059326761895843
0.05,20,0.13,-0.0078119748407861
0.05,20,0.14,-0.0095983537964611
0.05,20,0.15,-0.0106956850317754
0.05,20,0.16,-0.014015952507294
0.05,20,0.17,-0.0160593644782176
0.05,20,0.18,-0.0166492738795384
0.05,20,0.19,-0.0192489014730239
0.05,20,0.2,-0.0221916272309508
0.05,20,0.21,-0.022473268530327
0.05,20,0.22,-0.0257024653932378
0.05,20,0.23,-0.0260965230053159
0.05,20,0.24,-0.0290022897387162
0.05,20,0.25,-0.0314994019716213
0.05,20,0.26,-0.033949729959583
0.05,20,0.27,-0.0363773398652472
0.05,20,0.28,-0.0380130030718637
0.05,20,0.29,-0.0424051917109896
0.05,20,0.3,-0.0425096447280786
0.05,20,0.31,-0.0414351970077042
0.05,20,0.32,-0.0461724985726737
0.05,20,0.33,-0.0469092955970887
0.05,20,0.34,-0.0509350863497524
0.05,20,0.35,-0.0519900509097967
0.05,20,0.36,-0.0537704324567033
0.05,20,0.37,-0.0466074281067627
0.05,20,0.38,-0.0544840368101251
0.05,20,0.39,-0.0569037891105847
0.05,20,0.4,-0.0596441678172442
0.05,20,0.41,-0.0600623107271531
0.05,20,0.42,-0.0596800610473862
0.05,20,0.43,-0.0592862179192021
0.05,20,0.44,-0.062520599767288
0.05,20,0.45,-0.0633394431415909
0.05,20,0.46,-0.0645917031806487
0.05,20,0.47,-0.0668373690591373
0.05,20,0.48,-0.0652307764012307
0.05,20,0.49,-0.0687847647011107
0.05,20,0.5,-0.0687493138697407
0.05,20,0.51,-0.0682442120971607
0.05,20,0.52,-0.0708127486075654
0.05,20,0.53,-0.07292262477809
0.05,20,0.54,-0.0727430482230052
0.05,20,0.55,-0.0713309457672294
0.05,20,0.56,-0.0750359825233697
0.05,20,0.57,-0.0763098997414764
0.05,20,0.58,-0.0754073915826609
0.05,20,0.59,-0.0768571561864891
0.05,20,0.6,-0.0805857914098843
0.05,20,0.61,-0.0745282033929371
0.05,20,0.62,-0.0770857377517958
0.05,20,0.63,-0.077591160450446
0.05,20,0.64,-0.0815673922821245
0.05,20,0.65,-0.076525402337251
0.05,20,0.66,-0.0814097871852461
0.05,20,0.67,-0.0826933553409785
0.05,20,0.68,-0.0780093576711199
0.05,20,0.69,-0.083146187910714
0.05,20,0.7,-0.0794865282535265
0.05,20,0.71,-0.0823743812694845
0.05,20,0.72,-0.0839827913606783
0.05,20,0.73,-0.086722372010512
0.05,20,0.74,-0.0839098734127313
0.05,20,0.75,-0.0836040643834111
0.05,20,0.76,-0.0822893972844469
0.05,20,0.77,-0.0909835650252406
0.05,20,0.78,-0.0890805446108736
0.05,20,0.79,-0.0871077015322312
0.05,20,0.8,-0.0871800491238396
0.05,20,0.81,-0.0852506197315979
0.05,20,0.82,-0.089993209578301
0.05,20,0.83,-0.0859887750838918
0.05,20,0.84,-0.0860045302732938
0.05,20,0.85,-0.0879251806083878
0.05,20,0.86,-0.0847156345986295
0.05,20,0.87,-0.0856552128579403
0.05,20,0.88,-0.0906423458685111
0.05,20,0.89,-0.0937398958425046
0.05,20,0.9,-0.0894806135004559
0.05,20,0.91,-0.0937347489752383
0.05,20,0.92,-0.0972601960852689
0.05,20,0.93,-0.0947038309201881
0.05,20,0.94,-0.0957086318724312
0.05,20,0.95,-0.090844533593728
0.05,20,0.96,-0.0945513720125958
0.05,20,0.97,-0.0911738460430895
0.05,20,0.98,-0.0931918570125554
0.05,20,0.99,-0.093279073025771
0.05,20,1.0,-0.0936171998381188
0.05,21,0.01,-0.0001320777812416
0.05,21,0.02,-0.0001511986502713
0.05,21,0.03,-0.0002047784955684
0.05,21,0.04,-0.0003376760859654
0.05,21,0.05,-0.0006118779184392
0.05,21,0.06,-0.0010688241339047
0.05,21,0.07,-0.0017898970715137
0.05,21,0.08,-0.002600538392077
0.05,21,0.09,-0.0038812960112324
0.05,21,0.1,-0.0048873516513477
0.05,21,0.11,-0.0064230988474509
0.05,21,0.12,-0.0075639279935494
0.05,21,0.13,-0.0096952514529515
0.05,21,0.14,-0.0111436896796088
0.05,21,0.15,-0.0131758590417892
0.05,21,0.16,-0.0160572213560541
0.05,21,0.17,-0.0176365978188558
0.05,21,0.18,-0.0202262771715192
0.05,21,0.19,-0.0229726463719142
0.05,21,0.2,-0.0252061068988942
0.05,21,0.21,-0.0263910435447723
0.05,21,0.22,-0.029768417138997
0.05,21,0.23,-0.0276842932663505
0.05,21,0.24,-0.0332209488400829
0.05,21,0.25,-0.0343767298711784
0.05,21,0.26,-0.0382750496006289
0.05,21,0.27,-0.0430969571495732
0.05,21,0.28,-0.0443086598865984
0.05,21,0.29,-0.0416596618620814
0.05,21,0.3,-0.0480365459645008
0.05,21,0.31,-0.0494142941138402
0.05,21,0.32,-0.0517780667759548
0.05,21,0.33,-0.0555689415293893
0.05,21,0.34,-0.0553965970108281
0.05,21,0.35,-0.0574569800595112
0.05,21,0.36,-0.0601313068274479
0.05,21,0.37,-0.05764387749947
0.05,21,0.38,-0.0563341319615601
0.05,21,0.39,-0.0600849394422229
0.05,21,0.4,-0.0620102899354525
0.05,21,0.41,-0.0676023398112376
0.05,21,0.42,-0.0663449550202033
0.05,21,0.43,-0.0628648065835345
0.05,21,0.44,-0.065797084331543
0.05,21,0.45,-0.0665249449592092
0.05,21,0.46,-0.0695764497110244
0.05,21,0.47,-0.069561879027267
0.05,21,0.48,-0.0675038366750063
0.05,21,0.49,-0.0724201063442542
0.05,21,0.5,-0.0715647502566984
0.05,21,0.51,-0.0751993519953197
0.05,21,0.52,-0.0715807586899593
0.05,21,0.53,-0.0756623435349241
0.05,21,0.54,-0.0714416224272368
0.05,21,0.55,-0.0797861083661654
0.05,21,0.56,-0.0761606222434926
0.05,21,0.57,-0.0775307360873093
0.05,21,0.58,-0.0753998385648598
0.05,21,0.59,-0.0789553152450966
0.05,21,0.6,-0.0795892992159601
0.05,21,0.61,-0.0795502436451772
0.05,21,0.62,-0.0789012796099444
0.05,21,0.63,-0.0809250762915404
0.05,21,0.64,-0.0764111247640295
0.05,21,0.65,-0.0870804604121671
0.05,21,0.66,-0.084080868273861
0.05,21,0.67,-0.0810365501069477
0.05,21,0.68,-0.0806904191017346
0.05,21,0.69,-0.0849615205806026
0.05,21,0.7,-0.0840280468152678
0.05,21,0.71,-0.0885200248738928
0.05,21,0.72,-0.0838029241954478
0.05,21,0.73,-0.0867463437625561
0.05,21,0.74,-0.0894600060194815
0.05,21,0.75,-0.0853816396619298
0.05,21,0.76,-0.0903565637599052
0.05,21,0.77,-0.0889294808437352
0.05,21,0.78,-0.0917925257299294
0.05,21,0.79,-0.0891776349148837
0.05,21,0.8,-0.0845174227727206
0.05,21,0.81,-0.0867113421471716
0.05,21,0.82,-0.0909075213112917
0.05,21,0.83,-0.0958315340885079
0.05,21,0.84,-0.0937430552308005
0.05,21,0.85,-0.0921081000120648
0.05,21,0.86,-0.0937676943906336
0.05,21,0.87,-0.0927490127669054
0.05,21,0.88,-0.0874363234301215
0.05,21,0.89,-0.0973382801116982
0.05,21,0.9,-0.0957473860643647
0.05,21,0.91,-0.0940482373276021
0.05,21,0.92,-0.0953140880753924
0.05,21,0.93,-0.0960403431409132
0.05,21,0.94,-0.0960455906849904
0.05,21,0.95,-0.0954612188768639
0.05,21,0.96,-0.098776064641629
0.05,21,0.97,-0.0948207373183801
0.05,21,0.98,-0.0934268579004057
0.05,21,0.99,-0.094029120907021
0.05,21,1.0,-0.099336874354967
0.05,22,0.01,-0.0002712320176926
0.05,22,0.02,-0.0003052712968762
0.05,22,0.03,-0.0003829438238634
0.05,22,0.04,-0.0005419569062875
0.05,22,0.05,-0.0008353034765571
0.05,22,0.06,-0.0012914905475863
0.05,22,0.07,-0.0019579142635974
0.05,22,0.08,-0.0028116198931544
0.05,22,0.09,-0.0038009234426847
0.05,22,0.1,-0.0047904266304258
0.05,22,0.11,-0.0062897578023977
0.05,22,0.12,-0.0073834805740296
0.05,22,0.13,-0.0099998765816282
0.05,22,0.14,-0.0115408613741881
0.05,22,0.15,-0.0131577969379872
0.05,22,0.16,-0.0151306599139832
0.05,22,0.17,-0.0168318917080771
0.05,22,0.18,-0.0199318474975645
0.05,22,0.19,-0.0204417683456395
0.05,22,0.2,-0.0238412072213459
0.05,22,0.21,-0.0239875499798257
0.05,22,0.22,-0.023135298195021
0.05,22,0.23,-0.0315588388277188
0.05,22,0.24,-0.0338536136108285
0.05,22,0.25,-0.0372448569214747
0.05,22,0.26,-0.0343774422815334
0.05,22,0.27,-0.0361210974905508
0.05,22,0.28,-0.041043984386928
0.05,22,0.29,-0.0399462492047191
0.05,22,0.3,-0.0383739310755397
0.05,22,0.31,-0.0445530679310355
0.05,22,0.32,-0.0462283697594309
0.05,22,0.33,-0.051908658998052
0.05,22,0.34,-0.0489001441327716
0.05,22,0.35,-0.0486308052723387
0.05,22,0.36,-0.0566122045199064
0.05,22,0.37,-0.0547778288349651
0.05,22,0.38,-0.0552436941732797
0.05,22,0.39,-0.0596371453639828
0.05,22,0.4,-0.0599417747446147
0.05,22,0.41,-0.0590703800394657
0.05,22,0.42,-0.0581523284198031
0.05,22,0.43,-0.0631718576589098
0.05,22,0.44,-0.0643038560022559
0.05,22,0.45,-0.0667944368889057
0.05,22,0.46,-0.0645890318574489
0.05,22,0.47,-0.0616056029150286
0.05,22,0.48,-0.0670603291199159
0.05,22,0.49,-0.0681415966077842
0.05,22,0.5,-0.0691334738785284
0.05,22,0.51,-0.0681409979141959
0.05,22,0.52,-0.0682534825939384
0.05,22,0.53,-0.0738924902424534
0.05,22,0.54,-0.0708755792393873
0.05,22,0.55,-0.074308293139712
0.05,22,0.56,-0.0759687805825253
0.05,22,0.57,-0.0726399911183609
0.05,22,0.58,-0.0794894780200233
0.05,22,0.59,-0.0753826498397692
0.05,22,0.6,-0.0782296228079532
0.05,22,0.61,-0.0762044309125358
0.05,22,0.62,-0.0798750234735837
0.05,22,0.63,-0.0828041761065866
0.05,22,0.64,-0.0808242201955143
0.05,22,0.65,-0.0819360814019306
0.05,22,0.66,-0.0843012265558253
0.05,22,0.67,-0.0802175322601071
0.05,22,0.68,-0.085281951481561
0.05,22,0.69,-0.0799296237167862
0.05,22,0.7,-0.0855386031491244
0.05,22,0.71,-0.0868668119753272
0.05,22,0.72,-0.0876398724351625
0.05,22,0.73,-0.086108278997056
0.05,22,0.74,-0.0903878479584864
0.05,22,0.75,-0.0839689663617249
0.05,22,0.76,-0.0878423567034498
0.05,22,0.77,-0.0870002325754762
0.05,22,0.78,-0.0841802232592131
0.05,22,0.79,-0.0895528318113232
0.05,22,0.8,-0.0882129493869597
0.05,22,0.81,-0.0909457060344953
0.05,22,0.82,-0.0916015157488201
0.05,22,0.83,-0.0923197698529283
0.05,22,0.84,-0.0887166266851628
0.05,22,0.85,-0.092473579745154
0.05,22,0.86,-0.0975275887555227
0.05,22,0.87,-0.093153042017243
0.05,22,0.88,-0.0908506981400969
0.05,22,0.89,-0.0879009610499539
0.05,22,0.9,-0.0939504110385248
0.05,22,0.91,-0.0956076106167092
0.05,22,0.92,-0.0959092601286064
0.05,22,0.93,-0.094064085950404
0.05,22,0.94,-0.0974127206717469
0.05,22,0.95,-0.0963264372391653
0.05,22,0.96,-0.0964730753735425
0.05,22,0.97,-0.1001442059114517
0.05,22,0.98,-0.0959368324238938
0.05,22,0.99,-0.0982815679465885
0.05,22,1.0,-0.0948726448241678
0.05,23,0.01,-0.0002498845180779
0.05,23,0.02,-0.0002750093345969
0.05,23,0.03,-0.0003330263478645
0.05,23,0.04,-0.0004555334098395
0.05,23,0.05,-0.0007153412575057
0.05,23,0.06,-0.0011816556086967
0.05,23,0.07,-0.0018287041692948
0.05,23,0.08,-0.0027536703070636
0.05,23,0.09,-0.0039235915264331
0.05,23,0.1,-0.0051979826055426
0.05,23,0.11,-0.0065564263706767
0.05,23,0.12,-0.0084405237711912
0.05,23,0.13,-0.0097807540903943
0.05,23,0.14,-0.0127607695296593
0.05,23,0.15,-0.0139525202137798
0.05,23,0.16,-0.0161903505080593
0.05,23,0.17,-0.016539544193344
0.05,23,0.18,-0.0199511845140809
0.05,23,0.19,-0.0228458029882256
0.05,23,0.2,-0.0253625978695229
0.05,23,0.21,-0.0224019271933085
0.05,23,0.22,-0.03277287210287
0.05,23,0.23,-0.0299980109281042
0.05,23,0.24,-0.0311263479051242
0.05,23,0.25,-0.0356202341958063
0.05,23,0.26,-0.0388894003428445
0.05,23,0.27,-0.0407816286669157
0.05,23,0.28,-0.0390131881494517
0.05,23,0.29,-0.042230134118167
0.05,23,0.3,-0.0437068356885943
0.05,23,0.31,-0.0497428777524336
0.05,23,0.32,-0.0513902859463869
0.05,23,0.33,-0.0549742120891066
0.05,23,0.34,-0.0544892038936193
0.05,23,0.35,-0.0551275281130967
0.05,23,0.36,-0.0571449798664368
0.05,23,0.37,-0.0595676121192348
0.05,23,0.38,-0.0597754477556007
0.05,23,0.39,-0.061658822691891
0.05,23,0.4,-0.0627769274365634
0.05,23,0.41,-0.0638057151875497
0.05,23,0.42,-0.0672399906194647
0.05,23,0.43,-0.0652798160058099
0.05,23,0.44,-0.0637039260130613
0.05,23,0.45,-0.0683026755327585
0.05,23,0.46,-0.0680468721373053
0.05,23,0.47,-0.0706147225840494
0.05,23,0.48,-0.0689361697268461
0.05,23,0.49,-0.0733191893456384
0.05,23,0.5,-0.0711825307145835
0.05,23,0.51,-0.0733736587380722
0.05,23,0.52,-0.0778721629924066
0.05,23,0.53,-0.0756011259912886
0.05,23,0.54,-0.0758719165153879
0.05,23,0.55,-0.0764750816415847
0.05,23,0.56,-0.0762785147145199
0.05,23,0.57,-0.0808042812978768
0.05,23,0.58,-0.0786978806046231
0.05,23,0.59,-0.0802866867477412
0.05,23,0.6,-0.0814508556714999
0.05,23,0.61,-0.0794298015632349
0.05,23,0.62,-0.0831372504165589
0.05,23,0.63,-0.0789368226513274
0.05,23,0.64,-0.0849043058965772
0.05,23,0.65,-0.079587365748908
0.05,23,0.66,-0.0812634699370955
0.05,23,0.67,-0.0830561226095815
0.05,23,0.68,-0.083166973849171
0.05,23,0.69,-0.0878226955280005
0.05,23,0.7,-0.0877981397412221
0.05,23,0.71,-0.0814614452873676
0.05,23,0.72,-0.0879520152024071
0.05,23,0.73,-0.0909835235610648
0.05,23,0.74,-0.0880826833586373
0.05,23,0.75,-0.0894416827555347
0.05,23,0.76,-0.0852758131012648
0.05,23,0.77,-0.0897111343043224
0.05,23,0.78,-0.0811328021576502
0.05,23,0.79,-0.0942302954264775
0.05,23,0.8,-0.0874287010811983
0.05,23,0.81,-0.0886457164633869
0.05,23,0.82,-0.0897103922744582
0.05,23,0.83,-0.0934767261326145
0.05,23,0.84,-0.0928394999944826
0.05,23,0.85,-0.0906604110275452
0.05,23,0.86,-0.0955628054830339
0.05,23,0.87,-0.0842477327457566
0.05,23,0.88,-0.0947264035433105
0.05,23,0.89,-0.0959422766230928
0.05,23,0.9,-0.0931185794377289
0.05,23,0.91,-0.0955410283918279
0.05,23,0.92,-0.0951229592112278
0.05,23,0.93,-0.095491072056365
0.05,23,0.94,-0.0948033725971682
0.05,23,0.95,-0.0996432724787546
0.05,23,0.96,-0.0912518319313173
0.05,23,0.97,-0.0977419912549938
0.05,23,0.98,-0.0988307906528474
0.05,23,0.99,-0.1033984916213582
0.05,23,1.0,-0.0998267877707288
0.05,24,0.01,-0.0010631130350862
0.05,24,0.02,-0.0011459329519264
0.05,24,0.03,-0.0013157015405365
0.05,24,0.04,-0.0016010771792312
0.05,24,0.05,-0.0020318696354173
0.05,24,0.06,-0.0026257544104174
0.05,24,0.07,-0.0034775029824185
0.05,24,0.08,-0.004405095438951
0.05,24,0.09,-0.005667272480894
0.05,24,0.1,-0.0069774147579504
0.05,24,0.11,-0.0080626267172248
0.05,24,0.12,-0.0103203778377946
0.05,24,0.13,-0.0113473346304006
0.05,24,0.14,-0.0133870280576372
0.05,24,0.15,-0.0165937886782295
0.05,24,0.16,-0.016940519484759
0.05,24,0.17,-0.019284643884427
0.05,24,0.18,-0.019477412572965
0.05,24,0.19,-0.0221298914449073
0.05,24,0.2,-0.0237438653694035
0.05,24,0.21,-0.0277432648065386
0.05,24,0.22,-0.0280140680283501
0.05,24,0.23,-0.0330466313518083
0.05,24,0.24,-0.033719112790658
0.05,24,0.25,-0.0362662466607352
0.05,24,0.26,-0.0348777663924149
0.05,24,0.27,-0.0410653435186953
0.05,24,0.28,-0.0393022868664257
0.05,24,0.29,-0.044177110824554
0.05,24,0.3,-0.0446387086313084
0.05,24,0.31,-0.0438159333743631
0.05,24,0.32,-0.0482211148964695
0.05,24,0.33,-0.0527237080746331
0.05,24,0.34,-0.0505703035659945
0.05,24,0.35,-0.0565960356708819
0.05,24,0.36,-0.0574549627996471
0.05,24,0.37,-0.0578842501303014
0.05,24,0.38,-0.0568996696660661
0.05,24,0.39,-0.0577131650136803
0.05,24,0.4,-0.0612325441645141
0.05,24,0.41,-0.0590097819519791
0.05,24,0.42,-0.0626384506250302
0.05,24,0.43,-0.0651086378409662
0.05,24,0.44,-0.0688805096457204
0.05,24,0.45,-0.0648728519755869
0.05,24,0.46,-0.0699128062780969
0.05,24,0.47,-0.0693242394107911
0.05,24,0.48,-0.0664003865675632
0.05,24,0.49,-0.0700571243149932
0.05,24,0.5,-0.0705579847606201
0.05,24,0.51,-0.0745830023377435
0.05,24,0.52,-0.0688755718382355
0.05,24,0.53,-0.0676687497193275
0.05,24,0.54,-0.0709183972582013
0.05,24,0.55,-0.0762454100438504
0.05,24,0.56,-0.0767013112491228
0.05,24,0.57,-0.0774943832999801
0.05,24,0.58,-0.0789550985840126
0.05,24,0.59,-0.0776021619847871
0.05,24,0.6,-0.0803637596906301
0.05,24,0.61,-0.080678357511824
0.05,24,0.62,-0.0767642716932189
0.05,24,0.63,-0.0738487699879584
0.05,24,0.64,-0.0767509461594669
0.05,24,0.65,-0.0774394114632717
0.05,24,0.66,-0.081100709448667
0.05,24,0.67,-0.0815944224770416
0.05,24,0.68,-0.0850823748694828
0.05,24,0.69,-0.082374113131091
0.05,24,0.7,-0.0805129978115295
0.05,24,0.71,-0.0853689219666255
0.05,24,0.72,-0.0826570352258603
0.05,24,0.73,-0.0883116115726713
0.05,24,0.74,-0.0846300659744032
0.05,24,0.75,-0.0878773618477216
0.05,24,0.76,-0.0858847774615097
0.05,24,0.77,-0.0892874678152522
0.05,24,0.78,-0.0914551373728951
0.05,24,0.79,-0.0864253467866698
0.05,24,0.8,-0.0923122096866915
0.05,24,0.81,-0.0894221686790153
0.05,24,0.82,-0.0880996332053704
0.05,24,0.83,-0.0838535148660698
0.05,24,0.84,-0.0941771279081077
0.05,24,0.85,-0.0949979009280133
0.05,24,0.86,-0.0959161272138596
0.05,24,0.87,-0.0960733243516484
0.05,24,0.88,-0.0905598073982532
0.05,24,0.89,-0.0860071788038271
0.05,24,0.9,-0.0940670037872098
0.05,24,0.91,-0.0902152919253606
0.05,24,0.92,-0.0985816018759606
0.05,24,0.93,-0.0981184077213038
0.05,24,0.94,-0.0989516627643414
0.05,24,0.95,-0.087799537810609
0.05,24,0.96,-0.0966595598473509
0.05,24,0.97,-0.0983493248113976
0.05,24,0.98,-0.0959137340396513
0.05,24,0.99,-0.0963203287766893
0.05,24,1.0,-0.1004138086498338
0.05,25,0.01,-0.000725624301733
0.05,25,0.02,-0.0007720056524232
0.05,25,0.03,-0.0008828726438373
0.05,25,0.04,-0.0011126643255583
0.05,25,0.05,-0.0014847557509688
0.05,25,0.06,-0.0020660038823404
0.05,25,0.07,-0.0028161654812686
0.05,25,0.08,-0.0038033236274833
0.05,25,0.09,-0.0049708592067258
0.05,25,0.1,-0.0059725977268561
0.05,25,0.11,-0.0072519893844354
0.05,25,0.12,-0.0088237690895405
0.05,25,0.13,-0.0117065752293647
0.05,25,0.14,-0.0137228507963673
0.05,25,0.15,-0.0152492051346866
0.05,25,0.16,-0.0161594660419701
0.05,25,0.17,-0.0168128591958504
0.05,25,0.18,-0.0201657642871312
0.05,25,0.19,-0.0235183213261906
0.05,25,0.2,-0.0230907289340658
0.05,25,0.21,-0.0262644220015948
0.05,25,0.22,-0.0255285671258852
0.05,25,0.23,-0.0304501147099118
0.05,25,0.24,-0.0301161161738354
0.05,25,0.25,-0.0356870692373188
0.05,25,0.26,-0.0348078748302521
0.05,25,0.27,-0.0360865799166494
0.05,25,0.28,-0.0411808268958491
0.05,25,0.29,-0.0401783712570173
0.05,25,0.3,-0.0444346977867098
0.05,25,0.31,-0.0449286166423276
0.05,25,0.32,-0.0464688360038216
0.05,25,0.33,-0.0497236825646339
0.05,25,0.34,-0.0495110483607118
0.05,25,0.35,-0.0519584928204152
0.05,25,0.36,-0.0526405003298716
0.05,25,0.37,-0.0574900767753746
0.05,25,0.38,-0.0554236787221088
0.05,25,0.39,-0.0564133151511287
0.05,25,0.4,-0.0573152786137707
0.05,25,0.41,-0.0573399007764503
0.05,25,0.42,-0.0616779492635594
0.05,25,0.43,-0.0590437836459791
0.05,25,0.44,-0.0587303181864613
0.05,25,0.45,-0.0574980591922958
0.05,25,0.46,-0.0657934741028584
0.05,25,0.47,-0.0667094804072303
0.05,25,0.48,-0.0678541005732845
0.05,25,0.49,-0.0698529024405562
0.05,25,0.5,-0.0657923375448971
0.05,25,0.51,-0.0687040999143188
0.05,25,0.52,-0.0675276367109429
0.05,25,0.53,-0.0695821799098236
0.05,25,0.54,-0.0741556219987637
0.05,25,0.55,-0.0731282163061766
0.05,25,0.56,-0.0698465202077396
0.05,25,0.57,-0.0698725052173176
0.05,25,0.58,-0.0675707320139861
0.05,25,0.59,-0.0719570607476072
0.05,25,0.6,-0.0768951467301619
0.05,25,0.61,-0.0748464074634861
0.05,25,0.62,-0.0773825548732082
0.05,25,0.63,-0.0758869204032406
0.05,25,0.64,-0.0796377306670584
0.05,25,0.65,-0.0732245916882762
0.05,25,0.66,-0.0821401737260765
0.05,25,0.67,-0.0790831690311395
0.05,25,0.68,-0.0801469830165547
0.05,25,0.69,-0.0808243862950545
0.05,25,0.7,-0.0823291692508279
0.05,25,0.71,-0.08174732689223
0.05,25,0.72,-0.0822593627662001
0.05,25,0.73,-0.0827459115706739
0.05,25,0.74,-0.0829738998441314
0.05,25,0.75,-0.0846314190097301
0.05,25,0.76,-0.0856432508760763
0.05,25,0.77,-0.0868016278240098
0.05,25,0.78,-0.0842398962932048
0.05,25,0.79,-0.088198541712887
0.05,25,0.8,-0.0863168817326857
0.05,25,0.81,-0.0858558267571818
0.05,25,0.82,-0.0834961752853148
0.05,25,0.83,-0.0858136215293495
0.05,25,0.84,-0.0829263563833787
0.05,25,0.85,-0.0898305553358096
0.05,25,0.86,-0.0901040351691258
0.05,25,0.87,-0.0839120517930136
0.05,25,0.88,-0.0850179007352446
0.05,25,0.89,-0.0902617774572003
0.05,25,0.9,-0.0889541401910182
0.05,25,0.91,-0.0902803235488377
0.05,25,0.92,-0.0893447564527946
0.05,25,0.93,-0.0942490985351799
0.05,25,0.94,-0.0893599475963058
0.05,25,0.95,-0.0940518108464885
0.05,25,0.96,-0.0951760803298041
0.05,25,0.97,-0.0932348725152995
0.05,25,0.98,-0.0951149167864072
0.05,25,0.99,-0.0898515689112687
0.05,25,1.0,-0.0949742351336892
0.05,26,0.01,-0.0011664431265278
0.05,26,0.02,-0.0012786116108392
0.05,26,0.03,-0.0015161046011305
0.05,26,0.04,-0.0018786499398311
0.05,26,0.05,-0.0024883399128669
0.05,26,0.06,-0.0032410279050141
0.05,26,0.07,-0.0042448845115807
0.05,26,0.08,-0.0053841993361793
0.05,26,0.09,-0.0068862736842665
0.05,26,0.1,-0.0084572098626474
0.05,26,0.11,-0.0104220277260738
0.05,26,0.12,-0.0110966144781362
0.05,26,0.13,-0.0136923478525776
0.05,26,0.14,-0.0150374359157672
0.05,26,0.15,-0.0186392114219507
0.05,26,0.16,-0.0200651854218545
0.05,26,0.17,-0.0221243843138194
0.05,26,0.18,-0.0254899018431606
0.05,26,0.19,-0.0257026272539757
0.05,26,0.2,-0.0276839754835948
0.05,26,0.21,-0.0319277182347844
0.05,26,0.22,-0.0352212203992611
0.05,26,0.23,-0.0344172202578499
0.05,26,0.24,-0.0359932176284331
0.05,26,0.25,-0.0408758954463006
0.05,26,0.26,-0.0423760743147838
0.05,26,0.27,-0.045697232257111
0.05,26,0.28,-0.0475112139650395
0.05,26,0.29,-0.0460644378604205
0.05,26,0.3,-0.048463182655649
0.05,26,0.31,-0.0543226088238614
0.05,26,0.32,-0.0550727438446077
0.05,26,0.33,-0.0554940908742365
0.05,26,0.34,-0.0548767116807393
0.05,26,0.35,-0.0567174063476579
0.05,26,0.36,-0.060367155864273
0.05,26,0.37,-0.0569105508213786
0.05,26,0.38,-0.0610325278869203
0.05,26,0.39,-0.0629053210254382
0.05,26,0.4,-0.0575495307932693
0.05,26,0.41,-0.0624589993903802
0.05,26,0.42,-0.0645988399325332
0.05,26,0.43,-0.0672048475802522
0.05,26,0.44,-0.0664398575315056
0.05,26,0.45,-0.0692318740588357
0.05,26,0.46,-0.0655857140988332
0.05,26,0.47,-0.0692478064046767
0.05,26,0.48,-0.0671849916940562
0.05,26,0.49,-0.0732869085375287
0.05,26,0.5,-0.0709145448238112
0.05,26,0.51,-0.0751989007570233
0.05,26,0.52,-0.0716339463046843
0.05,26,0.53,-0.0750363040596635
0.05,26,0.54,-0.075374347257316
0.05,26,0.55,-0.0735299519272217
0.05,26,0.56,-0.0731654768215637
0.05,26,0.57,-0.0768087141927654
0.05,26,0.58,-0.0760537358105615
0.05,26,0.59,-0.0735890656644222
0.05,26,0.6,-0.0770413047160549
0.05,26,0.61,-0.0796905777197886
0.05,26,0.62,-0.0794680413484179
0.05,26,0.63,-0.0822662516993006
0.05,26,0.64,-0.0783247482134177
0.05,26,0.65,-0.0793976162040519
0.05,26,0.66,-0.0805099499868569
0.05,26,0.67,-0.0838973252700479
0.05,26,0.68,-0.082871554442596
0.05,26,0.69,-0.085423319806385
0.05,26,0.7,-0.0823025977875284
0.05,26,0.71,-0.0842205156866787
0.05,26,0.72,-0.08796398579672
0.05,26,0.73,-0.0873712382349916
0.05,26,0.74,-0.082590401970121
0.05,26,0.75,-0.085562360172256
0.05,26,0.76,-0.0891317273510443
0.05,26,0.77,-0.0867109161732364
0.05,26,0.78,-0.0869827047411703
0.05,26,0.79,-0.086066548278469
0.05,26,0.8,-0.0897387575013149
0.05,26,0.81,-0.0920818088050534
0.05,26,0.82,-0.0880225233299621
0.05,26,0.83,-0.0939786604751091
0.05,26,0.84,-0.0846131955337985
0.05,26,0.85,-0.0950373960511639
0.05,26,0.86,-0.0897347343496614
0.05,26,0.87,-0.0922192742236368
0.05,26,0.88,-0.0909870970889514
0.05,26,0.89,-0.0942206270154345
0.05,26,0.9,-0.0899128072362137
0.05,26,0.91,-0.0923701065686806
0.05,26,0.92,-0.0958500049275976
0.05,26,0.93,-0.0948794657458516
0.05,26,0.94,-0.0947839116828865
0.05,26,0.95,-0.097319354822255
0.05,26,0.96,-0.0933186861760977
0.05,26,0.97,-0.0979036473453557
0.05,26,0.98,-0.0937656432708552
0.05,26,0.99,-0.0960634985443591
0.05,26,1.0,-0.1000084943995078
0.05,27,0.01,-0.0002569184138405
0.05,27,0.02,-0.0002810293594158
0.05,27,0.03,-0.0003414249335551
0.05,27,0.04,-0.0004891684752339
0.05,27,0.05,-0.0007785639902175
0.05,27,0.06,-0.0012853989166216
0.05,27,0.07,-0.0020099181871856
0.05,27,0.08,-0.0030219040705249
0.05,27,0.09,-0.0040569840569982
0.05,27,0.1,-0.0053596449017939
0.05,27,0.11,-0.007239747763019
0.05,27,0.12,-0.0090359477796241
0.05,27,0.13,-0.0103171519218472
0.05,27,0.14,-0.0125069931568557
0.05,27,0.15,-0.0148257014046372
0.05,27,0.16,-0.0178702692323819
0.05,27,0.17,-0.018010044883154
0.05,27,0.18,-0.0219806055555644
0.05,27,0.19,-0.0244268610822253
0.05,27,0.2,-0.0246244766124264
0.05,27,0.21,-0.0282654039505152
0.05,27,0.22,-0.0298494830252824
0.05,27,0.23,-0.0347605717722563
0.05,27,0.24,-0.0340854118856519
0.05,27,0.25,-0.0385885698638661
0.05,27,0.26,-0.035477624116619
0.05,27,0.27,-0.0423239062536909
0.05,27,0.28,-0.0436830163235071
0.05,27,0.29,-0.0463596746568752
0.05,27,0.3,-0.0474244876370554
0.05,27,0.31,-0.0448290741166498
0.05,27,0.32,-0.0488554258512674
0.05,27,0.33,-0.0520271035327845
0.05,27,0.34,-0.0490876685792388
0.05,27,0.35,-0.0549258013476148
0.05,27,0.36,-0.0600096093231939
0.05,27,0.37,-0.0583953726245208
0.05,27,0.38,-0.0627683462507851
0.05,27,0.39,-0.0585854199475411
0.05,27,0.4,-0.0606861955502228
0.05,27,0.41,-0.0651936824956739
0.05,27,0.42,-0.0635871942270303
0.05,27,0.43,-0.0731328332632983
0.05,27,0.44,-0.0677883598439632
0.05,27,0.45,-0.0657443005331799
0.05,27,0.46,-0.070089488348088
0.05,27,0.47,-0.0696607839481296
0.05,27,0.48,-0.0724529284675016
0.05,27,0.49,-0.074881746780965
0.05,27,0.5,-0.0730444565874795
0.05,27,0.51,-0.0750127855426894
0.05,27,0.52,-0.0773951027676127
0.05,27,0.53,-0.0773268147314755
0.05,27,0.54,-0.0746161283805433
0.05,27,0.55,-0.0757628712674551
0.05,27,0.56,-0.0736432389842897
0.05,27,0.57,-0.0757179679396678
0.05,27,0.58,-0.0772223649262623
0.05,27,0.59,-0.0833811075554785
0.05,27,0.6,-0.0789738394517968
0.05,27,0.61,-0.080739349439948
0.05,27,0.62,-0.0838898219061084
0.05,27,0.63,-0.0742745670993388
0.05,27,0.64,-0.0755572538809036
0.05,27,0.65,-0.0838796064521676
0.05,27,0.66,-0.0852014514634873
0.05,27,0.67,-0.0825485891964862
0.05,27,0.68,-0.085212756909726
0.05,27,0.69,-0.0804196931072881
0.05,27,0.7,-0.0845273209853412
0.05,27,0.71,-0.0872171523985285
0.05,27,0.72,-0.0891176957763612
0.05,27,0.73,-0.0863944416292519
0.05,27,0.74,-0.0891175344965822
0.05,27,0.75,-0.0880918364637413
0.05,27,0.76,-0.091299426229163
0.05,27,0.77,-0.0870334865143425
0.05,27,0.78,-0.0905947863568199
0.05,27,0.79,-0.0920164016999735
0.05,27,0.8,-0.086002722610036
0.05,27,0.81,-0.0858561088047393
0.05,27,0.82,-0.0925869060509775
0.05,27,0.83,-0.0932284423261365
0.05,27,0.84,-0.0909493662315963
0.05,27,0.85,-0.0901713416413859
0.05,27,0.86,-0.0874815287554887
0.05,27,0.87,-0.0869493291097031
0.05,27,0.88,-0.0930132860788737
0.05,27,0.89,-0.0933415634547731
0.05,27,0.9,-0.0932180831827573
0.05,27,0.91,-0.0950655001034774
0.05,27,0.92,-0.096543956695456
0.05,27,0.93,-0.0964617078113241
0.05,27,0.94,-0.087774171749029
0.05,27,0.95,-0.1008002513138801
0.05,27,0.96,-0.093450931482717
0.05,27,0.97,-0.0921952476777016
0.05,27,0.98,-0.0954446248437428
0.05,27,0.99,-0.0995180474678903
0.05,27,1.0,-0.1001242964847272
0.05,28,0.01,-0.0007866943624283
0.05,28,0.02,-0.0008788198416575
0.05,28,0.03,-0.0010663722727968
0.05,28,0.04,-0.0014017578244592
0.05,28,0.05,-0.0019729027519297
0.05,28,0.06,-0.0027122710558323
0.05,28,0.07,-0.0036968789552627
0.05,28,0.08,-0.0049150370736864
0.05,28,0.09,-0.0064961523923552
0.05,28,0.1,-0.0079894133191818
0.05,28,0.11,-0.0101152592860425
0.05,28,0.12,-0.0116893095858665
0.05,28,0.13,-0.0141424451435565
0.05,28,0.14,-0.0164080250580081
0.05,28,0.15,-0.0192857190802172
0.05,28,0.16,-0.0195843903587646
0.05,28,0.17,-0.022039856181567
0.05,28,0.18,-0.0241375754037849
0.05,28,0.19,-0.0273801166674299
0.05,28,0.2,-0.0310747165963512
0.05,28,0.21,-0.0324330707068031
0.05,28,0.22,-0.0366095356171916
0.05,28,0.23,-0.0358049840851406
0.05,28,0.24,-0.0377866064162638
0.05,28,0.25,-0.0427965627467918
0.05,28,0.26,-0.0459481544425726
0.05,28,0.27,-0.0446823693061644
0.05,28,0.28,-0.0496680823641852
0.05,28,0.29,-0.0501348792684278
0.05,28,0.3,-0.049070130991217
0.05,28,0.31,-0.0521876095224169
0.05,28,0.32,-0.0523948001367294
0.05,28,0.33,-0.0572690932485259
0.05,28,0.34,-0.0587820211961992
0.05,28,0.35,-0.0578595231123247
0.05,28,0.36,-0.0602636363157697
0.05,28,0.37,-0.0622912795034337
0.05,28,0.38,-0.0643034781814936
0.05,28,0.39,-0.0647942396735421
0.05,28,0.4,-0.0663213083254301
0.05,28,0.41,-0.0661685099455095
0.05,28,0.42,-0.0675729254578575
0.05,28,0.43,-0.0702860435206089
0.05,28,0.44,-0.0678619679540881
0.05,28,0.45,-0.0705426031587634
0.05,28,0.46,-0.0695968332502521
0.05,28,0.47,-0.0721062390932141
0.05,28,0.48,-0.070282715157242
0.05,28,0.49,-0.0751681621925327
0.05,28,0.5,-0.0703674761397512
0.05,28,0.51,-0.0778226791964151
0.05,28,0.52,-0.0746798915377663
0.05,28,0.53,-0.0758189879653544
0.05,28,0.54,-0.0798271724607022
0.05,28,0.55,-0.0793579004062447
0.05,28,0.56,-0.080832064450376
0.05,28,0.57,-0.0779566724749921
0.05,28,0.58,-0.0827373999804423
0.05,28,0.59,-0.0791733391357053
0.05,28,0.6,-0.0767108325233753
0.05,28,0.61,-0.0811121787803754
0.05,28,0.62,-0.0853169936492684
0.05,28,0.63,-0.0855123771251864
0.05,28,0.64,-0.0852338186820985
0.05,28,0.65,-0.0865251175420163
0.05,28,0.66,-0.0833898153550278
0.05,28,0.67,-0.0798878900232542
0.05,28,0.68,-0.0883534754798304
0.05,28,0.69,-0.0816260020560436
0.05,28,0.7,-0.0858049043335837
0.05,28,0.71,-0.0875093754038224
0.05,28,0.72,-0.0825471713671328
0.05,28,0.73,-0.0862025080654154
0.05,28,0.74,-0.0927193791418675
0.05,28,0.75,-0.085882298759689
0.05,28,0.76,-0.0830630475440586
0.05,28,0.77,-0.0903829462357429
0.05,28,0.78,-0.0945118578500181
0.05,28,0.79,-0.085750347835599
0.05,28,0.8,-0.0954245593088286
0.05,28,0.81,-0.0907439389699575
0.05,28,0.82,-0.095024394091098
0.05,28,0.83,-0.0924822785600306
0.05,28,0.84,-0.0963304977697902
0.05,28,0.85,-0.0970997582585885
0.05,28,0.86,-0.0942806842019091
0.05,28,0.87,-0.0922578383953787
0.05,28,0.88,-0.0960864187814612
0.05,28,0.89,-0.1007692589670603
0.05,28,0.9,-0.0949952650333633
0.05,28,0.91,-0.0932965541688355
0.05,28,0.92,-0.0998917763140461
0.05,28,0.93,-0.0964202684224282
0.05,28,0.94,-0.0940080870113544
0.05,28,0.95,-0.0981232275107397
0.05,28,0.96,-0.0964927683484601
0.05,28,0.97,-0.0961004487424027
0.05,28,0.98,-0.0989972634005608
0.05,28,0.99,-0.0957216990503487
0.05,28,1.0,-0.0999410422973019
0.05,29,0.01,-0.0015503502367675
0.05,29,0.02,-0.0016579198690581
0.05,29,0.03,-0.001871104662258
0.05,29,0.04,-0.0022183504000548
0.05,29,0.05,-0.0027351026469688
0.05,29,0.06,-0.0034634936018883
0.05,29,0.07,-0.0043683862300578
0.05,29,0.08,-0.0053927469508427
0.05,29,0.09,-0.0067943585718266
0.05,29,0.1,-0.0078890353411764
0.05,29,0.11,-0.0099509108354312
0.05,29,0.12,-0.0108129612218233
0.05,29,0.13,-0.0135486312658675
0.05,29,0.14,-0.015240156562991
0.05,29,0.15,-0.0184289114479269
0.05,29,0.16,-0.0194106919640819
0.05,29,0.17,-0.0212356548769641
0.05,29,0.18,-0.025303636753078
0.05,29,0.19,-0.0262527163576358
0.05,29,0.2,-0.0277500734777971
0.05,29,0.21,-0.0301346762125609
0.05,29,0.22,-0.0332959900580305
0.05,29,0.23,-0.0351317943447035
0.05,29,0.24,-0.0355700369231329
0.05,29,0.25,-0.0398248446428387
0.05,29,0.26,-0.0395277332219308
0.05,29,0.27,-0.0435454819971772
0.05,29,0.28,-0.0449166669571717
0.05,29,0.29,-0.0492077309617157
0.05,29,0.3,-0.0497829955800369
0.05,29,0.31,-0.0513689268473754
0.05,29,0.32,-0.0513253617605898
0.05,29,0.33,-0.0550095751385978
0.05,29,0.34,-0.0515543006362458
0.05,29,0.35,-0.054688196322443
0.05,29,0.36,-0.0530792141309135
0.05,29,0.37,-0.0583298996811258
0.05,29,0.38,-0.060366967253054
0.05,29,0.39,-0.0600301281202511
0.05,29,0.4,-0.0640046235791005
0.05,29,0.41,-0.0679971515806769
0.05,29,0.42,-0.0681179266896828
0.05,29,0.43,-0.0641999827055036
0.05,29,0.44,-0.065496026788506
0.05,29,0.45,-0.0639150154811793
0.05,29,0.46,-0.0688585732114977
0.05,29,0.47,-0.0720302108691745
0.05,29,0.48,-0.0714099091825659
0.05,29,0.49,-0.0720978803508089
0.05,29,0.5,-0.0745225504196337
0.05,29,0.51,-0.0674293385707449
0.05,29,0.52,-0.0721484389457059
0.05,29,0.53,-0.0736049221139617
0.05,29,0.54,-0.0724543924224913
0.05,29,0.55,-0.0768385142181599
0.05,29,0.56,-0.080384186883415
0.05,29,0.57,-0.0776547194879216
0.05,29,0.58,-0.08088849109992
0.05,29,0.59,-0.0824067656200828
0.05,29,0.6,-0.0808067744460198
0.05,29,0.61,-0.0832114933702408
0.05,29,0.62,-0.0786819587265273
0.05,29,0.63,-0.0823594712318985
0.05,29,0.64,-0.0810630694948357
0.05,29,0.65,-0.0801328013279854
0.05,29,0.66,-0.0838752507192955
0.05,29,0.67,-0.0823242218030803
0.05,29,0.68,-0.0847473749942294
0.05,29,0.69,-0.0855129648937695
0.05,29,0.7,-0.0886261209782375
0.05,29,0.71,-0.0921947380115946
0.05,29,0.72,-0.0881356758294775
0.05,29,0.73,-0.0855116740120917
0.05,29,0.74,-0.0873257045229357
0.05,29,0.75,-0.0877404761253279
0.05,29,0.76,-0.0884736352459027
0.05,29,0.77,-0.0905310282737004
0.05,29,0.78,-0.0925095771457928
0.05,29,0.79,-0.0896171652082368
0.05,29,0.8,-0.0874239186388879
0.05,29,0.81,-0.0869892038678997
0.05,29,0.82,-0.0933604260203295
0.05,29,0.83,-0.0961765302414889
0.05,29,0.84,-0.0873436834805896
0.05,29,0.85,-0.0963322307482165
0.05,29,0.86,-0.0908753439786541
0.05,29,0.87,-0.092194121936644
0.05,29,0.88,-0.0969756451461579
0.05,29,0.89,-0.0985470237500464
0.05,29,0.9,-0.0947918313114571
0.05,29,0.91,-0.0955118621659497
0.05,29,0.92,-0.0994974934641402
0.05,29,0.93,-0.0975758287185858
0.05,29,0.94,-0.0939191714812909
0.05,29,0.95,-0.0978322208359957
0.05,29,0.96,-0.0968418186186739
0.05,29,0.97,-0.1001048498794253
0.05,29,0.98,-0.1017052782742468
0.05,29,0.99,-0.1032303077714475
0.05,29,1.0,-0.0992011187520089
0.15,0,0.01,-0.000233293853677
0.15,0,0.02,-0.0003591842765741
0.15,0,0.03,-0.0007087091769834
0.15,0,0.04,-0.0014358915066701
0.15,0,0.05,-0.002563263252839
0.15,0,0.06,-0.0041766000270127
0.15,0,0.07,-0.0061018665642627
0.15,0,0.08,-0.0077320001325076
0.15,0,0.09,-0.0113325341608558
0.15,0,0.1,-0.0158989108926025
0.15,0,0.11,-0.0192022619354896
0.15,0,0.12,-0.0223200967229113
0.15,0,0.13,-0.0246735143877664
0.15,0,0.14,-0.0307773820056785
0.15,0,0.15,-0.0367856134266129
0.15,0,0.16,-0.0410209047527695
0.15,0,0.17,-0.0452742579128266
0.15,0,0.18,-0.0485078956150116
0.15,0,0.19,-0.0528489933021047
0.15,0,0.2,-0.0550578848403083
0.15,0,0.21,-0.0607810216333252
0.15,0,0.22,-0.0572555157089823
0.15,0,0.23,-0.0697110712435379
0.15,0,0.24,-0.0740545828032319
0.15,0,0.25,-0.079764112632633
0.15,0,0.26,-0.0851597677801013
0.15,0,0.27,-0.0833213792624822
0.15,0,0.28,-0.0872471382714777
0.15,0,0.29,-0.0928583245702222
0.15,0,0.3,-0.0947722262595872
0.15,0,0.31,-0.0985061019330804
0.15,0,0.32,-0.1022666009343876
0.15,0,0.33,-0.0909554408016867
0.15,0,0.34,-0.1043477338704456
0.15,0,0.35,-0.0995310549460835
0.15,0,0.36,-0.1001764948965374
0.15,0,0.37,-0.1029123980903835
0.15,0,0.38,-0.1064895727662753
0.15,0,0.39,-0.1077796458952449
0.15,0,0.4,-0.1126951813750599
0.15,0,0.41,-0.1099012273135923
0.15,0,0.42,-0.1077913640514127
0.15,0,0.43,-0.115268420212468
0.15,0,0.44,-0.1109201276995091
0.15,0,0.45,-0.1146971535708417
0.15,0,0.46,-0.1096808878404661
0.15,0,0.47,-0.1112902791077776
0.15,0,0.48,-0.111224445319179
0.15,0,0.49,-0.1154314742827584
0.15,0,0.5,-0.1128846866248756
0.15,0,0.51,-0.1117239376352516
0.15,0,0.52,-0.1182607764640637
0.15,0,0.53,-0.1192580726862151
0.15,0,0.54,-0.1184118426853427
0.15,0,0.55,-0.1213447342059446
0.15,0,0.56,-0.1241532076698242
0.15,0,0.57,-0.1196693167276657
0.15,0,0.58,-0.1129858935407752
0.15,0,0.59,-0.1177903680000513
0.15,0,0.6,-0.1231011341715091
0.15,0,0.61,-0.1198210327259073
0.15,0,0.62,-0.1244740132545497
0.15,0,0.63,-0.1233533856516021
0.15,0,0.64,-0.1211976732133848
0.15,0,0.65,-0.124170375318239
0.15,0,0.66,-0.121036287210744
0.15,0,0.67,-0.1225573014559704
0.15,0,0.68,-0.123596771403236
0.15,0,0.69,-0.1300338233247405
0.15,0,0.7,-0.1234637513188223
0.15,0,0.71,-0.1278010240989295
0.15,0,0.72,-0.1245622862688078
0.15,0,0.73,-0.1254022503566854
0.15,0,0.74,-0.1245958883213778
0.15,0,0.75,-0.1253805486857234
0.15,0,0.76,-0.1241693807161952
0.15,0,0.77,-0.126724955803272
0.15,0,0.78,-0.1282287338845337
0.15,0,0.79,-0.1278744394385718
0.15,0,0.8,-0.1243433495528779
0.15,0,0.81,-0.1271496949873128
0.15,0,0.82,-0.1212992409781951
0.15,0,0.83,-0.1261706066111927
0.15,0,0.84,-0.1302819056919662
0.15,0,0.85,-0.1274066198471485
0.15,0,0.86,-0.1289201879751282
0.15,0,0.87,-0.1283891648853913
0.15,0,0.88,-0.1252439696667533
0.15,0,0.89,-0.1292895874919983
0.15,0,0.9,-0.1290031178779465
0.15,0,0.91,-0.1302014144296811
0.15,0,0.92,-0.127393980195927
0.15,0,0.93,-0.1298375214122801
0.15,0,0.94,-0.1359282476914594
0.15,0,0.95,-0.1330896649239234
0.15,0,0.96,-0.1313650327182727
0.15,0,0.97,-0.1332391812703058
0.15,0,0.98,-0.1318101120715446
0.15,0,0.99,-0.1324034487202795
0.15,0,1.0,-0.1346055011480542
0.15,1,0.01,-0.0001923394399585
0.15,1,0.02,-0.0002679897192722
0.15,1,0.03,-0.0004700509586941
0.15,1,0.04,-0.0009893595749307
0.15,1,0.05,-0.0018063684909619
0.15,1,0.06,-0.0030121609684234
0.15,1,0.07,-0.0045515887584929
0.15,1,0.08,-0.0062631371495315
0.15,1,0.09,-0.0085286764830493
0.15,1,0.1,-0.0105966408387496
0.15,1,0.11,-0.0136358982283797
0.15,1,0.12,-0.0188312921448934
0.15,1,0.13,-0.0189493635988544
0.15,1,0.14,-0.0239351946971021
0.15,1,0.15,-0.0241267120253053
0.15,1,0.16,-0.0332165226364817
0.15,1,0.17,-0.0354027989999501
0.15,1,0.18,-0.0437450793925051
0.15,1,0.19,-0.0478972582934424
0.15,1,0.2,-0.0525245938579291
0.15,1,0.21,-0.0524717032783717
0.15,1,0.22,-0.05847839845215
0.15,1,0.23,-0.0627762767253257
0.15,1,0.24,-0.0707056024731632
0.15,1,0.25,-0.0700431085125136
0.15,1,0.26,-0.0732976104787089
0.15,1,0.27,-0.085704877616307
0.15,1,0.28,-0.0841382786383783
0.15,1,0.29,-0.0803528358197201
0.15,1,0.3,-0.0909207976687708
0.15,1,0.31,-0.0934409276861178
0.15,1,0.32,-0.0961537808500098
0.15,1,0.33,-0.0972787180047872
0.15,1,0.34,-0.1004196590793752
0.15,1,0.35,-0.0966793371019502
0.15,1,0.36,-0.1084815914110689
0.15,1,0.37,-0.1132591082159569
0.15,1,0.38,-0.1130076443516578
0.15,1,0.39,-0.1047234901167358
0.15,1,0.4,-0.1108605739358307
0.15,1,0.41,-0.1125431822077642
0.15,1,0.42,-0.1140345267708066
0.15,1,0.43,-0.1115907852636007
0.15,1,0.44,-0.1171574876088639
0.15,1,0.45,-0.1176274042680791
0.15,1,0.46,-0.1135658168264291
0.15,1,0.47,-0.1167106150584171
0.15,1,0.48,-0.1165043930872841
0.15,1,0.49,-0.1216831080280426
0.15,1,0.5,-0.1195049630938347
0.15,1,0.51,-0.119560441492755
0.15,1,0.52,-0.120844353165928
0.15,1,0.53,-0.1169123676303367
0.15,1,0.54,-0.1187389071357972
0.15,1,0.55,-0.1236495174081653
0.15,1,0.56,-0.1224826110384997
0.15,1,0.57,-0.1189618741371574
0.15,1,0.58,-0.1195240524931338
0.15,1,0.59,-0.1222035778370591
0.15,1,0.6,-0.1219729303902543
0.15,1,0.61,-0.1217748443654919
0.15,1,0.62,-0.1275810986389069
0.15,1,0.63,-0.1280924588968196
0.15,1,0.64,-0.1150958175063256
0.15,1,0.65,-0.1239190925046404
0.15,1,0.66,-0.1258419289591452
0.15,1,0.67,-0.1202016044307224
0.15,1,0.68,-0.1247569533875936
0.15,1,0.69,-0.1209141787271586
0.15,1,0.7,-0.1233671124133325
0.15,1,0.71,-0.1298196976145075
0.15,1,0.72,-0.1298582551239486
0.15,1,0.73,-0.1227578468317602
0.15,1,0.74,-0.1255809424954365
0.15,1,0.75,-0.1265286655643472
0.15,1,0.76,-0.1261900118788198
0.15,1,0.77,-0.1261218051825242
0.15,1,0.78,-0.1268936652899756
0.15,1,0.79,-0.1300023198785495
0.15,1,0.8,-0.1290282354165362
0.15,1,0.81,-0.1237481409160865
0.15,1,0.82,-0.127110154470748
0.15,1,0.83,-0.1326107658291806
0.15,1,0.84,-0.1320091291500809
0.15,1,0.85,-0.1303985186422119
0.15,1,0.86,-0.1315782945233024
0.15,1,0.87,-0.130004384235166
0.15,1,0.88,-0.1329333389372152
0.15,1,0.89,-0.1304505181610033
0.15,1,0.9,-0.1343556831526237
0.15,1,0.91,-0.1295563341761244
0.15,1,0.92,-0.1307036320590343
0.15,1,0.93,-0.1307037192559057
0.15,1,0.94,-0.1333843206070132
0.15,1,0.95,-0.1347606226063745
0.15,1,0.96,-0.133200612479293
0.15,1,0.97,-0.1308458688902961
0.15,1,0.98,-0.1318318615486186
0.15,1,0.99,-0.1315901103534098
0.15,1,1.0,-0.1357142488328259
0.15,2,0.01,-0.0003860159124844
0.15,2,0.02,-0.0005322891121562
0.15,2,0.03,-0.0009313211333362
0.15,2,0.04,-0.0016275664469884
0.15,2,0.05,-0.0028089683219894
0.15,2,0.06,-0.0045033043912587
0.15,2,0.07,-0.0066713749185011
0.15,2,0.08,-0.0091814001926292
0.15,2,0.09,-0.0104057267181703
0.15,2,0.1,-0.0143044915648215
0.15,2,0.11,-0.0179620807829355
0.15,2,0.12,-0.0207179963986425
0.15,2,0.13,-0.027718847021147
0.15,2,0.14,-0.0307027280161989
0.15,2,0.15,-0.0346443410977452
0.15,2,0.16,-0.0385021471359744
0.15,2,0.17,-0.0388650797671763
0.15,2,0.18,-0.0449134625368053
0.15,2,0.19,-0.0546053032909148
0.15,2,0.2,-0.0568424281204783
0.15,2,0.21,-0.0606876718860938
0.15,2,0.22,-0.0669280607888105
0.15,2,0.23,-0.0662182539714426
0.15,2,0.24,-0.0777692063877961
0.15,2,0.25,-0.0780594439858431
0.15,2,0.26,-0.0825203431538801
0.15,2,0.27,-0.0866042943656785
0.15,2,0.28,-0.0907643632847384
0.15,2,0.29,-0.0909698988365691
0.15,2,0.3,-0.086172674313383
0.15,2,0.31,-0.0933052629966936
0.15,2,0.32,-0.0977751447957546
0.15,2,0.33,-0.103911366714092
0.15,2,0.34,-0.1001952088568871
0.15,2,0.35,-0.1066874592045432
0.15,2,0.36,-0.1074595163564619
0.15,2,0.37,-0.1065192984998233
0.15,2,0.38,-0.1104530128764069
0.15,2,0.39,-0.1093281073780083
0.15,2,0.4,-0.1007299464196189
0.15,2,0.41,-0.106260922776656
0.15,2,0.42,-0.1092500797052555
0.15,2,0.43,-0.1128689219477689
0.15,2,0.44,-0.1118054522450951
0.15,2,0.45,-0.1120456201490635
0.15,2,0.46,-0.1155755914834775
0.15,2,0.47,-0.1154042204679469
0.15,2,0.48,-0.1149939293658395
0.15,2,0.49,-0.1160908158541738
0.15,2,0.5,-0.1198329824742898
0.15,2,0.51,-0.1200253320738238
0.15,2,0.52,-0.1187369446577675
0.15,2,0.53,-0.1170654097148181
0.15,2,0.54,-0.1178962945929736
0.15,2,0.55,-0.1218175108986622
0.15,2,0.56,-0.1196730500939636
0.15,2,0.57,-0.1184227999694974
0.15,2,0.58,-0.1190850628452197
0.15,2,0.59,-0.1195513958012855
0.15,2,0.6,-0.1238306662134158
0.15,2,0.61,-0.1213825447696984
0.15,2,0.62,-0.1193321488132247
0.15,2,0.63,-0.1246857028263403
0.15,2,0.64,-0.1220914897283356
0.15,2,0.65,-0.1220114738824988
0.15,2,0.66,-0.1234179268769311
0.15,2,0.67,-0.1245044390827391
0.15,2,0.68,-0.1243738800364405
0.15,2,0.69,-0.1220771986542178
0.15,2,0.7,-0.1185791822942891
0.15,2,0.71,-0.1239091606171443
0.15,2,0.72,-0.1256326644032258
0.15,2,0.73,-0.1251587029553981
0.15,2,0.74,-0.1285843119314886
0.15,2,0.75,-0.1255035111576449
0.15,2,0.76,-0.125445100587071
0.15,2,0.77,-0.1281436438514827
0.15,2,0.78,-0.1255117996610118
0.15,2,0.79,-0.126267721870185
0.15,2,0.8,-0.1307923726143933
0.15,2,0.81,-0.1273545712492432
0.15,2,0.82,-0.1303943270086211
0.15,2,0.83,-0.1320081165145875
0.15,2,0.84,-0.1330253590136842
0.15,2,0.85,-0.1301785121793169
0.15,2,0.86,-0.1263845959374172
0.15,2,0.87,-0.1327399117527473
0.15,2,0.88,-0.128994070749089
0.15,2,0.89,-0.1298102715117397
0.15,2,0.9,-0.1319490187458594
0.15,2,0.91,-0.1323995103279579
0.15,2,0.92,-0.133380666294374
0.15,2,0.93,-0.133220723913402
0.15,2,0.94,-0.1311510538804407
0.15,2,0.95,-0.1295631274442789
0.15,2,0.96,-0.1331319553695459
0.15,2,0.97,-0.1330900816532477
0.15,2,0.98,-0.1319310677065641
0.15,2,0.99,-0.1253167717989962
0.15,2,1.0,-0.1331519299244854
0.15,3,0.01,-0.0007856195934408
0.15,3,0.02,-0.000933218985933
0.15,3,0.03,-0.001262515500365
0.15,3,0.04,-0.0018368582194907
0.15,3,0.05,-0.0027531630190347
0.15,3,0.06,-0.0040009519098302
0.15,3,0.07,-0.0056492668957
0.15,3,0.08,-0.0075704420584858
0.15,3,0.09,-0.0099401960075255
0.15,3,0.1,-0.0119146309886977
0.15,3,0.11,-0.0150789432613167
0.15,3,0.12,-0.0177241292188876
0.15,3,0.13,-0.0213850178254209
0.15,3,0.14,-0.0239054329096305
0.15,3,0.15,-0.0276874511311388
0.15,3,0.16,-0.0342746356407024
0.15,3,0.17,-0.0354453324072054
0.15,3,0.18,-0.0383888256764732
0.15,3,0.19,-0.0437164894659191
0.15,3,0.2,-0.0506934402658459
0.15,3,0.21,-0.0565045368997752
0.15,3,0.22,-0.0574671472373398
0.15,3,0.23,-0.0619562741777639
0.15,3,0.24,-0.0618890398647207
0.15,3,0.25,-0.0701292543822498
0.15,3,0.26,-0.0687572769670508
0.15,3,0.27,-0.0722060132436502
0.15,3,0.28,-0.0759294799417611
0.15,3,0.29,-0.0790790142914588
0.15,3,0.3,-0.0839950153582973
0.15,3,0.31,-0.0850597750222042
0.15,3,0.32,-0.0930570429259441
0.15,3,0.33,-0.0942304433881598
0.15,3,0.34,-0.0996099075558308
0.15,3,0.35,-0.1002561719571565
0.15,3,0.36,-0.0999850288225132
0.15,3,0.37,-0.1032827061774623
0.15,3,0.38,-0.099823437975057
0.15,3,0.39,-0.1123945154864812
0.15,3,0.4,-0.1071460276001561
0.15,3,0.41,-0.1111657658184742
0.15,3,0.42,-0.1058900047468294
0.15,3,0.43,-0.1056702894730673
0.15,3,0.44,-0.108753267856148
0.15,3,0.45,-0.1146876997146843
0.15,3,0.46,-0.1148818439865467
0.15,3,0.47,-0.1102009460758288
0.15,3,0.48,-0.1181605979341775
0.15,3,0.49,-0.1168911250359354
0.15,3,0.5,-0.1176246827319421
0.15,3,0.51,-0.1169933654369038
0.15,3,0.52,-0.1225542610248352
0.15,3,0.53,-0.1172386932718768
0.15,3,0.54,-0.1183252091901871
0.15,3,0.55,-0.1231136816862
0.15,3,0.56,-0.1169859400715666
0.15,3,0.57,-0.122212012679852
0.15,3,0.58,-0.1217507605048249
0.15,3,0.59,-0.1242151870057537
0.15,3,0.6,-0.1201285350297405
0.15,3,0.61,-0.1239480434030623
0.15,3,0.62,-0.1250018903905221
0.15,3,0.63,-0.1235359974602027
0.15,3,0.64,-0.12276054517287
0.15,3,0.65,-0.1262646569971788
0.15,3,0.66,-0.1255794924686459
0.15,3,0.67,-0.1198038189411557
0.15,3,0.68,-0.1208175273198733
0.15,3,0.69,-0.1253170173334611
0.15,3,0.7,-0.1269544966463059
0.15,3,0.71,-0.1274745680935056
0.15,3,0.72,-0.128090563661655
0.15,3,0.73,-0.121360079259093
0.15,3,0.74,-0.1294177469408669
0.15,3,0.75,-0.1297882012114686
0.15,3,0.76,-0.1286884942153203
0.15,3,0.77,-0.1309223123658007
0.15,3,0.78,-0.128760326461064
0.15,3,0.79,-0.1291670509334618
0.15,3,0.8,-0.1292306762104259
0.15,3,0.81,-0.1276961824504003
0.15,3,0.82,-0.1293787745926085
0.15,3,0.83,-0.1308766858008108
0.15,3,0.84,-0.1269377259118743
0.15,3,0.85,-0.1296347384258178
0.15,3,0.86,-0.1305098039592271
0.15,3,0.87,-0.1293364281751115
0.15,3,0.88,-0.1290060671737861
0.15,3,0.89,-0.1329316677264361
0.15,3,0.9,-0.1339121870020614
0.15,3,0.91,-0.1352300183890445
0.15,3,0.92,-0.1308443410040724
0.15,3,0.93,-0.1362302428149585
0.15,3,0.94,-0.1324234493983924
0.15,3,0.95,-0.1321689012321974
0.15,3,0.96,-0.1319980388706867
0.15,3,0.97,-0.133831754509119
0.15,3,0.98,-0.135421849455034
0.15,3,0.99,-0.1348229112269043
0.15,3,1.0,-0.1319324333608251
0.15,4,0.01,-0.0007048607642676
0.15,4,0.02,-0.0008496247341514
0.15,4,0.03,-0.0011831669266987
0.15,4,0.04,-0.0018006878646826
0.15,4,0.05,-0.0027620000646968
0.15,4,0.06,-0.0041429009296275
0.15,4,0.07,-0.0059097946236458
0.15,4,0.08,-0.0073230180783357
0.15,4,0.09,-0.0104801861079956
0.15,4,0.1,-0.012720938405645
0.15,4,0.11,-0.0170658051669452
0.15,4,0.12,-0.0192677212335081
0.15,4,0.13,-0.02427445183214
0.15,4,0.14,-0.0273631681646439
0.15,4,0.15,-0.0312108039251731
0.15,4,0.16,-0.0316101019667621
0.15,4,0.17,-0.0403807781054256
0.15,4,0.18,-0.0417524828987836
0.15,4,0.19,-0.0459798480457851
0.15,4,0.2,-0.0469444288600165
0.15,4,0.21,-0.0576831954017711
0.15,4,0.22,-0.061425533848491
0.15,4,0.23,-0.0639091496512036
0.15,4,0.24,-0.0726792479635026
0.15,4,0.25,-0.0752765505997008
0.15,4,0.26,-0.076733447659011
0.15,4,0.27,-0.0797974249894613
0.15,4,0.28,-0.085109897435097
0.15,4,0.29,-0.0861113441968064
0.15,4,0.3,-0.0904013131428591
0.15,4,0.31,-0.0896265574547688
0.15,4,0.32,-0.0920132753951969
0.15,4,0.33,-0.0978252196461173
0.15,4,0.34,-0.0905479354486943
0.15,4,0.35,-0.1041264038735246
0.15,4,0.36,-0.1057009730871429
0.15,4,0.37,-0.1047092942693783
0.15,4,0.38,-0.1103700019181516
0.15,4,0.39,-0.1104468802049335
0.15,4,0.4,-0.1114164916499499
0.15,4,0.41,-0.1101205192873605
0.15,4,0.42,-0.114412297127145
0.15,4,0.43,-0.111963671811014
0.15,4,0.44,-0.1062854981697666
0.15,4,0.45,-0.1084018153180831
0.15,4,0.46,-0.1168860965563383
0.15,4,0.47,-0.1162397245694619
0.15,4,0.48,-0.1171583764135976
0.15,4,0.49,-0.1129841878951702
0.15,4,0.5,-0.1138777448475443
0.15,4,0.51,-0.1188589940242102
0.15,4,0.52,-0.1179852816977334
0.15,4,0.53,-0.1168747837255794
0.15,4,0.54,-0.1176770508203722
0.15,4,0.55,-0.1231565707673229
0.15,4,0.56,-0.1137730076665195
0.15,4,0.57,-0.1218089178624937
0.15,4,0.58,-0.1203651528402511
0.15,4,0.59,-0.1229876445086063
0.15,4,0.6,-0.1207711359930131
0.15,4,0.61,-0.126747537702012
0.15,4,0.62,-0.124500550485575
0.15,4,0.63,-0.116899193268494
0.15,4,0.64,-0.1256807932638751
0.15,4,0.65,-0.1267640207072692
0.15,4,0.66,-0.1230034332224749
0.15,4,0.67,-0.1257085294460158
0.15,4,0.68,-0.1257889737121838
0.15,4,0.69,-0.1260861692150739
0.15,4,0.7,-0.1254007413436324
0.15,4,0.71,-0.1217018486836624
0.15,4,0.72,-0.123202017400681
0.15,4,0.73,-0.1252383997926047
0.15,4,0.74,-0.1248747725777595
0.15,4,0.75,-0.1288715221642091
0.15,4,0.76,-0.1275313542979256
0.15,4,0.77,-0.1297178628169724
0.15,4,0.78,-0.119995094385985
0.15,4,0.79,-0.1299547056379312
0.15,4,0.8,-0.1248084431099995
0.15,4,0.81,-0.1342724992441224
0.15,4,0.82,-0.127208268237883
0.15,4,0.83,-0.128673135828547
0.15,4,0.84,-0.1316325717567018
0.15,4,0.85,-0.1286966630673487
0.15,4,0.86,-0.1313777493669579
0.15,4,0.87,-0.1312953086866171
0.15,4,0.88,-0.1323196045376239
0.15,4,0.89,-0.1312648950254281
0.15,4,0.9,-0.1279386046694334
0.15,4,0.91,-0.1309197240445645
0.15,4,0.92,-0.1282725458750939
0.15,4,0.93,-0.1317763269805237
0.15,4,0.94,-0.1359808022942983
0.15,4,0.95,-0.1366552852353327
0.15,4,0.96,-0.13274218624886
0.15,4,0.97,-0.1290941100721827
0.15,4,0.98,-0.1378812217039453
0.15,4,0.99,-0.1261795390235119
0.15,4,1.0,-0.1374351138846514
0.15,5,0.01,-0.000331732410327
0.15,5,0.02,-0.0004727761327719
0.15,5,0.03,-0.0007994585165593
0.15,5,0.04,-0.0014097999376858
0.15,5,0.05,-0.0023763603104315
0.15,5,0.06,-0.0036677923107166
0.15,5,0.07,-0.0052348922346401
0.15,5,0.08,-0.0076055452101882
0.15,5,0.09,-0.0099498037827789
0.15,5,0.1,-0.012303398585985
0.15,5,0.11,-0.0165130622475837
0.15,5,0.12,-0.0191211075575992
0.15,5,0.13,-0.02160749506203
0.15,5,0.14,-0.0253906073627385
0.15,5,0.15,-0.032538006794002
0.15,5,0.16,-0.0342368426692855
0.15,5,0.17,-0.0338204208988226
0.15,5,0.18,-0.0412865143084177
0.15,5,0.19,-0.0454274691884358
0.15,5,0.2,-0.0526673889458759
0.15,5,0.21,-0.046203276962577
0.15,5,0.22,-0.0607135618700074
0.15,5,0.23,-0.0581074387152461
0.15,5,0.24,-0.0670856523741125
0.15,5,0.25,-0.0716964614768575
0.15,5,0.26,-0.0685889148887126
0.15,5,0.27,-0.0689775629167524
0.15,5,0.28,-0.0861190443693413
0.15,5,0.29,-0.0749506609697756
0.15,5,0.3,-0.0877097405233403
0.15,5,0.31,-0.0843634290981255
0.15,5,0.32,-0.0927634002888878
0.15,5,0.33,-0.0953148697880811
0.15,5,0.34,-0.0966269064594225
0.15,5,0.35,-0.0964065399408437
0.15,5,0.36,-0.0967768182082089
0.15,5,0.37,-0.103075773749601
0.15,5,0.38,-0.1063081275636904
0.15,5,0.39,-0.0987988398659024
0.15,5,0.4,-0.1009564887483997
0.15,5,0.41,-0.1088926971567605
0.15,5,0.42,-0.1007409172466633
0.15,5,0.43,-0.1094035255578962
0.15,5,0.44,-0.1045367015993123
0.15,5,0.45,-0.1087651750604905
0.15,5,0.46,-0.1115362325053465
0.15,5,0.47,-0.1119588573495228
0.15,5,0.48,-0.1038362325079766
0.15,5,0.49,-0.1110292846894077
0.15,5,0.5,-0.1134691520760694
0.15,5,0.51,-0.1136231445511968
0.15,5,0.52,-0.1176547850241088
0.15,5,0.53,-0.1158057642287787
0.15,5,0.54,-0.1126523933061686
0.15,5,0.55,-0.1142581409958564
0.15,5,0.56,-0.1164616364638271
0.15,5,0.57,-0.1158779219892191
0.15,5,0.58,-0.1138221502884977
0.15,5,0.59,-0.1124082183408607
0.15,5,0.6,-0.1154670502312844
0.15,5,0.61,-0.1212104627376066
0.15,5,0.62,-0.1198451228300899
0.15,5,0.63,-0.1175800308851156
0.15,5,0.64,-0.1191664554607095
0.15,5,0.65,-0.1170239037120114
0.15,5,0.66,-0.1192185238538387
0.15,5,0.67,-0.1225693464485337
0.15,5,0.68,-0.1208584263024895
0.15,5,0.69,-0.1215401261467175
0.15,5,0.7,-0.1203702488799604
0.15,5,0.71,-0.1207574095802432
0.15,5,0.72,-0.1222329539973928
0.15,5,0.73,-0.1195743888902654
0.15,5,0.74,-0.1255190880159371
0.15,5,0.75,-0.1219248028711562
0.15,5,0.76,-0.1259281796213424
0.15,5,0.77,-0.1207931684446455
0.15,5,0.78,-0.1221126566171916
0.15,5,0.79,-0.1229411634937203
0.15,5,0.8,-0.1250553451345571
0.15,5,0.81,-0.1272704095917442
0.15,5,0.82,-0.1248016744267446
0.15,5,0.83,-0.1279778291357431
0.15,5,0.84,-0.1284509896155052
0.15,5,0.85,-0.1264209108863844
0.15,5,0.86,-0.1243438799019999
0.15,5,0.87,-0.1274103122959709
0.15,5,0.88,-0.1262347766081265
0.15,5,0.89,-0.12730091057551
0.15,5,0.9,-0.1262288571441069
0.15,5,0.91,-0.1285920162279939
0.15,5,0.92,-0.1276641210754632
0.15,5,0.93,-0.1288689547127653
0.15,5,0.94,-0.1264316973725828
0.15,5,0.95,-0.1239627596094399
0.15,5,0.96,-0.1261993748083974
0.15,5,0.97,-0.1241872238282622
0.15,5,0.98,-0.1295553096156554
0.15,5,0.99,-0.1313391683339085
0.15,5,1.0,-0.1292118617124118
0.15,6,0.01,-0.0004146646993548
0.15,6,0.02,-0.0006150040788313
0.15,6,0.03,-0.0010483987757503
0.15,6,0.04,-0.0017860004050476
0.15,6,0.05,-0.0029620121496599
0.15,6,0.06,-0.0046053122072504
0.15,6,0.07,-0.0064684451392062
0.15,6,0.08,-0.0090119112960719
0.15,6,0.09,-0.0113911589311381
0.15,6,0.1,-0.0154733173733365
0.15,6,0.11,-0.0167283625969517
0.15,6,0.12,-0.0220221022265674
0.15,6,0.13,-0.0238821994020985
0.15,6,0.14,-0.0263259267782086
0.15,6,0.15,-0.0306825143520353
0.15,6,0.16,-0.0369827495145853
0.15,6,0.17,-0.0415046272280843
0.15,6,0.18,-0.043364236065779
0.15,6,0.19,-0.0496680138214051
0.15,6,0.2,-0.0510615000995971
0.15,6,0.21,-0.061885858805102
0.15,6,0.22,-0.0636805430168821
0.15,6,0.23,-0.0684535412543723
0.15,6,0.24,-0.07133754267676
0.15,6,0.25,-0.0772372248242983
0.15,6,0.26,-0.0798300988868478
0.15,6,0.27,-0.084756117763297
0.15,6,0.28,-0.0859149769385924
0.15,6,0.29,-0.0838515045205845
0.15,6,0.3,-0.0859340752653606
0.15,6,0.31,-0.0972215661367876
0.15,6,0.32,-0.1001058363511415
0.15,6,0.33,-0.0994290483197503
0.15,6,0.34,-0.1028847577424921
0.15,6,0.35,-0.1044993475361848
0.15,6,0.36,-0.110843343375527
0.15,6,0.37,-0.1022636486104912
0.15,6,0.38,-0.1049245195162079
0.15,6,0.39,-0.1069251226160444
0.15,6,0.4,-0.1105037443053235
0.15,6,0.41,-0.1073796098177339
0.15,6,0.42,-0.1119778910149506
0.15,6,0.43,-0.1166892581372458
0.15,6,0.44,-0.1189014405089844
0.15,6,0.45,-0.1110841002426705
0.15,6,0.46,-0.1150251058057373
0.15,6,0.47,-0.116975112682343
0.15,6,0.48,-0.1141369652154858
0.15,6,0.49,-0.1173201779854637
0.15,6,0.5,-0.113871354489943
0.15,6,0.51,-0.1182394228026013
0.15,6,0.52,-0.1134289174789481
0.15,6,0.53,-0.1194133378177622
0.15,6,0.54,-0.1171171270932959
0.15,6,0.55,-0.1173996261694344
0.15,6,0.56,-0.1192036506252038
0.15,6,0.57,-0.1181188484164657
0.15,6,0.58,-0.1202270122156316
0.15,6,0.59,-0.1200270282410837
0.15,6,0.6,-0.1206112680747389
0.15,6,0.61,-0.1143732816101944
0.15,6,0.62,-0.1173934902441109
0.15,6,0.63,-0.1187045327272721
0.15,6,0.64,-0.1209377125230651
0.15,6,0.65,-0.1224094141783371
0.15,6,0.66,-0.1210155659290714
0.15,6,0.67,-0.1208713878731741
0.15,6,0.68,-0.1222903743551867
0.15,6,0.69,-0.1279458526868443
0.15,6,0.7,-0.1204085753899504
0.15,6,0.71,-0.1232885814839232
0.15,6,0.72,-0.125205947471949
0.15,6,0.73,-0.1232661055220175
0.15,6,0.74,-0.1288940677747552
0.15,6,0.75,-0.1248560802053994
0.15,6,0.76,-0.1250717441664221
0.15,6,0.77,-0.1252353964595832
0.15,6,0.78,-0.1329663415072604
0.15,6,0.79,-0.12678257833214
0.15,6,0.8,-0.1242747198062987
0.15,6,0.81,-0.1289032598761405
0.15,6,0.82,-0.1270724990795846
0.15,6,0.83,-0.1285776045417293
0.15,6,0.84,-0.1259095002441406
0.15,6,0.85,-0.1295834619931967
0.15,6,0.86,-0.1286770211538541
0.15,6,0.87,-0.1270116701016625
0.15,6,0.88,-0.1282783151075157
0.15,6,0.89,-0.1313726294803999
0.15,6,0.9,-0.1288840066192446
0.15,6,0.91,-0.1345769715043132
0.15,6,0.92,-0.1269262054404089
0.15,6,0.93,-0.1264021732882758
0.15,6,0.94,-0.1353875338936657
0.15,6,0.95,-0.1323849066522277
0.15,6,0.96,-0.1322105098599637
0.15,6,0.97,-0.1342276464197849
0.15,6,0.98,-0.1365238167516866
0.15,6,0.99,-0.1286186983944579
0.15,6,1.0,-0.1287031085359411
0.15,7,0.01,-0.0003261702982391
0.15,7,0.02,-0.0004746298674832
0.15,7,0.03,-0.0008845656647258
0.15,7,0.04,-0.0016599964912613
0.15,7,0.05,-0.0028051075271467
0.15,7,0.06,-0.0044680574047152
0.15,7,0.07,-0.0063343236061188
0.15,7,0.08,-0.0084840950510239
0.15,7,0.09,-0.0112405789161378
0.15,7,0.1,-0.0147020878032278
0.15,7,0.11,-0.0174379861573766
0.15,7,0.12,-0.02228006329796
0.15,7,0.13,-0.0234147534829955
0.15,7,0.14,-0.026962443247419
0.15,7,0.15,-0.0338216593673229
0.15,7,0.16,-0.038256736374017
0.15,7,0.17,-0.0433017190037921
0.15,7,0.18,-0.0464521947317347
0.15,7,0.19,-0.053341303804389
0.15,7,0.2,-0.0535095720055251
0.15,7,0.21,-0.0606761755878722
0.15,7,0.22,-0.0600501516730888
0.15,7,0.23,-0.0652425057989213
0.15,7,0.24,-0.0672308513953182
0.15,7,0.25,-0.07255350151425
0.15,7,0.26,-0.0809337252253519
0.15,7,0.27,-0.0819810246537698
0.15,7,0.28,-0.0861604229007544
0.15,7,0.29,-0.0869168890609105
0.15,7,0.3,-0.0973363399499682
0.15,7,0.31,-0.0973863327458685
0.15,7,0.32,-0.1028091927948919
0.15,7,0.33,-0.1098567231297443
0.15,7,0.34,-0.1056477168003092
0.15,7,0.35,-0.1096252053639267
0.15,7,0.36,-0.0974547615624008
0.15,7,0.37,-0.10242743103043
0.15,7,0.38,-0.1079260835178231
0.15,7,0.39,-0.1148032745599845
0.15,7,0.4,-0.1164601677283875
0.15,7,0.41,-0.117143608001793
0.15,7,0.42,-0.1127227786016118
0.15,7,0.43,-0.1212613032985669
0.15,7,0.44,-0.1189230721757319
0.15,7,0.45,-0.1170263150327248
0.15,7,0.46,-0.1204620379166551
0.15,7,0.47,-0.1119398190038194
0.15,7,0.48,-0.1139916356987966
0.15,7,0.49,-0.1201615335218258
0.15,7,0.5,-0.1184112352148403
0.15,7,0.51,-0.1189710899558591
0.15,7,0.52,-0.1176423118040762
0.15,7,0.53,-0.1219854209442247
0.15,7,0.54,-0.1274912723676322
0.15,7,0.55,-0.1158500247539376
0.15,7,0.56,-0.1224326101593484
0.15,7,0.57,-0.1197115119412217
0.15,7,0.58,-0.1210698531767955
0.15,7,0.59,-0.1257067637613945
0.15,7,0.6,-0.1181420738533553
0.15,7,0.61,-0.122293130751604
0.15,7,0.62,-0.1248574270726903
0.15,7,0.63,-0.1222272440769804
0.15,7,0.64,-0.1196285321252834
0.15,7,0.65,-0.1244993939566537
0.15,7,0.66,-0.1285539342334799
0.15,7,0.67,-0.1278116048463808
0.15,7,0.68,-0.1251392895137165
0.15,7,0.69,-0.1242414529560481
0.15,7,0.7,-0.1257076666067115
0.15,7,0.71,-0.1251791346351942
0.15,7,0.72,-0.1256372947223653
0.15,7,0.73,-0.1251329030144596
0.15,7,0.74,-0.1244891694079401
0.15,7,0.75,-0.1258387927389583
0.15,7,0.76,-0.1302275892666804
0.15,7,0.77,-0.1280898203497193
0.15,7,0.78,-0.1304211693121919
0.15,7,0.79,-0.1253644309239514
0.15,7,0.8,-0.1258065502264038
0.15,7,0.81,-0.1287234695036255
0.15,7,0.82,-0.129303046639974
0.15,7,0.83,-0.1325710562141567
0.15,7,0.84,-0.1326843402912811
0.15,7,0.85,-0.1291587995524808
0.15,7,0.86,-0.1310464290762978
0.15,7,0.87,-0.1287525113216451
0.15,7,0.88,-0.1319190815197823
0.15,7,0.89,-0.1270146327812934
0.15,7,0.9,-0.1338756123844952
0.15,7,0.91,-0.1308671130454231
0.15,7,0.92,-0.1354066317707107
0.15,7,0.93,-0.1313295216602115
0.15,7,0.94,-0.1336629055463985
0.15,7,0.95,-0.130720465613107
0.15,7,0.96,-0.1329990868489807
0.15,7,0.97,-0.13653037782912
0.15,7,0.98,-0.1337209214005318
0.15,7,0.99,-0.1328759901661632
0.15,7,1.0,-0.1329705038911721
0.15,8,0.01,-0.00157811931693
0.15,8,0.02,-0.0018458109696435
0.15,8,0.03,-0.002385604285203
0.15,8,0.04,-0.0033090640301607
0.15,8,0.05,-0.0046338990558655
0.15,8,0.06,-0.0060129852483286
0.15,8,0.07,-0.008540110713391
0.15,8,0.08,-0.0105108534161625
0.15,8,0.09,-0.0137189468941421
0.15,8,0.1,-0.0156119586857678
0.15,8,0.11,-0.020347309976238
0.15,8,0.12,-0.0230778261024071
0.15,8,0.13,-0.0283631494717143
0.15,8,0.14,-0.0304786147426636
0.15,8,0.15,-0.0382673878270832
0.15,8,0.16,-0.0415027997793539
0.15,8,0.17,-0.0454350945473477
0.15,8,0.18,-0.0496771298295276
0.15,8,0.19,-0.0477367281635689
0.15,8,0.2,-0.0566761231619404
0.15,8,0.21,-0.0632058858830145
0.15,8,0.22,-0.0689643792442954
0.15,8,0.23,-0.0675618415213054
0.15,8,0.24,-0.0764168714005889
0.15,8,0.25,-0.0782481688406588
0.15,8,0.26,-0.0819599686072413
0.15,8,0.27,-0.0847013414315867
0.15,8,0.28,-0.0844204148405854
0.15,8,0.29,-0.0875417933939926
0.15,8,0.3,-0.0924069952908332
0.15,8,0.31,-0.0935157827100078
0.15,8,0.32,-0.0958481886767413
0.15,8,0.33,-0.102182968353275
0.15,8,0.34,-0.0965942614340082
0.15,8,0.35,-0.1037336742991862
0.15,8,0.36,-0.1021053273380094
0.15,8,0.37,-0.1082669301792881
0.15,8,0.38,-0.1064886042842795
0.15,8,0.39,-0.110493254517356
0.15,8,0.4,-0.108586806592071
0.15,8,0.41,-0.1119131465954595
0.15,8,0.42,-0.1131739349304627
0.15,8,0.43,-0.1075148116912679
0.15,8,0.44,-0.111746203292464
0.15,8,0.45,-0.1144482639041155
0.15,8,0.46,-0.111340285508595
0.15,8,0.47,-0.1147812602328571
0.15,8,0.48,-0.1148671701400675
0.15,8,0.49,-0.1169695065147053
0.15,8,0.5,-0.1188979499789912
0.15,8,0.51,-0.1184363859727208
0.15,8,0.52,-0.11861210131825
0.15,8,0.53,-0.1169140788421212
0.15,8,0.54,-0.1169575569050344
0.15,8,0.55,-0.1176326332492653
0.15,8,0.56,-0.1175993542011565
0.15,8,0.57,-0.1144028569534473
0.15,8,0.58,-0.1202720653657089
0.15,8,0.59,-0.1180691911142735
0.15,8,0.6,-0.1186060873589744
0.15,8,0.61,-0.1223575161632914
0.15,8,0.62,-0.1213246777795536
0.15,8,0.63,-0.1223570409091921
0.15,8,0.64,-0.1212967889461215
0.15,8,0.65,-0.1228063621030835
0.15,8,0.66,-0.119003801162751
0.15,8,0.67,-0.1236179373923723
0.15,8,0.68,-0.124272052797551
0.15,8,0.69,-0.125883992575386
0.15,8,0.7,-0.1226249148013632
0.15,8,0.71,-0.1228994563570873
0.15,8,0.72,-0.1210563573744148
0.15,8,0.73,-0.1248465641338648
0.15,8,0.74,-0.1241260151795937
0.15,8,0.75,-0.1264898149737344
0.15,8,0.76,-0.1262672230471351
0.15,8,0.77,-0.1289248902853212
0.15,8,0.78,-0.1297860099623974
0.15,8,0.79,-0.1281280033689526
0.15,8,0.8,-0.1290687524167288
0.15,8,0.81,-0.1273705029559716
0.15,8,0.82,-0.1237506332240927
0.15,8,0.83,-0.1240526757825109
0.15,8,0.84,-0.1275689081955939
0.15,8,0.85,-0.1301302331454409
0.15,8,0.86,-0.1296734021764917
0.15,8,0.87,-0.1297426559954647
0.15,8,0.88,-0.1271440804782322
0.15,8,0.89,-0.13175729464546
0.15,8,0.9,-0.1332150808225958
0.15,8,0.91,-0.1316528864310278
0.15,8,0.92,-0.1269934630522994
0.15,8,0.93,-0.130571143100377
0.15,8,0.94,-0.1315296536466283
0.15,8,0.95,-0.1321993872863701
0.15,8,0.96,-0.1321522243003204
0.15,8,0.97,-0.1311923545404341
0.15,8,0.98,-0.1330970566099548
0.15,8,0.99,-0.1359892425321104
0.15,8,1.0,-0.1339505262152473
0.15,9,0.01,-0.0015142665917438
0.15,9,0.02,-0.0017550487408171
0.15,9,0.03,-0.0022217235660071
0.15,9,0.04,-0.0029902809068904
0.15,9,0.05,-0.0041726986096416
0.15,9,0.06,-0.0057757681080934
0.15,9,0.07,-0.0075034917616689
0.15,9,0.08,-0.010196224090939
0.15,9,0.09,-0.0125631430202558
0.15,9,0.1,-0.0168207610285072
0.15,9,0.11,-0.0166925901682702
0.15,9,0.12,-0.0222880521170718
0.15,9,0.13,-0.025344668283864
0.15,9,0.14,-0.0311740553076087
0.15,9,0.15,-0.0312620372289359
0.15,9,0.16,-0.0358300243884262
0.15,9,0.17,-0.0396358497957666
0.15,9,0.18,-0.0461859602212427
0.15,9,0.19,-0.0526708767476054
0.15,9,0.2,-0.0562825785078325
0.15,9,0.21,-0.0593297871943355
0.15,9,0.22,-0.0635317933458629
0.15,9,0.23,-0.0627941181653615
0.15,9,0.24,-0.0700238617922277
0.15,9,0.25,-0.0754591916869449
0.15,9,0.26,-0.0780286831435243
0.15,9,0.27,-0.0807473039935274
0.15,9,0.28,-0.0820340161524312
0.15,9,0.29,-0.0900452294825974
0.15,9,0.3,-0.089825501502048
0.15,9,0.31,-0.0930908058687708
0.15,9,0.32,-0.0909127332261375
0.15,9,0.33,-0.0925925335725833
0.15,9,0.34,-0.1029256883055412
0.15,9,0.35,-0.1013741561410237
0.15,9,0.36,-0.1034276430236538
0.15,9,0.37,-0.1018937028161126
0.15,9,0.38,-0.1049563671694655
0.15,9,0.39,-0.1138212024975603
0.15,9,0.4,-0.1131008437188356
0.15,9,0.41,-0.1127354457881344
0.15,9,0.42,-0.1102950405423213
0.15,9,0.43,-0.1142994331261045
0.15,9,0.44,-0.1125729758905995
0.15,9,0.45,-0.1156207310490934
0.15,9,0.46,-0.1126847400022082
0.15,9,0.47,-0.1173173883175476
0.15,9,0.48,-0.1157775528836474
0.15,9,0.49,-0.1168744526936373
0.15,9,0.5,-0.1235994081088431
0.15,9,0.51,-0.1222387440635109
0.15,9,0.52,-0.1186702375673426
0.15,9,0.53,-0.1197342321724057
0.15,9,0.54,-0.1214406397933618
0.15,9,0.55,-0.1241886411153393
0.15,9,0.56,-0.1231698037531418
0.15,9,0.57,-0.1201244043435636
0.15,9,0.58,-0.1233602713399873
0.15,9,0.59,-0.126371390438531
0.15,9,0.6,-0.1232943910713273
0.15,9,0.61,-0.1229053174032514
0.15,9,0.62,-0.1258039659025444
0.15,9,0.63,-0.1267518492751518
0.15,9,0.64,-0.1214097524099418
0.15,9,0.65,-0.12163415832903
0.15,9,0.66,-0.1275306162155708
0.15,9,0.67,-0.1255583063306884
0.15,9,0.68,-0.1262439309598082
0.15,9,0.69,-0.1250690115594804
0.15,9,0.7,-0.1288651778373594
0.15,9,0.71,-0.1328552146403488
0.15,9,0.72,-0.1253058180353798
0.15,9,0.73,-0.1250839890800332
0.15,9,0.74,-0.1317022110482293
0.15,9,0.75,-0.1319549664539579
0.15,9,0.76,-0.1252226639735003
0.15,9,0.77,-0.1301537907865147
0.15,9,0.78,-0.1326031338670217
0.15,9,0.79,-0.131004325143858
0.15,9,0.8,-0.1278192686997905
0.15,9,0.81,-0.1286072485355674
0.15,9,0.82,-0.130831686402923
0.15,9,0.83,-0.1312286079475548
0.15,9,0.84,-0.1283963921099702
0.15,9,0.85,-0.1339380309031201
0.15,9,0.86,-0.1303225233934929
0.15,9,0.87,-0.1337177680778517
0.15,9,0.88,-0.1355537604035113
0.15,9,0.89,-0.1292102016895581
0.15,9,0.9,-0.1264593042595842
0.15,9,0.91,-0.1371650460779295
0.15,9,0.92,-0.1350699835459294
0.15,9,0.93,-0.133037010639142
0.15,9,0.94,-0.1358825495211673
0.15,9,0.95,-0.1392972660505495
0.15,9,0.96,-0.1329874660616578
0.15,9,0.97,-0.1367461496889397
0.15,9,0.98,-0.1361550624416984
0.15,9,0.99,-0.1366295807809803
0.15,9,1.0,-0.1358399722858316
0.15,10,0.01,-0.0002648382758271
0.15,10,0.02,-0.0004050406794011
0.15,10,0.03,-0.000739419066854
0.15,10,0.04,-0.0014425904673207
0.15,10,0.05,-0.0025217196621934
0.15,10,0.06,-0.0038145159832186
0.15,10,0.07,-0.0056125933613955
0.15,10,0.08,-0.0070336352730576
0.15,10,0.09,-0.0096379456949624
0.15,10,0.1,-0.0132729790176512
0.15,10,0.11,-0.0153700020454174
0.15,10,0.12,-0.0190745097487176
0.15,10,0.13,-0.0201208422720748
0.15,10,0.14,-0.0243557833935624
0.15,10,0.15,-0.0287132567132973
0.15,10,0.16,-0.0369171769319084
0.15,10,0.17,-0.0355386153808676
0.15,10,0.18,-0.0405994230629222
0.15,10,0.19,-0.0482272538904561
0.15,10,0.2,-0.0513550442998681
0.15,10,0.21,-0.0522165373909913
0.15,10,0.22,-0.064059854207414
0.15,10,0.23,-0.0613988713945431
0.15,10,0.24,-0.063648778315548
0.15,10,0.25,-0.0660129926310846
0.15,10,0.26,-0.0741807431825493
0.15,10,0.27,-0.0719862497940333
0.15,10,0.28,-0.0831577573967154
0.15,10,0.29,-0.0893878521911203
0.15,10,0.3,-0.0906180584346054
0.15,10,0.31,-0.0871912575472175
0.15,10,0.32,-0.0877432466557393
0.15,10,0.33,-0.0911536226970542
0.15,10,0.34,-0.0968811818303351
0.15,10,0.35,-0.1012902698390204
0.15,10,0.36,-0.1048278463475986
0.15,10,0.37,-0.102132960906171
0.15,10,0.38,-0.1031665351777131
0.15,10,0.39,-0.1046414074103698
0.15,10,0.4,-0.1065266309320983
0.15,10,0.41,-0.1054468474071297
0.15,10,0.42,-0.106622920647622
0.15,10,0.43,-0.1082806276209367
0.15,10,0.44,-0.1051226700212094
0.15,10,0.45,-0.1089634157670831
0.15,10,0.46,-0.1115089493139113
0.15,10,0.47,-0.1078533674254537
0.15,10,0.48,-0.1135870780849589
0.15,10,0.49,-0.1117077856265161
0.15,10,0.5,-0.115596732770398
0.15,10,0.51,-0.1125510256812338
0.15,10,0.52,-0.1143275112574804
0.15,10,0.53,-0.113159741598082
0.15,10,0.54,-0.113555170080815
0.15,10,0.55,-0.11190478500973
0.15,10,0.56,-0.1147263516816429
0.15,10,0.57,-0.1162897498818924
0.15,10,0.58,-0.1127556531891762
0.15,10,0.59,-0.120272726049256
0.15,10,0.6,-0.1170627456849757
0.15,10,0.61,-0.1166229754506248
0.15,10,0.62,-0.1199674358630542
0.15,10,0.63,-0.1174285299306943
0.15,10,0.64,-0.1207987874908094
0.15,10,0.65,-0.1197496088887677
0.15,10,0.66,-0.1217261595988078
0.15,10,0.67,-0.1220687464856338
0.15,10,0.68,-0.1215792852290276
0.15,10,0.69,-0.1227773299880218
0.15,10,0.7,-0.1204618753306754
0.15,10,0.71,-0.1180955308332353
0.15,10,0.72,-0.1182933357649123
0.15,10,0.73,-0.1252715662523564
0.15,10,0.74,-0.1187108205206178
0.15,10,0.75,-0.1215677709504434
0.15,10,0.76,-0.1227799514941647
0.15,10,0.77,-0.1224654566740605
0.15,10,0.78,-0.1284248016052601
0.15,10,0.79,-0.1208170804343078
0.15,10,0.8,-0.1237178083081964
0.15,10,0.81,-0.128778737124922
0.15,10,0.82,-0.1248219089818758
0.15,10,0.83,-0.1279044397532771
0.15,10,0.84,-0.1250242510229562
0.15,10,0.85,-0.1234024938754377
0.15,10,0.86,-0.1262276231111083
0.15,10,0.87,-0.1283141670025505
0.15,10,0.88,-0.1262785977473118
0.15,10,0.89,-0.1280225940406933
0.15,10,0.9,-0.1309506785097522
0.15,10,0.91,-0.1263570444242171
0.15,10,0.92,-0.1280151298871578
0.15,10,0.93,-0.1284958256155251
0.15,10,0.94,-0.1229209099826459
0.15,10,0.95,-0.129198931163176
0.15,10,0.96,-0.1271910181801979
0.15,10,0.97,-0.1257957573577544
0.15,10,0.98,-0.1305678370758767
0.15,10,0.99,-0.1281208122495139
0.15,10,1.0,-0.1314451625385475
0.15,11,0.01,-0.0002014390416657
0.15,11,0.02,-0.0002900736039866
0.15,11,0.03,-0.0005423378132405
0.15,11,0.04,-0.00107999160709
0.15,11,0.05,-0.002039201019995
0.15,11,0.06,-0.0032019278414553
0.15,11,0.07,-0.0050655311462526
0.15,11,0.08,-0.0071138705032467
0.15,11,0.09,-0.0092500173314541
0.15,11,0.1,-0.0131283529562178
0.15,11,0.11,-0.0158139034294643
0.15,11,0.12,-0.018049530271185
0.15,11,0.13,-0.0246308170104188
0.15,11,0.14,-0.0265474682633531
0.15,11,0.15,-0.0283416906824586
0.15,11,0.16,-0.0327819789399279
0.15,11,0.17,-0.0364314114806677
0.15,11,0.18,-0.0412598647907534
0.15,11,0.19,-0.0463399262743919
0.15,11,0.2,-0.0526211458812057
0.15,11,0.21,-0.0581983463121624
0.15,11,0.22,-0.0607246165129939
0.15,11,0.23,-0.0616741488094672
0.15,11,0.24,-0.0758274387486843
0.15,11,0.25,-0.0740681156673012
0.15,11,0.26,-0.0811139732695412
0.15,11,0.27,-0.0763956454509518
0.15,11,0.28,-0.0859249642652564
0.15,11,0.29,-0.0861204721404495
0.15,11,0.3,-0.0919784605694937
0.15,11,0.31,-0.092215702297434
0.15,11,0.32,-0.0928490342130234
0.15,11,0.33,-0.1019571479536859
0.15,11,0.34,-0.1043661463446797
0.15,11,0.35,-0.1009725656148263
0.15,11,0.36,-0.1004005805790193
0.15,11,0.37,-0.1030891483138855
0.15,11,0.38,-0.1071454627667852
0.15,11,0.39,-0.1067897647897168
0.15,11,0.4,-0.10375136872218
0.15,11,0.41,-0.1035655069900474
0.15,11,0.42,-0.1093404405366509
0.15,11,0.43,-0.108928136960841
0.15,11,0.44,-0.1108002470376451
0.15,11,0.45,-0.1162689235600351
0.15,11,0.46,-0.113966972605063
0.15,11,0.47,-0.1131346077495815
0.15,11,0.48,-0.1163764266428843
0.15,11,0.49,-0.1148879234086124
0.15,11,0.5,-0.1113691308909634
0.15,11,0.51,-0.1165090783252309
0.15,11,0.52,-0.1187256097177777
0.15,11,0.53,-0.1165989849958906
0.15,11,0.54,-0.1107380258564216
0.15,11,0.55,-0.1155147614815078
0.15,11,0.56,-0.1219566905696363
0.15,11,0.57,-0.1148993929101978
0.15,11,0.58,-0.1185340312394892
0.15,11,0.59,-0.116514559556613
0.15,11,0.6,-0.1181073499865342
0.15,11,0.61,-0.1178972407766818
0.15,11,0.62,-0.1219047309509481
0.15,11,0.63,-0.1210031123417943
0.15,11,0.64,-0.1232642603875828
0.15,11,0.65,-0.1220060348710803
0.15,11,0.66,-0.1204265129591873
0.15,11,0.67,-0.1185154821880488
0.15,11,0.68,-0.1188906197642587
0.15,11,0.69,-0.1256210824518918
0.15,11,0.7,-0.1249503020609412
0.15,11,0.71,-0.1202024850019617
0.15,11,0.72,-0.1209172804556132
0.15,11,0.73,-0.12027177934482
0.15,11,0.74,-0.121893344723823
0.15,11,0.75,-0.1224265903397676
0.15,11,0.76,-0.1236384112309461
0.15,11,0.77,-0.1244944558972918
0.15,11,0.78,-0.1271463802197925
0.15,11,0.79,-0.1216114586984749
0.15,11,0.8,-0.1263925650453677
0.15,11,0.81,-0.1249389766689068
0.15,11,0.82,-0.1255701310665182
0.15,11,0.83,-0.1278226202161117
0.15,11,0.84,-0.1303719257996446
0.15,11,0.85,-0.1239540841130602
0.15,11,0.86,-0.1282932898656691
0.15,11,0.87,-0.1226571847153393
0.15,11,0.88,-0.1309817716442693
0.15,11,0.89,-0.1326027560333857
0.15,11,0.9,-0.1331466000522027
0.15,11,0.91,-0.1262851605009489
0.15,11,0.92,-0.1308067732783152
0.15,11,0.93,-0.1252638080824014
0.15,11,0.94,-0.1294563759621173
0.15,11,0.95,-0.1295270772698743
0.15,11,0.96,-0.1263774218701316
0.15,11,0.97,-0.1305877714978544
0.15,11,0.98,-0.1330241681687371
0.15,11,0.99,-0.1330457862026551
0.15,11,1.0,-0.1338313448975722
0.15,12,0.01,-0.0018099260132871
0.15,12,0.02,-0.0020832759299141
0.15,12,0.03,-0.002636615641079
0.15,12,0.04,-0.0035793231064746
0.15,12,0.05,-0.0048303873988389
0.15,12,0.06,-0.0067203876950911
0.15,12,0.07,-0.0086611147661232
0.15,12,0.08,-0.0109103708666132
0.15,12,0.09,-0.0144725559825562
0.15,12,0.1,-0.0168932353329369
0.15,12,0.11,-0.019442986197026
0.15,12,0.12,-0.0253866651517865
0.15,12,0.13,-0.0255622688088306
0.15,12,0.14,-0.033064478144517
0.15,12,0.15,-0.035388701015236
0.15,12,0.16,-0.0432703291047554
0.15,12,0.17,-0.0435596490209773
0.15,12,0.18,-0.0451757894936219
0.15,12,0.19,-0.0552204935790713
0.15,12,0.2,-0.0533659367954999
0.15,12,0.21,-0.0621149934281054
0.15,12,0.22,-0.0663244819161208
0.15,12,0.23,-0.0713367178916889
0.15,12,0.24,-0.0718004222439064
0.15,12,0.25,-0.0759364260640532
0.15,12,0.26,-0.0787704433404942
0.15,12,0.27,-0.0859032880715907
0.15,12,0.28,-0.0801395631445169
0.15,12,0.29,-0.0881148290329547
0.15,12,0.3,-0.0923077468812872
0.15,12,0.31,-0.0884040566777707
0.15,12,0.32,-0.0952723144907764
0.15,12,0.33,-0.0953880363948364
0.15,12,0.34,-0.1037960192341731
0.15,12,0.35,-0.1018166752045938
0.15,12,0.36,-0.1033826335380235
0.15,12,0.37,-0.1005184387982158
0.15,12,0.38,-0.1041195685980635
0.15,12,0.39,-0.1042812914893899
0.15,12,0.4,-0.1106839147413536
0.15,12,0.41,-0.1085544543712194
0.15,12,0.42,-0.1093899298279504
0.15,12,0.43,-0.1066987429354336
0.15,12,0.44,-0.1094171383632017
0.15,12,0.45,-0.1138667706574935
0.15,12,0.46,-0.1149420253297366
0.15,12,0.47,-0.1118581887841793
0.15,12,0.48,-0.115044636230304
0.15,12,0.49,-0.116509669924066
0.15,12,0.5,-0.1180390066110603
0.15,12,0.51,-0.1165495926032812
0.15,12,0.52,-0.1135647642858313
0.15,12,0.53,-0.1202025796545337
0.15,12,0.54,-0.1179283420277462
0.15,12,0.55,-0.1217067031044196
0.15,12,0.56,-0.1179872347971411
0.15,12,0.57,-0.1223694563892241
0.15,12,0.58,-0.1184068634243929
0.15,12,0.59,-0.1216092763718321
0.15,12,0.6,-0.123347349203563
0.15,12,0.61,-0.1191407589201766
0.15,12,0.62,-0.1191331776496465
0.15,12,0.63,-0.1250943540224514
0.15,12,0.64,-0.1198664626238073
0.15,12,0.65,-0.1230162837314409
0.15,12,0.66,-0.1248769953538282
0.15,12,0.67,-0.1255646442038004
0.15,12,0.68,-0.1237735282886094
0.15,12,0.69,-0.1227804304728675
0.15,12,0.7,-0.1243260052577332
0.15,12,0.71,-0.1251437882307053
0.15,12,0.72,-0.12417855013131
0.15,12,0.73,-0.1276571778466207
0.15,12,0.74,-0.1287244414913251
0.15,12,0.75,-0.1270012928724612
0.15,12,0.76,-0.1288803462497477
0.15,12,0.77,-0.1297281764558682
0.15,12,0.78,-0.12678903564364
0.15,12,0.79,-0.121157790904688
0.15,12,0.8,-0.129234498995302
0.15,12,0.81,-0.1275860368735895
0.15,12,0.82,-0.1310282422231226
0.15,12,0.83,-0.1292326375358371
0.15,12,0.84,-0.1308451198903673
0.15,12,0.85,-0.1305678393336787
0.15,12,0.86,-0.126370039594043
0.15,12,0.87,-0.12711967953043
0.15,12,0.88,-0.1315261892007618
0.15,12,0.89,-0.1314510889118801
0.15,12,0.9,-0.1318830661425181
0.15,12,0.91,-0.1307108896492094
0.15,12,0.92,-0.1305640698766512
0.15,12,0.93,-0.1318661367063234
0.15,12,0.94,-0.1334036115483367
0.15,12,0.95,-0.1271197408313582
0.15,12,0.96,-0.1296222661363954
0.15,12,0.97,-0.1328401102046017
0.15,12,0.98,-0.1367985628442218
0.15,12,0.99,-0.1320322221540237
0.15,12,1.0,-0.1404384004149833
0.15,13,0.01,-0.0014814470713519
0.15,13,0.02,-0.0017852124495783
0.15,13,0.03,-0.00234347076624
0.15,13,0.04,-0.0032616287248089
0.15,13,0.05,-0.0046022908091868
0.15,13,0.06,-0.0063429573391572
0.15,13,0.07,-0.0085387303110105
0.15,13,0.08,-0.0104319031207833
0.15,13,0.09,-0.0133318498751209
0.15,13,0.1,-0.016287564657299
0.15,13,0.11,-0.020674073717211
0.15,13,0.12,-0.0241312107353425
0.15,13,0.13,-0.0284826338288465
0.15,13,0.14,-0.0324324087291622
0.15,13,0.15,-0.0377951341291309
0.15,13,0.16,-0.0398934305183868
0.15,13,0.17,-0.049391621588743
0.15,13,0.18,-0.048094472564239
0.15,13,0.19,-0.0574441225726745
0.15,13,0.2,-0.0627730124123051
0.15,13,0.21,-0.0623381875187614
0.15,13,0.22,-0.0678238877453323
0.15,13,0.23,-0.0742320967743696
0.15,13,0.24,-0.0790047350388645
0.15,13,0.25,-0.0817218245190125
0.15,13,0.26,-0.0836052105965717
0.15,13,0.27,-0.08627059729727
0.15,13,0.28,-0.0872523659600191
0.15,13,0.29,-0.0857860088306904
0.15,13,0.3,-0.0943139657965684
0.15,13,0.31,-0.0984649563193681
0.15,13,0.32,-0.0969297816030474
0.15,13,0.33,-0.0983529895297094
0.15,13,0.34,-0.1059299820433314
0.15,13,0.35,-0.1030291625401533
0.15,13,0.36,-0.1057864304194301
0.15,13,0.37,-0.1133725092546634
0.15,13,0.38,-0.1071824111704458
0.15,13,0.39,-0.1104693750558044
0.15,13,0.4,-0.1113764467727089
0.15,13,0.41,-0.1178368666476256
0.15,13,0.42,-0.1147922019969837
0.15,13,0.43,-0.117684064315045
0.15,13,0.44,-0.1131819291896418
0.15,13,0.45,-0.1171195511623899
0.15,13,0.46,-0.1203491487142418
0.15,13,0.47,-0.1182080347688667
0.15,13,0.48,-0.1202005611580172
0.15,13,0.49,-0.1138186895608517
0.15,13,0.5,-0.11619387358828
0.15,13,0.51,-0.1200258795543152
0.15,13,0.52,-0.1210527681159326
0.15,13,0.53,-0.1221902475925348
0.15,13,0.54,-0.1257172062124218
0.15,13,0.55,-0.1212512653347595
0.15,13,0.56,-0.1186154493633193
0.15,13,0.57,-0.1229971313703571
0.15,13,0.58,-0.1250701763047211
0.15,13,0.59,-0.1235762263202085
0.15,13,0.6,-0.1220902236294673
0.15,13,0.61,-0.1223872167847471
0.15,13,0.62,-0.1249817522923365
0.15,13,0.63,-0.1204037061521388
0.15,13,0.64,-0.1219661903365951
0.15,13,0.65,-0.121958978096812
0.15,13,0.66,-0.1256955395680769
0.15,13,0.67,-0.1237236041035339
0.15,13,0.68,-0.1248021540180758
0.15,13,0.69,-0.1295744513716746
0.15,13,0.7,-0.126706885630153
0.15,13,0.71,-0.1264705040700105
0.15,13,0.72,-0.1217065641983975
0.15,13,0.73,-0.1309422796131047
0.15,13,0.74,-0.1257271891451283
0.15,13,0.75,-0.1244132588361815
0.15,13,0.76,-0.1305135267752775
0.15,13,0.77,-0.1303987367286851
0.15,13,0.78,-0.1265277962948245
0.15,13,0.79,-0.1254845767659181
0.15,13,0.8,-0.1282614456330242
0.15,13,0.81,-0.1294032071786396
0.15,13,0.82,-0.1274861186966904
0.15,13,0.83,-0.1326402473416854
0.15,13,0.84,-0.1308778135998299
0.15,13,0.85,-0.1309256200855451
0.15,13,0.86,-0.1291929413936127
0.15,13,0.87,-0.1333217607642829
0.15,13,0.88,-0.1294587457760075
0.15,13,0.89,-0.1310733927098871
0.15,13,0.9,-0.1302925598983274
0.15,13,0.91,-0.1256357443443847
0.15,13,0.92,-0.1286046710723314
0.15,13,0.93,-0.1300245416239335
0.15,13,0.94,-0.1310281036583152
0.15,13,0.95,-0.1306753135439959
0.15,13,0.96,-0.137612533321753
0.15,13,0.97,-0.1334445912244006
0.15,13,0.98,-0.1365170423975728
0.15,13,0.99,-0.1348822246201818
0.15,13,1.0,-0.133325105196547
0.15,14,0.01,-0.0024924665044187
0.15,14,0.02,-0.0028877156448099
0.15,14,0.03,-0.0036116774213835
0.15,14,0.04,-0.0047168064975459
0.15,14,0.05,-0.0062721782537885
0.15,14,0.06,-0.0081275834124222
0.15,14,0.07,-0.0100867935473191
0.15,14,0.08,-0.0130733620225423
0.15,14,0.09,-0.0160996425845394
0.15,14,0.1,-0.0208750811182741
0.15,14,0.11,-0.023045102482034
0.15,14,0.12,-0.0269892864897176
0.15,14,0.13,-0.0329933371292288
0.15,14,0.14,-0.0368606375402225
0.15,14,0.15,-0.0407085652948608
0.15,14,0.16,-0.0430184359601425
0.15,14,0.17,-0.0478914170176712
0.15,14,0.18,-0.0521243560272259
0.15,14,0.19,-0.0576557580889378
0.15,14,0.2,-0.0633192875140865
0.15,14,0.21,-0.0662227236869926
0.15,14,0.22,-0.0679909009947443
0.15,14,0.23,-0.0748254135482622
0.15,14,0.24,-0.0788153171336176
0.15,14,0.25,-0.0817608340004833
0.15,14,0.26,-0.0849776309466162
0.15,14,0.27,-0.0836317001925962
0.15,14,0.28,-0.089663691169763
0.15,14,0.29,-0.0880185866081143
0.15,14,0.3,-0.0926353012534521
0.15,14,0.31,-0.0971812851051033
0.15,14,0.32,-0.0966558745514214
0.15,14,0.33,-0.1009823920931471
0.15,14,0.34,-0.102572854669267
0.15,14,0.35,-0.1077900861763846
0.15,14,0.36,-0.1074349064742244
0.15,14,0.37,-0.1093500732618717
0.15,14,0.38,-0.1109463429540284
0.15,14,0.39,-0.1137444319120753
0.15,14,0.4,-0.1109500351595304
0.15,14,0.41,-0.1128254577484994
0.15,14,0.42,-0.113690642626499
0.15,14,0.43,-0.112479279619124
0.15,14,0.44,-0.1078505218806973
0.15,14,0.45,-0.1178285205933719
0.15,14,0.46,-0.1159667293421255
0.15,14,0.47,-0.1144415998226296
0.15,14,0.48,-0.1164835498053461
0.15,14,0.49,-0.121536001026041
0.15,14,0.5,-0.1162618362924008
0.15,14,0.51,-0.1163301878643399
0.15,14,0.52,-0.1197343542972569
0.15,14,0.53,-0.1208968957453241
0.15,14,0.54,-0.1196228458610622
0.15,14,0.55,-0.1248094875573434
0.15,14,0.56,-0.122070921036221
0.15,14,0.57,-0.116568392315288
0.15,14,0.58,-0.1204165492670963
0.15,14,0.59,-0.1229477751372478
0.15,14,0.6,-0.1220668095156504
0.15,14,0.61,-0.122792431410998
0.15,14,0.62,-0.12593678599435
0.15,14,0.63,-0.1245423721729896
0.15,14,0.64,-0.1215641567029226
0.15,14,0.65,-0.1241753706519413
0.15,14,0.66,-0.1275399573218251
0.15,14,0.67,-0.126532603721914
0.15,14,0.68,-0.125045863156075
0.15,14,0.69,-0.1238202273519813
0.15,14,0.7,-0.1251589107814323
0.15,14,0.71,-0.1273027800003128
0.15,14,0.72,-0.1263413685709661
0.15,14,0.73,-0.1290256780677801
0.15,14,0.74,-0.1271317197190955
0.15,14,0.75,-0.1249795359192017
0.15,14,0.76,-0.126638195036673
0.15,14,0.77,-0.1256659751935005
0.15,14,0.78,-0.1274530893865075
0.15,14,0.79,-0.1285517783202482
0.15,14,0.8,-0.1338412176757154
0.15,14,0.81,-0.1279467204034144
0.15,14,0.82,-0.1285049839690967
0.15,14,0.83,-0.1297735872682878
0.15,14,0.84,-0.1307567306028689
0.15,14,0.85,-0.1306831820131917
0.15,14,0.86,-0.1280867930858968
0.15,14,0.87,-0.1321891685347591
0.15,14,0.88,-0.1328992298817659
0.15,14,0.89,-0.1334860681524753
0.15,14,0.9,-0.1343990767959575
0.15,14,0.91,-0.1325263096497542
0.15,14,0.92,-0.130566655424025
0.15,14,0.93,-0.1343122754165872
0.15,14,0.94,-0.1294216726611734
0.15,14,0.95,-0.1321329775555746
0.15,14,0.96,-0.1285494105874712
0.15,14,0.97,-0.1328013984339267
0.15,14,0.98,-0.136791574581746
0.15,14,0.99,-0.1326981444121112
0.15,14,1.0,-0.1343471618598934
0.15,15,0.01,-0.0024696318557909
0.15,15,0.02,-0.002735730018921
0.15,15,0.03,-0.0033348997076567
0.15,15,0.04,-0.0044084250590104
0.15,15,0.05,-0.0059385336820248
0.15,15,0.06,-0.0078492991127179
0.15,15,0.07,-0.0104091770639747
0.15,15,0.08,-0.0131252135921645
0.15,15,0.09,-0.0168737626750703
0.15,15,0.1,-0.0191235907530887
0.15,15,0.11,-0.0222804135454927
0.15,15,0.12,-0.024714006478561
0.15,15,0.13,-0.0323114178588588
0.15,15,0.14,-0.0370417958771473
0.15,15,0.15,-0.0407654731769832
0.15,15,0.16,-0.0469990856946508
0.15,15,0.17,-0.04956535178997
0.15,15,0.18,-0.0477401847177756
0.15,15,0.19,-0.0586718354171663
0.15,15,0.2,-0.0624303180112251
0.15,15,0.21,-0.0658813196343318
0.15,15,0.22,-0.0725190864767867
0.15,15,0.23,-0.0779601303778222
0.15,15,0.24,-0.0810711641849995
0.15,15,0.25,-0.0843429684715981
0.15,15,0.26,-0.0836939544457095
0.15,15,0.27,-0.0853781836532162
0.15,15,0.28,-0.08400909682179
0.15,15,0.29,-0.095851436268337
0.15,15,0.3,-0.0954396998803575
0.15,15,0.31,-0.0964312519030019
0.15,15,0.32,-0.1045867937631731
0.15,15,0.33,-0.0966371186550885
0.15,15,0.34,-0.0995643438963001
0.15,15,0.35,-0.1068798765759506
0.15,15,0.36,-0.1016507916005179
0.15,15,0.37,-0.1056011450673082
0.15,15,0.38,-0.1047242549522286
0.15,15,0.39,-0.1017487605300828
0.15,15,0.4,-0.1134129624712846
0.15,15,0.41,-0.1133160737945476
0.15,15,0.42,-0.1107225091577824
0.15,15,0.43,-0.1127801655961503
0.15,15,0.44,-0.1092520741431239
0.15,15,0.45,-0.1134759362682792
0.15,15,0.46,-0.1082242865980582
0.15,15,0.47,-0.1175475541685388
0.15,15,0.48,-0.1113857616002052
0.15,15,0.49,-0.1116097403153752
0.15,15,0.5,-0.1182873308382613
0.15,15,0.51,-0.1157709573230137
0.15,15,0.52,-0.1182632480920233
0.15,15,0.53,-0.1144731867784448
0.15,15,0.54,-0.1187405225351955
0.15,15,0.55,-0.1192902236502197
0.15,15,0.56,-0.1161938281936308
0.15,15,0.57,-0.1196200061952809
0.15,15,0.58,-0.1193370765031929
0.15,15,0.59,-0.1142434906081631
0.15,15,0.6,-0.1227519463459372
0.15,15,0.61,-0.1167785179639285
0.15,15,0.62,-0.1208887079803141
0.15,15,0.63,-0.1189556431711893
0.15,15,0.64,-0.1220312221920805
0.15,15,0.65,-0.1172616316971131
0.15,15,0.66,-0.1237376852170252
0.15,15,0.67,-0.1149534401041138
0.15,15,0.68,-0.1197061262854909
0.15,15,0.69,-0.1245665087609592
0.15,15,0.7,-0.1196275304726458
0.15,15,0.71,-0.1276455597272045
0.15,15,0.72,-0.1227384253233881
0.15,15,0.73,-0.1217521173789218
0.15,15,0.74,-0.1228930751115808
0.15,15,0.75,-0.1234762392369302
0.15,15,0.76,-0.1254356725303753
0.15,15,0.77,-0.1244044237013197
0.15,15,0.78,-0.125785964758777
0.15,15,0.79,-0.1259065357186734
0.15,15,0.8,-0.1280426252173551
0.15,15,0.81,-0.1249648920630638
0.15,15,0.82,-0.1273245125786875
0.15,15,0.83,-0.124873027093961
0.15,15,0.84,-0.1263775040732496
0.15,15,0.85,-0.1277894980806441
0.15,15,0.86,-0.1227788829863077
0.15,15,0.87,-0.1245379343781442
0.15,15,0.88,-0.1288144930251256
0.15,15,0.89,-0.1306925170632064
0.15,15,0.9,-0.1299509976280801
0.15,15,0.91,-0.1305061392596202
0.15,15,0.92,-0.1292980331762639
0.15,15,0.93,-0.1261603539713836
0.15,15,0.94,-0.1308106869664595
0.15,15,0.95,-0.1304438880616217
0.15,15,0.96,-0.1310189699774115
0.15,15,0.97,-0.1325065113125285
0.15,15,0.98,-0.1334888282684438
0.15,15,0.99,-0.1305493290325953
0.15,15,1.0,-0.1268460312840019
0.15,16,0.01,-0.0006275415218899
0.15,16,0.02,-0.0007736517169896
0.15,16,0.03,-0.0010964769144387
0.15,16,0.04,-0.001732210040917
0.15,16,0.05,-0.0027301761895783
0.15,16,0.06,-0.0039757339110318
0.15,16,0.07,-0.0058960115087939
0.15,16,0.08,-0.0081735521425746
0.15,16,0.09,-0.0103690978938701
0.15,16,0.1,-0.0134577189055934
0.15,16,0.11,-0.0169672746821541
0.15,16,0.12,-0.0196189470192556
0.15,16,0.13,-0.0243820737111765
0.15,16,0.14,-0.0283595481264529
0.15,16,0.15,-0.0290958773046875
0.15,16,0.16,-0.0332587917932947
0.15,16,0.17,-0.0431865361219363
0.15,16,0.18,-0.042463721155571
0.15,16,0.19,-0.0464296840663799
0.15,16,0.2,-0.0460485277883307
0.15,16,0.21,-0.0604572822876574
0.15,16,0.22,-0.0587218601790584
0.15,16,0.23,-0.0648534467929545
0.15,16,0.24,-0.0698759110196337
0.15,16,0.25,-0.0696440936754545
0.15,16,0.26,-0.0816030373269884
0.15,16,0.27,-0.0889113608721052
0.15,16,0.28,-0.0794251401406839
0.15,16,0.29,-0.0884696139927456
0.15,16,0.3,-0.0894175482290443
0.15,16,0.31,-0.0936314069695985
0.15,16,0.32,-0.0960081940173052
0.15,16,0.33,-0.1022766936333907
0.15,16,0.34,-0.0983324121559417
0.15,16,0.35,-0.102342259903395
0.15,16,0.36,-0.1015839682064947
0.15,16,0.37,-0.1063428753037777
0.15,16,0.38,-0.1088315188007969
0.15,16,0.39,-0.1046367211190694
0.15,16,0.4,-0.1060269336179708
0.15,16,0.41,-0.1117298549156763
0.15,16,0.42,-0.112877817321909
0.15,16,0.43,-0.1111762462711219
0.15,16,0.44,-0.1138742739841222
0.15,16,0.45,-0.112487999122491
0.15,16,0.46,-0.1124440089931505
0.15,16,0.47,-0.113957620799295
0.15,16,0.48,-0.1144114144174005
0.15,16,0.49,-0.1142890698378059
0.15,16,0.5,-0.1183728699579684
0.15,16,0.51,-0.1151685229737872
0.15,16,0.52,-0.1169127846417837
0.15,16,0.53,-0.1163846040251841
0.15,16,0.54,-0.1156604845145579
0.15,16,0.55,-0.1151367940459689
0.15,16,0.56,-0.1189626574174088
0.15,16,0.57,-0.1236038559768915
0.15,16,0.58,-0.1220155587366738
0.15,16,0.59,-0.1243086056702521
0.15,16,0.6,-0.1180377451048784
0.15,16,0.61,-0.122644979577494
0.15,16,0.62,-0.124691530046219
0.15,16,0.63,-0.1233720432248796
0.15,16,0.64,-0.1267164705777747
0.15,16,0.65,-0.1208882541803604
0.15,16,0.66,-0.1234425029913692
0.15,16,0.67,-0.1248912515241737
0.15,16,0.68,-0.1237299821405924
0.15,16,0.69,-0.1263783883447792
0.15,16,0.7,-0.1225326187922293
0.15,16,0.71,-0.1293912284803498
0.15,16,0.72,-0.1256341339159783
0.15,16,0.73,-0.1268337008925527
0.15,16,0.74,-0.1239118616799017
0.15,16,0.75,-0.1267480707099425
0.15,16,0.76,-0.1261462778370372
0.15,16,0.77,-0.1260426752603973
0.15,16,0.78,-0.1272098363471093
0.15,16,0.79,-0.1288378588703905
0.15,16,0.8,-0.1289038719152675
0.15,16,0.81,-0.1265400383944006
0.15,16,0.82,-0.1286617372071812
0.15,16,0.83,-0.1283106206239093
0.15,16,0.84,-0.1280961610027945
0.15,16,0.85,-0.1301894913064769
0.15,16,0.86,-0.1338738838628297
0.15,16,0.87,-0.1266705899157617
0.15,16,0.88,-0.1277535324970284
0.15,16,0.89,-0.1321395735189596
0.15,16,0.9,-0.1283873920573216
0.15,16,0.91,-0.1342983999665396
0.15,16,0.92,-0.1305073373490254
0.15,16,0.93,-0.1312334282198308
0.15,16,0.94,-0.1337450600752063
0.15,16,0.95,-0.126294290159877
0.15,16,0.96,-0.1280988865830594
0.15,16,0.97,-0.1323576164833822
0.15,16,0.98,-0.1346974528134168
0.15,16,0.99,-0.1321359728529325
0.15,16,1.0,-0.1359363679996505
0.15,17,0.01,-0.0005086743658229
0.15,17,0.02,-0.0006579086586624
0.15,17,0.03,-0.0009757041019094
0.15,17,0.04,-0.0016355713278821
0.15,17,0.05,-0.0026759148467832
0.15,17,0.06,-0.0039918945265833
0.15,17,0.07,-0.0057678447041097
0.15,17,0.08,-0.0082816126281368
0.15,17,0.09,-0.0110244903590388
0.15,17,0.1,-0.0131232460427268
0.15,17,0.11,-0.016588396274338
0.15,17,0.12,-0.01976075179339
0.15,17,0.13,-0.0237750920203484
0.15,17,0.14,-0.0291156847114189
0.15,17,0.15,-0.0318660978930168
0.15,17,0.16,-0.0328577887841444
0.15,17,0.17,-0.0376432920150742
0.15,17,0.18,-0.0416534179842584
0.15,17,0.19,-0.0485456981356168
0.15,17,0.2,-0.0518753095642611
0.15,17,0.21,-0.0610471306916206
0.15,17,0.22,-0.0640774127091223
0.15,17,0.23,-0.0668908856487183
0.15,17,0.24,-0.0728518067800003
0.15,17,0.25,-0.0742497032816643
0.15,17,0.26,-0.0757460566461113
0.15,17,0.27,-0.0866265689388832
0.15,17,0.28,-0.0820011235203929
0.15,17,0.29,-0.0883244229462136
0.15,17,0.3,-0.084358327111017
0.15,17,0.31,-0.0944614433123508
0.15,17,0.32,-0.0957407851219737
0.15,17,0.33,-0.0991858220515745
0.15,17,0.34,-0.1016048933737337
0.15,17,0.35,-0.1005590449776681
0.15,17,0.36,-0.1020711372525118
0.15,17,0.37,-0.107619882477702
0.15,17,0.38,-0.1092453185436075
0.15,17,0.39,-0.1120676148344429
0.15,17,0.4,-0.1143421771586607
0.15,17,0.41,-0.1084057919454012
0.15,17,0.42,-0.1152967458244584
0.15,17,0.43,-0.1168876335186619
0.15,17,0.44,-0.1139885419566989
0.15,17,0.45,-0.1112645854359592
0.15,17,0.46,-0.1182686532303244
0.15,17,0.47,-0.1181470537647063
0.15,17,0.48,-0.1147886602660689
0.15,17,0.49,-0.118560815813873
0.15,17,0.5,-0.1170196978713254
0.15,17,0.51,-0.1130924973500418
0.15,17,0.52,-0.1197513791377841
0.15,17,0.53,-0.1214708764682238
0.15,17,0.54,-0.117972944724071
0.15,17,0.55,-0.1264343699469814
0.15,17,0.56,-0.1225904504052683
0.15,17,0.57,-0.1229591972228787
0.15,17,0.58,-0.1205082189838021
0.15,17,0.59,-0.123824206958381
0.15,17,0.6,-0.1233264431272441
0.15,17,0.61,-0.1250077900397067
0.15,17,0.62,-0.1257427096945247
0.15,17,0.63,-0.1258648553864562
0.15,17,0.64,-0.1217573390404026
0.15,17,0.65,-0.125545434174908
0.15,17,0.66,-0.1243183805794377
0.15,17,0.67,-0.1262640106779008
0.15,17,0.68,-0.1282061456710539
0.15,17,0.69,-0.1277219635253111
0.15,17,0.7,-0.1265675800957093
0.15,17,0.71,-0.1261630755181981
0.15,17,0.72,-0.1289905555749578
0.15,17,0.73,-0.1296332814327895
0.15,17,0.74,-0.1292923004083926
0.15,17,0.75,-0.1263107611852723
0.15,17,0.76,-0.1269065179276578
0.15,17,0.77,-0.1286265653510729
0.15,17,0.78,-0.1313129527763012
0.15,17,0.79,-0.129207833527515
0.15,17,0.8,-0.1316360807527982
0.15,17,0.81,-0.1304817599174602
0.15,17,0.82,-0.1300805946874963
0.15,17,0.83,-0.1300862807489182
0.15,17,0.84,-0.1327751966285386
0.15,17,0.85,-0.1325153826893698
0.15,17,0.86,-0.1282590047738976
0.15,17,0.87,-0.1286460192822844
0.15,17,0.88,-0.1331505430008914
0.15,17,0.89,-0.1339008817570886
0.15,17,0.9,-0.1321371319402101
0.15,17,0.91,-0.1315016020876283
0.15,17,0.92,-0.1322697289043165
0.15,17,0.93,-0.1341111384366528
0.15,17,0.94,-0.1392135456958817
0.15,17,0.95,-0.1324970536440211
0.15,17,0.96,-0.1334444995298814
0.15,17,0.97,-0.1327715996749382
0.15,17,0.98,-0.1351981372395067
0.15,17,0.99,-0.1309100467421369
0.15,17,1.0,-0.1360245878719118
0.15,18,0.01,-0.0006487042041084
0.15,18,0.02,-0.0008295443393303
0.15,18,0.03,-0.0012367677870589
0.15,18,0.04,-0.0019557971485523
0.15,18,0.05,-0.0031163959569569
0.15,18,0.06,-0.0044828674160656
0.15,18,0.07,-0.0062403597645424
0.15,18,0.08,-0.0083840817602758
0.15,18,0.09,-0.0113085850943793
0.15,18,0.1,-0.015125310329494
0.15,18,0.11,-0.0183903611407366
0.15,18,0.12,-0.0206997714188941
0.15,18,0.13,-0.0268579448584828
0.15,18,0.14,-0.0268177956482126
0.15,18,0.15,-0.0315658000551023
0.15,18,0.16,-0.0385843545712198
0.15,18,0.17,-0.0390605210574405
0.15,18,0.18,-0.0487514889621221
0.15,18,0.19,-0.0520229849697639
0.15,18,0.2,-0.0523945548213452
0.15,18,0.21,-0.0652493154248705
0.15,18,0.22,-0.0667283371772165
0.15,18,0.23,-0.0673475742063579
0.15,18,0.24,-0.0783977641490842
0.15,18,0.25,-0.0766729824449916
0.15,18,0.26,-0.0859339680886021
0.15,18,0.27,-0.0890862323798801
0.15,18,0.28,-0.0909534727826232
0.15,18,0.29,-0.0950881533832831
0.15,18,0.3,-0.0957578771940945
0.15,18,0.31,-0.0944287817628194
0.15,18,0.32,-0.1028400470890195
0.15,18,0.33,-0.099951572007915
0.15,18,0.34,-0.1024351456068036
0.15,18,0.35,-0.1031474031007424
0.15,18,0.36,-0.1081650924698638
0.15,18,0.37,-0.1130844656600345
0.15,18,0.38,-0.1025344107176873
0.15,18,0.39,-0.1082831934204035
0.15,18,0.4,-0.1143235633337117
0.15,18,0.41,-0.12031503977588
0.15,18,0.42,-0.1129681576592117
0.15,18,0.43,-0.1117163486277503
0.15,18,0.44,-0.1223531966311106
0.15,18,0.45,-0.1177037293103246
0.15,18,0.46,-0.1175256712897449
0.15,18,0.47,-0.1187516453644141
0.15,18,0.48,-0.1214938664287982
0.15,18,0.49,-0.1211962185183991
0.15,18,0.5,-0.1228029835360844
0.15,18,0.51,-0.1269814350959751
0.15,18,0.52,-0.1199434230162937
0.15,18,0.53,-0.1177657852528784
0.15,18,0.54,-0.127139123707699
0.15,18,0.55,-0.1228147600486562
0.15,18,0.56,-0.1245071800184638
0.15,18,0.57,-0.1288735315717743
0.15,18,0.58,-0.1240700952774085
0.15,18,0.59,-0.1208883951838132
0.15,18,0.6,-0.132685401054991
0.15,18,0.61,-0.1281019113525043
0.15,18,0.62,-0.1189043204923183
0.15,18,0.63,-0.1227565890039276
0.15,18,0.64,-0.1318626868992107
0.15,18,0.65,-0.120044098986498
0.15,18,0.66,-0.1265229688072897
0.15,18,0.67,-0.1264746066155637
0.15,18,0.68,-0.1284402630656288
0.15,18,0.69,-0.1290696285505607
0.15,18,0.7,-0.1248894561058712
0.15,18,0.71,-0.1297801571776829
0.15,18,0.72,-0.1276618429241874
0.15,18,0.73,-0.1253020233875645
0.15,18,0.74,-0.1280524846899272
0.15,18,0.75,-0.1295165285573669
0.15,18,0.76,-0.1301292194417673
0.15,18,0.77,-0.1280249390589629
0.15,18,0.78,-0.1323921950273211
0.15,18,0.79,-0.1293507357846127
0.15,18,0.8,-0.1285329870921681
0.15,18,0.81,-0.1354060506360528
0.15,18,0.82,-0.12949220226282
0.15,18,0.83,-0.1325041670515915
0.15,18,0.84,-0.1317934887877907
0.15,18,0.85,-0.1338317179207825
0.15,18,0.86,-0.1307629735167831
0.15,18,0.87,-0.1309741790375846
0.15,18,0.88,-0.1313055491951128
0.15,18,0.89,-0.134159943992472
0.15,18,0.9,-0.1318649482201811
0.15,18,0.91,-0.1344668584051931
0.15,18,0.92,-0.1342780924268663
0.15,18,0.93,-0.1333545604011236
0.15,18,0.94,-0.1305760778171136
0.15,18,0.95,-0.131342058463235
0.15,18,0.96,-0.1349121770787923
0.15,18,0.97,-0.1340858639367736
0.15,18,0.98,-0.1370049897068043
0.15,18,0.99,-0.1326519460091944
0.15,18,1.0,-0.1401868077711417
0.15,19,0.01,-0.0004101022610241
0.15,19,0.02,-0.0005515116041165
0.15,19,0.03,-0.0008725959753471
0.15,19,0.04,-0.0014887833010213
0.15,19,0.05,-0.0025406739716396
0.15,19,0.06,-0.0039361656015845
0.15,19,0.07,-0.005562406183586
0.15,19,0.08,-0.0077096880821565
0.15,19,0.09,-0.0102038706364078
0.15,19,0.1,-0.0133643319205744
0.15,19,0.11,-0.0168824212401867
0.15,19,0.12,-0.0191170254271066
0.15,19,0.13,-0.0243653587788439
0.15,19,0.14,-0.0283388689893367
0.15,19,0.15,-0.0308317003193508
0.15,19,0.16,-0.0344178141111948
0.15,19,0.17,-0.0424992271600182
0.15,19,0.18,-0.0463898758998724
0.15,19,0.19,-0.0488746948089643
0.15,19,0.2,-0.0527103560970223
0.15,19,0.21,-0.0583766888515452
0.15,19,0.22,-0.060405555088844
0.15,19,0.23,-0.0687266312584541
0.15,19,0.24,-0.0719923873132042
0.15,19,0.25,-0.077535093560584
0.15,19,0.26,-0.0807065773368282
0.15,19,0.27,-0.0839418324490225
0.15,19,0.28,-0.0814954219569904
0.15,19,0.29,-0.0941725272230888
0.15,19,0.3,-0.0946160463251907
0.15,19,0.31,-0.0994452927152043
0.15,19,0.32,-0.1009084949025382
0.15,19,0.33,-0.1078907282296156
0.15,19,0.34,-0.1075826239529137
0.15,19,0.35,-0.1055138576121891
0.15,19,0.36,-0.1057372278355296
0.15,19,0.37,-0.1031994888787878
0.15,19,0.38,-0.1050677879990517
0.15,19,0.39,-0.109417488738144
0.15,19,0.4,-0.1114999715589384
0.15,19,0.41,-0.111023811213608
0.15,19,0.42,-0.11762843517442
0.15,19,0.43,-0.1114692103024297
0.15,19,0.44,-0.1179670317944755
0.15,19,0.45,-0.1111054486291803
0.15,19,0.46,-0.1189058190644959
0.15,19,0.47,-0.1197383587621263
0.15,19,0.48,-0.1174536160812476
0.15,19,0.49,-0.1156453680652867
0.15,19,0.5,-0.1261914861149063
0.15,19,0.51,-0.1264206745732301
0.15,19,0.52,-0.1194747140278989
0.15,19,0.53,-0.121294569397931
0.15,19,0.54,-0.1242120486530975
0.15,19,0.55,-0.1243099314323185
0.15,19,0.56,-0.1187160161416823
0.15,19,0.57,-0.121843585716284
0.15,19,0.58,-0.1231627254042483
0.15,19,0.59,-0.1250590319384623
0.15,19,0.6,-0.124411247950642
0.15,19,0.61,-0.1224871663096598
0.15,19,0.62,-0.124962787008987
0.15,19,0.63,-0.1256209778828517
0.15,19,0.64,-0.1235313365757668
0.15,19,0.65,-0.1235370281226187
0.15,19,0.66,-0.123183186502157
0.15,19,0.67,-0.1225092659131454
0.15,19,0.68,-0.1281363079313935
0.15,19,0.69,-0.1265519915830077
0.15,19,0.7,-0.1293723244915935
0.15,19,0.71,-0.1267560938279743
0.15,19,0.72,-0.131406931046124
0.15,19,0.73,-0.1266799739186853
0.15,19,0.74,-0.1286778388871403
0.15,19,0.75,-0.1288310121152473
0.15,19,0.76,-0.1290275753979949
0.15,19,0.77,-0.1231513467654633
0.15,19,0.78,-0.1322512403404919
0.15,19,0.79,-0.1287575548059391
0.15,19,0.8,-0.1289018942493614
0.15,19,0.81,-0.130349433509527
0.15,19,0.82,-0.1296100029519344
0.15,19,0.83,-0.1293925696756522
0.15,19,0.84,-0.1295649542387532
0.15,19,0.85,-0.1301063160159632
0.15,19,0.86,-0.1277377327108789
0.15,19,0.87,-0.1238303097979671
0.15,19,0.88,-0.1317381863593045
0.15,19,0.89,-0.1309151993523764
0.15,19,0.9,-0.1345414747762952
0.15,19,0.91,-0.1332280190256047
0.15,19,0.92,-0.1338076975881177
0.15,19,0.93,-0.1329186536868878
0.15,19,0.94,-0.1319768802817776
0.15,19,0.95,-0.1346250408715162
0.15,19,0.96,-0.1347136712426445
0.15,19,0.97,-0.132730634104301
0.15,19,0.98,-0.1362897791391998
0.15,19,0.99,-0.1337649903660803
0.15,19,1.0,-0.1367096868127696
0.15,20,0.01,-0.0002845384731262
0.15,20,0.02,-0.0003932639265096
0.15,20,0.03,-0.0006644770654356
0.15,20,0.04,-0.0011999992921333
0.15,20,0.05,-0.0021206787039352
0.15,20,0.06,-0.0034751721283377
0.15,20,0.07,-0.0052152309274791
0.15,20,0.08,-0.0071971335777468
0.15,20,0.09,-0.0092659321251987
0.15,20,0.1,-0.0128169754292119
0.15,20,0.11,-0.0148195557280978
0.15,20,0.12,-0.0189208928913823
0.15,20,0.13,-0.0228592667713922
0.15,20,0.14,-0.0253029007669827
0.15,20,0.15,-0.0260211322582006
0.15,20,0.16,-0.0328926644440328
0.15,20,0.17,-0.0354744085607577
0.15,20,0.18,-0.0369014960363476
0.15,20,0.19,-0.0442122895302159
0.15,20,0.2,-0.0476011322137642
0.15,20,0.21,-0.0509318282884683
0.15,20,0.22,-0.0563754660009003
0.15,20,0.23,-0.0627106828076882
0.15,20,0.24,-0.0688455078446901
0.15,20,0.25,-0.0653095633772468
0.15,20,0.26,-0.0705014560485395
0.15,20,0.27,-0.0748648020765231
0.15,20,0.28,-0.0789239566044301
0.15,20,0.29,-0.0859523521921707
0.15,20,0.3,-0.0820692110506807
0.15,20,0.31,-0.0870864186093685
0.15,20,0.32,-0.0900790266920212
0.15,20,0.33,-0.0947927242166512
0.15,20,0.34,-0.0962133685808771
0.15,20,0.35,-0.0998622946370243
0.15,20,0.36,-0.0995910453969259
0.15,20,0.37,-0.1051436271550106
0.15,20,0.38,-0.1041430638188081
0.15,20,0.39,-0.1049924102406844
0.15,20,0.4,-0.1018814587949288
0.15,20,0.41,-0.1081087022192898
0.15,20,0.42,-0.1007622566500595
0.15,20,0.43,-0.1087457338342422
0.15,20,0.44,-0.1095451087627813
0.15,20,0.45,-0.1085296144245579
0.15,20,0.46,-0.1118249414770431
0.15,20,0.47,-0.1117586391823336
0.15,20,0.48,-0.1081097544268336
0.15,20,0.49,-0.1138603857967786
0.15,20,0.5,-0.1131473192899486
0.15,20,0.51,-0.110188668464656
0.15,20,0.52,-0.1140936211212807
0.15,20,0.53,-0.1115068108411734
0.15,20,0.54,-0.1150110088185345
0.15,20,0.55,-0.1180226321774767
0.15,20,0.56,-0.1144954183026673
0.15,20,0.57,-0.1182029702624083
0.15,20,0.58,-0.1161026475804723
0.15,20,0.59,-0.1217346158429113
0.15,20,0.6,-0.1160986332127063
0.15,20,0.61,-0.1200201883025195
0.15,20,0.62,-0.1131724561853425
0.15,20,0.63,-0.1231660888927973
0.15,20,0.64,-0.1203392156925842
0.15,20,0.65,-0.1209736978702034
0.15,20,0.66,-0.1185086027036766
0.15,20,0.67,-0.1202970986747165
0.15,20,0.68,-0.1191352207676247
0.15,20,0.69,-0.1213580847931258
0.15,20,0.7,-0.1215153464038741
0.15,20,0.71,-0.1239054785825182
0.15,20,0.72,-0.1242175665006199
0.15,20,0.73,-0.1250276218904601
0.15,20,0.74,-0.1209708451952822
0.15,20,0.75,-0.1258147123577466
0.15,20,0.76,-0.1206488233306124
0.15,20,0.77,-0.1221465476061033
0.15,20,0.78,-0.1283088641606097
0.15,20,0.79,-0.123501399322062
0.15,20,0.8,-0.1226795241239856
0.15,20,0.81,-0.128106847991029
0.15,20,0.82,-0.1250030427960419
0.15,20,0.83,-0.1237174093311752
0.15,20,0.84,-0.12254736180091
0.15,20,0.85,-0.1262538015915095
0.15,20,0.86,-0.1282831989874291
0.15,20,0.87,-0.1280410157656693
0.15,20,0.88,-0.1268171881517248
0.15,20,0.89,-0.1288904599320412
0.15,20,0.9,-0.1302037178782305
0.15,20,0.91,-0.1291344109426659
0.15,20,0.92,-0.124908876074449
0.15,20,0.93,-0.1257934274317569
0.15,20,0.94,-0.1274745342332957
0.15,20,0.95,-0.1330022386345114
0.15,20,0.96,-0.1314376647019154
0.15,20,0.97,-0.1303670406674884
0.15,20,0.98,-0.1314057160025893
0.15,20,0.99,-0.1307562664569944
0.15,20,1.0,-0.1347719475842379
0.15,21,0.01,-0.0005513927203013
0.15,21,0.02,-0.0006864852810196
0.15,21,0.03,-0.001008493195185
0.15,21,0.04,-0.0016442494407194
0.15,21,0.05,-0.0027114611537194
0.15,21,0.06,-0.0041103705357594
0.15,21,0.07,-0.0059703995147611
0.15,21,0.08,-0.0084971153946618
0.15,21,0.09,-0.009865388932739
0.15,21,0.1,-0.0133561057578407
0.15,21,0.11,-0.017133275946273
0.15,21,0.12,-0.0203919724696561
0.15,21,0.13,-0.0238109006121711
0.15,21,0.14,-0.0280866743487235
0.15,21,0.15,-0.0289913429046808
0.15,21,0.16,-0.0357330689905986
0.15,21,0.17,-0.0409456205366641
0.15,21,0.18,-0.0438066176208059
0.15,21,0.19,-0.048254432444604
0.15,21,0.2,-0.0566326434804381
0.15,21,0.21,-0.0583253814499092
0.15,21,0.22,-0.0626015554879934
0.15,21,0.23,-0.0667945890198004
0.15,21,0.24,-0.0672209376289743
0.15,21,0.25,-0.0755484635283517
0.15,21,0.26,-0.0771776293128257
0.15,21,0.27,-0.0804187694139284
0.15,21,0.28,-0.0859667755477201
0.15,21,0.29,-0.0861050720340626
0.15,21,0.3,-0.0911016630892104
0.15,21,0.31,-0.1003485528102196
0.15,21,0.32,-0.0907193446252744
0.15,21,0.33,-0.095571765242986
0.15,21,0.34,-0.0997326749745372
0.15,21,0.35,-0.1015390581038211
0.15,21,0.36,-0.0968349313375766
0.15,21,0.37,-0.1034833433157898
0.15,21,0.38,-0.1050190096794365
0.15,21,0.39,-0.0988104816411161
0.15,21,0.4,-0.1103999215757293
0.15,21,0.41,-0.1067718589249829
0.15,21,0.42,-0.1117224311425721
0.15,21,0.43,-0.1133255768940435
0.15,21,0.44,-0.1098030297737991
0.15,21,0.45,-0.1065690924130568
0.15,21,0.46,-0.1150215433472723
0.15,21,0.47,-0.1170092857427959
0.15,21,0.48,-0.1114744777524784
0.15,21,0.49,-0.1147965885480832
0.15,21,0.5,-0.1193082846518336
0.15,21,0.51,-0.1192094377433624
0.15,21,0.52,-0.1155636564362362
0.15,21,0.53,-0.1175936661949555
0.15,21,0.54,-0.1201053406191223
0.15,21,0.55,-0.1154752833948706
0.15,21,0.56,-0.1176534433459789
0.15,21,0.57,-0.1228828190567877
0.15,21,0.58,-0.1223281300429496
0.15,21,0.59,-0.1181934919463824
0.15,21,0.6,-0.1230055078514552
0.15,21,0.61,-0.1242634849249449
0.15,21,0.62,-0.1262425639065302
0.15,21,0.63,-0.123779456549603
0.15,21,0.64,-0.1260771004599327
0.15,21,0.65,-0.1215580108809569
0.15,21,0.66,-0.1223427673562969
0.15,21,0.67,-0.1249095055368435
0.15,21,0.68,-0.1254130220522326
0.15,21,0.69,-0.1273823940578648
0.15,21,0.7,-0.1243428297233308
0.15,21,0.71,-0.1243584260674072
0.15,21,0.72,-0.1262461469154938
0.15,21,0.73,-0.1290074813120701
0.15,21,0.74,-0.127563435471573
0.15,21,0.75,-0.1288241103339746
0.15,21,0.76,-0.1265684838303805
0.15,21,0.77,-0.1235827112437465
0.15,21,0.78,-0.1272841563559463
0.15,21,0.79,-0.1313302524089064
0.15,21,0.8,-0.1255033155529327
0.15,21,0.81,-0.1301422425569286
0.15,21,0.82,-0.1281018535208819
0.15,21,0.83,-0.1305259056832387
0.15,21,0.84,-0.1306953939848299
0.15,21,0.85,-0.129245655578472
0.15,21,0.86,-0.1264757633718265
0.15,21,0.87,-0.1303833884846345
0.15,21,0.88,-0.1292514049279025
0.15,21,0.89,-0.1342769820026947
0.15,21,0.9,-0.1306630231020177
0.15,21,0.91,-0.1301450818788758
0.15,21,0.92,-0.1302309939708747
0.15,21,0.93,-0.1306326434627246
0.15,21,0.94,-0.1314434238767016
0.15,21,0.95,-0.1334631463320646
0.15,21,0.96,-0.1316850652545877
0.15,21,0.97,-0.1356181492235477
0.15,21,0.98,-0.131724067960429
0.15,21,0.99,-0.1321171079885697
0.15,21,1.0,-0.1339507723362209
0.15,22,0.01,-0.0012149575756336
0.15,22,0.02,-0.0014635707104415
0.15,22,0.03,-0.0019439233651692
0.15,22,0.04,-0.0026883239214972
0.15,22,0.05,-0.0038610406680846
0.15,22,0.06,-0.0054042204091942
0.15,22,0.07,-0.0074557960960089
0.15,22,0.08,-0.0091343597010188
0.15,22,0.09,-0.0120784772613764
0.15,22,0.1,-0.015453483238281
0.15,22,0.11,-0.0182279340060739
0.15,22,0.12,-0.0205108307491654
0.15,22,0.13,-0.0253674097801025
0.15,22,0.14,-0.0280233474445048
0.15,22,0.15,-0.0343970700357511
0.15,22,0.16,-0.037752336172943
0.15,22,0.17,-0.0436325885128908
0.15,22,0.18,-0.0461413470398803
0.15,22,0.19,-0.0501118614956163
0.15,22,0.2,-0.0534326228521247
0.15,22,0.21,-0.060185157410445
0.15,22,0.22,-0.0617293064391368
0.15,22,0.23,-0.0673847391026926
0.15,22,0.24,-0.0700384077974267
0.15,22,0.25,-0.0783699506509031
0.15,22,0.26,-0.0819114642451916
0.15,22,0.27,-0.0813229286715095
0.15,22,0.28,-0.0844026029012028
0.15,22,0.29,-0.0920135509096333
0.15,22,0.3,-0.0939773867790473
0.15,22,0.31,-0.0846797058136007
0.15,22,0.32,-0.0960124751583894
0.15,22,0.33,-0.0943385549159045
0.15,22,0.34,-0.0988317150090619
0.15,22,0.35,-0.0990523191818497
0.15,22,0.36,-0.098379673585243
0.15,22,0.37,-0.1051871097675183
0.15,22,0.38,-0.1038375301507459
0.15,22,0.39,-0.1038541446135126
0.15,22,0.4,-0.1055290175272926
0.15,22,0.41,-0.1123200127091781
0.15,22,0.42,-0.1093046202032891
0.15,22,0.43,-0.1079987798315284
0.15,22,0.44,-0.1157157475433006
0.15,22,0.45,-0.1130751057428945
0.15,22,0.46,-0.1064603825388646
0.15,22,0.47,-0.1069196373889709
0.15,22,0.48,-0.1165800367977065
0.15,22,0.49,-0.1149941536972021
0.15,22,0.5,-0.1170692979682022
0.15,22,0.51,-0.1184821052164606
0.15,22,0.52,-0.1194355042466819
0.15,22,0.53,-0.1125305923054744
0.15,22,0.54,-0.1173108547268412
0.15,22,0.55,-0.1200001360994249
0.15,22,0.56,-0.1160112184836575
0.15,22,0.57,-0.1206381678977775
0.15,22,0.58,-0.1225053683952235
0.15,22,0.59,-0.1258522798407435
0.15,22,0.6,-0.1205790259326582
0.15,22,0.61,-0.1228634049478547
0.15,22,0.62,-0.1225032869258099
0.15,22,0.63,-0.1247300682441458
0.15,22,0.64,-0.1241278835064843
0.15,22,0.65,-0.1247174678335618
0.15,22,0.66,-0.1211419707367112
0.15,22,0.67,-0.1191957086054837
0.15,22,0.68,-0.1278149935891439
0.15,22,0.69,-0.1262817009106282
0.15,22,0.7,-0.1264045929842479
0.15,22,0.71,-0.1246714125887558
0.15,22,0.72,-0.1292697535171723
0.15,22,0.73,-0.1254763954318811
0.15,22,0.74,-0.1265456419857178
0.15,22,0.75,-0.1272693169967814
0.15,22,0.76,-0.1251514924089457
0.15,22,0.77,-0.1263865747904166
0.15,22,0.78,-0.1266143224249112
0.15,22,0.79,-0.1245660621591733
0.15,22,0.8,-0.1324560660525114
0.15,22,0.81,-0.1325306716228203
0.15,22,0.82,-0.1301851788301875
0.15,22,0.83,-0.1274756980850571
0.15,22,0.84,-0.1256725765192069
0.15,22,0.85,-0.1305373197559104
0.15,22,0.86,-0.1293542317100167
0.15,22,0.87,-0.1303990816529092
0.15,22,0.88,-0.130784712159683
0.15,22,0.89,-0.1284295826043668
0.15,22,0.9,-0.1274525776695707
0.15,22,0.91,-0.1310841208273127
0.15,22,0.92,-0.1277938138082315
0.15,22,0.93,-0.1343963776525269
0.15,22,0.94,-0.1360005185028168
0.15,22,0.95,-0.1332541250810079
0.15,22,0.96,-0.1314183874706797
0.15,22,0.97,-0.1329264811658761
0.15,22,0.98,-0.1363358851629929
0.15,22,0.99,-0.1332504286084481
0.15,22,1.0,-0.1389748998498952
0.15,23,0.01,-0.0005072539354178
0.15,23,0.02,-0.0006501674484721
0.15,23,0.03,-0.0009745678049501
0.15,23,0.04,-0.0016264254687783
0.15,23,0.05,-0.0027259156282753
0.15,23,0.06,-0.004248201591107
0.15,23,0.07,-0.0057824510479748
0.15,23,0.08,-0.0084986698742383
0.15,23,0.09,-0.0114629523731116
0.15,23,0.1,-0.0145980670903817
0.15,23,0.11,-0.017744294662841
0.15,23,0.12,-0.0204956202553925
0.15,23,0.13,-0.0264156622207846
0.15,23,0.14,-0.0283641389838682
0.15,23,0.15,-0.0353361426726116
0.15,23,0.16,-0.0398900252340457
0.15,23,0.17,-0.0426940221891169
0.15,23,0.18,-0.0489183021378215
0.15,23,0.19,-0.0531307923853007
0.15,23,0.2,-0.0541125400192535
0.15,23,0.21,-0.0620676803539052
0.15,23,0.22,-0.0636139692417768
0.15,23,0.23,-0.0697818009993482
0.15,23,0.24,-0.0716803994269248
0.15,23,0.25,-0.0768814257152705
0.15,23,0.26,-0.0851513777515823
0.15,23,0.27,-0.0916181747528306
0.15,23,0.28,-0.0926306277685842
0.15,23,0.29,-0.0908067051476797
0.15,23,0.3,-0.098718156863122
0.15,23,0.31,-0.091840522400918
0.15,23,0.32,-0.1012331481513085
0.15,23,0.33,-0.1064158526277085
0.15,23,0.34,-0.1041738191236809
0.15,23,0.35,-0.1102582669070899
0.15,23,0.36,-0.1074874080265242
0.15,23,0.37,-0.1058266178558746
0.15,23,0.38,-0.1131973895869657
0.15,23,0.39,-0.1138126737240285
0.15,23,0.4,-0.1171690347234472
0.15,23,0.41,-0.1180957168339776
0.15,23,0.42,-0.1196505848398075
0.15,23,0.43,-0.111523676347892
0.15,23,0.44,-0.118458186474952
0.15,23,0.45,-0.1214261024137348
0.15,23,0.46,-0.1238934174974979
0.15,23,0.47,-0.1192981221037332
0.15,23,0.48,-0.1197164468345992
0.15,23,0.49,-0.1225908569166704
0.15,23,0.5,-0.121554739675483
0.15,23,0.51,-0.1170244178535282
0.15,23,0.52,-0.1251533897222347
0.15,23,0.53,-0.121367660712574
0.15,23,0.54,-0.1262491413857312
0.15,23,0.55,-0.1239834003362367
0.15,23,0.56,-0.1298940970143526
0.15,23,0.57,-0.1236462888770627
0.15,23,0.58,-0.1239191861918893
0.15,23,0.59,-0.1304948292447233
0.15,23,0.6,-0.1280893718648733
0.15,23,0.61,-0.1225500240635552
0.15,23,0.62,-0.1224770228482362
0.15,23,0.63,-0.1287404203638956
0.15,23,0.64,-0.1228182175413392
0.15,23,0.65,-0.1246798639852537
0.15,23,0.66,-0.130416952570494
0.15,23,0.67,-0.1260589494918157
0.15,23,0.68,-0.1296247220688383
0.15,23,0.69,-0.1298323258084531
0.15,23,0.7,-0.1292189799664953
0.15,23,0.71,-0.1275853474622575
0.15,23,0.72,-0.1220900082180226
0.15,23,0.73,-0.1260664370292276
0.15,23,0.74,-0.130718536414763
0.15,23,0.75,-0.1308274013052765
0.15,23,0.76,-0.131111461528164
0.15,23,0.77,-0.1298862070191428
0.15,23,0.78,-0.1320831655370439
0.15,23,0.79,-0.1359316250209956
0.15,23,0.8,-0.1369787894099155
0.15,23,0.81,-0.1286523598271012
0.15,23,0.82,-0.1258991318598126
0.15,23,0.83,-0.1279340475619776
0.15,23,0.84,-0.1295249443449863
0.15,23,0.85,-0.1326470670063119
0.15,23,0.86,-0.1327086876302172
0.15,23,0.87,-0.1296533550874652
0.15,23,0.88,-0.1314651058225651
0.15,23,0.89,-0.1274392942771136
0.15,23,0.9,-0.1329549270049736
0.15,23,0.91,-0.1305307084798403
0.15,23,0.92,-0.1335772053702972
0.15,23,0.93,-0.1371440330048578
0.15,23,0.94,-0.1338267774372273
0.15,23,0.95,-0.1373708617657953
0.15,23,0.96,-0.1315638075447631
0.15,23,0.97,-0.1351615378442807
0.15,23,0.98,-0.1356138920176857
0.15,23,0.99,-0.1372338836332792
0.15,23,1.0,-0.139099685663237
0.15,24,0.01,-0.0003818586353494
0.15,24,0.02,-0.0004852614062552
0.15,24,0.03,-0.0007432747574134
0.15,24,0.04,-0.0012744795349932
0.15,24,0.05,-0.0021495563896687
0.15,24,0.06,-0.003486708341748
0.15,24,0.07,-0.0049852129682912
0.15,24,0.08,-0.0070847303477018
0.15,24,0.09,-0.009349454283501
0.15,24,0.1,-0.0128523454815742
0.15,24,0.11,-0.0149380363035574
0.15,24,0.12,-0.0173924169763799
0.15,24,0.13,-0.0196986654865588
0.15,24,0.14,-0.0261210471180331
0.15,24,0.15,-0.0301882210849546
0.15,24,0.16,-0.0308271699758729
0.15,24,0.17,-0.0390360488124987
0.15,24,0.18,-0.0411723122741894
0.15,24,0.19,-0.0451046736308041
0.15,24,0.2,-0.0466737272091113
0.15,24,0.21,-0.052928389567753
0.15,24,0.22,-0.0612603136418562
0.15,24,0.23,-0.067294933917231
0.15,24,0.24,-0.0641487896772723
0.15,24,0.25,-0.0658923715297018
0.15,24,0.26,-0.076269103415382
0.15,24,0.27,-0.0765571599375628
0.15,24,0.28,-0.0751084412550602
0.15,24,0.29,-0.0902602825562121
0.15,24,0.3,-0.0920889510567732
0.15,24,0.31,-0.0940956232226001
0.15,24,0.32,-0.0925207996478465
0.15,24,0.33,-0.0975160511927058
0.15,24,0.34,-0.0978056798895348
0.15,24,0.35,-0.0992293316713787
0.15,24,0.36,-0.10412926261953
0.15,24,0.37,-0.1105504396142228
0.15,24,0.38,-0.1025460948304289
0.15,24,0.39,-0.1089290635336237
0.15,24,0.4,-0.1150180949546171
0.15,24,0.41,-0.1089806111171652
0.15,24,0.42,-0.1100676832812322
0.15,24,0.43,-0.1100026989515563
0.15,24,0.44,-0.1142388603589671
0.15,24,0.45,-0.1187856532827432
0.15,24,0.46,-0.1178796280004501
0.15,24,0.47,-0.1157071058031134
0.15,24,0.48,-0.121593369197802
0.15,24,0.49,-0.1148441772718407
0.15,24,0.5,-0.1244761616243702
0.15,24,0.51,-0.1177700541855031
0.15,24,0.52,-0.1222283040415014
0.15,24,0.53,-0.1216672786431069
0.15,24,0.54,-0.1190944429038677
0.15,24,0.55,-0.1203060588662589
0.15,24,0.56,-0.1220672216835795
0.15,24,0.57,-0.1244164519137813
0.15,24,0.58,-0.1145338980592977
0.15,24,0.59,-0.1273055164581598
0.15,24,0.6,-0.1260743828875784
0.15,24,0.61,-0.1261331539487986
0.15,24,0.62,-0.1219031634696134
0.15,24,0.63,-0.1235625447381232
0.15,24,0.64,-0.1208421676616792
0.15,24,0.65,-0.1285460936273747
0.15,24,0.66,-0.1269864428285343
0.15,24,0.67,-0.1246426870799139
0.15,24,0.68,-0.1303614699885682
0.15,24,0.69,-0.1209824305244344
0.15,24,0.7,-0.125110987736466
0.15,24,0.71,-0.1243675700508259
0.15,24,0.72,-0.1236105982852143
0.15,24,0.73,-0.1301522632740154
0.15,24,0.74,-0.1308188825656425
0.15,24,0.75,-0.1304527037693999
0.15,24,0.76,-0.1297934150247731
0.15,24,0.77,-0.1320728217902429
0.15,24,0.78,-0.1331655676757567
0.15,24,0.79,-0.1325382015986703
0.15,24,0.8,-0.1326541332473517
0.15,24,0.81,-0.1269135849445583
0.15,24,0.82,-0.1314134233871981
0.15,24,0.83,-0.1313720159100178
0.15,24,0.84,-0.1275354725350358
0.15,24,0.85,-0.1290380128367831
0.15,24,0.86,-0.1341110024014374
0.15,24,0.87,-0.1339110824800849
0.15,24,0.88,-0.1317090492372583
0.15,24,0.89,-0.1335520019053697
0.15,24,0.9,-0.1325454422584335
0.15,24,0.91,-0.1338936308621306
0.15,24,0.92,-0.138269048838797
0.15,24,0.93,-0.1311609721226934
0.15,24,0.94,-0.1339376930532416
0.15,24,0.95,-0.134012995117235
0.15,24,0.96,-0.1374885328265988
0.15,24,0.97,-0.128941830908036
0.15,24,0.98,-0.1330585019713187
0.15,24,0.99,-0.137680265222096
0.15,24,1.0,-0.1381477302381054
0.15,25,0.01,-0.0002220126116278
0.15,25,0.02,-0.0003111907286769
0.15,25,0.03,-0.000528072558712
0.15,25,0.04,-0.0009536700198938
0.15,25,0.05,-0.0016990267011467
0.15,25,0.06,-0.0027894761702567
0.15,25,0.07,-0.0041664826279584
0.15,25,0.08,-0.005661550715029
0.15,25,0.09,-0.00776486854488
0.15,25,0.1,-0.0105394382082471
0.15,25,0.11,-0.013257240304995
0.15,25,0.12,-0.0166977716307509
0.15,25,0.13,-0.0188807289305967
0.15,25,0.14,-0.0222438191015155
0.15,25,0.15,-0.0252344860574698
0.15,25,0.16,-0.0266722830387614
0.15,25,0.17,-0.0348253365917384
0.15,25,0.18,-0.0359291885845789
0.15,25,0.19,-0.0379509461808888
0.15,25,0.2,-0.045517538626032
0.15,25,0.21,-0.0512975192515717
0.15,25,0.22,-0.054560859701585
0.15,25,0.23,-0.0585282526401991
0.15,25,0.24,-0.0649318162792973
0.15,25,0.25,-0.0667488086869831
0.15,25,0.26,-0.0706648348935401
0.15,25,0.27,-0.0674566000058453
0.15,25,0.28,-0.0822373392349146
0.15,25,0.29,-0.0783964682869729
0.15,25,0.3,-0.0875994738043184
0.15,25,0.31,-0.0885957725764867
0.15,25,0.32,-0.0888081782090735
0.15,25,0.33,-0.0858649648984384
0.15,25,0.34,-0.0950345099516851
0.15,25,0.35,-0.0931631047179285
0.15,25,0.36,-0.0912588164485307
0.15,25,0.37,-0.1014716457194593
0.15,25,0.38,-0.1040243420446389
0.15,25,0.39,-0.1058590740948036
0.15,25,0.4,-0.1052685487306397
0.15,25,0.41,-0.1084719877924237
0.15,25,0.42,-0.1089876558113481
0.15,25,0.43,-0.1065238538580264
0.15,25,0.44,-0.1084441404782781
0.15,25,0.45,-0.1111978662684387
0.15,25,0.46,-0.1094217848243244
0.15,25,0.47,-0.110669363785838
0.15,25,0.48,-0.1156587895560369
0.15,25,0.49,-0.1136740973013376
0.15,25,0.5,-0.1108461824059505
0.15,25,0.51,-0.1154419729461528
0.15,25,0.52,-0.1166508545566622
0.15,25,0.53,-0.1163872186789303
0.15,25,0.54,-0.118065039164446
0.15,25,0.55,-0.109471426266224
0.15,25,0.56,-0.1172267843095088
0.15,25,0.57,-0.1184701532916933
0.15,25,0.58,-0.1167318938778664
0.15,25,0.59,-0.1150162112709814
0.15,25,0.6,-0.1204798404024619
0.15,25,0.61,-0.1211075239716483
0.15,25,0.62,-0.122946227664666
0.15,25,0.63,-0.1210613368721509
0.15,25,0.64,-0.1247824834769822
0.15,25,0.65,-0.1228735920796265
0.15,25,0.66,-0.120680956631213
0.15,25,0.67,-0.1264583118411022
0.15,25,0.68,-0.120761637005738
0.15,25,0.69,-0.122256072714123
0.15,25,0.7,-0.1194491338559954
0.15,25,0.71,-0.1206750051981886
0.15,25,0.72,-0.1216731131627622
0.15,25,0.73,-0.1197616512773749
0.15,25,0.74,-0.1239912588415768
0.15,25,0.75,-0.1209836420034791
0.15,25,0.76,-0.1248764109983385
0.15,25,0.77,-0.1239556188365301
0.15,25,0.78,-0.1274793321929747
0.15,25,0.79,-0.1247570407735849
0.15,25,0.8,-0.1261905542933628
0.15,25,0.81,-0.1258943721053301
0.15,25,0.82,-0.1297615363462954
0.15,25,0.83,-0.1307614839093025
0.15,25,0.84,-0.1275151027057771
0.15,25,0.85,-0.1270260094592515
0.15,25,0.86,-0.1295231868117872
0.15,25,0.87,-0.1318097651678223
0.15,25,0.88,-0.1281524339368021
0.15,25,0.89,-0.1340895741214249
0.15,25,0.9,-0.130297374892448
0.15,25,0.91,-0.1291260743209063
0.15,25,0.92,-0.131948677930172
0.15,25,0.93,-0.1300075696661299
0.15,25,0.94,-0.1289178483916287
0.15,25,0.95,-0.1340498325817973
0.15,25,0.96,-0.1316556595697731
0.15,25,0.97,-0.1347681371329153
0.15,25,0.98,-0.1337922741887033
0.15,25,0.99,-0.1289462181055756
0.15,25,1.0,-0.1251898202231639
0.15,26,0.01,-0.0010424397275541
0.15,26,0.02,-0.0012628685988038
0.15,26,0.03,-0.0017264243723456
0.15,26,0.04,-0.0025568512755166
0.15,26,0.05,-0.0037667108749583
0.15,26,0.06,-0.0054353236882581
0.15,26,0.07,-0.0074740806286694
0.15,26,0.08,-0.0099514585989283
0.15,26,0.09,-0.0114764429138484
0.15,26,0.1,-0.0150772242503538
0.15,26,0.11,-0.01811100909917
0.15,26,0.12,-0.0210623936611971
0.15,26,0.13,-0.0256085433266387
0.15,26,0.14,-0.0295976353783
0.15,26,0.15,-0.0327370606092644
0.15,26,0.16,-0.0366713262537208
0.15,26,0.17,-0.0385483381662069
0.15,26,0.18,-0.0468849956645089
0.15,26,0.19,-0.0504262850569476
0.15,26,0.2,-0.0541288338080171
0.15,26,0.21,-0.053375127208611
0.15,26,0.22,-0.0585458513650018
0.15,26,0.23,-0.0663309027148055
0.15,26,0.24,-0.068000059611702
0.15,26,0.25,-0.0801013883980176
0.15,26,0.26,-0.076104584731172
0.15,26,0.27,-0.0755390010442641
0.15,26,0.28,-0.0799986317756812
0.15,26,0.29,-0.0835538562822487
0.15,26,0.3,-0.0779357844209873
0.15,26,0.31,-0.0879694256298063
0.15,26,0.32,-0.0910225549415149
0.15,26,0.33,-0.0946198996471725
0.15,26,0.34,-0.0953889909478265
0.15,26,0.35,-0.0980694640147977
0.15,26,0.36,-0.0965561127808416
0.15,26,0.37,-0.106809881810751
0.15,26,0.38,-0.1015385019730719
0.15,26,0.39,-0.1034584371687075
0.15,26,0.4,-0.1027683645776056
0.15,26,0.41,-0.1018690985985378
0.15,26,0.42,-0.1077764223732285
0.15,26,0.43,-0.1056117823076148
0.15,26,0.44,-0.1079569964545607
0.15,26,0.45,-0.106353597500923
0.15,26,0.46,-0.1095579067563053
0.15,26,0.47,-0.1079843866044226
0.15,26,0.48,-0.1096412823033403
0.15,26,0.49,-0.1141661951154765
0.15,26,0.5,-0.1118801925985812
0.15,26,0.51,-0.1141178431202361
0.15,26,0.52,-0.1173366146383965
0.15,26,0.53,-0.1160760070455776
0.15,26,0.54,-0.1164874737671093
0.15,26,0.55,-0.1173804451686013
0.15,26,0.56,-0.1136241559943809
0.15,26,0.57,-0.1153440028783977
0.15,26,0.58,-0.1162241695553817
0.15,26,0.59,-0.1156489964661569
0.15,26,0.6,-0.1186880146779773
0.15,26,0.61,-0.121309001933423
0.15,26,0.62,-0.1192950371494253
0.15,26,0.63,-0.1227993920127838
0.15,26,0.64,-0.1219004400060575
0.15,26,0.65,-0.1215237976248187
0.15,26,0.66,-0.1188842770588194
0.15,26,0.67,-0.1243151476674296
0.15,26,0.68,-0.1225518789645084
0.15,26,0.69,-0.1229814512153814
0.15,26,0.7,-0.1239637940414039
0.15,26,0.71,-0.1220684814656055
0.15,26,0.72,-0.1253210815356314
0.15,26,0.73,-0.1261857921401133
0.15,26,0.74,-0.1231516430128017
0.15,26,0.75,-0.1254542623075805
0.15,26,0.76,-0.1235475339777859
0.15,26,0.77,-0.1210610275743201
0.15,26,0.78,-0.1268280547192022
0.15,26,0.79,-0.129284244243216
0.15,26,0.8,-0.1215813577996646
0.15,26,0.81,-0.1236076020944581
0.15,26,0.82,-0.1284792080185954
0.15,26,0.83,-0.1289977453146207
0.15,26,0.84,-0.1264956627714635
0.15,26,0.85,-0.1305884936882173
0.15,26,0.86,-0.1260778972822013
0.15,26,0.87,-0.1307261261845707
0.15,26,0.88,-0.1304690322816728
0.15,26,0.89,-0.1287849033839305
0.15,26,0.9,-0.1310718517367648
0.15,26,0.91,-0.1301826899486019
0.15,26,0.92,-0.1271099019990353
0.15,26,0.93,-0.1326581443419133
0.15,26,0.94,-0.1339982396119101
0.15,26,0.95,-0.1284995441294405
0.15,26,0.96,-0.1326758635692418
0.15,26,0.97,-0.1320579204104724
0.15,26,0.98,-0.1309340461653189
0.15,26,0.99,-0.1336391487341535
0.15,26,1.0,-0.1377216474679309
0.15,27,0.01,-0.0014831609715873
0.15,27,0.02,-0.0017282982938198
0.15,27,0.03,-0.0022133909566018
0.15,27,0.04,-0.0030024713639791
0.15,27,0.05,-0.0041586578446526
0.15,27,0.06,-0.0057529484609504
0.15,27,0.07,-0.0077751331036081
0.15,27,0.08,-0.0099773514649821
0.15,27,0.09,-0.0122109246192869
0.15,27,0.1,-0.0147048954307675
0.15,27,0.11,-0.0182993324422746
0.15,27,0.12,-0.0220840487812964
0.15,27,0.13,-0.0275614201496234
0.15,27,0.14,-0.0290732136451968
0.15,27,0.15,-0.0322070608830353
0.15,27,0.16,-0.0354121034174609
0.15,27,0.17,-0.0368556626073335
0.15,27,0.18,-0.0459553381510682
0.15,27,0.19,-0.0494496401558738
0.15,27,0.2,-0.0564772138850655
0.15,27,0.21,-0.0563284019627421
0.15,27,0.22,-0.0592459100243065
0.15,27,0.23,-0.0618616678747583
0.15,27,0.24,-0.0642061602169024
0.15,27,0.25,-0.0720954895954127
0.15,27,0.26,-0.0744347124726149
0.15,27,0.27,-0.0793264945408208
0.15,27,0.28,-0.081923025289085
0.15,27,0.29,-0.087338288151501
0.15,27,0.3,-0.088852967891988
0.15,27,0.31,-0.0895366325926404
0.15,27,0.32,-0.0956546977486153
0.15,27,0.33,-0.0954887990854149
0.15,27,0.34,-0.0900881924912339
0.15,27,0.35,-0.1016354080353631
0.15,27,0.36,-0.1004976452577394
0.15,27,0.37,-0.1019924029301912
0.15,27,0.38,-0.0987957559977693
0.15,27,0.39,-0.10527247918804
0.15,27,0.4,-0.1034745651494256
0.15,27,0.41,-0.1066886523644264
0.15,27,0.42,-0.1022820947589913
0.15,27,0.43,-0.1121211604791791
0.15,27,0.44,-0.1075041064986221
0.15,27,0.45,-0.1078097691353265
0.15,27,0.46,-0.1085662939410827
0.15,27,0.47,-0.1135435535749979
0.15,27,0.48,-0.1129721242501542
0.15,27,0.49,-0.1148523349525041
0.15,27,0.5,-0.1131805388158067
0.15,27,0.51,-0.1142978114608455
0.15,27,0.52,-0.1187458591654225
0.15,27,0.53,-0.1175382441593922
0.15,27,0.54,-0.1200371583010246
0.15,27,0.55,-0.11324950954882
0.15,27,0.56,-0.1202309616699678
0.15,27,0.57,-0.1191674281073087
0.15,27,0.58,-0.1181546637733212
0.15,27,0.59,-0.1177819340404685
0.15,27,0.6,-0.1181202280638534
0.15,27,0.61,-0.123985050993016
0.15,27,0.62,-0.1231807217610214
0.15,27,0.63,-0.1170967316201503
0.15,27,0.64,-0.1182945184524872
0.15,27,0.65,-0.1201190517624673
0.15,27,0.66,-0.1228772477059835
0.15,27,0.67,-0.1208556333754506
0.15,27,0.68,-0.1209508796733498
0.15,27,0.69,-0.1254844508678235
0.15,27,0.7,-0.1225857766370064
0.15,27,0.71,-0.1247679590949812
0.15,27,0.72,-0.1211215960080573
0.15,27,0.73,-0.1231574824455931
0.15,27,0.74,-0.1246428072879201
0.15,27,0.75,-0.1236497569048764
0.15,27,0.76,-0.1246110624650466
0.15,27,0.77,-0.1259777410478243
0.15,27,0.78,-0.1263343725818929
0.15,27,0.79,-0.1263908853417251
0.15,27,0.8,-0.1266278818800829
0.15,27,0.81,-0.126756335314854
0.15,27,0.82,-0.1247880782692494
0.15,27,0.83,-0.1305416974117366
0.15,27,0.84,-0.1256166043984829
0.15,27,0.85,-0.1301023411005279
0.15,27,0.86,-0.1276593086933178
0.15,27,0.87,-0.131018091892994
0.15,27,0.88,-0.1284380543085481
0.15,27,0.89,-0.1304703090471731
0.15,27,0.9,-0.1322249375272072
0.15,27,0.91,-0.130183539023549
0.15,27,0.92,-0.1318953206988646
0.15,27,0.93,-0.1317069750190202
0.15,27,0.94,-0.1293728660291299
0.15,27,0.95,-0.1300611784418125
0.15,27,0.96,-0.1277549515780359
0.15,27,0.97,-0.1299555477509923
0.15,27,0.98,-0.1302466983496239
0.15,27,0.99,-0.1323565084240215
0.15,27,1.0,-0.1343616770844053
0.15,28,0.01,-0.0004650599793465
0.15,28,0.02,-0.0006126212903893
0.15,28,0.03,-0.0009834709348603
0.15,28,0.04,-0.0017203219069564
0.15,28,0.05,-0.0027882943102923
0.15,28,0.06,-0.0043440452557893
0.15,28,0.07,-0.0061044387347703
0.15,28,0.08,-0.0090992888478285
0.15,28,0.09,-0.0114112818617648
0.15,28,0.1,-0.0144636028353161
0.15,28,0.11,-0.0191676515960124
0.15,28,0.12,-0.0207880259915745
0.15,28,0.13,-0.0265765084939882
0.15,28,0.14,-0.0309269687352265
0.15,28,0.15,-0.0311634508514061
0.15,28,0.16,-0.0399737906557171
0.15,28,0.17,-0.0379897061120003
0.15,28,0.18,-0.0473826726520659
0.15,28,0.19,-0.0493294542557202
0.15,28,0.2,-0.0550153212949818
0.15,28,0.21,-0.0615070600676815
0.15,28,0.22,-0.0677581735790235
0.15,28,0.23,-0.0696582374706726
0.15,28,0.24,-0.07304169749437
0.15,28,0.25,-0.076857604375722
0.15,28,0.26,-0.0769872857733884
0.15,28,0.27,-0.0828374119456342
0.15,28,0.28,-0.0883111743222471
0.15,28,0.29,-0.0864277648197069
0.15,28,0.3,-0.0902568099106724
0.15,28,0.31,-0.0913786603764756
0.15,28,0.32,-0.0926974377114441
0.15,28,0.33,-0.1010274395152041
0.15,28,0.34,-0.0990948102057525
0.15,28,0.35,-0.1056035973314498
0.15,28,0.36,-0.109549790102424
0.15,28,0.37,-0.1122717689295462
0.15,28,0.38,-0.1108135424868491
0.15,28,0.39,-0.1102145549563367
0.15,28,0.4,-0.1092311424095114
0.15,28,0.41,-0.1092747714614046
0.15,28,0.42,-0.1159689374890937
0.15,28,0.43,-0.110813760636718
0.15,28,0.44,-0.1160379124187865
0.15,28,0.45,-0.1120928048357462
0.15,28,0.46,-0.1168860834052998
0.15,28,0.47,-0.1187801496035513
0.15,28,0.48,-0.1184058482449081
0.15,28,0.49,-0.1155767673369118
0.15,28,0.5,-0.1205496113410119
0.15,28,0.51,-0.1185508648395788
0.15,28,0.52,-0.1204397829639857
0.15,28,0.53,-0.1151218743406642
0.15,28,0.54,-0.1231498256507197
0.15,28,0.55,-0.120621456324211
0.15,28,0.56,-0.1165936747631282
0.15,28,0.57,-0.1143028685301967
0.15,28,0.58,-0.1225138686901142
0.15,28,0.59,-0.1220799933094618
0.15,28,0.6,-0.1179993999402729
0.15,28,0.61,-0.1207607777129604
0.15,28,0.62,-0.1227952742273553
0.15,28,0.63,-0.1242108470031543
0.15,28,0.64,-0.1188498323625439
0.15,28,0.65,-0.1258662623614971
0.15,28,0.66,-0.1245477456329165
0.15,28,0.67,-0.1248449172085577
0.15,28,0.68,-0.1261235455451515
0.15,28,0.69,-0.1256571980015401
0.15,28,0.7,-0.1281582603352888
0.15,28,0.71,-0.1275248414686061
0.15,28,0.72,-0.1250248149824993
0.15,28,0.73,-0.1233245503988573
0.15,28,0.74,-0.1271114673045376
0.15,28,0.75,-0.1238184275226449
0.15,28,0.76,-0.1256738045120107
0.15,28,0.77,-0.128051992717915
0.15,28,0.78,-0.1251827223894299
0.15,28,0.79,-0.1234296912930827
0.15,28,0.8,-0.1304055096604234
0.15,28,0.81,-0.1307721893492368
0.15,28,0.82,-0.1303687533447691
0.15,28,0.83,-0.125578009556891
0.15,28,0.84,-0.1308181357917804
0.15,28,0.85,-0.1289412338345296
0.15,28,0.86,-0.1320836435717671
0.15,28,0.87,-0.1311207226725132
0.15,28,0.88,-0.1285317287768492
0.15,28,0.89,-0.1323540616471308
0.15,28,0.9,-0.1276845813250751
0.15,28,0.91,-0.1332892224682665
0.15,28,0.92,-0.1283374752100287
0.15,28,0.93,-0.1314865076620475
0.15,28,0.94,-0.1312917852629213
0.15,28,0.95,-0.1355843643364808
0.15,28,0.96,-0.1344838129041232
0.15,28,0.97,-0.1326201434835701
0.15,28,0.98,-0.1370048946630209
0.15,28,0.99,-0.1365638142271116
0.15,28,1.0,-0.1322929305340111
0.15,29,0.01,-0.0008739047989032
0.15,29,0.02,-0.001098920853007
0.15,29,0.03,-0.0015850839216937
0.15,29,0.04,-0.0024561367425343
0.15,29,0.05,-0.0037684310829913
0.15,29,0.06,-0.0052707134189662
0.15,29,0.07,-0.0075632908988928
0.15,29,0.08,-0.0096522890725407
0.15,29,0.09,-0.0131970144744268
0.15,29,0.1,-0.0171755201590008
0.15,29,0.11,-0.0190543807880304
0.15,29,0.12,-0.0215295391256275
0.15,29,0.13,-0.0276415890604689
0.15,29,0.14,-0.0321968234101107
0.15,29,0.15,-0.0333842602159787
0.15,29,0.16,-0.0371024547431233
0.15,29,0.17,-0.0393793701460757
0.15,29,0.18,-0.0455418400657298
0.15,29,0.19,-0.0514103070067065
0.15,29,0.2,-0.0581376021039379
0.15,29,0.21,-0.0603670516840541
0.15,29,0.22,-0.0664044375666483
0.15,29,0.23,-0.0715549788278642
0.15,29,0.24,-0.0691276292560449
0.15,29,0.25,-0.0761584257550517
0.15,29,0.26,-0.0805893451280089
0.15,29,0.27,-0.0831129777956491
0.15,29,0.28,-0.0924427314384777
0.15,29,0.29,-0.0941233510179726
0.15,29,0.3,-0.0966445361479441
0.15,29,0.31,-0.093444191378749
0.15,29,0.32,-0.0934253261628217
0.15,29,0.33,-0.1013242929996797
0.15,29,0.34,-0.1017555311960321
0.15,29,0.35,-0.1024260163346653
0.15,29,0.36,-0.1053503778047862
0.15,29,0.37,-0.1071898656686758
0.15,29,0.38,-0.1108193888890703
0.15,29,0.39,-0.1096230403616531
0.15,29,0.4,-0.1094708185795667
0.15,29,0.41,-0.1146341234848739
0.15,29,0.42,-0.1051212422376278
0.15,29,0.43,-0.1112995058708403
0.15,29,0.44,-0.1143375840733224
0.15,29,0.45,-0.116405181888425
0.15,29,0.46,-0.1088563899129673
0.15,29,0.47,-0.1177250487060746
0.15,29,0.48,-0.1158143992941635
0.15,29,0.49,-0.1158333680695781
0.15,29,0.5,-0.1185101843541977
0.15,29,0.51,-0.1125184754893821
0.15,29,0.52,-0.1217209110783727
0.15,29,0.53,-0.12259768589203
0.15,29,0.54,-0.1164290415541587
0.15,29,0.55,-0.1196627283508719
0.15,29,0.56,-0.1217303745399224
0.15,29,0.57,-0.1236633410547315
0.15,29,0.58,-0.1178581680663866
0.15,29,0.59,-0.1236225366102338
0.15,29,0.6,-0.1202985972101849
0.15,29,0.61,-0.1239085378354529
0.15,29,0.62,-0.1246310214814267
0.15,29,0.63,-0.1211657096554211
0.15,29,0.64,-0.1265691937137986
0.15,29,0.65,-0.1249873286810412
0.15,29,0.66,-0.1229055490546381
0.15,29,0.67,-0.1259143847577197
0.15,29,0.68,-0.123142268929092
0.15,29,0.69,-0.1243553796202058
0.15,29,0.7,-0.1269976325707316
0.15,29,0.71,-0.126684847888021
0.15,29,0.72,-0.1248443342420474
0.15,29,0.73,-0.1316094469785484
0.15,29,0.74,-0.1297596736689817
0.15,29,0.75,-0.1261696056376103
0.15,29,0.76,-0.1288733537051914
0.15,29,0.77,-0.1218495191346229
0.15,29,0.78,-0.1249509715195275
0.15,29,0.79,-0.1312569892930282
0.15,29,0.8,-0.122554505231243
0.15,29,0.81,-0.132873009209566
0.15,29,0.82,-0.1342317049516574
0.15,29,0.83,-0.1290590514710654
0.15,29,0.84,-0.1287260378079134
0.15,29,0.85,-0.1343290380564035
0.15,29,0.86,-0.1354535261821534
0.15,29,0.87,-0.1299072559559308
0.15,29,0.88,-0.1345940422486389
0.15,29,0.89,-0.1327860218543834
0.15,29,0.9,-0.127963931299131
0.15,29,0.91,-0.1320319906787811
0.15,29,0.92,-0.1338044507970604
0.15,29,0.93,-0.1290785776607638
0.15,29,0.94,-0.1289131013407724
0.15,29,0.95,-0.129198006589384
0.15,29,0.96,-0.1330421382476865
0.15,29,0.97,-0.1360782212928606
0.15,29,0.98,-0.1309440579326974
0.15,29,0.99,-0.1333726642856015
0.15,29,1.0,-0.1335374304654411
0.25,0,0.01,-0.0002270915826729
0.25,0,0.02,-0.0003752805329554
0.25,0,0.03,-0.000809267047555
0.25,0,0.04,-0.0017827069929166
0.25,0,0.05,-0.0031961826074631
0.25,0,0.06,-0.0055014390483853
0.25,0,0.07,-0.0081068204272826
0.25,0,0.08,-0.0113101385398897
0.25,0,0.09,-0.0131963639546938
0.25,0,0.1,-0.0178316065327905
0.25,0,0.11,-0.0247360714112381
0.25,0,0.12,-0.0274035789392602
0.25,0,0.13,-0.0350537431799812
0.25,0,0.14,-0.0422457080804749
0.25,0,0.15,-0.0482309453095219
0.25,0,0.16,-0.0538831070258164
0.25,0,0.17,-0.0618221303201591
0.25,0,0.18,-0.0665227109559447
0.25,0,0.19,-0.064604887356539
0.25,0,0.2,-0.0781948186649758
0.25,0,0.21,-0.0756987949171156
0.25,0,0.22,-0.0933322457026694
0.25,0,0.23,-0.0956932362586947
0.25,0,0.24,-0.0933003423241892
0.25,0,0.25,-0.0944878932084801
0.25,0,0.26,-0.1161711536510162
0.25,0,0.27,-0.1087462447595244
0.25,0,0.28,-0.1147900665421314
0.25,0,0.29,-0.1203323098256212
0.25,0,0.3,-0.1187358582860125
0.25,0,0.31,-0.130974463385768
0.25,0,0.32,-0.1313772127092875
0.25,0,0.33,-0.1309708280631585
0.25,0,0.34,-0.1260784641346
0.25,0,0.35,-0.1254832313347342
0.25,0,0.36,-0.1370059867103834
0.25,0,0.37,-0.1346791259479328
0.25,0,0.38,-0.1354322898512593
0.25,0,0.39,-0.1336766246432597
0.25,0,0.4,-0.1362794735677361
0.25,0,0.41,-0.1375060029727853
0.25,0,0.42,-0.1324240990049036
0.25,0,0.43,-0.1415503914813961
0.25,0,0.44,-0.1408073478776221
0.25,0,0.45,-0.1423674658801394
0.25,0,0.46,-0.1359195672486344
0.25,0,0.47,-0.1337495821579745
0.25,0,0.48,-0.137198896046524
0.25,0,0.49,-0.1369685326417021
0.25,0,0.5,-0.1363352484584537
0.25,0,0.51,-0.1382672018179042
0.25,0,0.52,-0.1398823854680291
0.25,0,0.53,-0.1398057950050639
0.25,0,0.54,-0.1403242739787522
0.25,0,0.55,-0.1420213445438444
0.25,0,0.56,-0.1444716016233989
0.25,0,0.57,-0.1398301186443826
0.25,0,0.58,-0.143512495781148
0.25,0,0.59,-0.1430468123785166
0.25,0,0.6,-0.1407865677799898
0.25,0,0.61,-0.1378051909525059
0.25,0,0.62,-0.1414826386217987
0.25,0,0.63,-0.1412589375247117
0.25,0,0.64,-0.1361389418349071
0.25,0,0.65,-0.1459192868443033
0.25,0,0.66,-0.1430391487193093
0.25,0,0.67,-0.1372012008471141
0.25,0,0.68,-0.1421426439451658
0.25,0,0.69,-0.1463771154866371
0.25,0,0.7,-0.1434276274371915
0.25,0,0.71,-0.143260506223715
0.25,0,0.72,-0.1478177212302855
0.25,0,0.73,-0.1449046660392849
0.25,0,0.74,-0.145135368196926
0.25,0,0.75,-0.1455615338612965
0.25,0,0.76,-0.1464091441333675
0.25,0,0.77,-0.1466864276324754
0.25,0,0.78,-0.1440050415622171
0.25,0,0.79,-0.1492934129491355
0.25,0,0.8,-0.1447073535627726
0.25,0,0.81,-0.1481395665431745
0.25,0,0.82,-0.1469168126000182
0.25,0,0.83,-0.1446995183446149
0.25,0,0.84,-0.1489277075044536
0.25,0,0.85,-0.1462676205142318
0.25,0,0.86,-0.1484442870946985
0.25,0,0.87,-0.1491862482914657
0.25,0,0.88,-0.1464351792535918
0.25,0,0.89,-0.1471432292289778
0.25,0,0.9,-0.1502445564705253
0.25,0,0.91,-0.1481968133832996
0.25,0,0.92,-0.1465593933495717
0.25,0,0.93,-0.1478365549211606
0.25,0,0.94,-0.1456490367139989
0.25,0,0.95,-0.1494083482747063
0.25,0,0.96,-0.1481150941760808
0.25,0,0.97,-0.1539600282152549
0.25,0,0.98,-0.1491818023938851
0.25,0,0.99,-0.1451961408779279
0.25,0,1.0,-0.1482398142930893
0.25,1,0.01,-0.0020249762415656
0.25,1,0.02,-0.0023772569654385
0.25,1,0.03,-0.0031131972154696
0.25,1,0.04,-0.0042498430081735
0.25,1,0.05,-0.0059865823509286
0.25,1,0.06,-0.008189934012657
0.25,1,0.07,-0.0115063217533142
0.25,1,0.08,-0.0144038870512565
0.25,1,0.09,-0.0175322988498331
0.25,1,0.1,-0.0222185201404119
0.25,1,0.11,-0.0277000602405051
0.25,1,0.12,-0.0330302637857799
0.25,1,0.13,-0.0357381654452352
0.25,1,0.14,-0.0416949145399419
0.25,1,0.15,-0.0476322137888003
0.25,1,0.16,-0.0505685583977726
0.25,1,0.17,-0.0580790403615331
0.25,1,0.18,-0.0641457634220157
0.25,1,0.19,-0.0682796294965272
0.25,1,0.2,-0.0721503899553933
0.25,1,0.21,-0.07582406061327
0.25,1,0.22,-0.0893306954837741
0.25,1,0.23,-0.0891540914891517
0.25,1,0.24,-0.0883315201658082
0.25,1,0.25,-0.0856911175076628
0.25,1,0.26,-0.0961133293299013
0.25,1,0.27,-0.1032004609039009
0.25,1,0.28,-0.1025929663298942
0.25,1,0.29,-0.1020065044524934
0.25,1,0.3,-0.1096236575142447
0.25,1,0.31,-0.1115916240352718
0.25,1,0.32,-0.120015930643339
0.25,1,0.33,-0.1247391596609371
0.25,1,0.34,-0.125981522343278
0.25,1,0.35,-0.1222347133692392
0.25,1,0.36,-0.1337833398776464
0.25,1,0.37,-0.1311219474984203
0.25,1,0.38,-0.1303609981602842
0.25,1,0.39,-0.1317182538380601
0.25,1,0.4,-0.1260561376126213
0.25,1,0.41,-0.1260535013188979
0.25,1,0.42,-0.1312434804220216
0.25,1,0.43,-0.1326463140473593
0.25,1,0.44,-0.1354925308852154
0.25,1,0.45,-0.1325579832492407
0.25,1,0.46,-0.134184493570047
0.25,1,0.47,-0.1310182315387662
0.25,1,0.48,-0.1352296009110782
0.25,1,0.49,-0.1366091138124474
0.25,1,0.5,-0.1310101621745167
0.25,1,0.51,-0.1311968148936756
0.25,1,0.52,-0.1378922477212777
0.25,1,0.53,-0.1361506376814784
0.25,1,0.54,-0.1379224955005391
0.25,1,0.55,-0.1380041452324426
0.25,1,0.56,-0.1381542178034849
0.25,1,0.57,-0.1413857045122591
0.25,1,0.58,-0.1387486542226481
0.25,1,0.59,-0.1403397024556387
0.25,1,0.6,-0.1389997668960531
0.25,1,0.61,-0.1437061096302962
0.25,1,0.62,-0.1431511048261349
0.25,1,0.63,-0.1387556920256684
0.25,1,0.64,-0.1371281685783232
0.25,1,0.65,-0.1423549828882553
0.25,1,0.66,-0.1433019092022987
0.25,1,0.67,-0.1372584823530188
0.25,1,0.68,-0.13973160701273
0.25,1,0.69,-0.139624837094819
0.25,1,0.7,-0.1419470796128924
0.25,1,0.71,-0.1411926465202984
0.25,1,0.72,-0.141300427295134
0.25,1,0.73,-0.1408620703402344
0.25,1,0.74,-0.1438512900534533
0.25,1,0.75,-0.141614891140781
0.25,1,0.76,-0.1440184408060346
0.25,1,0.77,-0.1425956763211785
0.25,1,0.78,-0.1428719265613608
0.25,1,0.79,-0.145866825466611
0.25,1,0.8,-0.1453561083825284
0.25,1,0.81,-0.1436073237150929
0.25,1,0.82,-0.1439706356604738
0.25,1,0.83,-0.1432662476633219
0.25,1,0.84,-0.14108491794804
0.25,1,0.85,-0.1463176348886423
0.25,1,0.86,-0.143178658290333
0.25,1,0.87,-0.1416537371872256
0.25,1,0.88,-0.1462601245340581
0.25,1,0.89,-0.1449366768184687
0.25,1,0.9,-0.1465332712843559
0.25,1,0.91,-0.1459676743222132
0.25,1,0.92,-0.15073492845634
0.25,1,0.93,-0.1446321048722047
0.25,1,0.94,-0.1462655185791394
0.25,1,0.95,-0.1497231140594173
0.25,1,0.96,-0.1465278478394394
0.25,1,0.97,-0.14580151707154
0.25,1,0.98,-0.1502181878522297
0.25,1,0.99,-0.1481673056866126
0.25,1,1.0,-0.1498428870585434
0.25,2,0.01,-0.0025477197017206
0.25,2,0.02,-0.00283130924609
0.25,2,0.03,-0.0033839935280911
0.25,2,0.04,-0.0044450430432383
0.25,2,0.05,-0.0058610320790573
0.25,2,0.06,-0.0081887985715155
0.25,2,0.07,-0.0103404260868452
0.25,2,0.08,-0.0133309063639159
0.25,2,0.09,-0.0158648090512753
0.25,2,0.1,-0.0212383693195793
0.25,2,0.11,-0.0255223644931319
0.25,2,0.12,-0.0302148143601951
0.25,2,0.13,-0.0306802033680205
0.25,2,0.14,-0.0416807273150498
0.25,2,0.15,-0.0445111647500455
0.25,2,0.16,-0.0541161180475551
0.25,2,0.17,-0.0597377327200665
0.25,2,0.18,-0.0622357742733109
0.25,2,0.19,-0.0678799040724474
0.25,2,0.2,-0.0775939806477969
0.25,2,0.21,-0.0846603885425657
0.25,2,0.22,-0.0835950565156409
0.25,2,0.23,-0.0843479364062205
0.25,2,0.24,-0.0910858770357811
0.25,2,0.25,-0.0983737161439831
0.25,2,0.26,-0.101567182782522
0.25,2,0.27,-0.1001837928979963
0.25,2,0.28,-0.1125944179774027
0.25,2,0.29,-0.1127065904975835
0.25,2,0.3,-0.1134986698158964
0.25,2,0.31,-0.1150391821883017
0.25,2,0.32,-0.1207408173171621
0.25,2,0.33,-0.1203339850061862
0.25,2,0.34,-0.1285700865729047
0.25,2,0.35,-0.1248575314288794
0.25,2,0.36,-0.1268920141226635
0.25,2,0.37,-0.1282518681241296
0.25,2,0.38,-0.1311506763787884
0.25,2,0.39,-0.1348707203176898
0.25,2,0.4,-0.1296625280748725
0.25,2,0.41,-0.1354944289498593
0.25,2,0.42,-0.1338575706537994
0.25,2,0.43,-0.1346216007048637
0.25,2,0.44,-0.1332604297893102
0.25,2,0.45,-0.1357085547627255
0.25,2,0.46,-0.1367190070968514
0.25,2,0.47,-0.1351340095820725
0.25,2,0.48,-0.1345664272963685
0.25,2,0.49,-0.1381450753999006
0.25,2,0.5,-0.1353978127530391
0.25,2,0.51,-0.1385222038519223
0.25,2,0.52,-0.1322628474278318
0.25,2,0.53,-0.1327362047498865
0.25,2,0.54,-0.1380840675569335
0.25,2,0.55,-0.1375576667179508
0.25,2,0.56,-0.136026544358402
0.25,2,0.57,-0.1391506998929267
0.25,2,0.58,-0.13882921334479
0.25,2,0.59,-0.1385742987840267
0.25,2,0.6,-0.1353491312829099
0.25,2,0.61,-0.1397053506524554
0.25,2,0.62,-0.1374956615784172
0.25,2,0.63,-0.1404274674041444
0.25,2,0.64,-0.1427714369762622
0.25,2,0.65,-0.1366103477344546
0.25,2,0.66,-0.1447221205773034
0.25,2,0.67,-0.1389084547750554
0.25,2,0.68,-0.1422142415451109
0.25,2,0.69,-0.1434495885439154
0.25,2,0.7,-0.1450673247745951
0.25,2,0.71,-0.1394148104417501
0.25,2,0.72,-0.1431022385959518
0.25,2,0.73,-0.1439637255214306
0.25,2,0.74,-0.1418977177181893
0.25,2,0.75,-0.1423966834013535
0.25,2,0.76,-0.1467234040076839
0.25,2,0.77,-0.1461909263174923
0.25,2,0.78,-0.1421963592259492
0.25,2,0.79,-0.1444556354262186
0.25,2,0.8,-0.143079150507769
0.25,2,0.81,-0.1445426837987232
0.25,2,0.82,-0.141202426079166
0.25,2,0.83,-0.1432539862948084
0.25,2,0.84,-0.1482310539471157
0.25,2,0.85,-0.1423252719884374
0.25,2,0.86,-0.1486764010550725
0.25,2,0.87,-0.1457626681033307
0.25,2,0.88,-0.14868040289146
0.25,2,0.89,-0.1476498984054096
0.25,2,0.9,-0.144959122176524
0.25,2,0.91,-0.1439634973880736
0.25,2,0.92,-0.1488670759031813
0.25,2,0.93,-0.146361696963016
0.25,2,0.94,-0.1468628238473801
0.25,2,0.95,-0.1481169377308979
0.25,2,0.96,-0.1516075175508053
0.25,2,0.97,-0.1503598622678696
0.25,2,0.98,-0.1500345292419403
0.25,2,0.99,-0.1499765744399962
0.25,2,1.0,-0.1442185285886211
0.25,3,0.01,-0.0005806186930625
0.25,3,0.02,-0.0007544581879992
0.25,3,0.03,-0.0011656855788103
0.25,3,0.04,-0.0019976025603203
0.25,3,0.05,-0.003170159635019
0.25,3,0.06,-0.0050062753810449
0.25,3,0.07,-0.0073729420267361
0.25,3,0.08,-0.0103699269287405
0.25,3,0.09,-0.0127249759352961
0.25,3,0.1,-0.016924995857867
0.25,3,0.11,-0.018848752711895
0.25,3,0.12,-0.0235412973826046
0.25,3,0.13,-0.0279464759403771
0.25,3,0.14,-0.0327013141203571
0.25,3,0.15,-0.04043794061141
0.25,3,0.16,-0.0424105827811928
0.25,3,0.17,-0.048046563626684
0.25,3,0.18,-0.0549890852355007
0.25,3,0.19,-0.0574364747320316
0.25,3,0.2,-0.0690986597301438
0.25,3,0.21,-0.0700173639606163
0.25,3,0.22,-0.0788435563253184
0.25,3,0.23,-0.0857999280193422
0.25,3,0.24,-0.0837693482379329
0.25,3,0.25,-0.0926368711256526
0.25,3,0.26,-0.0939346170723587
0.25,3,0.27,-0.1038615314241405
0.25,3,0.28,-0.1008013820792715
0.25,3,0.29,-0.0956188120228077
0.25,3,0.3,-0.1098970874510024
0.25,3,0.31,-0.1121553472430482
0.25,3,0.32,-0.1154103513980775
0.25,3,0.33,-0.1198164463715475
0.25,3,0.34,-0.123467080985628
0.25,3,0.35,-0.1260401365004628
0.25,3,0.36,-0.1336273180928858
0.25,3,0.37,-0.131209585395464
0.25,3,0.38,-0.1228641676483732
0.25,3,0.39,-0.1330768341214761
0.25,3,0.4,-0.1261576056204375
0.25,3,0.41,-0.1372951101688588
0.25,3,0.42,-0.1350292384156735
0.25,3,0.43,-0.1335868676962325
0.25,3,0.44,-0.1362853418546341
0.25,3,0.45,-0.1344939819315107
0.25,3,0.46,-0.1358971312364784
0.25,3,0.47,-0.1363709983096148
0.25,3,0.48,-0.1346612274143595
0.25,3,0.49,-0.1452227392916099
0.25,3,0.5,-0.1332246451382627
0.25,3,0.51,-0.1392799953707554
0.25,3,0.52,-0.1418317506256602
0.25,3,0.53,-0.1348440469108596
0.25,3,0.54,-0.1388579080704333
0.25,3,0.55,-0.1407960152484511
0.25,3,0.56,-0.1417969236719649
0.25,3,0.57,-0.1433508966016327
0.25,3,0.58,-0.1404561693225378
0.25,3,0.59,-0.1391064333758606
0.25,3,0.6,-0.1366274838951739
0.25,3,0.61,-0.1432666656982516
0.25,3,0.62,-0.1432654069058208
0.25,3,0.63,-0.1430679648638296
0.25,3,0.64,-0.1412770353616463
0.25,3,0.65,-0.1423735297868373
0.25,3,0.66,-0.1457046268466204
0.25,3,0.67,-0.1413071262054733
0.25,3,0.68,-0.1436695632706471
0.25,3,0.69,-0.1422785028302286
0.25,3,0.7,-0.1441788656040789
0.25,3,0.71,-0.1451173899419187
0.25,3,0.72,-0.1413646898606002
0.25,3,0.73,-0.1403504092773968
0.25,3,0.74,-0.1479187983818918
0.25,3,0.75,-0.1444805675883771
0.25,3,0.76,-0.1413586989877141
0.25,3,0.77,-0.1421414252865922
0.25,3,0.78,-0.1442195530674446
0.25,3,0.79,-0.1464451183690874
0.25,3,0.8,-0.146791741190614
0.25,3,0.81,-0.1472758979648964
0.25,3,0.82,-0.147575010133133
0.25,3,0.83,-0.1471792111851451
0.25,3,0.84,-0.1482067974449566
0.25,3,0.85,-0.1467160362585607
0.25,3,0.86,-0.1503112717479819
0.25,3,0.87,-0.14798148204435
0.25,3,0.88,-0.1473769739902296
0.25,3,0.89,-0.1497232709905656
0.25,3,0.9,-0.1485465133377042
0.25,3,0.91,-0.1461223747745418
0.25,3,0.92,-0.1476352596583732
0.25,3,0.93,-0.1480219585889802
0.25,3,0.94,-0.1465319418310079
0.25,3,0.95,-0.1501051668242692
0.25,3,0.96,-0.1499204868159149
0.25,3,0.97,-0.1482585634902677
0.25,3,0.98,-0.1517265646800046
0.25,3,0.99,-0.1484655464645601
0.25,3,1.0,-0.1464086309439321
0.25,4,0.01,-0.0007950418839147
0.25,4,0.02,-0.0011128702106405
0.25,4,0.03,-0.0018580427120958
0.25,4,0.04,-0.0031504782543499
0.25,4,0.05,-0.0048413742339248
0.25,4,0.06,-0.0073047035349158
0.25,4,0.07,-0.0098937635590535
0.25,4,0.08,-0.0139519670477206
0.25,4,0.09,-0.0181138332838422
0.25,4,0.1,-0.0217920893230121
0.25,4,0.11,-0.0265529606860823
0.25,4,0.12,-0.0305900781023564
0.25,4,0.13,-0.0368030298500204
0.25,4,0.14,-0.0409754002802783
0.25,4,0.15,-0.0465745100691317
0.25,4,0.16,-0.0500444897853193
0.25,4,0.17,-0.0601755807258003
0.25,4,0.18,-0.0609756306526423
0.25,4,0.19,-0.0667744620250352
0.25,4,0.2,-0.0715679758964516
0.25,4,0.21,-0.0849827645747802
0.25,4,0.22,-0.0928346002062792
0.25,4,0.23,-0.0894596403636471
0.25,4,0.24,-0.0942548293551306
0.25,4,0.25,-0.1065166333705278
0.25,4,0.26,-0.1038705239084802
0.25,4,0.27,-0.10946415465089
0.25,4,0.28,-0.1128064292715096
0.25,4,0.29,-0.121625846644499
0.25,4,0.3,-0.1216482437594744
0.25,4,0.31,-0.1247374932900134
0.25,4,0.32,-0.1341269867334238
0.25,4,0.33,-0.1308727967295907
0.25,4,0.34,-0.1259854126208573
0.25,4,0.35,-0.1433730200301893
0.25,4,0.36,-0.130060255506672
0.25,4,0.37,-0.1415373810744927
0.25,4,0.38,-0.1366058719217149
0.25,4,0.39,-0.1396937310364095
0.25,4,0.4,-0.1474236374644236
0.25,4,0.41,-0.1468805530559147
0.25,4,0.42,-0.1398655320366747
0.25,4,0.43,-0.1435001794206096
0.25,4,0.44,-0.1537031352335172
0.25,4,0.45,-0.1475201794672496
0.25,4,0.46,-0.1446625293054325
0.25,4,0.47,-0.1499466346077398
0.25,4,0.48,-0.1457595003992934
0.25,4,0.49,-0.1447176682362157
0.25,4,0.5,-0.1476464547131692
0.25,4,0.51,-0.1481722829667766
0.25,4,0.52,-0.1442023852325957
0.25,4,0.53,-0.1469699249217676
0.25,4,0.54,-0.1429473348816639
0.25,4,0.55,-0.148302681057787
0.25,4,0.56,-0.1487472325132601
0.25,4,0.57,-0.1514779018657068
0.25,4,0.58,-0.143126191092889
0.25,4,0.59,-0.1459012897359257
0.25,4,0.6,-0.144177901649793
0.25,4,0.61,-0.1516590460648126
0.25,4,0.62,-0.1472797602721143
0.25,4,0.63,-0.148253687068384
0.25,4,0.64,-0.1467392385770128
0.25,4,0.65,-0.1466665595417963
0.25,4,0.66,-0.149180397811605
0.25,4,0.67,-0.1505564818836406
0.25,4,0.68,-0.1410475535838184
0.25,4,0.69,-0.1526233105307024
0.25,4,0.7,-0.1491887929395586
0.25,4,0.71,-0.1456849250939643
0.25,4,0.72,-0.1556137213402858
0.25,4,0.73,-0.1473986722857372
0.25,4,0.74,-0.1531336596081887
0.25,4,0.75,-0.1509779575464487
0.25,4,0.76,-0.1477711100741019
0.25,4,0.77,-0.1488914910564665
0.25,4,0.78,-0.1533701786891452
0.25,4,0.79,-0.153354824055121
0.25,4,0.8,-0.1484045043653874
0.25,4,0.81,-0.1509344700995313
0.25,4,0.82,-0.1512293957617061
0.25,4,0.83,-0.1526761290535466
0.25,4,0.84,-0.1484585148948845
0.25,4,0.85,-0.152625776603914
0.25,4,0.86,-0.1492244235082754
0.25,4,0.87,-0.1499911258859015
0.25,4,0.88,-0.1501947439497123
0.25,4,0.89,-0.1516321533916444
0.25,4,0.9,-0.1562444719796628
0.25,4,0.91,-0.1535140510179216
0.25,4,0.92,-0.1502602816414176
0.25,4,0.93,-0.1529308080329799
0.25,4,0.94,-0.1525202273664661
0.25,4,0.95,-0.1483219786726919
0.25,4,0.96,-0.149687412430879
0.25,4,0.97,-0.1543385249628369
0.25,4,0.98,-0.1581744638847743
0.25,4,0.99,-0.143329117635692
0.25,4,1.0,-0.1519849792618876
0.25,5,0.01,-0.0004724727195666
0.25,5,0.02,-0.0006725429220307
0.25,5,0.03,-0.0011086972072509
0.25,5,0.04,-0.0019699697068113
0.25,5,0.05,-0.0033012508436508
0.25,5,0.06,-0.0052801413493967
0.25,5,0.07,-0.0073503638386346
0.25,5,0.08,-0.0101936798014696
0.25,5,0.09,-0.0138051435577261
0.25,5,0.1,-0.0165844965250066
0.25,5,0.11,-0.0214765640854315
0.25,5,0.12,-0.0233305354140988
0.25,5,0.13,-0.0282137290361076
0.25,5,0.14,-0.0361067391593619
0.25,5,0.15,-0.0410741902544172
0.25,5,0.16,-0.0486996692670319
0.25,5,0.17,-0.0508736166550532
0.25,5,0.18,-0.0609544771779554
0.25,5,0.19,-0.0584850619412357
0.25,5,0.2,-0.0663227098940158
0.25,5,0.21,-0.072246789891039
0.25,5,0.22,-0.0807541320957329
0.25,5,0.23,-0.0846902960106436
0.25,5,0.24,-0.0889352235912365
0.25,5,0.25,-0.090424334463754
0.25,5,0.26,-0.104669399142634
0.25,5,0.27,-0.0991416426989985
0.25,5,0.28,-0.1120576804956474
0.25,5,0.29,-0.1074039065335165
0.25,5,0.3,-0.1164388105897104
0.25,5,0.31,-0.1186216294306059
0.25,5,0.32,-0.1194177986923429
0.25,5,0.33,-0.1248414077481564
0.25,5,0.34,-0.1271915648690576
0.25,5,0.35,-0.1217403292466964
0.25,5,0.36,-0.1299268056667362
0.25,5,0.37,-0.1315471487775064
0.25,5,0.38,-0.14189104142805
0.25,5,0.39,-0.1336121373278953
0.25,5,0.4,-0.1333827440002016
0.25,5,0.41,-0.1318229928589202
0.25,5,0.42,-0.1269934769760365
0.25,5,0.43,-0.1347957064741083
0.25,5,0.44,-0.1405863198136173
0.25,5,0.45,-0.1441537237524284
0.25,5,0.46,-0.1321547797954021
0.25,5,0.47,-0.1341754472962401
0.25,5,0.48,-0.1381408376299189
0.25,5,0.49,-0.1452062017166031
0.25,5,0.5,-0.1357168004094907
0.25,5,0.51,-0.1375447310689926
0.25,5,0.52,-0.1392353881550767
0.25,5,0.53,-0.1381324885200557
0.25,5,0.54,-0.1379404718458924
0.25,5,0.55,-0.1416365125141837
0.25,5,0.56,-0.1404264793416038
0.25,5,0.57,-0.1436621255959602
0.25,5,0.58,-0.1366077278984785
0.25,5,0.59,-0.143347963473345
0.25,5,0.6,-0.1416287494342357
0.25,5,0.61,-0.142124366457563
0.25,5,0.62,-0.1412796111212866
0.25,5,0.63,-0.1442204832997222
0.25,5,0.64,-0.1428594913411393
0.25,5,0.65,-0.1449407386567902
0.25,5,0.66,-0.1427996179156972
0.25,5,0.67,-0.1429207000671662
0.25,5,0.68,-0.1395987769677161
0.25,5,0.69,-0.1453652398377789
0.25,5,0.7,-0.1438104280131256
0.25,5,0.71,-0.1448929834287541
0.25,5,0.72,-0.1472775064515313
0.25,5,0.73,-0.1415840761091145
0.25,5,0.74,-0.1453785273386081
0.25,5,0.75,-0.1512029380429947
0.25,5,0.76,-0.1457095591960168
0.25,5,0.77,-0.143620668066768
0.25,5,0.78,-0.1482929897060655
0.25,5,0.79,-0.1493388186465934
0.25,5,0.8,-0.1480293483287904
0.25,5,0.81,-0.1438784801799572
0.25,5,0.82,-0.1486395427966698
0.25,5,0.83,-0.1476592037251848
0.25,5,0.84,-0.1420801107421525
0.25,5,0.85,-0.1459676034975149
0.25,5,0.86,-0.1451112848796053
0.25,5,0.87,-0.1474674158054728
0.25,5,0.88,-0.1484816632851592
0.25,5,0.89,-0.1480992916832597
0.25,5,0.9,-0.1447130843462177
0.25,5,0.91,-0.1484391091548203
0.25,5,0.92,-0.1505974653561461
0.25,5,0.93,-0.1462831052335647
0.25,5,0.94,-0.1476676651400156
0.25,5,0.95,-0.1460322148396435
0.25,5,0.96,-0.14593779177263
0.25,5,0.97,-0.1520893146909117
0.25,5,0.98,-0.1497700707924698
0.25,5,0.99,-0.1478047355960107
0.25,5,1.0,-0.1496670540307728
0.25,6,0.01,-0.0007138546438738
0.25,6,0.02,-0.0009796798670289
0.25,6,0.03,-0.0016013086560199
0.25,6,0.04,-0.0026221677746343
0.25,6,0.05,-0.0042515844859049
0.25,6,0.06,-0.0065106349260341
0.25,6,0.07,-0.0082075279347926
0.25,6,0.08,-0.0119268761487527
0.25,6,0.09,-0.0157588681068336
0.25,6,0.1,-0.0206917196680436
0.25,6,0.11,-0.0208902380989462
0.25,6,0.12,-0.0300713401708915
0.25,6,0.13,-0.0304104155780694
0.25,6,0.14,-0.0389119928934125
0.25,6,0.15,-0.0446379690272066
0.25,6,0.16,-0.0527640861011842
0.25,6,0.17,-0.0565077352441456
0.25,6,0.18,-0.0542018446046778
0.25,6,0.19,-0.0624474907648594
0.25,6,0.2,-0.0762921983721282
0.25,6,0.21,-0.084100396626638
0.25,6,0.22,-0.0823007633095315
0.25,6,0.23,-0.0850040696980621
0.25,6,0.24,-0.0935533983506622
0.25,6,0.25,-0.0879598649753031
0.25,6,0.26,-0.0949234898142754
0.25,6,0.27,-0.1140619417030349
0.25,6,0.28,-0.1176825053224004
0.25,6,0.29,-0.1142975878382817
0.25,6,0.3,-0.1206236872277744
0.25,6,0.31,-0.1210765542007518
0.25,6,0.32,-0.1228743813819315
0.25,6,0.33,-0.1290788921823282
0.25,6,0.34,-0.1335152412627567
0.25,6,0.35,-0.1393691803232732
0.25,6,0.36,-0.1394487110468762
0.25,6,0.37,-0.14012537902673
0.25,6,0.38,-0.1411222821596879
0.25,6,0.39,-0.1391463075290349
0.25,6,0.4,-0.1335648154302291
0.25,6,0.41,-0.1406484606838727
0.25,6,0.42,-0.1359518062478008
0.25,6,0.43,-0.1415542954382051
0.25,6,0.44,-0.1486020326037217
0.25,6,0.45,-0.1492909014558384
0.25,6,0.46,-0.1383173261715621
0.25,6,0.47,-0.1446222340286498
0.25,6,0.48,-0.1377973169318187
0.25,6,0.49,-0.1372760000322098
0.25,6,0.5,-0.1395639650587322
0.25,6,0.51,-0.138468737884513
0.25,6,0.52,-0.1415036951512604
0.25,6,0.53,-0.1476212927979672
0.25,6,0.54,-0.1512833586574142
0.25,6,0.55,-0.1393137317892593
0.25,6,0.56,-0.1433631496658506
0.25,6,0.57,-0.1392728177880662
0.25,6,0.58,-0.1439037816546038
0.25,6,0.59,-0.1432911802787535
0.25,6,0.6,-0.1468953969091738
0.25,6,0.61,-0.1480162618943362
0.25,6,0.62,-0.1484431529353565
0.25,6,0.63,-0.1463795067456289
0.25,6,0.64,-0.143761925505825
0.25,6,0.65,-0.1461628285813035
0.25,6,0.66,-0.1454213227281819
0.25,6,0.67,-0.1476130257509585
0.25,6,0.68,-0.1413399561945493
0.25,6,0.69,-0.1455918163264168
0.25,6,0.7,-0.1445142632555228
0.25,6,0.71,-0.1489166909470337
0.25,6,0.72,-0.1474221201669394
0.25,6,0.73,-0.1450981793969379
0.25,6,0.74,-0.143384768119937
0.25,6,0.75,-0.1454095260910205
0.25,6,0.76,-0.1436192481517144
0.25,6,0.77,-0.1533046306308508
0.25,6,0.78,-0.1469711773101883
0.25,6,0.79,-0.1466964457363745
0.25,6,0.8,-0.1484490701915453
0.25,6,0.81,-0.1473746847779132
0.25,6,0.82,-0.1507325592778992
0.25,6,0.83,-0.15000742930406
0.25,6,0.84,-0.150682397531514
0.25,6,0.85,-0.1487974094954134
0.25,6,0.86,-0.148748589826508
0.25,6,0.87,-0.1482287823690085
0.25,6,0.88,-0.1488290647770353
0.25,6,0.89,-0.1505872129210749
0.25,6,0.9,-0.1481680366725803
0.25,6,0.91,-0.1472870036687048
0.25,6,0.92,-0.1508498719386264
0.25,6,0.93,-0.1435721840653669
0.25,6,0.94,-0.144525667665873
0.25,6,0.95,-0.1513249932362429
0.25,6,0.96,-0.1479894455853736
0.25,6,0.97,-0.1472976832609319
0.25,6,0.98,-0.1486816491908382
0.25,6,0.99,-0.1477629052394702
0.25,6,1.0,-0.1531773230276442
0.25,7,0.01,-0.0002942421839059
0.25,7,0.02,-0.0004548517273818
0.25,7,0.03,-0.0009225517774125
0.25,7,0.04,-0.0019763587210736
0.25,7,0.05,-0.0037260508087639
0.25,7,0.06,-0.0061437732689086
0.25,7,0.07,-0.0087506478942573
0.25,7,0.08,-0.0118843271888482
0.25,7,0.09,-0.0168358996450602
0.25,7,0.1,-0.0193456660549636
0.25,7,0.11,-0.0241757244314779
0.25,7,0.12,-0.0304087748808865
0.25,7,0.13,-0.0402447647118615
0.25,7,0.14,-0.04598819016977
0.25,7,0.15,-0.0476608116422768
0.25,7,0.16,-0.050488831023511
0.25,7,0.17,-0.0582357107314636
0.25,7,0.18,-0.0678754447176203
0.25,7,0.19,-0.0672830662005721
0.25,7,0.2,-0.0813611161285172
0.25,7,0.21,-0.0878659440470076
0.25,7,0.22,-0.084898738325871
0.25,7,0.23,-0.1005717730958673
0.25,7,0.24,-0.0929033339329062
0.25,7,0.25,-0.1112450282862962
0.25,7,0.26,-0.1093805057348984
0.25,7,0.27,-0.1093514387459793
0.25,7,0.28,-0.127726127308455
0.25,7,0.29,-0.1297880662803225
0.25,7,0.3,-0.1351506135699348
0.25,7,0.31,-0.1183260106201575
0.25,7,0.32,-0.134773072402239
0.25,7,0.33,-0.1331198651055349
0.25,7,0.34,-0.1441760169158237
0.25,7,0.35,-0.135890745158753
0.25,7,0.36,-0.1326022345458619
0.25,7,0.37,-0.147680455584907
0.25,7,0.38,-0.1433697699685687
0.25,7,0.39,-0.1403179902699453
0.25,7,0.4,-0.1377281629711045
0.25,7,0.41,-0.1495394911198841
0.25,7,0.42,-0.147613352546226
0.25,7,0.43,-0.1391966631610133
0.25,7,0.44,-0.1407987135175821
0.25,7,0.45,-0.1477693754417447
0.25,7,0.46,-0.1416499080226856
0.25,7,0.47,-0.1445659949566811
0.25,7,0.48,-0.1471149406711328
0.25,7,0.49,-0.1494936335039703
0.25,7,0.5,-0.1477165827810673
0.25,7,0.51,-0.1435163544521232
0.25,7,0.52,-0.1488609823399208
0.25,7,0.53,-0.1414723897903818
0.25,7,0.54,-0.1490638215953877
0.25,7,0.55,-0.1503806974850005
0.25,7,0.56,-0.1517444850663651
0.25,7,0.57,-0.1386798269576913
0.25,7,0.58,-0.1444003421192248
0.25,7,0.59,-0.14705389770954
0.25,7,0.6,-0.1463863765447594
0.25,7,0.61,-0.1423940567472739
0.25,7,0.62,-0.1480641090196428
0.25,7,0.63,-0.1447409227919521
0.25,7,0.64,-0.1492206507074573
0.25,7,0.65,-0.1468173397696105
0.25,7,0.66,-0.1436613486163634
0.25,7,0.67,-0.1473470786002972
0.25,7,0.68,-0.1458212979106917
0.25,7,0.69,-0.1430073059307647
0.25,7,0.7,-0.1461039477105186
0.25,7,0.71,-0.1454529048891493
0.25,7,0.72,-0.1504940325164087
0.25,7,0.73,-0.1488550017356158
0.25,7,0.74,-0.1493821059211952
0.25,7,0.75,-0.149893949611591
0.25,7,0.76,-0.1488560247309326
0.25,7,0.77,-0.1509285719324293
0.25,7,0.78,-0.1495424752361407
0.25,7,0.79,-0.1470702275674884
0.25,7,0.8,-0.150601256440677
0.25,7,0.81,-0.1498029906589381
0.25,7,0.82,-0.1479269437557851
0.25,7,0.83,-0.1469546954123989
0.25,7,0.84,-0.1511289210159797
0.25,7,0.85,-0.1484711806601676
0.25,7,0.86,-0.1470002239456714
0.25,7,0.87,-0.1513933287652923
0.25,7,0.88,-0.1499223979650861
0.25,7,0.89,-0.1510358895208683
0.25,7,0.9,-0.1451630713188468
0.25,7,0.91,-0.150295366618484
0.25,7,0.92,-0.1468724741201333
0.25,7,0.93,-0.1499341492845396
0.25,7,0.94,-0.1474016475583374
0.25,7,0.95,-0.1467911007887361
0.25,7,0.96,-0.1519110817831236
0.25,7,0.97,-0.1537376658714742
0.25,7,0.98,-0.1500886549854823
0.25,7,0.99,-0.1540057250229778
0.25,7,1.0,-0.1506887929224545
0.25,8,0.01,-0.0029711145051691
0.25,8,0.02,-0.0033557905608346
0.25,8,0.03,-0.0041195971175462
0.25,8,0.04,-0.005277206409581
0.25,8,0.05,-0.0068985138398088
0.25,8,0.06,-0.0094487869977623
0.25,8,0.07,-0.0117456341780639
0.25,8,0.08,-0.015365882467591
0.25,8,0.09,-0.0175273560597728
0.25,8,0.1,-0.0212932909728864
0.25,8,0.11,-0.0263005579494088
0.25,8,0.12,-0.0326935007014942
0.25,8,0.13,-0.0374667028759855
0.25,8,0.14,-0.0424956273464404
0.25,8,0.15,-0.0439487303618336
0.25,8,0.16,-0.0494927337816399
0.25,8,0.17,-0.0569030830032042
0.25,8,0.18,-0.0571219166745024
0.25,8,0.19,-0.066289178980943
0.25,8,0.2,-0.0666236872099852
0.25,8,0.21,-0.0709788007090182
0.25,8,0.22,-0.0809253485012556
0.25,8,0.23,-0.0857183127514449
0.25,8,0.24,-0.0870571404661446
0.25,8,0.25,-0.0990525441055022
0.25,8,0.26,-0.0954820087288826
0.25,8,0.27,-0.1008997077219209
0.25,8,0.28,-0.0990601151081978
0.25,8,0.29,-0.1061907398604549
0.25,8,0.3,-0.1096561473702237
0.25,8,0.31,-0.115640289135955
0.25,8,0.32,-0.11165584756011
0.25,8,0.33,-0.1174354471993011
0.25,8,0.34,-0.1188257007266066
0.25,8,0.35,-0.1198371259146589
0.25,8,0.36,-0.1215770496220135
0.25,8,0.37,-0.1271312189278194
0.25,8,0.38,-0.1219660807009999
0.25,8,0.39,-0.1205970734358738
0.25,8,0.4,-0.1238872230028725
0.25,8,0.41,-0.1289559396131429
0.25,8,0.42,-0.1299043576837459
0.25,8,0.43,-0.1282352007174252
0.25,8,0.44,-0.1317021244336485
0.25,8,0.45,-0.1298423725267591
0.25,8,0.46,-0.1269635468687157
0.25,8,0.47,-0.1295413140120376
0.25,8,0.48,-0.1329266529457061
0.25,8,0.49,-0.1335621218634744
0.25,8,0.5,-0.132515060232932
0.25,8,0.51,-0.1355280856982768
0.25,8,0.52,-0.1369338267907221
0.25,8,0.53,-0.1374307296878228
0.25,8,0.54,-0.1352543210910459
0.25,8,0.55,-0.1386494124380134
0.25,8,0.56,-0.1352549622610916
0.25,8,0.57,-0.1356905714157895
0.25,8,0.58,-0.1364237648404356
0.25,8,0.59,-0.134243911832023
0.25,8,0.6,-0.1418452609503966
0.25,8,0.61,-0.137151919571043
0.25,8,0.62,-0.1377006205435495
0.25,8,0.63,-0.1384997094575119
0.25,8,0.64,-0.1389867807537179
0.25,8,0.65,-0.1419571570952915
0.25,8,0.66,-0.1399486353365165
0.25,8,0.67,-0.14158458082816
0.25,8,0.68,-0.1425435498931115
0.25,8,0.69,-0.140480555447885
0.25,8,0.7,-0.1419801612654243
0.25,8,0.71,-0.1453542093442356
0.25,8,0.72,-0.1426379711249197
0.25,8,0.73,-0.1430657333278731
0.25,8,0.74,-0.1451537001667368
0.25,8,0.75,-0.1401131862169984
0.25,8,0.76,-0.144626915299579
0.25,8,0.77,-0.140349250494068
0.25,8,0.78,-0.1434653828342633
0.25,8,0.79,-0.1458745261177878
0.25,8,0.8,-0.1439008260717947
0.25,8,0.81,-0.1464812463833557
0.25,8,0.82,-0.1459010881919123
0.25,8,0.83,-0.1416418537772532
0.25,8,0.84,-0.1445409078651566
0.25,8,0.85,-0.1453942032791507
0.25,8,0.86,-0.1470469640028437
0.25,8,0.87,-0.1451055709957467
0.25,8,0.88,-0.1448219143215268
0.25,8,0.89,-0.1469398034883391
0.25,8,0.9,-0.1500292165385439
0.25,8,0.91,-0.1468289111580525
0.25,8,0.92,-0.1461923963359658
0.25,8,0.93,-0.1446629203841357
0.25,8,0.94,-0.1479460907693949
0.25,8,0.95,-0.1485882797663579
0.25,8,0.96,-0.1456520917844059
0.25,8,0.97,-0.1490832619391131
0.25,8,0.98,-0.1461243868579082
0.25,8,0.99,-0.1502286393416643
0.25,8,1.0,-0.148444388835318
0.25,9,0.01,-0.000816220162305
0.25,9,0.02,-0.0010459061355753
0.25,9,0.03,-0.0015957872556704
0.25,9,0.04,-0.0026129173448126
0.25,9,0.05,-0.0042184044928698
0.25,9,0.06,-0.0060849751599084
0.25,9,0.07,-0.0095546222933344
0.25,9,0.08,-0.0121022842628092
0.25,9,0.09,-0.0152515992075124
0.25,9,0.1,-0.0202332847227497
0.25,9,0.11,-0.0252916350489657
0.25,9,0.12,-0.0297152257172694
0.25,9,0.13,-0.0338904567580861
0.25,9,0.14,-0.0365196928386941
0.25,9,0.15,-0.0464331491401616
0.25,9,0.16,-0.0476999934123381
0.25,9,0.17,-0.0538529254889559
0.25,9,0.18,-0.0632742260251446
0.25,9,0.19,-0.0681018236073613
0.25,9,0.2,-0.0720824742872547
0.25,9,0.21,-0.0771490033461307
0.25,9,0.22,-0.0818667848817092
0.25,9,0.23,-0.0859165852962795
0.25,9,0.24,-0.0896405605966962
0.25,9,0.25,-0.102264853478597
0.25,9,0.26,-0.1028505015446355
0.25,9,0.27,-0.1065575257349595
0.25,9,0.28,-0.106004294202644
0.25,9,0.29,-0.1165300435747657
0.25,9,0.3,-0.1165095707516043
0.25,9,0.31,-0.1136403190815953
0.25,9,0.32,-0.1269154365216341
0.25,9,0.33,-0.1218514876612306
0.25,9,0.34,-0.1307716243395807
0.25,9,0.35,-0.1281134857883292
0.25,9,0.36,-0.1315117994187827
0.25,9,0.37,-0.1337439696278812
0.25,9,0.38,-0.1355677399806055
0.25,9,0.39,-0.1370942669378068
0.25,9,0.4,-0.1339065378541031
0.25,9,0.41,-0.1351277447192132
0.25,9,0.42,-0.1364458811975491
0.25,9,0.43,-0.138294058463175
0.25,9,0.44,-0.1461570998180054
0.25,9,0.45,-0.1357719123618942
0.25,9,0.46,-0.1431015849448604
0.25,9,0.47,-0.139916029534265
0.25,9,0.48,-0.138330161712424
0.25,9,0.49,-0.1446241538304176
0.25,9,0.5,-0.1404890522408758
0.25,9,0.51,-0.1454635364907537
0.25,9,0.52,-0.14677576157671
0.25,9,0.53,-0.1469537991820545
0.25,9,0.54,-0.1429240108885907
0.25,9,0.55,-0.1419693708790327
0.25,9,0.56,-0.1449219156303586
0.25,9,0.57,-0.1483818395828197
0.25,9,0.58,-0.1497762510842481
0.25,9,0.59,-0.1412186754876838
0.25,9,0.6,-0.1482506577289666
0.25,9,0.61,-0.1470049350985843
0.25,9,0.62,-0.1485680077066762
0.25,9,0.63,-0.1519341195970105
0.25,9,0.64,-0.1488266687959093
0.25,9,0.65,-0.1492765068252921
0.25,9,0.66,-0.1449350151043924
0.25,9,0.67,-0.1499502744193412
0.25,9,0.68,-0.1445901756899392
0.25,9,0.69,-0.1456187918445581
0.25,9,0.7,-0.1448141161778809
0.25,9,0.71,-0.1508155152717604
0.25,9,0.72,-0.1517028542669607
0.25,9,0.73,-0.1495745959481991
0.25,9,0.74,-0.1495500319216466
0.25,9,0.75,-0.1513078224522684
0.25,9,0.76,-0.1482338253672728
0.25,9,0.77,-0.1455760515263245
0.25,9,0.78,-0.1486364842196363
0.25,9,0.79,-0.1486402357321893
0.25,9,0.8,-0.148060106921556
0.25,9,0.81,-0.1507919276748489
0.25,9,0.82,-0.1510287579254574
0.25,9,0.83,-0.154983031973145
0.25,9,0.84,-0.1489401465380175
0.25,9,0.85,-0.1519907993204749
0.25,9,0.86,-0.1488288164001337
0.25,9,0.87,-0.1491023220276084
0.25,9,0.88,-0.153744617036861
0.25,9,0.89,-0.1500592014475718
0.25,9,0.9,-0.1491045461165823
0.25,9,0.91,-0.1531245071014349
0.25,9,0.92,-0.152394787645175
0.25,9,0.93,-0.1500592182578669
0.25,9,0.94,-0.1502176295697799
0.25,9,0.95,-0.1524664786967927
0.25,9,0.96,-0.1471108963507165
0.25,9,0.97,-0.1543378837568257
0.25,9,0.98,-0.1535665481817036
0.25,9,0.99,-0.1480365005388531
0.25,9,1.0,-0.1497211099708215
0.25,10,0.01,-0.0004348459294001
0.25,10,0.02,-0.0006136098541215
0.25,10,0.03,-0.0010438381341349
0.25,10,0.04,-0.0019482693621609
0.25,10,0.05,-0.0033204224607711
0.25,10,0.06,-0.0051628725131819
0.25,10,0.07,-0.0084168471398566
0.25,10,0.08,-0.0109268900139982
0.25,10,0.09,-0.0139985126756064
0.25,10,0.1,-0.0178283456455997
0.25,10,0.11,-0.0214641920841118
0.25,10,0.12,-0.0271473094255583
0.25,10,0.13,-0.0324408347926135
0.25,10,0.14,-0.0371128715237102
0.25,10,0.15,-0.0432444829941303
0.25,10,0.16,-0.0444248678169095
0.25,10,0.17,-0.0545364573046023
0.25,10,0.18,-0.0587716732535982
0.25,10,0.19,-0.0728152442292449
0.25,10,0.2,-0.0675945379424835
0.25,10,0.21,-0.08187029522869
0.25,10,0.22,-0.0867833288359985
0.25,10,0.23,-0.0933579966074287
0.25,10,0.24,-0.0933393714856541
0.25,10,0.25,-0.1060605441238913
0.25,10,0.26,-0.1046251384483419
0.25,10,0.27,-0.1030557634655261
0.25,10,0.28,-0.1143782949436108
0.25,10,0.29,-0.1165499615096503
0.25,10,0.3,-0.1162376547890556
0.25,10,0.31,-0.120402044046609
0.25,10,0.32,-0.1265888541515921
0.25,10,0.33,-0.1279432386157713
0.25,10,0.34,-0.1256846409393105
0.25,10,0.35,-0.1298576009016658
0.25,10,0.36,-0.138658709748419
0.25,10,0.37,-0.1344201698530104
0.25,10,0.38,-0.1339922099138563
0.25,10,0.39,-0.1362201659958624
0.25,10,0.4,-0.1344320438342848
0.25,10,0.41,-0.1354762907467033
0.25,10,0.42,-0.1323713266827729
0.25,10,0.43,-0.1431968257134055
0.25,10,0.44,-0.1368846790185169
0.25,10,0.45,-0.1402562318366081
0.25,10,0.46,-0.1397319757538973
0.25,10,0.47,-0.1386602851837837
0.25,10,0.48,-0.1444820732977139
0.25,10,0.49,-0.1348251226595108
0.25,10,0.5,-0.140820025016662
0.25,10,0.51,-0.13570714786994
0.25,10,0.52,-0.141246829672401
0.25,10,0.53,-0.1399410088776304
0.25,10,0.54,-0.1393829550183578
0.25,10,0.55,-0.1388351615200324
0.25,10,0.56,-0.1433156224358323
0.25,10,0.57,-0.136989000705424
0.25,10,0.58,-0.1399274700550438
0.25,10,0.59,-0.1420158883014394
0.25,10,0.6,-0.1407098066458151
0.25,10,0.61,-0.1426789591504691
0.25,10,0.62,-0.1406048538900436
0.25,10,0.63,-0.1366649352560057
0.25,10,0.64,-0.146089180693652
0.25,10,0.65,-0.1481842109581796
0.25,10,0.66,-0.1399156839780187
0.25,10,0.67,-0.1442748144623023
0.25,10,0.68,-0.141091845387981
0.25,10,0.69,-0.1469529743148176
0.25,10,0.7,-0.1452445383381471
0.25,10,0.71,-0.1421131652784578
0.25,10,0.72,-0.1474768230417388
0.25,10,0.73,-0.1404440723719764
0.25,10,0.74,-0.1419320866869571
0.25,10,0.75,-0.14638063707057
0.25,10,0.76,-0.1464873352366175
0.25,10,0.77,-0.14546998598087
0.25,10,0.78,-0.1461068583431881
0.25,10,0.79,-0.146633094893639
0.25,10,0.8,-0.1452816470593467
0.25,10,0.81,-0.1479464871790766
0.25,10,0.82,-0.1435807003802627
0.25,10,0.83,-0.1432873863473438
0.25,10,0.84,-0.1456207131574294
0.25,10,0.85,-0.1464904273217953
0.25,10,0.86,-0.1463707593845014
0.25,10,0.87,-0.1439540620184436
0.25,10,0.88,-0.1462832886761142
0.25,10,0.89,-0.1464185871711787
0.25,10,0.9,-0.1472850713298596
0.25,10,0.91,-0.1473693243683402
0.25,10,0.92,-0.1494187005487179
0.25,10,0.93,-0.1507553989748149
0.25,10,0.94,-0.1486473898627609
0.25,10,0.95,-0.1473989163913132
0.25,10,0.96,-0.1464370292597936
0.25,10,0.97,-0.14999275470346
0.25,10,0.98,-0.1480991108439898
0.25,10,0.99,-0.1514930972226253
0.25,10,1.0,-0.145206970385252
0.25,11,0.01,-0.0002928983243162
0.25,11,0.02,-0.0004643478435124
0.25,11,0.03,-0.0009400051897316
0.25,11,0.04,-0.0018588486707539
0.25,11,0.05,-0.0032915369225042
0.25,11,0.06,-0.0052507128662621
0.25,11,0.07,-0.0077435137782653
0.25,11,0.08,-0.0108990392111832
0.25,11,0.09,-0.0143811791934008
0.25,11,0.1,-0.0179292494895015
0.25,11,0.11,-0.0223955955375243
0.25,11,0.12,-0.0267515673085938
0.25,11,0.13,-0.0309286740198315
0.25,11,0.14,-0.0404554687449308
0.25,11,0.15,-0.037892498063928
0.25,11,0.16,-0.0510759534908067
0.25,11,0.17,-0.0585789601589282
0.25,11,0.18,-0.0620526594434898
0.25,11,0.19,-0.0658612816469003
0.25,11,0.2,-0.069662341663101
0.25,11,0.21,-0.0787995224113938
0.25,11,0.22,-0.0729224437081138
0.25,11,0.23,-0.0950075619993431
0.25,11,0.24,-0.0856316465807771
0.25,11,0.25,-0.0964049200178307
0.25,11,0.26,-0.1031974479758032
0.25,11,0.27,-0.1070877333415817
0.25,11,0.28,-0.1134637056086509
0.25,11,0.29,-0.1115644659417395
0.25,11,0.3,-0.1170720466580503
0.25,11,0.31,-0.1209793413852339
0.25,11,0.32,-0.1270238799548089
0.25,11,0.33,-0.1191164991567779
0.25,11,0.34,-0.1266777397078027
0.25,11,0.35,-0.1273095789186317
0.25,11,0.36,-0.1359317130616466
0.25,11,0.37,-0.1295087441726726
0.25,11,0.38,-0.1309353756513217
0.25,11,0.39,-0.1346783833148281
0.25,11,0.4,-0.1322366189755489
0.25,11,0.41,-0.1336132975766683
0.25,11,0.42,-0.132295892735628
0.25,11,0.43,-0.1291537444660369
0.25,11,0.44,-0.1387262654835183
0.25,11,0.45,-0.1319488971317491
0.25,11,0.46,-0.1374945326786562
0.25,11,0.47,-0.1418786876799392
0.25,11,0.48,-0.1389690079822357
0.25,11,0.49,-0.1363995139266967
0.25,11,0.5,-0.1397400195821715
0.25,11,0.51,-0.13843606176175
0.25,11,0.52,-0.1387280737463791
0.25,11,0.53,-0.1432698298719932
0.25,11,0.54,-0.1384908479017152
0.25,11,0.55,-0.1369075802554324
0.25,11,0.56,-0.1341379485858035
0.25,11,0.57,-0.1364999184744897
0.25,11,0.58,-0.1428852933479009
0.25,11,0.59,-0.14372185107523
0.25,11,0.6,-0.1429367174661904
0.25,11,0.61,-0.1420157017022777
0.25,11,0.62,-0.1374841334719831
0.25,11,0.63,-0.1419789135752746
0.25,11,0.64,-0.1409393527785989
0.25,11,0.65,-0.1415980893501311
0.25,11,0.66,-0.1393853212090193
0.25,11,0.67,-0.1397863589804404
0.25,11,0.68,-0.1429057825153396
0.25,11,0.69,-0.1421603130571638
0.25,11,0.7,-0.1378540606966676
0.25,11,0.71,-0.1423589786817231
0.25,11,0.72,-0.142579517118699
0.25,11,0.73,-0.1403598217044234
0.25,11,0.74,-0.1456857118353416
0.25,11,0.75,-0.1451430448684897
0.25,11,0.76,-0.1405513226357071
0.25,11,0.77,-0.1438394223998797
0.25,11,0.78,-0.1443490282859885
0.25,11,0.79,-0.1442561938962764
0.25,11,0.8,-0.146134142272664
0.25,11,0.81,-0.1459818442920574
0.25,11,0.82,-0.1464822683011042
0.25,11,0.83,-0.1476468496611321
0.25,11,0.84,-0.1435313750476667
0.25,11,0.85,-0.1430583589205666
0.25,11,0.86,-0.147053788696908
0.25,11,0.87,-0.1444717577417664
0.25,11,0.88,-0.1456975388863766
0.25,11,0.89,-0.1469874830489099
0.25,11,0.9,-0.1473613126529403
0.25,11,0.91,-0.1463314465208338
0.25,11,0.92,-0.1458832260842355
0.25,11,0.93,-0.1480166702905495
0.25,11,0.94,-0.1527783018599072
0.25,11,0.95,-0.1463424000923342
0.25,11,0.96,-0.1502628410082596
0.25,11,0.97,-0.1481383468269976
0.25,11,0.98,-0.1488624217487452
0.25,11,0.99,-0.1488635258920392
0.25,11,1.0,-0.148969846890944
0.25,12,0.01,-0.000722320640567
0.25,12,0.02,-0.0009242889791827
0.25,12,0.03,-0.0013699251898889
0.25,12,0.04,-0.0022174868777507
0.25,12,0.05,-0.0036229028333139
0.25,12,0.06,-0.0055135639591751
0.25,12,0.07,-0.0077428227915807
0.25,12,0.08,-0.0091892041122942
0.25,12,0.09,-0.0133862533726084
0.25,12,0.1,-0.0178455948556712
0.25,12,0.11,-0.0219045147693798
0.25,12,0.12,-0.026301094215399
0.25,12,0.13,-0.0314278299483959
0.25,12,0.14,-0.0380369723600814
0.25,12,0.15,-0.0406431073612716
0.25,12,0.16,-0.0477458436275998
0.25,12,0.17,-0.0537934250879389
0.25,12,0.18,-0.0607220119079403
0.25,12,0.19,-0.063518868688524
0.25,12,0.2,-0.0663203792890523
0.25,12,0.21,-0.0690954653317809
0.25,12,0.22,-0.0834141849303685
0.25,12,0.23,-0.0864766272608414
0.25,12,0.24,-0.0918773920427013
0.25,12,0.25,-0.1016566337394748
0.25,12,0.26,-0.1020056094174275
0.25,12,0.27,-0.1037825196101876
0.25,12,0.28,-0.1173977353487119
0.25,12,0.29,-0.1075491045735552
0.25,12,0.3,-0.112281757185513
0.25,12,0.31,-0.1144942115256636
0.25,12,0.32,-0.1208652502206856
0.25,12,0.33,-0.1262001977546113
0.25,12,0.34,-0.1300750936282909
0.25,12,0.35,-0.1254817106468536
0.25,12,0.36,-0.1339384926097099
0.25,12,0.37,-0.1307306353392492
0.25,12,0.38,-0.1369416340853656
0.25,12,0.39,-0.12804244799501
0.25,12,0.4,-0.1396074476781791
0.25,12,0.41,-0.1275745097695537
0.25,12,0.42,-0.1337546394796794
0.25,12,0.43,-0.1344482166896922
0.25,12,0.44,-0.1344698208961207
0.25,12,0.45,-0.1365573711101014
0.25,12,0.46,-0.136368610912144
0.25,12,0.47,-0.1337243982947104
0.25,12,0.48,-0.1307035077875092
0.25,12,0.49,-0.1410033874932983
0.25,12,0.5,-0.1373862814560058
0.25,12,0.51,-0.1379909298431205
0.25,12,0.52,-0.1372875059848768
0.25,12,0.53,-0.1418809179996892
0.25,12,0.54,-0.1338049953419643
0.25,12,0.55,-0.1428041393505424
0.25,12,0.56,-0.1353406502997406
0.25,12,0.57,-0.1444760234516262
0.25,12,0.58,-0.1408812894525377
0.25,12,0.59,-0.1410642816578113
0.25,12,0.6,-0.1417436229027967
0.25,12,0.61,-0.1412434398473257
0.25,12,0.62,-0.140320108301225
0.25,12,0.63,-0.1438115355135168
0.25,12,0.64,-0.1455481571555565
0.25,12,0.65,-0.1445613440808018
0.25,12,0.66,-0.1453125026540817
0.25,12,0.67,-0.1411887270063916
0.25,12,0.68,-0.1454859873275802
0.25,12,0.69,-0.1458171156590684
0.25,12,0.7,-0.1461307723181427
0.25,12,0.71,-0.1430902764785837
0.25,12,0.72,-0.1462489368683647
0.25,12,0.73,-0.1438730844396347
0.25,12,0.74,-0.1418187503225246
0.25,12,0.75,-0.1448303318186862
0.25,12,0.76,-0.1445367089774247
0.25,12,0.77,-0.1445952810053883
0.25,12,0.78,-0.1416412732194978
0.25,12,0.79,-0.1486971055710478
0.25,12,0.8,-0.1451341134306627
0.25,12,0.81,-0.1475723717822654
0.25,12,0.82,-0.1436591036466402
0.25,12,0.83,-0.1506789007447688
0.25,12,0.84,-0.1500678449514413
0.25,12,0.85,-0.1502382383400003
0.25,12,0.86,-0.1497516444526081
0.25,12,0.87,-0.1472372954955381
0.25,12,0.88,-0.1502457977820848
0.25,12,0.89,-0.1468160112493398
0.25,12,0.9,-0.1482438439673274
0.25,12,0.91,-0.1485369919180048
0.25,12,0.92,-0.1442905888777639
0.25,12,0.93,-0.1507731475861519
0.25,12,0.94,-0.1502282700276776
0.25,12,0.95,-0.1437637728553547
0.25,12,0.96,-0.1517006551814705
0.25,12,0.97,-0.1479607510652923
0.25,12,0.98,-0.15034432020059
0.25,12,0.99,-0.1473284653843773
0.25,12,1.0,-0.1522683074424175
0.25,13,0.01,-0.0006326482780023
0.25,13,0.02,-0.0008479984899884
0.25,13,0.03,-0.0013547586474759
0.25,13,0.04,-0.0023486715468666
0.25,13,0.05,-0.0038683703321398
0.25,13,0.06,-0.005882588999962
0.25,13,0.07,-0.0086438792979581
0.25,13,0.08,-0.0107497672188552
0.25,13,0.09,-0.0152727783461102
0.25,13,0.1,-0.0193144292214669
0.25,13,0.11,-0.0226869855500067
0.25,13,0.12,-0.0286188689215529
0.25,13,0.13,-0.0340965842219726
0.25,13,0.14,-0.0368612247382994
0.25,13,0.15,-0.0412410995422187
0.25,13,0.16,-0.0505451697652723
0.25,13,0.17,-0.0563948187733246
0.25,13,0.18,-0.0594479693824485
0.25,13,0.19,-0.0697046529496518
0.25,13,0.2,-0.0661625675955054
0.25,13,0.21,-0.0798878604632906
0.25,13,0.22,-0.0852565438214971
0.25,13,0.23,-0.0818868163213605
0.25,13,0.24,-0.0935309610801292
0.25,13,0.25,-0.0926885664708136
0.25,13,0.26,-0.1033687762100985
0.25,13,0.27,-0.1003360087567246
0.25,13,0.28,-0.1074277035041693
0.25,13,0.29,-0.1097558795525046
0.25,13,0.3,-0.1184775740059146
0.25,13,0.31,-0.1217466083230214
0.25,13,0.32,-0.1229498253551743
0.25,13,0.33,-0.1265513482729675
0.25,13,0.34,-0.1262726631405593
0.25,13,0.35,-0.1179804708051765
0.25,13,0.36,-0.1256372629565266
0.25,13,0.37,-0.1285389680248309
0.25,13,0.38,-0.1224279896369915
0.25,13,0.39,-0.1304755665450314
0.25,13,0.4,-0.1256302790995269
0.25,13,0.41,-0.1291788053643171
0.25,13,0.42,-0.1280738536885337
0.25,13,0.43,-0.1272803465562225
0.25,13,0.44,-0.135979708904045
0.25,13,0.45,-0.1340104250171414
0.25,13,0.46,-0.1253877453268969
0.25,13,0.47,-0.1281441986048326
0.25,13,0.48,-0.1383084509872234
0.25,13,0.49,-0.1338677673183329
0.25,13,0.5,-0.1364233872417769
0.25,13,0.51,-0.1378059106461222
0.25,13,0.52,-0.1372823893900337
0.25,13,0.53,-0.1371409154217479
0.25,13,0.54,-0.1342643223018702
0.25,13,0.55,-0.1381048143338566
0.25,13,0.56,-0.1418329709096893
0.25,13,0.57,-0.1364344484132573
0.25,13,0.58,-0.1355123737905023
0.25,13,0.59,-0.1349332801428693
0.25,13,0.6,-0.1434392683901081
0.25,13,0.61,-0.1375591659921295
0.25,13,0.62,-0.1394830932081333
0.25,13,0.63,-0.1411590531907263
0.25,13,0.64,-0.1376250447367342
0.25,13,0.65,-0.141400744485753
0.25,13,0.66,-0.1397153653880839
0.25,13,0.67,-0.1447715415409144
0.25,13,0.68,-0.138457909061389
0.25,13,0.69,-0.1406704032259903
0.25,13,0.7,-0.137776671144977
0.25,13,0.71,-0.1412614511462684
0.25,13,0.72,-0.1440998780538106
0.25,13,0.73,-0.1458397269592746
0.25,13,0.74,-0.1416515522406803
0.25,13,0.75,-0.1442897363414425
0.25,13,0.76,-0.1466494278319756
0.25,13,0.77,-0.1439749952484135
0.25,13,0.78,-0.1450444176045711
0.25,13,0.79,-0.1458971202272677
0.25,13,0.8,-0.1449061266441742
0.25,13,0.81,-0.1471176530929525
0.25,13,0.82,-0.1476117808095383
0.25,13,0.83,-0.1447245042403382
0.25,13,0.84,-0.1440559687265495
0.25,13,0.85,-0.1485884445352528
0.25,13,0.86,-0.1473370784129196
0.25,13,0.87,-0.1485192276847974
0.25,13,0.88,-0.1479304988846655
0.25,13,0.89,-0.1449154095303236
0.25,13,0.9,-0.141810703987292
0.25,13,0.91,-0.1484596145199027
0.25,13,0.92,-0.1476070927672602
0.25,13,0.93,-0.1494214681858681
0.25,13,0.94,-0.1477988117930881
0.25,13,0.95,-0.1499681932082336
0.25,13,0.96,-0.1468707160218299
0.25,13,0.97,-0.1460966216261973
0.25,13,0.98,-0.1492938050008069
0.25,13,0.99,-0.151068869812885
0.25,13,1.0,-0.1485774396400242
0.25,14,0.01,-0.0012786757182782
0.25,14,0.02,-0.0014755405703741
0.25,14,0.03,-0.0018839009618912
0.25,14,0.04,-0.002636010521253
0.25,14,0.05,-0.0038537194991834
0.25,14,0.06,-0.0055231175967409
0.25,14,0.07,-0.0079730445875868
0.25,14,0.08,-0.0105098704402309
0.25,14,0.09,-0.0134334955400222
0.25,14,0.1,-0.0171108747719324
0.25,14,0.11,-0.020151468424169
0.25,14,0.12,-0.0240993777244105
0.25,14,0.13,-0.0296604114776113
0.25,14,0.14,-0.032627560677662
0.25,14,0.15,-0.0394629299203039
0.25,14,0.16,-0.0456655375502323
0.25,14,0.17,-0.0494732579800584
0.25,14,0.18,-0.0516208272061441
0.25,14,0.19,-0.0556198900741866
0.25,14,0.2,-0.065794366115152
0.25,14,0.21,-0.0672264149834684
0.25,14,0.22,-0.0715207885991942
0.25,14,0.23,-0.0681758471976567
0.25,14,0.24,-0.0748246743079009
0.25,14,0.25,-0.081715834856615
0.25,14,0.26,-0.0893823737704331
0.25,14,0.27,-0.0966670431991519
0.25,14,0.28,-0.0947699574684934
0.25,14,0.29,-0.1056486958143042
0.25,14,0.3,-0.1086350037353878
0.25,14,0.31,-0.1109278429922078
0.25,14,0.32,-0.1094531557942614
0.25,14,0.33,-0.1168977373768762
0.25,14,0.34,-0.1122285655181418
0.25,14,0.35,-0.1255898713128515
0.25,14,0.36,-0.121957296002708
0.25,14,0.37,-0.1250233040593093
0.25,14,0.38,-0.1300288619783447
0.25,14,0.39,-0.1315451107453271
0.25,14,0.4,-0.1291221578034639
0.25,14,0.41,-0.1309345589548536
0.25,14,0.42,-0.1369314636392197
0.25,14,0.43,-0.1359965744281355
0.25,14,0.44,-0.1383302172372268
0.25,14,0.45,-0.1403044266287309
0.25,14,0.46,-0.1374025283210455
0.25,14,0.47,-0.1383647068171845
0.25,14,0.48,-0.1418462267567155
0.25,14,0.49,-0.1379401617253221
0.25,14,0.5,-0.1418895100997932
0.25,14,0.51,-0.1493895925462771
0.25,14,0.52,-0.1382277683968387
0.25,14,0.53,-0.1486637815124037
0.25,14,0.54,-0.1430597544456549
0.25,14,0.55,-0.1441008581282941
0.25,14,0.56,-0.1365521073087982
0.25,14,0.57,-0.1491056563571335
0.25,14,0.58,-0.1433835563679719
0.25,14,0.59,-0.1456082927413805
0.25,14,0.6,-0.1393519635740388
0.25,14,0.61,-0.1462166434420812
0.25,14,0.62,-0.1491147354359359
0.25,14,0.63,-0.1438475663114885
0.25,14,0.64,-0.1447525559875006
0.25,14,0.65,-0.1506450851829029
0.25,14,0.66,-0.1474396207490424
0.25,14,0.67,-0.1454486632293047
0.25,14,0.68,-0.147716707796208
0.25,14,0.69,-0.14905235157729
0.25,14,0.7,-0.1451716991624472
0.25,14,0.71,-0.1505331929461144
0.25,14,0.72,-0.1427948765175253
0.25,14,0.73,-0.149850613390302
0.25,14,0.74,-0.1468325271859045
0.25,14,0.75,-0.1458067387891816
0.25,14,0.76,-0.1473979839641181
0.25,14,0.77,-0.1473903829496917
0.25,14,0.78,-0.1511201504272882
0.25,14,0.79,-0.1511161495455507
0.25,14,0.8,-0.1477845191690302
0.25,14,0.81,-0.1509797200698418
0.25,14,0.82,-0.1496130053782775
0.25,14,0.83,-0.1507972773404581
0.25,14,0.84,-0.1509054368761777
0.25,14,0.85,-0.1511928157512879
0.25,14,0.86,-0.1551758688934969
0.25,14,0.87,-0.1470712283593403
0.25,14,0.88,-0.1538170430328316
0.25,14,0.89,-0.1542840405635951
0.25,14,0.9,-0.1514840791034564
0.25,14,0.91,-0.1463295988879779
0.25,14,0.92,-0.1518081138855908
0.25,14,0.93,-0.1460323725884441
0.25,14,0.94,-0.1478463570805133
0.25,14,0.95,-0.1561956364712261
0.25,14,0.96,-0.153661266736543
0.25,14,0.97,-0.1494372963061359
0.25,14,0.98,-0.1504702221396377
0.25,14,0.99,-0.1544899733918929
0.25,14,1.0,-0.150536896719182
0.25,15,0.01,-0.0007348280469012
0.25,15,0.02,-0.0010487473516033
0.25,15,0.03,-0.0018172862953957
0.25,15,0.04,-0.0030922961086753
0.25,15,0.05,-0.0049895316833764
0.25,15,0.06,-0.0077348693493183
0.25,15,0.07,-0.0105430944318222
0.25,15,0.08,-0.014039919459031
0.25,15,0.09,-0.0175738716826733
0.25,15,0.1,-0.0217581030563977
0.25,15,0.11,-0.0279171511172615
0.25,15,0.12,-0.0322334874505961
0.25,15,0.13,-0.0370916498663228
0.25,15,0.14,-0.0392499603650557
0.25,15,0.15,-0.0500314356949158
0.25,15,0.16,-0.0553262962091483
0.25,15,0.17,-0.0615598404456532
0.25,15,0.18,-0.0658818280427932
0.25,15,0.19,-0.0698450604055825
0.25,15,0.2,-0.0757402869796884
0.25,15,0.21,-0.0804440388267101
0.25,15,0.22,-0.087962435819462
0.25,15,0.23,-0.0954560528203555
0.25,15,0.24,-0.1036667566247406
0.25,15,0.25,-0.0968232431391929
0.25,15,0.26,-0.1083402770317119
0.25,15,0.27,-0.1060677347019136
0.25,15,0.28,-0.1100803855609053
0.25,15,0.29,-0.1211515714665681
0.25,15,0.3,-0.1275975687502391
0.25,15,0.31,-0.1134476315802301
0.25,15,0.32,-0.1277232129760673
0.25,15,0.33,-0.1298462847685659
0.25,15,0.34,-0.1324797662996582
0.25,15,0.35,-0.1335557457094191
0.25,15,0.36,-0.1330412092280715
0.25,15,0.37,-0.13505260389468
0.25,15,0.38,-0.1286043383494036
0.25,15,0.39,-0.1283929926976691
0.25,15,0.4,-0.1380926211954062
0.25,15,0.41,-0.1370332271847988
0.25,15,0.42,-0.1403624067767981
0.25,15,0.43,-0.1361688474997177
0.25,15,0.44,-0.1418778600785686
0.25,15,0.45,-0.1399302792464898
0.25,15,0.46,-0.1441149269477374
0.25,15,0.47,-0.1413373309884548
0.25,15,0.48,-0.147466158099005
0.25,15,0.49,-0.1415161603147622
0.25,15,0.5,-0.1442130569073726
0.25,15,0.51,-0.145047491545677
0.25,15,0.52,-0.1444590179191401
0.25,15,0.53,-0.1398921866316522
0.25,15,0.54,-0.1403811308520188
0.25,15,0.55,-0.1411308478113661
0.25,15,0.56,-0.1409517497304761
0.25,15,0.57,-0.1470377847733111
0.25,15,0.58,-0.1448697263713759
0.25,15,0.59,-0.1421429553550318
0.25,15,0.6,-0.1397084830289564
0.25,15,0.61,-0.1440125150974607
0.25,15,0.62,-0.1443541977344502
0.25,15,0.63,-0.1475050774850137
0.25,15,0.64,-0.1379793282428862
0.25,15,0.65,-0.1432864116452231
0.25,15,0.66,-0.1420444416241335
0.25,15,0.67,-0.1402851908169767
0.25,15,0.68,-0.1430112673148302
0.25,15,0.69,-0.1430724957848347
0.25,15,0.7,-0.1463925052236725
0.25,15,0.71,-0.1480655142090739
0.25,15,0.72,-0.1451576639324298
0.25,15,0.73,-0.1454822261328345
0.25,15,0.74,-0.1421333565971776
0.25,15,0.75,-0.1427525144088835
0.25,15,0.76,-0.1489934586192986
0.25,15,0.77,-0.1470886459610615
0.25,15,0.78,-0.1448847525303143
0.25,15,0.79,-0.1474103625421796
0.25,15,0.8,-0.1465958518845081
0.25,15,0.81,-0.143487523890636
0.25,15,0.82,-0.1479378549727171
0.25,15,0.83,-0.1432894431594655
0.25,15,0.84,-0.14839840706824
0.25,15,0.85,-0.1480823325669093
0.25,15,0.86,-0.148909886395624
0.25,15,0.87,-0.1504598425168677
0.25,15,0.88,-0.1497726871242281
0.25,15,0.89,-0.145656398415476
0.25,15,0.9,-0.1460275103588816
0.25,15,0.91,-0.1458798857199276
0.25,15,0.92,-0.1491998678309876
0.25,15,0.93,-0.1465723998431567
0.25,15,0.94,-0.1509105285330371
0.25,15,0.95,-0.1494654357539397
0.25,15,0.96,-0.1509522828937192
0.25,15,0.97,-0.1463238075519613
0.25,15,0.98,-0.1488811963513052
0.25,15,0.99,-0.1464263488167415
0.25,15,1.0,-0.1475938367008567
0.25,16,0.01,-0.0002451530199995
0.25,16,0.02,-0.0004215951458783
0.25,16,0.03,-0.0008955201498392
0.25,16,0.04,-0.0018874935039011
0.25,16,0.05,-0.0035203502907716
0.25,16,0.06,-0.0056566736040777
0.25,16,0.07,-0.0085946892166142
0.25,16,0.08,-0.0114160852246084
0.25,16,0.09,-0.01525422633959
0.25,16,0.1,-0.0179450052527739
0.25,16,0.11,-0.0223978535465734
0.25,16,0.12,-0.0250142612829661
0.25,16,0.13,-0.0343951852816906
0.25,16,0.14,-0.0411447286539534
0.25,16,0.15,-0.0478419734282264
0.25,16,0.16,-0.0553830962724936
0.25,16,0.17,-0.0614427505577479
0.25,16,0.18,-0.0662582935620813
0.25,16,0.19,-0.0648156970185696
0.25,16,0.2,-0.0782096603964948
0.25,16,0.21,-0.077344454608135
0.25,16,0.22,-0.0903894025101232
0.25,16,0.23,-0.0981352726062634
0.25,16,0.24,-0.1037361522727351
0.25,16,0.25,-0.0964814226560162
0.25,16,0.26,-0.1138293543044189
0.25,16,0.27,-0.1203433652837434
0.25,16,0.28,-0.1161761222287285
0.25,16,0.29,-0.1218345014207769
0.25,16,0.3,-0.1274767260513437
0.25,16,0.31,-0.1301997601896409
0.25,16,0.32,-0.1216633773493745
0.25,16,0.33,-0.1318377193643377
0.25,16,0.34,-0.1225170132663116
0.25,16,0.35,-0.1363609034974222
0.25,16,0.36,-0.1251666667607085
0.25,16,0.37,-0.1326819288962715
0.25,16,0.38,-0.1451971451406628
0.25,16,0.39,-0.1364142516752467
0.25,16,0.4,-0.1343080737882685
0.25,16,0.41,-0.1344632030909391
0.25,16,0.42,-0.1374737955167198
0.25,16,0.43,-0.1402285626642371
0.25,16,0.44,-0.1359872648354403
0.25,16,0.45,-0.1377337036666077
0.25,16,0.46,-0.1405431689219368
0.25,16,0.47,-0.1413072958199856
0.25,16,0.48,-0.1399262003342807
0.25,16,0.49,-0.1408213161659141
0.25,16,0.5,-0.1465155093515201
0.25,16,0.51,-0.1412194358706754
0.25,16,0.52,-0.1412285361781958
0.25,16,0.53,-0.1369118290002726
0.25,16,0.54,-0.1345171855309013
0.25,16,0.55,-0.1413726092874271
0.25,16,0.56,-0.1453532751286544
0.25,16,0.57,-0.1420462141718483
0.25,16,0.58,-0.1421618086750979
0.25,16,0.59,-0.1421817077923354
0.25,16,0.6,-0.1467611225433992
0.25,16,0.61,-0.1458450985616637
0.25,16,0.62,-0.143798093254839
0.25,16,0.63,-0.1476775206888395
0.25,16,0.64,-0.1417514622885123
0.25,16,0.65,-0.1428752029387364
0.25,16,0.66,-0.1438010283064233
0.25,16,0.67,-0.1417400822272079
0.25,16,0.68,-0.148060352229037
0.25,16,0.69,-0.1480756843179891
0.25,16,0.7,-0.144939979514586
0.25,16,0.71,-0.1462232368945775
0.25,16,0.72,-0.1461136348448056
0.25,16,0.73,-0.1451332567191021
0.25,16,0.74,-0.1416047902306427
0.25,16,0.75,-0.1479228932194557
0.25,16,0.76,-0.1501730679531571
0.25,16,0.77,-0.1432758604264103
0.25,16,0.78,-0.1503635984776533
0.25,16,0.79,-0.148664924335185
0.25,16,0.8,-0.1469584655024934
0.25,16,0.81,-0.1441638262300931
0.25,16,0.82,-0.1485509339433164
0.25,16,0.83,-0.1488455452937576
0.25,16,0.84,-0.1456639841857694
0.25,16,0.85,-0.1470721932212492
0.25,16,0.86,-0.1418496734883097
0.25,16,0.87,-0.1486630881733548
0.25,16,0.88,-0.1489519846491408
0.25,16,0.89,-0.1436705427437241
0.25,16,0.9,-0.1517101176993077
0.25,16,0.91,-0.1467244629189488
0.25,16,0.92,-0.1465765043067942
0.25,16,0.93,-0.1509096268686339
0.25,16,0.94,-0.1492600838805785
0.25,16,0.95,-0.1497289041867341
0.25,16,0.96,-0.1469184200584735
0.25,16,0.97,-0.1496713096342042
0.25,16,0.98,-0.1496798898106333
0.25,16,0.99,-0.1473741679797635
0.25,16,1.0,-0.1524864064911939
0.25,17,0.01,-0.0021525182824463
0.25,17,0.02,-0.0024210716257037
0.25,17,0.03,-0.0029769040787512
0.25,17,0.04,-0.0039578906134457
0.25,17,0.05,-0.0053414359599528
0.25,17,0.06,-0.007173695313308
0.25,17,0.07,-0.0094603269367137
0.25,17,0.08,-0.012178088980888
0.25,17,0.09,-0.0154850202677659
0.25,17,0.1,-0.0197156663290309
0.25,17,0.11,-0.024647726574785
0.25,17,0.12,-0.0266901007755544
0.25,17,0.13,-0.0322022876121834
0.25,17,0.14,-0.032830497628077
0.25,17,0.15,-0.0387097289001101
0.25,17,0.16,-0.0445602443991383
0.25,17,0.17,-0.0543067854924827
0.25,17,0.18,-0.0588491926979995
0.25,17,0.19,-0.0610030644640581
0.25,17,0.2,-0.0616046003181403
0.25,17,0.21,-0.0671854493253533
0.25,17,0.22,-0.0715248453657326
0.25,17,0.23,-0.0750144082969771
0.25,17,0.24,-0.0831327857711771
0.25,17,0.25,-0.0923220181000998
0.25,17,0.26,-0.0912802862068355
0.25,17,0.27,-0.1048084064830309
0.25,17,0.28,-0.1073044057253109
0.25,17,0.29,-0.1025222163926436
0.25,17,0.3,-0.1090040390644075
0.25,17,0.31,-0.1107278211632211
0.25,17,0.32,-0.1189269181864198
0.25,17,0.33,-0.1193419847130911
0.25,17,0.34,-0.1219876029007981
0.25,17,0.35,-0.1203143163326033
0.25,17,0.36,-0.1171147313895496
0.25,17,0.37,-0.1265995927600069
0.25,17,0.38,-0.1319908759913068
0.25,17,0.39,-0.1327210633287886
0.25,17,0.4,-0.1296327432556731
0.25,17,0.41,-0.1325280439950197
0.25,17,0.42,-0.1283756744642855
0.25,17,0.43,-0.1327689720858643
0.25,17,0.44,-0.1328517633450416
0.25,17,0.45,-0.1339936967200022
0.25,17,0.46,-0.1377399917831485
0.25,17,0.47,-0.1384405406387787
0.25,17,0.48,-0.1355999037682473
0.25,17,0.49,-0.1402338443587801
0.25,17,0.5,-0.1402412233340703
0.25,17,0.51,-0.1354284184399394
0.25,17,0.52,-0.1377291783025688
0.25,17,0.53,-0.1414114290408993
0.25,17,0.54,-0.1387954242507117
0.25,17,0.55,-0.1420284157198826
0.25,17,0.56,-0.1380325532482361
0.25,17,0.57,-0.1364820144360899
0.25,17,0.58,-0.1403807479280778
0.25,17,0.59,-0.1438892773172031
0.25,17,0.6,-0.1386773624136624
0.25,17,0.61,-0.1418195799421265
0.25,17,0.62,-0.1386495975286366
0.25,17,0.63,-0.1405508001797254
0.25,17,0.64,-0.1417639033108995
0.25,17,0.65,-0.1425377506793574
0.25,17,0.66,-0.1399329362527752
0.25,17,0.67,-0.1432157496051996
0.25,17,0.68,-0.1474983801702233
0.25,17,0.69,-0.1462262301276027
0.25,17,0.7,-0.1453266880612633
0.25,17,0.71,-0.14572371048314
0.25,17,0.72,-0.1459551014831966
0.25,17,0.73,-0.1443877118760969
0.25,17,0.74,-0.14616112804913
0.25,17,0.75,-0.1453435158134847
0.25,17,0.76,-0.1452824823108904
0.25,17,0.77,-0.1430638154849277
0.25,17,0.78,-0.1498244855885753
0.25,17,0.79,-0.1472834990910353
0.25,17,0.8,-0.1466184321750366
0.25,17,0.81,-0.1469016166943131
0.25,17,0.82,-0.145223091204102
0.25,17,0.83,-0.1468231803783219
0.25,17,0.84,-0.1480007151641734
0.25,17,0.85,-0.1468910845398592
0.25,17,0.86,-0.1491406280839457
0.25,17,0.87,-0.151370427654592
0.25,17,0.88,-0.1448819878740611
0.25,17,0.89,-0.1490562636641552
0.25,17,0.9,-0.1503731453029476
0.25,17,0.91,-0.1430321289550574
0.25,17,0.92,-0.1496455723728485
0.25,17,0.93,-0.1436911108010571
0.25,17,0.94,-0.1478431990053137
0.25,17,0.95,-0.1502573056812909
0.25,17,0.96,-0.1454920297178938
0.25,17,0.97,-0.148655346804833
0.25,17,0.98,-0.1495341632811606
0.25,17,0.99,-0.1509923091637485
0.25,17,1.0,-0.1489153151701999
0.25,18,0.01,-0.0004387471162268
0.25,18,0.02,-0.0005895534313044
0.25,18,0.03,-0.0010131524747195
0.25,18,0.04,-0.0017773932382339
0.25,18,0.05,-0.0030662125839228
0.25,18,0.06,-0.0048508277765092
0.25,18,0.07,-0.0071437701857403
0.25,18,0.08,-0.0103782962259537
0.25,18,0.09,-0.0140271141666588
0.25,18,0.1,-0.0183117877352881
0.25,18,0.11,-0.0208543418626719
0.25,18,0.12,-0.0257495734866321
0.25,18,0.13,-0.0316071903819629
0.25,18,0.14,-0.036311151922803
0.25,18,0.15,-0.0418967378449232
0.25,18,0.16,-0.0421508209123119
0.25,18,0.17,-0.0552121453943727
0.25,18,0.18,-0.0570575475156598
0.25,18,0.19,-0.0633085597450176
0.25,18,0.2,-0.0708667292998172
0.25,18,0.21,-0.072244527044508
0.25,18,0.22,-0.0812894220868996
0.25,18,0.23,-0.0893214711892453
0.25,18,0.24,-0.0865834443048677
0.25,18,0.25,-0.1051698015262972
0.25,18,0.26,-0.1106875252099317
0.25,18,0.27,-0.110654062770781
0.25,18,0.28,-0.1132827548531826
0.25,18,0.29,-0.118450643035365
0.25,18,0.3,-0.1257293463689705
0.25,18,0.31,-0.111232221158869
0.25,18,0.32,-0.121102111569505
0.25,18,0.33,-0.1343802292604345
0.25,18,0.34,-0.1255115349828988
0.25,18,0.35,-0.1274857981999904
0.25,18,0.36,-0.1376148381819429
0.25,18,0.37,-0.1378727917920054
0.25,18,0.38,-0.1303009029139315
0.25,18,0.39,-0.1339361171710448
0.25,18,0.4,-0.1368072114787063
0.25,18,0.41,-0.1427658613762054
0.25,18,0.42,-0.1429095442082687
0.25,18,0.43,-0.1382497320451804
0.25,18,0.44,-0.1388317460164435
0.25,18,0.45,-0.1447637401749756
0.25,18,0.46,-0.1363684638688848
0.25,18,0.47,-0.147486155024033
0.25,18,0.48,-0.148781040142243
0.25,18,0.49,-0.1434673914007996
0.25,18,0.5,-0.1432510686380394
0.25,18,0.51,-0.146222390435489
0.25,18,0.52,-0.1450400012333874
0.25,18,0.53,-0.1412753391728617
0.25,18,0.54,-0.1465485791405456
0.25,18,0.55,-0.1460539764117209
0.25,18,0.56,-0.1434502283796738
0.25,18,0.57,-0.1463680527144566
0.25,18,0.58,-0.1459058479135868
0.25,18,0.59,-0.1510440252713007
0.25,18,0.6,-0.1439018745749982
0.25,18,0.61,-0.1441423231354485
0.25,18,0.62,-0.146185112979657
0.25,18,0.63,-0.1447188294892405
0.25,18,0.64,-0.1437873857627087
0.25,18,0.65,-0.1420006409285537
0.25,18,0.66,-0.1455359295105535
0.25,18,0.67,-0.1440819239409584
0.25,18,0.68,-0.1443436032683279
0.25,18,0.69,-0.1429379057302527
0.25,18,0.7,-0.1428526703004948
0.25,18,0.71,-0.1453939287020682
0.25,18,0.72,-0.1494411339448385
0.25,18,0.73,-0.1504238153181566
0.25,18,0.74,-0.1448456303492296
0.25,18,0.75,-0.1477219181211856
0.25,18,0.76,-0.1516794806009008
0.25,18,0.77,-0.1512946790239166
0.25,18,0.78,-0.1525838713334621
0.25,18,0.79,-0.1483132802994497
0.25,18,0.8,-0.1492121443687718
0.25,18,0.81,-0.149238360984455
0.25,18,0.82,-0.1473073979183601
0.25,18,0.83,-0.1507391361066399
0.25,18,0.84,-0.1482449330689623
0.25,18,0.85,-0.1551460283104488
0.25,18,0.86,-0.1544010253222729
0.25,18,0.87,-0.1537404809553868
0.25,18,0.88,-0.1504689960890382
0.25,18,0.89,-0.1492066107491385
0.25,18,0.9,-0.1514932994108636
0.25,18,0.91,-0.1513066656936121
0.25,18,0.92,-0.1457461113991877
0.25,18,0.93,-0.1536892446039206
0.25,18,0.94,-0.1512173769935805
0.25,18,0.95,-0.1523936450379419
0.25,18,0.96,-0.1500375139684236
0.25,18,0.97,-0.1494870175428405
0.25,18,0.98,-0.1510959132287984
0.25,18,0.99,-0.1541177361476729
0.25,18,1.0,-0.1498176675333988
0.25,19,0.01,-0.0006966753695684
0.25,19,0.02,-0.0008762413142317
0.25,19,0.03,-0.001271302733633
0.25,19,0.04,-0.0019623620996408
0.25,19,0.05,-0.0030940416384006
0.25,19,0.06,-0.0045844740758611
0.25,19,0.07,-0.0064718186647749
0.25,19,0.08,-0.009452401886086
0.25,19,0.09,-0.012024869584539
0.25,19,0.1,-0.0152595017028165
0.25,19,0.11,-0.0195099436020287
0.25,19,0.12,-0.0243351639592301
0.25,19,0.13,-0.0272875506453529
0.25,19,0.14,-0.0340506358888174
0.25,19,0.15,-0.0350039332178939
0.25,19,0.16,-0.0427992275826136
0.25,19,0.17,-0.0481195794755944
0.25,19,0.18,-0.0542616596795932
0.25,19,0.19,-0.0572077793934899
0.25,19,0.2,-0.0666356412859807
0.25,19,0.21,-0.0713711307881203
0.25,19,0.22,-0.0741993478486872
0.25,19,0.23,-0.0746768645175897
0.25,19,0.24,-0.0775848174922612
0.25,19,0.25,-0.0921090229262046
0.25,19,0.26,-0.095834501674825
0.25,19,0.27,-0.0966339860968122
0.25,19,0.28,-0.1049014792770101
0.25,19,0.29,-0.1069039959303583
0.25,19,0.3,-0.1052400869648216
0.25,19,0.31,-0.1105780422335605
0.25,19,0.32,-0.1179127041848054
0.25,19,0.33,-0.1175793191029382
0.25,19,0.34,-0.1213899699742877
0.25,19,0.35,-0.1237294632578143
0.25,19,0.36,-0.1237741177658242
0.25,19,0.37,-0.1310130749982961
0.25,19,0.38,-0.1299986940038881
0.25,19,0.39,-0.1279960305132961
0.25,19,0.4,-0.1302857498854091
0.25,19,0.41,-0.1351620093794771
0.25,19,0.42,-0.1275726771580919
0.25,19,0.43,-0.1297789182408049
0.25,19,0.44,-0.1323939373994307
0.25,19,0.45,-0.1442526506208162
0.25,19,0.46,-0.1311759103018777
0.25,19,0.47,-0.1354701930713344
0.25,19,0.48,-0.1370782389662667
0.25,19,0.49,-0.1425898206076909
0.25,19,0.5,-0.1404955252431614
0.25,19,0.51,-0.1390816046397648
0.25,19,0.52,-0.1393362740486995
0.25,19,0.53,-0.1397097272836334
0.25,19,0.54,-0.1408655027796173
0.25,19,0.55,-0.1374733739139661
0.25,19,0.56,-0.1477169875996992
0.25,19,0.57,-0.1392841413915964
0.25,19,0.58,-0.1407391017493669
0.25,19,0.59,-0.1457172339438942
0.25,19,0.6,-0.1423472767097493
0.25,19,0.61,-0.1464106287831144
0.25,19,0.62,-0.1401692220341549
0.25,19,0.63,-0.1375242491516255
0.25,19,0.64,-0.1400779637046729
0.25,19,0.65,-0.1428621573077658
0.25,19,0.66,-0.1467027937068826
0.25,19,0.67,-0.1443676888787812
0.25,19,0.68,-0.1432954699429228
0.25,19,0.69,-0.1451227145094006
0.25,19,0.7,-0.1424935957730314
0.25,19,0.71,-0.1425584135308677
0.25,19,0.72,-0.1462370319837903
0.25,19,0.73,-0.1473902348045047
0.25,19,0.74,-0.146023748021079
0.25,19,0.75,-0.1456651557135637
0.25,19,0.76,-0.1445341664634578
0.25,19,0.77,-0.1507551795958832
0.25,19,0.78,-0.1467302991491208
0.25,19,0.79,-0.143148601465947
0.25,19,0.8,-0.1498437158624999
0.25,19,0.81,-0.1494403524204927
0.25,19,0.82,-0.1475145817650733
0.25,19,0.83,-0.1464340186418536
0.25,19,0.84,-0.1513755234348227
0.25,19,0.85,-0.1483005651150856
0.25,19,0.86,-0.1460573164946397
0.25,19,0.87,-0.1534090091549978
0.25,19,0.88,-0.1480016475572932
0.25,19,0.89,-0.1475818676490421
0.25,19,0.9,-0.1508196802365415
0.25,19,0.91,-0.1477607412081374
0.25,19,0.92,-0.151336757199578
0.25,19,0.93,-0.1512843740164931
0.25,19,0.94,-0.1477476051421495
0.25,19,0.95,-0.1535793438053496
0.25,19,0.96,-0.1502884174772118
0.25,19,0.97,-0.1507844588342939
0.25,19,0.98,-0.1493579549602931
0.25,19,0.99,-0.1490555632332451
0.25,19,1.0,-0.1515709221417343
0.25,20,0.01,-0.000359958632685
0.25,20,0.02,-0.0005608463879841
0.25,20,0.03,-0.0011208099363561
0.25,20,0.04,-0.0022601116204675
0.25,20,0.05,-0.0039403330812537
0.25,20,0.06,-0.0059427248009569
0.25,20,0.07,-0.0084690676037153
0.25,20,0.08,-0.0125840535514232
0.25,20,0.09,-0.015117575115052
0.25,20,0.1,-0.0212938071821346
0.25,20,0.11,-0.0239016504025956
0.25,20,0.12,-0.0293928290380992
0.25,20,0.13,-0.0335190643454895
0.25,20,0.14,-0.0402999735289654
0.25,20,0.15,-0.0433198617060498
0.25,20,0.16,-0.0483619679418535
0.25,20,0.17,-0.0644194746658612
0.25,20,0.18,-0.0601530696884322
0.25,20,0.19,-0.0721679936948515
0.25,20,0.2,-0.0869774357015009
0.25,20,0.21,-0.084557506106736
0.25,20,0.22,-0.0846186417916999
0.25,20,0.23,-0.0975803834036318
0.25,20,0.24,-0.1019044962414949
0.25,20,0.25,-0.1058828716265224
0.25,20,0.26,-0.1060899204593606
0.25,20,0.27,-0.1109558139085361
0.25,20,0.28,-0.1190079150413835
0.25,20,0.29,-0.1187192717028916
0.25,20,0.3,-0.129684197828462
0.25,20,0.31,-0.1226030155599708
0.25,20,0.32,-0.121427226051902
0.25,20,0.33,-0.1266347527960992
0.25,20,0.34,-0.1328333248370137
0.25,20,0.35,-0.1342755895987944
0.25,20,0.36,-0.1409391422822037
0.25,20,0.37,-0.1281178871265143
0.25,20,0.38,-0.1272065878436342
0.25,20,0.39,-0.1331051954372505
0.25,20,0.4,-0.1391092040780952
0.25,20,0.41,-0.1372293904639033
0.25,20,0.42,-0.1365018394896834
0.25,20,0.43,-0.1393964278629618
0.25,20,0.44,-0.1352847989637273
0.25,20,0.45,-0.136619136028918
0.25,20,0.46,-0.1379513402890305
0.25,20,0.47,-0.1442775460645743
0.25,20,0.48,-0.1368341616486171
0.25,20,0.49,-0.139456086784181
0.25,20,0.5,-0.1391251197781219
0.25,20,0.51,-0.1378985233210727
0.25,20,0.52,-0.1394949575814318
0.25,20,0.53,-0.140963205042462
0.25,20,0.54,-0.1437153995262715
0.25,20,0.55,-0.1419251361699042
0.25,20,0.56,-0.1431003845666657
0.25,20,0.57,-0.1416302905505824
0.25,20,0.58,-0.1379398284370638
0.25,20,0.59,-0.1413555225615684
0.25,20,0.6,-0.1422976723146914
0.25,20,0.61,-0.1386636515024728
0.25,20,0.62,-0.1410003911136786
0.25,20,0.63,-0.1387460549335623
0.25,20,0.64,-0.1385491298495315
0.25,20,0.65,-0.1432382163204058
0.25,20,0.66,-0.1452446885925158
0.25,20,0.67,-0.1438558019233302
0.25,20,0.68,-0.1441746170687909
0.25,20,0.69,-0.1421134098585312
0.25,20,0.7,-0.1414499850425579
0.25,20,0.71,-0.1423188610426797
0.25,20,0.72,-0.1457510597514145
0.25,20,0.73,-0.1452927596973564
0.25,20,0.74,-0.1439070561257861
0.25,20,0.75,-0.1459562711400629
0.25,20,0.76,-0.144286530071003
0.25,20,0.77,-0.1450419708613942
0.25,20,0.78,-0.141745760888101
0.25,20,0.79,-0.1409920479560655
0.25,20,0.8,-0.1464429380116937
0.25,20,0.81,-0.1455834455099901
0.25,20,0.82,-0.1461870218572241
0.25,20,0.83,-0.1476598477423519
0.25,20,0.84,-0.1449356957099674
0.25,20,0.85,-0.1460489551830913
0.25,20,0.86,-0.1501472797630917
0.25,20,0.87,-0.1440604352787862
0.25,20,0.88,-0.1492624792735259
0.25,20,0.89,-0.1462430832897839
0.25,20,0.9,-0.1478432054139056
0.25,20,0.91,-0.1467731193946082
0.25,20,0.92,-0.1507651284840732
0.25,20,0.93,-0.1518733820072543
0.25,20,0.94,-0.1484225899420594
0.25,20,0.95,-0.1480592725845004
0.25,20,0.96,-0.1464654047951414
0.25,20,0.97,-0.1501406284285568
0.25,20,0.98,-0.1482126485528428
0.25,20,0.99,-0.150301417995807
0.25,20,1.0,-0.1510907826999635
0.25,21,0.01,-0.0006931543877796
0.25,21,0.02,-0.0008926594469447
0.25,21,0.03,-0.0013494211616747
0.25,21,0.04,-0.0021986966130387
0.25,21,0.05,-0.0035652833321854
0.25,21,0.06,-0.0050738885401182
0.25,21,0.07,-0.0073964712930896
0.25,21,0.08,-0.0104794698694416
0.25,21,0.09,-0.0132679403980273
0.25,21,0.1,-0.0163517693241254
0.25,21,0.11,-0.0207311801762737
0.25,21,0.12,-0.0256818657677092
0.25,21,0.13,-0.0295869063588145
0.25,21,0.14,-0.0368664145646728
0.25,21,0.15,-0.0362014076524035
0.25,21,0.16,-0.0443661716988928
0.25,21,0.17,-0.0527095377218497
0.25,21,0.18,-0.0598273564658887
0.25,21,0.19,-0.0646209169213728
0.25,21,0.2,-0.0639444023304324
0.25,21,0.21,-0.0756895559613364
0.25,21,0.22,-0.0725410343912164
0.25,21,0.23,-0.0841995249089192
0.25,21,0.24,-0.0969203437864184
0.25,21,0.25,-0.0936004483870056
0.25,21,0.26,-0.0947002587008822
0.25,21,0.27,-0.1002471836469241
0.25,21,0.28,-0.1057761346227289
0.25,21,0.29,-0.1146507456902083
0.25,21,0.3,-0.1206643597868193
0.25,21,0.31,-0.1093543571853177
0.25,21,0.32,-0.1231896406261204
0.25,21,0.33,-0.1235877343677323
0.25,21,0.34,-0.1244200781768367
0.25,21,0.35,-0.1296285608832674
0.25,21,0.36,-0.1279992117975621
0.25,21,0.37,-0.1197169950588588
0.25,21,0.38,-0.1329077718024666
0.25,21,0.39,-0.137388143746453
0.25,21,0.4,-0.1307029349359279
0.25,21,0.41,-0.1297324633486277
0.25,21,0.42,-0.129371572779295
0.25,21,0.43,-0.1385651911450816
0.25,21,0.44,-0.1323265930946513
0.25,21,0.45,-0.1357920000780924
0.25,21,0.46,-0.1341107759463738
0.25,21,0.47,-0.1374935175945805
0.25,21,0.48,-0.1345310633641457
0.25,21,0.49,-0.1351011970094553
0.25,21,0.5,-0.1397769320340717
0.25,21,0.51,-0.1353815235299638
0.25,21,0.52,-0.1370692892325098
0.25,21,0.53,-0.1353393752475594
0.25,21,0.54,-0.1346098861739438
0.25,21,0.55,-0.1373225040995908
0.25,21,0.56,-0.1390025738275427
0.25,21,0.57,-0.1410263085286952
0.25,21,0.58,-0.1387015761786464
0.25,21,0.59,-0.1416852319794014
0.25,21,0.6,-0.1384600098072122
0.25,21,0.61,-0.1381543522518798
0.25,21,0.62,-0.1391032539690135
0.25,21,0.63,-0.1408192385607876
0.25,21,0.64,-0.1398990531178592
0.25,21,0.65,-0.139535299011555
0.25,21,0.66,-0.1390338949387921
0.25,21,0.67,-0.1449397034817243
0.25,21,0.68,-0.1415698011726096
0.25,21,0.69,-0.1429989383720388
0.25,21,0.7,-0.144286751889163
0.25,21,0.71,-0.147341175061119
0.25,21,0.72,-0.1435503305521675
0.25,21,0.73,-0.1442396430279416
0.25,21,0.74,-0.1415284129075135
0.25,21,0.75,-0.1420190284456182
0.25,21,0.76,-0.1424661436503258
0.25,21,0.77,-0.1428805788891719
0.25,21,0.78,-0.1421826556580648
0.25,21,0.79,-0.1472004716441106
0.25,21,0.8,-0.1459563746570255
0.25,21,0.81,-0.143971315497237
0.25,21,0.82,-0.1473226631822889
0.25,21,0.83,-0.1462405517352308
0.25,21,0.84,-0.1428434211420818
0.25,21,0.85,-0.1439371968348118
0.25,21,0.86,-0.145306241012642
0.25,21,0.87,-0.1480051525800916
0.25,21,0.88,-0.1458226684623918
0.25,21,0.89,-0.1461269038605404
0.25,21,0.9,-0.1438103472812895
0.25,21,0.91,-0.1473744626492986
0.25,21,0.92,-0.1501421064123936
0.25,21,0.93,-0.1456187629020333
0.25,21,0.94,-0.1478408114463343
0.25,21,0.95,-0.146879210946809
0.25,21,0.96,-0.1473974683878756
0.25,21,0.97,-0.1468391546765179
0.25,21,0.98,-0.1470051079443074
0.25,21,0.99,-0.1498368747525068
0.25,21,1.0,-0.1493026136728462
0.25,22,0.01,-0.0004062828510229
0.25,22,0.02,-0.0006191791118408
0.25,22,0.03,-0.0011438154277672
0.25,22,0.04,-0.0021258677333497
0.25,22,0.05,-0.0036233901573342
0.25,22,0.06,-0.0057279408669741
0.25,22,0.07,-0.0089614229175346
0.25,22,0.08,-0.0114820947866925
0.25,22,0.09,-0.016105649100124
0.25,22,0.1,-0.0198456216924875
0.25,22,0.11,-0.0237728440177065
0.25,22,0.12,-0.0301145507503434
0.25,22,0.13,-0.0338408904596881
0.25,22,0.14,-0.0399016370461148
0.25,22,0.15,-0.0426214500802445
0.25,22,0.16,-0.0559222743343295
0.25,22,0.17,-0.0632383638497024
0.25,22,0.18,-0.06759747450599
0.25,22,0.19,-0.0685927102122713
0.25,22,0.2,-0.0793826555805141
0.25,22,0.21,-0.0849328138296998
0.25,22,0.22,-0.0895023865325089
0.25,22,0.23,-0.0937308757610993
0.25,22,0.24,-0.102849688639988
0.25,22,0.25,-0.112713749441315
0.25,22,0.26,-0.1069974746023419
0.25,22,0.27,-0.1245513546554242
0.25,22,0.28,-0.1112177399384551
0.25,22,0.29,-0.1214113106348061
0.25,22,0.3,-0.1265828310010676
0.25,22,0.31,-0.1324142327430404
0.25,22,0.32,-0.1240520252092189
0.25,22,0.33,-0.1412470989099829
0.25,22,0.34,-0.1420629471547107
0.25,22,0.35,-0.1465722028225002
0.25,22,0.36,-0.1380293328515919
0.25,22,0.37,-0.1417802860306567
0.25,22,0.38,-0.1242040849619307
0.25,22,0.39,-0.1467991388893832
0.25,22,0.4,-0.1469003977492643
0.25,22,0.41,-0.1454876141941128
0.25,22,0.42,-0.1439191215016859
0.25,22,0.43,-0.1428223528778146
0.25,22,0.44,-0.1459505093808286
0.25,22,0.45,-0.144456142258624
0.25,22,0.46,-0.144575582036483
0.25,22,0.47,-0.1447557400392304
0.25,22,0.48,-0.1454742080308122
0.25,22,0.49,-0.1459903793316508
0.25,22,0.5,-0.1448281476977775
0.25,22,0.51,-0.1443832511504629
0.25,22,0.52,-0.1404576596133329
0.25,22,0.53,-0.1458150838074928
0.25,22,0.54,-0.1510850926682817
0.25,22,0.55,-0.1467903616540849
0.25,22,0.56,-0.1425922785383234
0.25,22,0.57,-0.1399015844763032
0.25,22,0.58,-0.1480284960370872
0.25,22,0.59,-0.1491862006039203
0.25,22,0.6,-0.1481017038505558
0.25,22,0.61,-0.149937055764157
0.25,22,0.62,-0.1486286784895724
0.25,22,0.63,-0.1458567831855649
0.25,22,0.64,-0.1442751301094081
0.25,22,0.65,-0.147196245252437
0.25,22,0.66,-0.1474716092874068
0.25,22,0.67,-0.1419920539250512
0.25,22,0.68,-0.1454940303720708
0.25,22,0.69,-0.1409337032830112
0.25,22,0.7,-0.1465819729109159
0.25,22,0.71,-0.1464159165319426
0.25,22,0.72,-0.1423556621993662
0.25,22,0.73,-0.1441583124715538
0.25,22,0.74,-0.1479689221555616
0.25,22,0.75,-0.1412019078193548
0.25,22,0.76,-0.146413755403532
0.25,22,0.77,-0.1496597940592934
0.25,22,0.78,-0.1519320857301212
0.25,22,0.79,-0.1493233912058121
0.25,22,0.8,-0.1481021801048833
0.25,22,0.81,-0.1540750443887606
0.25,22,0.82,-0.1501129516473395
0.25,22,0.83,-0.1511907569461382
0.25,22,0.84,-0.1485263414834521
0.25,22,0.85,-0.1472377896939336
0.25,22,0.86,-0.1498815852526666
0.25,22,0.87,-0.1476020397218815
0.25,22,0.88,-0.1459518554160093
0.25,22,0.89,-0.1528501303345661
0.25,22,0.9,-0.153600702979559
0.25,22,0.91,-0.1518744105156659
0.25,22,0.92,-0.1508149889792549
0.25,22,0.93,-0.1506076392797933
0.25,22,0.94,-0.1526683540873178
0.25,22,0.95,-0.1508943090242917
0.25,22,0.96,-0.1494887583601451
0.25,22,0.97,-0.1498251005046385
0.25,22,0.98,-0.153561831628558
0.25,22,0.99,-0.149038110777802
0.25,22,1.0,-0.1520384841176284
0.25,23,0.01,-0.0017624239270822
0.25,23,0.02,-0.0021558112666967
0.25,23,0.03,-0.002908934039276
0.25,23,0.04,-0.004163381806559
0.25,23,0.05,-0.0059550266182289
0.25,23,0.06,-0.007985635521129
0.25,23,0.07,-0.011153021393226
0.25,23,0.08,-0.0131814534735731
0.25,23,0.09,-0.0163159838987584
0.25,23,0.1,-0.0217770517044118
0.25,23,0.11,-0.0265223932346703
0.25,23,0.12,-0.030197853288102
0.25,23,0.13,-0.0345387831141885
0.25,23,0.14,-0.0437686328771044
0.25,23,0.15,-0.0452991615721839
0.25,23,0.16,-0.0476530016224488
0.25,23,0.17,-0.057623418389331
0.25,23,0.18,-0.0631870390010169
0.25,23,0.19,-0.0701552984278242
0.25,23,0.2,-0.078027792919784
0.25,23,0.21,-0.0781776504973825
0.25,23,0.22,-0.0852028306470239
0.25,23,0.23,-0.089306585610334
0.25,23,0.24,-0.0989601084629804
0.25,23,0.25,-0.0927590029525636
0.25,23,0.26,-0.104923584608863
0.25,23,0.27,-0.1081006777192326
0.25,23,0.28,-0.1076417419183984
0.25,23,0.29,-0.1084797454239581
0.25,23,0.3,-0.1145780769262821
0.25,23,0.31,-0.11831603097922
0.25,23,0.32,-0.1230294634717296
0.25,23,0.33,-0.1207298542391511
0.25,23,0.34,-0.1264376618411614
0.25,23,0.35,-0.1246305268446035
0.25,23,0.36,-0.1239464922134798
0.25,23,0.37,-0.1263940569915453
0.25,23,0.38,-0.1346254511900518
0.25,23,0.39,-0.1313953511174278
0.25,23,0.4,-0.1309702884950205
0.25,23,0.41,-0.1345589365108874
0.25,23,0.42,-0.1334544251249038
0.25,23,0.43,-0.1374199073391881
0.25,23,0.44,-0.1367543059713646
0.25,23,0.45,-0.1379661272570174
0.25,23,0.46,-0.1357295220947463
0.25,23,0.47,-0.1388859360129334
0.25,23,0.48,-0.1325946765432645
0.25,23,0.49,-0.1346447067093476
0.25,23,0.5,-0.1351893300242048
0.25,23,0.51,-0.1417963988684628
0.25,23,0.52,-0.1395324377216166
0.25,23,0.53,-0.1382608278792411
0.25,23,0.54,-0.1417535914691152
0.25,23,0.55,-0.1395483114800061
0.25,23,0.56,-0.1365317968333713
0.25,23,0.57,-0.1464636234448008
0.25,23,0.58,-0.1363988889414224
0.25,23,0.59,-0.1422037030801318
0.25,23,0.6,-0.1365416551070258
0.25,23,0.61,-0.1413736266311566
0.25,23,0.62,-0.1434509463238889
0.25,23,0.63,-0.1446022038137865
0.25,23,0.64,-0.1382705064591325
0.25,23,0.65,-0.1384132332556623
0.25,23,0.66,-0.1453128451216567
0.25,23,0.67,-0.1408837295756205
0.25,23,0.68,-0.1447497064083407
0.25,23,0.69,-0.1402064440744383
0.25,23,0.7,-0.1426064892714765
0.25,23,0.71,-0.1473119322037848
0.25,23,0.72,-0.1430568958941742
0.25,23,0.73,-0.1476662545814489
0.25,23,0.74,-0.144943933839216
0.25,23,0.75,-0.145714263477849
0.25,23,0.76,-0.1478639356604336
0.25,23,0.77,-0.1463694804375911
0.25,23,0.78,-0.1470997244963323
0.25,23,0.79,-0.1496856542292101
0.25,23,0.8,-0.147893956228018
0.25,23,0.81,-0.1463878690636081
0.25,23,0.82,-0.1510815480218473
0.25,23,0.83,-0.147210249244923
0.25,23,0.84,-0.148993178980543
0.25,23,0.85,-0.1486514187637135
0.25,23,0.86,-0.1466942331857246
0.25,23,0.87,-0.1469661255533268
0.25,23,0.88,-0.1488207361583733
0.25,23,0.89,-0.1487260155684809
0.25,23,0.9,-0.1493044634056776
0.25,23,0.91,-0.1482816333039336
0.25,23,0.92,-0.1459156782819888
0.25,23,0.93,-0.1474648192140107
0.25,23,0.94,-0.1466233096071945
0.25,23,0.95,-0.1501306627607234
0.25,23,0.96,-0.1478625277785027
0.25,23,0.97,-0.1463590701096667
0.25,23,0.98,-0.1491568269524472
0.25,23,0.99,-0.1507962660760372
0.25,23,1.0,-0.1503795696484604
0.25,24,0.01,-0.0016550025258127
0.25,24,0.02,-0.0020075567410701
0.25,24,0.03,-0.0026300129819508
0.25,24,0.04,-0.003785850947173
0.25,24,0.05,-0.0052576260384669
0.25,24,0.06,-0.0072357616852064
0.25,24,0.07,-0.0097416791940268
0.25,24,0.08,-0.0122813145222195
0.25,24,0.09,-0.017483871275024
0.25,24,0.1,-0.0210947817445732
0.25,24,0.11,-0.0226265713352472
0.25,24,0.12,-0.0291540036445972
0.25,24,0.13,-0.0336209500604807
0.25,24,0.14,-0.0403083476225371
0.25,24,0.15,-0.0447679883231858
0.25,24,0.16,-0.0473526020620614
0.25,24,0.17,-0.058074711988846
0.25,24,0.18,-0.0651526732384981
0.25,24,0.19,-0.0665920125236274
0.25,24,0.2,-0.0721551679049848
0.25,24,0.21,-0.0738434941465847
0.25,24,0.22,-0.0825247751384003
0.25,24,0.23,-0.0876282288072408
0.25,24,0.24,-0.0935779564623317
0.25,24,0.25,-0.0951680250210305
0.25,24,0.26,-0.0972008785419802
0.25,24,0.27,-0.1029515832967653
0.25,24,0.28,-0.106667031282125
0.25,24,0.29,-0.1095816600593019
0.25,24,0.3,-0.1088412644815606
0.25,24,0.31,-0.1171622806684425
0.25,24,0.32,-0.1210960106295802
0.25,24,0.33,-0.1219871397459872
0.25,24,0.34,-0.1213382834847705
0.25,24,0.35,-0.1249503261471163
0.25,24,0.36,-0.1256820849956938
0.25,24,0.37,-0.1284576880644053
0.25,24,0.38,-0.1296258814737089
0.25,24,0.39,-0.1292982643319143
0.25,24,0.4,-0.1306680182872269
0.25,24,0.41,-0.1336370853002278
0.25,24,0.42,-0.130480757732441
0.25,24,0.43,-0.1343269713537474
0.25,24,0.44,-0.1361824802012766
0.25,24,0.45,-0.1396438264358571
0.25,24,0.46,-0.1337190542988434
0.25,24,0.47,-0.1382282460067537
0.25,24,0.48,-0.1390262374851401
0.25,24,0.49,-0.1365292546878766
0.25,24,0.5,-0.1360906939180522
0.25,24,0.51,-0.1359498519472252
0.25,24,0.52,-0.1395231185950024
0.25,24,0.53,-0.1374574765051675
0.25,24,0.54,-0.1419720489040647
0.25,24,0.55,-0.1389987274610737
0.25,24,0.56,-0.139541114801638
0.25,24,0.57,-0.1366000330254257
0.25,24,0.58,-0.1360852890115689
0.25,24,0.59,-0.1380724976351824
0.25,24,0.6,-0.1387313519780368
0.25,24,0.61,-0.142578620973354
0.25,24,0.62,-0.1417507788691462
0.25,24,0.63,-0.1443350391209478
0.25,24,0.64,-0.1378910086599629
0.25,24,0.65,-0.1426054219248189
0.25,24,0.66,-0.1428930418795052
0.25,24,0.67,-0.1397121233742635
0.25,24,0.68,-0.1400370001509435
0.25,24,0.69,-0.1410157284102778
0.25,24,0.7,-0.1429733097004073
0.25,24,0.71,-0.1422876549230893
0.25,24,0.72,-0.1420038208592458
0.25,24,0.73,-0.1446505184310199
0.25,24,0.74,-0.1446737080368586
0.25,24,0.75,-0.1421452600539153
0.25,24,0.76,-0.1425296555075865
0.25,24,0.77,-0.1440772448061066
0.25,24,0.78,-0.1443114303146521
0.25,24,0.79,-0.1449867539425556
0.25,24,0.8,-0.1460670025608226
0.25,24,0.81,-0.1447952583796705
0.25,24,0.82,-0.1467689613603876
0.25,24,0.83,-0.1428809853893815
0.25,24,0.84,-0.1446891473301083
0.25,24,0.85,-0.1446266611890857
0.25,24,0.86,-0.1455690365904991
0.25,24,0.87,-0.1441138279861302
0.25,24,0.88,-0.1462461280750011
0.25,24,0.89,-0.1477033524964424
0.25,24,0.9,-0.1472286470923152
0.25,24,0.91,-0.1481569511799546
0.25,24,0.92,-0.1405981025342644
0.25,24,0.93,-0.1474857852512023
0.25,24,0.94,-0.1460864808792938
0.25,24,0.95,-0.1495391852768193
0.25,24,0.96,-0.1461733895802703
0.25,24,0.97,-0.151480655950907
0.25,24,0.98,-0.1519196196755312
0.25,24,0.99,-0.149815157781275
0.25,24,1.0,-0.1522183402167432
0.25,25,0.01,-0.0006192585580479
0.25,25,0.02,-0.0010323591078354
0.25,25,0.03,-0.0019671088193214
0.25,25,0.04,-0.0036546189205396
0.25,25,0.05,-0.0060535885331566
0.25,25,0.06,-0.0084513533610006
0.25,25,0.07,-0.0126435309283728
0.25,25,0.08,-0.0164190391263899
0.25,25,0.09,-0.0214018868806675
0.25,25,0.1,-0.0270559133419789
0.25,25,0.11,-0.0294222523766462
0.25,25,0.12,-0.0419821359741193
0.25,25,0.13,-0.0455540192401261
0.25,25,0.14,-0.0506116826464565
0.25,25,0.15,-0.0541511291669869
0.25,25,0.16,-0.064626959109812
0.25,25,0.17,-0.0611400478507391
0.25,25,0.18,-0.0804586192853445
0.25,25,0.19,-0.0975179369924804
0.25,25,0.2,-0.0956240551053782
0.25,25,0.21,-0.0980881588158907
0.25,25,0.22,-0.1044205834427289
0.25,25,0.23,-0.1103862169904495
0.25,25,0.24,-0.1162407976442504
0.25,25,0.25,-0.1197289373037845
0.25,25,0.26,-0.1244963223948124
0.25,25,0.27,-0.1276506690063188
0.25,25,0.28,-0.136663538500485
0.25,25,0.29,-0.1414816807365502
0.25,25,0.3,-0.1328456187046764
0.25,25,0.31,-0.138534550056876
0.25,25,0.32,-0.1434908753598172
0.25,25,0.33,-0.134088336948716
0.25,25,0.34,-0.1454836942818738
0.25,25,0.35,-0.1455484667941796
0.25,25,0.36,-0.1467848566756835
0.25,25,0.37,-0.1452469207135264
0.25,25,0.38,-0.1492222690307214
0.25,25,0.39,-0.1470083659538953
0.25,25,0.4,-0.150382286040388
0.25,25,0.41,-0.1490751933727266
0.25,25,0.42,-0.1485421038504399
0.25,25,0.43,-0.1381505563282757
0.25,25,0.44,-0.1470631421114432
0.25,25,0.45,-0.1360449971421355
0.25,25,0.46,-0.1397932022174359
0.25,25,0.47,-0.1386154639125177
0.25,25,0.48,-0.1477617533719064
0.25,25,0.49,-0.1428491188576107
0.25,25,0.5,-0.1452804764052055
0.25,25,0.51,-0.1455628750436299
0.25,25,0.52,-0.1387613618610146
0.25,25,0.53,-0.146640236737183
0.25,25,0.54,-0.1446371874155992
0.25,25,0.55,-0.1415392983263226
0.25,25,0.56,-0.1407630466361538
0.25,25,0.57,-0.1454288813062789
0.25,25,0.58,-0.1449964868271207
0.25,25,0.59,-0.1437781588037732
0.25,25,0.6,-0.1467979972490784
0.25,25,0.61,-0.1430128797978092
0.25,25,0.62,-0.1435824345446663
0.25,25,0.63,-0.1433701305244944
0.25,25,0.64,-0.1462336993146027
0.25,25,0.65,-0.1474673461836797
0.25,25,0.66,-0.1489020549345884
0.25,25,0.67,-0.1453754040037682
0.25,25,0.68,-0.1464966899184122
0.25,25,0.69,-0.145112880182364
0.25,25,0.7,-0.1421164757351894
0.25,25,0.71,-0.1415250828196567
0.25,25,0.72,-0.1498889207264684
0.25,25,0.73,-0.1433790790077145
0.25,25,0.74,-0.1469620806577866
0.25,25,0.75,-0.1449351054139877
0.25,25,0.76,-0.1447295770545809
0.25,25,0.77,-0.1456443652404486
0.25,25,0.78,-0.140240799133529
0.25,25,0.79,-0.1499954844022272
0.25,25,0.8,-0.1452456055489174
0.25,25,0.81,-0.144842589147784
0.25,25,0.82,-0.1489980215171448
0.25,25,0.83,-0.1433821259785017
0.25,25,0.84,-0.1505709286379816
0.25,25,0.85,-0.1481987905391488
0.25,25,0.86,-0.1496293598400263
0.25,25,0.87,-0.1459633935428937
0.25,25,0.88,-0.1503525923825539
0.25,25,0.89,-0.1492790330291514
0.25,25,0.9,-0.1507516500794156
0.25,25,0.91,-0.1475024936870761
0.25,25,0.92,-0.1500295446394835
0.25,25,0.93,-0.1490025815324453
0.25,25,0.94,-0.1496379646643722
0.25,25,0.95,-0.1504854504504336
0.25,25,0.96,-0.1496062256296836
0.25,25,0.97,-0.1513597164928037
0.25,25,0.98,-0.1518633087497688
0.25,25,0.99,-0.1456033265607184
0.25,25,1.0,-0.1489105540317592
0.25,26,0.01,-0.0013455035459753
0.25,26,0.02,-0.0017309472401574
0.25,26,0.03,-0.0025333979302316
0.25,26,0.04,-0.0038304733514438
0.25,26,0.05,-0.005754683274987
0.25,26,0.06,-0.0083440684322572
0.25,26,0.07,-0.0106781556755718
0.25,26,0.08,-0.014630317453081
0.25,26,0.09,-0.0179500488625138
0.25,26,0.1,-0.0228128401310977
0.25,26,0.11,-0.0254651106035153
0.25,26,0.12,-0.0335909826527142
0.25,26,0.13,-0.04022469557963
0.25,26,0.14,-0.0449170757980385
0.25,26,0.15,-0.0468414363707511
0.25,26,0.16,-0.0515447567923444
0.25,26,0.17,-0.061430179350462
0.25,26,0.18,-0.0691641323128684
0.25,26,0.19,-0.0677356210120544
0.25,26,0.2,-0.0757749714061154
0.25,26,0.21,-0.0744541067301772
0.25,26,0.22,-0.0864730612196228
0.25,26,0.23,-0.0847310787902712
0.25,26,0.24,-0.0970961987137956
0.25,26,0.25,-0.0969923759012665
0.25,26,0.26,-0.0992028746052189
0.25,26,0.27,-0.1072046219635899
0.25,26,0.28,-0.1094434303103965
0.25,26,0.29,-0.1121847759152365
0.25,26,0.3,-0.1185203959386924
0.25,26,0.31,-0.1236630065919305
0.25,26,0.32,-0.1220435410244994
0.25,26,0.33,-0.1233426021350921
0.25,26,0.34,-0.1229212155681505
0.25,26,0.35,-0.1278139058506967
0.25,26,0.36,-0.1260824299751969
0.25,26,0.37,-0.129323645448204
0.25,26,0.38,-0.1315422006611791
0.25,26,0.39,-0.1304875095953646
0.25,26,0.4,-0.1335427162106523
0.25,26,0.41,-0.1322068127875305
0.25,26,0.42,-0.1346910710312847
0.25,26,0.43,-0.1354689648926499
0.25,26,0.44,-0.1360180047691707
0.25,26,0.45,-0.1343848005501247
0.25,26,0.46,-0.1338283904972179
0.25,26,0.47,-0.136751269411311
0.25,26,0.48,-0.1373311038709496
0.25,26,0.49,-0.134540650822119
0.25,26,0.5,-0.1366242825311657
0.25,26,0.51,-0.1401096090820502
0.25,26,0.52,-0.1394039973237972
0.25,26,0.53,-0.1384791425031164
0.25,26,0.54,-0.1382973334431095
0.25,26,0.55,-0.140347009726332
0.25,26,0.56,-0.1395878437801545
0.25,26,0.57,-0.1419596126319258
0.25,26,0.58,-0.1423093620691708
0.25,26,0.59,-0.1354617325549788
0.25,26,0.6,-0.1409515400097696
0.25,26,0.61,-0.140365307878114
0.25,26,0.62,-0.1401180347283679
0.25,26,0.63,-0.1391689342798887
0.25,26,0.64,-0.1409740502135627
0.25,26,0.65,-0.1404900186832494
0.25,26,0.66,-0.1418550678531681
0.25,26,0.67,-0.1425746409218821
0.25,26,0.68,-0.1439179432221665
0.25,26,0.69,-0.1438296180672241
0.25,26,0.7,-0.1417387449149837
0.25,26,0.71,-0.1421429298134277
0.25,26,0.72,-0.1410267657086803
0.25,26,0.73,-0.1445125399904029
0.25,26,0.74,-0.143648162823886
0.25,26,0.75,-0.1418795749005709
0.25,26,0.76,-0.1450032066317992
0.25,26,0.77,-0.1382236718158744
0.25,26,0.78,-0.1473366105803795
0.25,26,0.79,-0.1486277592688024
0.25,26,0.8,-0.1431751476191992
0.25,26,0.81,-0.1398299862761843
0.25,26,0.82,-0.1438138831065263
0.25,26,0.83,-0.1438582301049728
0.25,26,0.84,-0.146198796632622
0.25,26,0.85,-0.1456110009933724
0.25,26,0.86,-0.1491287037450611
0.25,26,0.87,-0.1469409450601735
0.25,26,0.88,-0.149779461381934
0.25,26,0.89,-0.1489650008843655
0.25,26,0.9,-0.1489531212755752
0.25,26,0.91,-0.1434483245701446
0.25,26,0.92,-0.1507395326924021
0.25,26,0.93,-0.1453121045302963
0.25,26,0.94,-0.1477974681680654
0.25,26,0.95,-0.1489756158792593
0.25,26,0.96,-0.1487819034981377
0.25,26,0.97,-0.1486279030436233
0.25,26,0.98,-0.149852900724626
0.25,26,0.99,-0.1490202686671181
0.25,26,1.0,-0.1429613250555408
0.25,27,0.01,-0.0005625140060755
0.25,27,0.02,-0.0008025912952686
0.25,27,0.03,-0.0013545606932648
0.25,27,0.04,-0.0024141139857373
0.25,27,0.05,-0.0039593876886452
0.25,27,0.06,-0.0060673892829929
0.25,27,0.07,-0.0089949220297272
0.25,27,0.08,-0.0115857234399104
0.25,27,0.09,-0.0148506627499257
0.25,27,0.1,-0.0193351575693717
0.25,27,0.11,-0.0244867676541551
0.25,27,0.12,-0.029437823107655
0.25,27,0.13,-0.0326580016218362
0.25,27,0.14,-0.0392367358244607
0.25,27,0.15,-0.0467236529420525
0.25,27,0.16,-0.0474425013670278
0.25,27,0.17,-0.0572782505655246
0.25,27,0.18,-0.0637942215065377
0.25,27,0.19,-0.0678054470146565
0.25,27,0.2,-0.0778765154842191
0.25,27,0.21,-0.0804850721999208
0.25,27,0.22,-0.086775142949292
0.25,27,0.23,-0.0845053230884515
0.25,27,0.24,-0.1001274522933409
0.25,27,0.25,-0.0990320797750574
0.25,27,0.26,-0.1079582210410373
0.25,27,0.27,-0.1044570290913796
0.25,27,0.28,-0.1167030772663927
0.25,27,0.29,-0.1190173021146839
0.25,27,0.3,-0.1191729354442302
0.25,27,0.31,-0.1290471560224153
0.25,27,0.32,-0.1259681025035705
0.25,27,0.33,-0.1323495833407247
0.25,27,0.34,-0.1298197849679688
0.25,27,0.35,-0.1273122217963463
0.25,27,0.36,-0.1384992758069938
0.25,27,0.37,-0.1425446090779182
0.25,27,0.38,-0.1305682059768259
0.25,27,0.39,-0.1401262377608532
0.25,27,0.4,-0.1464615828574578
0.25,27,0.41,-0.1357032932663884
0.25,27,0.42,-0.1440939089179434
0.25,27,0.43,-0.1419529140360603
0.25,27,0.44,-0.1458566215019178
0.25,27,0.45,-0.1400261460778592
0.25,27,0.46,-0.1485704034167031
0.25,27,0.47,-0.1430794907938477
0.25,27,0.48,-0.1464217603845899
0.25,27,0.49,-0.1427917532268121
0.25,27,0.5,-0.1425882878543524
0.25,27,0.51,-0.1403494784299799
0.25,27,0.52,-0.1465993928869073
0.25,27,0.53,-0.1449982863529944
0.25,27,0.54,-0.1441047225400471
0.25,27,0.55,-0.1484263586064024
0.25,27,0.56,-0.1463010238305523
0.25,27,0.57,-0.1456647030421854
0.25,27,0.58,-0.1451149900947163
0.25,27,0.59,-0.1394072852544431
0.25,27,0.6,-0.1551631521645968
0.25,27,0.61,-0.1478208334037088
0.25,27,0.62,-0.1469882334518516
0.25,27,0.63,-0.1369750645168525
0.25,27,0.64,-0.1488293748386614
0.25,27,0.65,-0.1479856280953449
0.25,27,0.66,-0.1468595488061414
0.25,27,0.67,-0.143620852961436
0.25,27,0.68,-0.1472175834572816
0.25,27,0.69,-0.1512096731042035
0.25,27,0.7,-0.1460983436414146
0.25,27,0.71,-0.1474345433759169
0.25,27,0.72,-0.1472723876807989
0.25,27,0.73,-0.1453932840162051
0.25,27,0.74,-0.1513297295001096
0.25,27,0.75,-0.1459889178053501
0.25,27,0.76,-0.148303985475982
0.25,27,0.77,-0.1429876993080725
0.25,27,0.78,-0.1446632850082773
0.25,27,0.79,-0.1499727238645885
0.25,27,0.8,-0.1502226294134493
0.25,27,0.81,-0.1530579350402191
0.25,27,0.82,-0.1484361755797413
0.25,27,0.83,-0.1500427700919873
0.25,27,0.84,-0.1541583682472476
0.25,27,0.85,-0.151599093006651
0.25,27,0.86,-0.1508012377778147
0.25,27,0.87,-0.1459379228983782
0.25,27,0.88,-0.1478896799696189
0.25,27,0.89,-0.153471778943568
0.25,27,0.9,-0.1486648739675488
0.25,27,0.91,-0.1527354030603392
0.25,27,0.92,-0.1516926899333948
0.25,27,0.93,-0.1513477148766861
0.25,27,0.94,-0.1495209122948784
0.25,27,0.95,-0.1538577116908064
0.25,27,0.96,-0.1514544044234804
0.25,27,0.97,-0.1504758755970449
0.25,27,0.98,-0.152142505285677
0.25,27,0.99,-0.1503992807342777
0.25,27,1.0,-0.1496838989760107
0.25,28,0.01,-0.0003968469790096
0.25,28,0.02,-0.0005400111479833
0.25,28,0.03,-0.0009453887285798
0.25,28,0.04,-0.0017349331216965
0.25,28,0.05,-0.0030609912048481
0.25,28,0.06,-0.0049044092877518
0.25,28,0.07,-0.0072878713436904
0.25,28,0.08,-0.0105961417395587
0.25,28,0.09,-0.0122617420612499
0.25,28,0.1,-0.0171174037867486
0.25,28,0.11,-0.0199873179403553
0.25,28,0.12,-0.022370139046957
0.25,28,0.13,-0.0300757975032512
0.25,28,0.14,-0.0364660572903874
0.25,28,0.15,-0.0418639193892518
0.25,28,0.16,-0.0456060142932207
0.25,28,0.17,-0.0442787101941087
0.25,28,0.18,-0.0559928029124688
0.25,28,0.19,-0.0676453153455267
0.25,28,0.2,-0.0691830799176262
0.25,28,0.21,-0.0790486533278071
0.25,28,0.22,-0.0805818507108303
0.25,28,0.23,-0.0899404846471202
0.25,28,0.24,-0.0959639099250962
0.25,28,0.25,-0.0872791962464016
0.25,28,0.26,-0.0952987501753773
0.25,28,0.27,-0.1073761481967245
0.25,28,0.28,-0.1039073453406676
0.25,28,0.29,-0.1152459311157531
0.25,28,0.3,-0.1176779801894674
0.25,28,0.31,-0.1213519383922828
0.25,28,0.32,-0.1230434652613869
0.25,28,0.33,-0.1240042085258614
0.25,28,0.34,-0.1284636417937152
0.25,28,0.35,-0.1319728763291162
0.25,28,0.36,-0.128305250757419
0.25,28,0.37,-0.1289527783706218
0.25,28,0.38,-0.1322896149371821
0.25,28,0.39,-0.1374039540539955
0.25,28,0.4,-0.1318040551629171
0.25,28,0.41,-0.1402202959678496
0.25,28,0.42,-0.1291327757865894
0.25,28,0.43,-0.1404224525955734
0.25,28,0.44,-0.1448279666174207
0.25,28,0.45,-0.1427720548139265
0.25,28,0.46,-0.1368581097596263
0.25,28,0.47,-0.1392252821058915
0.25,28,0.48,-0.1316244080987624
0.25,28,0.49,-0.1365485091497812
0.25,28,0.5,-0.1437103227997941
0.25,28,0.51,-0.139227501060494
0.25,28,0.52,-0.1426447418184271
0.25,28,0.53,-0.1450471955064564
0.25,28,0.54,-0.1370446646080703
0.25,28,0.55,-0.1453199859066194
0.25,28,0.56,-0.1367617251317637
0.25,28,0.57,-0.136967979385195
0.25,28,0.58,-0.1433360501161313
0.25,28,0.59,-0.1412650774367317
0.25,28,0.6,-0.1394059197489273
0.25,28,0.61,-0.1434722051778589
0.25,28,0.62,-0.1470353410750908
0.25,28,0.63,-0.1434830196558918
0.25,28,0.64,-0.1427312302879742
0.25,28,0.65,-0.1455506643839596
0.25,28,0.66,-0.1421303868984148
0.25,28,0.67,-0.1445108666026597
0.25,28,0.68,-0.1402045414186776
0.25,28,0.69,-0.1438906529506778
0.25,28,0.7,-0.1437658909059876
0.25,28,0.71,-0.1416800840661009
0.25,28,0.72,-0.1491190010521202
0.25,28,0.73,-0.1415110735644289
0.25,28,0.74,-0.1412389669802687
0.25,28,0.75,-0.1434638230988334
0.25,28,0.76,-0.1467031949738866
0.25,28,0.77,-0.1417078456405978
0.25,28,0.78,-0.1458213519112216
0.25,28,0.79,-0.1429809180077356
0.25,28,0.8,-0.1492259938666811
0.25,28,0.81,-0.1447477656183089
0.25,28,0.82,-0.146611119081963
0.25,28,0.83,-0.1480063893759206
0.25,28,0.84,-0.1501188078005153
0.25,28,0.85,-0.1415788569727955
0.25,28,0.86,-0.1453626389775103
0.25,28,0.87,-0.1441863157596953
0.25,28,0.88,-0.1481628863450618
0.25,28,0.89,-0.1514527708393716
0.25,28,0.9,-0.1499147633758232
0.25,28,0.91,-0.1469789511321619
0.25,28,0.92,-0.143457857075601
0.25,28,0.93,-0.1507899070888234
0.25,28,0.94,-0.1480011281179205
0.25,28,0.95,-0.1490008137200721
0.25,28,0.96,-0.1495969066021086
0.25,28,0.97,-0.1518745033045831
0.25,28,0.98,-0.1525029510820058
0.25,28,0.99,-0.1527839389601816
0.25,28,1.0,-0.154509345214361
0.25,29,0.01,-0.0005131740839179
0.25,29,0.02,-0.0007462333935247
0.25,29,0.03,-0.0012964923650055
0.25,29,0.04,-0.0022315411036609
0.25,29,0.05,-0.0038824014455011
0.25,29,0.06,-0.0056980056493147
0.25,29,0.07,-0.0080801360727022
0.25,29,0.08,-0.011513962899223
0.25,29,0.09,-0.014779575747148
0.25,29,0.1,-0.02006694125674
0.25,29,0.11,-0.0242610665131539
0.25,29,0.12,-0.029963410982035
0.25,29,0.13,-0.035818752721175
0.25,29,0.14,-0.0390555403254895
0.25,29,0.15,-0.0460393883475893
0.25,29,0.16,-0.0484510210083435
0.25,29,0.17,-0.0599075859321264
0.25,29,0.18,-0.0640703360772262
0.25,29,0.19,-0.058506427627763
0.25,29,0.2,-0.0776553475133015
0.25,29,0.21,-0.0845977400039125
0.25,29,0.22,-0.0891409751972048
0.25,29,0.23,-0.0958615491793799
0.25,29,0.24,-0.1032164886104549
0.25,29,0.25,-0.1035648977379191
0.25,29,0.26,-0.1015453811443244
0.25,29,0.27,-0.1161917734034639
0.25,29,0.28,-0.1111545029028589
0.25,29,0.29,-0.1230223583587615
0.25,29,0.3,-0.1264916512691373
0.25,29,0.31,-0.1210500751834553
0.25,29,0.32,-0.1333265163668485
0.25,29,0.33,-0.1243529572779921
0.25,29,0.34,-0.1355073243202021
0.25,29,0.35,-0.1336490358778858
0.25,29,0.36,-0.1358003798165778
0.25,29,0.37,-0.1348270801247962
0.25,29,0.38,-0.1407645079180189
0.25,29,0.39,-0.1419831115762262
0.25,29,0.4,-0.1374396906641178
0.25,29,0.41,-0.1430026679034699
0.25,29,0.42,-0.1359805025777522
0.25,29,0.43,-0.137370161657993
0.25,29,0.44,-0.1370248028474699
0.25,29,0.45,-0.1435551201103223
0.25,29,0.46,-0.1387229046445961
0.25,29,0.47,-0.1460628765791282
0.25,29,0.48,-0.1443126355749003
0.25,29,0.49,-0.1425601734504656
0.25,29,0.5,-0.1398011813517313
0.25,29,0.51,-0.1422677062598817
0.25,29,0.52,-0.1459181426438809
0.25,29,0.53,-0.1434521210576885
0.25,29,0.54,-0.1442115371191585
0.25,29,0.55,-0.1436264815099317
0.25,29,0.56,-0.1463969617347662
0.25,29,0.57,-0.1454398025505468
0.25,29,0.58,-0.1432223390730944
0.25,29,0.59,-0.1460627893300779
0.25,29,0.6,-0.1477834863868948
0.25,29,0.61,-0.145415395319168
0.25,29,0.62,-0.143980082955864
0.25,29,0.63,-0.1461463986039201
0.25,29,0.64,-0.1446782032103709
0.25,29,0.65,-0.1501554155102084
0.25,29,0.66,-0.1454349078798073
0.25,29,0.67,-0.1421215878590607
0.25,29,0.68,-0.142191967733341
0.25,29,0.69,-0.1459869294593997
0.25,29,0.7,-0.1490314989379211
0.25,29,0.71,-0.1431464222025136
0.25,29,0.72,-0.1485035220367263
0.25,29,0.73,-0.1442873876011837
0.25,29,0.74,-0.144516063428522
0.25,29,0.75,-0.1496995573010307
0.25,29,0.76,-0.1468102106526855
0.25,29,0.77,-0.147026551154167
0.25,29,0.78,-0.1474527812515688
0.25,29,0.79,-0.150128193833554
0.25,29,0.8,-0.1461823611348945
0.25,29,0.81,-0.1454600074094452
0.25,29,0.82,-0.1467486369803607
0.25,29,0.83,-0.1447446902812437
0.25,29,0.84,-0.1498563683889877
0.25,29,0.85,-0.1484185486978767
0.25,29,0.86,-0.1477061846151718
0.25,29,0.87,-0.1425984146000042
0.25,29,0.88,-0.1495656220474999
0.25,29,0.89,-0.1492115003214196
0.25,29,0.9,-0.1459028282777544
0.25,29,0.91,-0.152010511694044
0.25,29,0.92,-0.151474528613535
0.25,29,0.93,-0.1475228720468655
0.25,29,0.94,-0.1470148407758102
0.25,29,0.95,-0.1511896131781407
0.25,29,0.96,-0.1529812599402505
0.25,29,0.97,-0.1503064299245044
0.25,29,0.98,-0.148424127305823
0.25,29,0.99,-0.1501935507288609
0.25,29,1.0,-0.1493328489953372
