dataset_id,split_id,rule,ref_id,theta_path,dataset_path,attempt_seed,optimizer_chain,P,train_error,test_error,CE_mean_train,CE_sum_train,CE_mean_test,theta_norm,min_margin,q05_margin,median_margin,mean_margin,extra_reference_search,pool_rank
0,0,low_tv_spectral_teacher,0,02_dnn/08_mnist/runs/final/single_dataset_10x10_box_n_train_512_60ref_allrule_sparse_0p010_to_2p500/04_exact_reference_search/selected_reference_pool/split_000/low_tv_spectral_teacher/ref_000/theta.npy,02_dnn/08_mnist/runs/final/single_dataset_10x10_box_n_train_512_60ref_allrule_sparse_0p010_to_2p500/01_dataset_prepare/raw_datasets/split_000/low_tv_spectral_teacher/dataset.npz,2700000,adam,2461,0.0,0.13037109375,0.0133216220306797,6.820670479708028,0.5274941741260033,11.803181643612332,0.1267463031625759,2.650990311102352,7.150468844787227,6.3157420842191625,,1
0,0,low_tv_spectral_teacher,1,02_dnn/08_mnist/runs/final/single_dataset_10x10_box_n_train_512_60ref_allrule_sparse_0p010_to_2p500/04_exact_reference_search/selected_reference_pool/split_000/low_tv_spectral_teacher/ref_001/theta.npy,02_dnn/08_mnist/runs/final/single_dataset_10x10_box_n_train_512_60ref_allrule_sparse_0p010_to_2p500/01_dataset_prepare/raw_datasets/split_000/low_tv_spectral_teacher/dataset.npz,2700001,adam,2461,0.0,0.12451171875,0.0009761257700035,0.4997763942418076,0.6780520956305267,14.096209203436189,2.312228881700681,5.3615029016978735,9.584115354395667,8.761636678093225,,2
0,0,low_tv_spectral_teacher,2,02_dnn/08_mnist/runs/final/single_dataset_10x10_box_n_train_512_60ref_allrule_sparse_0p010_to_2p500/04_exact_reference_search/selected_reference_pool/split_000/low_tv_spectral_teacher/ref_002/theta.npy,02_dnn/08_mnist/runs/final/single_dataset_10x10_box_n_train_512_60ref_allrule_sparse_0p010_to_2p500/01_dataset_prepare/raw_datasets/split_000/low_tv_spectral_teacher/dataset.npz,2700002,adam,2461,0.0,0.1298828125,0.00081951545787,0.4195919144294662,0.6817901791730665,13.963937356757036,2.2662847892194646,5.798307057798506,9.444587272596204,8.74417372838127,,3
0,0,low_tv_spectral_teacher,3,02_dnn/08_mnist/runs/final/single_dataset_10x10_box_n_train_512_60ref_allrule_sparse_0p010_to_2p500/04_exact_reference_search/selected_reference_pool/split_000/low_tv_spectral_teacher/ref_003/theta.npy,02_dnn/08_mnist/runs/final/single_dataset_10x10_box_n_train_512_60ref_allrule_sparse_0p010_to_2p500/01_dataset_prepare/raw_datasets/split_000/low_tv_spectral_teacher/dataset.npz,2700003,adam,2461,0.0,0.1259765625,0.0010826499180648,0.5543167580491901,0.6884276123000758,14.961790096482176,3.3542730641378324,5.126249689831802,10.373973104161538,9.529573782612191,,4
0,0,low_tv_spectral_teacher,4,02_dnn/08_mnist/runs/final/single_dataset_10x10_box_n_train_512_60ref_allrule_sparse_0p010_to_2p500/04_exact_reference_search/selected_reference_pool/split_000/low_tv_spectral_teacher/ref_004/theta.npy,02_dnn/08_mnist/runs/final/single_dataset_10x10_box_n_train_512_60ref_allrule_sparse_0p010_to_2p500/01_dataset_prepare/raw_datasets/split_000/low_tv_spectral_teacher/dataset.npz,2700004,adam,2461,0.0,0.123046875,0.0097788541988804,5.006773349826782,0.4927702587017863,13.852759064327104,1.156193996171015,2.8352594258132986,7.487549142792477,6.777158616970674,,5
0,0,low_tv_spectral_teacher,5,02_dnn/08_mnist/runs/final/single_dataset_10x10_box_n_train_512_60ref_allrule_sparse_0p010_to_2p500/04_exact_reference_search/selected_reference_pool/split_000/low_tv_spectral_teacher/ref_005/theta.npy,02_dnn/08_mnist/runs/final/single_dataset_10x10_box_n_train_512_60ref_allrule_sparse_0p010_to_2p500/01_dataset_prepare/raw_datasets/split_000/low_tv_spectral_teacher/dataset.npz,2700005,adam,2461,0.0,0.12548828125,0.0004872787749194,0.2494867327587505,0.7241167814871493,13.575516710361123,4.0061621761221815,5.846881221259416,9.639861858946023,9.028088728310705,,6
0,0,low_tv_spectral_teacher,6,02_dnn/08_mnist/runs/final/single_dataset_10x10_box_n_train_512_60ref_allrule_sparse_0p010_to_2p500/04_exact_reference_search/selected_reference_pool/split_000/low_tv_spectral_teacher/ref_006/theta.npy,02_dnn/08_mnist/runs/final/single_dataset_10x10_box_n_train_512_60ref_allrule_sparse_0p010_to_2p500/01_dataset_prepare/raw_datasets/split_000/low_tv_spectral_teacher/dataset.npz,2700006,adam,2461,0.0,0.13427734375,0.0166281208718592,8.513597886391914,0.4543359343355759,11.675638599483072,0.6850565145372707,2.1455525551120207,7.015468148124507,6.208443242519846,,7
0,0,low_tv_spectral_teacher,7,02_dnn/08_mnist/runs/final/single_dataset_10x10_box_n_train_512_60ref_allrule_sparse_0p010_to_2p500/04_exact_reference_search/selected_reference_pool/split_000/low_tv_spectral_teacher/ref_007/theta.npy,02_dnn/08_mnist/runs/final/single_dataset_10x10_box_n_train_512_60ref_allrule_sparse_0p010_to_2p500/01_dataset_prepare/raw_datasets/split_000/low_tv_spectral_teacher/dataset.npz,2700007,adam,2461,0.0,0.123046875,0.0179131159305913,9.17151535646278,0.4245463601929563,12.171396255700602,0.3614919071707393,2.230392520834912,7.019858482332031,6.124235491435144,,8
0,0,low_tv_spectral_teacher,8,02_dnn/08_mnist/runs/final/single_dataset_10x10_box_n_train_512_60ref_allrule_sparse_0p010_to_2p500/04_exact_reference_search/selected_reference_pool/split_000/low_tv_spectral_teacher/ref_008/theta.npy,02_dnn/08_mnist/runs/final/single_dataset_10x10_box_n_train_512_60ref_allrule_sparse_0p010_to_2p500/01_dataset_prepare/raw_datasets/split_000/low_tv_spectral_teacher/dataset.npz,2700008,adam,2461,0.0,0.12060546875,0.0086681314086753,4.438083281241804,0.4952221417077606,12.876839072402571,0.2862856360631787,2.878701451036584,7.741386164193909,6.86766210420458,,9
0,0,low_tv_spectral_teacher,9,02_dnn/08_mnist/runs/final/single_dataset_10x10_box_n_train_512_60ref_allrule_sparse_0p010_to_2p500/04_exact_reference_search/selected_reference_pool/split_000/low_tv_spectral_teacher/ref_009/theta.npy,02_dnn/08_mnist/runs/final/single_dataset_10x10_box_n_train_512_60ref_allrule_sparse_0p010_to_2p500/01_dataset_prepare/raw_datasets/split_000/low_tv_spectral_teacher/dataset.npz,2700009,adam,2461,0.0,0.1240234375,0.0022919619332392,1.1734845098184985,0.6165923566850825,14.849926954397114,1.9957561068301293,4.483108930239975,9.865080481155854,9.169434286056076,,10
0,0,low_tv_spectral_teacher,10,02_dnn/08_mnist/runs/final/single_dataset_10x10_box_n_train_512_60ref_allrule_sparse_0p010_to_2p500/04_exact_reference_search/selected_reference_pool/split_000/low_tv_spectral_teacher/ref_010/theta.npy,02_dnn/08_mnist/runs/final/single_dataset_10x10_box_n_train_512_60ref_allrule_sparse_0p010_to_2p500/01_dataset_prepare/raw_datasets/split_000/low_tv_spectral_teacher/dataset.npz,2700010,adam,2461,0.0,0.12646484375,0.0079225240433302,4.056332310185087,0.5034444445514124,11.693938133178548,1.3545433633751278,2.985882772848173,7.146196209184256,6.499053933582898,,11
0,0,low_tv_spectral_teacher,11,02_dnn/08_mnist/runs/final/single_dataset_10x10_box_n_train_512_60ref_allrule_sparse_0p010_to_2p500/04_exact_reference_search/selected_reference_pool/split_000/low_tv_spectral_teacher/ref_011/theta.npy,02_dnn/08_mnist/runs/final/single_dataset_10x10_box_n_train_512_60ref_allrule_sparse_0p010_to_2p500/01_dataset_prepare/raw_datasets/split_000/low_tv_spectral_teacher/dataset.npz,2700011,adam,2461,0.0,0.12451171875,0.0134478601165424,6.885304379669735,0.4544565538285222,12.150996278250414,0.4828683724638849,2.5207559957305072,6.999343116867939,6.332576710321074,,12
0,0,low_tv_spectral_teacher,12,02_dnn/08_mnist/runs/final/single_dataset_10x10_box_n_train_512_60ref_allrule_sparse_0p010_to_2p500/04_exact_reference_search/selected_reference_pool/split_000/low_tv_spectral_teacher/ref_012/theta.npy,02_dnn/08_mnist/runs/final/single_dataset_10x10_box_n_train_512_60ref_allrule_sparse_0p010_to_2p500/01_dataset_prepare/raw_datasets/split_000/low_tv_spectral_teacher/dataset.npz,2700012,adam,2461,0.0,0.12890625,0.0075469837448834,3.8640556773803376,0.5183887025773144,12.63495278207709,1.5795369960611194,3.1167662120883346,7.7023800645605265,6.850209738181926,,13
0,0,low_tv_spectral_teacher,13,02_dnn/08_mnist/runs/final/single_dataset_10x10_box_n_train_512_60ref_allrule_sparse_0p010_to_2p500/04_exact_reference_search/selected_reference_pool/split_000/low_tv_spectral_teacher/ref_013/theta.npy,02_dnn/08_mnist/runs/final/single_dataset_10x10_box_n_train_512_60ref_allrule_sparse_0p010_to_2p500/01_dataset_prepare/raw_datasets/split_000/low_tv_spectral_teacher/dataset.npz,2700013,adam,2461,0.0,0.12353515625,0.0009146069925623,0.4682787801919438,0.6481156162866007,14.55857499906651,3.2133745107015343,5.391236935413846,10.211259993531836,9.391632546964995,,14
0,0,low_tv_spectral_teacher,14,02_dnn/08_mnist/runs/final/single_dataset_10x10_box_n_train_512_60ref_allrule_sparse_0p010_to_2p500/04_exact_reference_search/selected_reference_pool/split_000/low_tv_spectral_teacher/ref_014/theta.npy,02_dnn/08_mnist/runs/final/single_dataset_10x10_box_n_train_512_60ref_allrule_sparse_0p010_to_2p500/01_dataset_prepare/raw_datasets/split_000/low_tv_spectral_teacher/dataset.npz,2700014,adam,2461,0.0,0.12548828125,0.0010476097489648,0.5363761914700055,0.624455110318163,15.098953807150366,2.8152442991391204,5.243690755726642,9.554334955518808,8.910573821954618,,15
0,0,low_tv_spectral_teacher,15,02_dnn/08_mnist/runs/final/single_dataset_10x10_box_n_train_512_60ref_allrule_sparse_0p010_to_2p500/04_exact_reference_search/selected_reference_pool/split_000/low_tv_spectral_teacher/ref_015/theta.npy,02_dnn/08_mnist/runs/final/single_dataset_10x10_box_n_train_512_60ref_allrule_sparse_0p010_to_2p500/01_dataset_prepare/raw_datasets/split_000/low_tv_spectral_teacher/dataset.npz,2700015,adam,2461,0.0,0.12646484375,0.0069265220209638,3.546379274733481,0.5397697776918745,11.548437521190396,0.4611507557023512,3.46983462099412,7.618219101610872,6.871012456263467,,16
0,0,low_tv_spectral_teacher,16,02_dnn/08_mnist/runs/final/single_dataset_10x10_box_n_train_512_60ref_allrule_sparse_0p010_to_2p500/04_exact_reference_search/selected_reference_pool/split_000/low_tv_spectral_teacher/ref_016/theta.npy,02_dnn/08_mnist/runs/final/single_dataset_10x10_box_n_train_512_60ref_allrule_sparse_0p010_to_2p500/01_dataset_prepare/raw_datasets/split_000/low_tv_spectral_teacher/dataset.npz,2700016,adam,2461,0.0,0.13037109375,0.0008121668056065,0.4158294044705786,0.7150065932886506,13.998038262787924,2.95468720316023,5.690032584757814,9.922724181173397,9.127536788323363,,17
0,0,low_tv_spectral_teacher,17,02_dnn/08_mnist/runs/final/single_dataset_10x10_box_n_train_512_60ref_allrule_sparse_0p010_to_2p500/04_exact_reference_search/selected_reference_pool/split_000/low_tv_spectral_teacher/ref_017/theta.npy,02_dnn/08_mnist/runs/final/single_dataset_10x10_box_n_train_512_60ref_allrule_sparse_0p010_to_2p500/01_dataset_prepare/raw_datasets/split_000/low_tv_spectral_teacher/dataset.npz,2700017,adam,2461,0.0,0.125,0.0006908688631901,0.3537248579533626,0.6349112754598616,14.517040748590112,3.1402323835359605,5.680283586065504,9.86944656525645,9.062332315104758,,18
0,0,low_tv_spectral_teacher,18,02_dnn/08_mnist/runs/final/single_dataset_10x10_box_n_train_512_60ref_allrule_sparse_0p010_to_2p500/04_exact_reference_search/selected_reference_pool/split_000/low_tv_spectral_teacher/ref_018/theta.npy,02_dnn/08_mnist/runs/final/single_dataset_10x10_box_n_train_512_60ref_allrule_sparse_0p010_to_2p500/01_dataset_prepare/raw_datasets/split_000/low_tv_spectral_teacher/dataset.npz,2700018,adam,2461,0.0,0.13330078125,0.0064573452122947,3.306160748694936,0.5745020551517084,12.598092965465623,1.710660733598194,3.253516319442127,8.614134434343974,7.637292910288445,,19
0,0,low_tv_spectral_teacher,19,02_dnn/08_mnist/runs/final/single_dataset_10x10_box_n_train_512_60ref_allrule_sparse_0p010_to_2p500/04_exact_reference_search/selected_reference_pool/split_000/low_tv_spectral_teacher/ref_019/theta.npy,02_dnn/08_mnist/runs/final/single_dataset_10x10_box_n_train_512_60ref_allrule_sparse_0p010_to_2p500/01_dataset_prepare/raw_datasets/split_000/low_tv_spectral_teacher/dataset.npz,2700019,adam,2461,0.0,0.1298828125,0.0052868060443689,2.7068446947169025,0.5428420235160396,13.514985064444865,1.7976305918142843,3.347599145248872,8.485420063047554,7.795493728941197,,20
0,0,low_tv_spectral_teacher,20,02_dnn/08_mnist/runs/final/single_dataset_10x10_box_n_train_512_60ref_allrule_sparse_0p010_to_2p500/04_exact_reference_search/selected_reference_pool/split_000/low_tv_spectral_teacher/ref_020/theta.npy,02_dnn/08_mnist/runs/final/single_dataset_10x10_box_n_train_512_60ref_allrule_sparse_0p010_to_2p500/01_dataset_prepare/raw_datasets/split_000/low_tv_spectral_teacher/dataset.npz,2700020,adam,2461,0.0,0.13037109375,0.0140505026651828,7.193857364573637,0.4716842002911113,11.64732663128266,0.8817877270818234,2.4068427177760943,7.063930425886744,6.2613104063518445,,21
0,0,low_tv_spectral_teacher,21,02_dnn/08_mnist/runs/final/single_dataset_10x10_box_n_train_512_60ref_allrule_sparse_0p010_to_2p500/04_exact_reference_search/selected_reference_pool/split_000/low_tv_spectral_teacher/ref_021/theta.npy,02_dnn/08_mnist/runs/final/single_dataset_10x10_box_n_train_512_60ref_allrule_sparse_0p010_to_2p500/01_dataset_prepare/raw_datasets/split_000/low_tv_spectral_teacher/dataset.npz,2700021,adam,2461,0.0,0.13427734375,0.0072537649242911,3.7139276412370528,0.5557221575189992,12.13822148045803,1.6403154448719903,3.07569075022658,7.792697869564764,6.916782000910751,,22
0,0,low_tv_spectral_teacher,22,02_dnn/08_mnist/runs/final/single_dataset_10x10_box_n_train_512_60ref_allrule_sparse_0p010_to_2p500/04_exact_reference_search/selected_reference_pool/split_000/low_tv_spectral_teacher/ref_022/theta.npy,02_dnn/08_mnist/runs/final/single_dataset_10x10_box_n_train_512_60ref_allrule_sparse_0p010_to_2p500/01_dataset_prepare/raw_datasets/split_000/low_tv_spectral_teacher/dataset.npz,2700022,adam,2461,0.0,0.1318359375,0.0006985777171074,0.3576717911590159,0.7068612238505673,14.12236463004898,3.871446044426831,5.634827615109784,9.9331646203031,9.197976094587233,,23
0,0,low_tv_spectral_teacher,23,02_dnn/08_mnist/runs/final/single_dataset_10x10_box_n_train_512_60ref_allrule_sparse_0p010_to_2p500/04_exact_reference_search/selected_reference_pool/split_000/low_tv_spectral_teacher/ref_023/theta.npy,02_dnn/08_mnist/runs/final/single_dataset_10x10_box_n_train_512_60ref_allrule_sparse_0p010_to_2p500/01_dataset_prepare/raw_datasets/split_000/low_tv_spectral_teacher/dataset.npz,2700023,adam,2461,0.0,0.1298828125,0.0011046542156703,0.5655829584232255,0.640337193658791,14.783757324099724,3.860856469327509,5.038526165068848,9.130566194425306,8.445446244870226,,24
0,0,low_tv_spectral_teacher,24,02_dnn/08_mnist/runs/final/single_dataset_10x10_box_n_train_512_60ref_allrule_sparse_0p010_to_2p500/04_exact_reference_search/selected_reference_pool/split_000/low_tv_spectral_teacher/ref_024/theta.npy,02_dnn/08_mnist/runs/final/single_dataset_10x10_box_n_train_512_60ref_allrule_sparse_0p010_to_2p500/01_dataset_prepare/raw_datasets/split_000/low_tv_spectral_teacher/dataset.npz,2700024,adam,2461,0.0,0.125,0.0115285902437307,5.902638204790163,0.4755341569651218,13.558768542467371,0.6570414680426524,2.785076917441486,7.5129818439032094,6.866879019306623,,25
0,0,low_tv_spectral_teacher,25,02_dnn/08_mnist/runs/final/single_dataset_10x10_box_n_train_512_60ref_allrule_sparse_0p010_to_2p500/04_exact_reference_search/selected_reference_pool/split_000/low_tv_spectral_teacher/ref_025/theta.npy,02_dnn/08_mnist/runs/final/single_dataset_10x10_box_n_train_512_60ref_allrule_sparse_0p010_to_2p500/01_dataset_prepare/raw_datasets/split_000/low_tv_spectral_teacher/dataset.npz,2700025,adam,2461,0.0,0.126953125,0.0050976839655989,2.6100141903866465,0.5456143149034117,11.653969008828328,1.7676352024724808,3.5280144765432784,8.12129317775051,7.335660748880924,,26
0,0,low_tv_spectral_teacher,26,02_dnn/08_mnist/runs/final/single_dataset_10x10_box_n_train_512_60ref_allrule_sparse_0p010_to_2p500/04_exact_reference_search/selected_reference_pool/split_000/low_tv_spectral_teacher/ref_026/theta.npy,02_dnn/08_mnist/runs/final/single_dataset_10x10_box_n_train_512_60ref_allrule_sparse_0p010_to_2p500/01_dataset_prepare/raw_datasets/split_000/low_tv_spectral_teacher/dataset.npz,2700026,adam,2461,0.0,0.1318359375,0.0098653358941687,5.051051977814398,0.5005804233422566,12.350847004528571,1.0492000458443418,2.8179122034011868,7.891069209146915,6.96740707637601,,27
0,0,low_tv_spectral_teacher,27,02_dnn/08_mnist/runs/final/single_dataset_10x10_box_n_train_512_60ref_allrule_sparse_0p010_to_2p500/04_exact_reference_search/selected_reference_pool/split_000/low_tv_spectral_teacher/ref_027/theta.npy,02_dnn/08_mnist/runs/final/single_dataset_10x10_box_n_train_512_60ref_allrule_sparse_0p010_to_2p500/01_dataset_prepare/raw_datasets/split_000/low_tv_spectral_teacher/dataset.npz,2700027,adam,2461,0.0,0.11669921875,0.0007206951973378,0.3689959410369934,0.6364626211594541,14.225401192765649,4.039459453706383,5.625096914898602,10.447235749250954,9.66448782933288,,28
0,0,low_tv_spectral_teacher,28,02_dnn/08_mnist/runs/final/single_dataset_10x10_box_n_train_512_60ref_allrule_sparse_0p010_to_2p500/04_exact_reference_search/selected_reference_pool/split_000/low_tv_spectral_teacher/ref_028/theta.npy,02_dnn/08_mnist/runs/final/single_dataset_10x10_box_n_train_512_60ref_allrule_sparse_0p010_to_2p500/01_dataset_prepare/raw_datasets/split_000/low_tv_spectral_teacher/dataset.npz,2700028,adam,2461,0.0,0.13232421875,0.0006529350877721,0.3343027649393197,0.6764759543162786,14.927641059569712,4.2363197754217605,5.699266562238318,9.742401530964752,8.933079923901163,,29
0,0,low_tv_spectral_teacher,29,02_dnn/08_mnist/runs/final/single_dataset_10x10_box_n_train_512_60ref_allrule_sparse_0p010_to_2p500/04_exact_reference_search/selected_reference_pool/split_000/low_tv_spectral_teacher/ref_029/theta.npy,02_dnn/08_mnist/runs/final/single_dataset_10x10_box_n_train_512_60ref_allrule_sparse_0p010_to_2p500/01_dataset_prepare/raw_datasets/split_000/low_tv_spectral_teacher/dataset.npz,2700029,adam,2461,0.0,0.126953125,0.0038878636479719,1.990586187761627,0.5340445989235865,13.87883752518061,1.969900645342626,3.985841330213353,8.490160016113398,7.619196372529311,,30
0,0,low_tv_spectral_teacher,30,02_dnn/08_mnist/runs/final/single_dataset_10x10_box_n_train_512_60ref_allrule_sparse_0p010_to_2p500/04_exact_reference_search/selected_reference_pool/split_000/low_tv_spectral_teacher/ref_030/theta.npy,02_dnn/08_mnist/runs/final/single_dataset_10x10_box_n_train_512_60ref_allrule_sparse_0p010_to_2p500/01_dataset_prepare/raw_datasets/split_000/low_tv_spectral_teacher/dataset.npz,2700030,adam,2461,0.0,0.1298828125,0.0006510517529891,0.3333384975304607,0.7273030216984671,13.400979741301915,3.5437322693288875,5.881927644357978,9.84999916887585,9.135798425739711,,31
0,0,low_tv_spectral_teacher,31,02_dnn/08_mnist/runs/final/single_dataset_10x10_box_n_train_512_60ref_allrule_sparse_0p010_to_2p500/04_exact_reference_search/selected_reference_pool/split_000/low_tv_spectral_teacher/ref_031/theta.npy,02_dnn/08_mnist/runs/final/single_dataset_10x10_box_n_train_512_60ref_allrule_sparse_0p010_to_2p500/01_dataset_prepare/raw_datasets/split_000/low_tv_spectral_teacher/dataset.npz,2700031,adam,2461,0.0,0.12548828125,0.009569998604114,4.8998392853064034,0.5061697944541038,11.82846808865189,1.1227224872078447,2.886069238843206,7.97153248503508,7.100110484346572,,32
0,0,low_tv_spectral_teacher,32,02_dnn/08_mnist/runs/final/single_dataset_10x10_box_n_train_512_60ref_allrule_sparse_0p010_to_2p500/04_exact_reference_search/selected_reference_pool/split_000/low_tv_spectral_teacher/ref_032/theta.npy,02_dnn/08_mnist/runs/final/single_dataset_10x10_box_n_train_512_60ref_allrule_sparse_0p010_to_2p500/01_dataset_prepare/raw_datasets/split_000/low_tv_spectral_teacher/dataset.npz,2700032,adam,2461,0.0,0.1298828125,0.0128000566771726,6.5536290187123765,0.4862945174376962,12.301550321201828,0.6657169510768692,2.613321738765848,7.905020538296397,6.821906404535193,,33
0,0,low_tv_spectral_teacher,33,02_dnn/08_mnist/runs/final/single_dataset_10x10_box_n_train_512_60ref_allrule_sparse_0p010_to_2p500/04_exact_reference_search/selected_reference_pool/split_000/low_tv_spectral_teacher/ref_033/theta.npy,02_dnn/08_mnist/runs/final/single_dataset_10x10_box_n_train_512_60ref_allrule_sparse_0p010_to_2p500/01_dataset_prepare/raw_datasets/split_000/low_tv_spectral_teacher/dataset.npz,2700033,adam,2461,0.0,0.1298828125,0.00806044721364,4.126948973383726,0.534798795965568,13.190495308447238,0.3080181728356377,3.2883719212395994,8.277961176253953,7.327421804709205,,34
0,0,low_tv_spectral_teacher,34,02_dnn/08_mnist/runs/final/single_dataset_10x10_box_n_train_512_60ref_allrule_sparse_0p010_to_2p500/04_exact_reference_search/selected_reference_pool/split_000/low_tv_spectral_teacher/ref_034/theta.npy,02_dnn/08_mnist/runs/final/single_dataset_10x10_box_n_train_512_60ref_allrule_sparse_0p010_to_2p500/01_dataset_prepare/raw_datasets/split_000/low_tv_spectral_teacher/dataset.npz,2700034,adam,2461,0.0,0.13232421875,0.0183657010607435,9.403238943100678,0.4656909147604845,13.553738225417456,0.4558295248021258,2.1592351611500025,6.969357901847555,6.165378345187195,,35
0,0,low_tv_spectral_teacher,35,02_dnn/08_mnist/runs/final/single_dataset_10x10_box_n_train_512_60ref_allrule_sparse_0p010_to_2p500/04_exact_reference_search/selected_reference_pool/split_000/low_tv_spectral_teacher/ref_035/theta.npy,02_dnn/08_mnist/runs/final/single_dataset_10x10_box_n_train_512_60ref_allrule_sparse_0p010_to_2p500/01_dataset_prepare/raw_datasets/split_000/low_tv_spectral_teacher/dataset.npz,2700035,adam,2461,0.0,0.134765625,0.0010141737473528,0.5192569586446488,0.7020951895517694,13.329115521155831,3.9057143469048894,5.319454671849896,8.49098158964643,8.039877411563689,,36
0,0,low_tv_spectral_teacher,36,02_dnn/08_mnist/runs/final/single_dataset_10x10_box_n_train_512_60ref_allrule_sparse_0p010_to_2p500/04_exact_reference_search/selected_reference_pool/split_000/low_tv_spectral_teacher/ref_036/theta.npy,02_dnn/08_mnist/runs/final/single_dataset_10x10_box_n_train_512_60ref_allrule_sparse_0p010_to_2p500/01_dataset_prepare/raw_datasets/split_000/low_tv_spectral_teacher/dataset.npz,2700036,adam,2461,0.0,0.1259765625,0.0105540346064797,5.403665718517609,0.5193122887169958,11.572065857252484,0.633950827421828,2.9302690451680524,7.735041395106569,6.815377039609189,,37
0,0,low_tv_spectral_teacher,37,02_dnn/08_mnist/runs/final/single_dataset_10x10_box_n_train_512_60ref_allrule_sparse_0p010_to_2p500/04_exact_reference_search/selected_reference_pool/split_000/low_tv_spectral_teacher/ref_037/theta.npy,02_dnn/08_mnist/runs/final/single_dataset_10x10_box_n_train_512_60ref_allrule_sparse_0p010_to_2p500/01_dataset_prepare/raw_datasets/split_000/low_tv_spectral_teacher/dataset.npz,2700037,adam,2461,0.0,0.12158203125,0.0052912165568877,2.7091028771265444,0.5391750520225975,12.606321956155412,1.5144983947679282,3.629759072509951,7.974849712929958,7.121621583485732,,38
0,0,low_tv_spectral_teacher,38,02_dnn/08_mnist/runs/final/single_dataset_10x10_box_n_train_512_60ref_allrule_sparse_0p010_to_2p500/04_exact_reference_search/selected_reference_pool/split_000/low_tv_spectral_teacher/ref_038/theta.npy,02_dnn/08_mnist/runs/final/single_dataset_10x10_box_n_train_512_60ref_allrule_sparse_0p010_to_2p500/01_dataset_prepare/raw_datasets/split_000/low_tv_spectral_teacher/dataset.npz,2700038,adam,2461,0.0,0.1357421875,0.0011457988737791,0.5866490233749406,0.6940100893432362,14.635979426645674,2.712518645117019,5.171532984253993,10.459484543210642,9.495592271606773,,39
0,0,low_tv_spectral_teacher,39,02_dnn/08_mnist/runs/final/single_dataset_10x10_box_n_train_512_60ref_allrule_sparse_0p010_to_2p500/04_exact_reference_search/selected_reference_pool/split_000/low_tv_spectral_teacher/ref_039/theta.npy,02_dnn/08_mnist/runs/final/single_dataset_10x10_box_n_train_512_60ref_allrule_sparse_0p010_to_2p500/01_dataset_prepare/raw_datasets/split_000/low_tv_spectral_teacher/dataset.npz,2700039,adam,2461,0.0,0.12744140625,0.0147384085988056,7.546065202588467,0.4474644858143046,13.741791683044031,0.2034100859921344,2.593495476202856,7.2073321391870735,6.473470640798039,,40
0,0,low_tv_spectral_teacher,40,02_dnn/08_mnist/runs/final/single_dataset_10x10_box_n_train_512_60ref_allrule_sparse_0p010_to_2p500/04_exact_reference_search/selected_reference_pool/split_000/low_tv_spectral_teacher/ref_040/theta.npy,02_dnn/08_mnist/runs/final/single_dataset_10x10_box_n_train_512_60ref_allrule_sparse_0p010_to_2p500/01_dataset_prepare/raw_datasets/split_000/low_tv_spectral_teacher/dataset.npz,2700040,adam,2461,0.0,0.12451171875,0.0006508553999458,0.3332379647722775,0.6962848678602953,13.759481252921091,4.3040135272258055,5.613155635804344,8.987672742698786,8.52433603761644,,41
0,0,low_tv_spectral_teacher,41,02_dnn/08_mnist/runs/final/single_dataset_10x10_box_n_train_512_60ref_allrule_sparse_0p010_to_2p500/04_exact_reference_search/selected_reference_pool/split_000/low_tv_spectral_teacher/ref_041/theta.npy,02_dnn/08_mnist/runs/final/single_dataset_10x10_box_n_train_512_60ref_allrule_sparse_0p010_to_2p500/01_dataset_prepare/raw_datasets/split_000/low_tv_spectral_teacher/dataset.npz,2700041,adam,2461,0.0,0.13525390625,0.0019575157801477,1.0022480794356272,0.6778126450182225,13.599110827842816,1.5776099752381267,4.805994640158711,8.299699555808989,7.845372448325639,,42
0,0,low_tv_spectral_teacher,42,02_dnn/08_mnist/runs/final/single_dataset_10x10_box_n_train_512_60ref_allrule_sparse_0p010_to_2p500/04_exact_reference_search/selected_reference_pool/split_000/low_tv_spectral_teacher/ref_042/theta.npy,02_dnn/08_mnist/runs/final/single_dataset_10x10_box_n_train_512_60ref_allrule_sparse_0p010_to_2p500/01_dataset_prepare/raw_datasets/split_000/low_tv_spectral_teacher/dataset.npz,2700042,adam,2461,0.0,0.1328125,0.0009506281315802,0.4867216033690699,0.7434345612096579,14.24007228876699,2.54747028172991,5.400267500690411,10.35337138626673,9.37157101886421,,43
0,0,low_tv_spectral_teacher,43,02_dnn/08_mnist/runs/final/single_dataset_10x10_box_n_train_512_60ref_allrule_sparse_0p010_to_2p500/04_exact_reference_search/selected_reference_pool/split_000/low_tv_spectral_teacher/ref_043/theta.npy,02_dnn/08_mnist/runs/final/single_dataset_10x10_box_n_train_512_60ref_allrule_sparse_0p010_to_2p500/01_dataset_prepare/raw_datasets/split_000/low_tv_spectral_teacher/dataset.npz,2700043,adam,2461,0.0,0.126953125,0.0062974631291781,3.224301122139223,0.4940705633918227,13.125834140063796,1.2608231316594722,3.442294527641677,7.674036936083393,6.870281555987281,,44
0,0,low_tv_spectral_teacher,44,02_dnn/08_mnist/runs/final/single_dataset_10x10_box_n_train_512_60ref_allrule_sparse_0p010_to_2p500/04_exact_reference_search/selected_reference_pool/split_000/low_tv_spectral_teacher/ref_044/theta.npy,02_dnn/08_mnist/runs/final/single_dataset_10x10_box_n_train_512_60ref_allrule_sparse_0p010_to_2p500/01_dataset_prepare/raw_datasets/split_000/low_tv_spectral_teacher/dataset.npz,2700044,adam,2461,0.0,0.12353515625,0.0113810508376629,5.827098028883432,0.4471610546730196,13.676858857128003,1.021893192617466,2.5469305208896817,7.13256885879271,6.45505237436959,,45
0,0,low_tv_spectral_teacher,45,02_dnn/08_mnist/runs/final/single_dataset_10x10_box_n_train_512_60ref_allrule_sparse_0p010_to_2p500/04_exact_reference_search/selected_reference_pool/split_000/low_tv_spectral_teacher/ref_045/theta.npy,02_dnn/08_mnist/runs/final/single_dataset_10x10_box_n_train_512_60ref_allrule_sparse_0p010_to_2p500/01_dataset_prepare/raw_datasets/split_000/low_tv_spectral_teacher/dataset.npz,2700045,adam,2461,0.0,0.1298828125,0.0050572345850452,2.589304107543169,0.5839136145758308,11.46596067198782,1.6400790115459376,3.5772028397030216,7.648761723007867,6.911405567865402,,46
0,0,low_tv_spectral_teacher,46,02_dnn/08_mnist/runs/final/single_dataset_10x10_box_n_train_512_60ref_allrule_sparse_0p010_to_2p500/04_exact_reference_search/selected_reference_pool/split_000/low_tv_spectral_teacher/ref_046/theta.npy,02_dnn/08_mnist/runs/final/single_dataset_10x10_box_n_train_512_60ref_allrule_sparse_0p010_to_2p500/01_dataset_prepare/raw_datasets/split_000/low_tv_spectral_teacher/dataset.npz,2700046,adam,2461,0.0,0.13232421875,0.0003471317579849,0.1777314600883033,0.8039054484686274,14.225234556596932,4.404105852020921,6.298839646977271,10.421071966164105,9.717869676355368,,47
0,0,low_tv_spectral_teacher,47,02_dnn/08_mnist/runs/final/single_dataset_10x10_box_n_train_512_60ref_allrule_sparse_0p010_to_2p500/04_exact_reference_search/selected_reference_pool/split_000/low_tv_spectral_teacher/ref_047/theta.npy,02_dnn/08_mnist/runs/final/single_dataset_10x10_box_n_train_512_60ref_allrule_sparse_0p010_to_2p500/01_dataset_prepare/raw_datasets/split_000/low_tv_spectral_teacher/dataset.npz,2700047,adam,2461,0.0,0.13037109375,0.0114798939469596,5.877705700843362,0.4569870367996139,12.53863086995026,0.6802283138762502,2.723655760434464,6.881032672401251,6.13385122590601,,48
0,0,low_tv_spectral_teacher,48,02_dnn/08_mnist/runs/final/single_dataset_10x10_box_n_train_512_60ref_allrule_sparse_0p010_to_2p500/04_exact_reference_search/selected_reference_pool/split_000/low_tv_spectral_teacher/ref_048/theta.npy,02_dnn/08_mnist/runs/final/single_dataset_10x10_box_n_train_512_60ref_allrule_sparse_0p010_to_2p500/01_dataset_prepare/raw_datasets/split_000/low_tv_spectral_teacher/dataset.npz,2700048,adam,2461,0.0,0.11376953125,0.0056995903236643,2.918190245716156,0.4849905396000347,13.15641639732776,2.150386044972496,3.478728115767237,7.451020519607494,6.905182636846757,,49
0,0,low_tv_spectral_teacher,49,02_dnn/08_mnist/runs/final/single_dataset_10x10_box_n_train_512_60ref_allrule_sparse_0p010_to_2p500/04_exact_reference_search/selected_reference_pool/split_000/low_tv_spectral_teacher/ref_049/theta.npy,02_dnn/08_mnist/runs/final/single_dataset_10x10_box_n_train_512_60ref_allrule_sparse_0p010_to_2p500/01_dataset_prepare/raw_datasets/split_000/low_tv_spectral_teacher/dataset.npz,2700049,adam,2461,0.0,0.12744140625,0.0013981203349722,0.7158376115058023,0.6413646546992893,14.695071081562922,2.896769223221463,4.980434903282699,9.841784297671566,9.050156200225697,,50
0,0,low_tv_spectral_teacher,50,02_dnn/08_mnist/runs/final/single_dataset_10x10_box_n_train_512_60ref_allrule_sparse_0p010_to_2p500/04_exact_reference_search/selected_reference_pool/split_000/low_tv_spectral_teacher/ref_050/theta.npy,02_dnn/08_mnist/runs/final/single_dataset_10x10_box_n_train_512_60ref_allrule_sparse_0p010_to_2p500/01_dataset_prepare/raw_datasets/split_000/low_tv_spectral_teacher/dataset.npz,2700050,adam,2461,0.0,0.1240234375,0.0060200449146586,3.082262996305229,0.5436024890730214,12.050211072649482,0.2444656024082142,3.461359214273029,7.716972066873319,6.989620557921614,,51
0,0,low_tv_spectral_teacher,51,02_dnn/08_mnist/runs/final/single_dataset_10x10_box_n_train_512_60ref_allrule_sparse_0p010_to_2p500/04_exact_reference_search/selected_reference_pool/split_000/low_tv_spectral_teacher/ref_051/theta.npy,02_dnn/08_mnist/runs/final/single_dataset_10x10_box_n_train_512_60ref_allrule_sparse_0p010_to_2p500/01_dataset_prepare/raw_datasets/split_000/low_tv_spectral_teacher/dataset.npz,2700051,adam,2461,0.0,0.1298828125,0.0090589010837407,4.638157354875239,0.4799653974407863,12.152393500117885,0.5465600606842784,3.0026147359974487,7.476089298454293,6.642299411526069,,52
0,0,low_tv_spectral_teacher,52,02_dnn/08_mnist/runs/final/single_dataset_10x10_box_n_train_512_60ref_allrule_sparse_0p010_to_2p500/04_exact_reference_search/selected_reference_pool/split_000/low_tv_spectral_teacher/ref_052/theta.npy,02_dnn/08_mnist/runs/final/single_dataset_10x10_box_n_train_512_60ref_allrule_sparse_0p010_to_2p500/01_dataset_prepare/raw_datasets/split_000/low_tv_spectral_teacher/dataset.npz,2700052,adam,2461,0.0,0.12744140625,0.0122186165181975,6.255931657317167,0.4490398131699945,12.284403609126777,0.8110644083891576,2.6702395375333583,7.321445803999942,6.446042874322923,,53
0,0,low_tv_spectral_teacher,53,02_dnn/08_mnist/runs/final/single_dataset_10x10_box_n_train_512_60ref_allrule_sparse_0p010_to_2p500/04_exact_reference_search/selected_reference_pool/split_000/low_tv_spectral_teacher/ref_053/theta.npy,02_dnn/08_mnist/runs/final/single_dataset_10x10_box_n_train_512_60ref_allrule_sparse_0p010_to_2p500/01_dataset_prepare/raw_datasets/split_000/low_tv_spectral_teacher/dataset.npz,2700053,adam,2461,0.0,0.1220703125,0.0175101493599604,8.965196472299755,0.4589617512141853,13.27326028371016,0.0138539354011272,2.351910274883891,6.802485374608655,6.037287147535288,,54
0,0,low_tv_spectral_teacher,54,02_dnn/08_mnist/runs/final/single_dataset_10x10_box_n_train_512_60ref_allrule_sparse_0p010_to_2p500/04_exact_reference_search/selected_reference_pool/split_000/low_tv_spectral_teacher/ref_054/theta.npy,02_dnn/08_mnist/runs/final/single_dataset_10x10_box_n_train_512_60ref_allrule_sparse_0p010_to_2p500/01_dataset_prepare/raw_datasets/split_000/low_tv_spectral_teacher/dataset.npz,2700054,adam,2461,0.0,0.1328125,0.0133741700184028,6.847575049422273,0.4841899028066148,13.14531465294434,0.6746845129432235,2.4295099956425803,7.81402084957739,7.145157885433877,,55
0,0,low_tv_spectral_teacher,55,02_dnn/08_mnist/runs/final/single_dataset_10x10_box_n_train_512_60ref_allrule_sparse_0p010_to_2p500/04_exact_reference_search/selected_reference_pool/split_000/low_tv_spectral_teacher/ref_055/theta.npy,02_dnn/08_mnist/runs/final/single_dataset_10x10_box_n_train_512_60ref_allrule_sparse_0p010_to_2p500/01_dataset_prepare/raw_datasets/split_000/low_tv_spectral_teacher/dataset.npz,2700055,adam,2461,0.0,0.12646484375,0.0096231261602552,4.927040594050707,0.5171901293800027,11.718203314100808,1.4391240102226974,2.775251022262572,7.581354229062288,6.707925812322603,,56
0,0,low_tv_spectral_teacher,56,02_dnn/08_mnist/runs/final/single_dataset_10x10_box_n_train_512_60ref_allrule_sparse_0p010_to_2p500/04_exact_reference_search/selected_reference_pool/split_000/low_tv_spectral_teacher/ref_056/theta.npy,02_dnn/08_mnist/runs/final/single_dataset_10x10_box_n_train_512_60ref_allrule_sparse_0p010_to_2p500/01_dataset_prepare/raw_datasets/split_000/low_tv_spectral_teacher/dataset.npz,2700056,adam,2461,0.0,0.134765625,0.0075204870447256,3.850489366899556,0.5354222490682914,11.858596102091903,2.014826552399752,3.0175491104441035,7.544697450304351,6.692790131866611,,57
0,0,low_tv_spectral_teacher,57,02_dnn/08_mnist/runs/final/single_dataset_10x10_box_n_train_512_60ref_allrule_sparse_0p010_to_2p500/04_exact_reference_search/selected_reference_pool/split_000/low_tv_spectral_teacher/ref_057/theta.npy,02_dnn/08_mnist/runs/final/single_dataset_10x10_box_n_train_512_60ref_allrule_sparse_0p010_to_2p500/01_dataset_prepare/raw_datasets/split_000/low_tv_spectral_teacher/dataset.npz,2700057,adam,2461,0.0,0.130859375,0.0007544462206036,0.3862764649490745,0.7181895064869459,14.526173526122433,3.446065815273097,5.437393650540958,10.12426576095948,9.175526547832517,,58
0,0,low_tv_spectral_teacher,58,02_dnn/08_mnist/runs/final/single_dataset_10x10_box_n_train_512_60ref_allrule_sparse_0p010_to_2p500/04_exact_reference_search/selected_reference_pool/split_000/low_tv_spectral_teacher/ref_058/theta.npy,02_dnn/08_mnist/runs/final/single_dataset_10x10_box_n_train_512_60ref_allrule_sparse_0p010_to_2p500/01_dataset_prepare/raw_datasets/split_000/low_tv_spectral_teacher/dataset.npz,2700058,adam,2461,0.0,0.13134765625,0.009981568255766,5.110562946952198,0.4780679728178877,12.60353339853442,1.0876215074226314,3.0280694917631137,7.303438173757266,6.640606088080426,,59
0,0,low_tv_spectral_teacher,59,02_dnn/08_mnist/runs/final/single_dataset_10x10_box_n_train_512_60ref_allrule_sparse_0p010_to_2p500/04_exact_reference_search/selected_reference_pool/split_000/low_tv_spectral_teacher/ref_059/theta.npy,02_dnn/08_mnist/runs/final/single_dataset_10x10_box_n_train_512_60ref_allrule_sparse_0p010_to_2p500/01_dataset_prepare/raw_datasets/split_000/low_tv_spectral_teacher/dataset.npz,2700059,adam,2461,0.0,0.12060546875,0.000978644048356,0.5010657527583042,0.6313236874285921,14.899698843256669,3.157572099996914,5.189385006430361,10.043487990062465,9.298821442451503,,60
0,0,low_tv_spectral_teacher,1000,/home/bjyong/Complexity/local_project/03_dnn_mnist/03_reference_search/raw_outputs/extra_reference_pool/04_extra_reference_search/selected_reference_pool/split_000/low_tv_spectral_teacher/ref_1000/theta.npy,02_dnn/08_mnist/runs/final/single_dataset_10x10_box_n_train_512_60ref_allrule_sparse_0p010_to_2p500/01_dataset_prepare/raw_datasets/split_000/low_tv_spectral_teacher/dataset.npz,2703600,adam,2461,0.0,0.1298828125,0.0090448932455924,4.630985341743353,0.5593764100209567,11.265955227283614,1.0306644134262763,2.875670475884848,8.179591391334158,7.114442345725654,True,61
0,0,low_tv_spectral_teacher,1001,/home/bjyong/Complexity/local_project/03_dnn_mnist/03_reference_search/raw_outputs/extra_reference_pool/04_extra_reference_search/selected_reference_pool/split_000/low_tv_spectral_teacher/ref_1001/theta.npy,02_dnn/08_mnist/runs/final/single_dataset_10x10_box_n_train_512_60ref_allrule_sparse_0p010_to_2p500/01_dataset_prepare/raw_datasets/split_000/low_tv_spectral_teacher/dataset.npz,2703601,adam,2461,0.0,0.1298828125,0.0007271703747342,0.3723112318639379,0.7632535343904948,13.388051887355136,3.78458745740007,5.46344374410861,10.395255422295,9.458700607225817,True,62
0,0,low_tv_spectral_teacher,1002,/home/bjyong/Complexity/local_project/03_dnn_mnist/03_reference_search/raw_outputs/extra_reference_pool/04_extra_reference_search/selected_reference_pool/split_000/low_tv_spectral_teacher/ref_1002/theta.npy,02_dnn/08_mnist/runs/final/single_dataset_10x10_box_n_train_512_60ref_allrule_sparse_0p010_to_2p500/01_dataset_prepare/raw_datasets/split_000/low_tv_spectral_teacher/dataset.npz,2703602,adam,2461,0.0,0.13671875,0.0082165475879774,4.206872365044465,0.546266612561686,12.685789547716151,1.018230295850215,2.9343190510435324,7.786430899748799,6.924552183017188,True,63
0,0,low_tv_spectral_teacher,1003,/home/bjyong/Complexity/local_project/03_dnn_mnist/03_reference_search/raw_outputs/extra_reference_pool/04_extra_reference_search/selected_reference_pool/split_000/low_tv_spectral_teacher/ref_1003/theta.npy,02_dnn/08_mnist/runs/final/single_dataset_10x10_box_n_train_512_60ref_allrule_sparse_0p010_to_2p500/01_dataset_prepare/raw_datasets/split_000/low_tv_spectral_teacher/dataset.npz,2703603,adam,2461,0.0,0.1376953125,0.0015181816258375,0.7773089924288261,0.6885990310385588,14.746611313814736,1.992358789476785,4.8643586007070905,9.72998257910913,8.882480882212436,True,64
0,0,low_tv_spectral_teacher,1004,/home/bjyong/Complexity/local_project/03_dnn_mnist/03_reference_search/raw_outputs/extra_reference_pool/04_extra_reference_search/selected_reference_pool/split_000/low_tv_spectral_teacher/ref_1004/theta.npy,02_dnn/08_mnist/runs/final/single_dataset_10x10_box_n_train_512_60ref_allrule_sparse_0p010_to_2p500/01_dataset_prepare/raw_datasets/split_000/low_tv_spectral_teacher/dataset.npz,2703604,adam,2461,0.0,0.125,0.0016348017620014,0.8370185021447298,0.6119170502139872,15.265815284973446,2.0741911188678426,4.93474927238551,9.312133866174182,8.583582930819738,True,65
0,0,low_tv_spectral_teacher,1005,/home/bjyong/Complexity/local_project/03_dnn_mnist/03_reference_search/raw_outputs/extra_reference_pool/04_extra_reference_search/selected_reference_pool/split_000/low_tv_spectral_teacher/ref_1005/theta.npy,02_dnn/08_mnist/runs/final/single_dataset_10x10_box_n_train_512_60ref_allrule_sparse_0p010_to_2p500/01_dataset_prepare/raw_datasets/split_000/low_tv_spectral_teacher/dataset.npz,2703605,adam,2461,0.0,0.12548828125,0.0095580673107038,4.893730463080392,0.5012997362926205,11.675360272067676,1.4692647725072203,2.814183225764514,7.448712591842277,6.600918274019932,True,66
0,0,low_tv_spectral_teacher,1006,/home/bjyong/Complexity/local_project/03_dnn_mnist/03_reference_search/raw_outputs/extra_reference_pool/04_extra_reference_search/selected_reference_pool/split_000/low_tv_spectral_teacher/ref_1006/theta.npy,02_dnn/08_mnist/runs/final/single_dataset_10x10_box_n_train_512_60ref_allrule_sparse_0p010_to_2p500/01_dataset_prepare/raw_datasets/split_000/low_tv_spectral_teacher/dataset.npz,2703606,adam,2461,0.0,0.1357421875,0.0101026451494382,5.172554316512377,0.5595894548703564,11.876488632480488,1.282644098515043,2.6603381327268973,7.704294095817289,6.808369811640994,True,67
0,0,low_tv_spectral_teacher,1007,/home/bjyong/Complexity/local_project/03_dnn_mnist/03_reference_search/raw_outputs/extra_reference_pool/04_extra_reference_search/selected_reference_pool/split_000/low_tv_spectral_teacher/ref_1007/theta.npy,02_dnn/08_mnist/runs/final/single_dataset_10x10_box_n_train_512_60ref_allrule_sparse_0p010_to_2p500/01_dataset_prepare/raw_datasets/split_000/low_tv_spectral_teacher/dataset.npz,2703607,adam,2461,0.0,0.12744140625,0.0006643850195369,0.3401651300029091,0.6551642613186974,14.798987782970984,3.336070707420115,5.597302714189029,9.553521986217572,8.864192456021055,True,68
0,0,low_tv_spectral_teacher,1008,/home/bjyong/Complexity/local_project/03_dnn_mnist/03_reference_search/raw_outputs/extra_reference_pool/04_extra_reference_search/selected_reference_pool/split_000/low_tv_spectral_teacher/ref_1008/theta.npy,02_dnn/08_mnist/runs/final/single_dataset_10x10_box_n_train_512_60ref_allrule_sparse_0p010_to_2p500/01_dataset_prepare/raw_datasets/split_000/low_tv_spectral_teacher/dataset.npz,2703608,adam,2461,0.0,0.12744140625,0.0005183896361623,0.2654154937151463,0.7069318860992875,14.427117258131265,4.034851756251021,5.815309080010323,10.525795814802764,9.676434426078831,True,69
0,0,low_tv_spectral_teacher,1009,/home/bjyong/Complexity/local_project/03_dnn_mnist/03_reference_search/raw_outputs/extra_reference_pool/04_extra_reference_search/selected_reference_pool/split_000/low_tv_spectral_teacher/ref_1009/theta.npy,02_dnn/08_mnist/runs/final/single_dataset_10x10_box_n_train_512_60ref_allrule_sparse_0p010_to_2p500/01_dataset_prepare/raw_datasets/split_000/low_tv_spectral_teacher/dataset.npz,2703609,adam,2461,0.0,0.13671875,0.0006641928489156,0.3400667386448329,0.71216473314131,15.283835671769952,2.469690476307418,6.123278868384514,10.43896994027499,9.666331581786883,True,70
0,0,low_tv_spectral_teacher,1010,/home/bjyong/Complexity/local_project/03_dnn_mnist/03_reference_search/raw_outputs/extra_reference_pool/04_extra_reference_search/selected_reference_pool/split_000/low_tv_spectral_teacher/ref_1010/theta.npy,02_dnn/08_mnist/runs/final/single_dataset_10x10_box_n_train_512_60ref_allrule_sparse_0p010_to_2p500/01_dataset_prepare/raw_datasets/split_000/low_tv_spectral_teacher/dataset.npz,2703610,adam,2461,0.0,0.13330078125,0.0081951820924257,4.195933231321969,0.5433915677098686,11.560822077794809,1.2699568408148827,2.966843923492856,7.91044872163071,6.990961473724397,True,71
0,0,low_tv_spectral_teacher,1011,/home/bjyong/Complexity/local_project/03_dnn_mnist/03_reference_search/raw_outputs/extra_reference_pool/04_extra_reference_search/selected_reference_pool/split_000/low_tv_spectral_teacher/ref_1011/theta.npy,02_dnn/08_mnist/runs/final/single_dataset_10x10_box_n_train_512_60ref_allrule_sparse_0p010_to_2p500/01_dataset_prepare/raw_datasets/split_000/low_tv_spectral_teacher/dataset.npz,2703611,adam,2461,0.0,0.12841796875,0.0097335453987323,4.983575244150958,0.5091870582208198,11.646037338763549,1.2541610010964708,2.766664281316767,7.823187947146701,7.048420696836964,True,72
0,0,low_tv_spectral_teacher,1012,/home/bjyong/Complexity/local_project/03_dnn_mnist/03_reference_search/raw_outputs/extra_reference_pool/04_extra_reference_search/selected_reference_pool/split_000/low_tv_spectral_teacher/ref_1012/theta.npy,02_dnn/08_mnist/runs/final/single_dataset_10x10_box_n_train_512_60ref_allrule_sparse_0p010_to_2p500/01_dataset_prepare/raw_datasets/split_000/low_tv_spectral_teacher/dataset.npz,2703612,adam,2461,0.0,0.12109375,0.0114506131501862,5.862713932895364,0.4616921681128144,12.531484534367111,1.120017131405188,2.729445404905156,7.113476916044776,6.324477537785651,True,73
0,0,low_tv_spectral_teacher,1013,/home/bjyong/Complexity/local_project/03_dnn_mnist/03_reference_search/raw_outputs/extra_reference_pool/04_extra_reference_search/selected_reference_pool/split_000/low_tv_spectral_teacher/ref_1013/theta.npy,02_dnn/08_mnist/runs/final/single_dataset_10x10_box_n_train_512_60ref_allrule_sparse_0p010_to_2p500/01_dataset_prepare/raw_datasets/split_000/low_tv_spectral_teacher/dataset.npz,2703613,adam,2461,0.0,0.12353515625,0.0010100296751477,0.5171351936756339,0.6313091264802372,14.863591483073227,3.8553583956049824,5.103647682314384,9.190566797388833,8.477537012022058,True,74
0,0,low_tv_spectral_teacher,1014,/home/bjyong/Complexity/local_project/03_dnn_mnist/03_reference_search/raw_outputs/extra_reference_pool/04_extra_reference_search/selected_reference_pool/split_000/low_tv_spectral_teacher/ref_1014/theta.npy,02_dnn/08_mnist/runs/final/single_dataset_10x10_box_n_train_512_60ref_allrule_sparse_0p010_to_2p500/01_dataset_prepare/raw_datasets/split_000/low_tv_spectral_teacher/dataset.npz,2703614,adam,2461,0.0,0.1328125,0.0005810941471934,0.2975202033630451,0.7926235287655152,15.375095812075292,3.960944744557248,5.810247430440096,10.8361978123127,9.859173861835002,True,75
0,0,low_tv_spectral_teacher,1015,/home/bjyong/Complexity/local_project/03_dnn_mnist/03_reference_search/raw_outputs/extra_reference_pool/04_extra_reference_search/selected_reference_pool/split_000/low_tv_spectral_teacher/ref_1015/theta.npy,02_dnn/08_mnist/runs/final/single_dataset_10x10_box_n_train_512_60ref_allrule_sparse_0p010_to_2p500/01_dataset_prepare/raw_datasets/split_000/low_tv_spectral_teacher/dataset.npz,2703615,adam,2461,0.0,0.12841796875,0.0007740165380194,0.3962964674659405,0.6979199055053766,13.73076775773656,3.539588428137552,5.723332079367505,9.217119717491768,8.618830084110241,True,76
0,0,low_tv_spectral_teacher,1016,/home/bjyong/Complexity/local_project/03_dnn_mnist/03_reference_search/raw_outputs/extra_reference_pool/04_extra_reference_search/selected_reference_pool/split_000/low_tv_spectral_teacher/ref_1016/theta.npy,02_dnn/08_mnist/runs/final/single_dataset_10x10_box_n_train_512_60ref_allrule_sparse_0p010_to_2p500/01_dataset_prepare/raw_datasets/split_000/low_tv_spectral_teacher/dataset.npz,2703616,adam,2461,0.0,0.13037109375,0.0114394919996524,5.857019903822033,0.532766873871914,12.270551769600306,0.1198539986353199,2.7832030125787792,7.3316553523489,6.550239697162726,True,77
0,0,low_tv_spectral_teacher,1017,/home/bjyong/Complexity/local_project/03_dnn_mnist/03_reference_search/raw_outputs/extra_reference_pool/04_extra_reference_search/selected_reference_pool/split_000/low_tv_spectral_teacher/ref_1017/theta.npy,02_dnn/08_mnist/runs/final/single_dataset_10x10_box_n_train_512_60ref_allrule_sparse_0p010_to_2p500/01_dataset_prepare/raw_datasets/split_000/low_tv_spectral_teacher/dataset.npz,2703617,adam,2461,0.0,0.13671875,0.0008509759367418,0.4356996796118061,0.7195157114636959,13.62405036650955,3.526608541255508,5.336451820619343,10.127389586316772,9.27085081186063,True,78
0,0,low_tv_spectral_teacher,1018,/home/bjyong/Complexity/local_project/03_dnn_mnist/03_reference_search/raw_outputs/extra_reference_pool/04_extra_reference_search/selected_reference_pool/split_000/low_tv_spectral_teacher/ref_1018/theta.npy,02_dnn/08_mnist/runs/final/single_dataset_10x10_box_n_train_512_60ref_allrule_sparse_0p010_to_2p500/01_dataset_prepare/raw_datasets/split_000/low_tv_spectral_teacher/dataset.npz,2703618,adam,2461,0.0,0.126953125,0.0079756744084464,4.083545297124567,0.4878049000215057,12.84466870351694,1.211597663408839,3.0268850135084,8.055254263990806,7.2494701810074,True,79
0,0,low_tv_spectral_teacher,1019,/home/bjyong/Complexity/local_project/03_dnn_mnist/03_reference_search/raw_outputs/extra_reference_pool/04_extra_reference_search/selected_reference_pool/split_000/low_tv_spectral_teacher/ref_1019/theta.npy,02_dnn/08_mnist/runs/final/single_dataset_10x10_box_n_train_512_60ref_allrule_sparse_0p010_to_2p500/01_dataset_prepare/raw_datasets/split_000/low_tv_spectral_teacher/dataset.npz,2703619,adam,2461,0.0,0.12646484375,0.0019619644817601,1.0045258146612004,0.601187794476993,14.626114944934764,1.8334095801863184,4.768747400594819,9.611267975814725,9.096860919316434,True,80
0,0,low_tv_spectral_teacher,1020,/home/bjyong/Complexity/local_project/03_dnn_mnist/03_reference_search/raw_outputs/extra_reference_pool/04_extra_reference_search/selected_reference_pool/split_000/low_tv_spectral_teacher/ref_1020/theta.npy,02_dnn/08_mnist/runs/final/single_dataset_10x10_box_n_train_512_60ref_allrule_sparse_0p010_to_2p500/01_dataset_prepare/raw_datasets/split_000/low_tv_spectral_teacher/dataset.npz,2703620,adam,2461,0.0,0.14208984375,0.0004883310968269,0.2500255215754212,0.8420056459654619,13.575150268151226,4.248454612559332,5.891643103307948,9.48737950610499,8.90388367448172,True,81
0,0,low_tv_spectral_teacher,1021,/home/bjyong/Complexity/local_project/03_dnn_mnist/03_reference_search/raw_outputs/extra_reference_pool/04_extra_reference_search/selected_reference_pool/split_000/low_tv_spectral_teacher/ref_1021/theta.npy,02_dnn/08_mnist/runs/final/single_dataset_10x10_box_n_train_512_60ref_allrule_sparse_0p010_to_2p500/01_dataset_prepare/raw_datasets/split_000/low_tv_spectral_teacher/dataset.npz,2703621,adam,2461,0.0,0.13916015625,0.0057907832634956,2.964881030909781,0.6026391240450932,12.187383589273717,1.8126658051593052,3.392249422899564,8.278587302486304,7.353836817885151,True,82
0,0,low_tv_spectral_teacher,1022,/home/bjyong/Complexity/local_project/03_dnn_mnist/03_reference_search/raw_outputs/extra_reference_pool/04_extra_reference_search/selected_reference_pool/split_000/low_tv_spectral_teacher/ref_1022/theta.npy,02_dnn/08_mnist/runs/final/single_dataset_10x10_box_n_train_512_60ref_allrule_sparse_0p010_to_2p500/01_dataset_prepare/raw_datasets/split_000/low_tv_spectral_teacher/dataset.npz,2703622,adam,2461,0.0,0.130859375,0.0086993492285602,4.4540668050228565,0.5771817562048901,12.73392395341231,0.5261486462310918,3.06529290134122,7.760825594469877,6.962644362104928,True,83
0,0,low_tv_spectral_teacher,1023,/home/bjyong/Complexity/local_project/03_dnn_mnist/03_reference_search/raw_outputs/extra_reference_pool/04_extra_reference_search/selected_reference_pool/split_000/low_tv_spectral_teacher/ref_1023/theta.npy,02_dnn/08_mnist/runs/final/single_dataset_10x10_box_n_train_512_60ref_allrule_sparse_0p010_to_2p500/01_dataset_prepare/raw_datasets/split_000/low_tv_spectral_teacher/dataset.npz,2703623,adam,2461,0.0,0.126953125,0.0005692947391156,0.2914789064272364,0.705321291263493,15.02680092473658,4.00151878716628,5.792088601988919,10.094072551194245,9.352577972901432,True,84
0,0,low_tv_spectral_teacher,1024,/home/bjyong/Complexity/local_project/03_dnn_mnist/03_reference_search/raw_outputs/extra_reference_pool/04_extra_reference_search/selected_reference_pool/split_000/low_tv_spectral_teacher/ref_1024/theta.npy,02_dnn/08_mnist/runs/final/single_dataset_10x10_box_n_train_512_60ref_allrule_sparse_0p010_to_2p500/01_dataset_prepare/raw_datasets/split_000/low_tv_spectral_teacher/dataset.npz,2703624,adam,2461,0.0,0.1201171875,0.000689518996588,0.3530337262530846,0.6474528677528877,14.9905540243322,3.4860430571681604,5.588914047736531,10.31799714419979,9.375194619540288,True,85
0,0,low_tv_spectral_teacher,1025,/home/bjyong/Complexity/local_project/03_dnn_mnist/03_reference_search/raw_outputs/extra_reference_pool/04_extra_reference_search/selected_reference_pool/split_000/low_tv_spectral_teacher/ref_1025/theta.npy,02_dnn/08_mnist/runs/final/single_dataset_10x10_box_n_train_512_60ref_allrule_sparse_0p010_to_2p500/01_dataset_prepare/raw_datasets/split_000/low_tv_spectral_teacher/dataset.npz,2703625,adam,2461,0.0,0.134765625,0.0005735379829029,0.2936514472463152,0.814633817254597,13.224824079786638,2.924816525684049,5.868785940895744,10.713555792043458,9.78752881357612,True,86
0,0,low_tv_spectral_teacher,1026,/home/bjyong/Complexity/local_project/03_dnn_mnist/03_reference_search/raw_outputs/extra_reference_pool/04_extra_reference_search/selected_reference_pool/split_000/low_tv_spectral_teacher/ref_1026/theta.npy,02_dnn/08_mnist/runs/final/single_dataset_10x10_box_n_train_512_60ref_allrule_sparse_0p010_to_2p500/01_dataset_prepare/raw_datasets/split_000/low_tv_spectral_teacher/dataset.npz,2703626,adam,2461,0.0,0.1318359375,0.0010469645539341,0.5360458516143052,0.6804610158041161,14.214858444543609,2.525946580877965,5.426405315455693,8.989428160617553,8.424912279565342,True,87
0,0,low_tv_spectral_teacher,1027,/home/bjyong/Complexity/local_project/03_dnn_mnist/03_reference_search/raw_outputs/extra_reference_pool/04_extra_reference_search/selected_reference_pool/split_000/low_tv_spectral_teacher/ref_1027/theta.npy,02_dnn/08_mnist/runs/final/single_dataset_10x10_box_n_train_512_60ref_allrule_sparse_0p010_to_2p500/01_dataset_prepare/raw_datasets/split_000/low_tv_spectral_teacher/dataset.npz,2703627,adam,2461,0.0,0.12353515625,0.0071434376798396,3.6574400920779233,0.5460934818878667,12.508195442363636,0.9134783917866282,3.3697836068413367,8.59717391150523,7.561994838825544,True,88
0,0,low_tv_spectral_teacher,1028,/home/bjyong/Complexity/local_project/03_dnn_mnist/03_reference_search/raw_outputs/extra_reference_pool/04_extra_reference_search/selected_reference_pool/split_000/low_tv_spectral_teacher/ref_1028/theta.npy,02_dnn/08_mnist/runs/final/single_dataset_10x10_box_n_train_512_60ref_allrule_sparse_0p010_to_2p500/01_dataset_prepare/raw_datasets/split_000/low_tv_spectral_teacher/dataset.npz,2703628,adam,2461,0.0,0.1259765625,0.0005433583508754,0.2781994756482098,0.7440800927533693,13.923105608304054,3.840391755188543,6.033410351775042,10.44816236689594,9.603476464594708,True,89
0,0,low_tv_spectral_teacher,1029,/home/bjyong/Complexity/local_project/03_dnn_mnist/03_reference_search/raw_outputs/extra_reference_pool/04_extra_reference_search/selected_reference_pool/split_000/low_tv_spectral_teacher/ref_1029/theta.npy,02_dnn/08_mnist/runs/final/single_dataset_10x10_box_n_train_512_60ref_allrule_sparse_0p010_to_2p500/01_dataset_prepare/raw_datasets/split_000/low_tv_spectral_teacher/dataset.npz,2703629,adam,2461,0.0,0.1279296875,0.0087181566627722,4.463696211339395,0.511525859409616,13.480078404892952,0.8250649870894653,3.145239664284553,8.00540127269359,7.297887372736655,True,90
3,0,random_label,0,02_dnn/08_mnist/runs/final/single_dataset_10x10_box_n_train_512_60ref_allrule_sparse_0p010_to_2p500/04_exact_reference_search/selected_reference_pool/split_000/random_label/ref_000/theta.npy,02_dnn/08_mnist/runs/final/single_dataset_10x10_box_n_train_512_60ref_allrule_sparse_0p010_to_2p500/01_dataset_prepare/raw_datasets/split_000/random_label/dataset.npz,2703000,adam,2461,0.0,0.52734375,0.0015707687602414,0.8042336052436421,4.237368580663952,16.796466230828653,2.8216975481575224,5.195387622081298,9.290006420152862,9.897835196324582,,1
3,0,random_label,1,02_dnn/08_mnist/runs/final/single_dataset_10x10_box_n_train_512_60ref_allrule_sparse_0p010_to_2p500/04_exact_reference_search/selected_reference_pool/split_000/random_label/ref_001/theta.npy,02_dnn/08_mnist/runs/final/single_dataset_10x10_box_n_train_512_60ref_allrule_sparse_0p010_to_2p500/01_dataset_prepare/raw_datasets/split_000/random_label/dataset.npz,2703001,adam,2461,0.0,0.51708984375,0.0213798898354859,10.946503595768794,2.829681761670363,17.821691917280692,0.2406525776620376,2.2563727178878965,6.741998757378858,6.978122877735947,,2
3,0,random_label,2,02_dnn/08_mnist/runs/final/single_dataset_10x10_box_n_train_512_60ref_allrule_sparse_0p010_to_2p500/04_exact_reference_search/selected_reference_pool/split_000/random_label/ref_002/theta.npy,02_dnn/08_mnist/runs/final/single_dataset_10x10_box_n_train_512_60ref_allrule_sparse_0p010_to_2p500/01_dataset_prepare/raw_datasets/split_000/random_label/dataset.npz,2703002,adam,2461,0.0,0.513671875,0.0124882340740316,6.39397584590419,2.82362724950336,16.919619884291617,0.0686878103293264,2.941561450860614,6.520493017277823,7.162366477963689,,3
3,0,random_label,3,02_dnn/08_mnist/runs/final/single_dataset_10x10_box_n_train_512_60ref_allrule_sparse_0p010_to_2p500/04_exact_reference_search/selected_reference_pool/split_000/random_label/ref_003/theta.npy,02_dnn/08_mnist/runs/final/single_dataset_10x10_box_n_train_512_60ref_allrule_sparse_0p010_to_2p500/01_dataset_prepare/raw_datasets/split_000/random_label/dataset.npz,2703003,adam,2461,0.0,0.5185546875,0.0033679787425238,1.7244051161722105,3.078302094502922,19.85392761258049,2.4199120076870457,4.206999657781736,7.352693712975796,8.077888151709006,,4
3,0,random_label,4,02_dnn/08_mnist/runs/final/single_dataset_10x10_box_n_train_512_60ref_allrule_sparse_0p010_to_2p500/04_exact_reference_search/selected_reference_pool/split_000/random_label/ref_004/theta.npy,02_dnn/08_mnist/runs/final/single_dataset_10x10_box_n_train_512_60ref_allrule_sparse_0p010_to_2p500/01_dataset_prepare/raw_datasets/split_000/random_label/dataset.npz,2703004,adam,2461,0.0,0.52685546875,0.0057294699607433,2.9334886199006114,3.039055934341832,19.80762350305599,1.2160997264210522,3.7996929877701353,7.058605016562459,7.831372372587733,,5
3,0,random_label,5,02_dnn/08_mnist/runs/final/single_dataset_10x10_box_n_train_512_60ref_allrule_sparse_0p010_to_2p500/04_exact_reference_search/selected_reference_pool/split_000/random_label/ref_005/theta.npy,02_dnn/08_mnist/runs/final/single_dataset_10x10_box_n_train_512_60ref_allrule_sparse_0p010_to_2p500/01_dataset_prepare/raw_datasets/split_000/random_label/dataset.npz,2703005,adam,2461,0.0,0.51220703125,0.0104713941531889,5.361353806432758,3.4717638029987823,15.106795229788297,0.3457309558355504,3.204771496767701,7.820114298259705,8.34357507713205,,6
3,0,random_label,6,02_dnn/08_mnist/runs/final/single_dataset_10x10_box_n_train_512_60ref_allrule_sparse_0p010_to_2p500/04_exact_reference_search/selected_reference_pool/split_000/random_label/ref_006/theta.npy,02_dnn/08_mnist/runs/final/single_dataset_10x10_box_n_train_512_60ref_allrule_sparse_0p010_to_2p500/01_dataset_prepare/raw_datasets/split_000/random_label/dataset.npz,2703006,adam,2461,0.0,0.5205078125,0.0044306305918197,2.2684828630117115,3.547068621761022,17.864971311288542,0.9301565495966432,4.115163106562477,8.07342580306019,8.701964491464185,,7
3,0,random_label,7,02_dnn/08_mnist/runs/final/single_dataset_10x10_box_n_train_512_60ref_allrule_sparse_0p010_to_2p500/04_exact_reference_search/selected_reference_pool/split_000/random_label/ref_007/theta.npy,02_dnn/08_mnist/runs/final/single_dataset_10x10_box_n_train_512_60ref_allrule_sparse_0p010_to_2p500/01_dataset_prepare/raw_datasets/split_000/random_label/dataset.npz,2703007,adam,2461,0.0,0.51416015625,0.0021802313692796,1.116278461071164,3.7913145397416135,19.67023159062803,2.418214418290117,4.636632085559683,8.712854468294122,9.515728284532129,,8
3,0,random_label,8,02_dnn/08_mnist/runs/final/single_dataset_10x10_box_n_train_512_60ref_allrule_sparse_0p010_to_2p500/04_exact_reference_search/selected_reference_pool/split_000/random_label/ref_008/theta.npy,02_dnn/08_mnist/runs/final/single_dataset_10x10_box_n_train_512_60ref_allrule_sparse_0p010_to_2p500/01_dataset_prepare/raw_datasets/split_000/random_label/dataset.npz,2703008,adam,2461,0.0,0.5234375,0.0039253888630259,2.009799097869272,3.360243941801345,19.036650307425187,2.055860953317558,4.167774080350181,7.619736706225493,8.376963869607621,,9
3,0,random_label,9,02_dnn/08_mnist/runs/final/single_dataset_10x10_box_n_train_512_60ref_allrule_sparse_0p010_to_2p500/04_exact_reference_search/selected_reference_pool/split_000/random_label/ref_009/theta.npy,02_dnn/08_mnist/runs/final/single_dataset_10x10_box_n_train_512_60ref_allrule_sparse_0p010_to_2p500/01_dataset_prepare/raw_datasets/split_000/random_label/dataset.npz,2703009,adam,2461,0.0,0.51806640625,0.0063540156530323,3.2532560143525444,3.445259382660864,19.19800304040072,0.9356868919928722,3.633579155814716,7.270489991784069,7.973134534279186,,10
3,0,random_label,10,02_dnn/08_mnist/runs/final/single_dataset_10x10_box_n_train_512_60ref_allrule_sparse_0p010_to_2p500/04_exact_reference_search/selected_reference_pool/split_000/random_label/ref_010/theta.npy,02_dnn/08_mnist/runs/final/single_dataset_10x10_box_n_train_512_60ref_allrule_sparse_0p010_to_2p500/01_dataset_prepare/raw_datasets/split_000/random_label/dataset.npz,2703010,adam,2461,0.0,0.517578125,0.0042645062395279,2.18342719463833,4.294088972072309,17.47843758681588,1.1855772879919662,4.262171961266889,9.287609106987691,10.01076371292401,,11
3,0,random_label,11,02_dnn/08_mnist/runs/final/single_dataset_10x10_box_n_train_512_60ref_allrule_sparse_0p010_to_2p500/04_exact_reference_search/selected_reference_pool/split_000/random_label/ref_011/theta.npy,02_dnn/08_mnist/runs/final/single_dataset_10x10_box_n_train_512_60ref_allrule_sparse_0p010_to_2p500/01_dataset_prepare/raw_datasets/split_000/random_label/dataset.npz,2703011,adam,2461,0.0,0.529296875,0.0024238693877191,1.2410211265122122,4.121131276615335,17.058860428954016,2.087606347292358,4.538833552828506,9.180664699663057,9.673327169478442,,12
3,0,random_label,12,02_dnn/08_mnist/runs/final/single_dataset_10x10_box_n_train_512_60ref_allrule_sparse_0p010_to_2p500/04_exact_reference_search/selected_reference_pool/split_000/random_label/ref_012/theta.npy,02_dnn/08_mnist/runs/final/single_dataset_10x10_box_n_train_512_60ref_allrule_sparse_0p010_to_2p500/01_dataset_prepare/raw_datasets/split_000/random_label/dataset.npz,2703012,adam,2461,0.0,0.525390625,0.0018590348373613,0.951825836729016,4.025610920900533,18.921846203008595,2.2115952442919333,5.008197200809479,9.207086182020952,9.612477018480526,,13
3,0,random_label,13,02_dnn/08_mnist/runs/final/single_dataset_10x10_box_n_train_512_60ref_allrule_sparse_0p010_to_2p500/04_exact_reference_search/selected_reference_pool/split_000/random_label/ref_013/theta.npy,02_dnn/08_mnist/runs/final/single_dataset_10x10_box_n_train_512_60ref_allrule_sparse_0p010_to_2p500/01_dataset_prepare/raw_datasets/split_000/random_label/dataset.npz,2703013,adam,2461,0.0,0.53662109375,0.0038524184786553,1.9724382610715607,3.599699273740841,18.41115514083254,1.8070171344201336,3.941620524183608,8.062192883804165,8.672227999299224,,14
3,0,random_label,14,02_dnn/08_mnist/runs/final/single_dataset_10x10_box_n_train_512_60ref_allrule_sparse_0p010_to_2p500/04_exact_reference_search/selected_reference_pool/split_000/random_label/ref_014/theta.npy,02_dnn/08_mnist/runs/final/single_dataset_10x10_box_n_train_512_60ref_allrule_sparse_0p010_to_2p500/01_dataset_prepare/raw_datasets/split_000/random_label/dataset.npz,2703014,adam,2461,0.0,0.513671875,0.0039267506322981,2.0104963237366693,3.475959759212028,19.22400742050064,1.6810834186535055,4.018024678910036,7.769538495035027,8.676925659649287,,15
3,0,random_label,15,02_dnn/08_mnist/runs/final/single_dataset_10x10_box_n_train_512_60ref_allrule_sparse_0p010_to_2p500/04_exact_reference_search/selected_reference_pool/split_000/random_label/ref_015/theta.npy,02_dnn/08_mnist/runs/final/single_dataset_10x10_box_n_train_512_60ref_allrule_sparse_0p010_to_2p500/01_dataset_prepare/raw_datasets/split_000/random_label/dataset.npz,2703015,adam,2461,0.0,0.51171875,0.0015927680941856,0.815497264223069,4.027616742273429,15.970584703587264,2.2110955884071832,5.017882372690854,9.285261179393704,9.85687737680655,,16
3,0,random_label,16,02_dnn/08_mnist/runs/final/single_dataset_10x10_box_n_train_512_60ref_allrule_sparse_0p010_to_2p500/04_exact_reference_search/selected_reference_pool/split_000/random_label/ref_016/theta.npy,02_dnn/08_mnist/runs/final/single_dataset_10x10_box_n_train_512_60ref_allrule_sparse_0p010_to_2p500/01_dataset_prepare/raw_datasets/split_000/random_label/dataset.npz,2703016,adam,2461,0.0,0.515625,0.0117948697558312,6.038973314985617,3.0490475140218294,16.786161140038494,0.3239319496486056,2.878104634820366,7.40888079239713,7.787763146900898,,17
3,0,random_label,17,02_dnn/08_mnist/runs/final/single_dataset_10x10_box_n_train_512_60ref_allrule_sparse_0p010_to_2p500/04_exact_reference_search/selected_reference_pool/split_000/random_label/ref_017/theta.npy,02_dnn/08_mnist/runs/final/single_dataset_10x10_box_n_train_512_60ref_allrule_sparse_0p010_to_2p500/01_dataset_prepare/raw_datasets/split_000/random_label/dataset.npz,2703017,adam,2461,0.0,0.51953125,0.0040743521960131,2.086068324358707,3.4227850841894893,18.706342112312143,1.5668557245833306,4.157071301570898,8.082108925120526,8.65777491136668,,18
3,0,random_label,18,02_dnn/08_mnist/runs/final/single_dataset_10x10_box_n_train_512_60ref_allrule_sparse_0p010_to_2p500/04_exact_reference_search/selected_reference_pool/split_000/random_label/ref_018/theta.npy,02_dnn/08_mnist/runs/final/single_dataset_10x10_box_n_train_512_60ref_allrule_sparse_0p010_to_2p500/01_dataset_prepare/raw_datasets/split_000/random_label/dataset.npz,2703018,adam,2461,0.0,0.51123046875,0.0186251127168969,9.53605771105124,2.5496231059612384,18.63691646123105,0.1889093776645778,2.413058510971464,5.977370658292417,6.586277162738461,,19
3,0,random_label,19,02_dnn/08_mnist/runs/final/single_dataset_10x10_box_n_train_512_60ref_allrule_sparse_0p010_to_2p500/04_exact_reference_search/selected_reference_pool/split_000/random_label/ref_019/theta.npy,02_dnn/08_mnist/runs/final/single_dataset_10x10_box_n_train_512_60ref_allrule_sparse_0p010_to_2p500/01_dataset_prepare/raw_datasets/split_000/random_label/dataset.npz,2703019,adam,2461,0.0,0.5244140625,0.0027794923219653,1.423100068846276,3.980351085780442,19.12639433164568,2.5043316363077235,4.455800876538679,8.621266650805323,9.43041143300888,,20
3,0,random_label,20,02_dnn/08_mnist/runs/final/single_dataset_10x10_box_n_train_512_60ref_allrule_sparse_0p010_to_2p500/04_exact_reference_search/selected_reference_pool/split_000/random_label/ref_020/theta.npy,02_dnn/08_mnist/runs/final/single_dataset_10x10_box_n_train_512_60ref_allrule_sparse_0p010_to_2p500/01_dataset_prepare/raw_datasets/split_000/random_label/dataset.npz,2703020,adam,2461,0.0,0.5126953125,0.0031443776233714,1.6099213431662047,3.6615635840259015,17.779232269098753,2.063315000622496,4.245208521698907,8.31987354930909,8.972977156229096,,21
3,0,random_label,21,02_dnn/08_mnist/runs/final/single_dataset_10x10_box_n_train_512_60ref_allrule_sparse_0p010_to_2p500/04_exact_reference_search/selected_reference_pool/split_000/random_label/ref_021/theta.npy,02_dnn/08_mnist/runs/final/single_dataset_10x10_box_n_train_512_60ref_allrule_sparse_0p010_to_2p500/01_dataset_prepare/raw_datasets/split_000/random_label/dataset.npz,2703021,adam,2461,0.0,0.51513671875,0.0021470983622359,1.0993143614647949,3.968304079728928,17.222919854811426,2.1795635389072263,4.610482821240789,9.074863593546617,9.540315628070289,,22
3,0,random_label,22,02_dnn/08_mnist/runs/final/single_dataset_10x10_box_n_train_512_60ref_allrule_sparse_0p010_to_2p500/04_exact_reference_search/selected_reference_pool/split_000/random_label/ref_022/theta.npy,02_dnn/08_mnist/runs/final/single_dataset_10x10_box_n_train_512_60ref_allrule_sparse_0p010_to_2p500/01_dataset_prepare/raw_datasets/split_000/random_label/dataset.npz,2703022,adam,2461,0.0,0.51611328125,0.0059810446427064,3.06229485706572,3.618164940381529,18.413196458022423,1.1749701633779712,3.710816378299329,8.27959513159563,8.743543563999557,,23
3,0,random_label,23,02_dnn/08_mnist/runs/final/single_dataset_10x10_box_n_train_512_60ref_allrule_sparse_0p010_to_2p500/04_exact_reference_search/selected_reference_pool/split_000/random_label/ref_023/theta.npy,02_dnn/08_mnist/runs/final/single_dataset_10x10_box_n_train_512_60ref_allrule_sparse_0p010_to_2p500/01_dataset_prepare/raw_datasets/split_000/random_label/dataset.npz,2703023,adam,2461,0.0,0.52734375,0.0076554707687397,3.919601033594773,3.5205907224051303,18.92795763471665,0.4436708901729933,4.01745858476257,8.338777074617738,8.804382510134246,,24
3,0,random_label,24,02_dnn/08_mnist/runs/final/single_dataset_10x10_box_n_train_512_60ref_allrule_sparse_0p010_to_2p500/04_exact_reference_search/selected_reference_pool/split_000/random_label/ref_024/theta.npy,02_dnn/08_mnist/runs/final/single_dataset_10x10_box_n_train_512_60ref_allrule_sparse_0p010_to_2p500/01_dataset_prepare/raw_datasets/split_000/random_label/dataset.npz,2703024,adam,2461,0.0,0.5244140625,0.0047812980083974,2.4480245802994807,3.4923024096926203,19.52541067747651,0.9044369354870614,3.935109959362108,8.073043011365309,8.737836285147507,,25
3,0,random_label,25,02_dnn/08_mnist/runs/final/single_dataset_10x10_box_n_train_512_60ref_allrule_sparse_0p010_to_2p500/04_exact_reference_search/selected_reference_pool/split_000/random_label/ref_025/theta.npy,02_dnn/08_mnist/runs/final/single_dataset_10x10_box_n_train_512_60ref_allrule_sparse_0p010_to_2p500/01_dataset_prepare/raw_datasets/split_000/random_label/dataset.npz,2703025,adam,2461,0.0,0.51611328125,0.0038480120556058,1.9701821724702184,4.093106318525908,16.349537439790485,1.5663721227277598,4.153688798899816,9.11280911227373,9.6167611123367,,26
3,0,random_label,26,02_dnn/08_mnist/runs/final/single_dataset_10x10_box_n_train_512_60ref_allrule_sparse_0p010_to_2p500/04_exact_reference_search/selected_reference_pool/split_000/random_label/ref_026/theta.npy,02_dnn/08_mnist/runs/final/single_dataset_10x10_box_n_train_512_60ref_allrule_sparse_0p010_to_2p500/01_dataset_prepare/raw_datasets/split_000/random_label/dataset.npz,2703026,adam,2461,0.0,0.51806640625,0.0035905536591199,1.8383634734694203,3.912383279426877,17.57655414314368,1.4977552294206842,3.971932010881089,8.914497379520846,9.396310950218805,,27
3,0,random_label,27,02_dnn/08_mnist/runs/final/single_dataset_10x10_box_n_train_512_60ref_allrule_sparse_0p010_to_2p500/04_exact_reference_search/selected_reference_pool/split_000/random_label/ref_027/theta.npy,02_dnn/08_mnist/runs/final/single_dataset_10x10_box_n_train_512_60ref_allrule_sparse_0p010_to_2p500/01_dataset_prepare/raw_datasets/split_000/random_label/dataset.npz,2703027,adam,2461,0.0,0.5234375,0.0039757106954898,2.035563876090783,3.2424156651720466,18.74719486329299,1.4459779842067646,4.082111440669042,7.469847430473139,7.982081989238226,,28
3,0,random_label,28,02_dnn/08_mnist/runs/final/single_dataset_10x10_box_n_train_512_60ref_allrule_sparse_0p010_to_2p500/04_exact_reference_search/selected_reference_pool/split_000/random_label/ref_028/theta.npy,02_dnn/08_mnist/runs/final/single_dataset_10x10_box_n_train_512_60ref_allrule_sparse_0p010_to_2p500/01_dataset_prepare/raw_datasets/split_000/random_label/dataset.npz,2703028,adam,2461,0.0,0.513671875,0.0041253453665984,2.112176827698417,3.3076732872712777,19.12029083615138,2.354353848087293,3.846379903764359,7.657002304489646,8.306907072634694,,29
3,0,random_label,29,02_dnn/08_mnist/runs/final/single_dataset_10x10_box_n_train_512_60ref_allrule_sparse_0p010_to_2p500/04_exact_reference_search/selected_reference_pool/split_000/random_label/ref_029/theta.npy,02_dnn/08_mnist/runs/final/single_dataset_10x10_box_n_train_512_60ref_allrule_sparse_0p010_to_2p500/01_dataset_prepare/raw_datasets/split_000/random_label/dataset.npz,2703029,adam,2461,0.0,0.5263671875,0.0071360694059515,3.653667535847205,3.399783801823296,19.205194331587,0.3931616802894598,3.7224646663126206,7.92077474928632,8.335298649581645,,30
3,0,random_label,30,02_dnn/08_mnist/runs/final/single_dataset_10x10_box_n_train_512_60ref_allrule_sparse_0p010_to_2p500/04_exact_reference_search/selected_reference_pool/split_000/random_label/ref_030/theta.npy,02_dnn/08_mnist/runs/final/single_dataset_10x10_box_n_train_512_60ref_allrule_sparse_0p010_to_2p500/01_dataset_prepare/raw_datasets/split_000/random_label/dataset.npz,2703030,adam,2461,0.0,0.5234375,0.0061057709079108,3.1261547048503373,3.982414668733073,16.504166780764823,0.5117039245605001,4.303739616100732,8.988494320967416,9.36994815521161,,31
3,0,random_label,31,02_dnn/08_mnist/runs/final/single_dataset_10x10_box_n_train_512_60ref_allrule_sparse_0p010_to_2p500/04_exact_reference_search/selected_reference_pool/split_000/random_label/ref_031/theta.npy,02_dnn/08_mnist/runs/final/single_dataset_10x10_box_n_train_512_60ref_allrule_sparse_0p010_to_2p500/01_dataset_prepare/raw_datasets/split_000/random_label/dataset.npz,2703031,adam,2461,0.0,0.513671875,0.0021857103870536,1.1190837181714677,3.632283989638039,18.44596255515562,2.624503797922478,4.7054837185891625,8.466172788459652,9.277489498109269,,32
3,0,random_label,32,02_dnn/08_mnist/runs/final/single_dataset_10x10_box_n_train_512_60ref_allrule_sparse_0p010_to_2p500/04_exact_reference_search/selected_reference_pool/split_000/random_label/ref_032/theta.npy,02_dnn/08_mnist/runs/final/single_dataset_10x10_box_n_train_512_60ref_allrule_sparse_0p010_to_2p500/01_dataset_prepare/raw_datasets/split_000/random_label/dataset.npz,2703032,adam,2461,0.0,0.52783203125,0.002376549131759,1.216793155460651,3.990817644018809,17.336215816953143,1.9283164793459,4.633659756819566,9.134644801015709,9.566257699915464,,33
3,0,random_label,33,02_dnn/08_mnist/runs/final/single_dataset_10x10_box_n_train_512_60ref_allrule_sparse_0p010_to_2p500/04_exact_reference_search/selected_reference_pool/split_000/random_label/ref_033/theta.npy,02_dnn/08_mnist/runs/final/single_dataset_10x10_box_n_train_512_60ref_allrule_sparse_0p010_to_2p500/01_dataset_prepare/raw_datasets/split_000/random_label/dataset.npz,2703033,adam,2461,0.0,0.52294921875,0.0057738102168318,2.9561908310179232,3.569530961470545,18.180631706885627,0.2311915348724333,3.9294273438925966,8.154923318727139,8.801351036013205,,34
3,0,random_label,34,02_dnn/08_mnist/runs/final/single_dataset_10x10_box_n_train_512_60ref_allrule_sparse_0p010_to_2p500/04_exact_reference_search/selected_reference_pool/split_000/random_label/ref_034/theta.npy,02_dnn/08_mnist/runs/final/single_dataset_10x10_box_n_train_512_60ref_allrule_sparse_0p010_to_2p500/01_dataset_prepare/raw_datasets/split_000/random_label/dataset.npz,2703034,adam,2461,0.0,0.51708984375,0.0153910372351044,7.880211064373457,2.6256886856698483,18.77193210805648,0.2406750435933806,2.924013101298505,6.256229548913185,6.751060329298252,,35
3,0,random_label,35,02_dnn/08_mnist/runs/final/single_dataset_10x10_box_n_train_512_60ref_allrule_sparse_0p010_to_2p500/04_exact_reference_search/selected_reference_pool/split_000/random_label/ref_035/theta.npy,02_dnn/08_mnist/runs/final/single_dataset_10x10_box_n_train_512_60ref_allrule_sparse_0p010_to_2p500/01_dataset_prepare/raw_datasets/split_000/random_label/dataset.npz,2703035,adam,2461,0.0,0.52880859375,0.0029732453742357,1.5223016316087012,4.262240569359031,17.324025082336583,1.8228743048009548,4.657542524128365,9.456793730841332,9.90080452426292,,36
3,0,random_label,36,02_dnn/08_mnist/runs/final/single_dataset_10x10_box_n_train_512_60ref_allrule_sparse_0p010_to_2p500/04_exact_reference_search/selected_reference_pool/split_000/random_label/ref_036/theta.npy,02_dnn/08_mnist/runs/final/single_dataset_10x10_box_n_train_512_60ref_allrule_sparse_0p010_to_2p500/01_dataset_prepare/raw_datasets/split_000/random_label/dataset.npz,2703036,adam,2461,0.0,0.52490234375,0.0033198001600279,1.699737681934328,3.862905980617075,17.202051525319256,2.191221310541174,3.95709187270808,8.450104180325752,9.365024471426782,,37
3,0,random_label,37,02_dnn/08_mnist/runs/final/single_dataset_10x10_box_n_train_512_60ref_allrule_sparse_0p010_to_2p500/04_exact_reference_search/selected_reference_pool/split_000/random_label/ref_037/theta.npy,02_dnn/08_mnist/runs/final/single_dataset_10x10_box_n_train_512_60ref_allrule_sparse_0p010_to_2p500/01_dataset_prepare/raw_datasets/split_000/random_label/dataset.npz,2703037,adam,2461,0.0,0.50634765625,0.0019968204518014,1.022372071322366,3.8025163926589576,18.659260368297623,2.9578495842876054,4.664043681307218,9.05615506085121,9.80871778834764,,38
3,0,random_label,38,02_dnn/08_mnist/runs/final/single_dataset_10x10_box_n_train_512_60ref_allrule_sparse_0p010_to_2p500/04_exact_reference_search/selected_reference_pool/split_000/random_label/ref_038/theta.npy,02_dnn/08_mnist/runs/final/single_dataset_10x10_box_n_train_512_60ref_allrule_sparse_0p010_to_2p500/01_dataset_prepare/raw_datasets/split_000/random_label/dataset.npz,2703038,adam,2461,0.0,0.5146484375,0.0044016555331218,2.25364763295838,3.419397192246577,18.6917128419409,1.4967465044409138,4.074296822320944,7.878801433273468,8.574039240310833,,39
3,0,random_label,39,02_dnn/08_mnist/runs/final/single_dataset_10x10_box_n_train_512_60ref_allrule_sparse_0p010_to_2p500/04_exact_reference_search/selected_reference_pool/split_000/random_label/ref_039/theta.npy,02_dnn/08_mnist/runs/final/single_dataset_10x10_box_n_train_512_60ref_allrule_sparse_0p010_to_2p500/01_dataset_prepare/raw_datasets/split_000/random_label/dataset.npz,2703039,adam,2461,0.0,0.52392578125,0.0103212116607544,5.284460370306301,2.8861183063059923,19.732152196372613,0.5478895279389522,2.9511192360773384,6.539902536065902,7.071021486626208,,40
3,0,random_label,40,02_dnn/08_mnist/runs/final/single_dataset_10x10_box_n_train_512_60ref_allrule_sparse_0p010_to_2p500/04_exact_reference_search/selected_reference_pool/split_000/random_label/ref_040/theta.npy,02_dnn/08_mnist/runs/final/single_dataset_10x10_box_n_train_512_60ref_allrule_sparse_0p010_to_2p500/01_dataset_prepare/raw_datasets/split_000/random_label/dataset.npz,2703040,adam,2461,0.0,0.5234375,0.0102175258770159,5.231373249032179,3.4419067652124213,15.76595311132265,0.3577073350883298,3.06466748546228,7.556987856904041,8.164180471449836,,41
3,0,random_label,41,02_dnn/08_mnist/runs/final/single_dataset_10x10_box_n_train_512_60ref_allrule_sparse_0p010_to_2p500/04_exact_reference_search/selected_reference_pool/split_000/random_label/ref_041/theta.npy,02_dnn/08_mnist/runs/final/single_dataset_10x10_box_n_train_512_60ref_allrule_sparse_0p010_to_2p500/01_dataset_prepare/raw_datasets/split_000/random_label/dataset.npz,2703041,adam,2461,0.0,0.5205078125,0.0023364252164238,1.196249710809019,4.049184003542517,17.084897590947914,2.4154651340881066,4.605520069045483,8.668902733759037,9.58616571433609,,42
3,0,random_label,42,02_dnn/08_mnist/runs/final/single_dataset_10x10_box_n_train_512_60ref_allrule_sparse_0p010_to_2p500/04_exact_reference_search/selected_reference_pool/split_000/random_label/ref_042/theta.npy,02_dnn/08_mnist/runs/final/single_dataset_10x10_box_n_train_512_60ref_allrule_sparse_0p010_to_2p500/01_dataset_prepare/raw_datasets/split_000/random_label/dataset.npz,2703042,adam,2461,0.0,0.5,0.0030862980000202,1.5801845760103768,3.668398469906852,17.41082746412324,1.7348778702545762,4.349327732035374,8.529052253107228,9.351503952023709,,43
3,0,random_label,43,02_dnn/08_mnist/runs/final/single_dataset_10x10_box_n_train_512_60ref_allrule_sparse_0p010_to_2p500/04_exact_reference_search/selected_reference_pool/split_000/random_label/ref_043/theta.npy,02_dnn/08_mnist/runs/final/single_dataset_10x10_box_n_train_512_60ref_allrule_sparse_0p010_to_2p500/01_dataset_prepare/raw_datasets/split_000/random_label/dataset.npz,2703043,adam,2461,0.0,0.50537109375,0.0018822272420064,0.9637003479072958,3.5839295730917744,18.93807478633078,1.8402938303650505,4.7969028605513016,9.27008863327425,9.62687869673075,,44
3,0,random_label,44,02_dnn/08_mnist/runs/final/single_dataset_10x10_box_n_train_512_60ref_allrule_sparse_0p010_to_2p500/04_exact_reference_search/selected_reference_pool/split_000/random_label/ref_044/theta.npy,02_dnn/08_mnist/runs/final/single_dataset_10x10_box_n_train_512_60ref_allrule_sparse_0p010_to_2p500/01_dataset_prepare/raw_datasets/split_000/random_label/dataset.npz,2703044,adam,2461,0.0,0.5048828125,0.0146859500675771,7.519206434599523,2.762224750731493,18.62407426647014,0.0396988680375441,2.5335609585578327,6.660661277300983,7.13548672784788,,45
3,0,random_label,45,02_dnn/08_mnist/runs/final/single_dataset_10x10_box_n_train_512_60ref_allrule_sparse_0p010_to_2p500/04_exact_reference_search/selected_reference_pool/split_000/random_label/ref_045/theta.npy,02_dnn/08_mnist/runs/final/single_dataset_10x10_box_n_train_512_60ref_allrule_sparse_0p010_to_2p500/01_dataset_prepare/raw_datasets/split_000/random_label/dataset.npz,2703045,adam,2461,0.0,0.51806640625,0.0054112119765257,2.770540531981176,3.856000480178162,16.149241104157078,1.2736028536695785,4.056508723117088,8.893290689565108,9.443937819640256,,46
3,0,random_label,46,02_dnn/08_mnist/runs/final/single_dataset_10x10_box_n_train_512_60ref_allrule_sparse_0p010_to_2p500/04_exact_reference_search/selected_reference_pool/split_000/random_label/ref_046/theta.npy,02_dnn/08_mnist/runs/final/single_dataset_10x10_box_n_train_512_60ref_allrule_sparse_0p010_to_2p500/01_dataset_prepare/raw_datasets/split_000/random_label/dataset.npz,2703046,adam,2461,0.0,0.5205078125,0.0038736849299513,1.9833266841350672,3.940599441618548,16.08976954181385,1.7597917226564657,4.365774896291069,8.585277696432794,9.296314178758466,,47
3,0,random_label,47,02_dnn/08_mnist/runs/final/single_dataset_10x10_box_n_train_512_60ref_allrule_sparse_0p010_to_2p500/04_exact_reference_search/selected_reference_pool/split_000/random_label/ref_047/theta.npy,02_dnn/08_mnist/runs/final/single_dataset_10x10_box_n_train_512_60ref_allrule_sparse_0p010_to_2p500/01_dataset_prepare/raw_datasets/split_000/random_label/dataset.npz,2703047,adam,2461,0.0,0.5009765625,0.0073906137179542,3.7839942235925768,3.247309230171941,19.068011726619496,0.7712339373491219,3.343167584127985,7.632635025404154,8.263858319734608,,48
3,0,random_label,48,02_dnn/08_mnist/runs/final/single_dataset_10x10_box_n_train_512_60ref_allrule_sparse_0p010_to_2p500/04_exact_reference_search/selected_reference_pool/split_000/random_label/ref_048/theta.npy,02_dnn/08_mnist/runs/final/single_dataset_10x10_box_n_train_512_60ref_allrule_sparse_0p010_to_2p500/01_dataset_prepare/raw_datasets/split_000/random_label/dataset.npz,2703048,adam,2461,0.0,0.5390625,0.0142538860825642,7.297989674272908,2.6861537563745053,18.30276158302915,0.0959481180875873,2.6067457366037083,6.317908949386251,6.75822739097519,,49
3,0,random_label,49,02_dnn/08_mnist/runs/final/single_dataset_10x10_box_n_train_512_60ref_allrule_sparse_0p010_to_2p500/04_exact_reference_search/selected_reference_pool/split_000/random_label/ref_049/theta.npy,02_dnn/08_mnist/runs/final/single_dataset_10x10_box_n_train_512_60ref_allrule_sparse_0p010_to_2p500/01_dataset_prepare/raw_datasets/split_000/random_label/dataset.npz,2703049,adam,2461,0.0,0.5107421875,0.0094755534278479,4.8514833550581296,3.1078207543304543,18.53288595333144,0.7951737488974955,3.101158738441306,6.919370811899292,7.6305530615062676,,50
3,0,random_label,50,02_dnn/08_mnist/runs/final/single_dataset_10x10_box_n_train_512_60ref_allrule_sparse_0p010_to_2p500/04_exact_reference_search/selected_reference_pool/split_000/random_label/ref_050/theta.npy,02_dnn/08_mnist/runs/final/single_dataset_10x10_box_n_train_512_60ref_allrule_sparse_0p010_to_2p500/01_dataset_prepare/raw_datasets/split_000/random_label/dataset.npz,2703050,adam,2461,0.0,0.53076171875,0.0014695337516875,0.7524012808640016,4.2980925400425205,16.85529452876132,1.9740494909973536,5.289220508140659,9.63399838914735,9.943606138562885,,51
3,0,random_label,51,02_dnn/08_mnist/runs/final/single_dataset_10x10_box_n_train_512_60ref_allrule_sparse_0p010_to_2p500/04_exact_reference_search/selected_reference_pool/split_000/random_label/ref_051/theta.npy,02_dnn/08_mnist/runs/final/single_dataset_10x10_box_n_train_512_60ref_allrule_sparse_0p010_to_2p500/01_dataset_prepare/raw_datasets/split_000/random_label/dataset.npz,2703051,adam,2461,0.0,0.52197265625,0.0091195245969429,4.669196593634768,3.3375707196584274,16.52517390426883,0.4659847466660586,3.0147922092289776,7.7060617891765535,8.23250130417809,,52
3,0,random_label,52,02_dnn/08_mnist/runs/final/single_dataset_10x10_box_n_train_512_60ref_allrule_sparse_0p010_to_2p500/04_exact_reference_search/selected_reference_pool/split_000/random_label/ref_052/theta.npy,02_dnn/08_mnist/runs/final/single_dataset_10x10_box_n_train_512_60ref_allrule_sparse_0p010_to_2p500/01_dataset_prepare/raw_datasets/split_000/random_label/dataset.npz,2703052,adam,2461,0.0,0.5205078125,0.0021989912157722,1.1258835024753822,3.821850673104864,17.23935283612818,1.5280662445084547,4.963412224661534,9.031166347352556,9.53487673964712,,53
3,0,random_label,53,02_dnn/08_mnist/runs/final/single_dataset_10x10_box_n_train_512_60ref_allrule_sparse_0p010_to_2p500/04_exact_reference_search/selected_reference_pool/split_000/random_label/ref_053/theta.npy,02_dnn/08_mnist/runs/final/single_dataset_10x10_box_n_train_512_60ref_allrule_sparse_0p010_to_2p500/01_dataset_prepare/raw_datasets/split_000/random_label/dataset.npz,2703053,adam,2461,0.0,0.525390625,0.0061305935689403,3.1388639072974818,3.3731669010995264,19.64742287545494,0.825856935970501,3.68327721613828,7.99495700834226,8.225896573413927,,54
3,0,random_label,54,02_dnn/08_mnist/runs/final/single_dataset_10x10_box_n_train_512_60ref_allrule_sparse_0p010_to_2p500/04_exact_reference_search/selected_reference_pool/split_000/random_label/ref_054/theta.npy,02_dnn/08_mnist/runs/final/single_dataset_10x10_box_n_train_512_60ref_allrule_sparse_0p010_to_2p500/01_dataset_prepare/raw_datasets/split_000/random_label/dataset.npz,2703054,adam,2461,0.0,0.5078125,0.0068148068577702,3.489181111178345,3.0527530371558016,20.86142323169929,0.5755805395529736,3.7138556631174873,7.13858608587168,7.794044875364552,,55
3,0,random_label,55,02_dnn/08_mnist/runs/final/single_dataset_10x10_box_n_train_512_60ref_allrule_sparse_0p010_to_2p500/04_exact_reference_search/selected_reference_pool/split_000/random_label/ref_055/theta.npy,02_dnn/08_mnist/runs/final/single_dataset_10x10_box_n_train_512_60ref_allrule_sparse_0p010_to_2p500/01_dataset_prepare/raw_datasets/split_000/random_label/dataset.npz,2703055,adam,2461,0.0,0.53173828125,0.0021920989850735,1.1223546803576725,4.153300752459387,16.922897061246374,2.321048588709205,4.673401796340894,9.130380277088864,9.767477398888236,,56
3,0,random_label,56,02_dnn/08_mnist/runs/final/single_dataset_10x10_box_n_train_512_60ref_allrule_sparse_0p010_to_2p500/04_exact_reference_search/selected_reference_pool/split_000/random_label/ref_056/theta.npy,02_dnn/08_mnist/runs/final/single_dataset_10x10_box_n_train_512_60ref_allrule_sparse_0p010_to_2p500/01_dataset_prepare/raw_datasets/split_000/random_label/dataset.npz,2703056,adam,2461,0.0,0.52490234375,0.0025286732377762,1.2946806977414624,3.8795050432940688,16.91751790145517,2.5010884142856304,4.334277963032306,9.060570396309554,9.497717664992509,,57
3,0,random_label,57,02_dnn/08_mnist/runs/final/single_dataset_10x10_box_n_train_512_60ref_allrule_sparse_0p010_to_2p500/04_exact_reference_search/selected_reference_pool/split_000/random_label/ref_057/theta.npy,02_dnn/08_mnist/runs/final/single_dataset_10x10_box_n_train_512_60ref_allrule_sparse_0p010_to_2p500/01_dataset_prepare/raw_datasets/split_000/random_label/dataset.npz,2703057,adam,2461,0.0,0.52490234375,0.0044648034202524,2.28597935116927,3.47998355777284,18.261233469338883,0.8303193623413718,4.251960746255455,8.098724703065514,8.774897012102294,,58
3,0,random_label,58,02_dnn/08_mnist/runs/final/single_dataset_10x10_box_n_train_512_60ref_allrule_sparse_0p010_to_2p500/04_exact_reference_search/selected_reference_pool/split_000/random_label/ref_058/theta.npy,02_dnn/08_mnist/runs/final/single_dataset_10x10_box_n_train_512_60ref_allrule_sparse_0p010_to_2p500/01_dataset_prepare/raw_datasets/split_000/random_label/dataset.npz,2703058,adam,2461,0.0,0.51904296875,0.005066075836509,2.5938308282926528,3.227148397786646,20.001663810230102,1.7075038220684449,3.948169971634201,7.442467231270465,8.133664324658602,,59
3,0,random_label,59,02_dnn/08_mnist/runs/final/single_dataset_10x10_box_n_train_512_60ref_allrule_sparse_0p010_to_2p500/04_exact_reference_search/selected_reference_pool/split_000/random_label/ref_059/theta.npy,02_dnn/08_mnist/runs/final/single_dataset_10x10_box_n_train_512_60ref_allrule_sparse_0p010_to_2p500/01_dataset_prepare/raw_datasets/split_000/random_label/dataset.npz,2703059,adam,2461,0.0,0.53076171875,0.0052096544148621,2.6673430604093973,3.2639682091009394,19.63653839316819,1.7484815969791436,3.723039016773955,7.708217215228888,8.33881323370888,,60
3,0,random_label,1000,/home/bjyong/Complexity/local_project/03_dnn_mnist/03_reference_search/raw_outputs/extra_reference_pool/04_extra_reference_search/selected_reference_pool/split_000/random_label/ref_1000/theta.npy,02_dnn/08_mnist/runs/final/single_dataset_10x10_box_n_train_512_60ref_allrule_sparse_0p010_to_2p500/01_dataset_prepare/raw_datasets/split_000/random_label/dataset.npz,2703600,adam,2461,0.0,0.51806640625,0.0022821435401668,1.1684574925654108,4.065913721641394,16.304502804962397,2.1122510618816683,4.845844846686189,9.432188176280718,9.790823071506187,True,61
3,0,random_label,1001,/home/bjyong/Complexity/local_project/03_dnn_mnist/03_reference_search/raw_outputs/extra_reference_pool/04_extra_reference_search/selected_reference_pool/split_000/random_label/ref_1001/theta.npy,02_dnn/08_mnist/runs/final/single_dataset_10x10_box_n_train_512_60ref_allrule_sparse_0p010_to_2p500/01_dataset_prepare/raw_datasets/split_000/random_label/dataset.npz,2703601,adam,2461,0.0,0.50927734375,0.0028409868532515,1.454585268864801,4.066864742822228,16.299809958663047,1.283559749287461,4.493296278371332,9.360449684591488,9.983092632462723,True,62
3,0,random_label,1002,/home/bjyong/Complexity/local_project/03_dnn_mnist/03_reference_search/raw_outputs/extra_reference_pool/04_extra_reference_search/selected_reference_pool/split_000/random_label/ref_1002/theta.npy,02_dnn/08_mnist/runs/final/single_dataset_10x10_box_n_train_512_60ref_allrule_sparse_0p010_to_2p500/01_dataset_prepare/raw_datasets/split_000/random_label/dataset.npz,2703602,adam,2461,0.0,0.513671875,0.0096986033022057,4.965684890729332,3.124369869510187,20.590446173650104,0.4995263671173707,3.3855583061409926,7.25079117184738,7.8281387820877395,True,63
3,0,random_label,1003,/home/bjyong/Complexity/local_project/03_dnn_mnist/03_reference_search/raw_outputs/extra_reference_pool/04_extra_reference_search/selected_reference_pool/split_000/random_label/ref_1003/theta.npy,02_dnn/08_mnist/runs/final/single_dataset_10x10_box_n_train_512_60ref_allrule_sparse_0p010_to_2p500/01_dataset_prepare/raw_datasets/split_000/random_label/dataset.npz,2703603,adam,2461,0.0,0.52099609375,0.0131244295562715,6.719707932811019,2.6865857324810625,18.332902192329342,0.2868404558611837,3.0232522435880327,6.439480529904962,7.099598998657915,True,64
3,0,random_label,1004,/home/bjyong/Complexity/local_project/03_dnn_mnist/03_reference_search/raw_outputs/extra_reference_pool/04_extra_reference_search/selected_reference_pool/split_000/random_label/ref_1004/theta.npy,02_dnn/08_mnist/runs/final/single_dataset_10x10_box_n_train_512_60ref_allrule_sparse_0p010_to_2p500/01_dataset_prepare/raw_datasets/split_000/random_label/dataset.npz,2703604,adam,2461,0.0,0.51611328125,0.0053646994578907,2.7467261224400747,3.516460140982706,19.99933620294572,0.9103364574013572,3.978836682886672,8.308683232606366,8.739756526645728,True,65
3,0,random_label,1005,/home/bjyong/Complexity/local_project/03_dnn_mnist/03_reference_search/raw_outputs/extra_reference_pool/04_extra_reference_search/selected_reference_pool/split_000/random_label/ref_1005/theta.npy,02_dnn/08_mnist/runs/final/single_dataset_10x10_box_n_train_512_60ref_allrule_sparse_0p010_to_2p500/01_dataset_prepare/raw_datasets/split_000/random_label/dataset.npz,2703605,adam,2461,0.0,0.50439453125,0.0017938884659017,0.9184708945416786,4.087202343195632,16.813492645208637,2.5721604933942164,5.001703274354034,9.207195423261078,9.83208023351601,True,66
3,0,random_label,1006,/home/bjyong/Complexity/local_project/03_dnn_mnist/03_reference_search/raw_outputs/extra_reference_pool/04_extra_reference_search/selected_reference_pool/split_000/random_label/ref_1006/theta.npy,02_dnn/08_mnist/runs/final/single_dataset_10x10_box_n_train_512_60ref_allrule_sparse_0p010_to_2p500/01_dataset_prepare/raw_datasets/split_000/random_label/dataset.npz,2703606,adam,2461,0.0,0.529296875,0.0049522172295301,2.535535221519418,3.700438179302713,18.214204857055563,1.0224137610356203,3.604784677989164,8.273535174130096,8.830299720133969,True,67
3,0,random_label,1007,/home/bjyong/Complexity/local_project/03_dnn_mnist/03_reference_search/raw_outputs/extra_reference_pool/04_extra_reference_search/selected_reference_pool/split_000/random_label/ref_1007/theta.npy,02_dnn/08_mnist/runs/final/single_dataset_10x10_box_n_train_512_60ref_allrule_sparse_0p010_to_2p500/01_dataset_prepare/raw_datasets/split_000/random_label/dataset.npz,2703607,adam,2461,0.0,0.53173828125,0.0032269085896666,1.6521771979093205,4.067925559193162,18.73170697408453,2.106350402002749,4.131433019381461,9.002309988365942,9.52846836515247,True,68
3,0,random_label,1008,/home/bjyong/Complexity/local_project/03_dnn_mnist/03_reference_search/raw_outputs/extra_reference_pool/04_extra_reference_search/selected_reference_pool/split_000/random_label/ref_1008/theta.npy,02_dnn/08_mnist/runs/final/single_dataset_10x10_box_n_train_512_60ref_allrule_sparse_0p010_to_2p500/01_dataset_prepare/raw_datasets/split_000/random_label/dataset.npz,2703608,adam,2461,0.0,0.5263671875,0.0039126417454314,2.003272573660923,3.713708241490069,18.720193885817697,0.6502691630944997,4.134752472443495,8.332889235895003,9.022956466816968,True,69
3,0,random_label,1009,/home/bjyong/Complexity/local_project/03_dnn_mnist/03_reference_search/raw_outputs/extra_reference_pool/04_extra_reference_search/selected_reference_pool/split_000/random_label/ref_1009/theta.npy,02_dnn/08_mnist/runs/final/single_dataset_10x10_box_n_train_512_60ref_allrule_sparse_0p010_to_2p500/01_dataset_prepare/raw_datasets/split_000/random_label/dataset.npz,2703609,adam,2461,0.0,0.5107421875,0.0082444376742356,4.221152089208642,3.0166400792530994,19.882412092225504,0.418752051248119,3.798358814576737,6.915553563501563,7.836261906878947,True,70
3,0,random_label,1010,/home/bjyong/Complexity/local_project/03_dnn_mnist/03_reference_search/raw_outputs/extra_reference_pool/04_extra_reference_search/selected_reference_pool/split_000/random_label/ref_1010/theta.npy,02_dnn/08_mnist/runs/final/single_dataset_10x10_box_n_train_512_60ref_allrule_sparse_0p010_to_2p500/01_dataset_prepare/raw_datasets/split_000/random_label/dataset.npz,2703610,adam,2461,0.0,0.52294921875,0.0152269986483635,7.796223307962151,3.485138338548084,15.135976631238146,0.177034876236682,2.479527205412315,8.206781132963801,8.57905589927751,True,71
3,0,random_label,1011,/home/bjyong/Complexity/local_project/03_dnn_mnist/03_reference_search/raw_outputs/extra_reference_pool/04_extra_reference_search/selected_reference_pool/split_000/random_label/ref_1011/theta.npy,02_dnn/08_mnist/runs/final/single_dataset_10x10_box_n_train_512_60ref_allrule_sparse_0p010_to_2p500/01_dataset_prepare/raw_datasets/split_000/random_label/dataset.npz,2703611,adam,2461,0.0,0.52294921875,0.0024602013596339,1.2596230961325952,3.747229162921447,19.01931956065722,2.2348227280117614,4.583009112392917,8.767792396432533,9.294933902140048,True,72
3,0,random_label,1012,/home/bjyong/Complexity/local_project/03_dnn_mnist/03_reference_search/raw_outputs/extra_reference_pool/04_extra_reference_search/selected_reference_pool/split_000/random_label/ref_1012/theta.npy,02_dnn/08_mnist/runs/final/single_dataset_10x10_box_n_train_512_60ref_allrule_sparse_0p010_to_2p500/01_dataset_prepare/raw_datasets/split_000/random_label/dataset.npz,2703612,adam,2461,0.0,0.52197265625,0.0025979531199378,1.3301519974081677,3.933142258083192,18.02157353570923,1.4948212471225804,4.71942388017469,8.91093543893132,9.512220885914564,True,73
3,0,random_label,1013,/home/bjyong/Complexity/local_project/03_dnn_mnist/03_reference_search/raw_outputs/extra_reference_pool/04_extra_reference_search/selected_reference_pool/split_000/random_label/ref_1013/theta.npy,02_dnn/08_mnist/runs/final/single_dataset_10x10_box_n_train_512_60ref_allrule_sparse_0p010_to_2p500/01_dataset_prepare/raw_datasets/split_000/random_label/dataset.npz,2703613,adam,2461,0.0,0.5078125,0.0120730175721582,6.181384996945048,3.1559624968962185,17.447343392187037,0.4706947893862439,3.25892255050025,7.24619239254538,7.769853203702523,True,74
3,0,random_label,1014,/home/bjyong/Complexity/local_project/03_dnn_mnist/03_reference_search/raw_outputs/extra_reference_pool/04_extra_reference_search/selected_reference_pool/split_000/random_label/ref_1014/theta.npy,02_dnn/08_mnist/runs/final/single_dataset_10x10_box_n_train_512_60ref_allrule_sparse_0p010_to_2p500/01_dataset_prepare/raw_datasets/split_000/random_label/dataset.npz,2703614,adam,2461,0.0,0.51904296875,0.0039174404220542,2.005729496091764,3.2824809590445527,20.27191684576655,1.2874145670401558,4.13328842434748,7.649600925625888,8.40827537363338,True,75
3,0,random_label,1015,/home/bjyong/Complexity/local_project/03_dnn_mnist/03_reference_search/raw_outputs/extra_reference_pool/04_extra_reference_search/selected_reference_pool/split_000/random_label/ref_1015/theta.npy,02_dnn/08_mnist/runs/final/single_dataset_10x10_box_n_train_512_60ref_allrule_sparse_0p010_to_2p500/01_dataset_prepare/raw_datasets/split_000/random_label/dataset.npz,2703615,adam,2461,0.0,0.5185546875,0.0024157771107813,1.2368778807200382,4.125046796800533,17.983601499339606,2.481079997913497,4.30246124628364,9.709437610834527,10.038490348307295,True,76
3,0,random_label,1016,/home/bjyong/Complexity/local_project/03_dnn_mnist/03_reference_search/raw_outputs/extra_reference_pool/04_extra_reference_search/selected_reference_pool/split_000/random_label/ref_1016/theta.npy,02_dnn/08_mnist/runs/final/single_dataset_10x10_box_n_train_512_60ref_allrule_sparse_0p010_to_2p500/01_dataset_prepare/raw_datasets/split_000/random_label/dataset.npz,2703616,adam,2461,0.0,0.515625,0.0031658509798113,1.6209157016634044,4.053281002396146,17.218767916989663,2.096541358955762,4.351871334237444,9.176336335239624,9.630109252754298,True,77
3,0,random_label,1017,/home/bjyong/Complexity/local_project/03_dnn_mnist/03_reference_search/raw_outputs/extra_reference_pool/04_extra_reference_search/selected_reference_pool/split_000/random_label/ref_1017/theta.npy,02_dnn/08_mnist/runs/final/single_dataset_10x10_box_n_train_512_60ref_allrule_sparse_0p010_to_2p500/01_dataset_prepare/raw_datasets/split_000/random_label/dataset.npz,2703617,adam,2461,0.0,0.51708984375,0.0038161188126134,1.953852832058112,3.53309633796224,17.51106076523598,1.5689566088164462,4.340644486118372,8.183814715609298,8.877218274505594,True,78
3,0,random_label,1018,/home/bjyong/Complexity/local_project/03_dnn_mnist/03_reference_search/raw_outputs/extra_reference_pool/04_extra_reference_search/selected_reference_pool/split_000/random_label/ref_1018/theta.npy,02_dnn/08_mnist/runs/final/single_dataset_10x10_box_n_train_512_60ref_allrule_sparse_0p010_to_2p500/01_dataset_prepare/raw_datasets/split_000/random_label/dataset.npz,2703618,adam,2461,0.0,0.5166015625,0.0055750443109827,2.8544226872231864,3.3736433349674257,19.155861812157934,0.7899404034305522,3.93099949034843,7.750869108778096,8.152068265204552,True,79
3,0,random_label,1019,/home/bjyong/Complexity/local_project/03_dnn_mnist/03_reference_search/raw_outputs/extra_reference_pool/04_extra_reference_search/selected_reference_pool/split_000/random_label/ref_1019/theta.npy,02_dnn/08_mnist/runs/final/single_dataset_10x10_box_n_train_512_60ref_allrule_sparse_0p010_to_2p500/01_dataset_prepare/raw_datasets/split_000/random_label/dataset.npz,2703619,adam,2461,0.0,0.51123046875,0.0046992017525282,2.405991297294475,2.867866410855812,19.459345209529545,1.1804716822335408,4.026634844043139,7.356227355745386,7.880534850388246,True,80
3,0,random_label,1020,/home/bjyong/Complexity/local_project/03_dnn_mnist/03_reference_search/raw_outputs/extra_reference_pool/04_extra_reference_search/selected_reference_pool/split_000/random_label/ref_1020/theta.npy,02_dnn/08_mnist/runs/final/single_dataset_10x10_box_n_train_512_60ref_allrule_sparse_0p010_to_2p500/01_dataset_prepare/raw_datasets/split_000/random_label/dataset.npz,5703600,adam,2461,0.0,0.5244140625,0.0038114063852281,1.95144006923682,3.9204804664740944,15.494746110620616,1.187340605736674,4.3725558388774015,8.993114176058292,9.37097788430474,True,81
3,0,random_label,1021,/home/bjyong/Complexity/local_project/03_dnn_mnist/03_reference_search/raw_outputs/extra_reference_pool/04_extra_reference_search/selected_reference_pool/split_000/random_label/ref_1021/theta.npy,02_dnn/08_mnist/runs/final/single_dataset_10x10_box_n_train_512_60ref_allrule_sparse_0p010_to_2p500/01_dataset_prepare/raw_datasets/split_000/random_label/dataset.npz,5703601,adam,2461,0.0,0.51904296875,0.0035399833848937,1.8124714930655816,3.634140434457,18.405853719950823,1.3240767351870113,4.5192536403620425,8.394983390225377,8.917931477990665,True,82
3,0,random_label,1022,/home/bjyong/Complexity/local_project/03_dnn_mnist/03_reference_search/raw_outputs/extra_reference_pool/04_extra_reference_search/selected_reference_pool/split_000/random_label/ref_1022/theta.npy,02_dnn/08_mnist/runs/final/single_dataset_10x10_box_n_train_512_60ref_allrule_sparse_0p010_to_2p500/01_dataset_prepare/raw_datasets/split_000/random_label/dataset.npz,5703602,adam,2461,0.0,0.5302734375,0.0074366758543885,3.807578037446961,3.2823156965173585,17.458130384758697,1.06517621255936,3.4362027803266417,7.468251988959047,7.829488622895563,True,83
3,0,random_label,1023,/home/bjyong/Complexity/local_project/03_dnn_mnist/03_reference_search/raw_outputs/extra_reference_pool/04_extra_reference_search/selected_reference_pool/split_000/random_label/ref_1023/theta.npy,02_dnn/08_mnist/runs/final/single_dataset_10x10_box_n_train_512_60ref_allrule_sparse_0p010_to_2p500/01_dataset_prepare/raw_datasets/split_000/random_label/dataset.npz,5703603,adam,2461,0.0,0.5185546875,0.0024679193691055,1.2635747169820215,3.6558434008728256,18.533819049803157,2.271776147749985,4.652779810303712,8.224467481633795,9.12569088859295,True,84
3,0,random_label,1024,/home/bjyong/Complexity/local_project/03_dnn_mnist/03_reference_search/raw_outputs/extra_reference_pool/04_extra_reference_search/selected_reference_pool/split_000/random_label/ref_1024/theta.npy,02_dnn/08_mnist/runs/final/single_dataset_10x10_box_n_train_512_60ref_allrule_sparse_0p010_to_2p500/01_dataset_prepare/raw_datasets/split_000/random_label/dataset.npz,5703604,adam,2461,0.0,0.50634765625,0.0036613843175459,1.8746287705835416,3.5959287087703435,19.24502801607841,2.1138877482992893,3.960267391350581,8.384131484184769,9.007320155552392,True,85
3,0,random_label,1025,/home/bjyong/Complexity/local_project/03_dnn_mnist/03_reference_search/raw_outputs/extra_reference_pool/04_extra_reference_search/selected_reference_pool/split_000/random_label/ref_1025/theta.npy,02_dnn/08_mnist/runs/final/single_dataset_10x10_box_n_train_512_60ref_allrule_sparse_0p010_to_2p500/01_dataset_prepare/raw_datasets/split_000/random_label/dataset.npz,5703605,adam,2461,0.0,0.53173828125,0.0021610039249408,1.1064340095697336,4.409539383236375,16.36559685984073,1.9495733719484187,4.64350475100884,9.934069154928313,10.27225013505424,True,86
3,0,random_label,1026,/home/bjyong/Complexity/local_project/03_dnn_mnist/03_reference_search/raw_outputs/extra_reference_pool/04_extra_reference_search/selected_reference_pool/split_000/random_label/ref_1026/theta.npy,02_dnn/08_mnist/runs/final/single_dataset_10x10_box_n_train_512_60ref_allrule_sparse_0p010_to_2p500/01_dataset_prepare/raw_datasets/split_000/random_label/dataset.npz,5703606,adam,2461,0.0,0.509765625,0.0061644176131925,3.156181817954605,3.841605250314703,17.125392098052156,0.6213730717427561,4.0026100760397005,8.742022102502364,9.207824298996146,True,87
3,0,random_label,1027,/home/bjyong/Complexity/local_project/03_dnn_mnist/03_reference_search/raw_outputs/extra_reference_pool/04_extra_reference_search/selected_reference_pool/split_000/random_label/ref_1027/theta.npy,02_dnn/08_mnist/runs/final/single_dataset_10x10_box_n_train_512_60ref_allrule_sparse_0p010_to_2p500/01_dataset_prepare/raw_datasets/split_000/random_label/dataset.npz,5703607,adam,2461,0.0,0.501953125,0.0041179334093607,2.108381905592713,3.3587253019876666,18.61037831683917,1.0160192825157992,3.96941921665202,8.162582442160197,8.61521874308763,True,88
3,0,random_label,1028,/home/bjyong/Complexity/local_project/03_dnn_mnist/03_reference_search/raw_outputs/extra_reference_pool/04_extra_reference_search/selected_reference_pool/split_000/random_label/ref_1028/theta.npy,02_dnn/08_mnist/runs/final/single_dataset_10x10_box_n_train_512_60ref_allrule_sparse_0p010_to_2p500/01_dataset_prepare/raw_datasets/split_000/random_label/dataset.npz,5703608,adam,2461,0.0,0.51708984375,0.0075542280666694,3.867764770134748,3.199011292235628,18.92937236823432,0.4407664346612364,3.4224413307694723,7.10769728261297,7.919077017890526,True,89
3,0,random_label,1029,/home/bjyong/Complexity/local_project/03_dnn_mnist/03_reference_search/raw_outputs/extra_reference_pool/04_extra_reference_search/selected_reference_pool/split_000/random_label/ref_1029/theta.npy,02_dnn/08_mnist/runs/final/single_dataset_10x10_box_n_train_512_60ref_allrule_sparse_0p010_to_2p500/01_dataset_prepare/raw_datasets/split_000/random_label/dataset.npz,5703609,adam,2461,0.0,0.515625,0.003825545806599,1.9586794529787197,3.405288978363848,20.689243409922017,0.4836848203191888,4.624720836066484,7.895489452913564,8.684397761938097,True,90
1,0,real_even_odd,0,02_dnn/08_mnist/runs/final/single_dataset_10x10_box_n_train_512_60ref_allrule_sparse_0p010_to_2p500/04_exact_reference_search/selected_reference_pool/split_000/real_even_odd/ref_000/theta.npy,02_dnn/08_mnist/runs/final/single_dataset_10x10_box_n_train_512_60ref_allrule_sparse_0p010_to_2p500/01_dataset_prepare/raw_datasets/split_000/real_even_odd/dataset.npz,2701000,adam,2461,0.0,0.12255859375,0.0011485333737007,0.5880490873348052,0.710774910398708,13.559947266891331,2.9907347561342057,5.373187944078943,9.115750088204324,8.467847655461195,,1
1,0,real_even_odd,1,02_dnn/08_mnist/runs/final/single_dataset_10x10_box_n_train_512_60ref_allrule_sparse_0p010_to_2p500/04_exact_reference_search/selected_reference_pool/split_000/real_even_odd/ref_001/theta.npy,02_dnn/08_mnist/runs/final/single_dataset_10x10_box_n_train_512_60ref_allrule_sparse_0p010_to_2p500/01_dataset_prepare/raw_datasets/split_000/real_even_odd/dataset.npz,2701001,adam,2461,0.0,0.12646484375,0.0005382455488225,0.2755817209971303,0.7582532598453253,13.781183905746948,4.344505456301265,5.875830823909688,9.817465041479156,9.293494682888468,,2
1,0,real_even_odd,2,02_dnn/08_mnist/runs/final/single_dataset_10x10_box_n_train_512_60ref_allrule_sparse_0p010_to_2p500/04_exact_reference_search/selected_reference_pool/split_000/real_even_odd/ref_002/theta.npy,02_dnn/08_mnist/runs/final/single_dataset_10x10_box_n_train_512_60ref_allrule_sparse_0p010_to_2p500/01_dataset_prepare/raw_datasets/split_000/real_even_odd/dataset.npz,2701002,adam,2461,0.0,0.12353515625,0.0011971916724327,0.6129621362855434,0.7351513645662631,13.958333358245138,2.7153980803438813,5.368468835101512,9.39751657844215,8.715104875039565,,3
1,0,real_even_odd,3,02_dnn/08_mnist/runs/final/single_dataset_10x10_box_n_train_512_60ref_allrule_sparse_0p010_to_2p500/04_exact_reference_search/selected_reference_pool/split_000/real_even_odd/ref_003/theta.npy,02_dnn/08_mnist/runs/final/single_dataset_10x10_box_n_train_512_60ref_allrule_sparse_0p010_to_2p500/01_dataset_prepare/raw_datasets/split_000/real_even_odd/dataset.npz,2701003,adam,2461,0.0,0.12646484375,0.0011295993877064,0.5783548865057273,0.7335508654246171,14.070294782696289,2.9555776758839114,5.274888102313933,9.852979891785276,9.121028869443132,,4
1,0,real_even_odd,4,02_dnn/08_mnist/runs/final/single_dataset_10x10_box_n_train_512_60ref_allrule_sparse_0p010_to_2p500/04_exact_reference_search/selected_reference_pool/split_000/real_even_odd/ref_004/theta.npy,02_dnn/08_mnist/runs/final/single_dataset_10x10_box_n_train_512_60ref_allrule_sparse_0p010_to_2p500/01_dataset_prepare/raw_datasets/split_000/real_even_odd/dataset.npz,2701004,adam,2461,0.0,0.1318359375,0.0013904328160608,0.7119016018231628,0.7394444175446072,14.697855757127863,2.175286387925856,5.407396587369922,9.632207982572083,9.110123010126705,,5
1,0,real_even_odd,5,02_dnn/08_mnist/runs/final/single_dataset_10x10_box_n_train_512_60ref_allrule_sparse_0p010_to_2p500/04_exact_reference_search/selected_reference_pool/split_000/real_even_odd/ref_005/theta.npy,02_dnn/08_mnist/runs/final/single_dataset_10x10_box_n_train_512_60ref_allrule_sparse_0p010_to_2p500/01_dataset_prepare/raw_datasets/split_000/real_even_odd/dataset.npz,2701005,adam,2461,0.0,0.1279296875,0.0014074779537099,0.7206287122995181,0.7526781798063146,13.115463194561432,1.8213991313435,5.192546953892112,9.065914320565312,8.393041338114676,,6
1,0,real_even_odd,6,02_dnn/08_mnist/runs/final/single_dataset_10x10_box_n_train_512_60ref_allrule_sparse_0p010_to_2p500/04_exact_reference_search/selected_reference_pool/split_000/real_even_odd/ref_006/theta.npy,02_dnn/08_mnist/runs/final/single_dataset_10x10_box_n_train_512_60ref_allrule_sparse_0p010_to_2p500/01_dataset_prepare/raw_datasets/split_000/real_even_odd/dataset.npz,2701006,adam,2461,0.0,0.1259765625,0.0012062124313091,0.617580764830307,0.7056538578305799,14.434196358990524,0.8499873655854677,6.508393399091046,8.403202106967566,8.19573415954168,,7
1,0,real_even_odd,7,02_dnn/08_mnist/runs/final/single_dataset_10x10_box_n_train_512_60ref_allrule_sparse_0p010_to_2p500/04_exact_reference_search/selected_reference_pool/split_000/real_even_odd/ref_007/theta.npy,02_dnn/08_mnist/runs/final/single_dataset_10x10_box_n_train_512_60ref_allrule_sparse_0p010_to_2p500/01_dataset_prepare/raw_datasets/split_000/real_even_odd/dataset.npz,2701007,adam,2461,0.0,0.1240234375,0.0005537833784666,0.2835370897749037,0.7449020426596603,14.022703305851412,3.488404011321333,6.074738733158798,10.35548507862241,9.701253283581703,,8
1,0,real_even_odd,8,02_dnn/08_mnist/runs/final/single_dataset_10x10_box_n_train_512_60ref_allrule_sparse_0p010_to_2p500/04_exact_reference_search/selected_reference_pool/split_000/real_even_odd/ref_008/theta.npy,02_dnn/08_mnist/runs/final/single_dataset_10x10_box_n_train_512_60ref_allrule_sparse_0p010_to_2p500/01_dataset_prepare/raw_datasets/split_000/real_even_odd/dataset.npz,2701008,adam,2461,0.0,0.11474609375,0.0011166697982637,0.5717349367110331,0.7189898787358421,15.007394857712155,1.1069841169675927,5.969730648399631,9.520273980104925,8.898561404253837,,9
1,0,real_even_odd,9,02_dnn/08_mnist/runs/final/single_dataset_10x10_box_n_train_512_60ref_allrule_sparse_0p010_to_2p500/04_exact_reference_search/selected_reference_pool/split_000/real_even_odd/ref_009/theta.npy,02_dnn/08_mnist/runs/final/single_dataset_10x10_box_n_train_512_60ref_allrule_sparse_0p010_to_2p500/01_dataset_prepare/raw_datasets/split_000/real_even_odd/dataset.npz,2701009,adam,2461,0.0,0.1240234375,0.0008282797600495,0.4240792371453851,0.7414847395239498,15.577534577002083,1.7433850614333657,6.123043231762678,9.535188996267523,8.967924946168253,,10
1,0,real_even_odd,10,02_dnn/08_mnist/runs/final/single_dataset_10x10_box_n_train_512_60ref_allrule_sparse_0p010_to_2p500/04_exact_reference_search/selected_reference_pool/split_000/real_even_odd/ref_010/theta.npy,02_dnn/08_mnist/runs/final/single_dataset_10x10_box_n_train_512_60ref_allrule_sparse_0p010_to_2p500/01_dataset_prepare/raw_datasets/split_000/real_even_odd/dataset.npz,2701010,adam,2461,0.0,0.12109375,0.0006195671996407,0.3172184062160511,0.7385979527097473,13.186916532857529,3.445511479769528,5.831077382524152,9.441545076627817,8.837150151011304,,11
1,0,real_even_odd,11,02_dnn/08_mnist/runs/final/single_dataset_10x10_box_n_train_512_60ref_allrule_sparse_0p010_to_2p500/04_exact_reference_search/selected_reference_pool/split_000/real_even_odd/ref_011/theta.npy,02_dnn/08_mnist/runs/final/single_dataset_10x10_box_n_train_512_60ref_allrule_sparse_0p010_to_2p500/01_dataset_prepare/raw_datasets/split_000/real_even_odd/dataset.npz,2701011,adam,2461,0.0,0.1259765625,0.0006635507392569,0.3397379784995358,0.7857644193991824,13.007657129219307,3.874483905032915,5.64496720867614,9.804580096268316,9.161654346717755,,12
1,0,real_even_odd,12,02_dnn/08_mnist/runs/final/single_dataset_10x10_box_n_train_512_60ref_allrule_sparse_0p010_to_2p500/04_exact_reference_search/selected_reference_pool/split_000/real_even_odd/ref_012/theta.npy,02_dnn/08_mnist/runs/final/single_dataset_10x10_box_n_train_512_60ref_allrule_sparse_0p010_to_2p500/01_dataset_prepare/raw_datasets/split_000/real_even_odd/dataset.npz,2701012,adam,2461,0.0,0.12255859375,0.009363978995141,4.7943572455122325,0.6067246398299682,12.419249817027293,0.0805792664202712,3.2315824413560046,7.724241421013078,7.336794460706528,,13
1,0,real_even_odd,13,02_dnn/08_mnist/runs/final/single_dataset_10x10_box_n_train_512_60ref_allrule_sparse_0p010_to_2p500/04_exact_reference_search/selected_reference_pool/split_000/real_even_odd/ref_013/theta.npy,02_dnn/08_mnist/runs/final/single_dataset_10x10_box_n_train_512_60ref_allrule_sparse_0p010_to_2p500/01_dataset_prepare/raw_datasets/split_000/real_even_odd/dataset.npz,2701013,adam,2461,0.0,0.126953125,0.0008897218946419,0.455537610056664,0.8099559353275669,14.380856892406124,3.343641271741978,5.436919790338708,10.29600926002551,9.576088424797708,,14
1,0,real_even_odd,14,02_dnn/08_mnist/runs/final/single_dataset_10x10_box_n_train_512_60ref_allrule_sparse_0p010_to_2p500/04_exact_reference_search/selected_reference_pool/split_000/real_even_odd/ref_014/theta.npy,02_dnn/08_mnist/runs/final/single_dataset_10x10_box_n_train_512_60ref_allrule_sparse_0p010_to_2p500/01_dataset_prepare/raw_datasets/split_000/real_even_odd/dataset.npz,2701014,adam,2461,0.0,0.12255859375,0.0022376906397528,1.1456976075534555,0.6510750008057924,14.401073415607812,2.510056166079196,4.553823288325973,8.30215152598344,7.953959956157398,,15
1,0,real_even_odd,15,02_dnn/08_mnist/runs/final/single_dataset_10x10_box_n_train_512_60ref_allrule_sparse_0p010_to_2p500/04_exact_reference_search/selected_reference_pool/split_000/real_even_odd/ref_015/theta.npy,02_dnn/08_mnist/runs/final/single_dataset_10x10_box_n_train_512_60ref_allrule_sparse_0p010_to_2p500/01_dataset_prepare/raw_datasets/split_000/real_even_odd/dataset.npz,2701015,adam,2461,0.0,0.12255859375,0.0004399549530817,0.2252569359778814,0.7970054046112494,13.511209422910632,2.7807604940529425,6.386863663186027,9.71350195923825,9.14481159091261,,16
1,0,real_even_odd,16,02_dnn/08_mnist/runs/final/single_dataset_10x10_box_n_train_512_60ref_allrule_sparse_0p010_to_2p500/04_exact_reference_search/selected_reference_pool/split_000/real_even_odd/ref_016/theta.npy,02_dnn/08_mnist/runs/final/single_dataset_10x10_box_n_train_512_60ref_allrule_sparse_0p010_to_2p500/01_dataset_prepare/raw_datasets/split_000/real_even_odd/dataset.npz,2701016,adam,2461,0.0,0.12841796875,0.0015936042520905,0.815925377070336,0.7124299596253111,13.69968196344033,2.3886424441986343,4.948454652705488,8.792977362411069,8.194156069447514,,17
1,0,real_even_odd,17,02_dnn/08_mnist/runs/final/single_dataset_10x10_box_n_train_512_60ref_allrule_sparse_0p010_to_2p500/04_exact_reference_search/selected_reference_pool/split_000/real_even_odd/ref_017/theta.npy,02_dnn/08_mnist/runs/final/single_dataset_10x10_box_n_train_512_60ref_allrule_sparse_0p010_to_2p500/01_dataset_prepare/raw_datasets/split_000/real_even_odd/dataset.npz,2701017,adam,2461,0.0,0.12451171875,0.0015601594747607,0.7988016510775044,0.7118299322526257,13.582555066948586,2.079872346870795,5.070768523065502,9.589458240391334,8.829917197691183,,18
1,0,real_even_odd,18,02_dnn/08_mnist/runs/final/single_dataset_10x10_box_n_train_512_60ref_allrule_sparse_0p010_to_2p500/04_exact_reference_search/selected_reference_pool/split_000/real_even_odd/ref_018/theta.npy,02_dnn/08_mnist/runs/final/single_dataset_10x10_box_n_train_512_60ref_allrule_sparse_0p010_to_2p500/01_dataset_prepare/raw_datasets/split_000/real_even_odd/dataset.npz,2701018,adam,2461,0.0,0.11962890625,0.0006354156548526,0.3253328152845648,0.7201206232659128,14.20571641242272,3.950808821814537,5.784284469281733,9.879810547818328,9.27926258242838,,19
1,0,real_even_odd,19,02_dnn/08_mnist/runs/final/single_dataset_10x10_box_n_train_512_60ref_allrule_sparse_0p010_to_2p500/04_exact_reference_search/selected_reference_pool/split_000/real_even_odd/ref_019/theta.npy,02_dnn/08_mnist/runs/final/single_dataset_10x10_box_n_train_512_60ref_allrule_sparse_0p010_to_2p500/01_dataset_prepare/raw_datasets/split_000/real_even_odd/dataset.npz,2701019,adam,2461,0.0,0.11474609375,0.0010177481079954,0.5210870312936664,0.7052427912181345,15.06179411565386,1.8758465664869788,5.383621136154594,9.8343677767705,9.388638591763286,,20
1,0,real_even_odd,20,02_dnn/08_mnist/runs/final/single_dataset_10x10_box_n_train_512_60ref_allrule_sparse_0p010_to_2p500/04_exact_reference_search/selected_reference_pool/split_000/real_even_odd/ref_020/theta.npy,02_dnn/08_mnist/runs/final/single_dataset_10x10_box_n_train_512_60ref_allrule_sparse_0p010_to_2p500/01_dataset_prepare/raw_datasets/split_000/real_even_odd/dataset.npz,2701020,adam,2461,0.0,0.1220703125,0.0010539700211849,0.5396326508466768,0.7574440032087504,13.97079746053826,1.1626490088915211,6.181536426854056,9.59395675524586,9.030798395380758,,21
1,0,real_even_odd,21,02_dnn/08_mnist/runs/final/single_dataset_10x10_box_n_train_512_60ref_allrule_sparse_0p010_to_2p500/04_exact_reference_search/selected_reference_pool/split_000/real_even_odd/ref_021/theta.npy,02_dnn/08_mnist/runs/final/single_dataset_10x10_box_n_train_512_60ref_allrule_sparse_0p010_to_2p500/01_dataset_prepare/raw_datasets/split_000/real_even_odd/dataset.npz,2701021,adam,2461,0.0,0.12646484375,0.0007775804054574,0.3981211675941888,0.7160226898128567,13.616959053110332,3.389859412105367,5.578509846359656,9.19711755791966,8.627951144873999,,22
1,0,real_even_odd,22,02_dnn/08_mnist/runs/final/single_dataset_10x10_box_n_train_512_60ref_allrule_sparse_0p010_to_2p500/04_exact_reference_search/selected_reference_pool/split_000/real_even_odd/ref_022/theta.npy,02_dnn/08_mnist/runs/final/single_dataset_10x10_box_n_train_512_60ref_allrule_sparse_0p010_to_2p500/01_dataset_prepare/raw_datasets/split_000/real_even_odd/dataset.npz,2701022,adam,2461,0.0,0.126953125,0.0013420824601564,0.6871462196000879,0.7306300385502421,13.578322846450025,2.9914784046712675,5.105871788757738,9.50344012989446,8.804628903363044,,23
1,0,real_even_odd,23,02_dnn/08_mnist/runs/final/single_dataset_10x10_box_n_train_512_60ref_allrule_sparse_0p010_to_2p500/04_exact_reference_search/selected_reference_pool/split_000/real_even_odd/ref_023/theta.npy,02_dnn/08_mnist/runs/final/single_dataset_10x10_box_n_train_512_60ref_allrule_sparse_0p010_to_2p500/01_dataset_prepare/raw_datasets/split_000/real_even_odd/dataset.npz,2701023,adam,2461,0.0,0.123046875,0.0015720011564508,0.8048645921028397,0.6583135504517952,14.714240754559894,2.721005058651776,5.009270052895098,9.285558293153652,8.623341487716994,,24
1,0,real_even_odd,24,02_dnn/08_mnist/runs/final/single_dataset_10x10_box_n_train_512_60ref_allrule_sparse_0p010_to_2p500/04_exact_reference_search/selected_reference_pool/split_000/real_even_odd/ref_024/theta.npy,02_dnn/08_mnist/runs/final/single_dataset_10x10_box_n_train_512_60ref_allrule_sparse_0p010_to_2p500/01_dataset_prepare/raw_datasets/split_000/real_even_odd/dataset.npz,2701024,adam,2461,0.0,0.11865234375,0.0008752436122345,0.4481247294641141,0.6557869003700713,15.832474804334154,1.6556781161792902,6.282821633026613,8.805935790081753,8.468753643520568,,25
1,0,real_even_odd,25,02_dnn/08_mnist/runs/final/single_dataset_10x10_box_n_train_512_60ref_allrule_sparse_0p010_to_2p500/04_exact_reference_search/selected_reference_pool/split_000/real_even_odd/ref_025/theta.npy,02_dnn/08_mnist/runs/final/single_dataset_10x10_box_n_train_512_60ref_allrule_sparse_0p010_to_2p500/01_dataset_prepare/raw_datasets/split_000/real_even_odd/dataset.npz,2701025,adam,2461,0.0,0.11962890625,0.0029667487689525,1.5189753697036927,0.6169002991486368,13.45569115502365,0.8106546104329012,4.617901865059494,7.4772467502745155,7.198116043620054,,26
1,0,real_even_odd,26,02_dnn/08_mnist/runs/final/single_dataset_10x10_box_n_train_512_60ref_allrule_sparse_0p010_to_2p500/04_exact_reference_search/selected_reference_pool/split_000/real_even_odd/ref_026/theta.npy,02_dnn/08_mnist/runs/final/single_dataset_10x10_box_n_train_512_60ref_allrule_sparse_0p010_to_2p500/01_dataset_prepare/raw_datasets/split_000/real_even_odd/dataset.npz,2701026,adam,2461,0.0,0.1298828125,0.001107613439101,0.5670980808197281,0.741157492685302,13.194618987520585,2.81293422231782,5.248874499944919,9.695025238484122,8.973707336629358,,27
1,0,real_even_odd,27,02_dnn/08_mnist/runs/final/single_dataset_10x10_box_n_train_512_60ref_allrule_sparse_0p010_to_2p500/04_exact_reference_search/selected_reference_pool/split_000/real_even_odd/ref_027/theta.npy,02_dnn/08_mnist/runs/final/single_dataset_10x10_box_n_train_512_60ref_allrule_sparse_0p010_to_2p500/01_dataset_prepare/raw_datasets/split_000/real_even_odd/dataset.npz,2701027,adam,2461,0.0,0.12255859375,0.0023264423218651,1.191138468794951,0.6963422374704678,13.686360764324082,1.85133129007855,4.92631661452674,9.032837857814854,8.375162920604145,,28
1,0,real_even_odd,28,02_dnn/08_mnist/runs/final/single_dataset_10x10_box_n_train_512_60ref_allrule_sparse_0p010_to_2p500/04_exact_reference_search/selected_reference_pool/split_000/real_even_odd/ref_028/theta.npy,02_dnn/08_mnist/runs/final/single_dataset_10x10_box_n_train_512_60ref_allrule_sparse_0p010_to_2p500/01_dataset_prepare/raw_datasets/split_000/real_even_odd/dataset.npz,2701028,adam,2461,0.0,0.123046875,0.0018554429233582,0.9499867767594414,0.702867713805156,13.295769215222805,2.874488403162164,4.756459200819055,9.586436832194693,9.005527095173981,,29
1,0,real_even_odd,29,02_dnn/08_mnist/runs/final/single_dataset_10x10_box_n_train_512_60ref_allrule_sparse_0p010_to_2p500/04_exact_reference_search/selected_reference_pool/split_000/real_even_odd/ref_029/theta.npy,02_dnn/08_mnist/runs/final/single_dataset_10x10_box_n_train_512_60ref_allrule_sparse_0p010_to_2p500/01_dataset_prepare/raw_datasets/split_000/real_even_odd/dataset.npz,2701029,adam,2461,0.0,0.125,0.0031904053518384,1.6334875401412765,0.6402954951420239,14.988456376617558,0.6762989524020957,4.644612433127469,8.877998565107493,8.168513807913591,,30
1,0,real_even_odd,30,02_dnn/08_mnist/runs/final/single_dataset_10x10_box_n_train_512_60ref_allrule_sparse_0p010_to_2p500/04_exact_reference_search/selected_reference_pool/split_000/real_even_odd/ref_030/theta.npy,02_dnn/08_mnist/runs/final/single_dataset_10x10_box_n_train_512_60ref_allrule_sparse_0p010_to_2p500/01_dataset_prepare/raw_datasets/split_000/real_even_odd/dataset.npz,2701030,adam,2461,0.0,0.12548828125,0.0006544033323814,0.3350545061792935,0.734262246443366,13.257935690106738,3.1994853501743434,5.699600184697769,9.408686930770251,8.815003497375507,,31
1,0,real_even_odd,31,02_dnn/08_mnist/runs/final/single_dataset_10x10_box_n_train_512_60ref_allrule_sparse_0p010_to_2p500/04_exact_reference_search/selected_reference_pool/split_000/real_even_odd/ref_031/theta.npy,02_dnn/08_mnist/runs/final/single_dataset_10x10_box_n_train_512_60ref_allrule_sparse_0p010_to_2p500/01_dataset_prepare/raw_datasets/split_000/real_even_odd/dataset.npz,2701031,adam,2461,0.0,0.12109375,0.0018220795034362,0.9329047057593376,0.696492745941971,13.581505316686693,2.048162527963182,4.584229287259654,9.024895863975672,8.312614376184612,,32
1,0,real_even_odd,32,02_dnn/08_mnist/runs/final/single_dataset_10x10_box_n_train_512_60ref_allrule_sparse_0p010_to_2p500/04_exact_reference_search/selected_reference_pool/split_000/real_even_odd/ref_032/theta.npy,02_dnn/08_mnist/runs/final/single_dataset_10x10_box_n_train_512_60ref_allrule_sparse_0p010_to_2p500/01_dataset_prepare/raw_datasets/split_000/real_even_odd/dataset.npz,2701032,adam,2461,0.0,0.1298828125,0.0007204142125555,0.3688520768284339,0.7597282848118954,12.983440962345751,3.639473503613672,5.563365678579701,9.8244682327249,9.156542001559888,,33
1,0,real_even_odd,33,02_dnn/08_mnist/runs/final/single_dataset_10x10_box_n_train_512_60ref_allrule_sparse_0p010_to_2p500/04_exact_reference_search/selected_reference_pool/split_000/real_even_odd/ref_033/theta.npy,02_dnn/08_mnist/runs/final/single_dataset_10x10_box_n_train_512_60ref_allrule_sparse_0p010_to_2p500/01_dataset_prepare/raw_datasets/split_000/real_even_odd/dataset.npz,2701033,adam,2461,0.0,0.11767578125,0.0012934978040568,0.6622708756770979,0.6647090098699826,14.378827951003665,2.345877658608466,5.256399692710283,8.942620332842843,8.576038767364446,,34
1,0,real_even_odd,34,02_dnn/08_mnist/runs/final/single_dataset_10x10_box_n_train_512_60ref_allrule_sparse_0p010_to_2p500/04_exact_reference_search/selected_reference_pool/split_000/real_even_odd/ref_034/theta.npy,02_dnn/08_mnist/runs/final/single_dataset_10x10_box_n_train_512_60ref_allrule_sparse_0p010_to_2p500/01_dataset_prepare/raw_datasets/split_000/real_even_odd/dataset.npz,2701034,adam,2461,0.0,0.12109375,0.0011657433614018,0.5968606010377451,0.702157152968595,15.813672261494808,1.6377991045187992,5.613441691626327,9.077177169171886,8.709832074369885,,35
1,0,real_even_odd,35,02_dnn/08_mnist/runs/final/single_dataset_10x10_box_n_train_512_60ref_allrule_sparse_0p010_to_2p500/04_exact_reference_search/selected_reference_pool/split_000/real_even_odd/ref_035/theta.npy,02_dnn/08_mnist/runs/final/single_dataset_10x10_box_n_train_512_60ref_allrule_sparse_0p010_to_2p500/01_dataset_prepare/raw_datasets/split_000/real_even_odd/dataset.npz,2701035,adam,2461,0.0,0.126953125,0.0012144824469538,0.6218150128403765,0.7428576729422105,13.055629484402388,1.1552232875195256,5.707146773687719,9.276660840413108,8.746232276301697,,36
1,0,real_even_odd,36,02_dnn/08_mnist/runs/final/single_dataset_10x10_box_n_train_512_60ref_allrule_sparse_0p010_to_2p500/04_exact_reference_search/selected_reference_pool/split_000/real_even_odd/ref_036/theta.npy,02_dnn/08_mnist/runs/final/single_dataset_10x10_box_n_train_512_60ref_allrule_sparse_0p010_to_2p500/01_dataset_prepare/raw_datasets/split_000/real_even_odd/dataset.npz,2701036,adam,2461,0.0,0.1201171875,0.0005385025549932,0.2757133081565556,0.7683400441918273,14.602116814545894,1.9971014209714573,6.719954660331671,9.88120594338008,9.23410548071097,,37
1,0,real_even_odd,37,02_dnn/08_mnist/runs/final/single_dataset_10x10_box_n_train_512_60ref_allrule_sparse_0p010_to_2p500/04_exact_reference_search/selected_reference_pool/split_000/real_even_odd/ref_037/theta.npy,02_dnn/08_mnist/runs/final/single_dataset_10x10_box_n_train_512_60ref_allrule_sparse_0p010_to_2p500/01_dataset_prepare/raw_datasets/split_000/real_even_odd/dataset.npz,2701037,adam,2461,0.0,0.1201171875,0.0013623924864287,0.697544953051503,0.61671954716486,13.72565949312384,2.468646778341752,5.126324243050068,8.338327663537953,7.888887820439452,,38
1,0,real_even_odd,38,02_dnn/08_mnist/runs/final/single_dataset_10x10_box_n_train_512_60ref_allrule_sparse_0p010_to_2p500/04_exact_reference_search/selected_reference_pool/split_000/real_even_odd/ref_038/theta.npy,02_dnn/08_mnist/runs/final/single_dataset_10x10_box_n_train_512_60ref_allrule_sparse_0p010_to_2p500/01_dataset_prepare/raw_datasets/split_000/real_even_odd/dataset.npz,2701038,adam,2461,0.0,0.1259765625,0.0010788566653273,0.5523746126476246,0.7690678916241563,14.665240952198646,3.4695161790595925,5.37819386131258,9.72647198521525,9.023494571103104,,39
1,0,real_even_odd,39,02_dnn/08_mnist/runs/final/single_dataset_10x10_box_n_train_512_60ref_allrule_sparse_0p010_to_2p500/04_exact_reference_search/selected_reference_pool/split_000/real_even_odd/ref_039/theta.npy,02_dnn/08_mnist/runs/final/single_dataset_10x10_box_n_train_512_60ref_allrule_sparse_0p010_to_2p500/01_dataset_prepare/raw_datasets/split_000/real_even_odd/dataset.npz,2701039,adam,2461,0.0,0.13232421875,0.002102955808954,1.076713374184492,0.7265670697158011,14.765596679968525,1.9464093258938373,4.610121946402628,9.188824918035063,8.50336634624584,,40
1,0,real_even_odd,40,02_dnn/08_mnist/runs/final/single_dataset_10x10_box_n_train_512_60ref_allrule_sparse_0p010_to_2p500/04_exact_reference_search/selected_reference_pool/split_000/real_even_odd/ref_040/theta.npy,02_dnn/08_mnist/runs/final/single_dataset_10x10_box_n_train_512_60ref_allrule_sparse_0p010_to_2p500/01_dataset_prepare/raw_datasets/split_000/real_even_odd/dataset.npz,2701040,adam,2461,0.0,0.12890625,0.001323260869528,0.6775095651983629,0.7109363198167854,13.77324698342927,1.1374081922832182,5.8248580610405485,9.055038612859782,8.543775524826373,,41
1,0,real_even_odd,41,02_dnn/08_mnist/runs/final/single_dataset_10x10_box_n_train_512_60ref_allrule_sparse_0p010_to_2p500/04_exact_reference_search/selected_reference_pool/split_000/real_even_odd/ref_041/theta.npy,02_dnn/08_mnist/runs/final/single_dataset_10x10_box_n_train_512_60ref_allrule_sparse_0p010_to_2p500/01_dataset_prepare/raw_datasets/split_000/real_even_odd/dataset.npz,2701041,adam,2461,0.0,0.1279296875,0.0025507649464336,1.305991652574049,0.6919204588905863,13.62109647125616,1.2408166264571607,4.734172095005983,8.766514047519877,8.09158193031781,,42
1,0,real_even_odd,42,02_dnn/08_mnist/runs/final/single_dataset_10x10_box_n_train_512_60ref_allrule_sparse_0p010_to_2p500/04_exact_reference_search/selected_reference_pool/split_000/real_even_odd/ref_042/theta.npy,02_dnn/08_mnist/runs/final/single_dataset_10x10_box_n_train_512_60ref_allrule_sparse_0p010_to_2p500/01_dataset_prepare/raw_datasets/split_000/real_even_odd/dataset.npz,2701042,adam,2461,0.0,0.12158203125,0.0007182703287239,0.3677544083066799,0.7248613154251023,13.96166467904936,3.7423408431830527,5.834755451950054,9.467812517330962,9.112745887063667,,43
1,0,real_even_odd,43,02_dnn/08_mnist/runs/final/single_dataset_10x10_box_n_train_512_60ref_allrule_sparse_0p010_to_2p500/04_exact_reference_search/selected_reference_pool/split_000/real_even_odd/ref_043/theta.npy,02_dnn/08_mnist/runs/final/single_dataset_10x10_box_n_train_512_60ref_allrule_sparse_0p010_to_2p500/01_dataset_prepare/raw_datasets/split_000/real_even_odd/dataset.npz,2701043,adam,2461,0.0,0.12646484375,0.0022195700577279,1.1364198695567072,0.725806777239965,15.116778937711096,0.913238612711492,5.272141785294494,9.952550907768764,9.033779308559954,,44
1,0,real_even_odd,44,02_dnn/08_mnist/runs/final/single_dataset_10x10_box_n_train_512_60ref_allrule_sparse_0p010_to_2p500/04_exact_reference_search/selected_reference_pool/split_000/real_even_odd/ref_044/theta.npy,02_dnn/08_mnist/runs/final/single_dataset_10x10_box_n_train_512_60ref_allrule_sparse_0p010_to_2p500/01_dataset_prepare/raw_datasets/split_000/real_even_odd/dataset.npz,2701044,adam,2461,0.0,0.1201171875,0.0011893239870149,0.6089338813516656,0.7070335795806619,15.237526666969574,2.905175485632359,5.286149143569713,10.026283636649495,9.289039158024812,,45
1,0,real_even_odd,45,02_dnn/08_mnist/runs/final/single_dataset_10x10_box_n_train_512_60ref_allrule_sparse_0p010_to_2p500/04_exact_reference_search/selected_reference_pool/split_000/real_even_odd/ref_045/theta.npy,02_dnn/08_mnist/runs/final/single_dataset_10x10_box_n_train_512_60ref_allrule_sparse_0p010_to_2p500/01_dataset_prepare/raw_datasets/split_000/real_even_odd/dataset.npz,2701045,adam,2461,0.0,0.13037109375,0.0030272297475381,1.549941630739513,0.7382005755125502,13.139228250556084,0.6810549833225816,5.317129641250029,9.076584995307751,8.39208378174673,,46
1,0,real_even_odd,46,02_dnn/08_mnist/runs/final/single_dataset_10x10_box_n_train_512_60ref_allrule_sparse_0p010_to_2p500/04_exact_reference_search/selected_reference_pool/split_000/real_even_odd/ref_046/theta.npy,02_dnn/08_mnist/runs/final/single_dataset_10x10_box_n_train_512_60ref_allrule_sparse_0p010_to_2p500/01_dataset_prepare/raw_datasets/split_000/real_even_odd/dataset.npz,2701046,adam,2461,0.0,0.12646484375,0.0017669084242598,0.9046571132210512,0.6659890954365104,14.264035628178146,2.6356724385223,4.810172899042978,8.855504607386898,8.1572691149546,,47
1,0,real_even_odd,47,02_dnn/08_mnist/runs/final/single_dataset_10x10_box_n_train_512_60ref_allrule_sparse_0p010_to_2p500/04_exact_reference_search/selected_reference_pool/split_000/real_even_odd/ref_047/theta.npy,02_dnn/08_mnist/runs/final/single_dataset_10x10_box_n_train_512_60ref_allrule_sparse_0p010_to_2p500/01_dataset_prepare/raw_datasets/split_000/real_even_odd/dataset.npz,2701047,adam,2461,0.0,0.11572265625,0.0021853165546516,1.1188820759816287,0.6135178864551643,13.62500549626374,2.383232789218974,4.602530519182035,8.392648491656038,7.766114610602522,,48
1,0,real_even_odd,48,02_dnn/08_mnist/runs/final/single_dataset_10x10_box_n_train_512_60ref_allrule_sparse_0p010_to_2p500/04_exact_reference_search/selected_reference_pool/split_000/real_even_odd/ref_048/theta.npy,02_dnn/08_mnist/runs/final/single_dataset_10x10_box_n_train_512_60ref_allrule_sparse_0p010_to_2p500/01_dataset_prepare/raw_datasets/split_000/real_even_odd/dataset.npz,2701048,adam,2461,0.0,0.125,0.0015507746601523,0.7939966259980188,0.7142523947200642,14.165779157652793,2.209396553690153,4.912747971166365,9.376105630944137,8.848694321086423,,49
1,0,real_even_odd,49,02_dnn/08_mnist/runs/final/single_dataset_10x10_box_n_train_512_60ref_allrule_sparse_0p010_to_2p500/04_exact_reference_search/selected_reference_pool/split_000/real_even_odd/ref_049/theta.npy,02_dnn/08_mnist/runs/final/single_dataset_10x10_box_n_train_512_60ref_allrule_sparse_0p010_to_2p500/01_dataset_prepare/raw_datasets/split_000/real_even_odd/dataset.npz,2701049,adam,2461,0.0,0.1259765625,0.0023667281683885,1.211764822214923,0.7322815224113306,14.887170701896045,0.6756730861029041,5.0463316023728,9.696364426492096,8.982466588747895,,50
1,0,real_even_odd,50,02_dnn/08_mnist/runs/final/single_dataset_10x10_box_n_train_512_60ref_allrule_sparse_0p010_to_2p500/04_exact_reference_search/selected_reference_pool/split_000/real_even_odd/ref_050/theta.npy,02_dnn/08_mnist/runs/final/single_dataset_10x10_box_n_train_512_60ref_allrule_sparse_0p010_to_2p500/01_dataset_prepare/raw_datasets/split_000/real_even_odd/dataset.npz,2701050,adam,2461,0.0,0.12109375,0.0008531994651229,0.4368381261429553,0.6967410656848864,13.3997392122152,2.476102969874833,5.796368297735213,8.942368088198496,8.44580362972176,,51
1,0,real_even_odd,51,02_dnn/08_mnist/runs/final/single_dataset_10x10_box_n_train_512_60ref_allrule_sparse_0p010_to_2p500/04_exact_reference_search/selected_reference_pool/split_000/real_even_odd/ref_051/theta.npy,02_dnn/08_mnist/runs/final/single_dataset_10x10_box_n_train_512_60ref_allrule_sparse_0p010_to_2p500/01_dataset_prepare/raw_datasets/split_000/real_even_odd/dataset.npz,2701051,adam,2461,0.0,0.1259765625,0.0004604749661089,0.2357631826477681,0.8304834791606224,13.240967866476106,4.077943027748017,6.1643535044949695,10.352575320465062,9.644245031891,,52
1,0,real_even_odd,52,02_dnn/08_mnist/runs/final/single_dataset_10x10_box_n_train_512_60ref_allrule_sparse_0p010_to_2p500/04_exact_reference_search/selected_reference_pool/split_000/real_even_odd/ref_052/theta.npy,02_dnn/08_mnist/runs/final/single_dataset_10x10_box_n_train_512_60ref_allrule_sparse_0p010_to_2p500/01_dataset_prepare/raw_datasets/split_000/real_even_odd/dataset.npz,2701052,adam,2461,0.0,0.11767578125,0.0005552619731073,0.284294130230986,0.7475631397793121,13.931352313899891,3.230013102208096,6.044559344151269,9.667665125105149,9.149208227381564,,53
1,0,real_even_odd,53,02_dnn/08_mnist/runs/final/single_dataset_10x10_box_n_train_512_60ref_allrule_sparse_0p010_to_2p500/04_exact_reference_search/selected_reference_pool/split_000/real_even_odd/ref_053/theta.npy,02_dnn/08_mnist/runs/final/single_dataset_10x10_box_n_train_512_60ref_allrule_sparse_0p010_to_2p500/01_dataset_prepare/raw_datasets/split_000/real_even_odd/dataset.npz,2701053,adam,2461,0.0,0.12451171875,0.0021408496224509,1.0961150066948775,0.697102909920539,14.001294178727996,1.8411758168657184,4.8583416440001255,8.989749649878808,8.366777804007821,,54
1,0,real_even_odd,54,02_dnn/08_mnist/runs/final/single_dataset_10x10_box_n_train_512_60ref_allrule_sparse_0p010_to_2p500/04_exact_reference_search/selected_reference_pool/split_000/real_even_odd/ref_054/theta.npy,02_dnn/08_mnist/runs/final/single_dataset_10x10_box_n_train_512_60ref_allrule_sparse_0p010_to_2p500/01_dataset_prepare/raw_datasets/split_000/real_even_odd/dataset.npz,2701054,adam,2461,0.0,0.1240234375,0.0015137497217913,0.7750398575571469,0.7243649700442056,15.160780017593828,2.490413821746833,4.988143773801275,9.979870480049875,9.231669922214262,,55
1,0,real_even_odd,55,02_dnn/08_mnist/runs/final/single_dataset_10x10_box_n_train_512_60ref_allrule_sparse_0p010_to_2p500/04_exact_reference_search/selected_reference_pool/split_000/real_even_odd/ref_055/theta.npy,02_dnn/08_mnist/runs/final/single_dataset_10x10_box_n_train_512_60ref_allrule_sparse_0p010_to_2p500/01_dataset_prepare/raw_datasets/split_000/real_even_odd/dataset.npz,2701055,adam,2461,0.0,0.12255859375,0.0018997761323103,0.9726853797429176,0.6500066323993635,14.769163354438746,0.2495835704385089,6.096675639300038,8.090506563231806,7.805936850714826,,56
1,0,real_even_odd,56,02_dnn/08_mnist/runs/final/single_dataset_10x10_box_n_train_512_60ref_allrule_sparse_0p010_to_2p500/04_exact_reference_search/selected_reference_pool/split_000/real_even_odd/ref_056/theta.npy,02_dnn/08_mnist/runs/final/single_dataset_10x10_box_n_train_512_60ref_allrule_sparse_0p010_to_2p500/01_dataset_prepare/raw_datasets/split_000/real_even_odd/dataset.npz,2701056,adam,2461,0.0,0.123046875,0.0050912617019402,2.606725991393393,0.6509046836559971,13.464312560534204,0.8134797951902731,3.9297998458646832,8.13969972079264,7.476668111819731,,57
1,0,real_even_odd,57,02_dnn/08_mnist/runs/final/single_dataset_10x10_box_n_train_512_60ref_allrule_sparse_0p010_to_2p500/04_exact_reference_search/selected_reference_pool/split_000/real_even_odd/ref_057/theta.npy,02_dnn/08_mnist/runs/final/single_dataset_10x10_box_n_train_512_60ref_allrule_sparse_0p010_to_2p500/01_dataset_prepare/raw_datasets/split_000/real_even_odd/dataset.npz,2701057,adam,2461,0.0,0.12255859375,0.0006926205876713,0.3546217408877233,0.7135977376842938,14.84331601764068,3.019804879768208,5.913058257820313,8.530234665875355,8.352224802179336,,58
1,0,real_even_odd,58,02_dnn/08_mnist/runs/final/single_dataset_10x10_box_n_train_512_60ref_allrule_sparse_0p010_to_2p500/04_exact_reference_search/selected_reference_pool/split_000/real_even_odd/ref_058/theta.npy,02_dnn/08_mnist/runs/final/single_dataset_10x10_box_n_train_512_60ref_allrule_sparse_0p010_to_2p500/01_dataset_prepare/raw_datasets/split_000/real_even_odd/dataset.npz,2701058,adam,2461,0.0,0.12158203125,0.0007622399158704,0.390266836925653,0.6931946533437825,14.67980770402276,1.8810176233706075,5.8207702913009465,9.78820715850982,9.26951289703196,,59
1,0,real_even_odd,59,02_dnn/08_mnist/runs/final/single_dataset_10x10_box_n_train_512_60ref_allrule_sparse_0p010_to_2p500/04_exact_reference_search/selected_reference_pool/split_000/real_even_odd/ref_059/theta.npy,02_dnn/08_mnist/runs/final/single_dataset_10x10_box_n_train_512_60ref_allrule_sparse_0p010_to_2p500/01_dataset_prepare/raw_datasets/split_000/real_even_odd/dataset.npz,2701059,adam,2461,0.0,0.12890625,0.0026311820824888,1.3471652262342817,0.6908317678902904,14.68302079388235,0.7798767373915718,4.846365524936476,8.346138752629919,8.09730097015256,,60
1,0,real_even_odd,1000,/home/bjyong/Complexity/local_project/03_dnn_mnist/03_reference_search/raw_outputs/extra_reference_pool/04_extra_reference_search/selected_reference_pool/split_000/real_even_odd/ref_1000/theta.npy,02_dnn/08_mnist/runs/final/single_dataset_10x10_box_n_train_512_60ref_allrule_sparse_0p010_to_2p500/01_dataset_prepare/raw_datasets/split_000/real_even_odd/dataset.npz,3703600,adam,2461,0.0,0.12451171875,0.0012438229345315,0.6368373424801606,0.7390215448312069,12.933733776771705,2.654868346917283,5.185508018930436,9.18477101129642,8.545768733909172,True,61
1,0,real_even_odd,1001,/home/bjyong/Complexity/local_project/03_dnn_mnist/03_reference_search/raw_outputs/extra_reference_pool/04_extra_reference_search/selected_reference_pool/split_000/real_even_odd/ref_1001/theta.npy,02_dnn/08_mnist/runs/final/single_dataset_10x10_box_n_train_512_60ref_allrule_sparse_0p010_to_2p500/01_dataset_prepare/raw_datasets/split_000/real_even_odd/dataset.npz,3703601,adam,2461,0.0,0.12109375,0.0004905290735261,0.2511508856453815,0.7474111795499492,13.53470602103974,3.8969875705208015,6.086472785252602,9.865888896653791,9.175608323291108,True,62
1,0,real_even_odd,1002,/home/bjyong/Complexity/local_project/03_dnn_mnist/03_reference_search/raw_outputs/extra_reference_pool/04_extra_reference_search/selected_reference_pool/split_000/real_even_odd/ref_1002/theta.npy,02_dnn/08_mnist/runs/final/single_dataset_10x10_box_n_train_512_60ref_allrule_sparse_0p010_to_2p500/01_dataset_prepare/raw_datasets/split_000/real_even_odd/dataset.npz,3703602,adam,2461,0.0,0.1220703125,0.0021276612150236,1.0893625420921147,0.6611217542249976,13.521753193078258,1.8716161753315583,4.774997187573519,8.800290520213572,8.228717431286617,True,63
1,0,real_even_odd,1003,/home/bjyong/Complexity/local_project/03_dnn_mnist/03_reference_search/raw_outputs/extra_reference_pool/04_extra_reference_search/selected_reference_pool/split_000/real_even_odd/ref_1003/theta.npy,02_dnn/08_mnist/runs/final/single_dataset_10x10_box_n_train_512_60ref_allrule_sparse_0p010_to_2p500/01_dataset_prepare/raw_datasets/split_000/real_even_odd/dataset.npz,3703603,adam,2461,0.0,0.1328125,0.0015644265931663,0.8009864157011517,0.7505822731064977,14.588394145085116,1.3034270488040645,5.202968828846061,9.594897374537718,8.928513268953036,True,64
1,0,real_even_odd,1004,/home/bjyong/Complexity/local_project/03_dnn_mnist/03_reference_search/raw_outputs/extra_reference_pool/04_extra_reference_search/selected_reference_pool/split_000/real_even_odd/ref_1004/theta.npy,02_dnn/08_mnist/runs/final/single_dataset_10x10_box_n_train_512_60ref_allrule_sparse_0p010_to_2p500/01_dataset_prepare/raw_datasets/split_000/real_even_odd/dataset.npz,3703604,adam,2461,0.0,0.11767578125,0.0014569531620545,0.7459600189719495,0.6175765842469281,15.113932468410322,2.314915280357836,5.251120642024589,8.386364654051317,7.883300445986426,True,65
1,0,real_even_odd,1005,/home/bjyong/Complexity/local_project/03_dnn_mnist/03_reference_search/raw_outputs/extra_reference_pool/04_extra_reference_search/selected_reference_pool/split_000/real_even_odd/ref_1005/theta.npy,02_dnn/08_mnist/runs/final/single_dataset_10x10_box_n_train_512_60ref_allrule_sparse_0p010_to_2p500/01_dataset_prepare/raw_datasets/split_000/real_even_odd/dataset.npz,3703605,adam,2461,0.0,0.12841796875,0.0013644644336044,0.6986057900054528,0.6851515099286893,12.950757365757806,2.260062798299569,4.961243627767963,8.518338330358645,8.09356661528145,True,66
1,0,real_even_odd,1006,/home/bjyong/Complexity/local_project/03_dnn_mnist/03_reference_search/raw_outputs/extra_reference_pool/04_extra_reference_search/selected_reference_pool/split_000/real_even_odd/ref_1006/theta.npy,02_dnn/08_mnist/runs/final/single_dataset_10x10_box_n_train_512_60ref_allrule_sparse_0p010_to_2p500/01_dataset_prepare/raw_datasets/split_000/real_even_odd/dataset.npz,3703606,adam,2461,0.0,0.125,0.0010580866999371,0.5417403903678389,0.7691058827721939,13.625541516247589,2.344058749976592,5.488576998189659,10.105081406782356,9.469020929429991,True,67
1,0,real_even_odd,1007,/home/bjyong/Complexity/local_project/03_dnn_mnist/03_reference_search/raw_outputs/extra_reference_pool/04_extra_reference_search/selected_reference_pool/split_000/real_even_odd/ref_1007/theta.npy,02_dnn/08_mnist/runs/final/single_dataset_10x10_box_n_train_512_60ref_allrule_sparse_0p010_to_2p500/01_dataset_prepare/raw_datasets/split_000/real_even_odd/dataset.npz,3703607,adam,2461,0.0,0.12353515625,0.0009477370130592,0.4852413506863405,0.7028932060148658,13.671997315487271,3.184956425641152,5.4512250103434114,9.401849809887722,8.802531461861667,True,68
1,0,real_even_odd,1008,/home/bjyong/Complexity/local_project/03_dnn_mnist/03_reference_search/raw_outputs/extra_reference_pool/04_extra_reference_search/selected_reference_pool/split_000/real_even_odd/ref_1008/theta.npy,02_dnn/08_mnist/runs/final/single_dataset_10x10_box_n_train_512_60ref_allrule_sparse_0p010_to_2p500/01_dataset_prepare/raw_datasets/split_000/real_even_odd/dataset.npz,3703608,adam,2461,0.0,0.11328125,0.0004451348320552,0.2279090340122806,0.7218817477819841,14.455532193084538,3.2828597716467,6.351666039519873,10.637943814751615,10.002232392381613,True,69
1,0,real_even_odd,1009,/home/bjyong/Complexity/local_project/03_dnn_mnist/03_reference_search/raw_outputs/extra_reference_pool/04_extra_reference_search/selected_reference_pool/split_000/real_even_odd/ref_1009/theta.npy,02_dnn/08_mnist/runs/final/single_dataset_10x10_box_n_train_512_60ref_allrule_sparse_0p010_to_2p500/01_dataset_prepare/raw_datasets/split_000/real_even_odd/dataset.npz,3703609,adam,2461,0.0,0.12255859375,0.003169627976771,1.6228495241067735,0.6581884620564561,14.21517897067742,1.2934777482355426,4.442031917274382,8.917023386132422,8.196686791411938,True,70
1,0,real_even_odd,1010,/home/bjyong/Complexity/local_project/03_dnn_mnist/03_reference_search/raw_outputs/extra_reference_pool/04_extra_reference_search/selected_reference_pool/split_000/real_even_odd/ref_1010/theta.npy,02_dnn/08_mnist/runs/final/single_dataset_10x10_box_n_train_512_60ref_allrule_sparse_0p010_to_2p500/01_dataset_prepare/raw_datasets/split_000/real_even_odd/dataset.npz,3703610,adam,2461,0.0,0.11767578125,0.0003782686208549,0.1936735338777271,0.7253180748638937,13.769546122656587,3.0798234302325533,6.698462181196764,9.676108775759385,9.263699959699306,True,71
1,0,real_even_odd,1011,/home/bjyong/Complexity/local_project/03_dnn_mnist/03_reference_search/raw_outputs/extra_reference_pool/04_extra_reference_search/selected_reference_pool/split_000/real_even_odd/ref_1011/theta.npy,02_dnn/08_mnist/runs/final/single_dataset_10x10_box_n_train_512_60ref_allrule_sparse_0p010_to_2p500/01_dataset_prepare/raw_datasets/split_000/real_even_odd/dataset.npz,3703611,adam,2461,0.0,0.126953125,0.0018711849917038,0.9580467157523926,0.6797129988463935,13.405333537540368,1.8397435202420604,4.900543461409351,8.534837269343578,7.88823413276806,True,72
1,0,real_even_odd,1012,/home/bjyong/Complexity/local_project/03_dnn_mnist/03_reference_search/raw_outputs/extra_reference_pool/04_extra_reference_search/selected_reference_pool/split_000/real_even_odd/ref_1012/theta.npy,02_dnn/08_mnist/runs/final/single_dataset_10x10_box_n_train_512_60ref_allrule_sparse_0p010_to_2p500/01_dataset_prepare/raw_datasets/split_000/real_even_odd/dataset.npz,3703612,adam,2461,0.0,0.11962890625,0.0014730298845293,0.7541913008790307,0.6761047698201348,14.2708614073215,1.050438310941784,5.709251778437398,9.340248104831153,8.654649227980777,True,73
1,0,real_even_odd,1013,/home/bjyong/Complexity/local_project/03_dnn_mnist/03_reference_search/raw_outputs/extra_reference_pool/04_extra_reference_search/selected_reference_pool/split_000/real_even_odd/ref_1013/theta.npy,02_dnn/08_mnist/runs/final/single_dataset_10x10_box_n_train_512_60ref_allrule_sparse_0p010_to_2p500/01_dataset_prepare/raw_datasets/split_000/real_even_odd/dataset.npz,3703613,adam,2461,0.0,0.1162109375,0.0017275851705463,0.8845236073197207,0.6439850607998849,14.44067254728001,1.6795183936596303,4.966390541087463,9.061574673150927,8.322281078910965,True,74
1,0,real_even_odd,1014,/home/bjyong/Complexity/local_project/03_dnn_mnist/03_reference_search/raw_outputs/extra_reference_pool/04_extra_reference_search/selected_reference_pool/split_000/real_even_odd/ref_1014/theta.npy,02_dnn/08_mnist/runs/final/single_dataset_10x10_box_n_train_512_60ref_allrule_sparse_0p010_to_2p500/01_dataset_prepare/raw_datasets/split_000/real_even_odd/dataset.npz,3703614,adam,2461,0.0,0.13134765625,0.0014666552295354,0.7509274775221352,0.7001372788036613,14.899920464011002,2.569825128856493,5.090044276877978,8.375320086866793,7.827825487836616,True,75
1,0,real_even_odd,1015,/home/bjyong/Complexity/local_project/03_dnn_mnist/03_reference_search/raw_outputs/extra_reference_pool/04_extra_reference_search/selected_reference_pool/split_000/real_even_odd/ref_1015/theta.npy,02_dnn/08_mnist/runs/final/single_dataset_10x10_box_n_train_512_60ref_allrule_sparse_0p010_to_2p500/01_dataset_prepare/raw_datasets/split_000/real_even_odd/dataset.npz,3703615,adam,2461,0.0,0.12255859375,0.0012417343931701,0.6357680093031283,0.6354793644286335,14.238892517120387,0.9902010178824944,5.956700959936472,8.486940596442253,8.2245689345506,True,76
1,0,real_even_odd,1016,/home/bjyong/Complexity/local_project/03_dnn_mnist/03_reference_search/raw_outputs/extra_reference_pool/04_extra_reference_search/selected_reference_pool/split_000/real_even_odd/ref_1016/theta.npy,02_dnn/08_mnist/runs/final/single_dataset_10x10_box_n_train_512_60ref_allrule_sparse_0p010_to_2p500/01_dataset_prepare/raw_datasets/split_000/real_even_odd/dataset.npz,3703616,adam,2461,0.0,0.1162109375,0.0007544877799589,0.3862977433389991,0.6440134969034762,13.38515327321068,2.6881383196901885,5.7059587550711806,9.208950217771456,8.620467743051263,True,77
1,0,real_even_odd,1017,/home/bjyong/Complexity/local_project/03_dnn_mnist/03_reference_search/raw_outputs/extra_reference_pool/04_extra_reference_search/selected_reference_pool/split_000/real_even_odd/ref_1017/theta.npy,02_dnn/08_mnist/runs/final/single_dataset_10x10_box_n_train_512_60ref_allrule_sparse_0p010_to_2p500/01_dataset_prepare/raw_datasets/split_000/real_even_odd/dataset.npz,3703617,adam,2461,0.0,0.11962890625,0.0007511549452154,0.3845913319503018,0.7735209854323701,14.190970746049278,3.057180446601931,5.665550403723768,10.3148412135388,9.542677493321031,True,78
1,0,real_even_odd,1018,/home/bjyong/Complexity/local_project/03_dnn_mnist/03_reference_search/raw_outputs/extra_reference_pool/04_extra_reference_search/selected_reference_pool/split_000/real_even_odd/ref_1018/theta.npy,02_dnn/08_mnist/runs/final/single_dataset_10x10_box_n_train_512_60ref_allrule_sparse_0p010_to_2p500/01_dataset_prepare/raw_datasets/split_000/real_even_odd/dataset.npz,3703618,adam,2461,0.0,0.13232421875,0.0011631103779766,0.595512513524046,0.7032825120697936,14.456881390290382,2.4880413411581164,5.157186453415354,8.621712243981175,8.022614324741212,True,79
1,0,real_even_odd,1019,/home/bjyong/Complexity/local_project/03_dnn_mnist/03_reference_search/raw_outputs/extra_reference_pool/04_extra_reference_search/selected_reference_pool/split_000/real_even_odd/ref_1019/theta.npy,02_dnn/08_mnist/runs/final/single_dataset_10x10_box_n_train_512_60ref_allrule_sparse_0p010_to_2p500/01_dataset_prepare/raw_datasets/split_000/real_even_odd/dataset.npz,3703619,adam,2461,0.0,0.12548828125,0.000671767011341,0.3439447098066168,0.7309112791672582,15.603460403447928,3.216364141354253,5.996784608933042,9.567953639356745,9.137065037431965,True,80
1,0,real_even_odd,1020,/home/bjyong/Complexity/local_project/03_dnn_mnist/03_reference_search/raw_outputs/extra_reference_pool/04_extra_reference_search/selected_reference_pool/split_000/real_even_odd/ref_1020/theta.npy,02_dnn/08_mnist/runs/final/single_dataset_10x10_box_n_train_512_60ref_allrule_sparse_0p010_to_2p500/01_dataset_prepare/raw_datasets/split_000/real_even_odd/dataset.npz,3703620,adam,2461,0.0,0.12841796875,0.0009273613857294,0.4748090294934793,0.7739731939728012,12.664487662311604,2.861157294058586,5.7000979218523895,9.708318328780791,8.981008670780653,True,81
1,0,real_even_odd,1021,/home/bjyong/Complexity/local_project/03_dnn_mnist/03_reference_search/raw_outputs/extra_reference_pool/04_extra_reference_search/selected_reference_pool/split_000/real_even_odd/ref_1021/theta.npy,02_dnn/08_mnist/runs/final/single_dataset_10x10_box_n_train_512_60ref_allrule_sparse_0p010_to_2p500/01_dataset_prepare/raw_datasets/split_000/real_even_odd/dataset.npz,3703621,adam,2461,0.0,0.11767578125,0.0013244714785512,0.6781293970182567,0.7247328942402897,14.730601175527378,0.5551625031790854,6.2249862170133685,9.749165232866542,9.146990606623485,True,82
1,0,real_even_odd,1022,/home/bjyong/Complexity/local_project/03_dnn_mnist/03_reference_search/raw_outputs/extra_reference_pool/04_extra_reference_search/selected_reference_pool/split_000/real_even_odd/ref_1022/theta.npy,02_dnn/08_mnist/runs/final/single_dataset_10x10_box_n_train_512_60ref_allrule_sparse_0p010_to_2p500/01_dataset_prepare/raw_datasets/split_000/real_even_odd/dataset.npz,3703622,adam,2461,0.0,0.1220703125,0.003676517422192,1.882376920162336,0.6071286732913086,14.250688085433875,1.1155454569175431,4.399779422830056,8.01686589926344,7.401931903966849,True,83
1,0,real_even_odd,1023,/home/bjyong/Complexity/local_project/03_dnn_mnist/03_reference_search/raw_outputs/extra_reference_pool/04_extra_reference_search/selected_reference_pool/split_000/real_even_odd/ref_1023/theta.npy,02_dnn/08_mnist/runs/final/single_dataset_10x10_box_n_train_512_60ref_allrule_sparse_0p010_to_2p500/01_dataset_prepare/raw_datasets/split_000/real_even_odd/dataset.npz,3703623,adam,2461,0.0,0.11865234375,0.0021615368658016,1.1067068752904474,0.6661206262395943,15.22724762079,1.1341018864565582,5.270770440454244,8.49017374267141,7.935470787591733,True,84
1,0,real_even_odd,1024,/home/bjyong/Complexity/local_project/03_dnn_mnist/03_reference_search/raw_outputs/extra_reference_pool/04_extra_reference_search/selected_reference_pool/split_000/real_even_odd/ref_1024/theta.npy,02_dnn/08_mnist/runs/final/single_dataset_10x10_box_n_train_512_60ref_allrule_sparse_0p010_to_2p500/01_dataset_prepare/raw_datasets/split_000/real_even_odd/dataset.npz,3703624,adam,2461,0.0,0.126953125,0.0027058455821721,1.385392938072148,0.6637515006727815,13.909723692136527,0.847863023832445,4.79288291734594,8.946685174920352,8.500088573401726,True,85
1,0,real_even_odd,1025,/home/bjyong/Complexity/local_project/03_dnn_mnist/03_reference_search/raw_outputs/extra_reference_pool/04_extra_reference_search/selected_reference_pool/split_000/real_even_odd/ref_1025/theta.npy,02_dnn/08_mnist/runs/final/single_dataset_10x10_box_n_train_512_60ref_allrule_sparse_0p010_to_2p500/01_dataset_prepare/raw_datasets/split_000/real_even_odd/dataset.npz,3703625,adam,2461,0.0,0.12841796875,0.0010417180064485,0.533359619301667,0.7818674527885878,13.18156472802766,2.0818487505615573,5.5376819317031565,9.482012354842492,8.828772267498202,True,86
1,0,real_even_odd,1026,/home/bjyong/Complexity/local_project/03_dnn_mnist/03_reference_search/raw_outputs/extra_reference_pool/04_extra_reference_search/selected_reference_pool/split_000/real_even_odd/ref_1026/theta.npy,02_dnn/08_mnist/runs/final/single_dataset_10x10_box_n_train_512_60ref_allrule_sparse_0p010_to_2p500/01_dataset_prepare/raw_datasets/split_000/real_even_odd/dataset.npz,3703626,adam,2461,0.0,0.12451171875,0.0074420766205103,3.8103432297012905,0.5615859869659374,11.874918873509712,0.5120491806357366,3.224303054877764,7.572171146103589,7.107055854020453,True,87
1,0,real_even_odd,1027,/home/bjyong/Complexity/local_project/03_dnn_mnist/03_reference_search/raw_outputs/extra_reference_pool/04_extra_reference_search/selected_reference_pool/split_000/real_even_odd/ref_1027/theta.npy,02_dnn/08_mnist/runs/final/single_dataset_10x10_box_n_train_512_60ref_allrule_sparse_0p010_to_2p500/01_dataset_prepare/raw_datasets/split_000/real_even_odd/dataset.npz,3703627,adam,2461,0.0,0.12109375,0.0014435652418961,0.7391054038508157,0.7183982396638158,14.675325751805705,0.8305993436184624,5.7145164461556375,9.087330342993775,8.763550764347533,True,88
1,0,real_even_odd,1028,/home/bjyong/Complexity/local_project/03_dnn_mnist/03_reference_search/raw_outputs/extra_reference_pool/04_extra_reference_search/selected_reference_pool/split_000/real_even_odd/ref_1028/theta.npy,02_dnn/08_mnist/runs/final/single_dataset_10x10_box_n_train_512_60ref_allrule_sparse_0p010_to_2p500/01_dataset_prepare/raw_datasets/split_000/real_even_odd/dataset.npz,3703628,adam,2461,0.0,0.11962890625,0.0023638177359892,1.210274680826498,0.6704514128169443,14.393301365437296,1.743716026302842,4.700551773498358,8.8107020286607,8.210296465444872,True,89
1,0,real_even_odd,1029,/home/bjyong/Complexity/local_project/03_dnn_mnist/03_reference_search/raw_outputs/extra_reference_pool/04_extra_reference_search/selected_reference_pool/split_000/real_even_odd/ref_1029/theta.npy,02_dnn/08_mnist/runs/final/single_dataset_10x10_box_n_train_512_60ref_allrule_sparse_0p010_to_2p500/01_dataset_prepare/raw_datasets/split_000/real_even_odd/dataset.npz,3703629,adam,2461,0.0,0.1240234375,0.0015762875467061,0.8070592239135386,0.6706333123539372,14.748269921327262,2.750129263151025,5.035621316789984,9.398478206701531,8.760077648240456,True,90
2,0,teacher_nn,0,02_dnn/08_mnist/runs/final/single_dataset_10x10_box_n_train_512_60ref_allrule_sparse_0p010_to_2p500/04_exact_reference_search/selected_reference_pool/split_000/teacher_nn/ref_000/theta.npy,02_dnn/08_mnist/runs/final/single_dataset_10x10_box_n_train_512_60ref_allrule_sparse_0p010_to_2p500/01_dataset_prepare/raw_datasets/split_000/teacher_nn/dataset.npz,2702000,adam,2461,0.0,0.12060546875,0.006522961686095,3.3397563832806747,0.4843741744583313,12.040562010348532,0.2944698208169969,3.4714229905030414,8.426035646719916,7.577454561390694,,1
2,0,teacher_nn,1,02_dnn/08_mnist/runs/final/single_dataset_10x10_box_n_train_512_60ref_allrule_sparse_0p010_to_2p500/04_exact_reference_search/selected_reference_pool/split_000/teacher_nn/ref_001/theta.npy,02_dnn/08_mnist/runs/final/single_dataset_10x10_box_n_train_512_60ref_allrule_sparse_0p010_to_2p500/01_dataset_prepare/raw_datasets/split_000/teacher_nn/dataset.npz,2702001,adam,2461,0.0,0.1240234375,0.006247865024305,3.198906892444165,0.529988562123346,12.598406287811736,0.5368415114315654,3.5210237454217816,8.34827117489413,7.522751262181877,,2
2,0,teacher_nn,2,02_dnn/08_mnist/runs/final/single_dataset_10x10_box_n_train_512_60ref_allrule_sparse_0p010_to_2p500/04_exact_reference_search/selected_reference_pool/split_000/teacher_nn/ref_002/theta.npy,02_dnn/08_mnist/runs/final/single_dataset_10x10_box_n_train_512_60ref_allrule_sparse_0p010_to_2p500/01_dataset_prepare/raw_datasets/split_000/teacher_nn/dataset.npz,2702002,adam,2461,0.0,0.11181640625,0.0063405751082246,3.2463744554110034,0.4397518599593167,12.600722779348065,0.4114507089925636,3.7243909318810062,7.992078777505099,7.308307888142316,,3
2,0,teacher_nn,3,02_dnn/08_mnist/runs/final/single_dataset_10x10_box_n_train_512_60ref_allrule_sparse_0p010_to_2p500/04_exact_reference_search/selected_reference_pool/split_000/teacher_nn/ref_003/theta.npy,02_dnn/08_mnist/runs/final/single_dataset_10x10_box_n_train_512_60ref_allrule_sparse_0p010_to_2p500/01_dataset_prepare/raw_datasets/split_000/teacher_nn/dataset.npz,2702003,adam,2461,0.0,0.13330078125,0.0055041952407344,2.8181479632560142,0.5457920115533734,13.007764584857442,0.8403544282593336,3.650292122560201,8.809809815716543,8.021507061781895,,4
2,0,teacher_nn,4,02_dnn/08_mnist/runs/final/single_dataset_10x10_box_n_train_512_60ref_allrule_sparse_0p010_to_2p500/04_exact_reference_search/selected_reference_pool/split_000/teacher_nn/ref_004/theta.npy,02_dnn/08_mnist/runs/final/single_dataset_10x10_box_n_train_512_60ref_allrule_sparse_0p010_to_2p500/01_dataset_prepare/raw_datasets/split_000/teacher_nn/dataset.npz,2702004,adam,2461,0.0,0.1328125,0.012744699205125,6.525285993024014,0.4568225404767896,14.018979065270129,0.5042275396790469,2.922042030176654,6.985801584001447,6.615406200245254,,5
2,0,teacher_nn,5,02_dnn/08_mnist/runs/final/single_dataset_10x10_box_n_train_512_60ref_allrule_sparse_0p010_to_2p500/04_exact_reference_search/selected_reference_pool/split_000/teacher_nn/ref_005/theta.npy,02_dnn/08_mnist/runs/final/single_dataset_10x10_box_n_train_512_60ref_allrule_sparse_0p010_to_2p500/01_dataset_prepare/raw_datasets/split_000/teacher_nn/dataset.npz,2702005,adam,2461,0.0,0.11767578125,0.0050836427004398,2.6028250626251976,0.5479349046600724,12.169639993697755,1.150649878877569,3.4918436135965374,8.054732150233882,7.327360936766155,,6
2,0,teacher_nn,6,02_dnn/08_mnist/runs/final/single_dataset_10x10_box_n_train_512_60ref_allrule_sparse_0p010_to_2p500/04_exact_reference_search/selected_reference_pool/split_000/teacher_nn/ref_006/theta.npy,02_dnn/08_mnist/runs/final/single_dataset_10x10_box_n_train_512_60ref_allrule_sparse_0p010_to_2p500/01_dataset_prepare/raw_datasets/split_000/teacher_nn/dataset.npz,2702006,adam,2461,0.0,0.12353515625,0.0075634234483886,3.872472805574968,0.5019697237068385,12.069805375405451,0.1804440197744186,3.624705588911247,8.394419132041234,7.513703810032407,,7
2,0,teacher_nn,7,02_dnn/08_mnist/runs/final/single_dataset_10x10_box_n_train_512_60ref_allrule_sparse_0p010_to_2p500/04_exact_reference_search/selected_reference_pool/split_000/teacher_nn/ref_007/theta.npy,02_dnn/08_mnist/runs/final/single_dataset_10x10_box_n_train_512_60ref_allrule_sparse_0p010_to_2p500/01_dataset_prepare/raw_datasets/split_000/teacher_nn/dataset.npz,2702007,adam,2461,0.0,0.12255859375,0.00729905225229,3.73711475317249,0.4656240287872009,13.089499086678916,0.7953854904264595,3.26780119871686,7.892787210194849,7.1188433594507154,,8
2,0,teacher_nn,8,02_dnn/08_mnist/runs/final/single_dataset_10x10_box_n_train_512_60ref_allrule_sparse_0p010_to_2p500/04_exact_reference_search/selected_reference_pool/split_000/teacher_nn/ref_008/theta.npy,02_dnn/08_mnist/runs/final/single_dataset_10x10_box_n_train_512_60ref_allrule_sparse_0p010_to_2p500/01_dataset_prepare/raw_datasets/split_000/teacher_nn/dataset.npz,2702008,adam,2461,0.0,0.1298828125,0.0006549215280593,0.3353198223664074,0.6633625237180483,14.511929022993092,2.939452393665681,5.986806496610241,10.907119043114738,9.977433139476751,,9
2,0,teacher_nn,9,02_dnn/08_mnist/runs/final/single_dataset_10x10_box_n_train_512_60ref_allrule_sparse_0p010_to_2p500/04_exact_reference_search/selected_reference_pool/split_000/teacher_nn/ref_009/theta.npy,02_dnn/08_mnist/runs/final/single_dataset_10x10_box_n_train_512_60ref_allrule_sparse_0p010_to_2p500/01_dataset_prepare/raw_datasets/split_000/teacher_nn/dataset.npz,2702009,adam,2461,0.0,0.12158203125,0.0082803436671607,4.2395359575863,0.467780934904964,13.912112807776955,0.4550427742983605,3.2936902619251582,8.24627444719994,7.442653614460115,,10
2,0,teacher_nn,10,02_dnn/08_mnist/runs/final/single_dataset_10x10_box_n_train_512_60ref_allrule_sparse_0p010_to_2p500/04_exact_reference_search/selected_reference_pool/split_000/teacher_nn/ref_010/theta.npy,02_dnn/08_mnist/runs/final/single_dataset_10x10_box_n_train_512_60ref_allrule_sparse_0p010_to_2p500/01_dataset_prepare/raw_datasets/split_000/teacher_nn/dataset.npz,2702010,adam,2461,0.0,0.12060546875,0.0075330307206283,3.856911728961701,0.5049000938937154,12.200623436808293,0.1727347258719822,3.6021822685832534,7.99593520801231,7.286412371315349,,11
2,0,teacher_nn,11,02_dnn/08_mnist/runs/final/single_dataset_10x10_box_n_train_512_60ref_allrule_sparse_0p010_to_2p500/04_exact_reference_search/selected_reference_pool/split_000/teacher_nn/ref_011/theta.npy,02_dnn/08_mnist/runs/final/single_dataset_10x10_box_n_train_512_60ref_allrule_sparse_0p010_to_2p500/01_dataset_prepare/raw_datasets/split_000/teacher_nn/dataset.npz,2702011,adam,2461,0.0,0.125,0.0059718779744156,3.057601522900804,0.5352542880999878,12.590743977369153,0.3053525148746445,3.886300066278933,7.994951895730198,7.359552040532383,,12
2,0,teacher_nn,12,02_dnn/08_mnist/runs/final/single_dataset_10x10_box_n_train_512_60ref_allrule_sparse_0p010_to_2p500/04_exact_reference_search/selected_reference_pool/split_000/teacher_nn/ref_012/theta.npy,02_dnn/08_mnist/runs/final/single_dataset_10x10_box_n_train_512_60ref_allrule_sparse_0p010_to_2p500/01_dataset_prepare/raw_datasets/split_000/teacher_nn/dataset.npz,2702012,adam,2461,0.0,0.12451171875,0.0057525755545079,2.9453186839080843,0.5080997094700204,12.977652920914492,0.3998435056643277,3.819169896903232,8.014388042631783,7.279534160970864,,13
2,0,teacher_nn,13,02_dnn/08_mnist/runs/final/single_dataset_10x10_box_n_train_512_60ref_allrule_sparse_0p010_to_2p500/04_exact_reference_search/selected_reference_pool/split_000/teacher_nn/ref_013/theta.npy,02_dnn/08_mnist/runs/final/single_dataset_10x10_box_n_train_512_60ref_allrule_sparse_0p010_to_2p500/01_dataset_prepare/raw_datasets/split_000/teacher_nn/dataset.npz,2702013,adam,2461,0.0,0.1240234375,0.0146208008959867,7.485850058745233,0.412170444271783,13.19231880500928,1.026809311230504,2.4245357751216154,6.9632732090898735,6.299434080235705,,14
2,0,teacher_nn,14,02_dnn/08_mnist/runs/final/single_dataset_10x10_box_n_train_512_60ref_allrule_sparse_0p010_to_2p500/04_exact_reference_search/selected_reference_pool/split_000/teacher_nn/ref_014/theta.npy,02_dnn/08_mnist/runs/final/single_dataset_10x10_box_n_train_512_60ref_allrule_sparse_0p010_to_2p500/01_dataset_prepare/raw_datasets/split_000/teacher_nn/dataset.npz,2702014,adam,2461,0.0,0.12841796875,0.0009086804532935,0.4652443920863099,0.647875838710986,15.273887274271834,2.2938692854573035,5.819302092192952,10.48909487443418,9.725356694920052,,15
2,0,teacher_nn,15,02_dnn/08_mnist/runs/final/single_dataset_10x10_box_n_train_512_60ref_allrule_sparse_0p010_to_2p500/04_exact_reference_search/selected_reference_pool/split_000/teacher_nn/ref_015/theta.npy,02_dnn/08_mnist/runs/final/single_dataset_10x10_box_n_train_512_60ref_allrule_sparse_0p010_to_2p500/01_dataset_prepare/raw_datasets/split_000/teacher_nn/dataset.npz,2702015,adam,2461,0.0,0.1259765625,0.0053634690874914,2.7460961727956184,0.5379283395952701,11.892452143026338,0.1533816333562742,3.904739576759933,8.626087537847205,7.776663020394638,,16
2,0,teacher_nn,16,02_dnn/08_mnist/runs/final/single_dataset_10x10_box_n_train_512_60ref_allrule_sparse_0p010_to_2p500/04_exact_reference_search/selected_reference_pool/split_000/teacher_nn/ref_016/theta.npy,02_dnn/08_mnist/runs/final/single_dataset_10x10_box_n_train_512_60ref_allrule_sparse_0p010_to_2p500/01_dataset_prepare/raw_datasets/split_000/teacher_nn/dataset.npz,2702016,adam,2461,0.0,0.12158203125,0.0003631320162245,0.1859235923069905,0.7012355058288466,14.44211889297048,3.031043683843512,6.863869484768194,10.626182440439791,10.04850523566269,,17
2,0,teacher_nn,17,02_dnn/08_mnist/runs/final/single_dataset_10x10_box_n_train_512_60ref_allrule_sparse_0p010_to_2p500/04_exact_reference_search/selected_reference_pool/split_000/teacher_nn/ref_017/theta.npy,02_dnn/08_mnist/runs/final/single_dataset_10x10_box_n_train_512_60ref_allrule_sparse_0p010_to_2p500/01_dataset_prepare/raw_datasets/split_000/teacher_nn/dataset.npz,2702017,adam,2461,0.0,0.1162109375,0.0055415437437882,2.8372703968195907,0.494595337699128,12.797224521990785,0.5243609845140887,3.712761101978743,8.520918734455211,7.703051207037478,,18
2,0,teacher_nn,18,02_dnn/08_mnist/runs/final/single_dataset_10x10_box_n_train_512_60ref_allrule_sparse_0p010_to_2p500/04_exact_reference_search/selected_reference_pool/split_000/teacher_nn/ref_018/theta.npy,02_dnn/08_mnist/runs/final/single_dataset_10x10_box_n_train_512_60ref_allrule_sparse_0p010_to_2p500/01_dataset_prepare/raw_datasets/split_000/teacher_nn/dataset.npz,2702018,adam,2461,0.0,0.12548828125,0.0111078944396524,5.687241953102063,0.4235323901935507,13.158998203756251,0.3719239449736656,2.969020893125264,7.310586148196059,6.652133858470471,,19
2,0,teacher_nn,19,02_dnn/08_mnist/runs/final/single_dataset_10x10_box_n_train_512_60ref_allrule_sparse_0p010_to_2p500/04_exact_reference_search/selected_reference_pool/split_000/teacher_nn/ref_019/theta.npy,02_dnn/08_mnist/runs/final/single_dataset_10x10_box_n_train_512_60ref_allrule_sparse_0p010_to_2p500/01_dataset_prepare/raw_datasets/split_000/teacher_nn/dataset.npz,2702019,adam,2461,0.0,0.125,0.0053215982771971,2.7246583179249217,0.5436492673268207,13.456870060736572,0.6730141663560469,3.847639729664786,9.2013996432362,8.399518371944598,,20
2,0,teacher_nn,20,02_dnn/08_mnist/runs/final/single_dataset_10x10_box_n_train_512_60ref_allrule_sparse_0p010_to_2p500/04_exact_reference_search/selected_reference_pool/split_000/teacher_nn/ref_020/theta.npy,02_dnn/08_mnist/runs/final/single_dataset_10x10_box_n_train_512_60ref_allrule_sparse_0p010_to_2p500/01_dataset_prepare/raw_datasets/split_000/teacher_nn/dataset.npz,2702020,adam,2461,0.0,0.11962890625,0.0004663986548276,0.2387961112717456,0.6975115879482351,13.619327814712532,2.749931556936165,6.602949311064382,10.5806330644858,9.962022346408173,,21
2,0,teacher_nn,21,02_dnn/08_mnist/runs/final/single_dataset_10x10_box_n_train_512_60ref_allrule_sparse_0p010_to_2p500/04_exact_reference_search/selected_reference_pool/split_000/teacher_nn/ref_021/theta.npy,02_dnn/08_mnist/runs/final/single_dataset_10x10_box_n_train_512_60ref_allrule_sparse_0p010_to_2p500/01_dataset_prepare/raw_datasets/split_000/teacher_nn/dataset.npz,2702021,adam,2461,0.0,0.11181640625,0.0004788832267781,0.2451882121104124,0.6698007276436162,13.87985067801075,3.08786870381361,6.48298324094031,10.932998344043591,10.0339583296515,,22
2,0,teacher_nn,22,02_dnn/08_mnist/runs/final/single_dataset_10x10_box_n_train_512_60ref_allrule_sparse_0p010_to_2p500/04_exact_reference_search/selected_reference_pool/split_000/teacher_nn/ref_022/theta.npy,02_dnn/08_mnist/runs/final/single_dataset_10x10_box_n_train_512_60ref_allrule_sparse_0p010_to_2p500/01_dataset_prepare/raw_datasets/split_000/teacher_nn/dataset.npz,2702022,adam,2461,0.0,0.12353515625,0.0067096127318989,3.435321718732284,0.5100379506129125,12.68458821887585,0.6403105694783852,3.613560683316451,8.386582449099386,7.532439020072743,,23
2,0,teacher_nn,23,02_dnn/08_mnist/runs/final/single_dataset_10x10_box_n_train_512_60ref_allrule_sparse_0p010_to_2p500/04_exact_reference_search/selected_reference_pool/split_000/teacher_nn/ref_023/theta.npy,02_dnn/08_mnist/runs/final/single_dataset_10x10_box_n_train_512_60ref_allrule_sparse_0p010_to_2p500/01_dataset_prepare/raw_datasets/split_000/teacher_nn/dataset.npz,2702023,adam,2461,0.0,0.11474609375,0.0083272106960093,4.26353187635681,0.4625023028850024,13.396946761463576,0.525742455752098,3.0583998125150607,8.531957834587796,7.759836280998076,,24
2,0,teacher_nn,24,02_dnn/08_mnist/runs/final/single_dataset_10x10_box_n_train_512_60ref_allrule_sparse_0p010_to_2p500/04_exact_reference_search/selected_reference_pool/split_000/teacher_nn/ref_024/theta.npy,02_dnn/08_mnist/runs/final/single_dataset_10x10_box_n_train_512_60ref_allrule_sparse_0p010_to_2p500/01_dataset_prepare/raw_datasets/split_000/teacher_nn/dataset.npz,2702024,adam,2461,0.0,0.12255859375,0.0089424132480594,4.578515583006444,0.4452215657691127,13.507141239946725,0.2715593417358546,3.0542499387215223,8.128032804168923,7.39988620772773,,25
2,0,teacher_nn,25,02_dnn/08_mnist/runs/final/single_dataset_10x10_box_n_train_512_60ref_allrule_sparse_0p010_to_2p500/04_exact_reference_search/selected_reference_pool/split_000/teacher_nn/ref_025/theta.npy,02_dnn/08_mnist/runs/final/single_dataset_10x10_box_n_train_512_60ref_allrule_sparse_0p010_to_2p500/01_dataset_prepare/raw_datasets/split_000/teacher_nn/dataset.npz,2702025,adam,2461,0.0,0.1201171875,0.0035205652615628,1.8025294139201813,0.5487764847428165,12.166334129499818,1.2773994090447114,4.283019842053699,8.651450488138156,7.927891338076805,,26
2,0,teacher_nn,26,02_dnn/08_mnist/runs/final/single_dataset_10x10_box_n_train_512_60ref_allrule_sparse_0p010_to_2p500/04_exact_reference_search/selected_reference_pool/split_000/teacher_nn/ref_026/theta.npy,02_dnn/08_mnist/runs/final/single_dataset_10x10_box_n_train_512_60ref_allrule_sparse_0p010_to_2p500/01_dataset_prepare/raw_datasets/split_000/teacher_nn/dataset.npz,2702026,adam,2461,0.0,0.12109375,0.0099243657294863,5.081275253497019,0.4671026731562801,12.169830652820986,0.3549534020716322,3.0703843844360743,7.719310311432061,6.893706728531706,,27
2,0,teacher_nn,27,02_dnn/08_mnist/runs/final/single_dataset_10x10_box_n_train_512_60ref_allrule_sparse_0p010_to_2p500/04_exact_reference_search/selected_reference_pool/split_000/teacher_nn/ref_027/theta.npy,02_dnn/08_mnist/runs/final/single_dataset_10x10_box_n_train_512_60ref_allrule_sparse_0p010_to_2p500/01_dataset_prepare/raw_datasets/split_000/teacher_nn/dataset.npz,2702027,adam,2461,0.0,0.12109375,0.0029290543474654,1.499675825902285,0.5961364355904339,13.089932177763332,1.1416200553166105,4.705704030412833,9.709046161669155,8.927183254725612,,28
2,0,teacher_nn,28,02_dnn/08_mnist/runs/final/single_dataset_10x10_box_n_train_512_60ref_allrule_sparse_0p010_to_2p500/04_exact_reference_search/selected_reference_pool/split_000/teacher_nn/ref_028/theta.npy,02_dnn/08_mnist/runs/final/single_dataset_10x10_box_n_train_512_60ref_allrule_sparse_0p010_to_2p500/01_dataset_prepare/raw_datasets/split_000/teacher_nn/dataset.npz,2702028,adam,2461,0.0,0.1142578125,0.0004284891740595,0.2193864571184888,0.6313048217476505,15.226664644423993,3.365534520502301,6.386276851734936,10.299715319572844,9.611884295177292,,29
2,0,teacher_nn,29,02_dnn/08_mnist/runs/final/single_dataset_10x10_box_n_train_512_60ref_allrule_sparse_0p010_to_2p500/04_exact_reference_search/selected_reference_pool/split_000/teacher_nn/ref_029/theta.npy,02_dnn/08_mnist/runs/final/single_dataset_10x10_box_n_train_512_60ref_allrule_sparse_0p010_to_2p500/01_dataset_prepare/raw_datasets/split_000/teacher_nn/dataset.npz,2702029,adam,2461,0.0,0.1318359375,0.0098560306301797,5.04628768265202,0.4436644109396077,13.943851616652152,0.142056357569867,3.0548906605229407,7.125140591483024,6.712487062406268,,30
2,0,teacher_nn,30,02_dnn/08_mnist/runs/final/single_dataset_10x10_box_n_train_512_60ref_allrule_sparse_0p010_to_2p500/04_exact_reference_search/selected_reference_pool/split_000/teacher_nn/ref_030/theta.npy,02_dnn/08_mnist/runs/final/single_dataset_10x10_box_n_train_512_60ref_allrule_sparse_0p010_to_2p500/01_dataset_prepare/raw_datasets/split_000/teacher_nn/dataset.npz,2702030,adam,2461,0.0,0.1162109375,0.0058670197733793,3.003914123970218,0.5163353648214832,12.119553994690506,0.3652097530569014,3.902154090680763,8.90026164848881,7.963331562730981,,31
2,0,teacher_nn,31,02_dnn/08_mnist/runs/final/single_dataset_10x10_box_n_train_512_60ref_allrule_sparse_0p010_to_2p500/04_exact_reference_search/selected_reference_pool/split_000/teacher_nn/ref_031/theta.npy,02_dnn/08_mnist/runs/final/single_dataset_10x10_box_n_train_512_60ref_allrule_sparse_0p010_to_2p500/01_dataset_prepare/raw_datasets/split_000/teacher_nn/dataset.npz,2702031,adam,2461,0.0,0.12841796875,0.005153708611808,2.6386988092457413,0.608336890329574,12.20772765337454,0.3449819171400972,3.888090021373572,9.602876599786535,8.632911761887724,,32
2,0,teacher_nn,32,02_dnn/08_mnist/runs/final/single_dataset_10x10_box_n_train_512_60ref_allrule_sparse_0p010_to_2p500/04_exact_reference_search/selected_reference_pool/split_000/teacher_nn/ref_032/theta.npy,02_dnn/08_mnist/runs/final/single_dataset_10x10_box_n_train_512_60ref_allrule_sparse_0p010_to_2p500/01_dataset_prepare/raw_datasets/split_000/teacher_nn/dataset.npz,2702032,adam,2461,0.0,0.125,0.0042419733506545,2.1718903555351314,0.5710915566766196,13.016719745320003,0.8641009154292858,4.138761088684555,8.550452436351787,7.789201524253148,,33
2,0,teacher_nn,33,02_dnn/08_mnist/runs/final/single_dataset_10x10_box_n_train_512_60ref_allrule_sparse_0p010_to_2p500/04_exact_reference_search/selected_reference_pool/split_000/teacher_nn/ref_033/theta.npy,02_dnn/08_mnist/runs/final/single_dataset_10x10_box_n_train_512_60ref_allrule_sparse_0p010_to_2p500/01_dataset_prepare/raw_datasets/split_000/teacher_nn/dataset.npz,2702033,adam,2461,0.0,0.1240234375,0.0053265851407314,2.727211592054507,0.4584279094767458,12.893335123986132,0.9484978025281814,3.634219398209477,8.592093594121307,7.89692934322286,,34
2,0,teacher_nn,34,02_dnn/08_mnist/runs/final/single_dataset_10x10_box_n_train_512_60ref_allrule_sparse_0p010_to_2p500/04_exact_reference_search/selected_reference_pool/split_000/teacher_nn/ref_034/theta.npy,02_dnn/08_mnist/runs/final/single_dataset_10x10_box_n_train_512_60ref_allrule_sparse_0p010_to_2p500/01_dataset_prepare/raw_datasets/split_000/teacher_nn/dataset.npz,2702034,adam,2461,0.0,0.12744140625,0.0053998470613856,2.764721695429431,0.5031254442897573,14.027973598244332,0.5131234977033492,3.796348235510587,8.110491440549442,7.495271499217641,,35
2,0,teacher_nn,35,02_dnn/08_mnist/runs/final/single_dataset_10x10_box_n_train_512_60ref_allrule_sparse_0p010_to_2p500/04_exact_reference_search/selected_reference_pool/split_000/teacher_nn/ref_035/theta.npy,02_dnn/08_mnist/runs/final/single_dataset_10x10_box_n_train_512_60ref_allrule_sparse_0p010_to_2p500/01_dataset_prepare/raw_datasets/split_000/teacher_nn/dataset.npz,2702035,adam,2461,0.0,0.12841796875,0.0038170952365702,1.95435276112396,0.6020027252961966,11.604804825221724,1.2999103511877848,3.99371497360105,9.423579632916802,8.450744815613287,,36
2,0,teacher_nn,36,02_dnn/08_mnist/runs/final/single_dataset_10x10_box_n_train_512_60ref_allrule_sparse_0p010_to_2p500/04_exact_reference_search/selected_reference_pool/split_000/teacher_nn/ref_036/theta.npy,02_dnn/08_mnist/runs/final/single_dataset_10x10_box_n_train_512_60ref_allrule_sparse_0p010_to_2p500/01_dataset_prepare/raw_datasets/split_000/teacher_nn/dataset.npz,2702036,adam,2461,0.0,0.1259765625,0.0056297827433297,2.882448764584838,0.5312285937247613,12.549685859519862,0.4312681984049962,3.932011687368874,8.642346118030238,7.828806034204335,,37
2,0,teacher_nn,37,02_dnn/08_mnist/runs/final/single_dataset_10x10_box_n_train_512_60ref_allrule_sparse_0p010_to_2p500/04_exact_reference_search/selected_reference_pool/split_000/teacher_nn/ref_037/theta.npy,02_dnn/08_mnist/runs/final/single_dataset_10x10_box_n_train_512_60ref_allrule_sparse_0p010_to_2p500/01_dataset_prepare/raw_datasets/split_000/teacher_nn/dataset.npz,2702037,adam,2461,0.0,0.11669921875,0.0019739396478983,1.01065709972396,0.5704745620238498,14.24902938615434,1.1467319933910327,5.1194956116187695,9.252510199278476,8.48078334540213,,38
2,0,teacher_nn,38,02_dnn/08_mnist/runs/final/single_dataset_10x10_box_n_train_512_60ref_allrule_sparse_0p010_to_2p500/04_exact_reference_search/selected_reference_pool/split_000/teacher_nn/ref_038/theta.npy,02_dnn/08_mnist/runs/final/single_dataset_10x10_box_n_train_512_60ref_allrule_sparse_0p010_to_2p500/01_dataset_prepare/raw_datasets/split_000/teacher_nn/dataset.npz,2702038,adam,2461,0.0,0.123046875,0.0115091328194328,5.89267600354964,0.4441103941403428,13.476970199840313,0.4478931233753214,2.917736269056733,7.301820520375697,6.582777411286791,,39
2,0,teacher_nn,39,02_dnn/08_mnist/runs/final/single_dataset_10x10_box_n_train_512_60ref_allrule_sparse_0p010_to_2p500/04_exact_reference_search/selected_reference_pool/split_000/teacher_nn/ref_039/theta.npy,02_dnn/08_mnist/runs/final/single_dataset_10x10_box_n_train_512_60ref_allrule_sparse_0p010_to_2p500/01_dataset_prepare/raw_datasets/split_000/teacher_nn/dataset.npz,2702039,adam,2461,0.0,0.12353515625,0.0081248561252694,4.159926336137976,0.4173497975461667,14.065582970698252,0.4911895165948089,3.260339225134257,7.607376167927994,6.915164153520651,,40
2,0,teacher_nn,40,02_dnn/08_mnist/runs/final/single_dataset_10x10_box_n_train_512_60ref_allrule_sparse_0p010_to_2p500/04_exact_reference_search/selected_reference_pool/split_000/teacher_nn/ref_040/theta.npy,02_dnn/08_mnist/runs/final/single_dataset_10x10_box_n_train_512_60ref_allrule_sparse_0p010_to_2p500/01_dataset_prepare/raw_datasets/split_000/teacher_nn/dataset.npz,2702040,adam,2461,0.0,0.1181640625,0.0051201491220875,2.621516350508802,0.5339281809927209,11.790057206256426,0.2729935873060355,3.960513179457512,8.530701562134999,7.735735722147584,,41
2,0,teacher_nn,41,02_dnn/08_mnist/runs/final/single_dataset_10x10_box_n_train_512_60ref_allrule_sparse_0p010_to_2p500/04_exact_reference_search/selected_reference_pool/split_000/teacher_nn/ref_041/theta.npy,02_dnn/08_mnist/runs/final/single_dataset_10x10_box_n_train_512_60ref_allrule_sparse_0p010_to_2p500/01_dataset_prepare/raw_datasets/split_000/teacher_nn/dataset.npz,2702041,adam,2461,0.0,0.1220703125,0.003808860834947,1.95013674749288,0.5404252192980791,12.698627606372767,0.7692639433912762,4.334900303433531,8.52087157922572,7.726317378076946,,42
2,0,teacher_nn,42,02_dnn/08_mnist/runs/final/single_dataset_10x10_box_n_train_512_60ref_allrule_sparse_0p010_to_2p500/04_exact_reference_search/selected_reference_pool/split_000/teacher_nn/ref_042/theta.npy,02_dnn/08_mnist/runs/final/single_dataset_10x10_box_n_train_512_60ref_allrule_sparse_0p010_to_2p500/01_dataset_prepare/raw_datasets/split_000/teacher_nn/dataset.npz,2702042,adam,2461,0.0,0.1318359375,0.0079614938422261,4.076284847219786,0.4763563420039466,13.171974767613705,0.6460957031318229,3.357614976243175,7.535461804632298,7.00288302204603,,43
2,0,teacher_nn,43,02_dnn/08_mnist/runs/final/single_dataset_10x10_box_n_train_512_60ref_allrule_sparse_0p010_to_2p500/04_exact_reference_search/selected_reference_pool/split_000/teacher_nn/ref_043/theta.npy,02_dnn/08_mnist/runs/final/single_dataset_10x10_box_n_train_512_60ref_allrule_sparse_0p010_to_2p500/01_dataset_prepare/raw_datasets/split_000/teacher_nn/dataset.npz,2702043,adam,2461,0.0,0.1259765625,0.0004171638526034,0.2135878925329694,0.6500356979858919,15.766154411558036,3.6576336125818063,6.324469461751224,9.709717869032684,9.337497052120636,,44
2,0,teacher_nn,44,02_dnn/08_mnist/runs/final/single_dataset_10x10_box_n_train_512_60ref_allrule_sparse_0p010_to_2p500/04_exact_reference_search/selected_reference_pool/split_000/teacher_nn/ref_044/theta.npy,02_dnn/08_mnist/runs/final/single_dataset_10x10_box_n_train_512_60ref_allrule_sparse_0p010_to_2p500/01_dataset_prepare/raw_datasets/split_000/teacher_nn/dataset.npz,2702044,adam,2461,0.0,0.11865234375,0.0006037935985436,0.3091423224543576,0.5674358740105926,15.941608402238751,3.5098670206858458,5.980179954239017,10.751044830816085,9.884189629928128,,45
2,0,teacher_nn,45,02_dnn/08_mnist/runs/final/single_dataset_10x10_box_n_train_512_60ref_allrule_sparse_0p010_to_2p500/04_exact_reference_search/selected_reference_pool/split_000/teacher_nn/ref_045/theta.npy,02_dnn/08_mnist/runs/final/single_dataset_10x10_box_n_train_512_60ref_allrule_sparse_0p010_to_2p500/01_dataset_prepare/raw_datasets/split_000/teacher_nn/dataset.npz,2702045,adam,2461,0.0,0.12548828125,0.0024465512012657,1.2526342150480576,0.6317296790934752,11.913580769461529,1.4098879569847598,4.48092959277471,9.846977532341576,8.897634900519211,,46
2,0,teacher_nn,46,02_dnn/08_mnist/runs/final/single_dataset_10x10_box_n_train_512_60ref_allrule_sparse_0p010_to_2p500/04_exact_reference_search/selected_reference_pool/split_000/teacher_nn/ref_046/theta.npy,02_dnn/08_mnist/runs/final/single_dataset_10x10_box_n_train_512_60ref_allrule_sparse_0p010_to_2p500/01_dataset_prepare/raw_datasets/split_000/teacher_nn/dataset.npz,2702046,adam,2461,0.0,0.126953125,0.0002659574195728,0.1361701988213068,0.8198435743265853,13.570152135891872,3.84476310630041,7.146815827154271,11.37436315261211,10.570964329274446,,47
2,0,teacher_nn,47,02_dnn/08_mnist/runs/final/single_dataset_10x10_box_n_train_512_60ref_allrule_sparse_0p010_to_2p500/04_exact_reference_search/selected_reference_pool/split_000/teacher_nn/ref_047/theta.npy,02_dnn/08_mnist/runs/final/single_dataset_10x10_box_n_train_512_60ref_allrule_sparse_0p010_to_2p500/01_dataset_prepare/raw_datasets/split_000/teacher_nn/dataset.npz,2702047,adam,2461,0.0,0.123046875,0.0057142132658172,2.9256771920984384,0.4887272855059271,12.976535544034546,0.5017042472281974,3.852666487639488,7.930311617597285,7.196614118209156,,48
2,0,teacher_nn,48,02_dnn/08_mnist/runs/final/single_dataset_10x10_box_n_train_512_60ref_allrule_sparse_0p010_to_2p500/04_exact_reference_search/selected_reference_pool/split_000/teacher_nn/ref_048/theta.npy,02_dnn/08_mnist/runs/final/single_dataset_10x10_box_n_train_512_60ref_allrule_sparse_0p010_to_2p500/01_dataset_prepare/raw_datasets/split_000/teacher_nn/dataset.npz,2702048,adam,2461,0.0,0.11962890625,0.0008594107330672,0.4400182953304464,0.5897681469337346,15.239830645826874,2.2980848458028578,5.729568648826834,9.427824993405816,8.90655504893628,,49
2,0,teacher_nn,49,02_dnn/08_mnist/runs/final/single_dataset_10x10_box_n_train_512_60ref_allrule_sparse_0p010_to_2p500/04_exact_reference_search/selected_reference_pool/split_000/teacher_nn/ref_049/theta.npy,02_dnn/08_mnist/runs/final/single_dataset_10x10_box_n_train_512_60ref_allrule_sparse_0p010_to_2p500/01_dataset_prepare/raw_datasets/split_000/teacher_nn/dataset.npz,2702049,adam,2461,0.0,0.13232421875,0.0009614538087012,0.4922643500550413,0.6371753699424565,16.11199290402491,2.3898796084302285,5.680456720243838,10.240834215719552,9.566555449604326,,50
2,0,teacher_nn,50,02_dnn/08_mnist/runs/final/single_dataset_10x10_box_n_train_512_60ref_allrule_sparse_0p010_to_2p500/04_exact_reference_search/selected_reference_pool/split_000/teacher_nn/ref_050/theta.npy,02_dnn/08_mnist/runs/final/single_dataset_10x10_box_n_train_512_60ref_allrule_sparse_0p010_to_2p500/01_dataset_prepare/raw_datasets/split_000/teacher_nn/dataset.npz,2702050,adam,2461,0.0,0.11572265625,0.0026833818316896,1.3738914978250978,0.5616776404565554,12.147606045294788,1.493517320593544,4.526018477761824,8.663669512002443,7.932469342246915,,51
2,0,teacher_nn,51,02_dnn/08_mnist/runs/final/single_dataset_10x10_box_n_train_512_60ref_allrule_sparse_0p010_to_2p500/04_exact_reference_search/selected_reference_pool/split_000/teacher_nn/ref_051/theta.npy,02_dnn/08_mnist/runs/final/single_dataset_10x10_box_n_train_512_60ref_allrule_sparse_0p010_to_2p500/01_dataset_prepare/raw_datasets/split_000/teacher_nn/dataset.npz,2702051,adam,2461,0.0,0.11962890625,0.0035264164211139,1.8055252076103208,0.5480648723722547,12.3457914504114,1.248581804595847,4.307498115932823,8.433576843796804,7.688125619317003,,52
2,0,teacher_nn,52,02_dnn/08_mnist/runs/final/single_dataset_10x10_box_n_train_512_60ref_allrule_sparse_0p010_to_2p500/04_exact_reference_search/selected_reference_pool/split_000/teacher_nn/ref_052/theta.npy,02_dnn/08_mnist/runs/final/single_dataset_10x10_box_n_train_512_60ref_allrule_sparse_0p010_to_2p500/01_dataset_prepare/raw_datasets/split_000/teacher_nn/dataset.npz,2702052,adam,2461,0.0,0.1240234375,0.0007042510451935,0.3605765351390908,0.5936880949420623,14.099434476184554,2.684051191744066,5.996124116504641,10.67312201664349,9.805694603264408,,53
2,0,teacher_nn,53,02_dnn/08_mnist/runs/final/single_dataset_10x10_box_n_train_512_60ref_allrule_sparse_0p010_to_2p500/04_exact_reference_search/selected_reference_pool/split_000/teacher_nn/ref_053/theta.npy,02_dnn/08_mnist/runs/final/single_dataset_10x10_box_n_train_512_60ref_allrule_sparse_0p010_to_2p500/01_dataset_prepare/raw_datasets/split_000/teacher_nn/dataset.npz,2702053,adam,2461,0.0,0.1259765625,0.0013420189113211,0.6871136825964357,0.6462872361490484,14.93274720308142,2.427498434503756,5.0176979552363,9.502228696971711,8.774255788465345,,54
2,0,teacher_nn,54,02_dnn/08_mnist/runs/final/single_dataset_10x10_box_n_train_512_60ref_allrule_sparse_0p010_to_2p500/04_exact_reference_search/selected_reference_pool/split_000/teacher_nn/ref_054/theta.npy,02_dnn/08_mnist/runs/final/single_dataset_10x10_box_n_train_512_60ref_allrule_sparse_0p010_to_2p500/01_dataset_prepare/raw_datasets/split_000/teacher_nn/dataset.npz,2702054,adam,2461,0.0,0.123046875,0.0055348620515494,2.8338493703933256,0.5207160826563744,13.45672266827212,1.153438511752207,3.633258488451279,8.880186111935839,7.914509127106724,,55
2,0,teacher_nn,55,02_dnn/08_mnist/runs/final/single_dataset_10x10_box_n_train_512_60ref_allrule_sparse_0p010_to_2p500/04_exact_reference_search/selected_reference_pool/split_000/teacher_nn/ref_055/theta.npy,02_dnn/08_mnist/runs/final/single_dataset_10x10_box_n_train_512_60ref_allrule_sparse_0p010_to_2p500/01_dataset_prepare/raw_datasets/split_000/teacher_nn/dataset.npz,2702055,adam,2461,0.0,0.12646484375,0.0046641819453026,2.3880611559949525,0.5412006451188217,11.75133577295955,0.8710070818116513,3.9145453591046095,8.500931898006549,7.689168313241581,,56
2,0,teacher_nn,56,02_dnn/08_mnist/runs/final/single_dataset_10x10_box_n_train_512_60ref_allrule_sparse_0p010_to_2p500/04_exact_reference_search/selected_reference_pool/split_000/teacher_nn/ref_056/theta.npy,02_dnn/08_mnist/runs/final/single_dataset_10x10_box_n_train_512_60ref_allrule_sparse_0p010_to_2p500/01_dataset_prepare/raw_datasets/split_000/teacher_nn/dataset.npz,2702056,adam,2461,0.0,0.12109375,0.0072706648016865,3.72258037846352,0.5203860742970663,11.292132864715104,0.1452581048835444,3.3514759657836164,8.692890391778814,7.79047903568175,,57
2,0,teacher_nn,57,02_dnn/08_mnist/runs/final/single_dataset_10x10_box_n_train_512_60ref_allrule_sparse_0p010_to_2p500/04_exact_reference_search/selected_reference_pool/split_000/teacher_nn/ref_057/theta.npy,02_dnn/08_mnist/runs/final/single_dataset_10x10_box_n_train_512_60ref_allrule_sparse_0p010_to_2p500/01_dataset_prepare/raw_datasets/split_000/teacher_nn/dataset.npz,2702057,adam,2461,0.0,0.12548828125,0.0053215150092826,2.7246156847527243,0.4951625503956796,12.732655411576776,0.8148900953527338,3.562465494523265,8.580232183000172,7.768580125539312,,58
2,0,teacher_nn,58,02_dnn/08_mnist/runs/final/single_dataset_10x10_box_n_train_512_60ref_allrule_sparse_0p010_to_2p500/04_exact_reference_search/selected_reference_pool/split_000/teacher_nn/ref_058/theta.npy,02_dnn/08_mnist/runs/final/single_dataset_10x10_box_n_train_512_60ref_allrule_sparse_0p010_to_2p500/01_dataset_prepare/raw_datasets/split_000/teacher_nn/dataset.npz,2702058,adam,2461,0.0,0.12744140625,0.0007397035054817,0.3787281948066813,0.6713574249483434,14.62726396028279,2.744949339794709,5.924350858092969,10.172929695499532,9.533382733466716,,59
2,0,teacher_nn,59,02_dnn/08_mnist/runs/final/single_dataset_10x10_box_n_train_512_60ref_allrule_sparse_0p010_to_2p500/04_exact_reference_search/selected_reference_pool/split_000/teacher_nn/ref_059/theta.npy,02_dnn/08_mnist/runs/final/single_dataset_10x10_box_n_train_512_60ref_allrule_sparse_0p010_to_2p500/01_dataset_prepare/raw_datasets/split_000/teacher_nn/dataset.npz,2702059,adam,2461,0.0,0.12744140625,0.0008337583819984,0.4268842915832288,0.6610645602838918,15.536918528336818,2.628313795766776,5.864710549180495,10.296735134832762,9.574445356435511,,60
2,0,teacher_nn,1000,/home/bjyong/Complexity/local_project/03_dnn_mnist/03_reference_search/raw_outputs/extra_reference_pool/04_extra_reference_search/selected_reference_pool/split_000/teacher_nn/ref_1000/theta.npy,02_dnn/08_mnist/runs/final/single_dataset_10x10_box_n_train_512_60ref_allrule_sparse_0p010_to_2p500/01_dataset_prepare/raw_datasets/split_000/teacher_nn/dataset.npz,4703600,adam,2461,0.0,0.12841796875,0.0063339875186146,3.243001609530713,0.5377292311764398,11.971015842260613,0.7121617697064901,3.6015328860877656,8.216784001399066,7.516705092843829,True,61
2,0,teacher_nn,1001,/home/bjyong/Complexity/local_project/03_dnn_mnist/03_reference_search/raw_outputs/extra_reference_pool/04_extra_reference_search/selected_reference_pool/split_000/teacher_nn/ref_1001/theta.npy,02_dnn/08_mnist/runs/final/single_dataset_10x10_box_n_train_512_60ref_allrule_sparse_0p010_to_2p500/01_dataset_prepare/raw_datasets/split_000/teacher_nn/dataset.npz,4703601,adam,2461,0.0,0.11767578125,0.0051311073449123,2.6271269605951386,0.4961423010240365,12.282063124152026,0.8578643152533263,3.5993394552262785,7.987451527236356,7.339666808068069,True,62
2,0,teacher_nn,1002,/home/bjyong/Complexity/local_project/03_dnn_mnist/03_reference_search/raw_outputs/extra_reference_pool/04_extra_reference_search/selected_reference_pool/split_000/teacher_nn/ref_1002/theta.npy,02_dnn/08_mnist/runs/final/single_dataset_10x10_box_n_train_512_60ref_allrule_sparse_0p010_to_2p500/01_dataset_prepare/raw_datasets/split_000/teacher_nn/dataset.npz,4703602,adam,2461,0.0,0.11572265625,0.0048261186307644,2.470972738951378,0.4877805699942637,12.818918042685402,0.975531900618559,3.765650470790417,8.832000139394726,7.989178779423051,True,63
2,0,teacher_nn,1003,/home/bjyong/Complexity/local_project/03_dnn_mnist/03_reference_search/raw_outputs/extra_reference_pool/04_extra_reference_search/selected_reference_pool/split_000/teacher_nn/ref_1003/theta.npy,02_dnn/08_mnist/runs/final/single_dataset_10x10_box_n_train_512_60ref_allrule_sparse_0p010_to_2p500/01_dataset_prepare/raw_datasets/split_000/teacher_nn/dataset.npz,4703603,adam,2461,0.0,0.119140625,0.0042365500165634,2.169113608480498,0.5177156894628976,13.35850178856012,0.3056861963073257,4.204501732252514,9.197769139259576,8.257690017487377,True,64
2,0,teacher_nn,1004,/home/bjyong/Complexity/local_project/03_dnn_mnist/03_reference_search/raw_outputs/extra_reference_pool/04_extra_reference_search/selected_reference_pool/split_000/teacher_nn/ref_1004/theta.npy,02_dnn/08_mnist/runs/final/single_dataset_10x10_box_n_train_512_60ref_allrule_sparse_0p010_to_2p500/01_dataset_prepare/raw_datasets/split_000/teacher_nn/dataset.npz,4703604,adam,2461,0.0,0.1240234375,0.0122837289547236,6.289269224818519,0.4113057966921679,13.650797385949016,0.105527155130557,2.947062684615253,7.315540458407284,6.58837303745168,True,65
2,0,teacher_nn,1005,/home/bjyong/Complexity/local_project/03_dnn_mnist/03_reference_search/raw_outputs/extra_reference_pool/04_extra_reference_search/selected_reference_pool/split_000/teacher_nn/ref_1005/theta.npy,02_dnn/08_mnist/runs/final/single_dataset_10x10_box_n_train_512_60ref_allrule_sparse_0p010_to_2p500/01_dataset_prepare/raw_datasets/split_000/teacher_nn/dataset.npz,4703605,adam,2461,0.0,0.12841796875,0.0043779183362248,2.241494188147124,0.5375981568807766,12.27359568728125,1.2911320841843286,4.039537997895969,7.917414253358746,7.259092629667574,True,66
2,0,teacher_nn,1006,/home/bjyong/Complexity/local_project/03_dnn_mnist/03_reference_search/raw_outputs/extra_reference_pool/04_extra_reference_search/selected_reference_pool/split_000/teacher_nn/ref_1006/theta.npy,02_dnn/08_mnist/runs/final/single_dataset_10x10_box_n_train_512_60ref_allrule_sparse_0p010_to_2p500/01_dataset_prepare/raw_datasets/split_000/teacher_nn/dataset.npz,4703606,adam,2461,0.0,0.1259765625,0.0134975787169831,6.910760303095349,0.4728103473024023,12.365555356605784,0.4188800335000203,2.6988808884365127,7.013683544686073,6.317873580462252,True,67
2,0,teacher_nn,1007,/home/bjyong/Complexity/local_project/03_dnn_mnist/03_reference_search/raw_outputs/extra_reference_pool/04_extra_reference_search/selected_reference_pool/split_000/teacher_nn/ref_1007/theta.npy,02_dnn/08_mnist/runs/final/single_dataset_10x10_box_n_train_512_60ref_allrule_sparse_0p010_to_2p500/01_dataset_prepare/raw_datasets/split_000/teacher_nn/dataset.npz,4703607,adam,2461,0.0,0.12353515625,0.0054417646128647,2.786183481786761,0.5238228714015649,12.506002230224215,0.8413746725409186,3.5340692559075144,9.080532163217264,8.142100335332525,True,68
2,0,teacher_nn,1008,/home/bjyong/Complexity/local_project/03_dnn_mnist/03_reference_search/raw_outputs/extra_reference_pool/04_extra_reference_search/selected_reference_pool/split_000/teacher_nn/ref_1008/theta.npy,02_dnn/08_mnist/runs/final/single_dataset_10x10_box_n_train_512_60ref_allrule_sparse_0p010_to_2p500/01_dataset_prepare/raw_datasets/split_000/teacher_nn/dataset.npz,4703608,adam,2461,0.0,0.1298828125,0.0049448623763018,2.531769536666572,0.5034752028783205,13.32898851480799,0.479704035419351,3.882527797182781,7.930493116079658,7.256785982610591,True,69
2,0,teacher_nn,1009,/home/bjyong/Complexity/local_project/03_dnn_mnist/03_reference_search/raw_outputs/extra_reference_pool/04_extra_reference_search/selected_reference_pool/split_000/teacher_nn/ref_1009/theta.npy,02_dnn/08_mnist/runs/final/single_dataset_10x10_box_n_train_512_60ref_allrule_sparse_0p010_to_2p500/01_dataset_prepare/raw_datasets/split_000/teacher_nn/dataset.npz,4703609,adam,2461,0.0,0.12451171875,0.0006395831164306,0.3274665556125004,0.6677448233531824,15.758533650636496,3.124114104613331,5.926332318470281,10.11223544698926,9.50904799713888,True,70
2,0,teacher_nn,1010,/home/bjyong/Complexity/local_project/03_dnn_mnist/03_reference_search/raw_outputs/extra_reference_pool/04_extra_reference_search/selected_reference_pool/split_000/teacher_nn/ref_1010/theta.npy,02_dnn/08_mnist/runs/final/single_dataset_10x10_box_n_train_512_60ref_allrule_sparse_0p010_to_2p500/01_dataset_prepare/raw_datasets/split_000/teacher_nn/dataset.npz,4703610,adam,2461,0.0,0.111328125,0.0054443839636497,2.787524589388688,0.4350019696379364,11.996409441761424,1.1384440827528133,3.5375816616060702,7.491628144368216,6.974707806748807,True,71
2,0,teacher_nn,1011,/home/bjyong/Complexity/local_project/03_dnn_mnist/03_reference_search/raw_outputs/extra_reference_pool/04_extra_reference_search/selected_reference_pool/split_000/teacher_nn/ref_1011/theta.npy,02_dnn/08_mnist/runs/final/single_dataset_10x10_box_n_train_512_60ref_allrule_sparse_0p010_to_2p500/01_dataset_prepare/raw_datasets/split_000/teacher_nn/dataset.npz,4703611,adam,2461,0.0,0.11572265625,0.0051208793802997,2.621890242713447,0.5010022118881847,12.610955348548613,0.4743695762823124,3.8789506902413695,8.160181924826897,7.432297896664533,True,72
2,0,teacher_nn,1012,/home/bjyong/Complexity/local_project/03_dnn_mnist/03_reference_search/raw_outputs/extra_reference_pool/04_extra_reference_search/selected_reference_pool/split_000/teacher_nn/ref_1012/theta.npy,02_dnn/08_mnist/runs/final/single_dataset_10x10_box_n_train_512_60ref_allrule_sparse_0p010_to_2p500/01_dataset_prepare/raw_datasets/split_000/teacher_nn/dataset.npz,4703612,adam,2461,0.0,0.11474609375,0.0049675825590266,2.543402270221629,0.4938377012088604,12.715960685673837,0.3912157674489699,4.099811962617955,8.342817339998255,7.566196121216459,True,73
2,0,teacher_nn,1013,/home/bjyong/Complexity/local_project/03_dnn_mnist/03_reference_search/raw_outputs/extra_reference_pool/04_extra_reference_search/selected_reference_pool/split_000/teacher_nn/ref_1013/theta.npy,02_dnn/08_mnist/runs/final/single_dataset_10x10_box_n_train_512_60ref_allrule_sparse_0p010_to_2p500/01_dataset_prepare/raw_datasets/split_000/teacher_nn/dataset.npz,4703613,adam,2461,0.0,0.12646484375,0.0084589185333811,4.33096628909117,0.4963149670935304,12.553049996209037,0.1592329834696452,3.2321799153919875,8.242285875904257,7.615609502551555,True,74
2,0,teacher_nn,1014,/home/bjyong/Complexity/local_project/03_dnn_mnist/03_reference_search/raw_outputs/extra_reference_pool/04_extra_reference_search/selected_reference_pool/split_000/teacher_nn/ref_1014/theta.npy,02_dnn/08_mnist/runs/final/single_dataset_10x10_box_n_train_512_60ref_allrule_sparse_0p010_to_2p500/01_dataset_prepare/raw_datasets/split_000/teacher_nn/dataset.npz,4703614,adam,2461,0.0,0.13330078125,0.0078885131622949,4.038918739095019,0.5256745197990653,13.628646746270226,0.7399850498824295,3.303562494251425,8.374169249922442,7.757978791972869,True,75
2,0,teacher_nn,1015,/home/bjyong/Complexity/local_project/03_dnn_mnist/03_reference_search/raw_outputs/extra_reference_pool/04_extra_reference_search/selected_reference_pool/split_000/teacher_nn/ref_1015/theta.npy,02_dnn/08_mnist/runs/final/single_dataset_10x10_box_n_train_512_60ref_allrule_sparse_0p010_to_2p500/01_dataset_prepare/raw_datasets/split_000/teacher_nn/dataset.npz,4703615,adam,2461,0.0,0.126953125,0.0044180033577541,2.262017719170119,0.568648676815458,12.065250732004142,1.043702221894189,4.05911033445694,8.481463508388938,7.686981506274051,True,76
2,0,teacher_nn,1016,/home/bjyong/Complexity/local_project/03_dnn_mnist/03_reference_search/raw_outputs/extra_reference_pool/04_extra_reference_search/selected_reference_pool/split_000/teacher_nn/ref_1016/theta.npy,02_dnn/08_mnist/runs/final/single_dataset_10x10_box_n_train_512_60ref_allrule_sparse_0p010_to_2p500/01_dataset_prepare/raw_datasets/split_000/teacher_nn/dataset.npz,4703616,adam,2461,0.0,0.1240234375,0.0005520972216249,0.2826737774719524,0.7020170030024153,14.135330269004582,2.485135029202394,6.433346102965293,10.374920170953311,9.683949449595382,True,77
2,0,teacher_nn,1017,/home/bjyong/Complexity/local_project/03_dnn_mnist/03_reference_search/raw_outputs/extra_reference_pool/04_extra_reference_search/selected_reference_pool/split_000/teacher_nn/ref_1017/theta.npy,02_dnn/08_mnist/runs/final/single_dataset_10x10_box_n_train_512_60ref_allrule_sparse_0p010_to_2p500/01_dataset_prepare/raw_datasets/split_000/teacher_nn/dataset.npz,4703617,adam,2461,0.0,0.1298828125,0.0002881960430542,0.1475563740437837,0.781322550719561,14.210443161099889,3.271154244129776,7.1726369274677,12.16770496699123,11.188668312236295,True,78
2,0,teacher_nn,1018,/home/bjyong/Complexity/local_project/03_dnn_mnist/03_reference_search/raw_outputs/extra_reference_pool/04_extra_reference_search/selected_reference_pool/split_000/teacher_nn/ref_1018/theta.npy,02_dnn/08_mnist/runs/final/single_dataset_10x10_box_n_train_512_60ref_allrule_sparse_0p010_to_2p500/01_dataset_prepare/raw_datasets/split_000/teacher_nn/dataset.npz,4703618,adam,2461,0.0,0.12890625,0.0008964367170151,0.4589755991117515,0.6809163331098124,15.374478839461066,2.278300384865433,5.876522599577883,10.557295868112629,9.700468773898898,True,79
2,0,teacher_nn,1019,/home/bjyong/Complexity/local_project/03_dnn_mnist/03_reference_search/raw_outputs/extra_reference_pool/04_extra_reference_search/selected_reference_pool/split_000/teacher_nn/ref_1019/theta.npy,02_dnn/08_mnist/runs/final/single_dataset_10x10_box_n_train_512_60ref_allrule_sparse_0p010_to_2p500/01_dataset_prepare/raw_datasets/split_000/teacher_nn/dataset.npz,4703619,adam,2461,0.0,0.11474609375,0.0035207555579604,1.8026268456757268,0.5102740519389884,14.250227601668602,0.8959743284949389,4.279580619867332,9.288348001179957,8.516776352606936,True,80
2,0,teacher_nn,1020,/home/bjyong/Complexity/local_project/03_dnn_mnist/03_reference_search/raw_outputs/extra_reference_pool/04_extra_reference_search/selected_reference_pool/split_000/teacher_nn/ref_1020/theta.npy,02_dnn/08_mnist/runs/final/single_dataset_10x10_box_n_train_512_60ref_allrule_sparse_0p010_to_2p500/01_dataset_prepare/raw_datasets/split_000/teacher_nn/dataset.npz,4703620,adam,2461,0.0,0.12158203125,0.0030668993341896,1.5702524591051252,0.6183167027405392,11.921009075330288,0.8847511174440155,4.496147783406983,9.862472272741542,8.886322094217325,True,81
2,0,teacher_nn,1021,/home/bjyong/Complexity/local_project/03_dnn_mnist/03_reference_search/raw_outputs/extra_reference_pool/04_extra_reference_search/selected_reference_pool/split_000/teacher_nn/ref_1021/theta.npy,02_dnn/08_mnist/runs/final/single_dataset_10x10_box_n_train_512_60ref_allrule_sparse_0p010_to_2p500/01_dataset_prepare/raw_datasets/split_000/teacher_nn/dataset.npz,4703621,adam,2461,0.0,0.11767578125,0.0004170458314857,0.2135274657207027,0.6996750775497027,14.17770116916354,3.1610198350565595,6.609922572817113,10.60369486104403,9.854191247893851,True,82
2,0,teacher_nn,1022,/home/bjyong/Complexity/local_project/03_dnn_mnist/03_reference_search/raw_outputs/extra_reference_pool/04_extra_reference_search/selected_reference_pool/split_000/teacher_nn/ref_1022/theta.npy,02_dnn/08_mnist/runs/final/single_dataset_10x10_box_n_train_512_60ref_allrule_sparse_0p010_to_2p500/01_dataset_prepare/raw_datasets/split_000/teacher_nn/dataset.npz,4703622,adam,2461,0.0,0.1279296875,0.0075406371047651,3.8608061976397337,0.492759972249003,12.75948812264406,0.7271880499735917,3.473037993107356,8.47407530414273,7.683099476106703,True,83
2,0,teacher_nn,1023,/home/bjyong/Complexity/local_project/03_dnn_mnist/03_reference_search/raw_outputs/extra_reference_pool/04_extra_reference_search/selected_reference_pool/split_000/teacher_nn/ref_1023/theta.npy,02_dnn/08_mnist/runs/final/single_dataset_10x10_box_n_train_512_60ref_allrule_sparse_0p010_to_2p500/01_dataset_prepare/raw_datasets/split_000/teacher_nn/dataset.npz,4703623,adam,2461,0.0,0.126953125,0.0085095510078734,4.356890116031212,0.49314712719505,13.73528830499776,0.0899342411395556,3.4673643487002166,7.749073019561703,7.159741207280584,True,84
2,0,teacher_nn,1024,/home/bjyong/Complexity/local_project/03_dnn_mnist/03_reference_search/raw_outputs/extra_reference_pool/04_extra_reference_search/selected_reference_pool/split_000/teacher_nn/ref_1024/theta.npy,02_dnn/08_mnist/runs/final/single_dataset_10x10_box_n_train_512_60ref_allrule_sparse_0p010_to_2p500/01_dataset_prepare/raw_datasets/split_000/teacher_nn/dataset.npz,4703624,adam,2461,0.0,0.11962890625,0.0061170322744081,3.1319205244969925,0.4750174122181431,14.115403986063503,0.6241641637339466,3.7487954823073713,7.827653794479563,7.548439840255243,True,85
2,0,teacher_nn,1025,/home/bjyong/Complexity/local_project/03_dnn_mnist/03_reference_search/raw_outputs/extra_reference_pool/04_extra_reference_search/selected_reference_pool/split_000/teacher_nn/ref_1025/theta.npy,02_dnn/08_mnist/runs/final/single_dataset_10x10_box_n_train_512_60ref_allrule_sparse_0p010_to_2p500/01_dataset_prepare/raw_datasets/split_000/teacher_nn/dataset.npz,4703625,adam,2461,0.0,0.1123046875,0.0035428144404533,1.813920993512129,0.5096037673293461,11.972164474585943,0.9168213958511248,4.280350079602373,8.951618221240231,8.219146771189955,True,86
2,0,teacher_nn,1026,/home/bjyong/Complexity/local_project/03_dnn_mnist/03_reference_search/raw_outputs/extra_reference_pool/04_extra_reference_search/selected_reference_pool/split_000/teacher_nn/ref_1026/theta.npy,02_dnn/08_mnist/runs/final/single_dataset_10x10_box_n_train_512_60ref_allrule_sparse_0p010_to_2p500/01_dataset_prepare/raw_datasets/split_000/teacher_nn/dataset.npz,4703626,adam,2461,0.0,0.1181640625,0.0005575368499284,0.2854588671633411,0.6469115109122343,14.051816871167638,2.638112069736236,6.322139705256309,10.144944982968962,9.571137818454002,True,87
2,0,teacher_nn,1027,/home/bjyong/Complexity/local_project/03_dnn_mnist/03_reference_search/raw_outputs/extra_reference_pool/04_extra_reference_search/selected_reference_pool/split_000/teacher_nn/ref_1027/theta.npy,02_dnn/08_mnist/runs/final/single_dataset_10x10_box_n_train_512_60ref_allrule_sparse_0p010_to_2p500/01_dataset_prepare/raw_datasets/split_000/teacher_nn/dataset.npz,4703627,adam,2461,0.0,0.12548828125,0.0042508242203616,2.1764220008251502,0.5679334677725615,12.70915646936696,1.0067469576833663,3.903286081642686,8.750458585538873,8.109548788984974,True,88
2,0,teacher_nn,1028,/home/bjyong/Complexity/local_project/03_dnn_mnist/03_reference_search/raw_outputs/extra_reference_pool/04_extra_reference_search/selected_reference_pool/split_000/teacher_nn/ref_1028/theta.npy,02_dnn/08_mnist/runs/final/single_dataset_10x10_box_n_train_512_60ref_allrule_sparse_0p010_to_2p500/01_dataset_prepare/raw_datasets/split_000/teacher_nn/dataset.npz,4703628,adam,2461,0.0,0.12451171875,0.0056155103787984,2.8751413139448285,0.4695921433706864,13.723337782907922,0.7070970781544328,3.618959063421954,7.914137598789217,7.202103966470676,True,89
2,0,teacher_nn,1029,/home/bjyong/Complexity/local_project/03_dnn_mnist/03_reference_search/raw_outputs/extra_reference_pool/04_extra_reference_search/selected_reference_pool/split_000/teacher_nn/ref_1029/theta.npy,02_dnn/08_mnist/runs/final/single_dataset_10x10_box_n_train_512_60ref_allrule_sparse_0p010_to_2p500/01_dataset_prepare/raw_datasets/split_000/teacher_nn/dataset.npz,4703629,adam,2461,0.0,0.12451171875,0.0091099683387089,4.664303789419002,0.4699109276167841,13.861927251547137,0.1535584074278557,3.440002883768407,7.520657713547166,6.941375616023279,True,90
