cell_id,series,dataset_id,seed,beta_ising,rewire_p,scale,C_s,rho_s
cell_beta_0p05_p_0p00,beta,0,1234,0.05,0.0,0.5,0.4360895405206564,0.12782091895868716
cell_beta_0p05_p_0p00,beta,0,1234,0.05,0.0,1.0,0.4538363216229314,0.09232735675413713
cell_beta_0p05_p_0p00,beta,0,1234,0.05,0.0,2.0,0.4595173802522395,0.08096523949552104
cell_beta_0p05_p_0p00,beta,0,1234,0.05,0.0,4.0,0.46100292337153953,0.0779941532569209
cell_beta_0p05_p_0p00,beta,1,101234,0.05,0.0,0.5,0.4843752133383236,0.031249573323352778
cell_beta_0p05_p_0p00,beta,1,101234,0.05,0.0,1.0,0.484335172558412,0.031329654883175975
cell_beta_0p05_p_0p00,beta,1,101234,0.05,0.0,2.0,0.4845627235532003,0.030874552893599447
cell_beta_0p05_p_0p00,beta,1,101234,0.05,0.0,4.0,0.48464713912584334,0.03070572174831334
cell_beta_0p05_p_0p00,beta,2,201234,0.05,0.0,0.5,0.45768012582532397,0.08463974834935205
cell_beta_0p05_p_0p00,beta,2,201234,0.05,0.0,1.0,0.4547509625390622,0.09049807492187553
cell_beta_0p05_p_0p00,beta,2,201234,0.05,0.0,2.0,0.45384519064686457,0.0923096187062708
cell_beta_0p05_p_0p00,beta,2,201234,0.05,0.0,4.0,0.4536434766537727,0.09271304669245461
cell_beta_0p05_p_0p00,beta,3,301234,0.05,0.0,0.5,0.477600896659551,0.044798206680897984
cell_beta_0p05_p_0p00,beta,3,301234,0.05,0.0,1.0,0.4786966226797176,0.04260675464056479
cell_beta_0p05_p_0p00,beta,3,301234,0.05,0.0,2.0,0.47927189262448233,0.04145621475103529
cell_beta_0p05_p_0p00,beta,3,301234,0.05,0.0,4.0,0.47954446592164385,0.04091106815671227
cell_beta_0p05_p_0p00,beta,4,401234,0.05,0.0,0.5,0.47577621943030635,0.04844756113938735
cell_beta_0p05_p_0p00,beta,4,401234,0.05,0.0,1.0,0.4650101860288647,0.06997962794227063
cell_beta_0p05_p_0p00,beta,4,401234,0.05,0.0,2.0,0.4632294379339432,0.07354112413211358
cell_beta_0p05_p_0p00,beta,4,401234,0.05,0.0,4.0,0.46284926880202476,0.07430146239595051
cell_beta_0p05_p_0p00,beta,5,501234,0.05,0.0,0.5,0.44319326160685907,0.11361347678628186
cell_beta_0p05_p_0p00,beta,5,501234,0.05,0.0,1.0,0.4458146584471845,0.10837068310563108
cell_beta_0p05_p_0p00,beta,5,501234,0.05,0.0,2.0,0.4469081646339955,0.1061836707320089
cell_beta_0p05_p_0p00,beta,5,501234,0.05,0.0,4.0,0.447247281661704,0.10550543667659197
cell_beta_0p05_p_0p00,beta,6,601234,0.05,0.0,0.5,0.45704556000734464,0.08590887998531067
cell_beta_0p05_p_0p00,beta,6,601234,0.05,0.0,1.0,0.45286746014943663,0.09426507970112674
cell_beta_0p05_p_0p00,beta,6,601234,0.05,0.0,2.0,0.4512394237850033,0.0975211524299934
cell_beta_0p05_p_0p00,beta,6,601234,0.05,0.0,4.0,0.4507278944532997,0.09854421109340064
cell_beta_0p05_p_0p00,beta,7,701234,0.05,0.0,0.5,0.4656335652888074,0.06873286942238516
cell_beta_0p05_p_0p00,beta,7,701234,0.05,0.0,1.0,0.471465629253739,0.057068741492521995
cell_beta_0p05_p_0p00,beta,7,701234,0.05,0.0,2.0,0.4732777845209842,0.05344443095803163
cell_beta_0p05_p_0p00,beta,7,701234,0.05,0.0,4.0,0.47376254536686735,0.052474909266265246
cell_beta_0p05_p_0p00,beta,8,801234,0.05,0.0,0.5,0.4863579561220929,0.027284087755814167
cell_beta_0p05_p_0p00,beta,8,801234,0.05,0.0,1.0,0.48401436856773444,0.031971262864531134
cell_beta_0p05_p_0p00,beta,8,801234,0.05,0.0,2.0,0.48300769859889253,0.03398460280221498
cell_beta_0p05_p_0p00,beta,8,801234,0.05,0.0,4.0,0.4826944360467816,0.03461112790643687
cell_beta_0p05_p_0p00,beta,9,901234,0.05,0.0,0.5,0.44913730113023437,0.10172539773953124
cell_beta_0p05_p_0p00,beta,9,901234,0.05,0.0,1.0,0.45727666862030925,0.08544666275938156
cell_beta_0p05_p_0p00,beta,9,901234,0.05,0.0,2.0,0.4601123444736772,0.0797753110526456
cell_beta_0p05_p_0p00,beta,9,901234,0.05,0.0,4.0,0.4609296978955245,0.07814060420895097
cell_beta_0p06_p_0p00,beta,0,2234,0.06,0.0,0.5,0.47217268338355173,0.055654633232896586
cell_beta_0p06_p_0p00,beta,0,2234,0.06,0.0,1.0,0.4637658448413467,0.07246831031730663
cell_beta_0p06_p_0p00,beta,0,2234,0.06,0.0,2.0,0.4607080768260009,0.07858384634799824
cell_beta_0p06_p_0p00,beta,0,2234,0.06,0.0,4.0,0.46002115472530253,0.0799576905493949
cell_beta_0p06_p_0p00,beta,1,102234,0.06,0.0,0.5,0.4775884011192117,0.044823197761576575
cell_beta_0p06_p_0p00,beta,1,102234,0.06,0.0,1.0,0.48082073287071203,0.03835853425857597
cell_beta_0p06_p_0p00,beta,1,102234,0.06,0.0,2.0,0.4824845038994865,0.035030992201027
cell_beta_0p06_p_0p00,beta,1,102234,0.06,0.0,4.0,0.48296163248086693,0.034076735038266165
cell_beta_0p06_p_0p00,beta,2,202234,0.06,0.0,0.5,0.48330324610541747,0.0333935077891651
cell_beta_0p06_p_0p00,beta,2,202234,0.06,0.0,1.0,0.4817118162662344,0.03657636746753127
cell_beta_0p06_p_0p00,beta,2,202234,0.06,0.0,2.0,0.4800369693598224,0.03992606128035521
cell_beta_0p06_p_0p00,beta,2,202234,0.06,0.0,4.0,0.4794441617943204,0.04111167641135918
cell_beta_0p06_p_0p00,beta,3,302234,0.06,0.0,0.5,0.4691182709820574,0.06176345803588524
cell_beta_0p06_p_0p00,beta,3,302234,0.06,0.0,1.0,0.47517765823068087,0.04964468353863827
cell_beta_0p06_p_0p00,beta,3,302234,0.06,0.0,2.0,0.4778222109006391,0.044355578198721775
cell_beta_0p06_p_0p00,beta,3,302234,0.06,0.0,4.0,0.47863518536310395,0.04272962927379214
cell_beta_0p06_p_0p00,beta,4,402234,0.06,0.0,0.5,0.4524849694160206,0.09503006116795872
cell_beta_0p06_p_0p00,beta,4,402234,0.06,0.0,1.0,0.4578412349643501,0.08431753007129983
cell_beta_0p06_p_0p00,beta,4,402234,0.06,0.0,2.0,0.45902145748768897,0.08195708502462201
cell_beta_0p06_p_0p00,beta,4,402234,0.06,0.0,4.0,0.4593134632022392,0.08137307359552161
cell_beta_0p06_p_0p00,beta,5,502234,0.06,0.0,0.5,0.4546137099034419,0.09077258019311622
cell_beta_0p06_p_0p00,beta,5,502234,0.06,0.0,1.0,0.4614742909519469,0.07705141809610616
cell_beta_0p06_p_0p00,beta,5,502234,0.06,0.0,2.0,0.4640345595853236,0.07193088082935281
cell_beta_0p06_p_0p00,beta,5,502234,0.06,0.0,4.0,0.4647141101406311,0.07057177971873782
cell_beta_0p06_p_0p00,beta,6,602234,0.06,0.0,0.5,0.4542232849301719,0.09155343013965621
cell_beta_0p06_p_0p00,beta,6,602234,0.06,0.0,1.0,0.4561363679867816,0.08772726402643685
cell_beta_0p06_p_0p00,beta,6,602234,0.06,0.0,2.0,0.4577643742917076,0.08447125141658489
cell_beta_0p06_p_0p00,beta,6,602234,0.06,0.0,4.0,0.45827161066236155,0.08345677867527691
cell_beta_0p06_p_0p00,beta,7,702234,0.06,0.0,0.5,0.4559352268396447,0.08812954632071057
cell_beta_0p06_p_0p00,beta,7,702234,0.06,0.0,1.0,0.4501384524347101,0.09972309513057974
cell_beta_0p06_p_0p00,beta,7,702234,0.06,0.0,2.0,0.44649524004381985,0.10700951991236031
cell_beta_0p06_p_0p00,beta,7,702234,0.06,0.0,4.0,0.44549152740202524,0.10901694519594955
cell_beta_0p06_p_0p00,beta,8,802234,0.06,0.0,0.5,0.48821421394697156,0.023571572106056843
cell_beta_0p06_p_0p00,beta,8,802234,0.06,0.0,1.0,0.4841554275570362,0.03168914488592756
cell_beta_0p06_p_0p00,beta,8,802234,0.06,0.0,2.0,0.4849528388703904,0.030094322259219174
cell_beta_0p06_p_0p00,beta,8,802234,0.06,0.0,4.0,0.48540428361052435,0.029191432778951348
cell_beta_0p06_p_0p00,beta,9,902234,0.06,0.0,0.5,0.45424722673208245,0.09150554653583506
cell_beta_0p06_p_0p00,beta,9,902234,0.06,0.0,1.0,0.4590507950438505,0.081898409912299
cell_beta_0p06_p_0p00,beta,9,902234,0.06,0.0,2.0,0.45940799327675286,0.08118401344649433
cell_beta_0p06_p_0p00,beta,9,902234,0.06,0.0,4.0,0.4593458060174914,0.08130838796501715
cell_beta_0p07_p_0p00,beta,0,3234,0.07,0.0,0.5,0.4245185708058274,0.15096285838834522
cell_beta_0p07_p_0p00,beta,0,3234,0.07,0.0,1.0,0.4284266613760572,0.1431466772478856
cell_beta_0p07_p_0p00,beta,0,3234,0.07,0.0,2.0,0.43059710199407414,0.13880579601185172
cell_beta_0p07_p_0p00,beta,0,3234,0.07,0.0,4.0,0.43123336666555795,0.13753326666888413
cell_beta_0p07_p_0p00,beta,1,103234,0.07,0.0,0.5,0.4726353585119424,0.05472928297611524
cell_beta_0p07_p_0p00,beta,1,103234,0.07,0.0,1.0,0.4626517720700287,0.0746964558599425
cell_beta_0p07_p_0p00,beta,1,103234,0.07,0.0,2.0,0.4601346843236849,0.07973063135263027
cell_beta_0p07_p_0p00,beta,1,103234,0.07,0.0,4.0,0.45958250160490305,0.08083499679019394
cell_beta_0p07_p_0p00,beta,2,203234,0.07,0.0,0.5,0.4494106146214592,0.10117877075708163
cell_beta_0p07_p_0p00,beta,2,203234,0.07,0.0,1.0,0.440039957226223,0.11992008554755393
cell_beta_0p07_p_0p00,beta,2,203234,0.07,0.0,2.0,0.43487886703315126,0.13024226593369753
cell_beta_0p07_p_0p00,beta,2,203234,0.07,0.0,4.0,0.43331215994701544,0.13337568010596906
cell_beta_0p07_p_0p00,beta,3,303234,0.07,0.0,0.5,0.4615245270979095,0.0769509458041811
cell_beta_0p07_p_0p00,beta,3,303234,0.07,0.0,1.0,0.45965376043439665,0.08069247913120665
cell_beta_0p07_p_0p00,beta,3,303234,0.07,0.0,2.0,0.4605391786505143,0.07892164269897138
cell_beta_0p07_p_0p00,beta,3,303234,0.07,0.0,4.0,0.460878778940852,0.07824244211829605
cell_beta_0p07_p_0p00,beta,4,403234,0.07,0.0,0.5,0.45327126205538815,0.09345747588922369
cell_beta_0p07_p_0p00,beta,4,403234,0.07,0.0,1.0,0.4599176173427385,0.08016476531452295
cell_beta_0p07_p_0p00,beta,4,403234,0.07,0.0,2.0,0.4610433211295954,0.07791335774080921
cell_beta_0p07_p_0p00,beta,4,403234,0.07,0.0,4.0,0.46130875253316606,0.07738249493366794
cell_beta_0p07_p_0p00,beta,5,503234,0.07,0.0,0.5,0.4455010807366073,0.10899783852678532
cell_beta_0p07_p_0p00,beta,5,503234,0.07,0.0,1.0,0.4427932392421049,0.11441352151579016
cell_beta_0p07_p_0p00,beta,5,503234,0.07,0.0,2.0,0.4416730192558781,0.11665396148824375
cell_beta_0p07_p_0p00,beta,5,503234,0.07,0.0,4.0,0.4414736685746018,0.11705266285079637
cell_beta_0p07_p_0p00,beta,6,603234,0.07,0.0,0.5,0.49612402705418596,0.007751945891628137
cell_beta_0p07_p_0p00,beta,6,603234,0.07,0.0,1.0,0.498268402741277,0.003463194517446054
cell_beta_0p07_p_0p00,beta,6,603234,0.07,0.0,2.0,0.4975599725795117,0.004880054840976658
cell_beta_0p07_p_0p00,beta,6,603234,0.07,0.0,4.0,0.4971680089393037,0.005663982121392676
cell_beta_0p07_p_0p00,beta,7,703234,0.07,0.0,0.5,0.415430692910457,0.16913861417908607
cell_beta_0p07_p_0p00,beta,7,703234,0.07,0.0,1.0,0.42435951993461596,0.15128096013076808
cell_beta_0p07_p_0p00,beta,7,703234,0.07,0.0,2.0,0.4281522474966773,0.14369550500664544
cell_beta_0p07_p_0p00,beta,7,703234,0.07,0.0,4.0,0.4293434340126645,0.141313131974671
cell_beta_0p07_p_0p00,beta,8,803234,0.07,0.0,0.5,0.47239145638236035,0.05521708723527934
cell_beta_0p07_p_0p00,beta,8,803234,0.07,0.0,1.0,0.46553691627960914,0.06892616744078178
cell_beta_0p07_p_0p00,beta,8,803234,0.07,0.0,2.0,0.4633266830664343,0.07334663386713142
cell_beta_0p07_p_0p00,beta,8,803234,0.07,0.0,4.0,0.462856852507235,0.07428629498552998
cell_beta_0p07_p_0p00,beta,9,903234,0.07,0.0,0.5,0.467338007862769,0.06532398427446193
cell_beta_0p07_p_0p00,beta,9,903234,0.07,0.0,1.0,0.46607484017412293,0.06785031965175412
cell_beta_0p07_p_0p00,beta,9,903234,0.07,0.0,2.0,0.4648969989167194,0.07020600216656128
cell_beta_0p07_p_0p00,beta,9,903234,0.07,0.0,4.0,0.46452912532512763,0.07094174934974472
cell_beta_0p08_p_0p00,beta,0,4234,0.08,0.0,0.5,0.4212861768097494,0.15742764638050125
cell_beta_0p08_p_0p00,beta,0,4234,0.08,0.0,1.0,0.43144319059371367,0.13711361881257267
cell_beta_0p08_p_0p00,beta,0,4234,0.08,0.0,2.0,0.4338430005029573,0.1323139989940854
cell_beta_0p08_p_0p00,beta,0,4234,0.08,0.0,4.0,0.43437374937370615,0.13125250125258772
cell_beta_0p08_p_0p00,beta,1,104234,0.08,0.0,0.5,0.4272837639695427,0.14543247206091464
cell_beta_0p08_p_0p00,beta,1,104234,0.08,0.0,1.0,0.42627764820258957,0.1474447035948209
cell_beta_0p08_p_0p00,beta,1,104234,0.08,0.0,2.0,0.426617001774976,0.14676599645004793
cell_beta_0p08_p_0p00,beta,1,104234,0.08,0.0,4.0,0.42675643279087394,0.14648713441825215
cell_beta_0p08_p_0p00,beta,2,204234,0.08,0.0,0.5,0.4174048193284343,0.16519036134313142
cell_beta_0p08_p_0p00,beta,2,204234,0.08,0.0,1.0,0.42595559146860684,0.1480888170627863
cell_beta_0p08_p_0p00,beta,2,204234,0.08,0.0,2.0,0.42984571015682266,0.14030857968635468
cell_beta_0p08_p_0p00,beta,2,204234,0.08,0.0,4.0,0.4309121463251972,0.1381757073496056
cell_beta_0p08_p_0p00,beta,3,304234,0.08,0.0,0.5,0.40724788776221393,0.18550422447557216
cell_beta_0p08_p_0p00,beta,3,304234,0.08,0.0,1.0,0.4125101483346084,0.17497970333078317
cell_beta_0p08_p_0p00,beta,3,304234,0.08,0.0,2.0,0.41400451911963154,0.17199096176073686
cell_beta_0p08_p_0p00,beta,3,304234,0.08,0.0,4.0,0.41430426374407164,0.1713914725118567
cell_beta_0p08_p_0p00,beta,4,404234,0.08,0.0,0.5,0.42668825818781475,0.14662348362437053
cell_beta_0p08_p_0p00,beta,4,404234,0.08,0.0,1.0,0.4429992465485387,0.11400150690292253
cell_beta_0p08_p_0p00,beta,4,404234,0.08,0.0,2.0,0.4477896208769028,0.10442075824619432
cell_beta_0p08_p_0p00,beta,4,404234,0.08,0.0,4.0,0.4489498396700321,0.10210032065993577
cell_beta_0p08_p_0p00,beta,5,504234,0.08,0.0,0.5,0.4592010883374547,0.08159782332509061
cell_beta_0p08_p_0p00,beta,5,504234,0.08,0.0,1.0,0.4590261832631416,0.08194763347371675
cell_beta_0p08_p_0p00,beta,5,504234,0.08,0.0,2.0,0.45830244525404995,0.08339510949190014
cell_beta_0p08_p_0p00,beta,5,504234,0.08,0.0,4.0,0.4580354615507769,0.08392907689844617
cell_beta_0p08_p_0p00,beta,6,604234,0.08,0.0,0.5,0.4573733770764505,0.08525324584709908
cell_beta_0p08_p_0p00,beta,6,604234,0.08,0.0,1.0,0.45394486586216215,0.09211026827567569
cell_beta_0p08_p_0p00,beta,6,604234,0.08,0.0,2.0,0.4523941496600448,0.09521170067991032
cell_beta_0p08_p_0p00,beta,6,604234,0.08,0.0,4.0,0.4518753281761272,0.09624934364774557
cell_beta_0p08_p_0p00,beta,7,704234,0.08,0.0,0.5,0.418587153416047,0.1628256931679059
cell_beta_0p08_p_0p00,beta,7,704234,0.08,0.0,1.0,0.42115303537870963,0.15769392924258074
cell_beta_0p08_p_0p00,beta,7,704234,0.08,0.0,2.0,0.4218850320756323,0.15622993584873537
cell_beta_0p08_p_0p00,beta,7,704234,0.08,0.0,4.0,0.42199943553411606,0.15600112893176787
cell_beta_0p08_p_0p00,beta,8,804234,0.08,0.0,0.5,0.4256559685735948,0.1486880628528104
cell_beta_0p08_p_0p00,beta,8,804234,0.08,0.0,1.0,0.4320345205583358,0.13593095888332835
cell_beta_0p08_p_0p00,beta,8,804234,0.08,0.0,2.0,0.4344493928631255,0.131101214273749
cell_beta_0p08_p_0p00,beta,8,804234,0.08,0.0,4.0,0.4352171731694805,0.129565653661039
cell_beta_0p08_p_0p00,beta,9,904234,0.08,0.0,0.5,0.4541364155586274,0.0917271688827452
cell_beta_0p08_p_0p00,beta,9,904234,0.08,0.0,1.0,0.46074809916312787,0.07850380167374425
cell_beta_0p08_p_0p00,beta,9,904234,0.08,0.0,2.0,0.4618192288360369,0.07636154232792625
cell_beta_0p08_p_0p00,beta,9,904234,0.08,0.0,4.0,0.4620398168056418,0.07592036638871637
cell_beta_0p09_p_0p00,beta,0,5234,0.09,0.0,0.5,0.43914795589490685,0.12170408821018636
cell_beta_0p09_p_0p00,beta,0,5234,0.09,0.0,1.0,0.4412902597907032,0.11741948041859365
cell_beta_0p09_p_0p00,beta,0,5234,0.09,0.0,2.0,0.44118208859561353,0.11763582280877297
cell_beta_0p09_p_0p00,beta,0,5234,0.09,0.0,4.0,0.4410167510282422,0.11796649794351556
cell_beta_0p09_p_0p00,beta,1,105234,0.09,0.0,0.5,0.40333788071908516,0.19332423856182965
cell_beta_0p09_p_0p00,beta,1,105234,0.09,0.0,1.0,0.39822228552462735,0.20355542895074535
cell_beta_0p09_p_0p00,beta,1,105234,0.09,0.0,2.0,0.39691998024621744,0.20616003950756515
cell_beta_0p09_p_0p00,beta,1,105234,0.09,0.0,4.0,0.39664406424541604,0.20671187150916792
cell_beta_0p09_p_0p00,beta,2,205234,0.09,0.0,0.5,0.42354557314128904,0.15290885371742188
cell_beta_0p09_p_0p00,beta,2,205234,0.09,0.0,1.0,0.4320589587458801,0.13588208250823985
cell_beta_0p09_p_0p00,beta,2,205234,0.09,0.0,2.0,0.43530258759361845,0.12939482481276307
cell_beta_0p09_p_0p00,beta,2,205234,0.09,0.0,4.0,0.43616116279329104,0.12767767441341796
cell_beta_0p09_p_0p00,beta,3,305234,0.09,0.0,0.5,0.4020097072467411,0.19598058550651778
cell_beta_0p09_p_0p00,beta,3,305234,0.09,0.0,1.0,0.4015847484913899,0.1968305030172201
cell_beta_0p09_p_0p00,beta,3,305234,0.09,0.0,2.0,0.4009942266988313,0.19801154660233744
cell_beta_0p09_p_0p00,beta,3,305234,0.09,0.0,4.0,0.4008711062244339,0.19825778755113221
cell_beta_0p09_p_0p00,beta,4,405234,0.09,0.0,0.5,0.4129561120769006,0.17408777584619886
cell_beta_0p09_p_0p00,beta,4,405234,0.09,0.0,1.0,0.4210974991368024,0.15780500172639517
cell_beta_0p09_p_0p00,beta,4,405234,0.09,0.0,2.0,0.42305819379234755,0.15388361241530485
cell_beta_0p09_p_0p00,beta,4,405234,0.09,0.0,4.0,0.4235647091368731,0.15287058172625378
cell_beta_0p09_p_0p00,beta,5,505234,0.09,0.0,0.5,0.3949801093440968,0.21003978131180642
cell_beta_0p09_p_0p00,beta,5,505234,0.09,0.0,1.0,0.40205568834028405,0.19588862331943188
cell_beta_0p09_p_0p00,beta,5,505234,0.09,0.0,2.0,0.40335254913912344,0.1932949017217531
cell_beta_0p09_p_0p00,beta,5,505234,0.09,0.0,4.0,0.40354233773244463,0.19291532453511076
cell_beta_0p09_p_0p00,beta,6,605234,0.09,0.0,0.5,0.42924036695053647,0.1415192660989271
cell_beta_0p09_p_0p00,beta,6,605234,0.09,0.0,1.0,0.4328971796834081,0.13420564063318383
cell_beta_0p09_p_0p00,beta,6,605234,0.09,0.0,2.0,0.4355843863942997,0.1288312272114006
cell_beta_0p09_p_0p00,beta,6,605234,0.09,0.0,4.0,0.4365062743495974,0.12698745130080524
cell_beta_0p09_p_0p00,beta,7,705234,0.09,0.0,0.5,0.4095255409610998,0.18094891807780047
cell_beta_0p09_p_0p00,beta,7,705234,0.09,0.0,1.0,0.4054444191422537,0.18911116171549258
cell_beta_0p09_p_0p00,beta,7,705234,0.09,0.0,2.0,0.4040729842763035,0.19185403144739302
cell_beta_0p09_p_0p00,beta,7,705234,0.09,0.0,4.0,0.40363960686605077,0.19272078626789846
cell_beta_0p09_p_0p00,beta,8,805234,0.09,0.0,0.5,0.40050209453241437,0.19899581093517124
cell_beta_0p09_p_0p00,beta,8,805234,0.09,0.0,1.0,0.41279993492816214,0.17440013014367578
cell_beta_0p09_p_0p00,beta,8,805234,0.09,0.0,2.0,0.4166458164177356,0.16670836716452878
cell_beta_0p09_p_0p00,beta,8,805234,0.09,0.0,4.0,0.4177232619056076,0.16455347618878474
cell_beta_0p09_p_0p00,beta,9,905234,0.09,0.0,0.5,0.3754846534249099,0.24903069315018028
cell_beta_0p09_p_0p00,beta,9,905234,0.09,0.0,1.0,0.3850545172882304,0.22989096542353918
cell_beta_0p09_p_0p00,beta,9,905234,0.09,0.0,2.0,0.3886044372399824,0.22279112552003516
cell_beta_0p09_p_0p00,beta,9,905234,0.09,0.0,4.0,0.3895520453358357,0.22089590932832856
cell_beta_0p10_p_0p00,beta,0,6234,0.1,0.0,0.5,0.3563784919224737,0.28724301615505266
cell_beta_0p10_p_0p00,beta,0,6234,0.1,0.0,1.0,0.3659380737575753,0.2681238524848494
cell_beta_0p10_p_0p00,beta,0,6234,0.1,0.0,2.0,0.37013949968481163,0.2597210006303768
cell_beta_0p10_p_0p00,beta,0,6234,0.1,0.0,4.0,0.37129695622123143,0.25740608755753713
cell_beta_0p10_p_0p00,beta,1,106234,0.1,0.0,0.5,0.39435815252777384,0.21128369494445234
cell_beta_0p10_p_0p00,beta,1,106234,0.1,0.0,1.0,0.3927107714790931,0.21457845704181377
cell_beta_0p10_p_0p00,beta,1,106234,0.1,0.0,2.0,0.39301209413070637,0.21397581173858732
cell_beta_0p10_p_0p00,beta,1,106234,0.1,0.0,4.0,0.3931817194701439,0.21363656105971218
cell_beta_0p10_p_0p00,beta,2,206234,0.1,0.0,0.5,0.39396681117281995,0.2120663776543601
cell_beta_0p10_p_0p00,beta,2,206234,0.1,0.0,1.0,0.4122895081303881,0.17542098373922374
cell_beta_0p10_p_0p00,beta,2,206234,0.1,0.0,2.0,0.41717921903582905,0.1656415619283419
cell_beta_0p10_p_0p00,beta,2,206234,0.1,0.0,4.0,0.41837084214479736,0.16325831571040525
cell_beta_0p10_p_0p00,beta,3,306234,0.1,0.0,0.5,0.33974820737758793,0.3205035852448242
cell_beta_0p10_p_0p00,beta,3,306234,0.1,0.0,1.0,0.3549538759903502,0.29009224801929956
cell_beta_0p10_p_0p00,beta,3,306234,0.1,0.0,2.0,0.3590057580156715,0.28198848396865706
cell_beta_0p10_p_0p00,beta,3,306234,0.1,0.0,4.0,0.3598890848040919,0.28022183039181625
cell_beta_0p10_p_0p00,beta,4,406234,0.1,0.0,0.5,0.41635811771770825,0.1672837645645835
cell_beta_0p10_p_0p00,beta,4,406234,0.1,0.0,1.0,0.42104965369836406,0.1579006926032719
cell_beta_0p10_p_0p00,beta,4,406234,0.1,0.0,2.0,0.4241268216601194,0.15174635667976127
cell_beta_0p10_p_0p00,beta,4,406234,0.1,0.0,4.0,0.4250846632678417,0.14983067346431655
cell_beta_0p10_p_0p00,beta,5,506234,0.1,0.0,0.5,0.3927141515069288,0.21457169698614248
cell_beta_0p10_p_0p00,beta,5,506234,0.1,0.0,1.0,0.39824182168631855,0.20351635662736287
cell_beta_0p10_p_0p00,beta,5,506234,0.1,0.0,2.0,0.40105254730239703,0.197894905395206
cell_beta_0p10_p_0p00,beta,5,506234,0.1,0.0,4.0,0.4018431865069121,0.19631362698617583
cell_beta_0p10_p_0p00,beta,6,606234,0.1,0.0,0.5,0.3668343885183891,0.2663312229632217
cell_beta_0p10_p_0p00,beta,6,606234,0.1,0.0,1.0,0.38183703752368037,0.23632592495263932
cell_beta_0p10_p_0p00,beta,6,606234,0.1,0.0,2.0,0.38790755712523095,0.22418488574953813
cell_beta_0p10_p_0p00,beta,6,606234,0.1,0.0,4.0,0.3895365983190602,0.22092680336187964
cell_beta_0p10_p_0p00,beta,7,706234,0.1,0.0,0.5,0.4112297803749245,0.17754043925015095
cell_beta_0p10_p_0p00,beta,7,706234,0.1,0.0,1.0,0.41338855804712027,0.17322288390575943
cell_beta_0p10_p_0p00,beta,7,706234,0.1,0.0,2.0,0.41429917811739664,0.1714016437652067
cell_beta_0p10_p_0p00,beta,7,706234,0.1,0.0,4.0,0.41454781785089684,0.17090436429820635
cell_beta_0p10_p_0p00,beta,8,806234,0.1,0.0,0.5,0.37398684987762576,0.2520263002447485
cell_beta_0p10_p_0p00,beta,8,806234,0.1,0.0,1.0,0.3852728857863503,0.22945422842729937
cell_beta_0p10_p_0p00,beta,8,806234,0.1,0.0,2.0,0.3898208999873733,0.22035820002525344
cell_beta_0p10_p_0p00,beta,8,806234,0.1,0.0,4.0,0.39119943206091057,0.21760113587817886
cell_beta_0p10_p_0p00,beta,9,906234,0.1,0.0,0.5,0.3950314140770554,0.2099371718458892
cell_beta_0p10_p_0p00,beta,9,906234,0.1,0.0,1.0,0.40719396769099836,0.18561206461800328
cell_beta_0p10_p_0p00,beta,9,906234,0.1,0.0,2.0,0.4136906866177059,0.17261862676458822
cell_beta_0p10_p_0p00,beta,9,906234,0.1,0.0,4.0,0.41571566249544,0.16856867500911996
cell_beta_0p11_p_0p00,beta,0,7234,0.11,0.0,0.5,0.35624951575592095,0.2875009684881581
cell_beta_0p11_p_0p00,beta,0,7234,0.11,0.0,1.0,0.3682292724288483,0.26354145514230337
cell_beta_0p11_p_0p00,beta,0,7234,0.11,0.0,2.0,0.37248511537194906,0.2550297692561018
cell_beta_0p11_p_0p00,beta,0,7234,0.11,0.0,4.0,0.37361675865246324,0.25276648269507357
cell_beta_0p11_p_0p00,beta,1,107234,0.11,0.0,0.5,0.43200553301280264,0.13598893397439474
cell_beta_0p11_p_0p00,beta,1,107234,0.11,0.0,1.0,0.44005857905382384,0.11988284189235232
cell_beta_0p11_p_0p00,beta,1,107234,0.11,0.0,2.0,0.44322469840369394,0.11355060319261213
cell_beta_0p11_p_0p00,beta,1,107234,0.11,0.0,4.0,0.4440962636924025,0.111807472615195
cell_beta_0p11_p_0p00,beta,2,207234,0.11,0.0,0.5,0.3860032756802843,0.22799344863943138
cell_beta_0p11_p_0p00,beta,2,207234,0.11,0.0,1.0,0.3880167974429758,0.22396640511404844
cell_beta_0p11_p_0p00,beta,2,207234,0.11,0.0,2.0,0.3900120053344864,0.21997598933102722
cell_beta_0p11_p_0p00,beta,2,207234,0.11,0.0,4.0,0.3907885135132151,0.21842297297356977
cell_beta_0p11_p_0p00,beta,3,307234,0.11,0.0,0.5,0.3410415094113567,0.3179169811772867
cell_beta_0p11_p_0p00,beta,3,307234,0.11,0.0,1.0,0.35369437236914014,0.29261125526171966
cell_beta_0p11_p_0p00,beta,3,307234,0.11,0.0,2.0,0.3580195301646619,0.28396093967067615
cell_beta_0p11_p_0p00,beta,3,307234,0.11,0.0,4.0,0.3591338898821389,0.28173222023572225
cell_beta_0p11_p_0p00,beta,4,407234,0.11,0.0,0.5,0.34844997118183274,0.30310005763633446
cell_beta_0p11_p_0p00,beta,4,407234,0.11,0.0,1.0,0.3601747930326836,0.2796504139346328
cell_beta_0p11_p_0p00,beta,4,407234,0.11,0.0,2.0,0.3630125881882247,0.2739748236235506
cell_beta_0p11_p_0p00,beta,4,407234,0.11,0.0,4.0,0.36361673162907004,0.27276653674185997
cell_beta_0p11_p_0p00,beta,5,507234,0.11,0.0,0.5,0.35439196780325266,0.2912160643934947
cell_beta_0p11_p_0p00,beta,5,507234,0.11,0.0,1.0,0.3627250139150552,0.2745499721698896
cell_beta_0p11_p_0p00,beta,5,507234,0.11,0.0,2.0,0.3654074580252199,0.2691850839495602
cell_beta_0p11_p_0p00,beta,5,507234,0.11,0.0,4.0,0.36612894335654156,0.2677421132869169
cell_beta_0p11_p_0p00,beta,6,607234,0.11,0.0,0.5,0.3727141969043808,0.2545716061912385
cell_beta_0p11_p_0p00,beta,6,607234,0.11,0.0,1.0,0.3815524206066614,0.2368951587866772
cell_beta_0p11_p_0p00,beta,6,607234,0.11,0.0,2.0,0.3849863116849621,0.23002737663007572
cell_beta_0p11_p_0p00,beta,6,607234,0.11,0.0,4.0,0.38593350952608413,0.22813298094783177
cell_beta_0p11_p_0p00,beta,7,707234,0.11,0.0,0.5,0.3970181708311682,0.20596365833766359
cell_beta_0p11_p_0p00,beta,7,707234,0.11,0.0,1.0,0.38872840692710187,0.22254318614579627
cell_beta_0p11_p_0p00,beta,7,707234,0.11,0.0,2.0,0.38741231929342224,0.22517536141315547
cell_beta_0p11_p_0p00,beta,7,707234,0.11,0.0,4.0,0.3871787669438979,0.22564246611220415
cell_beta_0p11_p_0p00,beta,8,807234,0.11,0.0,0.5,0.38582397768308885,0.22835204463382225
cell_beta_0p11_p_0p00,beta,8,807234,0.11,0.0,1.0,0.3938740623608928,0.2122518752782144
cell_beta_0p11_p_0p00,beta,8,807234,0.11,0.0,2.0,0.3967776451957499,0.20644470960850023
cell_beta_0p11_p_0p00,beta,8,807234,0.11,0.0,4.0,0.3975423271844794,0.20491534563104116
cell_beta_0p11_p_0p00,beta,9,907234,0.11,0.0,0.5,0.3829280510060555,0.234143897987889
cell_beta_0p11_p_0p00,beta,9,907234,0.11,0.0,1.0,0.39326588171117954,0.2134682365776409
cell_beta_0p11_p_0p00,beta,9,907234,0.11,0.0,2.0,0.39747827288823606,0.20504345422352785
cell_beta_0p11_p_0p00,beta,9,907234,0.11,0.0,4.0,0.39873044789682976,0.20253910420634053
cell_beta_0p12_p_0p00,beta,0,8234,0.12,0.0,0.5,0.35687806121151094,0.2862438775769781
cell_beta_0p12_p_0p00,beta,0,8234,0.12,0.0,1.0,0.36170642338091097,0.276587153238178
cell_beta_0p12_p_0p00,beta,0,8234,0.12,0.0,2.0,0.3629263009838915,0.274147398032217
cell_beta_0p12_p_0p00,beta,0,8234,0.12,0.0,4.0,0.3632364579724534,0.2735270840550932
cell_beta_0p12_p_0p00,beta,1,108234,0.12,0.0,0.5,0.3681530894159,0.26369382116819995
cell_beta_0p12_p_0p00,beta,1,108234,0.12,0.0,1.0,0.37736110404302975,0.24527779191394047
cell_beta_0p12_p_0p00,beta,1,108234,0.12,0.0,2.0,0.3795878145452317,0.24082437090953662
cell_beta_0p12_p_0p00,beta,1,108234,0.12,0.0,4.0,0.3801073552227703,0.23978528955445944
cell_beta_0p12_p_0p00,beta,2,208234,0.12,0.0,0.5,0.35729193522089664,0.2854161295582067
cell_beta_0p12_p_0p00,beta,2,208234,0.12,0.0,1.0,0.35549679899022935,0.28900640201954125
cell_beta_0p12_p_0p00,beta,2,208234,0.12,0.0,2.0,0.35595005917137934,0.28809988165724126
cell_beta_0p12_p_0p00,beta,2,208234,0.12,0.0,4.0,0.35616959635747375,0.2876608072850525
cell_beta_0p12_p_0p00,beta,3,308234,0.12,0.0,0.5,0.3465418032328823,0.3069163935342354
cell_beta_0p12_p_0p00,beta,3,308234,0.12,0.0,1.0,0.3461986349841139,0.3076027300317722
cell_beta_0p12_p_0p00,beta,3,308234,0.12,0.0,2.0,0.34453535890190373,0.31092928219619254
cell_beta_0p12_p_0p00,beta,3,308234,0.12,0.0,4.0,0.34397893983681604,0.31204212032636797
cell_beta_0p12_p_0p00,beta,4,408234,0.12,0.0,0.5,0.3786231841537463,0.2427536316925074
cell_beta_0p12_p_0p00,beta,4,408234,0.12,0.0,1.0,0.377521828833809,0.24495634233238198
cell_beta_0p12_p_0p00,beta,4,408234,0.12,0.0,2.0,0.37644416577417467,0.24711166845165067
cell_beta_0p12_p_0p00,beta,4,408234,0.12,0.0,4.0,0.37598497121318497,0.24803005757363009
cell_beta_0p12_p_0p00,beta,5,508234,0.12,0.0,0.5,0.38442355234708886,0.23115289530582228
cell_beta_0p12_p_0p00,beta,5,508234,0.12,0.0,1.0,0.39602256359562693,0.2079548728087461
cell_beta_0p12_p_0p00,beta,5,508234,0.12,0.0,2.0,0.39981456671641635,0.20037086656716732
cell_beta_0p12_p_0p00,beta,5,508234,0.12,0.0,4.0,0.40084240203784305,0.1983151959243139
cell_beta_0p12_p_0p00,beta,6,608234,0.12,0.0,0.5,0.34711616804584444,0.30576766390831106
cell_beta_0p12_p_0p00,beta,6,608234,0.12,0.0,1.0,0.36202645931321176,0.2759470813735765
cell_beta_0p12_p_0p00,beta,6,608234,0.12,0.0,2.0,0.36817231625406627,0.26365536749186747
cell_beta_0p12_p_0p00,beta,6,608234,0.12,0.0,4.0,0.36989703749086966,0.2602059250182607
cell_beta_0p12_p_0p00,beta,7,708234,0.12,0.0,0.5,0.3405113277237632,0.3189773445524736
cell_beta_0p12_p_0p00,beta,7,708234,0.12,0.0,1.0,0.34443615381824244,0.3111276923635151
cell_beta_0p12_p_0p00,beta,7,708234,0.12,0.0,2.0,0.3464299356248034,0.30714012875039326
cell_beta_0p12_p_0p00,beta,7,708234,0.12,0.0,4.0,0.3469486025536297,0.30610279489274067
cell_beta_0p12_p_0p00,beta,8,808234,0.12,0.0,0.5,0.3983345178955183,0.2033309642089634
cell_beta_0p12_p_0p00,beta,8,808234,0.12,0.0,1.0,0.409809955411392,0.18038008917721607
cell_beta_0p12_p_0p00,beta,8,808234,0.12,0.0,2.0,0.41351182465369757,0.17297635069260484
cell_beta_0p12_p_0p00,beta,8,808234,0.12,0.0,4.0,0.4144701666162951,0.17105966676740975
cell_beta_0p12_p_0p00,beta,9,908234,0.12,0.0,0.5,0.3390445796288549,0.32191084074229015
cell_beta_0p12_p_0p00,beta,9,908234,0.12,0.0,1.0,0.359360244354726,0.2812795112905479
cell_beta_0p12_p_0p00,beta,9,908234,0.12,0.0,2.0,0.3666835869846374,0.26663282603072525
cell_beta_0p12_p_0p00,beta,9,908234,0.12,0.0,4.0,0.3686958569862726,0.26260828602745484
cell_beta_0p13_p_0p00,beta,0,9234,0.13,0.0,0.5,0.35288278643597676,0.2942344271280465
cell_beta_0p13_p_0p00,beta,0,9234,0.13,0.0,1.0,0.3592606502174539,0.2814786995650922
cell_beta_0p13_p_0p00,beta,0,9234,0.13,0.0,2.0,0.36254200136465287,0.2749159972706942
cell_beta_0p13_p_0p00,beta,0,9234,0.13,0.0,4.0,0.36353723472366306,0.2729255305526739
cell_beta_0p13_p_0p00,beta,1,109234,0.13,0.0,0.5,0.3179241892906819,0.36415162141863616
cell_beta_0p13_p_0p00,beta,1,109234,0.13,0.0,1.0,0.3292283302961272,0.3415433394077456
cell_beta_0p13_p_0p00,beta,1,109234,0.13,0.0,2.0,0.3337375287822119,0.3325249424355762
cell_beta_0p13_p_0p00,beta,1,109234,0.13,0.0,4.0,0.3351243417323946,0.3297513165352108
cell_beta_0p13_p_0p00,beta,2,209234,0.13,0.0,0.5,0.3621040409220156,0.2757919181559688
cell_beta_0p13_p_0p00,beta,2,209234,0.13,0.0,1.0,0.36654468227309345,0.2669106354538131
cell_beta_0p13_p_0p00,beta,2,209234,0.13,0.0,2.0,0.3684820604308752,0.26303587913824955
cell_beta_0p13_p_0p00,beta,2,209234,0.13,0.0,4.0,0.3689529348867129,0.2620941302265742
cell_beta_0p13_p_0p00,beta,3,309234,0.13,0.0,0.5,0.339214587629765,0.3215708247404701
cell_beta_0p13_p_0p00,beta,3,309234,0.13,0.0,1.0,0.3488368412878149,0.30232631742437016
cell_beta_0p13_p_0p00,beta,3,309234,0.13,0.0,2.0,0.3522539931344483,0.29549201373110345
cell_beta_0p13_p_0p00,beta,3,309234,0.13,0.0,4.0,0.3532081972373551,0.2935836055252899
cell_beta_0p13_p_0p00,beta,4,409234,0.13,0.0,0.5,0.27854276944761974,0.4429144611047605
cell_beta_0p13_p_0p00,beta,4,409234,0.13,0.0,1.0,0.2952100313661258,0.4095799372677485
cell_beta_0p13_p_0p00,beta,4,409234,0.13,0.0,2.0,0.3043702050343229,0.3912595899313542
cell_beta_0p13_p_0p00,beta,4,409234,0.13,0.0,4.0,0.3072387166326503,0.3855225667346994
cell_beta_0p13_p_0p00,beta,5,509234,0.13,0.0,0.5,0.35396552474738713,0.29206895050522574
cell_beta_0p13_p_0p00,beta,5,509234,0.13,0.0,1.0,0.3686624288894469,0.2626751422211062
cell_beta_0p13_p_0p00,beta,5,509234,0.13,0.0,2.0,0.3729989499265217,0.25400210014695657
cell_beta_0p13_p_0p00,beta,5,509234,0.13,0.0,4.0,0.3741146279795729,0.2517707440408542
cell_beta_0p13_p_0p00,beta,6,609234,0.13,0.0,0.5,0.35638121402423184,0.28723757195153626
cell_beta_0p13_p_0p00,beta,6,609234,0.13,0.0,1.0,0.3600879119649708,0.27982417607005844
cell_beta_0p13_p_0p00,beta,6,609234,0.13,0.0,2.0,0.36212602997523546,0.275747940049529
cell_beta_0p13_p_0p00,beta,6,609234,0.13,0.0,4.0,0.362685779221473,0.274628441557054
cell_beta_0p13_p_0p00,beta,7,709234,0.13,0.0,0.5,0.320311636165895,0.35937672766821
cell_beta_0p13_p_0p00,beta,7,709234,0.13,0.0,1.0,0.3333179776423565,0.3333640447152871
cell_beta_0p13_p_0p00,beta,7,709234,0.13,0.0,2.0,0.3400043733767511,0.3199912532464978
cell_beta_0p13_p_0p00,beta,7,709234,0.13,0.0,4.0,0.34198492389289414,0.31603015221421177
cell_beta_0p13_p_0p00,beta,8,809234,0.13,0.0,0.5,0.3498990683845377,0.30020186323092457
cell_beta_0p13_p_0p00,beta,8,809234,0.13,0.0,1.0,0.36361558066625727,0.27276883866748547
cell_beta_0p13_p_0p00,beta,8,809234,0.13,0.0,2.0,0.3687978713954335,0.26240425720913296
cell_beta_0p13_p_0p00,beta,8,809234,0.13,0.0,4.0,0.37020081998557713,0.25959836002884573
cell_beta_0p13_p_0p00,beta,9,909234,0.13,0.0,0.5,0.3322740323697112,0.3354519352605776
cell_beta_0p13_p_0p00,beta,9,909234,0.13,0.0,1.0,0.35435892840700034,0.2912821431859993
cell_beta_0p13_p_0p00,beta,9,909234,0.13,0.0,2.0,0.364079110600802,0.271841778798396
cell_beta_0p13_p_0p00,beta,9,909234,0.13,0.0,4.0,0.36696928621507363,0.2660614275698528
cell_beta_0p14_p_0p00,beta,0,10234,0.14,0.0,0.5,0.33007048459735233,0.3398590308052953
cell_beta_0p14_p_0p00,beta,0,10234,0.14,0.0,1.0,0.3316669289462997,0.33666614210740065
cell_beta_0p14_p_0p00,beta,0,10234,0.14,0.0,2.0,0.3312646997158578,0.33747060056828443
cell_beta_0p14_p_0p00,beta,0,10234,0.14,0.0,4.0,0.3311017478293732,0.3377965043412536
cell_beta_0p14_p_0p00,beta,1,110234,0.14,0.0,0.5,0.2887049246320318,0.4225901507359364
cell_beta_0p14_p_0p00,beta,1,110234,0.14,0.0,1.0,0.296669159235646,0.40666168152870796
cell_beta_0p14_p_0p00,beta,1,110234,0.14,0.0,2.0,0.2995530326117976,0.4008939347764048
cell_beta_0p14_p_0p00,beta,1,110234,0.14,0.0,4.0,0.3003413775627534,0.39931724487449316
cell_beta_0p14_p_0p00,beta,2,210234,0.14,0.0,0.5,0.3429248919136302,0.3141502161727397
cell_beta_0p14_p_0p00,beta,2,210234,0.14,0.0,1.0,0.339158097015185,0.32168380596963
cell_beta_0p14_p_0p00,beta,2,210234,0.14,0.0,2.0,0.337841567121828,0.32431686575634405
cell_beta_0p14_p_0p00,beta,2,210234,0.14,0.0,4.0,0.33757816611444136,0.32484366777111723
cell_beta_0p14_p_0p00,beta,3,310234,0.14,0.0,0.5,0.2872171215951647,0.42556575680967057
cell_beta_0p14_p_0p00,beta,3,310234,0.14,0.0,1.0,0.2967285833062746,0.40654283338745084
cell_beta_0p14_p_0p00,beta,3,310234,0.14,0.0,2.0,0.3018445074765367,0.3963109850469266
cell_beta_0p14_p_0p00,beta,3,310234,0.14,0.0,4.0,0.30338137149022615,0.3932372570195477
cell_beta_0p14_p_0p00,beta,4,410234,0.14,0.0,0.5,0.31704012094334744,0.36591975811330507
cell_beta_0p14_p_0p00,beta,4,410234,0.14,0.0,1.0,0.3337646473949625,0.33247070521007505
cell_beta_0p14_p_0p00,beta,4,410234,0.14,0.0,2.0,0.34098953900662327,0.31802092198675347
cell_beta_0p14_p_0p00,beta,4,410234,0.14,0.0,4.0,0.3430142323038734,0.31397153539225325
cell_beta_0p14_p_0p00,beta,5,510234,0.14,0.0,0.5,0.29579468469098336,0.40841063061803323
cell_beta_0p14_p_0p00,beta,5,510234,0.14,0.0,1.0,0.3011156493639602,0.3977687012720797
cell_beta_0p14_p_0p00,beta,5,510234,0.14,0.0,2.0,0.30438582405593273,0.3912283518881345
cell_beta_0p14_p_0p00,beta,5,510234,0.14,0.0,4.0,0.3053601621520228,0.3892796756959545
cell_beta_0p14_p_0p00,beta,6,610234,0.14,0.0,0.5,0.3239394016753233,0.3521211966493533
cell_beta_0p14_p_0p00,beta,6,610234,0.14,0.0,1.0,0.32610679194002234,0.34778641611995526
cell_beta_0p14_p_0p00,beta,6,610234,0.14,0.0,2.0,0.3285816144967979,0.34283677100640425
cell_beta_0p14_p_0p00,beta,6,610234,0.14,0.0,4.0,0.32955626781266634,0.3408874643746674
cell_beta_0p14_p_0p00,beta,7,710234,0.14,0.0,0.5,0.2967260026878024,0.40654799462439517
cell_beta_0p14_p_0p00,beta,7,710234,0.14,0.0,1.0,0.3161046953072675,0.3677906093854651
cell_beta_0p14_p_0p00,beta,7,710234,0.14,0.0,2.0,0.32396840783659275,0.35206318432681455
cell_beta_0p14_p_0p00,beta,7,710234,0.14,0.0,4.0,0.3261965698437886,0.3476068603124228
cell_beta_0p14_p_0p00,beta,8,810234,0.14,0.0,0.5,0.3172927007294076,0.36541459854118485
cell_beta_0p14_p_0p00,beta,8,810234,0.14,0.0,1.0,0.3125721543640547,0.3748556912718906
cell_beta_0p14_p_0p00,beta,8,810234,0.14,0.0,2.0,0.3103108274106543,0.37937834517869146
cell_beta_0p14_p_0p00,beta,8,810234,0.14,0.0,4.0,0.3096905343320234,0.38061893133595315
cell_beta_0p14_p_0p00,beta,9,910234,0.14,0.0,0.5,0.32113780029030914,0.35772439941938167
cell_beta_0p14_p_0p00,beta,9,910234,0.14,0.0,1.0,0.3330066939534032,0.33398661209319364
cell_beta_0p14_p_0p00,beta,9,910234,0.14,0.0,2.0,0.33920707680237433,0.32158584639525134
cell_beta_0p14_p_0p00,beta,9,910234,0.14,0.0,4.0,0.34106317921981233,0.31787364156037534
cell_beta_0p15_p_0p00,beta,0,11234,0.15,0.0,0.5,0.2752110941032996,0.44957781179340084
cell_beta_0p15_p_0p00,beta,0,11234,0.15,0.0,1.0,0.2804950846257921,0.43900983074841576
cell_beta_0p15_p_0p00,beta,0,11234,0.15,0.0,2.0,0.28274241176882237,0.43451517646235527
cell_beta_0p15_p_0p00,beta,0,11234,0.15,0.0,4.0,0.28342738036272863,0.4331452392745428
cell_beta_0p15_p_0p00,beta,1,111234,0.15,0.0,0.5,0.2852067482924917,0.42958650341501664
cell_beta_0p15_p_0p00,beta,1,111234,0.15,0.0,1.0,0.29424636363563866,0.4115072727287227
cell_beta_0p15_p_0p00,beta,1,111234,0.15,0.0,2.0,0.29799354059720917,0.4040129188055816
cell_beta_0p15_p_0p00,beta,1,111234,0.15,0.0,4.0,0.29910620469993754,0.40178759060012487
cell_beta_0p15_p_0p00,beta,2,211234,0.15,0.0,0.5,0.2759961338570459,0.4480077322859081
cell_beta_0p15_p_0p00,beta,2,211234,0.15,0.0,1.0,0.28106615623495035,0.4378676875300993
cell_beta_0p15_p_0p00,beta,2,211234,0.15,0.0,2.0,0.2848506146904057,0.43029877061918864
cell_beta_0p15_p_0p00,beta,2,211234,0.15,0.0,4.0,0.28602427291723903,0.42795145416552194
cell_beta_0p15_p_0p00,beta,3,311234,0.15,0.0,0.5,0.2573986286693147,0.48520274266137065
cell_beta_0p15_p_0p00,beta,3,311234,0.15,0.0,1.0,0.26896353987070987,0.46207292025858027
cell_beta_0p15_p_0p00,beta,3,311234,0.15,0.0,2.0,0.2728946941388769,0.4542106117222462
cell_beta_0p15_p_0p00,beta,3,311234,0.15,0.0,4.0,0.273981204644001,0.45203759071199795
cell_beta_0p15_p_0p00,beta,4,411234,0.15,0.0,0.5,0.29204506474409236,0.41590987051181527
cell_beta_0p15_p_0p00,beta,4,411234,0.15,0.0,1.0,0.31258491037776653,0.37483017924446693
cell_beta_0p15_p_0p00,beta,4,411234,0.15,0.0,2.0,0.3192886273815335,0.36142274523693296
cell_beta_0p15_p_0p00,beta,4,411234,0.15,0.0,4.0,0.3210271546342058,0.35794569073158844
cell_beta_0p15_p_0p00,beta,5,511234,0.15,0.0,0.5,0.3165229988769632,0.36695400224607355
cell_beta_0p15_p_0p00,beta,5,511234,0.15,0.0,1.0,0.33213106422497896,0.33573787155004214
cell_beta_0p15_p_0p00,beta,5,511234,0.15,0.0,2.0,0.33829457096173726,0.3234108580765255
cell_beta_0p15_p_0p00,beta,5,511234,0.15,0.0,4.0,0.3400239678736653,0.3199520642526695
cell_beta_0p15_p_0p00,beta,6,611234,0.15,0.0,0.5,0.25937571433259454,0.4812485713348109
cell_beta_0p15_p_0p00,beta,6,611234,0.15,0.0,1.0,0.28237930075201834,0.4352413984959633
cell_beta_0p15_p_0p00,beta,6,611234,0.15,0.0,2.0,0.29099825976742544,0.4180034804651491
cell_beta_0p15_p_0p00,beta,6,611234,0.15,0.0,4.0,0.29340370195980714,0.41319259608038567
cell_beta_0p15_p_0p00,beta,7,711234,0.15,0.0,0.5,0.2335570928420838,0.5328858143158324
cell_beta_0p15_p_0p00,beta,7,711234,0.15,0.0,1.0,0.247188678925076,0.505622642149848
cell_beta_0p15_p_0p00,beta,7,711234,0.15,0.0,2.0,0.25233533036400185,0.4953293392719963
cell_beta_0p15_p_0p00,beta,7,711234,0.15,0.0,4.0,0.25368958800049257,0.49262082399901486
cell_beta_0p15_p_0p00,beta,8,811234,0.15,0.0,0.5,0.319181481338642,0.36163703732271607
cell_beta_0p15_p_0p00,beta,8,811234,0.15,0.0,1.0,0.3202997171744752,0.3594005656510496
cell_beta_0p15_p_0p00,beta,8,811234,0.15,0.0,2.0,0.3219298243144131,0.35614035137117384
cell_beta_0p15_p_0p00,beta,8,811234,0.15,0.0,4.0,0.32247548419184136,0.3550490316163173
cell_beta_0p15_p_0p00,beta,9,911234,0.15,0.0,0.5,0.28569910206974264,0.4286017958605147
cell_beta_0p15_p_0p00,beta,9,911234,0.15,0.0,1.0,0.293870817702835,0.41225836459432996
cell_beta_0p15_p_0p00,beta,9,911234,0.15,0.0,2.0,0.2972917562007916,0.4054164875984168
cell_beta_0p15_p_0p00,beta,9,911234,0.15,0.0,4.0,0.29823024252542973,0.4035395149491405
cell_beta_0p16_p_0p00,beta,0,12234,0.16,0.0,0.5,0.2179589410392634,0.5640821179214732
cell_beta_0p16_p_0p00,beta,0,12234,0.16,0.0,1.0,0.23947054225802827,0.5210589154839435
cell_beta_0p16_p_0p00,beta,0,12234,0.16,0.0,2.0,0.24838225762792354,0.5032354847441529
cell_beta_0p16_p_0p00,beta,0,12234,0.16,0.0,4.0,0.2509394653317691,0.49812106933646183
cell_beta_0p16_p_0p00,beta,1,112234,0.16,0.0,0.5,0.2546772694546289,0.4906454610907423
cell_beta_0p16_p_0p00,beta,1,112234,0.16,0.0,1.0,0.266447626839027,0.46710474632194604
cell_beta_0p16_p_0p00,beta,1,112234,0.16,0.0,2.0,0.27112352053077093,0.4577529589384581
cell_beta_0p16_p_0p00,beta,1,112234,0.16,0.0,4.0,0.27258281661306416,0.45483436677387173
cell_beta_0p16_p_0p00,beta,2,212234,0.16,0.0,0.5,0.28245360468998015,0.4350927906200397
cell_beta_0p16_p_0p00,beta,2,212234,0.16,0.0,1.0,0.2808085155229786,0.4383829689540428
cell_beta_0p16_p_0p00,beta,2,212234,0.16,0.0,2.0,0.2802185151228672,0.43956296975426556
cell_beta_0p16_p_0p00,beta,2,212234,0.16,0.0,4.0,0.28016832145463,0.43966335709074006
cell_beta_0p16_p_0p00,beta,3,312234,0.16,0.0,0.5,0.2731834460478202,0.45363310790435957
cell_beta_0p16_p_0p00,beta,3,312234,0.16,0.0,1.0,0.27499611631269494,0.4500077673746102
cell_beta_0p16_p_0p00,beta,3,312234,0.16,0.0,2.0,0.27573307865311736,0.44853384269376534
cell_beta_0p16_p_0p00,beta,3,312234,0.16,0.0,4.0,0.2759792759044287,0.44804144819114256
cell_beta_0p16_p_0p00,beta,4,412234,0.16,0.0,0.5,0.2144031986215137,0.5711936027569726
cell_beta_0p16_p_0p00,beta,4,412234,0.16,0.0,1.0,0.2175053703313315,0.564989259337337
cell_beta_0p16_p_0p00,beta,4,412234,0.16,0.0,2.0,0.21657716057856896,0.5668456788428621
cell_beta_0p16_p_0p00,beta,4,412234,0.16,0.0,4.0,0.21609857593850557,0.5678028481229889
cell_beta_0p16_p_0p00,beta,5,512234,0.16,0.0,0.5,0.25240461102288547,0.4951907779542291
cell_beta_0p16_p_0p00,beta,5,512234,0.16,0.0,1.0,0.26104399862774763,0.4779120027445048
cell_beta_0p16_p_0p00,beta,5,512234,0.16,0.0,2.0,0.26586710382954004,0.46826579234092
cell_beta_0p16_p_0p00,beta,5,512234,0.16,0.0,4.0,0.2672221428254492,0.46555571434910165
cell_beta_0p16_p_0p00,beta,6,612234,0.16,0.0,0.5,0.24613083445229678,0.5077383310954064
cell_beta_0p16_p_0p00,beta,6,612234,0.16,0.0,1.0,0.25517110996170067,0.48965778007659866
cell_beta_0p16_p_0p00,beta,6,612234,0.16,0.0,2.0,0.2601759771288127,0.47964804574237463
cell_beta_0p16_p_0p00,beta,6,612234,0.16,0.0,4.0,0.26168970407956216,0.47662059184087574
cell_beta_0p16_p_0p00,beta,7,712234,0.16,0.0,0.5,0.25263089077102896,0.494738218457942
cell_beta_0p16_p_0p00,beta,7,712234,0.16,0.0,1.0,0.2686464478838472,0.4627071042323057
cell_beta_0p16_p_0p00,beta,7,712234,0.16,0.0,2.0,0.2752287244368117,0.4495425511263767
cell_beta_0p16_p_0p00,beta,7,712234,0.16,0.0,4.0,0.27701671437243297,0.44596657125513406
cell_beta_0p16_p_0p00,beta,8,812234,0.16,0.0,0.5,0.29172736290735296,0.4165452741852941
cell_beta_0p16_p_0p00,beta,8,812234,0.16,0.0,1.0,0.2969291519777354,0.40614169604452927
cell_beta_0p16_p_0p00,beta,8,812234,0.16,0.0,2.0,0.299240761364772,0.401518477270456
cell_beta_0p16_p_0p00,beta,8,812234,0.16,0.0,4.0,0.29993960175926954,0.4001207964814609
cell_beta_0p16_p_0p00,beta,9,912234,0.16,0.0,0.5,0.27687482965606347,0.44625034068787306
cell_beta_0p16_p_0p00,beta,9,912234,0.16,0.0,1.0,0.29959264980670175,0.4008147003865965
cell_beta_0p16_p_0p00,beta,9,912234,0.16,0.0,2.0,0.3066773078315642,0.3866453843368715
cell_beta_0p16_p_0p00,beta,9,912234,0.16,0.0,4.0,0.30848746838344554,0.3830250632331089
cell_beta_0p17_p_0p00,beta,0,13234,0.17,0.0,0.5,0.14685743105633237,0.7062851378873353
cell_beta_0p17_p_0p00,beta,0,13234,0.17,0.0,1.0,0.1710918620550157,0.6578162758899686
cell_beta_0p17_p_0p00,beta,0,13234,0.17,0.0,2.0,0.1781477602476767,0.6437044795046466
cell_beta_0p17_p_0p00,beta,0,13234,0.17,0.0,4.0,0.17986658525631527,0.6402668294873695
cell_beta_0p17_p_0p00,beta,1,113234,0.17,0.0,0.5,0.1942918055872619,0.6114163888254762
cell_beta_0p17_p_0p00,beta,1,113234,0.17,0.0,1.0,0.19312842449868023,0.6137431510026395
cell_beta_0p17_p_0p00,beta,1,113234,0.17,0.0,2.0,0.19375061790265896,0.6124987641946821
cell_beta_0p17_p_0p00,beta,1,113234,0.17,0.0,4.0,0.1939772723688501,0.6120454552622998
cell_beta_0p17_p_0p00,beta,2,213234,0.17,0.0,0.5,0.21411149682724429,0.5717770063455114
cell_beta_0p17_p_0p00,beta,2,213234,0.17,0.0,1.0,0.2212444094755479,0.5575111810489042
cell_beta_0p17_p_0p00,beta,2,213234,0.17,0.0,2.0,0.22700849235933496,0.5459830152813301
cell_beta_0p17_p_0p00,beta,2,213234,0.17,0.0,4.0,0.2289348755587769,0.5421302488824462
cell_beta_0p17_p_0p00,beta,3,313234,0.17,0.0,0.5,0.2419208920246682,0.5161582159506636
cell_beta_0p17_p_0p00,beta,3,313234,0.17,0.0,1.0,0.2479181501141352,0.5041636997717296
cell_beta_0p17_p_0p00,beta,3,313234,0.17,0.0,2.0,0.2509577119589116,0.4980845760821768
cell_beta_0p17_p_0p00,beta,3,313234,0.17,0.0,4.0,0.2518767593874449,0.49624648122511017
cell_beta_0p17_p_0p00,beta,4,413234,0.17,0.0,0.5,0.1896512991733651,0.6206974016532698
cell_beta_0p17_p_0p00,beta,4,413234,0.17,0.0,1.0,0.20446793988057288,0.5910641202388542
cell_beta_0p17_p_0p00,beta,4,413234,0.17,0.0,2.0,0.21160619756906268,0.5767876048618746
cell_beta_0p17_p_0p00,beta,4,413234,0.17,0.0,4.0,0.21378220330680459,0.5724355933863908
cell_beta_0p17_p_0p00,beta,5,513234,0.17,0.0,0.5,0.24878867907672803,0.502422641846544
cell_beta_0p17_p_0p00,beta,5,513234,0.17,0.0,1.0,0.2617680658563563,0.4764638682872874
cell_beta_0p17_p_0p00,beta,5,513234,0.17,0.0,2.0,0.2671517216797329,0.46569655664053416
cell_beta_0p17_p_0p00,beta,5,513234,0.17,0.0,4.0,0.2686956024907608,0.4626087950184784
cell_beta_0p17_p_0p00,beta,6,613234,0.17,0.0,0.5,0.21605244481208769,0.5678951103758246
cell_beta_0p17_p_0p00,beta,6,613234,0.17,0.0,1.0,0.2168448063037609,0.5663103873924782
cell_beta_0p17_p_0p00,beta,6,613234,0.17,0.0,2.0,0.21980732111232454,0.5603853577753509
cell_beta_0p17_p_0p00,beta,6,613234,0.17,0.0,4.0,0.220796020531343,0.558407958937314
cell_beta_0p17_p_0p00,beta,7,713234,0.17,0.0,0.5,0.1736812760647457,0.6526374478705086
cell_beta_0p17_p_0p00,beta,7,713234,0.17,0.0,1.0,0.19066012763097162,0.6186797447380568
cell_beta_0p17_p_0p00,beta,7,713234,0.17,0.0,2.0,0.1964571922468934,0.6070856155062132
cell_beta_0p17_p_0p00,beta,7,713234,0.17,0.0,4.0,0.1979382053163688,0.6041235893672624
cell_beta_0p17_p_0p00,beta,8,813234,0.17,0.0,0.5,0.2366232902228379,0.5267534195543242
cell_beta_0p17_p_0p00,beta,8,813234,0.17,0.0,1.0,0.24497670175641528,0.5100465964871694
cell_beta_0p17_p_0p00,beta,8,813234,0.17,0.0,2.0,0.2508975045944669,0.49820499081106623
cell_beta_0p17_p_0p00,beta,8,813234,0.17,0.0,4.0,0.2528251204503196,0.49434975909936085
cell_beta_0p17_p_0p00,beta,9,913234,0.17,0.0,0.5,0.21085115257821846,0.5782976948435631
cell_beta_0p17_p_0p00,beta,9,913234,0.17,0.0,1.0,0.23051691814616498,0.53896616370767
cell_beta_0p17_p_0p00,beta,9,913234,0.17,0.0,2.0,0.23702092635947214,0.5259581472810557
cell_beta_0p17_p_0p00,beta,9,913234,0.17,0.0,4.0,0.23878786408081315,0.5224242718383737
cell_beta_0p18_p_0p00,beta,0,14234,0.18,0.0,0.5,0.1807927574967257,0.6384144850065486
cell_beta_0p18_p_0p00,beta,0,14234,0.18,0.0,1.0,0.19908628900001207,0.6018274219999759
cell_beta_0p18_p_0p00,beta,0,14234,0.18,0.0,2.0,0.20821764612488963,0.5835647077502207
cell_beta_0p18_p_0p00,beta,0,14234,0.18,0.0,4.0,0.2109176908747687,0.5781646182504626
cell_beta_0p18_p_0p00,beta,1,114234,0.18,0.0,0.5,0.19257633268630148,0.614847334627397
cell_beta_0p18_p_0p00,beta,1,114234,0.18,0.0,1.0,0.20676009479349822,0.5864798104130036
cell_beta_0p18_p_0p00,beta,1,114234,0.18,0.0,2.0,0.21210815814674577,0.5757836837065085
cell_beta_0p18_p_0p00,beta,1,114234,0.18,0.0,4.0,0.21353683218648006,0.5729263356270399
cell_beta_0p18_p_0p00,beta,2,214234,0.18,0.0,0.5,0.2152733100625014,0.5694533798749972
cell_beta_0p18_p_0p00,beta,2,214234,0.18,0.0,1.0,0.2281111340765427,0.5437777318469146
cell_beta_0p18_p_0p00,beta,2,214234,0.18,0.0,2.0,0.2329783949785641,0.5340432100428718
cell_beta_0p18_p_0p00,beta,2,214234,0.18,0.0,4.0,0.23434199910038322,0.5313160017992336
cell_beta_0p18_p_0p00,beta,3,314234,0.18,0.0,0.5,0.19552551297802095,0.6089489740439581
cell_beta_0p18_p_0p00,beta,3,314234,0.18,0.0,1.0,0.19601279008072126,0.6079744198385575
cell_beta_0p18_p_0p00,beta,3,314234,0.18,0.0,2.0,0.19910330801282217,0.6017933839743557
cell_beta_0p18_p_0p00,beta,3,314234,0.18,0.0,4.0,0.20010442929119038,0.5997911414176192
cell_beta_0p18_p_0p00,beta,4,414234,0.18,0.0,0.5,0.24191542224273777,0.5161691555145245
cell_beta_0p18_p_0p00,beta,4,414234,0.18,0.0,1.0,0.2651104188103494,0.4697791623793012
cell_beta_0p18_p_0p00,beta,4,414234,0.18,0.0,2.0,0.27332867966934465,0.4533426406613107
cell_beta_0p18_p_0p00,beta,4,414234,0.18,0.0,4.0,0.2754752284776466,0.44904954304470684
cell_beta_0p18_p_0p00,beta,5,514234,0.18,0.0,0.5,0.19759289099078875,0.6048142180184225
cell_beta_0p18_p_0p00,beta,5,514234,0.18,0.0,1.0,0.21174970468973414,0.5765005906205317
cell_beta_0p18_p_0p00,beta,5,514234,0.18,0.0,2.0,0.2170864977445241,0.5658270045109518
cell_beta_0p18_p_0p00,beta,5,514234,0.18,0.0,4.0,0.21857202817216081,0.5628559436556784
cell_beta_0p18_p_0p00,beta,6,614234,0.18,0.0,0.5,0.18754507580474167,0.6249098483905167
cell_beta_0p18_p_0p00,beta,6,614234,0.18,0.0,1.0,0.19602761971917937,0.6079447605616413
cell_beta_0p18_p_0p00,beta,6,614234,0.18,0.0,2.0,0.20090070253247944,0.5981985949350411
cell_beta_0p18_p_0p00,beta,6,614234,0.18,0.0,4.0,0.20247001234417672,0.5950599753116466
cell_beta_0p18_p_0p00,beta,7,714234,0.18,0.0,0.5,0.19705659053404573,0.6058868189319085
cell_beta_0p18_p_0p00,beta,7,714234,0.18,0.0,1.0,0.21368457515883554,0.5726308496823289
cell_beta_0p18_p_0p00,beta,7,714234,0.18,0.0,2.0,0.21817173775572207,0.5636565244885559
cell_beta_0p18_p_0p00,beta,7,714234,0.18,0.0,4.0,0.2191808718370472,0.5616382563259056
cell_beta_0p18_p_0p00,beta,8,814234,0.18,0.0,0.5,0.15049202783900117,0.6990159443219977
cell_beta_0p18_p_0p00,beta,8,814234,0.18,0.0,1.0,0.16285533423928328,0.6742893315214334
cell_beta_0p18_p_0p00,beta,8,814234,0.18,0.0,2.0,0.16719557993292072,0.6656088401341586
cell_beta_0p18_p_0p00,beta,8,814234,0.18,0.0,4.0,0.1683593418390376,0.6632813163219248
cell_beta_0p18_p_0p00,beta,9,914234,0.18,0.0,0.5,0.19696972502861082,0.6060605499427784
cell_beta_0p18_p_0p00,beta,9,914234,0.18,0.0,1.0,0.20842142586685086,0.5831571482662983
cell_beta_0p18_p_0p00,beta,9,914234,0.18,0.0,2.0,0.21428883181237574,0.5714223363752485
cell_beta_0p18_p_0p00,beta,9,914234,0.18,0.0,4.0,0.21609305108364057,0.5678138978327189
cell_beta_0p19_p_0p00,beta,0,15234,0.19,0.0,0.5,0.18807607523765935,0.6238478495246813
cell_beta_0p19_p_0p00,beta,0,15234,0.19,0.0,1.0,0.20039376212171162,0.5992124757565768
cell_beta_0p19_p_0p00,beta,0,15234,0.19,0.0,2.0,0.20685249899296387,0.5862950020140723
cell_beta_0p19_p_0p00,beta,0,15234,0.19,0.0,4.0,0.20889766044579988,0.5822046791084002
cell_beta_0p19_p_0p00,beta,1,115234,0.19,0.0,0.5,0.13898824898801293,0.7220235020239741
cell_beta_0p19_p_0p00,beta,1,115234,0.19,0.0,1.0,0.15221013371573539,0.6955797325685292
cell_beta_0p19_p_0p00,beta,1,115234,0.19,0.0,2.0,0.15959839124136566,0.6808032175172687
cell_beta_0p19_p_0p00,beta,1,115234,0.19,0.0,4.0,0.16196603814092975,0.6760679237181405
cell_beta_0p19_p_0p00,beta,2,215234,0.19,0.0,0.5,0.14007974064027412,0.7198405187194518
cell_beta_0p19_p_0p00,beta,2,215234,0.19,0.0,1.0,0.1527380747528327,0.6945238504943346
cell_beta_0p19_p_0p00,beta,2,215234,0.19,0.0,2.0,0.15761547447756719,0.6847690510448656
cell_beta_0p19_p_0p00,beta,2,215234,0.19,0.0,4.0,0.15897835239004948,0.682043295219901
cell_beta_0p19_p_0p00,beta,3,315234,0.19,0.0,0.5,0.16095911419434172,0.6780817716113166
cell_beta_0p19_p_0p00,beta,3,315234,0.19,0.0,1.0,0.18180856526081102,0.636382869478378
cell_beta_0p19_p_0p00,beta,3,315234,0.19,0.0,2.0,0.18735948807856007,0.6252810238428799
cell_beta_0p19_p_0p00,beta,3,315234,0.19,0.0,4.0,0.18867441087354908,0.6226511782529018
cell_beta_0p19_p_0p00,beta,4,415234,0.19,0.0,0.5,0.15546126538064853,0.6890774692387029
cell_beta_0p19_p_0p00,beta,4,415234,0.19,0.0,1.0,0.1684038435481795,0.663192312903641
cell_beta_0p19_p_0p00,beta,4,415234,0.19,0.0,2.0,0.17339236129446167,0.6532152774110767
cell_beta_0p19_p_0p00,beta,4,415234,0.19,0.0,4.0,0.17477150469152153,0.6504569906169569
cell_beta_0p19_p_0p00,beta,5,515234,0.19,0.0,0.5,0.1741252475508029,0.6517495048983942
cell_beta_0p19_p_0p00,beta,5,515234,0.19,0.0,1.0,0.18587503872315142,0.6282499225536972
cell_beta_0p19_p_0p00,beta,5,515234,0.19,0.0,2.0,0.1899851811510625,0.620029637697875
cell_beta_0p19_p_0p00,beta,5,515234,0.19,0.0,4.0,0.19126463094916252,0.617470738101675
cell_beta_0p19_p_0p00,beta,6,615234,0.19,0.0,0.5,0.16066672281646877,0.6786665543670625
cell_beta_0p19_p_0p00,beta,6,615234,0.19,0.0,1.0,0.1830452825674007,0.6339094348651986
cell_beta_0p19_p_0p00,beta,6,615234,0.19,0.0,2.0,0.1921312300383426,0.6157375399233148
cell_beta_0p19_p_0p00,beta,6,615234,0.19,0.0,4.0,0.1947511788244285,0.610497642351143
cell_beta_0p19_p_0p00,beta,7,715234,0.19,0.0,0.5,0.10642696373532523,0.7871460725293495
cell_beta_0p19_p_0p00,beta,7,715234,0.19,0.0,1.0,0.11969077531029004,0.7606184493794199
cell_beta_0p19_p_0p00,beta,7,715234,0.19,0.0,2.0,0.12648089109614002,0.74703821780772
cell_beta_0p19_p_0p00,beta,7,715234,0.19,0.0,4.0,0.1285320687475342,0.7429358625049316
cell_beta_0p19_p_0p00,beta,8,815234,0.19,0.0,0.5,0.17342814057167993,0.6531437188566401
cell_beta_0p19_p_0p00,beta,8,815234,0.19,0.0,1.0,0.2005625683555453,0.5988748632889094
cell_beta_0p19_p_0p00,beta,8,815234,0.19,0.0,2.0,0.21141228299460674,0.5771754340107865
cell_beta_0p19_p_0p00,beta,8,815234,0.19,0.0,4.0,0.21463713956184488,0.5707257208763102
cell_beta_0p19_p_0p00,beta,9,915234,0.19,0.0,0.5,0.1527889712613093,0.6944220574773814
cell_beta_0p19_p_0p00,beta,9,915234,0.19,0.0,1.0,0.165335243346662,0.669329513306676
cell_beta_0p19_p_0p00,beta,9,915234,0.19,0.0,2.0,0.17046435004181298,0.659071299916374
cell_beta_0p19_p_0p00,beta,9,915234,0.19,0.0,4.0,0.17203260677571786,0.6559347864485643
cell_beta_0p20_p_0p00,beta,0,16234,0.2,0.0,0.5,0.13966126156862962,0.7206774768627408
cell_beta_0p20_p_0p00,beta,0,16234,0.2,0.0,1.0,0.15268263494673284,0.6946347301065343
cell_beta_0p20_p_0p00,beta,0,16234,0.2,0.0,2.0,0.15727679748485246,0.6854464050302951
cell_beta_0p20_p_0p00,beta,0,16234,0.2,0.0,4.0,0.15839718663432678,0.6832056267313464
cell_beta_0p20_p_0p00,beta,1,116234,0.2,0.0,0.5,0.11741580125271339,0.7651683974945732
cell_beta_0p20_p_0p00,beta,1,116234,0.2,0.0,1.0,0.14299879227068207,0.7140024154586359
cell_beta_0p20_p_0p00,beta,1,116234,0.2,0.0,2.0,0.15447344523114026,0.6910531095377195
cell_beta_0p20_p_0p00,beta,1,116234,0.2,0.0,4.0,0.1577586117571273,0.6844827764857454
cell_beta_0p20_p_0p00,beta,2,216234,0.2,0.0,0.5,0.11961768587541255,0.7607646282491749
cell_beta_0p20_p_0p00,beta,2,216234,0.2,0.0,1.0,0.13667095847040095,0.7266580830591981
cell_beta_0p20_p_0p00,beta,2,216234,0.2,0.0,2.0,0.14125478303581135,0.7174904339283773
cell_beta_0p20_p_0p00,beta,2,216234,0.2,0.0,4.0,0.1423159535624658,0.7153680928750684
cell_beta_0p20_p_0p00,beta,3,316234,0.2,0.0,0.5,0.1616674780509384,0.6766650438981232
cell_beta_0p20_p_0p00,beta,3,316234,0.2,0.0,1.0,0.1834433491588719,0.6331133016822562
cell_beta_0p20_p_0p00,beta,3,316234,0.2,0.0,2.0,0.19201978376583184,0.6159604324683363
cell_beta_0p20_p_0p00,beta,3,316234,0.2,0.0,4.0,0.1943005395611977,0.6113989208776046
cell_beta_0p20_p_0p00,beta,4,416234,0.2,0.0,0.5,0.18133843171896508,0.6373231365620698
cell_beta_0p20_p_0p00,beta,4,416234,0.2,0.0,1.0,0.18092678815346436,0.6381464236930713
cell_beta_0p20_p_0p00,beta,4,416234,0.2,0.0,2.0,0.18310660591177907,0.6337867881764419
cell_beta_0p20_p_0p00,beta,4,416234,0.2,0.0,4.0,0.18390666506800074,0.6321866698639985
cell_beta_0p20_p_0p00,beta,5,516234,0.2,0.0,0.5,0.14890603685964404,0.7021879262807119
cell_beta_0p20_p_0p00,beta,5,516234,0.2,0.0,1.0,0.16170480177430135,0.6765903964513973
cell_beta_0p20_p_0p00,beta,5,516234,0.2,0.0,2.0,0.16638317732319824,0.6672336453536035
cell_beta_0p20_p_0p00,beta,5,516234,0.2,0.0,4.0,0.16779705296955089,0.6644058940608982
cell_beta_0p20_p_0p00,beta,6,616234,0.2,0.0,0.5,0.12459516349613187,0.7508096730077363
cell_beta_0p20_p_0p00,beta,6,616234,0.2,0.0,1.0,0.1360655989132193,0.7278688021735614
cell_beta_0p20_p_0p00,beta,6,616234,0.2,0.0,2.0,0.14279899607851382,0.7144020078429724
cell_beta_0p20_p_0p00,beta,6,616234,0.2,0.0,4.0,0.14485887538680742,0.7102822492263852
cell_beta_0p20_p_0p00,beta,7,716234,0.2,0.0,0.5,0.13365197251307714,0.7326960549738457
cell_beta_0p20_p_0p00,beta,7,716234,0.2,0.0,1.0,0.1486422709536453,0.7027154580927094
cell_beta_0p20_p_0p00,beta,7,716234,0.2,0.0,2.0,0.15681391107379816,0.6863721778524037
cell_beta_0p20_p_0p00,beta,7,716234,0.2,0.0,4.0,0.1592329675880928,0.6815340648238144
cell_beta_0p20_p_0p00,beta,8,816234,0.2,0.0,0.5,0.10883948752358152,0.782321024952837
cell_beta_0p20_p_0p00,beta,8,816234,0.2,0.0,1.0,0.1207396950366324,0.7585206099267352
cell_beta_0p20_p_0p00,beta,8,816234,0.2,0.0,2.0,0.12299024754786969,0.7540195049042606
cell_beta_0p20_p_0p00,beta,8,816234,0.2,0.0,4.0,0.12343096367473133,0.7531380726505373
cell_beta_0p20_p_0p00,beta,9,916234,0.2,0.0,0.5,0.16166228322842946,0.6766754335431411
cell_beta_0p20_p_0p00,beta,9,916234,0.2,0.0,1.0,0.18447294128420816,0.6310541174315837
cell_beta_0p20_p_0p00,beta,9,916234,0.2,0.0,2.0,0.19201106601057666,0.6159778679788467
cell_beta_0p20_p_0p00,beta,9,916234,0.2,0.0,4.0,0.1940020283162927,0.6119959433674146
cell_beta_0p21_p_0p00,beta,0,17234,0.21,0.0,0.5,0.14158661498570013,0.7168267700285997
cell_beta_0p21_p_0p00,beta,0,17234,0.21,0.0,1.0,0.1413123842504237,0.7173752314991526
cell_beta_0p21_p_0p00,beta,0,17234,0.21,0.0,2.0,0.14349610251836603,0.7130077949632679
cell_beta_0p21_p_0p00,beta,0,17234,0.21,0.0,4.0,0.14432018880023328,0.7113596223995334
cell_beta_0p21_p_0p00,beta,1,117234,0.21,0.0,0.5,0.1058151845319476,0.7883696309361048
cell_beta_0p21_p_0p00,beta,1,117234,0.21,0.0,1.0,0.12146058359167555,0.7570788328166489
cell_beta_0p21_p_0p00,beta,1,117234,0.21,0.0,2.0,0.12758945318211184,0.7448210936357763
cell_beta_0p21_p_0p00,beta,1,117234,0.21,0.0,4.0,0.12931708771332112,0.7413658245733578
cell_beta_0p21_p_0p00,beta,2,217234,0.21,0.0,0.5,0.12388568242661407,0.7522286351467719
cell_beta_0p21_p_0p00,beta,2,217234,0.21,0.0,1.0,0.13954672691275427,0.7209065461744915
cell_beta_0p21_p_0p00,beta,2,217234,0.21,0.0,2.0,0.14378855449943762,0.7124228910011248
cell_beta_0p21_p_0p00,beta,2,217234,0.21,0.0,4.0,0.1448557695893098,0.7102884608213804
cell_beta_0p21_p_0p00,beta,3,317234,0.21,0.0,0.5,0.14123666311087552,0.717526673778249
cell_beta_0p21_p_0p00,beta,3,317234,0.21,0.0,1.0,0.14588093254849493,0.7082381349030101
cell_beta_0p21_p_0p00,beta,3,317234,0.21,0.0,2.0,0.14868235553412246,0.7026352889317551
cell_beta_0p21_p_0p00,beta,3,317234,0.21,0.0,4.0,0.1495843815312748,0.7008312369374504
cell_beta_0p21_p_0p00,beta,4,417234,0.21,0.0,0.5,0.09452447795684038,0.8109510440863192
cell_beta_0p21_p_0p00,beta,4,417234,0.21,0.0,1.0,0.10753011975329413,0.7849397604934117
cell_beta_0p21_p_0p00,beta,4,417234,0.21,0.0,2.0,0.11316361677411041,0.7736727664517792
cell_beta_0p21_p_0p00,beta,4,417234,0.21,0.0,4.0,0.11479918497938246,0.7704016300412351
cell_beta_0p21_p_0p00,beta,5,517234,0.21,0.0,0.5,0.10764721334429822,0.7847055733114036
cell_beta_0p21_p_0p00,beta,5,517234,0.21,0.0,1.0,0.11333769887603157,0.7733246022479369
cell_beta_0p21_p_0p00,beta,5,517234,0.21,0.0,2.0,0.11630991888382403,0.767380162232352
cell_beta_0p21_p_0p00,beta,5,517234,0.21,0.0,4.0,0.1171833488433926,0.7656333023132148
cell_beta_0p21_p_0p00,beta,6,617234,0.21,0.0,0.5,0.11244137584936281,0.7751172483012744
cell_beta_0p21_p_0p00,beta,6,617234,0.21,0.0,1.0,0.12999495309902315,0.7400100938019537
cell_beta_0p21_p_0p00,beta,6,617234,0.21,0.0,2.0,0.13669738856502378,0.7266052228699524
cell_beta_0p21_p_0p00,beta,6,617234,0.21,0.0,4.0,0.13850554896766193,0.7229889020646761
cell_beta_0p21_p_0p00,beta,7,717234,0.21,0.0,0.5,0.10358539077974888,0.7928292184405022
cell_beta_0p21_p_0p00,beta,7,717234,0.21,0.0,1.0,0.11233802347164262,0.7753239530567148
cell_beta_0p21_p_0p00,beta,7,717234,0.21,0.0,2.0,0.11694074382618086,0.7661185123476383
cell_beta_0p21_p_0p00,beta,7,717234,0.21,0.0,4.0,0.11835950916700033,0.7632809816659993
cell_beta_0p21_p_0p00,beta,8,817234,0.21,0.0,0.5,0.1138403286776391,0.7723193426447218
cell_beta_0p21_p_0p00,beta,8,817234,0.21,0.0,1.0,0.12912665975021131,0.7417466804995774
cell_beta_0p21_p_0p00,beta,8,817234,0.21,0.0,2.0,0.13678497300534243,0.7264300539893151
cell_beta_0p21_p_0p00,beta,8,817234,0.21,0.0,4.0,0.13909155802006834,0.7218168839598633
cell_beta_0p21_p_0p00,beta,9,917234,0.21,0.0,0.5,0.1149138821261072,0.7701722357477856
cell_beta_0p21_p_0p00,beta,9,917234,0.21,0.0,1.0,0.12199060495838504,0.7560187900832299
cell_beta_0p21_p_0p00,beta,9,917234,0.21,0.0,2.0,0.12688137683525913,0.7462372463294817
cell_beta_0p21_p_0p00,beta,9,917234,0.21,0.0,4.0,0.12848692789226807,0.7430261442154639
cell_beta_0p22_p_0p00,beta,0,18234,0.22,0.0,0.5,0.08161692381541924,0.8367661523691615
cell_beta_0p22_p_0p00,beta,0,18234,0.22,0.0,1.0,0.10130878615005146,0.7973824276998971
cell_beta_0p22_p_0p00,beta,0,18234,0.22,0.0,2.0,0.10928136037892416,0.7814372792421517
cell_beta_0p22_p_0p00,beta,0,18234,0.22,0.0,4.0,0.11153536649872015,0.7769292670025597
cell_beta_0p22_p_0p00,beta,1,118234,0.22,0.0,0.5,0.09136042702932978,0.8172791459413404
cell_beta_0p22_p_0p00,beta,1,118234,0.22,0.0,1.0,0.09967340657969775,0.8006531868406045
cell_beta_0p22_p_0p00,beta,1,118234,0.22,0.0,2.0,0.10432417103615793,0.7913516579276841
cell_beta_0p22_p_0p00,beta,1,118234,0.22,0.0,4.0,0.1057063290808476,0.7885873418383048
cell_beta_0p22_p_0p00,beta,2,218234,0.22,0.0,0.5,0.0957282209570185,0.808543558085963
cell_beta_0p22_p_0p00,beta,2,218234,0.22,0.0,1.0,0.09869869942833315,0.8026026011433337
cell_beta_0p22_p_0p00,beta,2,218234,0.22,0.0,2.0,0.10157764574842754,0.7968447085031449
cell_beta_0p22_p_0p00,beta,2,218234,0.22,0.0,4.0,0.10250451624712192,0.7949909675057562
cell_beta_0p22_p_0p00,beta,3,318234,0.22,0.0,0.5,0.08819520645788526,0.8236095870842295
cell_beta_0p22_p_0p00,beta,3,318234,0.22,0.0,1.0,0.10491678718617153,0.7901664256276569
cell_beta_0p22_p_0p00,beta,3,318234,0.22,0.0,2.0,0.11104608183494497,0.7779078363301101
cell_beta_0p22_p_0p00,beta,3,318234,0.22,0.0,4.0,0.11273762950887894,0.7745247409822421
cell_beta_0p22_p_0p00,beta,4,418234,0.22,0.0,0.5,0.12755825056413406,0.7448834988717319
cell_beta_0p22_p_0p00,beta,4,418234,0.22,0.0,1.0,0.13023409097017796,0.7395318180596441
cell_beta_0p22_p_0p00,beta,4,418234,0.22,0.0,2.0,0.13241210677367893,0.7351757864526421
cell_beta_0p22_p_0p00,beta,4,418234,0.22,0.0,4.0,0.13315639150438302,0.733687216991234
cell_beta_0p22_p_0p00,beta,5,518234,0.22,0.0,0.5,0.10338327769692568,0.7932334446061486
cell_beta_0p22_p_0p00,beta,5,518234,0.22,0.0,1.0,0.10946862465877605,0.7810627506824479
cell_beta_0p22_p_0p00,beta,5,518234,0.22,0.0,2.0,0.1121171942119753,0.7757656115760494
cell_beta_0p22_p_0p00,beta,5,518234,0.22,0.0,4.0,0.11295878447363128,0.7740824310527374
cell_beta_0p22_p_0p00,beta,6,618234,0.22,0.0,0.5,0.10603199792227169,0.7879360041554566
cell_beta_0p22_p_0p00,beta,6,618234,0.22,0.0,1.0,0.11175562201770928,0.7764887559645814
cell_beta_0p22_p_0p00,beta,6,618234,0.22,0.0,2.0,0.1148144718907177,0.7703710562185646
cell_beta_0p22_p_0p00,beta,6,618234,0.22,0.0,4.0,0.11570606883762741,0.7685878623247452
cell_beta_0p22_p_0p00,beta,7,718234,0.22,0.0,0.5,0.10651205200497854,0.7869758959900429
cell_beta_0p22_p_0p00,beta,7,718234,0.22,0.0,1.0,0.11289513460188816,0.7742097307962237
cell_beta_0p22_p_0p00,beta,7,718234,0.22,0.0,2.0,0.11687644674184028,0.7662471065163194
cell_beta_0p22_p_0p00,beta,7,718234,0.22,0.0,4.0,0.11809598307260788,0.7638080338547842
cell_beta_0p22_p_0p00,beta,8,818234,0.22,0.0,0.5,0.08311820758037924,0.8337635848392415
cell_beta_0p22_p_0p00,beta,8,818234,0.22,0.0,1.0,0.08491612419361638,0.8301677516127672
cell_beta_0p22_p_0p00,beta,8,818234,0.22,0.0,2.0,0.08487880848777546,0.8302423830244491
cell_beta_0p22_p_0p00,beta,8,818234,0.22,0.0,4.0,0.08482838866231346,0.8303432226753731
cell_beta_0p22_p_0p00,beta,9,918234,0.22,0.0,0.5,0.10470737689534354,0.7905852462093129
cell_beta_0p22_p_0p00,beta,9,918234,0.22,0.0,1.0,0.11709170469658187,0.7658165906068363
cell_beta_0p22_p_0p00,beta,9,918234,0.22,0.0,2.0,0.12244571431437296,0.7551085713712541
cell_beta_0p22_p_0p00,beta,9,918234,0.22,0.0,4.0,0.12399182846463741,0.7520163430707252
cell_beta_0p23_p_0p00,beta,0,19234,0.23,0.0,0.5,0.09439310674924167,0.8112137865015167
cell_beta_0p23_p_0p00,beta,0,19234,0.23,0.0,1.0,0.11438555798423583,0.7712288840315283
cell_beta_0p23_p_0p00,beta,0,19234,0.23,0.0,2.0,0.12299845343632276,0.7540030931273545
cell_beta_0p23_p_0p00,beta,0,19234,0.23,0.0,4.0,0.12548036543711877,0.7490392691257625
cell_beta_0p23_p_0p00,beta,1,119234,0.23,0.0,0.5,0.08407279033732007,0.8318544193253599
cell_beta_0p23_p_0p00,beta,1,119234,0.23,0.0,1.0,0.09014964145081672,0.8197007170983666
cell_beta_0p23_p_0p00,beta,1,119234,0.23,0.0,2.0,0.09398162076921823,0.8120367584615635
cell_beta_0p23_p_0p00,beta,1,119234,0.23,0.0,4.0,0.0952350400479754,0.8095299199040492
cell_beta_0p23_p_0p00,beta,2,219234,0.23,0.0,0.5,0.09677059269651594,0.8064588146069681
cell_beta_0p23_p_0p00,beta,2,219234,0.23,0.0,1.0,0.09941283615761082,0.8011743276847784
cell_beta_0p23_p_0p00,beta,2,219234,0.23,0.0,2.0,0.09946875518380038,0.8010624896323992
cell_beta_0p23_p_0p00,beta,2,219234,0.23,0.0,4.0,0.09944888889834047,0.8011022222033191
cell_beta_0p23_p_0p00,beta,3,319234,0.23,0.0,0.5,0.06686530530609991,0.8662693893878002
cell_beta_0p23_p_0p00,beta,3,319234,0.23,0.0,1.0,0.07087667310087409,0.8582466537982518
cell_beta_0p23_p_0p00,beta,3,319234,0.23,0.0,2.0,0.07359479586282197,0.8528104082743561
cell_beta_0p23_p_0p00,beta,3,319234,0.23,0.0,4.0,0.07449184479631304,0.8510163104073739
cell_beta_0p23_p_0p00,beta,4,419234,0.23,0.0,0.5,0.08869623769338508,0.8226075246132298
cell_beta_0p23_p_0p00,beta,4,419234,0.23,0.0,1.0,0.0881124613512827,0.8237750772974346
cell_beta_0p23_p_0p00,beta,4,419234,0.23,0.0,2.0,0.08766961720003502,0.82466076559993
cell_beta_0p23_p_0p00,beta,4,419234,0.23,0.0,4.0,0.08751149268893471,0.8249770146221306
cell_beta_0p23_p_0p00,beta,5,519234,0.23,0.0,0.5,0.08847971765221097,0.8230405646955781
cell_beta_0p23_p_0p00,beta,5,519234,0.23,0.0,1.0,0.10008763046570918,0.7998247390685816
cell_beta_0p23_p_0p00,beta,5,519234,0.23,0.0,2.0,0.10617490016537084,0.7876501996692583
cell_beta_0p23_p_0p00,beta,5,519234,0.23,0.0,4.0,0.10808686889917968,0.7838262622016406
cell_beta_0p23_p_0p00,beta,6,619234,0.23,0.0,0.5,0.0727454554143343,0.8545090891713314
cell_beta_0p23_p_0p00,beta,6,619234,0.23,0.0,1.0,0.08240407987240073,0.8351918402551985
cell_beta_0p23_p_0p00,beta,6,619234,0.23,0.0,2.0,0.08613615947122577,0.8277276810575485
cell_beta_0p23_p_0p00,beta,6,619234,0.23,0.0,4.0,0.08717825103834909,0.8256434979233018
cell_beta_0p23_p_0p00,beta,7,719234,0.23,0.0,0.5,0.06248334488840329,0.8750333102231934
cell_beta_0p23_p_0p00,beta,7,719234,0.23,0.0,1.0,0.07150020549858843,0.8569995890028231
cell_beta_0p23_p_0p00,beta,7,719234,0.23,0.0,2.0,0.07509029794521482,0.8498194041095704
cell_beta_0p23_p_0p00,beta,7,719234,0.23,0.0,4.0,0.0760641435829566,0.8478717128340868
cell_beta_0p23_p_0p00,beta,8,819234,0.23,0.0,0.5,0.04789248811113617,0.9042150237777277
cell_beta_0p23_p_0p00,beta,8,819234,0.23,0.0,1.0,0.054729389680403306,0.8905412206391934
cell_beta_0p23_p_0p00,beta,8,819234,0.23,0.0,2.0,0.05767261171286009,0.8846547765742798
cell_beta_0p23_p_0p00,beta,8,819234,0.23,0.0,4.0,0.05856417179742546,0.8828716564051491
cell_beta_0p23_p_0p00,beta,9,919234,0.23,0.0,0.5,0.08454442225028957,0.8309111554994209
cell_beta_0p23_p_0p00,beta,9,919234,0.23,0.0,1.0,0.0908948953485676,0.8182102093028648
cell_beta_0p23_p_0p00,beta,9,919234,0.23,0.0,2.0,0.09479495759600026,0.8104100848079995
cell_beta_0p23_p_0p00,beta,9,919234,0.23,0.0,4.0,0.09600613741555236,0.8079877251688953
cell_beta_0p24_p_0p00,beta,0,20234,0.24,0.0,0.5,0.09399797140572064,0.8120040571885587
cell_beta_0p24_p_0p00,beta,0,20234,0.24,0.0,1.0,0.10445277145745596,0.7910944570850881
cell_beta_0p24_p_0p00,beta,0,20234,0.24,0.0,2.0,0.10786620946532699,0.784267581069346
cell_beta_0p24_p_0p00,beta,0,20234,0.24,0.0,4.0,0.10877451258081533,0.7824509748383693
cell_beta_0p24_p_0p00,beta,1,120234,0.24,0.0,0.5,0.06544035672005305,0.8691192865598939
cell_beta_0p24_p_0p00,beta,1,120234,0.24,0.0,1.0,0.07022141760899203,0.8595571647820159
cell_beta_0p24_p_0p00,beta,1,120234,0.24,0.0,2.0,0.07333722350631244,0.8533255529873751
cell_beta_0p24_p_0p00,beta,1,120234,0.24,0.0,4.0,0.07428284607076502,0.85143430785847
cell_beta_0p24_p_0p00,beta,2,220234,0.24,0.0,0.5,0.06028405998869718,0.8794318800226056
cell_beta_0p24_p_0p00,beta,2,220234,0.24,0.0,1.0,0.06632597834307091,0.8673480433138582
cell_beta_0p24_p_0p00,beta,2,220234,0.24,0.0,2.0,0.07016581699116686,0.8596683660176663
cell_beta_0p24_p_0p00,beta,2,220234,0.24,0.0,4.0,0.07136939549394788,0.8572612090121042
cell_beta_0p24_p_0p00,beta,3,320234,0.24,0.0,0.5,0.08057540626401405,0.8388491874719719
cell_beta_0p24_p_0p00,beta,3,320234,0.24,0.0,1.0,0.08454578994703021,0.8309084201059396
cell_beta_0p24_p_0p00,beta,3,320234,0.24,0.0,2.0,0.08712186711906483,0.8257562657618703
cell_beta_0p24_p_0p00,beta,3,320234,0.24,0.0,4.0,0.08788823887521113,0.8242235222495777
cell_beta_0p24_p_0p00,beta,4,420234,0.24,0.0,0.5,0.11809389181519603,0.7638122163696079
cell_beta_0p24_p_0p00,beta,4,420234,0.24,0.0,1.0,0.12371463992365511,0.7525707201526898
cell_beta_0p24_p_0p00,beta,4,420234,0.24,0.0,2.0,0.12721616873619151,0.745567662527617
cell_beta_0p24_p_0p00,beta,4,420234,0.24,0.0,4.0,0.12839385929577413,0.7432122814084517
cell_beta_0p24_p_0p00,beta,5,520234,0.24,0.0,0.5,0.05978490874782133,0.8804301825043573
cell_beta_0p24_p_0p00,beta,5,520234,0.24,0.0,1.0,0.0678569347789908,0.8642861304420184
cell_beta_0p24_p_0p00,beta,5,520234,0.24,0.0,2.0,0.07104696004261501,0.85790607991477
cell_beta_0p24_p_0p00,beta,5,520234,0.24,0.0,4.0,0.07191274506735595,0.8561745098652881
cell_beta_0p24_p_0p00,beta,6,620234,0.24,0.0,0.5,0.10326647457226101,0.793467050855478
cell_beta_0p24_p_0p00,beta,6,620234,0.24,0.0,1.0,0.10779588086717773,0.7844082382656445
cell_beta_0p24_p_0p00,beta,6,620234,0.24,0.0,2.0,0.1096142493305936,0.7807715013388128
cell_beta_0p24_p_0p00,beta,6,620234,0.24,0.0,4.0,0.11025208236395723,0.7794958352720855
cell_beta_0p24_p_0p00,beta,7,720234,0.24,0.0,0.5,0.059154974403918426,0.8816900511921631
cell_beta_0p24_p_0p00,beta,7,720234,0.24,0.0,1.0,0.06880029003060362,0.8623994199387928
cell_beta_0p24_p_0p00,beta,7,720234,0.24,0.0,2.0,0.0733120291724646,0.8533759416550708
cell_beta_0p24_p_0p00,beta,7,720234,0.24,0.0,4.0,0.07462508613273616,0.8507498277345277
cell_beta_0p24_p_0p00,beta,8,820234,0.24,0.0,0.5,0.1055178845239147,0.7889642309521706
cell_beta_0p24_p_0p00,beta,8,820234,0.24,0.0,1.0,0.10931666860341344,0.7813666627931731
cell_beta_0p24_p_0p00,beta,8,820234,0.24,0.0,2.0,0.11162377966982356,0.7767524406603529
cell_beta_0p24_p_0p00,beta,8,820234,0.24,0.0,4.0,0.1124679941469981,0.7750640117060038
cell_beta_0p24_p_0p00,beta,9,920234,0.24,0.0,0.5,0.10532420582989171,0.7893515883402166
cell_beta_0p24_p_0p00,beta,9,920234,0.24,0.0,1.0,0.1122361198741722,0.7755277602516556
cell_beta_0p24_p_0p00,beta,9,920234,0.24,0.0,2.0,0.11525581264195295,0.7694883747160941
cell_beta_0p24_p_0p00,beta,9,920234,0.24,0.0,4.0,0.11616476706239526,0.7676704658752095
cell_beta_0p25_p_0p00,beta,0,21234,0.25,0.0,0.5,0.05655165460791012,0.8868966907841798
cell_beta_0p25_p_0p00,beta,0,21234,0.25,0.0,1.0,0.06944353447236373,0.8611129310552725
cell_beta_0p25_p_0p00,beta,0,21234,0.25,0.0,2.0,0.07596052166066664,0.8480789566786667
cell_beta_0p25_p_0p00,beta,0,21234,0.25,0.0,4.0,0.07788781523965055,0.8442243695206989
cell_beta_0p25_p_0p00,beta,1,121234,0.25,0.0,0.5,0.048891100613933314,0.9022177987721334
cell_beta_0p25_p_0p00,beta,1,121234,0.25,0.0,1.0,0.06081482971314012,0.8783703405737198
cell_beta_0p25_p_0p00,beta,1,121234,0.25,0.0,2.0,0.06574109353166274,0.8685178129366745
cell_beta_0p25_p_0p00,beta,1,121234,0.25,0.0,4.0,0.06716803755747452,0.865663924885051
cell_beta_0p25_p_0p00,beta,2,221234,0.25,0.0,0.5,0.042144457037815775,0.9157110859243685
cell_beta_0p25_p_0p00,beta,2,221234,0.25,0.0,1.0,0.04997212398350842,0.9000557520329832
cell_beta_0p25_p_0p00,beta,2,221234,0.25,0.0,2.0,0.052699471786218366,0.8946010564275633
cell_beta_0p25_p_0p00,beta,2,221234,0.25,0.0,4.0,0.053418540090065025,0.89316291981987
cell_beta_0p25_p_0p00,beta,3,321234,0.25,0.0,0.5,0.02789897216690196,0.9442020556661961
cell_beta_0p25_p_0p00,beta,3,321234,0.25,0.0,1.0,0.03941320432854267,0.9211735913429147
cell_beta_0p25_p_0p00,beta,3,321234,0.25,0.0,2.0,0.04376268150182433,0.9124746369963513
cell_beta_0p25_p_0p00,beta,3,321234,0.25,0.0,4.0,0.04490308858027625,0.9101938228394475
cell_beta_0p25_p_0p00,beta,4,421234,0.25,0.0,0.5,0.04043270679182459,0.9191345864163508
cell_beta_0p25_p_0p00,beta,4,421234,0.25,0.0,1.0,0.05072733644684274,0.8985453271063145
cell_beta_0p25_p_0p00,beta,4,421234,0.25,0.0,2.0,0.05344044825186939,0.8931191034962612
cell_beta_0p25_p_0p00,beta,4,421234,0.25,0.0,4.0,0.05408309559523522,0.8918338088095296
cell_beta_0p25_p_0p00,beta,5,521234,0.25,0.0,0.5,0.050918139020735276,0.8981637219585294
cell_beta_0p25_p_0p00,beta,5,521234,0.25,0.0,1.0,0.06074765100236412,0.8785046979952718
cell_beta_0p25_p_0p00,beta,5,521234,0.25,0.0,2.0,0.06401786138146554,0.8719642772370689
cell_beta_0p25_p_0p00,beta,5,521234,0.25,0.0,4.0,0.06484436367173874,0.8703112726565225
cell_beta_0p25_p_0p00,beta,6,621234,0.25,0.0,0.5,0.07461637324202303,0.850767253515954
cell_beta_0p25_p_0p00,beta,6,621234,0.25,0.0,1.0,0.08806552304774934,0.8238689539045013
cell_beta_0p25_p_0p00,beta,6,621234,0.25,0.0,2.0,0.09315286568939285,0.8136942686212143
cell_beta_0p25_p_0p00,beta,6,621234,0.25,0.0,4.0,0.09463351054675478,0.8107329789064904
cell_beta_0p25_p_0p00,beta,7,721234,0.25,0.0,0.5,0.06345493212064046,0.8730901357587191
cell_beta_0p25_p_0p00,beta,7,721234,0.25,0.0,1.0,0.07843454812988954,0.8431309037402209
cell_beta_0p25_p_0p00,beta,7,721234,0.25,0.0,2.0,0.08262947622471922,0.8347410475505616
cell_beta_0p25_p_0p00,beta,7,721234,0.25,0.0,4.0,0.08367738033708283,0.8326452393258343
cell_beta_0p25_p_0p00,beta,8,821234,0.25,0.0,0.5,0.03674923271460506,0.9265015345707899
cell_beta_0p25_p_0p00,beta,8,821234,0.25,0.0,1.0,0.04762023586066283,0.9047595282786743
cell_beta_0p25_p_0p00,beta,8,821234,0.25,0.0,2.0,0.05421914830546232,0.8915617033890754
cell_beta_0p25_p_0p00,beta,8,821234,0.25,0.0,4.0,0.05640447878462457,0.8871910424307509
cell_beta_0p25_p_0p00,beta,9,921234,0.25,0.0,0.5,0.12955955805046576,0.7408808838990685
cell_beta_0p25_p_0p00,beta,9,921234,0.25,0.0,1.0,0.12383406905146366,0.7523318618970727
cell_beta_0p25_p_0p00,beta,9,921234,0.25,0.0,2.0,0.12200669678144266,0.7559866064371147
cell_beta_0p25_p_0p00,beta,9,921234,0.25,0.0,4.0,0.12159519649547496,0.7568096070090501
cell_beta_0p26_p_0p00,beta,0,22234,0.26,0.0,0.5,0.04746854946771306,0.9050629010645739
cell_beta_0p26_p_0p00,beta,0,22234,0.26,0.0,1.0,0.057048248797394174,0.8859035024052117
cell_beta_0p26_p_0p00,beta,0,22234,0.26,0.0,2.0,0.06143367184157278,0.8771326563168544
cell_beta_0p26_p_0p00,beta,0,22234,0.26,0.0,4.0,0.06273329724448756,0.8745334055110249
cell_beta_0p26_p_0p00,beta,1,122234,0.26,0.0,0.5,0.04301945714933819,0.9139610857013236
cell_beta_0p26_p_0p00,beta,1,122234,0.26,0.0,1.0,0.05503478290720998,0.88993043418558
cell_beta_0p26_p_0p00,beta,1,122234,0.26,0.0,2.0,0.05980611288121557,0.8803877742375689
cell_beta_0p26_p_0p00,beta,1,122234,0.26,0.0,4.0,0.061163275555881635,0.8776734488882367
cell_beta_0p26_p_0p00,beta,2,222234,0.26,0.0,0.5,0.048339285372445806,0.9033214292551084
cell_beta_0p26_p_0p00,beta,2,222234,0.26,0.0,1.0,0.054230974220161265,0.8915380515596775
cell_beta_0p26_p_0p00,beta,2,222234,0.26,0.0,2.0,0.05661653404360667,0.8867669319127867
cell_beta_0p26_p_0p00,beta,2,222234,0.26,0.0,4.0,0.05730267277992662,0.8853946544401468
cell_beta_0p26_p_0p00,beta,3,322234,0.26,0.0,0.5,0.056953765977098836,0.8860924680458023
cell_beta_0p26_p_0p00,beta,3,322234,0.26,0.0,1.0,0.0625799961844214,0.8748400076311572
cell_beta_0p26_p_0p00,beta,3,322234,0.26,0.0,2.0,0.06496306370059257,0.8700738725988149
cell_beta_0p26_p_0p00,beta,3,322234,0.26,0.0,4.0,0.0656809219022974,0.8686381561954052
cell_beta_0p26_p_0p00,beta,4,422234,0.26,0.0,0.5,0.03371375611633354,0.9325724877673329
cell_beta_0p26_p_0p00,beta,4,422234,0.26,0.0,1.0,0.040135633857629194,0.9197287322847416
cell_beta_0p26_p_0p00,beta,4,422234,0.26,0.0,2.0,0.04360595632218345,0.9127880873556331
cell_beta_0p26_p_0p00,beta,4,422234,0.26,0.0,4.0,0.04466207576505449,0.910675848469891
cell_beta_0p26_p_0p00,beta,5,522234,0.26,0.0,0.5,0.053233542608131235,0.8935329147837375
cell_beta_0p26_p_0p00,beta,5,522234,0.26,0.0,1.0,0.059933031853049656,0.8801339362939007
cell_beta_0p26_p_0p00,beta,5,522234,0.26,0.0,2.0,0.06305595834582278,0.8738880833083544
cell_beta_0p26_p_0p00,beta,5,522234,0.26,0.0,4.0,0.06398257803239615,0.8720348439352077
cell_beta_0p26_p_0p00,beta,6,622234,0.26,0.0,0.5,0.08301897037408779,0.8339620592518244
cell_beta_0p26_p_0p00,beta,6,622234,0.26,0.0,1.0,0.08286392463128811,0.8342721507374238
cell_beta_0p26_p_0p00,beta,6,622234,0.26,0.0,2.0,0.08301813692110876,0.8339637261577825
cell_beta_0p26_p_0p00,beta,6,622234,0.26,0.0,4.0,0.08308030451070969,0.8338393909785806
cell_beta_0p26_p_0p00,beta,7,722234,0.26,0.0,0.5,0.05138016912762072,0.8972396617447586
cell_beta_0p26_p_0p00,beta,7,722234,0.26,0.0,1.0,0.05441261954753929,0.8911747609049214
cell_beta_0p26_p_0p00,beta,7,722234,0.26,0.0,2.0,0.05744655312141089,0.8851068937571782
cell_beta_0p26_p_0p00,beta,7,722234,0.26,0.0,4.0,0.05840377520986645,0.8831924495802671
cell_beta_0p26_p_0p00,beta,8,822234,0.26,0.0,0.5,0.0814518014152637,0.8370963971694726
cell_beta_0p26_p_0p00,beta,8,822234,0.26,0.0,1.0,0.09151799431841118,0.8169640113631776
cell_beta_0p26_p_0p00,beta,8,822234,0.26,0.0,2.0,0.09607064927801723,0.8078587014439655
cell_beta_0p26_p_0p00,beta,8,822234,0.26,0.0,4.0,0.09736202421108409,0.8052759515778318
cell_beta_0p26_p_0p00,beta,9,922234,0.26,0.0,0.5,0.035557015679392845,0.9288859686412143
cell_beta_0p26_p_0p00,beta,9,922234,0.26,0.0,1.0,0.04999971052980684,0.9000005789403863
cell_beta_0p26_p_0p00,beta,9,922234,0.26,0.0,2.0,0.05546956005259468,0.8890608798948106
cell_beta_0p26_p_0p00,beta,9,922234,0.26,0.0,4.0,0.056919583126932294,0.8861608337461354
cell_beta_0p27_p_0p00,beta,0,23234,0.27,0.0,0.5,0.03808470001247155,0.9238305999750569
cell_beta_0p27_p_0p00,beta,0,23234,0.27,0.0,1.0,0.04100348215080851,0.917993035698383
cell_beta_0p27_p_0p00,beta,0,23234,0.27,0.0,2.0,0.0434008254778353,0.9131983490443294
cell_beta_0p27_p_0p00,beta,0,23234,0.27,0.0,4.0,0.044134713817717386,0.9117305723645652
cell_beta_0p27_p_0p00,beta,1,123234,0.27,0.0,0.5,0.03180215959668309,0.9363956808066338
cell_beta_0p27_p_0p00,beta,1,123234,0.27,0.0,1.0,0.03833686767605521,0.9233262646478896
cell_beta_0p27_p_0p00,beta,1,123234,0.27,0.0,2.0,0.0405055376997277,0.9189889246005446
cell_beta_0p27_p_0p00,beta,1,123234,0.27,0.0,4.0,0.041039016798010586,0.9179219664039788
cell_beta_0p27_p_0p00,beta,2,223234,0.27,0.0,0.5,0.04875113922151858,0.9024977215569628
cell_beta_0p27_p_0p00,beta,2,223234,0.27,0.0,1.0,0.05576420898663342,0.8884715820267332
cell_beta_0p27_p_0p00,beta,2,223234,0.27,0.0,2.0,0.05940047247520652,0.881199055049587
cell_beta_0p27_p_0p00,beta,2,223234,0.27,0.0,4.0,0.06052635973696224,0.8789472805260755
cell_beta_0p27_p_0p00,beta,3,323234,0.27,0.0,0.5,0.04272513563214925,0.9145497287357015
cell_beta_0p27_p_0p00,beta,3,323234,0.27,0.0,1.0,0.04953441903385203,0.9009311619322959
cell_beta_0p27_p_0p00,beta,3,323234,0.27,0.0,2.0,0.05154107135583469,0.8969178572883306
cell_beta_0p27_p_0p00,beta,3,323234,0.27,0.0,4.0,0.05200237255151735,0.8959952548969653
cell_beta_0p27_p_0p00,beta,4,423234,0.27,0.0,0.5,0.06672637212383825,0.8665472557523235
cell_beta_0p27_p_0p00,beta,4,423234,0.27,0.0,1.0,0.07203339749287768,0.8559332050142446
cell_beta_0p27_p_0p00,beta,4,423234,0.27,0.0,2.0,0.07343772582590041,0.8531245483481992
cell_beta_0p27_p_0p00,beta,4,423234,0.27,0.0,4.0,0.07374047426757108,0.8525190514648578
cell_beta_0p27_p_0p00,beta,5,523234,0.27,0.0,0.5,0.06958346713346097,0.860833065733078
cell_beta_0p27_p_0p00,beta,5,523234,0.27,0.0,1.0,0.08216537152929138,0.8356692569414172
cell_beta_0p27_p_0p00,beta,5,523234,0.27,0.0,2.0,0.08760377549675025,0.8247924490064995
cell_beta_0p27_p_0p00,beta,5,523234,0.27,0.0,4.0,0.08919712492047333,0.8216057501590533
cell_beta_0p27_p_0p00,beta,6,623234,0.27,0.0,0.5,0.05662066128651594,0.8867586774269681
cell_beta_0p27_p_0p00,beta,6,623234,0.27,0.0,1.0,0.0725474221098914,0.8549051557802172
cell_beta_0p27_p_0p00,beta,6,623234,0.27,0.0,2.0,0.0772428533350698,0.8455142933298604
cell_beta_0p27_p_0p00,beta,6,623234,0.27,0.0,4.0,0.07845438325726689,0.8430912334854662
cell_beta_0p27_p_0p00,beta,7,723234,0.27,0.0,0.5,0.05905076076032412,0.8818984784793518
cell_beta_0p27_p_0p00,beta,7,723234,0.27,0.0,1.0,0.06048994568475091,0.8790201086304982
cell_beta_0p27_p_0p00,beta,7,723234,0.27,0.0,2.0,0.060897632856971085,0.8782047342860578
cell_beta_0p27_p_0p00,beta,7,723234,0.27,0.0,4.0,0.06100231575290932,0.8779953684941814
cell_beta_0p27_p_0p00,beta,8,823234,0.27,0.0,0.5,0.04729074580370424,0.9054185083925915
cell_beta_0p27_p_0p00,beta,8,823234,0.27,0.0,1.0,0.06109501635630005,0.8778099672873999
cell_beta_0p27_p_0p00,beta,8,823234,0.27,0.0,2.0,0.06636960951885174,0.8672607809622965
cell_beta_0p27_p_0p00,beta,8,823234,0.27,0.0,4.0,0.06778613306214437,0.8644277338757113
cell_beta_0p27_p_0p00,beta,9,923234,0.27,0.0,0.5,0.0753383035895841,0.8493233928208318
cell_beta_0p27_p_0p00,beta,9,923234,0.27,0.0,1.0,0.08633260630049766,0.8273347873990047
cell_beta_0p27_p_0p00,beta,9,923234,0.27,0.0,2.0,0.09166232692862936,0.8166753461427413
cell_beta_0p27_p_0p00,beta,9,923234,0.27,0.0,4.0,0.09323325487799555,0.8135334902440089
cell_beta_0p28_p_0p00,beta,0,24234,0.28,0.0,0.5,0.05530470591738351,0.889390588165233
cell_beta_0p28_p_0p00,beta,0,24234,0.28,0.0,1.0,0.0588694885800331,0.8822610228399338
cell_beta_0p28_p_0p00,beta,0,24234,0.28,0.0,2.0,0.060314823274108864,0.8793703534517823
cell_beta_0p28_p_0p00,beta,0,24234,0.28,0.0,4.0,0.060788509975922334,0.8784229800481553
cell_beta_0p28_p_0p00,beta,1,124234,0.28,0.0,0.5,0.05648402978304018,0.8870319404339196
cell_beta_0p28_p_0p00,beta,1,124234,0.28,0.0,1.0,0.06192775720801191,0.8761444855839762
cell_beta_0p28_p_0p00,beta,1,124234,0.28,0.0,2.0,0.06505850947338987,0.8698829810532203
cell_beta_0p28_p_0p00,beta,1,124234,0.28,0.0,4.0,0.06614251335226823,0.8677149732954635
cell_beta_0p28_p_0p00,beta,2,224234,0.28,0.0,0.5,0.048794763693052134,0.9024104726138957
cell_beta_0p28_p_0p00,beta,2,224234,0.28,0.0,1.0,0.05445507075863071,0.8910898584827386
cell_beta_0p28_p_0p00,beta,2,224234,0.28,0.0,2.0,0.057446325781607466,0.8851073484367851
cell_beta_0p28_p_0p00,beta,2,224234,0.28,0.0,4.0,0.0583822346470359,0.8832355307059282
cell_beta_0p28_p_0p00,beta,3,324234,0.28,0.0,0.5,0.045150137270146884,0.9096997254597062
cell_beta_0p28_p_0p00,beta,3,324234,0.28,0.0,1.0,0.052285399583122893,0.8954292008337542
cell_beta_0p28_p_0p00,beta,3,324234,0.28,0.0,2.0,0.05437688046740591,0.8912462390651882
cell_beta_0p28_p_0p00,beta,3,324234,0.28,0.0,4.0,0.05493239506396136,0.8901352098720773
cell_beta_0p28_p_0p00,beta,4,424234,0.28,0.0,0.5,0.04644584789791256,0.9071083042041749
cell_beta_0p28_p_0p00,beta,4,424234,0.28,0.0,1.0,0.05130392009416718,0.8973921598116656
cell_beta_0p28_p_0p00,beta,4,424234,0.28,0.0,2.0,0.05362429421760789,0.8927514115647842
cell_beta_0p28_p_0p00,beta,4,424234,0.28,0.0,4.0,0.054279354525541945,0.8914412909489161
cell_beta_0p28_p_0p00,beta,5,524234,0.28,0.0,0.5,0.06816765868169988,0.8636646826366002
cell_beta_0p28_p_0p00,beta,5,524234,0.28,0.0,1.0,0.07211132094965744,0.8557773581006851
cell_beta_0p28_p_0p00,beta,5,524234,0.28,0.0,2.0,0.07325272253732462,0.8534945549253508
cell_beta_0p28_p_0p00,beta,5,524234,0.28,0.0,4.0,0.07356027923650327,0.8528794415269935
cell_beta_0p28_p_0p00,beta,6,624234,0.28,0.0,0.5,0.04314360600370942,0.9137127879925812
cell_beta_0p28_p_0p00,beta,6,624234,0.28,0.0,1.0,0.05935426666836008,0.8812914666632798
cell_beta_0p28_p_0p00,beta,6,624234,0.28,0.0,2.0,0.0647394243920481,0.8705211512159038
cell_beta_0p28_p_0p00,beta,6,624234,0.28,0.0,4.0,0.06611640558974513,0.8677671888205097
cell_beta_0p28_p_0p00,beta,7,724234,0.28,0.0,0.5,0.04260251061896042,0.9147949787620792
cell_beta_0p28_p_0p00,beta,7,724234,0.28,0.0,1.0,0.05233404584000423,0.8953319083199915
cell_beta_0p28_p_0p00,beta,7,724234,0.28,0.0,2.0,0.05531162137243828,0.8893767572551234
cell_beta_0p28_p_0p00,beta,7,724234,0.28,0.0,4.0,0.05601803740085065,0.8879639251982987
cell_beta_0p28_p_0p00,beta,8,824234,0.28,0.0,0.5,0.06283703924762524,0.8743259215047495
cell_beta_0p28_p_0p00,beta,8,824234,0.28,0.0,1.0,0.07404955452826062,0.8519008909434788
cell_beta_0p28_p_0p00,beta,8,824234,0.28,0.0,2.0,0.07913662437845198,0.841726751243096
cell_beta_0p28_p_0p00,beta,8,824234,0.28,0.0,4.0,0.080575406385553,0.838849187228894
cell_beta_0p28_p_0p00,beta,9,924234,0.28,0.0,0.5,0.05021354361957009,0.8995729127608598
cell_beta_0p28_p_0p00,beta,9,924234,0.28,0.0,1.0,0.06667705030455384,0.8666458993908923
cell_beta_0p28_p_0p00,beta,9,924234,0.28,0.0,2.0,0.0727799174870789,0.8544401650258422
cell_beta_0p28_p_0p00,beta,9,924234,0.28,0.0,4.0,0.07442126833356821,0.8511574633328636
cell_beta_0p29_p_0p00,beta,0,25234,0.29,0.0,0.5,0.06310551471115183,0.8737889705776963
cell_beta_0p29_p_0p00,beta,0,25234,0.29,0.0,1.0,0.06750935695335153,0.8649812860932969
cell_beta_0p29_p_0p00,beta,0,25234,0.29,0.0,2.0,0.06895077177328279,0.8620984564534344
cell_beta_0p29_p_0p00,beta,0,25234,0.29,0.0,4.0,0.0693806874013923,0.8612386251972154
cell_beta_0p29_p_0p00,beta,1,125234,0.29,0.0,0.5,0.03637602822048347,0.9272479435590331
cell_beta_0p29_p_0p00,beta,1,125234,0.29,0.0,1.0,0.04363095725134725,0.9127380854973055
cell_beta_0p29_p_0p00,beta,1,125234,0.29,0.0,2.0,0.04774458526370373,0.9045108294725925
cell_beta_0p29_p_0p00,beta,1,125234,0.29,0.0,4.0,0.04901877654976472,0.9019624469004706
cell_beta_0p29_p_0p00,beta,2,225234,0.29,0.0,0.5,0.05447427515152181,0.8910514496969564
cell_beta_0p29_p_0p00,beta,2,225234,0.29,0.0,1.0,0.06312352234530616,0.8737529553093877
cell_beta_0p29_p_0p00,beta,2,225234,0.29,0.0,2.0,0.06507074848807459,0.8698585030238508
cell_beta_0p29_p_0p00,beta,2,225234,0.29,0.0,4.0,0.06549336887339824,0.8690132622532035
cell_beta_0p29_p_0p00,beta,3,325234,0.29,0.0,0.5,0.031381270684132656,0.9372374586317347
cell_beta_0p29_p_0p00,beta,3,325234,0.29,0.0,1.0,0.043446765629963136,0.9131064687400737
cell_beta_0p29_p_0p00,beta,3,325234,0.29,0.0,2.0,0.04821407732843602,0.903571845343128
cell_beta_0p29_p_0p00,beta,3,325234,0.29,0.0,4.0,0.049512756264822155,0.9009744874703557
cell_beta_0p29_p_0p00,beta,4,425234,0.29,0.0,0.5,0.045928586729514775,0.9081428265409704
cell_beta_0p29_p_0p00,beta,4,425234,0.29,0.0,1.0,0.04489731374363787,0.9102053725127243
cell_beta_0p29_p_0p00,beta,4,425234,0.29,0.0,2.0,0.04703217119037251,0.905935657619255
cell_beta_0p29_p_0p00,beta,4,425234,0.29,0.0,4.0,0.04787398235903606,0.9042520352819279
cell_beta_0p29_p_0p00,beta,5,525234,0.29,0.0,0.5,0.05180680342827304,0.8963863931434539
cell_beta_0p29_p_0p00,beta,5,525234,0.29,0.0,1.0,0.058194858271958694,0.8836102834560826
cell_beta_0p29_p_0p00,beta,5,525234,0.29,0.0,2.0,0.060606046256255985,0.878787907487488
cell_beta_0p29_p_0p00,beta,5,525234,0.29,0.0,4.0,0.0612697000179111,0.8774605999641778
cell_beta_0p29_p_0p00,beta,6,625234,0.29,0.0,0.5,0.05413369017810232,0.8917326196437954
cell_beta_0p29_p_0p00,beta,6,625234,0.29,0.0,1.0,0.06246030101543948,0.875079397969121
cell_beta_0p29_p_0p00,beta,6,625234,0.29,0.0,2.0,0.06530673080378724,0.8693865383924255
cell_beta_0p29_p_0p00,beta,6,625234,0.29,0.0,4.0,0.0660293976527439,0.8679412046945122
cell_beta_0p29_p_0p00,beta,7,725234,0.29,0.0,0.5,0.03763235894195893,0.9247352821160821
cell_beta_0p29_p_0p00,beta,7,725234,0.29,0.0,1.0,0.04216567264952997,0.91566865470094
cell_beta_0p29_p_0p00,beta,7,725234,0.29,0.0,2.0,0.04306765295507731,0.9138646940898454
cell_beta_0p29_p_0p00,beta,7,725234,0.29,0.0,4.0,0.0432204302416323,0.9135591395167354
cell_beta_0p29_p_0p00,beta,8,825234,0.29,0.0,0.5,0.04982687226218491,0.9003462554756302
cell_beta_0p29_p_0p00,beta,8,825234,0.29,0.0,1.0,0.05209110406259876,0.8958177918748025
cell_beta_0p29_p_0p00,beta,8,825234,0.29,0.0,2.0,0.05288454680478516,0.8942309063904297
cell_beta_0p29_p_0p00,beta,8,825234,0.29,0.0,4.0,0.05306553477238324,0.8938689304552335
cell_beta_0p29_p_0p00,beta,9,925234,0.29,0.0,0.5,0.045424720908338045,0.9091505581833239
cell_beta_0p29_p_0p00,beta,9,925234,0.29,0.0,1.0,0.05189248017934578,0.8962150396413084
cell_beta_0p29_p_0p00,beta,9,925234,0.29,0.0,2.0,0.0543843091199549,0.8912313817600902
cell_beta_0p29_p_0p00,beta,9,925234,0.29,0.0,4.0,0.05503269014430168,0.8899346197113966
cell_beta_0p30_p_0p00,beta,0,26234,0.3,0.0,0.5,0.03246124663119093,0.9350775067376181
cell_beta_0p30_p_0p00,beta,0,26234,0.3,0.0,1.0,0.03892408488303928,0.9221518302339214
cell_beta_0p30_p_0p00,beta,0,26234,0.3,0.0,2.0,0.04168121328422958,0.9166375734315408
cell_beta_0p30_p_0p00,beta,0,26234,0.3,0.0,4.0,0.0425068825076334,0.9149862349847332
cell_beta_0p30_p_0p00,beta,1,126234,0.3,0.0,0.5,0.030320052120631436,0.9393598957587371
cell_beta_0p30_p_0p00,beta,1,126234,0.3,0.0,1.0,0.038695461840565826,0.9226090763188683
cell_beta_0p30_p_0p00,beta,1,126234,0.3,0.0,2.0,0.04294080515064658,0.9141183896987068
cell_beta_0p30_p_0p00,beta,1,126234,0.3,0.0,4.0,0.044353188891899986,0.9112936222162
cell_beta_0p30_p_0p00,beta,2,226234,0.3,0.0,0.5,0.04721493224823636,0.9055701355035273
cell_beta_0p30_p_0p00,beta,2,226234,0.3,0.0,1.0,0.054002884773611814,0.8919942304527764
cell_beta_0p30_p_0p00,beta,2,226234,0.3,0.0,2.0,0.05586250704157403,0.888274985916852
cell_beta_0p30_p_0p00,beta,2,226234,0.3,0.0,4.0,0.05634430607705082,0.8873113878458984
cell_beta_0p30_p_0p00,beta,3,326234,0.3,0.0,0.5,0.04535230166603854,0.9092953966679229
cell_beta_0p30_p_0p00,beta,3,326234,0.3,0.0,1.0,0.05705843493265389,0.8858831301346922
cell_beta_0p30_p_0p00,beta,3,326234,0.3,0.0,2.0,0.06227523638014887,0.8754495272397023
cell_beta_0p30_p_0p00,beta,3,326234,0.3,0.0,4.0,0.06387550591614505,0.8722489881677099
cell_beta_0p30_p_0p00,beta,4,426234,0.3,0.0,0.5,0.024083315638039893,0.9518333687239202
cell_beta_0p30_p_0p00,beta,4,426234,0.3,0.0,1.0,0.028888221086596944,0.9422235578268061
cell_beta_0p30_p_0p00,beta,4,426234,0.3,0.0,2.0,0.03110683881048537,0.9377863223790293
cell_beta_0p30_p_0p00,beta,4,426234,0.3,0.0,4.0,0.03175110966200262,0.9364977806759948
cell_beta_0p30_p_0p00,beta,5,526234,0.3,0.0,0.5,0.04419641714366479,0.9116071657126704
cell_beta_0p30_p_0p00,beta,5,526234,0.3,0.0,1.0,0.05429225805153809,0.8914154838969238
cell_beta_0p30_p_0p00,beta,5,526234,0.3,0.0,2.0,0.05785927974304861,0.8842814405139028
cell_beta_0p30_p_0p00,beta,5,526234,0.3,0.0,4.0,0.058842532141516635,0.8823149357169667
cell_beta_0p30_p_0p00,beta,6,626234,0.3,0.0,0.5,0.041627884922588954,0.9167442301548221
cell_beta_0p30_p_0p00,beta,6,626234,0.3,0.0,1.0,0.04880835960450697,0.9023832807909861
cell_beta_0p30_p_0p00,beta,6,626234,0.3,0.0,2.0,0.051952802593396186,0.8960943948132076
cell_beta_0p30_p_0p00,beta,6,626234,0.3,0.0,4.0,0.05284202052454451,0.894315958950911
cell_beta_0p30_p_0p00,beta,7,726234,0.3,0.0,0.5,0.02988400102320876,0.9402319979535825
cell_beta_0p30_p_0p00,beta,7,726234,0.3,0.0,1.0,0.03705704133422888,0.9258859173315422
cell_beta_0p30_p_0p00,beta,7,726234,0.3,0.0,2.0,0.03979614365977685,0.9204077126804463
cell_beta_0p30_p_0p00,beta,7,726234,0.3,0.0,4.0,0.04054328813753838,0.9189134237249232
cell_beta_0p30_p_0p00,beta,8,826234,0.3,0.0,0.5,0.05032192080971859,0.8993561583805628
cell_beta_0p30_p_0p00,beta,8,826234,0.3,0.0,1.0,0.056715798368168535,0.8865684032636629
cell_beta_0p30_p_0p00,beta,8,826234,0.3,0.0,2.0,0.06044117732803633,0.8791176453439273
cell_beta_0p30_p_0p00,beta,8,826234,0.3,0.0,4.0,0.06157993357028113,0.8768401328594377
cell_beta_0p30_p_0p00,beta,9,926234,0.3,0.0,0.5,0.022180842679308754,0.9556383146413825
cell_beta_0p30_p_0p00,beta,9,926234,0.3,0.0,1.0,0.03320054885692181,0.9335989022861564
cell_beta_0p30_p_0p00,beta,9,926234,0.3,0.0,2.0,0.037225946345022076,0.9255481073099558
cell_beta_0p30_p_0p00,beta,9,926234,0.3,0.0,4.0,0.03833373660614536,0.9233325267877093
cell_beta_0p31_p_0p00,beta,0,27234,0.31,0.0,0.5,0.06264467647150462,0.8747106470569908
cell_beta_0p31_p_0p00,beta,0,27234,0.31,0.0,1.0,0.07608713762993485,0.8478257247401303
cell_beta_0p31_p_0p00,beta,0,27234,0.31,0.0,2.0,0.08063880790087674,0.8387223841982465
cell_beta_0p31_p_0p00,beta,0,27234,0.31,0.0,4.0,0.08179089354585833,0.8364182129082833
cell_beta_0p31_p_0p00,beta,1,127234,0.31,0.0,0.5,0.04505254220758298,0.909894915584834
cell_beta_0p31_p_0p00,beta,1,127234,0.31,0.0,1.0,0.050471817326441515,0.899056365347117
cell_beta_0p31_p_0p00,beta,1,127234,0.31,0.0,2.0,0.053463720289387895,0.8930725594212242
cell_beta_0p31_p_0p00,beta,1,127234,0.31,0.0,4.0,0.05448296206823888,0.8910340758635222
cell_beta_0p31_p_0p00,beta,2,227234,0.31,0.0,0.5,0.03731541488339973,0.9253691702332005
cell_beta_0p31_p_0p00,beta,2,227234,0.31,0.0,1.0,0.04888673261257798,0.902226534774844
cell_beta_0p31_p_0p00,beta,2,227234,0.31,0.0,2.0,0.05417906798847827,0.8916418640230435
cell_beta_0p31_p_0p00,beta,2,227234,0.31,0.0,4.0,0.05566259076864605,0.8886748184627079
cell_beta_0p31_p_0p00,beta,3,327234,0.31,0.0,0.5,0.039375316770337065,0.9212493664593259
cell_beta_0p31_p_0p00,beta,3,327234,0.31,0.0,1.0,0.05186970604011071,0.8962605879197786
cell_beta_0p31_p_0p00,beta,3,327234,0.31,0.0,2.0,0.057020832980606895,0.8859583340387862
cell_beta_0p31_p_0p00,beta,3,327234,0.31,0.0,4.0,0.05840972514358678,0.8831805497128264
cell_beta_0p31_p_0p00,beta,4,427234,0.31,0.0,0.5,0.03316714831667955,0.9336657033666409
cell_beta_0p31_p_0p00,beta,4,427234,0.31,0.0,1.0,0.03958048642457074,0.9208390271508585
cell_beta_0p31_p_0p00,beta,4,427234,0.31,0.0,2.0,0.04135035189214881,0.9172992962157024
cell_beta_0p31_p_0p00,beta,4,427234,0.31,0.0,4.0,0.04173848028245952,0.916523039435081
cell_beta_0p31_p_0p00,beta,5,527234,0.31,0.0,0.5,0.04228778442470199,0.915424431150596
cell_beta_0p31_p_0p00,beta,5,527234,0.31,0.0,1.0,0.050815342838042066,0.8983693143239159
cell_beta_0p31_p_0p00,beta,5,527234,0.31,0.0,2.0,0.053572965394429406,0.8928540692111412
cell_beta_0p31_p_0p00,beta,5,527234,0.31,0.0,4.0,0.054254522562232566,0.8914909548755349
cell_beta_0p31_p_0p00,beta,6,627234,0.31,0.0,0.5,0.03154315548168929,0.9369136890366214
cell_beta_0p31_p_0p00,beta,6,627234,0.31,0.0,1.0,0.045737382656034886,0.9085252346879302
cell_beta_0p31_p_0p00,beta,6,627234,0.31,0.0,2.0,0.05089885214062628,0.8982022957187474
cell_beta_0p31_p_0p00,beta,6,627234,0.31,0.0,4.0,0.05231522450163162,0.8953695509967368
cell_beta_0p31_p_0p00,beta,7,727234,0.31,0.0,0.5,0.04990248096178296,0.9001950380764341
cell_beta_0p31_p_0p00,beta,7,727234,0.31,0.0,1.0,0.05808825655148603,0.8838234868970279
cell_beta_0p31_p_0p00,beta,7,727234,0.31,0.0,2.0,0.06082798749555984,0.8783440250088803
cell_beta_0p31_p_0p00,beta,7,727234,0.31,0.0,4.0,0.061516602137470344,0.8769667957250593
cell_beta_0p31_p_0p00,beta,8,827234,0.31,0.0,0.5,0.04077721176006999,0.91844557647986
cell_beta_0p31_p_0p00,beta,8,827234,0.31,0.0,1.0,0.05531701394428851,0.889365972111423
cell_beta_0p31_p_0p00,beta,8,827234,0.31,0.0,2.0,0.06039272078481944,0.8792145584303611
cell_beta_0p31_p_0p00,beta,8,827234,0.31,0.0,4.0,0.061671919614365744,0.8766561607712685
cell_beta_0p31_p_0p00,beta,9,927234,0.31,0.0,0.5,0.047514491874924014,0.904971016250152
cell_beta_0p31_p_0p00,beta,9,927234,0.31,0.0,1.0,0.0502818646177961,0.8994362707644078
cell_beta_0p31_p_0p00,beta,9,927234,0.31,0.0,2.0,0.05155372527245128,0.8968925494550974
cell_beta_0p31_p_0p00,beta,9,927234,0.31,0.0,4.0,0.05200902022091547,0.8959819595581691
cell_beta_0p32_p_0p00,beta,0,28234,0.32,0.0,0.5,0.04967661713492433,0.9006467657301513
cell_beta_0p32_p_0p00,beta,0,28234,0.32,0.0,1.0,0.06428208873219604,0.8714358225356079
cell_beta_0p32_p_0p00,beta,0,28234,0.32,0.0,2.0,0.06898136258974252,0.862037274820515
cell_beta_0p32_p_0p00,beta,0,28234,0.32,0.0,4.0,0.07022639653667412,0.8595472069266518
cell_beta_0p32_p_0p00,beta,1,128234,0.32,0.0,0.5,0.025926361662100272,0.9481472766757995
cell_beta_0p32_p_0p00,beta,1,128234,0.32,0.0,1.0,0.03364553447979002,0.93270893104042
cell_beta_0p32_p_0p00,beta,1,128234,0.32,0.0,2.0,0.037196749787718475,0.925606500424563
cell_beta_0p32_p_0p00,beta,1,128234,0.32,0.0,4.0,0.038179652386710616,0.9236406952265788
cell_beta_0p32_p_0p00,beta,2,228234,0.32,0.0,0.5,0.0511434585079788,0.8977130829840424
cell_beta_0p32_p_0p00,beta,2,228234,0.32,0.0,1.0,0.06661926017948017,0.8667614796410397
cell_beta_0p32_p_0p00,beta,2,228234,0.32,0.0,2.0,0.07232164789380413,0.8553567042123917
cell_beta_0p32_p_0p00,beta,2,228234,0.32,0.0,4.0,0.07387945340245972,0.8522410931950806
cell_beta_0p32_p_0p00,beta,3,328234,0.32,0.0,0.5,0.037348737681631106,0.9253025246367378
cell_beta_0p32_p_0p00,beta,3,328234,0.32,0.0,1.0,0.04923017873766583,0.9015396425246683
cell_beta_0p32_p_0p00,beta,3,328234,0.32,0.0,2.0,0.054242985454436066,0.8915140290911279
cell_beta_0p32_p_0p00,beta,3,328234,0.32,0.0,4.0,0.055640026901407014,0.888719946197186
cell_beta_0p32_p_0p00,beta,4,428234,0.32,0.0,0.5,0.030398385854303822,0.9392032282913924
cell_beta_0p32_p_0p00,beta,4,428234,0.32,0.0,1.0,0.03472359272919845,0.9305528145416031
cell_beta_0p32_p_0p00,beta,4,428234,0.32,0.0,2.0,0.03755484988939828,0.9248903002212034
cell_beta_0p32_p_0p00,beta,4,428234,0.32,0.0,4.0,0.03844988663948329,0.9231002267210334
cell_beta_0p32_p_0p00,beta,5,528234,0.32,0.0,0.5,0.028866749083307497,0.942266501833385
cell_beta_0p32_p_0p00,beta,5,528234,0.32,0.0,1.0,0.038496074338828234,0.9230078513223435
cell_beta_0p32_p_0p00,beta,5,528234,0.32,0.0,2.0,0.04270707759514486,0.9145858448097103
cell_beta_0p32_p_0p00,beta,5,528234,0.32,0.0,4.0,0.04390751833049,0.91218496333902
cell_beta_0p32_p_0p00,beta,6,628234,0.32,0.0,0.5,0.06074376131001852,0.878512477379963
cell_beta_0p32_p_0p00,beta,6,628234,0.32,0.0,1.0,0.06383172606561194,0.8723365478687761
cell_beta_0p32_p_0p00,beta,6,628234,0.32,0.0,2.0,0.06560778701925551,0.868784425961489
cell_beta_0p32_p_0p00,beta,6,628234,0.32,0.0,4.0,0.06616399611059964,0.8676720077788007
cell_beta_0p32_p_0p00,beta,7,728234,0.32,0.0,0.5,0.037945708127343325,0.9241085837453134
cell_beta_0p32_p_0p00,beta,7,728234,0.32,0.0,1.0,0.04811452924899168,0.9037709415020166
cell_beta_0p32_p_0p00,beta,7,728234,0.32,0.0,2.0,0.05251587335648128,0.8949682532870374
cell_beta_0p32_p_0p00,beta,7,728234,0.32,0.0,4.0,0.053811869612986174,0.8923762607740277
cell_beta_0p32_p_0p00,beta,8,828234,0.32,0.0,0.5,0.029325603536719536,0.9413487929265609
cell_beta_0p32_p_0p00,beta,8,828234,0.32,0.0,1.0,0.03898506698155363,0.9220298660368927
cell_beta_0p32_p_0p00,beta,8,828234,0.32,0.0,2.0,0.042507126101480164,0.9149857477970397
cell_beta_0p32_p_0p00,beta,8,828234,0.32,0.0,4.0,0.04348376651812391,0.9130324669637522
cell_beta_0p32_p_0p00,beta,9,928234,0.32,0.0,0.5,0.02347919955550759,0.9530416008889848
cell_beta_0p32_p_0p00,beta,9,928234,0.32,0.0,1.0,0.033855056071189216,0.9322898878576216
cell_beta_0p32_p_0p00,beta,9,928234,0.32,0.0,2.0,0.03872229792609594,0.9225554041478081
cell_beta_0p32_p_0p00,beta,9,928234,0.32,0.0,4.0,0.04014980443435762,0.9197003911312848
cell_beta_0p33_p_0p00,beta,0,29234,0.33,0.0,0.5,0.025728025260883358,0.9485439494782333
cell_beta_0p33_p_0p00,beta,0,29234,0.33,0.0,1.0,0.03542811157036685,0.9291437768592663
cell_beta_0p33_p_0p00,beta,0,29234,0.33,0.0,2.0,0.03891210748811125,0.9221757850237775
cell_beta_0p33_p_0p00,beta,0,29234,0.33,0.0,4.0,0.03985944167022115,0.9202811166595577
cell_beta_0p33_p_0p00,beta,1,129234,0.33,0.0,0.5,0.04833443273089705,0.9033311345382059
cell_beta_0p33_p_0p00,beta,1,129234,0.33,0.0,1.0,0.06391740336386054,0.8721651932722789
cell_beta_0p33_p_0p00,beta,1,129234,0.33,0.0,2.0,0.07053485517976488,0.8589302896404702
cell_beta_0p33_p_0p00,beta,1,129234,0.33,0.0,4.0,0.07251722156991108,0.8549655568601778
cell_beta_0p33_p_0p00,beta,2,229234,0.33,0.0,0.5,0.027385099097346488,0.945229801805307
cell_beta_0p33_p_0p00,beta,2,229234,0.33,0.0,1.0,0.0322104189087184,0.9355791621825632
cell_beta_0p33_p_0p00,beta,2,229234,0.33,0.0,2.0,0.0344931682845559,0.9310136634308882
cell_beta_0p33_p_0p00,beta,2,229234,0.33,0.0,4.0,0.0351648489437954,0.9296703021124092
cell_beta_0p33_p_0p00,beta,3,329234,0.33,0.0,0.5,0.01847601624969558,0.9630479675006088
cell_beta_0p33_p_0p00,beta,3,329234,0.33,0.0,1.0,0.028833549322632712,0.9423329013547346
cell_beta_0p33_p_0p00,beta,3,329234,0.33,0.0,2.0,0.0331278867972577,0.9337442264054846
cell_beta_0p33_p_0p00,beta,3,329234,0.33,0.0,4.0,0.03448459144156585,0.9310308171168683
cell_beta_0p33_p_0p00,beta,4,429234,0.33,0.0,0.5,0.0399833249057614,0.9200333501884772
cell_beta_0p33_p_0p00,beta,4,429234,0.33,0.0,1.0,0.05045355261530571,0.8990928947693886
cell_beta_0p33_p_0p00,beta,4,429234,0.33,0.0,2.0,0.054043445680141855,0.8919131086397163
cell_beta_0p33_p_0p00,beta,4,429234,0.33,0.0,4.0,0.05496538326897438,0.8900692334620512
cell_beta_0p33_p_0p00,beta,5,529234,0.33,0.0,0.5,0.04851726375012977,0.9029654724997405
cell_beta_0p33_p_0p00,beta,5,529234,0.33,0.0,1.0,0.05911835490498568,0.8817632901900286
cell_beta_0p33_p_0p00,beta,5,529234,0.33,0.0,2.0,0.061746477077134765,0.8765070458457305
cell_beta_0p33_p_0p00,beta,5,529234,0.33,0.0,4.0,0.06235914197396303,0.8752817160520739
cell_beta_0p33_p_0p00,beta,6,629234,0.33,0.0,0.5,0.040385315443785874,0.9192293691124283
cell_beta_0p33_p_0p00,beta,6,629234,0.33,0.0,1.0,0.05151948238708798,0.896961035225824
cell_beta_0p33_p_0p00,beta,6,629234,0.33,0.0,2.0,0.054950285856926795,0.8900994282861464
cell_beta_0p33_p_0p00,beta,6,629234,0.33,0.0,4.0,0.055804799240609826,0.8883904015187803
cell_beta_0p33_p_0p00,beta,7,729234,0.33,0.0,0.5,0.032459688943817955,0.9350806221123641
cell_beta_0p33_p_0p00,beta,7,729234,0.33,0.0,1.0,0.04790962443375152,0.904180751132497
cell_beta_0p33_p_0p00,beta,7,729234,0.33,0.0,2.0,0.05375923923857562,0.8924815215228488
cell_beta_0p33_p_0p00,beta,7,729234,0.33,0.0,4.0,0.05532957138310135,0.8893408572337973
cell_beta_0p33_p_0p00,beta,8,829234,0.33,0.0,0.5,0.035617582679232984,0.928764834641534
cell_beta_0p33_p_0p00,beta,8,829234,0.33,0.0,1.0,0.04569494018309411,0.9086101196338118
cell_beta_0p33_p_0p00,beta,8,829234,0.33,0.0,2.0,0.049350630316025657,0.9012987393679487
cell_beta_0p33_p_0p00,beta,8,829234,0.33,0.0,4.0,0.05032267168949833,0.8993546566210033
cell_beta_0p33_p_0p00,beta,9,929234,0.33,0.0,0.5,0.045056477616360835,0.9098870447672783
cell_beta_0p33_p_0p00,beta,9,929234,0.33,0.0,1.0,0.05385070714749507,0.8922985857050099
cell_beta_0p33_p_0p00,beta,9,929234,0.33,0.0,2.0,0.056430757322290026,0.88713848535542
cell_beta_0p33_p_0p00,beta,9,929234,0.33,0.0,4.0,0.05706702816824338,0.8858659436635132
cell_beta_0p34_p_0p00,beta,0,30234,0.34,0.0,0.5,0.024625714580314317,0.9507485708393714
cell_beta_0p34_p_0p00,beta,0,30234,0.34,0.0,1.0,0.03703024965088514,0.9259395006982297
cell_beta_0p34_p_0p00,beta,0,30234,0.34,0.0,2.0,0.04274811489793279,0.9145037702041344
cell_beta_0p34_p_0p00,beta,0,30234,0.34,0.0,4.0,0.044429941254577276,0.9111401174908454
cell_beta_0p34_p_0p00,beta,1,130234,0.34,0.0,0.5,0.04312959240445985,0.9137408151910803
cell_beta_0p34_p_0p00,beta,1,130234,0.34,0.0,1.0,0.05139196716912503,0.8972160656617499
cell_beta_0p34_p_0p00,beta,1,130234,0.34,0.0,2.0,0.053913175353341725,0.8921736492933166
cell_beta_0p34_p_0p00,beta,1,130234,0.34,0.0,4.0,0.0545119251520188,0.8909761496959624
cell_beta_0p34_p_0p00,beta,2,230234,0.34,0.0,0.5,0.034682950943098034,0.9306340981138039
cell_beta_0p34_p_0p00,beta,2,230234,0.34,0.0,1.0,0.047536561571387026,0.904926876857226
cell_beta_0p34_p_0p00,beta,2,230234,0.34,0.0,2.0,0.051468733704806535,0.8970625325903869
cell_beta_0p34_p_0p00,beta,2,230234,0.34,0.0,4.0,0.05243529885635462,0.8951294022872908
cell_beta_0p34_p_0p00,beta,3,330234,0.34,0.0,0.5,0.029749083781981822,0.9405018324360364
cell_beta_0p34_p_0p00,beta,3,330234,0.34,0.0,1.0,0.042296217421815774,0.9154075651563685
cell_beta_0p34_p_0p00,beta,3,330234,0.34,0.0,2.0,0.04821861522410542,0.9035627695517892
cell_beta_0p34_p_0p00,beta,3,330234,0.34,0.0,4.0,0.05003346478807519,0.8999330704238496
cell_beta_0p34_p_0p00,beta,4,430234,0.34,0.0,0.5,0.031980347638090156,0.9360393047238197
cell_beta_0p34_p_0p00,beta,4,430234,0.34,0.0,1.0,0.04603701272180005,0.9079259745563999
cell_beta_0p34_p_0p00,beta,4,430234,0.34,0.0,2.0,0.052188236427585466,0.8956235271448291
cell_beta_0p34_p_0p00,beta,4,430234,0.34,0.0,4.0,0.053975564208218696,0.8920488715835626
cell_beta_0p34_p_0p00,beta,5,530234,0.34,0.0,0.5,0.029190498774712303,0.9416190024505754
cell_beta_0p34_p_0p00,beta,5,530234,0.34,0.0,1.0,0.0346595006365899,0.9306809987268202
cell_beta_0p34_p_0p00,beta,5,530234,0.34,0.0,2.0,0.035764880250088726,0.9284702394998225
cell_beta_0p34_p_0p00,beta,5,530234,0.34,0.0,4.0,0.0359796508233135,0.928040698353373
cell_beta_0p34_p_0p00,beta,6,630234,0.34,0.0,0.5,0.040453961494645196,0.9190920770107096
cell_beta_0p34_p_0p00,beta,6,630234,0.34,0.0,1.0,0.04676479583644366,0.9064704083271127
cell_beta_0p34_p_0p00,beta,6,630234,0.34,0.0,2.0,0.05004430850858638,0.8999113829828272
cell_beta_0p34_p_0p00,beta,6,630234,0.34,0.0,4.0,0.0509984800931918,0.8980030398136164
cell_beta_0p34_p_0p00,beta,7,730234,0.34,0.0,0.5,0.03879683390419031,0.9224063321916194
cell_beta_0p34_p_0p00,beta,7,730234,0.34,0.0,1.0,0.04793886071492698,0.904122278570146
cell_beta_0p34_p_0p00,beta,7,730234,0.34,0.0,2.0,0.05174715756474618,0.8965056848705076
cell_beta_0p34_p_0p00,beta,7,730234,0.34,0.0,4.0,0.05288467445753309,0.8942306510849338
cell_beta_0p34_p_0p00,beta,8,830234,0.34,0.0,0.5,0.027904837771685287,0.9441903244566294
cell_beta_0p34_p_0p00,beta,8,830234,0.34,0.0,1.0,0.03480295093773367,0.9303940981245327
cell_beta_0p34_p_0p00,beta,8,830234,0.34,0.0,2.0,0.0384673918910618,0.9230652162178764
cell_beta_0p34_p_0p00,beta,8,830234,0.34,0.0,4.0,0.03953717914615207,0.9209256417076959
cell_beta_0p34_p_0p00,beta,9,930234,0.34,0.0,0.5,0.029665282328798337,0.9406694353424033
cell_beta_0p34_p_0p00,beta,9,930234,0.34,0.0,1.0,0.044412691201785426,0.9111746175964291
cell_beta_0p34_p_0p00,beta,9,930234,0.34,0.0,2.0,0.05087208347757666,0.8982558330448467
cell_beta_0p34_p_0p00,beta,9,930234,0.34,0.0,4.0,0.05276695596246078,0.8944660880750784
cell_beta_0p35_p_0p00,beta,0,31234,0.35,0.0,0.5,0.0442644855349818,0.9114710289300364
cell_beta_0p35_p_0p00,beta,0,31234,0.35,0.0,1.0,0.05390868967958651,0.892182620640827
cell_beta_0p35_p_0p00,beta,0,31234,0.35,0.0,2.0,0.05839154306236677,0.8832169138752665
cell_beta_0p35_p_0p00,beta,0,31234,0.35,0.0,4.0,0.0597479392331679,0.8805041215336642
cell_beta_0p35_p_0p00,beta,1,131234,0.35,0.0,0.5,0.032767302825140954,0.9344653943497181
cell_beta_0p35_p_0p00,beta,1,131234,0.35,0.0,1.0,0.041001082078601925,0.9179978358427962
cell_beta_0p35_p_0p00,beta,1,131234,0.35,0.0,2.0,0.04346217211004777,0.9130756557799045
cell_beta_0p35_p_0p00,beta,1,131234,0.35,0.0,4.0,0.044063090980183184,0.9118738180396336
cell_beta_0p35_p_0p00,beta,2,231234,0.35,0.0,0.5,0.0436392804207521,0.9127214391584958
cell_beta_0p35_p_0p00,beta,2,231234,0.35,0.0,1.0,0.044369814077494574,0.9112603718450109
cell_beta_0p35_p_0p00,beta,2,231234,0.35,0.0,2.0,0.04478804597313202,0.910423908053736
cell_beta_0p35_p_0p00,beta,2,231234,0.35,0.0,4.0,0.04493667640045951,0.910126647199081
cell_beta_0p35_p_0p00,beta,3,331234,0.35,0.0,0.5,0.02385622709214752,0.952287545815705
cell_beta_0p35_p_0p00,beta,3,331234,0.35,0.0,1.0,0.040419737498409214,0.9191605250031816
cell_beta_0p35_p_0p00,beta,3,331234,0.35,0.0,2.0,0.04647847251709297,0.907043054965814
cell_beta_0p35_p_0p00,beta,3,331234,0.35,0.0,4.0,0.04809837929145244,0.9038032414170951
cell_beta_0p35_p_0p00,beta,4,431234,0.35,0.0,0.5,0.039103500101069166,0.9217929997978617
cell_beta_0p35_p_0p00,beta,4,431234,0.35,0.0,1.0,0.05285446290799778,0.8942910741840044
cell_beta_0p35_p_0p00,beta,4,431234,0.35,0.0,2.0,0.057772453617739083,0.8844550927645218
cell_beta_0p35_p_0p00,beta,4,431234,0.35,0.0,4.0,0.05910376487894542,0.8817924702421092
cell_beta_0p35_p_0p00,beta,5,531234,0.35,0.0,0.5,0.04125178137412411,0.9174964372517518
cell_beta_0p35_p_0p00,beta,5,531234,0.35,0.0,1.0,0.05236522648615538,0.8952695470276892
cell_beta_0p35_p_0p00,beta,5,531234,0.35,0.0,2.0,0.05728319321005765,0.8854336135798847
cell_beta_0p35_p_0p00,beta,5,531234,0.35,0.0,4.0,0.05867092313038824,0.8826581537392235
cell_beta_0p35_p_0p00,beta,6,631234,0.35,0.0,0.5,0.03671080144641964,0.9265783971071607
cell_beta_0p35_p_0p00,beta,6,631234,0.35,0.0,1.0,0.04823282816281216,0.9035343436743757
cell_beta_0p35_p_0p00,beta,6,631234,0.35,0.0,2.0,0.05190326347834262,0.8961934730433148
cell_beta_0p35_p_0p00,beta,6,631234,0.35,0.0,4.0,0.052863420590848476,0.894273158818303
cell_beta_0p35_p_0p00,beta,7,731234,0.35,0.0,0.5,0.021645482902503566,0.9567090341949929
cell_beta_0p35_p_0p00,beta,7,731234,0.35,0.0,1.0,0.026947115802132382,0.9461057683957352
cell_beta_0p35_p_0p00,beta,7,731234,0.35,0.0,2.0,0.027954831162917637,0.9440903376741647
cell_beta_0p35_p_0p00,beta,7,731234,0.35,0.0,4.0,0.028140952529771168,0.9437180949404577
cell_beta_0p35_p_0p00,beta,8,831234,0.35,0.0,0.5,0.03526665559450348,0.929466688810993
cell_beta_0p35_p_0p00,beta,8,831234,0.35,0.0,1.0,0.04664220469483821,0.9067155906103236
cell_beta_0p35_p_0p00,beta,8,831234,0.35,0.0,2.0,0.05106355233856119,0.8978728953228776
cell_beta_0p35_p_0p00,beta,8,831234,0.35,0.0,4.0,0.052302901929520196,0.8953941961409596
cell_beta_0p35_p_0p00,beta,9,931234,0.35,0.0,0.5,0.03328305942995563,0.9334338811400887
cell_beta_0p35_p_0p00,beta,9,931234,0.35,0.0,1.0,0.04343564251940768,0.9131287149611846
cell_beta_0p35_p_0p00,beta,9,931234,0.35,0.0,2.0,0.0466322930052665,0.906735413989467
cell_beta_0p35_p_0p00,beta,9,931234,0.35,0.0,4.0,0.047483882108077524,0.905032235783845
cell_beta_0p36_p_0p00,beta,0,32234,0.36,0.0,0.5,0.027089245176754928,0.9458215096464901
cell_beta_0p36_p_0p00,beta,0,32234,0.36,0.0,1.0,0.04154401901354965,0.9169119619729007
cell_beta_0p36_p_0p00,beta,0,32234,0.36,0.0,2.0,0.04746280616514881,0.9050743876697024
cell_beta_0p36_p_0p00,beta,0,32234,0.36,0.0,4.0,0.04906875605146477,0.9018624878970705
cell_beta_0p36_p_0p00,beta,1,132234,0.36,0.0,0.5,0.03011622891413762,0.9397675421717248
cell_beta_0p36_p_0p00,beta,1,132234,0.36,0.0,1.0,0.04332789790846381,0.9133442041830724
cell_beta_0p36_p_0p00,beta,1,132234,0.36,0.0,2.0,0.04927273960903622,0.9014545207819276
cell_beta_0p36_p_0p00,beta,1,132234,0.36,0.0,4.0,0.05099989743385941,0.8980002051322812
cell_beta_0p36_p_0p00,beta,2,232234,0.36,0.0,0.5,0.04355586973965364,0.9128882605206927
cell_beta_0p36_p_0p00,beta,2,232234,0.36,0.0,1.0,0.05336099465117383,0.8932780106976523
cell_beta_0p36_p_0p00,beta,2,232234,0.36,0.0,2.0,0.05808145753116345,0.8838370849376731
cell_beta_0p36_p_0p00,beta,2,232234,0.36,0.0,4.0,0.05946509909681169,0.8810698018063766
cell_beta_0p36_p_0p00,beta,3,332234,0.36,0.0,0.5,0.02919431661837718,0.9416113667632456
cell_beta_0p36_p_0p00,beta,3,332234,0.36,0.0,1.0,0.036686625346426804,0.9266267493071464
cell_beta_0p36_p_0p00,beta,3,332234,0.36,0.0,2.0,0.03948902084490452,0.921021958310191
cell_beta_0p36_p_0p00,beta,3,332234,0.36,0.0,4.0,0.040233235698242165,0.9195335286035157
cell_beta_0p36_p_0p00,beta,4,432234,0.36,0.0,0.5,0.01876800600315842,0.9624639879936832
cell_beta_0p36_p_0p00,beta,4,432234,0.36,0.0,1.0,0.02914112363814203,0.9417177527237159
cell_beta_0p36_p_0p00,beta,4,432234,0.36,0.0,2.0,0.03376139781809334,0.9324772043638133
cell_beta_0p36_p_0p00,beta,4,432234,0.36,0.0,4.0,0.035068179746574335,0.9298636405068513
cell_beta_0p36_p_0p00,beta,5,532234,0.36,0.0,0.5,0.04037157639952432,0.9192568472009514
cell_beta_0p36_p_0p00,beta,5,532234,0.36,0.0,1.0,0.04858518862736905,0.9028296227452619
cell_beta_0p36_p_0p00,beta,5,532234,0.36,0.0,2.0,0.0516078875719323,0.8967842248561354
cell_beta_0p36_p_0p00,beta,5,532234,0.36,0.0,4.0,0.052410546247121825,0.8951789075057563
cell_beta_0p36_p_0p00,beta,6,632234,0.36,0.0,0.5,0.019100313686024883,0.9617993726279502
cell_beta_0p36_p_0p00,beta,6,632234,0.36,0.0,1.0,0.03144176090712536,0.9371164781857493
cell_beta_0p36_p_0p00,beta,6,632234,0.36,0.0,2.0,0.03650519474656272,0.9269896105068746
cell_beta_0p36_p_0p00,beta,6,632234,0.36,0.0,4.0,0.037910490663765395,0.9241790186724692
cell_beta_0p36_p_0p00,beta,7,732234,0.36,0.0,0.5,0.031124804704859843,0.9377503905902803
cell_beta_0p36_p_0p00,beta,7,732234,0.36,0.0,1.0,0.04084505124765603,0.9183098975046879
cell_beta_0p36_p_0p00,beta,7,732234,0.36,0.0,2.0,0.0433524043985144,0.9132951912029712
cell_beta_0p36_p_0p00,beta,7,732234,0.36,0.0,4.0,0.04393531508177906,0.9121293698364419
cell_beta_0p36_p_0p00,beta,8,832234,0.36,0.0,0.5,0.03839207727427291,0.9232158454514542
cell_beta_0p36_p_0p00,beta,8,832234,0.36,0.0,1.0,0.05033502674632884,0.8993299465073423
cell_beta_0p36_p_0p00,beta,8,832234,0.36,0.0,2.0,0.054658736438479294,0.8906825271230414
cell_beta_0p36_p_0p00,beta,8,832234,0.36,0.0,4.0,0.055859934276728807,0.8882801314465424
cell_beta_0p36_p_0p00,beta,9,932234,0.36,0.0,0.5,0.02585029322692345,0.9482994135461531
cell_beta_0p36_p_0p00,beta,9,932234,0.36,0.0,1.0,0.03791140901486084,0.9241771819702783
cell_beta_0p36_p_0p00,beta,9,932234,0.36,0.0,2.0,0.04139892417329155,0.9172021516534169
cell_beta_0p36_p_0p00,beta,9,932234,0.36,0.0,4.0,0.04223222457863318,0.9155355508427336
cell_beta_0p37_p_0p00,beta,0,33234,0.37,0.0,0.5,0.02838824333643042,0.9432235133271392
cell_beta_0p37_p_0p00,beta,0,33234,0.37,0.0,1.0,0.03736568468869883,0.9252686306226023
cell_beta_0p37_p_0p00,beta,0,33234,0.37,0.0,2.0,0.040417001730388924,0.9191659965392222
cell_beta_0p37_p_0p00,beta,0,33234,0.37,0.0,4.0,0.041211990701668755,0.9175760185966625
cell_beta_0p37_p_0p00,beta,1,133234,0.37,0.0,0.5,0.0339538437076321,0.9320923125847358
cell_beta_0p37_p_0p00,beta,1,133234,0.37,0.0,1.0,0.04682643264290287,0.9063471347141943
cell_beta_0p37_p_0p00,beta,1,133234,0.37,0.0,2.0,0.05163787430986416,0.8967242513802717
cell_beta_0p37_p_0p00,beta,1,133234,0.37,0.0,4.0,0.052924033328581754,0.8941519333428365
cell_beta_0p37_p_0p00,beta,2,233234,0.37,0.0,0.5,0.04919083757891157,0.9016183248421769
cell_beta_0p37_p_0p00,beta,2,233234,0.37,0.0,1.0,0.06288859231112581,0.8742228153777484
cell_beta_0p37_p_0p00,beta,2,233234,0.37,0.0,2.0,0.06726984649226853,0.865460307015463
cell_beta_0p37_p_0p00,beta,2,233234,0.37,0.0,4.0,0.06835301750892164,0.8632939649821567
cell_beta_0p37_p_0p00,beta,3,333234,0.37,0.0,0.5,0.03894958467415294,0.9221008306516941
cell_beta_0p37_p_0p00,beta,3,333234,0.37,0.0,1.0,0.05764679905089143,0.8847064018982171
cell_beta_0p37_p_0p00,beta,3,333234,0.37,0.0,2.0,0.06472197186078027,0.8705560562784395
cell_beta_0p37_p_0p00,beta,3,333234,0.37,0.0,4.0,0.0666333318009123,0.8667333363981754
cell_beta_0p37_p_0p00,beta,4,433234,0.37,0.0,0.5,0.02578112053173809,0.9484377589365238
cell_beta_0p37_p_0p00,beta,4,433234,0.37,0.0,1.0,0.038516636117693515,0.922966727764613
cell_beta_0p37_p_0p00,beta,4,433234,0.37,0.0,2.0,0.04371564852322707,0.9125687029535459
cell_beta_0p37_p_0p00,beta,4,433234,0.37,0.0,4.0,0.04513843223036634,0.9097231355392673
cell_beta_0p37_p_0p00,beta,5,533234,0.37,0.0,0.5,0.0332545797110233,0.9334908405779534
cell_beta_0p37_p_0p00,beta,5,533234,0.37,0.0,1.0,0.04724678671066185,0.9055064265786763
cell_beta_0p37_p_0p00,beta,5,533234,0.37,0.0,2.0,0.05403847958996105,0.8919230408200779
cell_beta_0p37_p_0p00,beta,5,533234,0.37,0.0,4.0,0.05607122194941383,0.8878575561011723
cell_beta_0p37_p_0p00,beta,6,633234,0.37,0.0,0.5,0.04656208032424097,0.906875839351518
cell_beta_0p37_p_0p00,beta,6,633234,0.37,0.0,1.0,0.06351501347346827,0.8729699730530635
cell_beta_0p37_p_0p00,beta,6,633234,0.37,0.0,2.0,0.06976169084061029,0.8604766183187794
cell_beta_0p37_p_0p00,beta,6,633234,0.37,0.0,4.0,0.07146865254728302,0.857062694905434
cell_beta_0p37_p_0p00,beta,7,733234,0.37,0.0,0.5,0.03592290982589641,0.9281541803482072
cell_beta_0p37_p_0p00,beta,7,733234,0.37,0.0,1.0,0.05057997643407364,0.8988400471318527
cell_beta_0p37_p_0p00,beta,7,733234,0.37,0.0,2.0,0.056749633688361445,0.8865007326232771
cell_beta_0p37_p_0p00,beta,7,733234,0.37,0.0,4.0,0.058479192509200084,0.8830416149815998
cell_beta_0p37_p_0p00,beta,8,833234,0.37,0.0,0.5,0.03252099950383375,0.9349580009923325
cell_beta_0p37_p_0p00,beta,8,833234,0.37,0.0,1.0,0.04803814207669016,0.9039237158466197
cell_beta_0p37_p_0p00,beta,8,833234,0.37,0.0,2.0,0.05269670432033474,0.8946065913593305
cell_beta_0p37_p_0p00,beta,8,833234,0.37,0.0,4.0,0.053881739781993676,0.8922365204360126
cell_beta_0p37_p_0p00,beta,9,933234,0.37,0.0,0.5,0.04212623913728469,0.9157475217254306
cell_beta_0p37_p_0p00,beta,9,933234,0.37,0.0,1.0,0.05466792143255822,0.8906641571348836
cell_beta_0p37_p_0p00,beta,9,933234,0.37,0.0,2.0,0.059136659055894714,0.8817266818882106
cell_beta_0p37_p_0p00,beta,9,933234,0.37,0.0,4.0,0.060367856029779954,0.8792642879404401
cell_beta_0p38_p_0p00,beta,0,34234,0.38,0.0,0.5,0.032049349756604006,0.935901300486792
cell_beta_0p38_p_0p00,beta,0,34234,0.38,0.0,1.0,0.043818187743060344,0.9123636245138793
cell_beta_0p38_p_0p00,beta,0,34234,0.38,0.0,2.0,0.04711069394308531,0.9057786121138294
cell_beta_0p38_p_0p00,beta,0,34234,0.38,0.0,4.0,0.04789005293952592,0.9042198941209482
cell_beta_0p38_p_0p00,beta,1,134234,0.38,0.0,0.5,0.02592358749174062,0.9481528250165188
cell_beta_0p38_p_0p00,beta,1,134234,0.38,0.0,1.0,0.042295146480615,0.91540970703877
cell_beta_0p38_p_0p00,beta,1,134234,0.38,0.0,2.0,0.047384663780121905,0.9052306724397562
cell_beta_0p38_p_0p00,beta,1,134234,0.38,0.0,4.0,0.04864473958556387,0.9027105208288723
cell_beta_0p38_p_0p00,beta,2,234234,0.38,0.0,0.5,0.027076151866138876,0.9458476962677222
cell_beta_0p38_p_0p00,beta,2,234234,0.38,0.0,1.0,0.0425039959651049,0.9149920080697902
cell_beta_0p38_p_0p00,beta,2,234234,0.38,0.0,2.0,0.0485904982710047,0.9028190034579906
cell_beta_0p38_p_0p00,beta,2,234234,0.38,0.0,4.0,0.05033126776708219,0.8993374644658356
cell_beta_0p38_p_0p00,beta,3,334234,0.38,0.0,0.5,0.03695598380728582,0.9260880323854284
cell_beta_0p38_p_0p00,beta,3,334234,0.38,0.0,1.0,0.04804800958056127,0.9039039808388775
cell_beta_0p38_p_0p00,beta,3,334234,0.38,0.0,2.0,0.05165670397124211,0.8966865920575158
cell_beta_0p38_p_0p00,beta,3,334234,0.38,0.0,4.0,0.05260501128930273,0.8947899774213945
cell_beta_0p38_p_0p00,beta,4,434234,0.38,0.0,0.5,0.025404314352832524,0.949191371294335
cell_beta_0p38_p_0p00,beta,4,434234,0.38,0.0,1.0,0.04037777869061998,0.91924444261876
cell_beta_0p38_p_0p00,beta,4,434234,0.38,0.0,2.0,0.04684413333375215,0.9063117333324957
cell_beta_0p38_p_0p00,beta,4,434234,0.38,0.0,4.0,0.04872699510403011,0.9025460097919398
cell_beta_0p38_p_0p00,beta,5,534234,0.38,0.0,0.5,0.029929299581526903,0.9401414008369462
cell_beta_0p38_p_0p00,beta,5,534234,0.38,0.0,1.0,0.04518891162069405,0.9096221767586119
cell_beta_0p38_p_0p00,beta,5,534234,0.38,0.0,2.0,0.05104891115822896,0.8979021776835421
cell_beta_0p38_p_0p00,beta,5,534234,0.38,0.0,4.0,0.05262799343607666,0.8947440131278467
cell_beta_0p38_p_0p00,beta,6,634234,0.38,0.0,0.5,0.031513087921097804,0.9369738241578044
cell_beta_0p38_p_0p00,beta,6,634234,0.38,0.0,1.0,0.044850825213104795,0.9102983495737904
cell_beta_0p38_p_0p00,beta,6,634234,0.38,0.0,2.0,0.049509904884320555,0.9009801902313589
cell_beta_0p38_p_0p00,beta,6,634234,0.38,0.0,4.0,0.05073670796602381,0.8985265840679524
cell_beta_0p38_p_0p00,beta,7,734234,0.38,0.0,0.5,0.02726248269568654,0.9454750346086269
cell_beta_0p38_p_0p00,beta,7,734234,0.38,0.0,1.0,0.03624338392044518,0.9275132321591096
cell_beta_0p38_p_0p00,beta,7,734234,0.38,0.0,2.0,0.03999715862684117,0.9200056827463177
cell_beta_0p38_p_0p00,beta,7,734234,0.38,0.0,4.0,0.04120759477310887,0.9175848104537823
cell_beta_0p38_p_0p00,beta,8,834234,0.38,0.0,0.5,0.017438406543070772,0.9651231869138585
cell_beta_0p38_p_0p00,beta,8,834234,0.38,0.0,1.0,0.026675780305260355,0.9466484393894793
cell_beta_0p38_p_0p00,beta,8,834234,0.38,0.0,2.0,0.029652535147907444,0.9406949297041851
cell_beta_0p38_p_0p00,beta,8,834234,0.38,0.0,4.0,0.030424360270750017,0.9391512794585
cell_beta_0p38_p_0p00,beta,9,934234,0.38,0.0,0.5,0.023528228007597296,0.9529435439848054
cell_beta_0p38_p_0p00,beta,9,934234,0.38,0.0,1.0,0.033471260311287,0.933057479377426
cell_beta_0p38_p_0p00,beta,9,934234,0.38,0.0,2.0,0.03728266225597221,0.9254346754880556
cell_beta_0p38_p_0p00,beta,9,934234,0.38,0.0,4.0,0.03832099520474497,0.9233580095905101
cell_beta_0p39_p_0p00,beta,0,35234,0.39,0.0,0.5,0.025412517328415263,0.9491749653431695
cell_beta_0p39_p_0p00,beta,0,35234,0.39,0.0,1.0,0.03902781364853197,0.921944372702936
cell_beta_0p39_p_0p00,beta,0,35234,0.39,0.0,2.0,0.04563155203809821,0.9087368959238036
cell_beta_0p39_p_0p00,beta,0,35234,0.39,0.0,4.0,0.047585673839924014,0.904828652320152
cell_beta_0p39_p_0p00,beta,1,135234,0.39,0.0,0.5,0.027940358117414854,0.9441192837651703
cell_beta_0p39_p_0p00,beta,1,135234,0.39,0.0,1.0,0.04471445085430953,0.9105710982913809
cell_beta_0p39_p_0p00,beta,1,135234,0.39,0.0,2.0,0.051178400853680917,0.8976431982926382
cell_beta_0p39_p_0p00,beta,1,135234,0.39,0.0,4.0,0.0529889613399232,0.8940220773201536
cell_beta_0p39_p_0p00,beta,2,235234,0.39,0.0,0.5,0.026841840480232304,0.9463163190395354
cell_beta_0p39_p_0p00,beta,2,235234,0.39,0.0,1.0,0.0417187621487744,0.9165624757024512
cell_beta_0p39_p_0p00,beta,2,235234,0.39,0.0,2.0,0.04720215387515064,0.9055956922496987
cell_beta_0p39_p_0p00,beta,2,235234,0.39,0.0,4.0,0.04867488090918093,0.9026502381816381
cell_beta_0p39_p_0p00,beta,3,335234,0.39,0.0,0.5,0.03344319591778988,0.9331136081644202
cell_beta_0p39_p_0p00,beta,3,335234,0.39,0.0,1.0,0.04975982807993107,0.9004803438401379
cell_beta_0p39_p_0p00,beta,3,335234,0.39,0.0,2.0,0.056311030202146506,0.887377939595707
cell_beta_0p39_p_0p00,beta,3,335234,0.39,0.0,4.0,0.05810460031551545,0.8837907993689691
cell_beta_0p39_p_0p00,beta,4,435234,0.39,0.0,0.5,0.028468421300805513,0.943063157398389
cell_beta_0p39_p_0p00,beta,4,435234,0.39,0.0,1.0,0.0409713894424823,0.9180572211150354
cell_beta_0p39_p_0p00,beta,4,435234,0.39,0.0,2.0,0.045551340196823886,0.9088973196063522
cell_beta_0p39_p_0p00,beta,4,435234,0.39,0.0,4.0,0.04682661515210568,0.9063467696957886
cell_beta_0p39_p_0p00,beta,5,535234,0.39,0.0,0.5,0.047358857540060806,0.9052822849198784
cell_beta_0p39_p_0p00,beta,5,535234,0.39,0.0,1.0,0.052573151456784206,0.8948536970864316
cell_beta_0p39_p_0p00,beta,5,535234,0.39,0.0,2.0,0.054984967291719644,0.8900300654165607
cell_beta_0p39_p_0p00,beta,5,535234,0.39,0.0,4.0,0.055675218650832026,0.888649562698336
cell_beta_0p39_p_0p00,beta,6,635234,0.39,0.0,0.5,0.023004068010415324,0.9539918639791694
cell_beta_0p39_p_0p00,beta,6,635234,0.39,0.0,1.0,0.03316532487711532,0.9336693502457694
cell_beta_0p39_p_0p00,beta,6,635234,0.39,0.0,2.0,0.03666182515787397,0.926676349684252
cell_beta_0p39_p_0p00,beta,6,635234,0.39,0.0,4.0,0.03755185862622812,0.9248962827475438
cell_beta_0p39_p_0p00,beta,7,735234,0.39,0.0,0.5,0.03864636315142744,0.9227072736971451
cell_beta_0p39_p_0p00,beta,7,735234,0.39,0.0,1.0,0.04742975908781916,0.9051404818243617
cell_beta_0p39_p_0p00,beta,7,735234,0.39,0.0,2.0,0.050523732707364266,0.8989525345852715
cell_beta_0p39_p_0p00,beta,7,735234,0.39,0.0,4.0,0.05129994824940737,0.8974001035011853
cell_beta_0p39_p_0p00,beta,8,835234,0.39,0.0,0.5,0.034958659520362034,0.9300826809592759
cell_beta_0p39_p_0p00,beta,8,835234,0.39,0.0,1.0,0.051331363657245666,0.8973372726855087
cell_beta_0p39_p_0p00,beta,8,835234,0.39,0.0,2.0,0.05760936878965234,0.8847812624206953
cell_beta_0p39_p_0p00,beta,8,835234,0.39,0.0,4.0,0.05943565712467952,0.881128685750641
cell_beta_0p39_p_0p00,beta,9,935234,0.39,0.0,0.5,0.031996701340943734,0.9360065973181125
cell_beta_0p39_p_0p00,beta,9,935234,0.39,0.0,1.0,0.050055385483414705,0.8998892290331706
cell_beta_0p39_p_0p00,beta,9,935234,0.39,0.0,2.0,0.05782169360601469,0.8843566127879706
cell_beta_0p39_p_0p00,beta,9,935234,0.39,0.0,4.0,0.06000924229354243,0.8799815154129151
cell_beta_0p40_p_0p00,beta,0,36234,0.4,0.0,0.5,0.024783693361254133,0.9504326132774917
cell_beta_0p40_p_0p00,beta,0,36234,0.4,0.0,1.0,0.036734851740501506,0.926530296518997
cell_beta_0p40_p_0p00,beta,0,36234,0.4,0.0,2.0,0.04064670481718902,0.918706590365622
cell_beta_0p40_p_0p00,beta,0,36234,0.4,0.0,4.0,0.04164452118538442,0.9167109576292312
cell_beta_0p40_p_0p00,beta,1,136234,0.4,0.0,0.5,0.026549575127600256,0.9469008497447995
cell_beta_0p40_p_0p00,beta,1,136234,0.4,0.0,1.0,0.03785496150799483,0.9242900769840103
cell_beta_0p40_p_0p00,beta,1,136234,0.4,0.0,2.0,0.04231775566376961,0.9153644886724608
cell_beta_0p40_p_0p00,beta,1,136234,0.4,0.0,4.0,0.043540011315128246,0.9129199773697435
cell_beta_0p40_p_0p00,beta,2,236234,0.4,0.0,0.5,0.03752241703882386,0.9249551659223523
cell_beta_0p40_p_0p00,beta,2,236234,0.4,0.0,1.0,0.05174247908968249,0.896515041820635
cell_beta_0p40_p_0p00,beta,2,236234,0.4,0.0,2.0,0.05789392892004941,0.8842121421599012
cell_beta_0p40_p_0p00,beta,2,236234,0.4,0.0,4.0,0.05964456914786226,0.8807108617042755
cell_beta_0p40_p_0p00,beta,3,336234,0.4,0.0,0.5,0.03145965082156116,0.9370806983568777
cell_beta_0p40_p_0p00,beta,3,336234,0.4,0.0,1.0,0.04490893024214554,0.9101821395157089
cell_beta_0p40_p_0p00,beta,3,336234,0.4,0.0,2.0,0.050582545531096035,0.8988349089378079
cell_beta_0p40_p_0p00,beta,3,336234,0.4,0.0,4.0,0.052179841870019894,0.8956403162599602
cell_beta_0p40_p_0p00,beta,4,436234,0.4,0.0,0.5,0.047770790285918074,0.9044584194281639
cell_beta_0p40_p_0p00,beta,4,436234,0.4,0.0,1.0,0.06292102398891997,0.8741579520221601
cell_beta_0p40_p_0p00,beta,4,436234,0.4,0.0,2.0,0.06778945775639905,0.8644210844872019
cell_beta_0p40_p_0p00,beta,4,436234,0.4,0.0,4.0,0.06903952128291008,0.8619209574341798
cell_beta_0p40_p_0p00,beta,5,536234,0.4,0.0,0.5,0.03265677507019482,0.9346864498596104
cell_beta_0p40_p_0p00,beta,5,536234,0.4,0.0,1.0,0.04746250648435291,0.9050749870312942
cell_beta_0p40_p_0p00,beta,5,536234,0.4,0.0,2.0,0.0529999894791745,0.894000021041651
cell_beta_0p40_p_0p00,beta,5,536234,0.4,0.0,4.0,0.054487292003796706,0.8910254159924066
cell_beta_0p40_p_0p00,beta,6,636234,0.4,0.0,0.5,0.0338451765133268,0.9323096469733464
cell_beta_0p40_p_0p00,beta,6,636234,0.4,0.0,1.0,0.04392587501507572,0.9121482499698486
cell_beta_0p40_p_0p00,beta,6,636234,0.4,0.0,2.0,0.048348118021593445,0.9033037639568131
cell_beta_0p40_p_0p00,beta,6,636234,0.4,0.0,4.0,0.049595205139140786,0.9008095897217184
cell_beta_0p40_p_0p00,beta,7,736234,0.4,0.0,0.5,0.039235228818141565,0.9215295423637169
cell_beta_0p40_p_0p00,beta,7,736234,0.4,0.0,1.0,0.055038786070029655,0.8899224278599407
cell_beta_0p40_p_0p00,beta,7,736234,0.4,0.0,2.0,0.06105712873865804,0.8778857425226839
cell_beta_0p40_p_0p00,beta,7,736234,0.4,0.0,4.0,0.06270999896591545,0.8745800020681691
cell_beta_0p40_p_0p00,beta,8,836234,0.4,0.0,0.5,0.030119505224166676,0.9397609895516666
cell_beta_0p40_p_0p00,beta,8,836234,0.4,0.0,1.0,0.045924224954906334,0.9081515500901873
cell_beta_0p40_p_0p00,beta,8,836234,0.4,0.0,2.0,0.05180849013945471,0.8963830197210906
cell_beta_0p40_p_0p00,beta,8,836234,0.4,0.0,4.0,0.05339199958065688,0.8932160008386862
cell_beta_0p40_p_0p00,beta,9,936234,0.4,0.0,0.5,0.01404090568763361,0.9719181886247328
cell_beta_0p40_p_0p00,beta,9,936234,0.4,0.0,1.0,0.020632779517871014,0.958734440964258
cell_beta_0p40_p_0p00,beta,9,936234,0.4,0.0,2.0,0.02291000930842446,0.9541799813831511
cell_beta_0p40_p_0p00,beta,9,936234,0.4,0.0,4.0,0.02349354199094711,0.9530129160181058
