rule,radius,d0,phi_energy_raw,delta_phi_energy,delta_phi_full,d_phi_energy_direct_dd,d_phi_energy_direct_dd_sem,n_units,target_ref_count,sampling_status,qc_diagnostic_pass,d_phi_energy_raw_dd,d2_phi_energy_raw_dd2,d_delta_phi_energy_dd,d2_delta_phi_energy_dd2,d_delta_phi_full_dd,d2_delta_phi_full_dd2
random_label,0.01,0.1,-0.0013593418999545588,0.025788870139138175,-2.2758605929918465,-0.02674459639931737,0.0019053587089356504,30,30,complete,True,-0.04486591887415672,-2.5217171316974434,-0.04486591887415646,-2.5217171316974665,69.24168687175836,-1440.3475973254842
random_label,0.02,0.1,-0.001808001088696126,0.02534021095039661,-1.583443724274263,-0.06653252269265547,0.003660387838211059,30,30,complete,True,-0.07008309019113115,-4.13627363295419,-0.07008309019113113,-4.136273632954193,54.83821089850352,-1736.300093398768
random_label,0.03,0.1,-0.0027610037037771812,0.024387208335315554,-1.1790963750217762,-0.12681783716515777,0.00547526143795333,30,30,complete,True,-0.12759139153324048,-6.203257085702194,-0.12759139153324028,-6.203257085702186,34.515685003783,-1475.0728178935171
random_label,0.04,0.1,-0.004359828919360935,0.0227883831197318,-0.8931300241986029,-0.19523611843024236,0.006968017465492509,30,30,complete,True,-0.194148231905175,-6.477418797276216,-0.19414823190517483,-6.477418797276211,25.336754540633166,-725.3903588941681
random_label,0.05,0.1,-0.006643968341880683,0.020504243697212057,-0.6723612842091128,-0.264743963615813,0.009304847404217454,30,30,complete,True,-0.2571397674787648,-6.393247125071241,-0.25713976747876455,-6.393247125071257,20.00787782589963,-442.0995985839834
random_label,0.06,0.1,-0.00950262426893623,0.01764558777015651,-0.49297246768061037,-0.32364782918484614,0.008944397683500877,30,30,complete,True,-0.32201317440659977,-6.046320588355622,-0.32201317440659993,-6.046320588355629,16.494762568953497,-300.3842601603833
random_label,0.07,0.1,-0.01308423183001268,0.014063980209080057,-0.34246603283004284,-0.38404410863873056,0.0095266628139285,30,30,complete,True,-0.3780661792458773,-5.2999554550307195,-0.37806617924587715,-5.299955455030716,14.000192622691968,-218.10796898322553
random_label,0.08,0.1,-0.017063947853853775,0.010084264185238966,-0.21296861522677088,-0.4360901837662003,0.009526005407518984,30,30,complete,True,-0.4280122835072142,-6.30735150080352,-0.42801228350721426,-6.307351500803552,12.132603189288984,-167.58809306767125
random_label,0.09,0.1,-0.02164447750015696,0.005503734538935777,-0.0998139690442633,-0.48570479570344316,0.009095336673858437,30,30,complete,False,-0.5042132092619477,-6.240169151336275,-0.5042132092619481,-6.240169151336271,10.648430761338544,-132.79805490320268
random_label,0.1,0.1,-0.027148212039092734,0.0,0.0,-0.5277311075421929,0.010365743665148058,30,30,complete,False,-0.5528156665339397,-3.716756708832584,-0.5528156665339397,-3.716756708832545,9.476642091224932,-105.73027409996183
random_label,0.11,0.1,-0.032700790830835755,-0.005552578791743017,0.08971887278023538,-0.5612219557051802,0.01049859985662875,30,30,complete,False,-0.5785483434385994,-2.82651687154927,-0.5785483434385991,-2.8265168715492877,8.533825279339307,-86.83389452850025
random_label,0.12,0.1,-0.038719178907864714,-0.011570966868771975,0.17067650558678604,-0.5869088886224301,0.011836989052231735,30,30,complete,False,-0.609346003964925,-3.241639081567744,-0.6093460039649253,-3.2416390815677545,7.739964200654928,-73.64021419135366
random_label,0.13,0.1,-0.04488771091013426,-0.017739498871041526,0.24451815679333394,-0.6269564399858165,0.010362658818291414,30,30,complete,False,-0.6433811250699544,-3.391488818838379,-0.6433811250699542,-3.39148881883834,7.061020995512234,-63.250258541850485
random_label,0.14,0.1,-0.05158680140926381,-0.02443858937017107,0.31189692549703085,-0.6437359690027249,0.013437006263491652,30,30,complete,False,-0.6771757803416927,-1.6513373153235733,-0.6771757803416922,-1.6513373153235804,6.474959029817917,-53.17860927665009
random_label,0.15,0.1,-0.058431226516968096,-0.03128301447787536,0.3740173373896923,-0.6503731952506588,0.011730781427283331,30,30,complete,False,-0.6764078713764259,-1.135049868617557,-0.6764078713764259,-1.135049868617557,5.9974488099792325,-45.961079621971066
random_label,0.16,0.1,-0.06511495883679232,-0.03796674679769958,0.43184590169661546,-0.6738740825192262,0.011941741003106916,30,30,complete,False,-0.699876777714044,-2.888097914702655,-0.6998767777140436,-2.8880979147026125,5.555737437378497,-42.242992410458555
random_label,0.17,0.1,-0.07242876207124899,-0.045280550032156246,0.48513208613726233,-0.6654208461760975,0.01316271838236705,30,30,complete,False,-0.7341698296704791,-3.060148224958546,-0.7341698296704782,-3.060148224958617,5.152588961770061,-37.889759455863555
random_label,0.18,0.1,-0.07979835543020189,-0.05265014339110914,0.5348976809320166,-0.6526153206657319,0.011850147568550786,30,30,complete,False,-0.761079742213215,3.0368984648055957,-0.7610797422132158,3.0368984648055743,4.797942248261226,-28.00678214922391
random_label,0.19,0.1,-0.08765035691551328,-0.060502144876420555,0.5810909311024868,-0.6339794334617118,0.011142234466598016,30,30,complete,False,-0.6734318603743668,8.53006137295095,-0.6734318603743663,8.53006137295106,4.592453318785584,-19.314061261115768
random_label,0.2,0.1,-0.09326699263768923,-0.06611878059859648,0.6267467473077284,-0.629443778120312,0.008505405368686778,30,30,complete,False,-0.5904785147541958,1.5757191834555186,-0.5904785147541944,1.5757191834554547,4.41166102303891,-23.539910844596108
random_label,0.21,0.1,-0.09945992721059718,-0.07231171517150443,0.669324151563265,-0.5884673844040474,0.009778727458126857,30,30,complete,False,-0.641917476705256,0.875512724116529,-0.6419174767052569,0.8755127241164402,4.121655101893662,-21.894432078899627
random_label,0.22,0.1,-0.10610534217179435,-0.07895713013270161,0.7091798493456016,-0.5660379075556926,0.010398815688942943,30,30,complete,False,-0.5729682602718649,6.789101514622146,-0.5729682602718653,6.789101514622168,3.9737723814609183,-13.949475206374188
random_label,0.23,0.1,-0.11091929241603449,-0.08377108037694175,0.7487995991924834,-0.5256686859629939,0.007473938166772501,30,30,complete,False,-0.5061354464128129,-5.134714685969925,-0.5061354464128134,-5.134714685969769,3.842665597766178,-24.10242740033516
random_label,0.24,0.1,-0.1162280511000506,-0.08907983906095787,0.786033161300925,-0.5012684813516883,0.008460634577205053,30,30,complete,False,-0.6756625539912626,-2.7536761277400217,-0.67566255399126,-2.753676127739908,3.491723833454216,-20.168270314646435
random_label,0.25,0.1,-0.12443254349585973,-0.09728433145676695,0.8186340758615677,-0.4549210393914153,0.010711699420891185,30,30,complete,False,-0.5612089689676125,17.373380232006348,-0.5612089689676107,17.37338023200608,3.439300191473251,1.3284830406298909
random_label,0.26,0.1,-0.12745223047940285,-0.1003040184403101,0.8548191651303901,-0.42792643434525196,0.009675390314058164,30,30,complete,False,-0.32819494935113536,8.25667223715957,-0.328194949351138,8.256672237159304,3.518293494266814,-6.574137777817754
random_label,0.27,0.1,-0.13099644248288245,-0.10384823044378971,0.888999945746904,-0.3987552842691963,0.00984807073435019,30,30,complete,False,-0.39607552422442094,-3.2143389130335933,-0.3960755242244245,-3.2143389130334192,3.3078174359168955,-16.963942528229126
random_label,0.28,0.1,-0.1353737409638913,-0.10822552892479859,0.9209755138487281,-0.3455761517799436,0.00824979014175287,30,30,complete,False,-0.39248172761180733,2.4827784969981757,-0.39248172761180644,2.482778496998396,3.1790146437022315,-10.299777009153019
random_label,0.29,0.1,-0.1388460770351186,-0.11169786499602583,0.9525802386209483,-0.3137949487149664,0.00969660483754972,30,30,complete,False,-0.3464199542844577,3.954427178958813,-0.3464199542844568,3.9544271789587224,3.101821895733835,-7.9597033872165355
random_label,0.3,0.1,-0.14230214004958044,-0.11515392801048772,0.9830119517634047,-0.2840289595117005,0.009944837272582682,30,30,complete,False,-0.3133931840326314,6.358925645936068,-0.3133931840326323,6.35892564593607,3.019820575957901,-4.772425288109616
random_label,0.31,0.1,-0.14511394071577122,-0.11796572867667848,1.0129766501401063,-0.2547622605458656,0.009699455803898487,30,30,complete,False,-0.2192414413657362,7.927896634804324,-0.2192414413657353,7.9278966348044575,3.0063733899716425,-2.4954100420064265
random_label,0.32,0.1,-0.14668696887689517,-0.11953875683780243,1.0431394195628376,-0.2118825859149043,0.008748381549833342,30,30,complete,False,-0.15483525133654474,0.05866578930109334,-0.15483525133654297,0.05866578930109334,2.9699123751177723,-9.722106589809329
random_label,0.33,0.1,-0.14821064574250212,-0.12106243370340934,1.0723748976424619,-0.18231862110405786,0.011799170670193928,30,30,complete,False,-0.21806812557971433,-0.6806951379830108,-0.21806812557971345,-0.6806951379831885,2.8119312581754556,-9.87659936153591
random_label,0.34,0.1,-0.15104833138848947,-0.1239001193493967,1.0993780447263468,-0.16426031753621714,0.010732623796497583,30,30,complete,False,-0.16844915409620498,2.5381378522755593,-0.16844915409620675,2.5381378522753817,2.772380387887054,-6.123860951215221
random_label,0.35,0.1,-0.1515796288244262,-0.12443141678533347,1.1278225054002027,-0.13644778567523533,0.009913853610252892,30,30,complete,False,-0.16730536853420297,-1.0151190279177698,-0.16730536853420563,-1.0151190279175477,2.689454039151151,-9.188418718674313
random_label,0.36,0.1,-0.15439443875917355,-0.12724622672008082,1.1531671255093698,-0.12015912212391533,0.008098510195854267,30,30,complete,False,-0.18875153465456052,6.53602292244852,-0.18875153465455785,6.536022922448787,2.5886120135135684,-1.188818322365364
random_label,0.37,0.1,-0.1553546595175174,-0.12820644747842463,1.179594745670474,-0.10072481220425614,0.008612007686188918,30,30,complete,False,-0.03658491008523246,7.618639363688866,-0.036584910085229794,7.618639363688599,2.6656776727038434,0.30631767870517024
random_label,0.38,0.1,-0.1551261369608782,-0.12797792492178542,1.2064806789634468,-0.09254973437395306,0.008790303601071756,30,30,complete,False,-0.03637874738078306,-5.104303296566077,-0.036378747380785725,-5.104303296566299,2.594738367087672,-12.036302617476125
random_label,0.39,0.1,-0.15608223446513306,-0.12893402242604035,1.2314895130122276,-0.08006658084921921,0.008088925768131087,30,30,complete,False,-0.1386709760165541,-0.1730503443999607,-0.13867097601655587,-0.17305034439973865,2.424951620354321,-6.75365757770868
random_label,0.4,0.1,-0.1578995564812093,-0.13075134444211653,1.2549797113705332,-0.06154085950641332,0.007515575163915639,30,30,complete,False,-0.03983975426878228,8.421747139893528,-0.0398397542687805,8.421747139893572,2.459665215533498,2.1664643924609237
random_label,0.41,0.1,-0.1568790295505087,-0.12973081751141596,1.2806828173228972,-0.05802466163055309,0.00538912308895857,30,30,complete,False,0.02976396678131632,0.2502617402714893,0.029763966781315432,0.25026174027140047,2.468280908203539,-5.703247097702388
random_label,0.42,0.1,-0.15730427714558298,-0.13015606510649025,1.3043453295346041,-0.048689326731628076,0.004767501013056076,30,30,complete,False,-0.03483451946335325,-4.021927344624695,-0.03483451946335325,-4.021927344624473,2.34560027357945,-9.694992556901383
random_label,0.43,0.1,-0.15757571993977576,-0.13042750790068303,1.3275948227944863,-0.040766809992012605,0.004631192677890262,30,30,complete,False,-0.05067458011117765,-0.14363621390254266,-0.050674580111174095,-0.14363621390254266,2.2743810570655114,-5.5556235003145105
random_label,0.44,0.1,-0.15831776874780654,-0.13116955670871375,1.3498329506759144,-0.03453734956405574,0.0049744237199950084,30,30,complete,False,-0.037707243741404106,5.207989918422347,-0.037707243741404106,5.207989918422036,2.2344878035731597,0.03945828739304602
random_label,0.45,0.1,-0.15832986481460384,-0.1311816527755111,1.3722845788659495,-0.03208495812412059,0.004048532933688506,30,30,complete,False,0.053485218257269374,0.3432854655638804,0.05348521825726671,0.3432854655640136,2.2751702228133723,-4.597861280743828
random_label,0.46,0.1,-0.15724806438266115,-0.1300998523435684,1.3953363551321818,-0.03377927400048231,0.004513289048651577,30,30,complete,False,-0.030841534430126494,-4.323598275741766,-0.03084153443012383,-4.323598275741588,2.142530577958283,-9.052046522403131
random_label,0.47,0.1,-0.15894669550320634,-0.13179848346411355,1.415135190425115,-0.03058016349275868,0.004551733415282392,30,30,complete,False,-0.03298674725756623,3.6889049263147142,-0.03298674725756534,3.6889049263144034,2.0941292923653094,-0.8402927843313961
random_label,0.48,0.1,-0.1579077993278125,-0.13075958728871973,1.437218940979488,-0.026379041438298913,0.00307483216658416,30,30,complete,False,0.042936564096168084,0.1119654601508202,0.04293656409616453,0.11196546015073139,2.1257247222716558,-4.230319129864313
random_label,0.49,0.1,-0.15808796422128296,-0.13093975218219026,1.457649684870548,-0.02780147881318825,0.003284052486663495,30,30,complete,False,-0.030747438054549825,0.5865372649828777,-0.030747438054550713,0.5865372649831442,2.009522909768023,-3.5801734173588784
random_label,0.5,0.1,-0.1585227480889035,-0.13137453604981075,1.4774093991748485,-0.01699235651053216,0.003030933167456813,30,30,complete,False,0.05466730939582565,2.8522108321229895,0.054667309395827424,2.852210832123034,2.054121253924478,-1.149365928090873
random_label,0.51,0.1,-0.15699461803336645,-0.12984640599427372,1.4987321099490376,-0.019989377027696743,0.003372678483318558,30,30,complete,False,0.02629677858791002,-5.886344241763991,0.02629677858791002,-5.8863442417641245,1.9865355912062057,-9.732415263017913
random_label,0.52,0.1,-0.15799681251714529,-0.13084860047805255,1.5171401109989726,-0.01801013417534391,0.0027238796971700034,30,30,complete,False,-0.06305957543945429,-2.1011281805638475,-0.06305957543945517,-2.1011281805638475,1.85947294866412,-5.800587261494883
random_label,0.53,0.1,-0.15825580954215554,-0.1311075975030628,1.53592156892232,-0.02161949840183724,0.0033186496926299034,30,30,complete,False,-0.015725785023366967,6.562951147534552,-0.015725785023366967,6.562951147534552,1.870523845976308,3.0018758704933646
random_label,0.54,0.1,-0.15831132821761262,-0.1311631161785199,1.5545505879184989,-0.015865776305437427,0.0027888304790617984,30,30,complete,False,0.06819944751123685,1.8004480359577342,0.06819944751123597,1.8004480359576898,1.9195104660739872,-1.6298670569433682
random_label,0.55,0.1,-0.1568918205919308,-0.1297436085528381,1.5743117782437999,-0.01204779183986766,0.003073026143846738,30,30,complete,False,0.020283175695787747,-7.095509695669516,0.02028317569578686,-7.095509695669382,1.8379265048374407,-10.40213823340109
random_label,0.56,0.1,-0.15790566470369688,-0.13075745266460415,1.5913091180152477,-0.011561521600354228,0.002624766201705952,30,30,complete,False,-0.07371074640215358,-0.37262358915851734,-0.0737107464021518,-0.3726235891584285,1.7114677014059652,-3.5621379376229925
random_label,0.57,0.1,-0.15836603551997383,-0.1312178234808811,1.6085411322719187,-0.0135251621784438,0.002052864557275395,30,30,complete,False,0.012830703912615427,4.889257277735013,0.012830703912616315,4.88925727773488,1.7666837460849791,1.8107423792806259
random_label,0.58,0.1,-0.15764905062544457,-0.1305008385863518,1.6266427929369471,-0.014812089080859745,0.0020161179692274648,30,30,complete,False,0.02407439915254539,-4.727877727258352,0.0240743991525445,-4.7278777272584405,1.7476825489915768,-7.701089443580145
random_label,0.59,0.1,-0.1578845475369229,-0.1307363354978302,1.6434947832517501,-0.011612267350946382,0.002553594808705785,30,30,complete,False,-0.0817268506325517,-1.617121389417696,-0.08172685063255258,-1.617121389417607,1.6126619572133762,-4.490342922129997
random_label,0.6,0.1,-0.1592835876380956,-0.13213537559900285,1.6588960320812145,-0.007050731786486658,0.0027489249561679758,30,30,complete,False,-0.008268028635808555,5.524228477962362,-0.008268028635807667,5.524228477962495,1.6578756905489769,2.7460356928962426
random_label,0.61,0.1,-0.1580499081096391,-0.13090169607054636,1.6766522970627298,-0.009138733648236152,0.00165666141360377,30,30,complete,False,0.028757718926695652,1.3924640408167641,0.02875771892669743,1.392464040816853,1.667582671071301,-1.2953384799573087
random_label,0.62,0.1,-0.1587084332595617,-0.1315602212204689,1.6922476855026407,-0.00971965901272769,0.0021692624392402027,30,30,complete,False,0.019581252180526754,-0.7843747826655082,0.019581252180529418,-0.7843747826655526,1.6319689209498307,-3.386128430257429
random_label,0.63,0.1,-0.15765828306602855,-0.13051007102693576,1.7092916754817264,-0.009223233059039042,0.0029553704685881983,30,30,complete,False,0.013070223273385473,-4.357328238662324,0.013070223273386361,-4.357328238662502,1.5998601024661525,-6.8771007261965025
random_label,0.64,0.1,-0.15844702879409397,-0.13129881675500119,1.7242448875519636,-0.012678655666962442,0.0018914422159580838,30,30,complete,False,-0.0675653125927198,-0.19743244956447176,-0.0675653125927207,-0.1974324495647382,1.4944269064259004,-2.639039046125191
random_label,0.65,0.1,-0.15900958931788295,-0.1318613772787902,1.7391802136102446,-0.009509913178547715,0.002352350214629864,30,30,complete,False,0.009121574282096034,5.599880515778284,0.009121574282091593,5.599880515778284,1.5470793215436487,3.2328576982379644
random_label,0.66,0.1,-0.15826459730845205,-0.13111638526935934,1.7551864739828367,-0.010082119671422014,0.0021753128695664137,30,30,complete,False,0.04443229772284596,-1.0438382329652987,0.04443229772284507,-1.0438382329649434,1.55908406039066,-3.339643771361253
random_label,0.67,0.1,-0.15812094336342603,-0.1309727313243333,1.7703618948180577,-0.009650248909948622,0.0021235247327643044,30,30,complete,False,-0.011755190377209956,-4.534627897852502,-0.011755190377207292,-4.534627897852369,1.4802864461164233,-6.762383028924987
random_label,0.68,0.1,-0.15849970111599626,-0.1313514890769035,1.784792202905165,-0.011179012969507289,0.0024806654820850042,30,30,complete,False,-0.046260260234204154,-1.2498034635099835,-0.04626026023420238,-1.2498034635101611,1.42383639981216,-3.4124900137093874
random_label,0.69,0.1,-0.15904614856811009,-0.13189793652901732,1.7988386228143005,-0.01170782385370538,0.0020411554133481676,30,30,complete,False,-0.036751259647409995,4.042152582457954,-0.03675125964741088,4.042152582457954,1.4120366458422353,1.941724509415323
random_label,0.7,0.1,-0.15923472630894447,-0.1320865142698517,1.8130329358220096,-0.01108402147604177,0.0018327389883448658,30,30,complete,False,0.03458279141495524,4.958389230852629,0.034582791414957015,4.9583892308525845,1.4626708900004672,2.917569066156034
random_label,0.71,0.1,-0.15835449273981098,-0.1312062807007182,1.8280920406143097,-0.007711574405020617,0.002319992115342857,30,30,complete,False,0.06241652496964267,-1.7915073634103147,0.062416524969640896,-1.7915073634105367,1.470388027165356,-3.7752218178724206
random_label,0.72,0.1,-0.15798639580955162,-0.1308381837704589,1.8424406963653168,-0.005986146477782835,0.0021045331115824724,30,30,complete,False,-0.0012473558532510864,-5.264563262209472,-0.001247355853253751,-5.264563262209383,1.3871664536430188,-7.1935360733760945
random_label,0.73,0.1,-0.158379439856876,-0.13123122781778326,1.8558353696871701,-0.012270844022012397,0.0018605499878969073,30,30,complete,False,-0.04287474027454685,2.000226325113495,-0.04287474027454685,2.000226325113717,1.326517305697834,0.12375981848506967
random_label,0.74,0.1,-0.15884389061504256,-0.13169567857594983,1.8689710424792736,-0.00826678797590451,0.0020454668392414503,30,30,complete,False,0.038757170649018846,2.8213449505783728,0.03875717064902062,2.8213449505784616,1.3896416500127202,0.9952694927932271
random_label,0.75,0.1,-0.15760429644389562,-0.13045608440480286,1.8836282026874245,-0.012463666072808651,0.002080888105480413,30,30,complete,False,0.013552158737020648,-3.955448207846276,0.013552158737022424,-3.9554482078463646,1.3464226955536986,-5.733135746999807
random_label,0.76,0.1,-0.15857284744030214,-0.13142463540120938,1.8958994963903475,-0.00939632974819859,0.0023346141641495677,30,30,complete,False,-0.04035179350790674,-2.105763544449422,-0.04035179350790674,-2.105763544449511,1.274978935072724,-3.836961502693015
random_label,0.77,0.1,-0.15841133231405374,-0.13126312027496098,1.909127781388879,-0.006623030459752761,0.0020375560452283283,30,30,complete,False,-0.02856311215196783,-1.8882573167962478,-0.02856311215196783,-1.888257316796381,1.2696834654998383,-3.5747660042481684
random_label,0.78,0.1,-0.1591441096833415,-0.13199589764424874,1.9212931657003443,-0.009915211126819846,0.0017157960864788878,30,30,complete,False,-0.07811693984383172,1.9812849559210906,-0.07811693984383439,1.9812849559210906,1.2034836149877606,0.3377570092851556
random_label,0.79,0.1,-0.1599736711109304,-0.13282545907183768,1.9331974536886343,-0.00589664148164268,0.0018025191138121832,30,30,complete,False,0.011062586966454013,6.152693537728021,0.011062586966454013,6.152693537728199,1.2764386056855415,4.5505238064350735
random_label,0.8,0.1,-0.15892285794401242,-0.13177464590491966,1.946821937814055,-0.012198234017069425,0.0016346740869323114,30,30,complete,False,0.04493693091072881,-1.921790316836301,0.0449369309107297,-1.9217903168364343,1.2944940911164622,-3.484143698631918
random_label,0.81,0.1,-0.15907493249271581,-0.13192672045362308,1.9590873355109637,-0.007672988208636731,0.002508742444359293,30,30,complete,False,-0.02737321937027204,-2.001851643442749,-0.027373219370274704,-2.0018516434427047,1.206755731712903,-3.5258548330978954
random_label,0.82,0.1,-0.15947032233141784,-0.13232211029232513,1.9709570524483129,-0.011109538065839614,0.0016168133610138214,30,30,complete,False,0.004899898041872852,1.9469188007134495,0.0048998980418746285,1.946918800713627,1.2239769944545031,0.45987076350755984
random_label,0.83,0.1,-0.15897693453187836,-0.1318287224927856,1.983566875400054,-0.007799657325178574,0.0019256858054448678,30,30,complete,False,0.011565156643996488,-2.0926800000660144,0.011565156643997376,-2.092680000066103,1.215953146983054,-3.5441010676017015
random_label,0.84,0.1,-0.1592390191985379,-0.13209080715944518,1.9952761153879741,-0.007897339787629106,0.0015867834738850404,30,30,complete,False,-0.03695370195944747,-1.514226256466865,-0.03695370195944747,-1.5142262564669982,1.1530949731024691,-2.9312856382333052
random_label,0.85,0.1,-0.1597160085710673,-0.13256779653197456,2.0066287748621034,-0.010230451708487527,0.0015847313403077655,30,30,complete,False,-0.018719368485340837,1.5887027074846114,-0.018719368485342613,1.5887027074845226,1.157327434218388,0.20479894636125096
random_label,0.86,0.1,-0.15961340656824471,-0.13246519452915204,2.0184226640723417,-0.007405494393040812,0.0013982222346184468,30,30,complete,False,-0.005179647809755217,0.5679862743015902,-0.005179647809756993,0.5679862743019455,1.1571909520296941,-0.7839121372363422
random_label,0.87,0.1,-0.1598196015272624,-0.1326713894881697,2.029772593902697,-0.006257704915609484,0.0022619671741476934,30,30,complete,False,-0.007359642999309024,1.7785240270686826,-0.007359642999303695,1.7785240270688603,1.141649191473661,0.45753329839257617
random_label,0.88,0.1,-0.1597605994282309,-0.1326123873891381,2.041255647901815,-0.006060702908083111,0.0019668370093428645,30,30,complete,False,0.030390832731618467,-0.02488476110715787,0.030390832731620243,-0.02488476110755755,1.1663416179975457,-1.3160158426757107
random_label,0.89,0.1,-0.15921178487263005,-0.13206357283353728,2.0530994262626483,-0.012610029301250032,0.0017716346591947411,30,30,complete,False,-0.007857338221452181,-2.7955014041537636,-0.007857338221454846,-2.795501404153941,1.1153288746201468,-4.057774017321947
random_label,0.9,0.1,-0.15991774619265994,-0.1327695341535672,2.063562225394218,-0.011739428219643248,0.0018780038007216921,30,30,complete,False,-0.025519195351456858,0.48212053690854756,-0.025519195351458634,0.4821205369086808,1.0851861376511067,-0.7522505194472728
random_label,0.91,0.1,-0.15972216877965917,-0.13257395674056646,2.07480314901567,-0.009303367475819956,0.0015482971257449428,30,30,complete,False,0.0017850725167187775,0.9659763844701788,0.0017850725167187775,0.9659763844704008,1.1002838642312014,-0.2414081795563945
random_label,0.92,0.1,-0.15988204474232556,-0.13273383270323283,2.085567902678842,-0.007973961339355079,0.0020590804201622574,30,30,complete,False,-0.006199667662053265,-2.0290842795657387,-0.006199667662050601,-2.0290842795656054,1.0803579740599787,-3.210357831592596
random_label,0.93,0.1,-0.15984616213290023,-0.13269795009380747,2.09641030849687,-0.009302269765233932,0.0015492836162524467,30,30,complete,False,-0.03879661307459603,-0.1159914436326227,-0.03879661307459337,-0.11599144363284475,1.0360767075993493,-1.2719919975111438
random_label,0.94,0.1,-0.16065797700381745,-0.13350976496472466,2.1062894368308287,-0.005794654900384367,0.001871076822265469,30,30,complete,False,-0.008519496534706406,3.4918743437558515,-0.008519496534708182,3.4918743437555406,1.054918134109755,2.3603442575058864
random_label,0.95,0.1,-0.16001655206359436,-0.13286834002450162,2.117508671179065,-0.010028255256822638,0.0019058461093374379,30,30,complete,False,0.031040873800520785,-1.0629440245048185,0.031040873800517232,-1.0629440245047297,1.083283592749467,-2.17077254881346
random_label,0.96,0.1,-0.16003715952780706,-0.13288894748871433,2.127955108685818,-0.008291259858909269,0.002029012339742259,30,30,complete,False,-0.029778377024802793,-1.3129985256924648,-0.029778377024802793,-1.3129985256921983,1.011502683133486,-2.397862511813287
random_label,0.97,0.1,-0.16061211960409044,-0.13346390756499768,2.1377387248417348,-0.010286762513016724,0.0019562076424643744,30,30,complete,False,0.004780903286671467,0.753430211545058,0.004780903286673244,0.753430211545058,1.0353263425132013,-0.30917601379130133
random_label,0.98,0.1,-0.15994154146207362,-0.13279332942298086,2.148661635536082,-0.008200965002015075,0.0020377972832524406,30,30,complete,False,-0.014709772793901621,-2.8486546863752493,-0.014709772793901621,-2.8486546863754714,1.0053191628576599,-3.8896812178983
random_label,0.99,0.1,-0.16090631505996844,-0.1337581030208757,2.157845108098888,-0.01038685265162606,0.0016381936411130678,30,30,complete,False,-0.052192190440833564,0.34013758508583125,-0.05219219044083623,0.3401375850856925,0.9575327181552353,-0.4300491413886647
random_label,1.0,0.1,-0.1609853852708903,-0.13383717323179758,2.167812289899187,-0.00829717343427173,0.001374632669710766,30,30,complete,False,-0.007907021092184989,4.428516934864853,-0.007907021092187765,4.4285169348648425,0.9967181800298865,3.918546187465118
real_even_odd,0.01,0.1,-0.00034708019314795313,0.002758873424855886,-2.2988905897061285,-0.0015651575594851275,0.0002593523137022615,30,30,complete,True,-0.002518001852570736,-0.13357436972219672,-0.0025180018525707525,-0.13357436972219505,69.2840347887799,-1437.9594545635073
real_even_odd,0.02,0.1,-0.0003722602116736605,0.0027336934063301784,-1.6060502418183293,-0.003628801774332511,0.0005461529184375461,30,30,complete,True,-0.003853745549792703,-0.24674743840783797,-0.003853745549792703,-0.24674743840783664,54.90444024314483,-1732.4105672042197
real_even_odd,0.03,0.1,-0.0004241551041438072,0.0026817985138600318,-1.2008017848432317,-0.007081807469820983,0.0008900481763504654,30,30,complete,True,-0.0074529506207274936,-0.4785894326011232,-0.007452950620727483,-0.47858943260112163,34.63582344469552,-1469.348150240415
real_even_odd,0.04,0.1,-0.0005213192240882103,0.0025846343939156286,-0.913333772924419,-0.012891231214583798,0.0012678308774915518,30,30,complete,True,-0.013425534201815168,-0.7143698660108815,-0.013425534201815137,-0.7143698660108803,25.517477238336525,-719.6273099629033
real_even_odd,0.05,0.1,-0.0006926657881801107,0.002413287829823729,-0.6904522400765011,-0.02139419632880778,0.0016794335789414249,30,30,complete,True,-0.021740347940945128,-0.9012459700473966,-0.021740347940945093,-0.9012459700474006,20.243277245437447,-436.6075974289596
real_even_odd,0.06,0.1,-0.0009561261829071127,0.0021498274350967264,-0.5084682280156702,-0.031828440544161174,0.0020084390748470893,30,30,complete,True,-0.0314504536027631,-1.055065051506099,-0.03145045360276315,-1.0550650515061,16.78532528975733,-295.39300462353344
real_even_odd,0.07,0.1,-0.001321674860235373,0.001784278757768466,-0.3547457342813544,-0.04274873876196351,0.0022583211504802582,30,30,complete,True,-0.04284164897106712,-1.1239916596809407,-0.0428416489710671,-1.1239916596809405,14.33541715296678,-213.93200518787546
real_even_odd,0.08,0.1,-0.0018129591623284548,0.0012929944556753844,-0.22175988495633447,-0.054507809233104755,0.002400775173558395,30,30,complete,True,-0.05393028679638191,-1.0904036906351031,-0.053930286796381954,-1.0904036906351062,12.506685185999817,-162.37114525750292
real_even_odd,0.09,0.1,-0.0024002805961630107,0.0007056730218408276,-0.10461203056135826,-0.06460123358820181,0.002224870938919334,30,30,complete,True,-0.06464972278376917,-1.0919058081180761,-0.06464972278376921,-1.0919058081180695,11.087994247816724,-127.64979155998441
real_even_odd,0.1,0.1,-0.0031059536180038385,0.0,0.0,-0.07501165766550193,0.0024371350256160093,30,30,complete,True,-0.07576840295874344,-1.1856615409818243,-0.07576840295874336,-1.1856615409818234,9.95368935480013,-103.19917893211107
real_even_odd,0.11,0.1,-0.003915648655337879,-0.0008096950373340396,0.09446175653464436,-0.08474217717994172,0.0025637543756025054,30,30,complete,True,-0.08836295360340565,-0.7886693289845641,-0.08836295360340568,-0.7886693289845708,9.024010669174501,-84.79604698593562
real_even_odd,0.12,0.1,-0.004873212690071951,-0.0017672590720681125,0.1804802133834899,-0.09451937032571238,0.0025548064712568627,30,30,complete,True,-0.09154178953843473,-0.3515229030970701,-0.09154178953843477,-0.3515229030970701,8.257768415081419,-70.75009801288297
real_even_odd,0.13,0.1,-0.005746484446106575,-0.0026405308281027356,0.25961712483627275,-0.1006507032007013,0.0023963462982393305,30,30,complete,True,-0.09539341166534707,-0.828307615824583,-0.09539341166534708,-0.8283076158245821,7.609008708916843,-60.68707733883667
real_even_odd,0.14,0.1,-0.006781080923378894,-0.003675127305375056,0.33266038756182686,-0.10732870317128852,0.0021229436279743812,30,30,complete,True,-0.10810794185492639,-0.7839539901086017,-0.10810794185492642,-0.7839539901086008,7.044026868304684,-52.31122595143506
real_even_odd,0.15,0.1,-0.007908643283205102,-0.004802689665201263,0.4004976622023664,-0.11383609170628207,0.002098904458012722,30,30,complete,True,-0.11107249146751913,-0.06291697457994427,-0.11107249146751913,-0.06291697457994072,6.562784189888141,-44.88894672793333
real_even_odd,0.16,0.1,-0.009002530752729275,-0.005896577134725437,0.4639160713595896,-0.11588306290747757,0.0023949295968110607,30,30,complete,True,-0.10936628134652526,-0.7103408029590268,-0.10936628134652521,-0.7103408029590383,6.146247933746018,-40.065235298715095
real_even_odd,0.17,0.1,-0.010095968910135608,-0.006990015292131769,0.5234226208772869,-0.11823362728645494,0.0019902999126437107,30,30,complete,True,-0.1252793075266997,-1.148445227594296,-0.1252793075266999,-1.1484452275943013,5.761479483913838,-35.97805645849945
real_even_odd,0.18,0.1,-0.011508116903263267,-0.008402163285259433,0.5791456610378664,-0.12336629352671737,0.0021399981145189826,30,30,complete,True,-0.1323351858984112,-0.08178412324179796,-0.13233518589841126,-0.0817841232417722,5.426686804576029,-31.125464737271045
real_even_odd,0.19,0.1,-0.01274267262810383,-0.009636719010099992,0.6319563569688074,-0.12467496408055173,0.0021911990859187626,30,30,complete,True,-0.1269149899915356,0.355682611058028,-0.12691498999153533,0.35568261105803334,5.138970189168418,-27.488440023008565
real_even_odd,0.2,0.1,-0.014046416703093981,-0.010940463085090142,0.6819250648212347,-0.12796660143218228,0.0014861669953379149,30,30,complete,True,-0.12522153367725064,0.2942246184395927,-0.12522153367725058,0.2942246184395785,4.876918004115858,-24.821405409611714
real_even_odd,0.21,0.1,-0.015247103301648841,-0.012141149683645004,0.7294947170511245,-0.12673268151510209,0.0017074995502092414,30,30,complete,True,-0.12103049762274376,-0.058945923178365334,-0.12103049762274376,-0.05894592317836267,4.642542080976185,-22.828890726194857
real_even_odd,0.22,0.1,-0.016467026655548854,-0.013361073037545017,0.7747759064407583,-0.12736528023245394,0.0015747023596569384,30,30,complete,True,-0.12640045214081796,-0.8163136817019128,-0.12640045214081785,-0.8163136817019128,4.420340189591961,-21.554890402699527
real_even_odd,0.23,0.1,-0.017775112344465202,-0.014669158726461363,0.8179015208429639,-0.12436378226835818,0.0016203865502208295,30,30,complete,True,-0.13735677125678203,0.41463059566931815,-0.13735677125678203,0.4146305956693066,4.2114442729221935,-18.55308211869584
real_even_odd,0.24,0.1,-0.019214162080684494,-0.016108208462680657,0.8590047918992022,-0.12495213651748248,0.001292062959360397,30,30,complete,True,-0.1181078402274317,0.6697750585709077,-0.11810784022743182,0.6697750585709183,4.049278547218044,-16.744819128334484
real_even_odd,0.25,0.1,-0.020137269149013832,-0.017031315531009998,0.8988870917873246,-0.12359649841770055,0.0013714372362415652,30,30,complete,True,-0.12396127008536395,-1.1470354332415766,-0.12396127008536373,-1.1470354332415766,3.8765478903555035,-17.19193262461755
real_even_odd,0.26,0.1,-0.021693387482391777,-0.018587433864387933,0.9365357497063124,-0.12328341197928659,0.0013203248884475524,30,30,complete,False,-0.14104854889226326,0.809942223935205,-0.14104854889226337,0.8099422239351837,3.705439894725693,-14.020867791042235
real_even_odd,0.27,0.1,-0.0229582401268591,-0.019852286508855267,0.9729958896818385,-0.12113833158937065,0.0014238532891927991,30,30,complete,False,-0.10776242560665983,1.734687842559289,-0.10776242560666005,1.7346878425593273,3.596130534534659,-12.01491577263667
real_even_odd,0.28,0.1,-0.023848635994524976,-0.020742682376521136,1.0084583603970056,-0.11707005315846665,0.0015854225515276453,30,30,complete,False,-0.10635479204107745,-0.6285972686638948,-0.10635479204107678,-0.6285972686638956,3.4651415792729594,-13.411152774815719
real_even_odd,0.29,0.1,-0.025085335967680644,-0.021979382349676797,1.0422987212672974,-0.1152166873837937,0.0014860469027249646,30,30,complete,False,-0.1203343709799376,-0.7116300326210174,-0.12033437097993782,-0.7116300326210956,3.3279074790383447,-12.625760598796319
real_even_odd,0.3,0.1,-0.026255323414123725,-0.023149369796119888,1.0750165099777726,-0.1117832168118153,0.0012382389700877803,30,30,complete,True,-0.12058739269349772,-0.45485165696960106,-0.12058739269349861,-0.45485165696957885,3.212626367297034,-11.586202591015024
real_even_odd,0.31,0.1,-0.027497083821550604,-0.02439113020354677,1.106551248613238,-0.10725628212536245,0.0010588007096275285,30,30,complete,True,-0.12943140411932963,1.1546997987934118,-0.1294314041193294,1.1546997987934784,3.096183427218044,-9.268606878017124
real_even_odd,0.32,0.1,-0.02884395149651032,-0.02573799787850648,1.1369401785221336,-0.10849576621747431,0.00123237117857214,30,30,complete,False,-0.09749339671762947,0.8847278569554238,-0.09749339671762902,0.8847278569554025,3.027254229736691,-8.896044522154853
real_even_odd,0.33,0.1,-0.029446951755903193,-0.026340998137899353,1.167096333207972,-0.10442388213315126,0.001761692779134,30,30,complete,False,-0.11173684698022113,-2.3951677694505884,-0.11173684698022135,-2.3951677694506,2.9182625367749466,-11.59107199300351
real_even_odd,0.34,0.1,-0.03107868843611474,-0.027972734818110908,1.1953054292576326,-0.10302315879616249,0.0014642717740478565,30,30,complete,False,-0.14539675210664127,1.1943109933959803,-0.14539675210664105,1.1943109933960132,2.795432789876621,-7.467687810094134
real_even_odd,0.35,0.1,-0.03235488679803601,-0.029248933180032168,1.2230049890055041,-0.101437714323366,0.0016433970984334732,30,30,complete,True,-0.08785062711230207,4.384412226670759,-0.08785062711230163,4.384412226670747,2.7689087805730637,-3.788887464086372
real_even_odd,0.36,0.1,-0.03283570097836078,-0.02972974736035694,1.250683604869094,-0.10165981621099231,0.0013866542403634858,30,30,complete,False,-0.05770850757322643,-2.234638558812261,-0.05770850757322643,-2.2346385588122946,2.719655040594894,-9.959479803627488
real_even_odd,0.37,0.1,-0.03350905694950054,-0.0304031033314967,1.277398089817402,-0.09617827417350516,0.001385238590457363,30,30,complete,False,-0.13254339828854733,-2.738107746485417,-0.13254339828854755,-2.7381077464854275,2.5697191845005136,-10.050429431468174
real_even_odd,0.38,0.1,-0.03548656894413173,-0.03238061532612789,1.3020779885591043,-0.09487186738882167,0.0015803760752629555,30,30,complete,False,-0.1124706625029348,2.2169426114359103,-0.11247066250293503,2.2169426114359334,2.5186464519655303,-4.715056709473927
real_even_odd,0.39,0.1,-0.03575847019955924,-0.0326525165815554,1.3277710188567127,-0.0915243960149928,0.00145977964578498,30,30,complete,False,-0.08820454605982908,0.5170652547568872,-0.08820454605982886,0.5170652547569317,2.475418050311035,-6.063541978553019
real_even_odd,0.4,0.1,-0.03725065986532831,-0.03414470624732447,1.351586349565325,-0.08952948364486206,0.0016778551510984402,30,30,complete,False,-0.10212935740779705,1.0499132903729325,-0.10212935740779638,1.049913290372932,2.3973756123944696,-5.205369457057415
real_even_odd,0.41,0.1,-0.037801057347715175,-0.034695103729711324,1.3757185311046018,-0.08862632644096591,0.0013056176175211614,30,30,complete,False,-0.06720628025237074,0.1626056008240262,-0.06720628025237052,0.1626056008239587,2.371310661169886,-5.790903237149806
real_even_odd,0.42,0.1,-0.038594785470375724,-0.03548883185237188,1.3990125627887227,-0.08670000146373688,0.0014707633851642078,30,30,complete,False,-0.09887724539131693,-3.0420061798801497,-0.09887724539131759,-3.042006179880183,2.281557547651474,-8.715071392159501
real_even_odd,0.43,0.1,-0.039778602255541515,-0.03667264863753768,1.4213496820576315,-0.08536920617709454,0.0014877069389405994,30,30,complete,False,-0.1280464038499738,-0.04033624959621829,-0.12804640384997423,-0.04033624959620674,2.197009233326696,-5.452323536006531
real_even_odd,0.44,0.1,-0.041155713547375204,-0.03804975992937137,1.4429527474552566,-0.0844147490051735,0.0015295785194168283,30,30,complete,False,-0.09968397038324128,3.1604380697388663,-0.09968397038324173,3.160438069738944,2.172511076931343,-2.008093561289556
real_even_odd,0.45,0.1,-0.041772281663206345,-0.038666328045202515,1.4647999035962582,-0.08070769932855505,0.001540158080721978,30,30,complete,False,-0.06483764245519641,-0.5376460375670629,-0.0648376424551953,-0.5376460375669962,2.1568473621009048,-5.47879278387596
real_even_odd,0.46,0.1,-0.04245246639647913,-0.03934651277847528,1.4860896946972748,-0.07668497006152593,0.0012997362254151027,30,30,complete,False,-0.11043689113458255,-0.19551792143097524,-0.11043689113458166,-0.19551792143104185,2.0629352212538237,-4.923966168092136
real_even_odd,0.47,0.1,-0.04398101948589798,-0.040875065867894134,1.5060586080213345,-0.07757173884558881,0.0013951157218541706,30,30,complete,False,-0.06874800088381638,2.477388126473549,-0.0687480008838166,2.477388126473549,2.0583680387390615,-2.051809584172318
real_even_odd,0.48,0.1,-0.04382742641415545,-0.040721472796151605,1.5272570554720561,-0.07725128520301264,0.0014764904930310637,30,30,complete,False,-0.060889128605111864,-1.2827078075490426,-0.060889128605110976,-1.2827078075490315,2.0218990295703776,-5.624992397564199
real_even_odd,0.49,0.1,-0.04519880205800021,-0.04209284843999636,1.546496588612742,-0.0738195066557162,0.001426944932762529,30,30,complete,False,-0.09440215703479726,3.169677230201648,-0.09440215703479726,3.169677230201537,1.9458681907877775,-0.9970334521412383
real_even_odd,0.5,0.1,-0.045715469554851396,-0.04260951593684755,1.5661744192878118,-0.07165527506331273,0.0014364534864068099,30,30,complete,False,0.00250441599892115,1.5772305201451768,0.002504415998919818,1.577230520145199,2.001958360527553,-2.424346240069042
real_even_odd,0.51,0.1,-0.04514871373802179,-0.04204276012001796,1.5865357558232933,-0.07016518978995788,0.0012931827287071512,30,30,complete,False,-0.06285754663189369,-8.327062341961048,-0.06285754663189325,-8.327062341960982,1.8973812659863967,-12.173133363213381
real_even_odd,0.52,0.1,-0.04697262048748928,-0.04386666686948542,1.6041220446075397,-0.07283827478373646,0.0013614447082989371,30,30,complete,False,-0.16403683084029996,1.2428070181424322,-0.16403683084029996,1.2428070181423878,1.758495693263285,-2.4566520627878674
real_even_odd,0.53,0.1,-0.04842945035482779,-0.04532349673682396,1.621705669688559,-0.07087601877846088,0.0013900508737885238,30,30,complete,False,-0.038001406269045024,5.63573298683821,-0.03800140626904547,5.63573298683821,1.8482482247306393,2.074657709796668
real_even_odd,0.54,0.1,-0.047732648612870174,-0.04462669499486633,1.6410870091021523,-0.06730373680244486,0.0013645668344664276,30,30,complete,False,-0.05132217110353565,-3.764745608127293,-0.05132217110353565,-3.764745608127293,1.7999888474592183,-7.195060701029362
real_even_odd,0.55,0.1,-0.04945589377689851,-0.046349940158894674,1.6577054466377432,-0.06710099074904781,0.001352572954963743,30,30,complete,False,-0.11329631843159094,0.32651591229839694,-0.11329631843159138,0.32651591229837473,1.7043470107100518,-2.9801126254334065
real_even_odd,0.56,0.1,-0.049998574981501995,-0.04689262136349816,1.6751739493163535,-0.06580057662797886,0.0012786732951387903,30,30,complete,False,-0.044791852857567704,2.260771484544913,-0.04479185285756815,2.260771484545002,1.7403865949505501,-0.9287428639197941
real_even_odd,0.57,0.1,-0.05035173083404986,-0.047245777216046024,1.692513178536754,-0.06780892947416602,0.001629378898055782,30,30,complete,False,-0.06808088874069185,-1.8725478663950712,-0.06808088874069051,-1.872547866395049,1.6857721534316568,-4.951062764850221
real_even_odd,0.58,0.1,-0.05136019275631583,-0.04825423913831198,1.7088893923849868,-0.0640709472288336,0.0011638471833439583,30,30,complete,False,-0.08224281018546886,-0.013303293717381592,-0.08224281018546886,-0.01330329371747041,1.6413653396535466,-2.9865150100384596
real_even_odd,0.59,0.1,-0.05199658703775924,-0.0488906334197554,1.7253404853298249,-0.06305277373439973,0.001183376366073979,30,30,complete,False,-0.06834695461503948,-0.8012357318789789,-0.06834695461503992,-0.8012357318790011,1.6260418532308876,-3.674457264590103
real_even_odd,0.6,0.1,-0.05272713184861662,-0.049621178230612774,1.7414102294496046,-0.06210712200024181,0.0010164945429923633,30,30,complete,False,-0.09826752482304846,-1.4406962371064966,-0.0982675248230489,-1.44069623710643,1.5678761943617445,-4.2188890221716235
real_even_odd,0.61,0.1,-0.05396193753422021,-0.05085598391621638,1.7566980092170599,-0.06014596810108295,0.0014327926498387273,30,30,complete,False,-0.09716087935716944,3.7363405928310964,-0.09716087935716855,3.736340592831141,1.541664072787455,1.0485380720560045
real_even_odd,0.62,0.1,-0.054670349435760004,-0.05156439581775615,1.7722435109053536,-0.06098297293543616,0.0011121169069939823,30,30,complete,False,-0.023540712966426458,2.585256415972534,-0.023540712966426014,2.5852564159724674,1.5888469558028646,-0.016497231621315223
real_even_odd,0.63,0.1,-0.05443275179354874,-0.051326798175544905,1.7884749483331173,-0.060771426944157596,0.001456063916656026,30,30,complete,False,-0.045455751037718706,-2.4872381995912,-0.04545575103771915,-2.4872381995912223,1.5413341281550288,-5.007010687124577
real_even_odd,0.64,0.1,-0.05557946445651438,-0.05247351083851053,1.803070193468454,-0.0596878650495495,0.001432988193513001,30,30,complete,False,-0.0732854769582505,2.0739419294736976,-0.0732854769582505,2.07394192947372,1.4887067420603728,-0.3676646670854211
real_even_odd,0.65,0.1,-0.05589846133271375,-0.05279250771470991,1.8182490831743248,-0.058469046643521705,0.0016870921167941302,30,30,complete,False,-0.003976912448244718,-0.9504859038670816,-0.003976912448244718,-0.9504859038670594,1.5339808348133204,-3.317508721406881
real_even_odd,0.66,0.1,-0.05565900270547928,-0.05255304908747543,1.8337498101647205,-0.056176821158896585,0.0012977200448307513,30,30,complete,False,-0.09229519503559214,-5.110086912267793,-0.09229519503559169,-5.110086912267837,1.4223565676322352,-7.405892450665149
real_even_odd,0.67,0.1,-0.0577443652334256,-0.05463841161542175,1.8466962145269694,-0.05704863451641123,0.0009777734088390441,30,30,complete,False,-0.10617865069360066,2.497230924115666,-0.10617865069360155,2.4972309241156214,1.385862985800017,0.26947579304206215
real_even_odd,0.68,0.1,-0.05778257571935129,-0.05467662210134746,1.861467069880721,-0.056127460777268746,0.001247726539282494,30,30,complete,False,-0.042350576553278785,2.611942644259716,-0.04235057655327923,2.611942644259716,1.4277460834930764,0.4492560940611696
real_even_odd,0.69,0.1,-0.05859137676449115,-0.05548542314648732,1.8752511361968305,-0.05677624218243128,0.0012040341001835564,30,30,complete,False,-0.05393979780840574,-2.371116912018409,-0.05393979780840663,-2.371116912018409,1.3948481076812413,-4.4715449850606745
real_even_odd,0.7,0.1,-0.05886137167551941,-0.055755418057515584,1.8893640320343459,-0.055318998053049614,0.0012566826610902271,30,30,complete,False,-0.08977291479364702,-1.1823912575287912,-0.08977291479364746,-1.1823912575286801,1.3383151837918632,-3.223211422225347
real_even_odd,0.71,0.1,-0.060386835060364095,-0.05728088144236027,1.9020174398726677,-0.05538734631002073,0.0010945280853634847,30,30,complete,False,-0.07758762295898158,4.429510304750869,-0.07758762295898025,4.429510304750913,1.3303838792367344,2.44579585028859
real_even_odd,0.72,0.1,-0.060413124134699035,-0.05730717051669519,1.9159717096190805,-0.05211118990490689,0.0010601748154067552,30,30,complete,False,-0.0011827086986295754,3.787108893392307,-0.0011827086986291313,3.7871088933922183,1.387231100797635,1.858136082226025
real_even_odd,0.73,0.1,-0.06041048923433669,-0.05730453561633286,1.9297620618886204,-0.05096124860828885,0.0010687861134356317,30,30,complete,False,-0.0018454450911353781,-4.744943736240832,-0.0018454450911358222,-4.744943736240832,1.367546600881255,-6.621410242868819
real_even_odd,0.74,0.1,-0.060450033036521744,-0.05734407941851791,1.9433226416367055,-0.04997504952885956,0.0012086266192868525,30,30,complete,False,-0.0960815834234463,-5.030216678610384,-0.09608158342344586,-5.030216678610384,1.2548028959402586,-6.856292136396995
real_even_odd,0.75,0.1,-0.06233212090280561,-0.059226167284801776,1.9548581198074255,-0.05193924304899334,0.0012596569784791402,30,30,complete,False,-0.10244977866334315,2.886264978638306,-0.1024497786633436,2.8862649786383283,1.2304207581533149,1.1085774394842929
real_even_odd,0.76,0.1,-0.062499028609788614,-0.05939307499178478,1.967931056799772,-0.05038824561970814,0.0012177356541223264,30,30,complete,False,-0.03835628385068013,2.902364561355461,-0.03835628385067924,2.9023645613554834,1.2769744447299445,1.1711666031132424
real_even_odd,0.77,0.1,-0.06309924657981922,-0.05999329296181536,1.9803976087020245,-0.05036677462028765,0.0013779072270138596,30,30,complete,False,-0.04440248743623387,-0.9460844007808105,-0.04440248743623387,-0.9460844007808993,1.2538440902155799,-2.6325930882322197
real_even_odd,0.78,0.1,-0.06338707835851329,-0.06028112474050946,1.9930079386040835,-0.0492975305706046,0.0012688234596128739,30,30,complete,False,-0.05727797186629635,-1.8767251327033145,-0.05727797186629724,-1.8767251327033145,1.2243225829653,-3.5202530793405558
real_even_odd,0.79,0.1,-0.06424480601714515,-0.06113885239914131,2.0048840603613307,-0.04871080307661307,0.0014497429768553325,30,30,complete,False,-0.0819369900903002,-2.1432140545997824,-0.0819369900903002,-2.143214054599738,1.1834390286287686,-3.745383785892642
real_even_odd,0.8,0.1,-0.0650258181603193,-0.06191986454231546,2.016676719176659,-0.04971749760208214,0.001385067805063585,30,30,complete,False,-0.10014225295829204,3.3354242023837495,-0.10014225295829204,3.3354242023837273,1.149414907247447,1.773070820589595
real_even_odd,0.81,0.1,-0.06624765107631099,-0.06314169745830715,2.0278723585062797,-0.04990410927866404,0.001468386994624139,30,30,complete,False,-0.015228506042625156,4.060395759256399,-0.0152285060426256,4.060395759256354,1.2189004450405605,2.5363925696005367
real_even_odd,0.82,0.1,-0.06533038828117183,-0.06222443466316799,2.04105472807747,-0.04670628221769667,0.0012517617758943799,30,30,complete,False,-0.018934337773163445,-2.84796410077753,-0.018934337773164334,-2.84796410077753,1.2001427586394584,-4.335012137983789
real_even_odd,0.83,0.1,-0.0666263378317743,-0.06352038421377046,2.051875213679069,-0.04722011309267522,0.0013036844620622572,30,30,complete,False,-0.07218778805817605,-3.2779441127862325,-0.0721877880581765,-3.2779441127862325,1.1322002022808846,-4.729365180320855
real_even_odd,0.84,0.1,-0.06677414404233535,-0.06366819042433151,2.0636987321230875,-0.046162455921932265,0.0011463693818734094,30,30,complete,False,-0.08449322002888815,1.9353971424344678,-0.08449322002888904,1.9353971424345344,1.1055554550330413,0.5183377606691408
real_even_odd,0.85,0.1,-0.06831620223235206,-0.06521024861434824,2.0739863227797297,-0.046373556024930436,0.0012356767347838837,30,30,complete,False,-0.03347984520948666,5.210724160919384,-0.03347984520948577,5.210724160919473,1.1425669574942674,3.8268203997944283
real_even_odd,0.86,0.1,-0.06744374094652508,-0.06433778732852123,2.0865500712729728,-0.046833778586739684,0.0010933634095827477,30,30,complete,False,0.019721263189499627,-3.6024219558811157,0.019721263189500515,-3.6024219558812045,1.1820918630289299,-4.954320367421154
real_even_odd,0.87,0.1,-0.06792177696856207,-0.06481582335055823,2.0976281600403084,-0.04566415948700389,0.0011421048222506913,30,30,complete,False,-0.10552828432710903,-4.2756675813645915,-0.10552828432710992,-4.275667581364614,1.0434805501458442,-5.596658310039963
real_even_odd,0.88,0.1,-0.06955430663306726,-0.06644835301506344,2.1074196822758897,-0.045006772951360775,0.0012441544760176488,30,30,complete,False,-0.06579208843779227,3.588724923726635,-0.06579208843779183,3.5887249237266574,1.0701586968281305,2.297593842158811
real_even_odd,0.89,0.1,-0.06923761873731792,-0.06613166511931406,2.119031333976871,-0.04296286219681456,0.0011279107001635415,30,30,complete,False,-0.03375378585257627,-0.649715181724341,-0.03375378585257671,-0.649715181724341,1.0894324269890205,-1.9119877948909902
real_even_odd,0.9,0.1,-0.07022938235011879,-0.06712342873211496,2.12920833081567,-0.0453192771348834,0.0013870988146295565,30,30,complete,False,-0.07878639207227911,1.019886497086219,-0.07878639207227867,1.0198864970862411,1.0319189409303107,-0.21448455926886822
real_even_odd,0.91,0.1,-0.0708133465787635,-0.06770739296075964,2.1396697127954774,-0.04537390976565274,0.0012569822700735386,30,30,complete,False,-0.013356055910851872,2.194739049092063,-0.013356055910851872,2.1947390490919965,1.0851427358036432,0.987354485063463
real_even_odd,0.92,0.1,-0.07049650346833583,-0.06739054985033201,2.150911185531743,-0.04179956840943249,0.0012384059357866942,30,30,complete,False,-0.03489161109043781,-2.6002498078228276,-0.0348916110904387,-2.6002498078227387,1.05166603063158,-3.7815233598514837
real_even_odd,0.93,0.1,-0.07151117880057226,-0.06840522518256842,2.160703033408109,-0.04275386534813881,0.000922315432540666,30,30,complete,False,-0.06536105206730847,-0.9173556858578489,-0.06536105206730669,-0.9173556858578045,1.0095122686066134,-2.073356239736043
real_even_odd,0.94,0.1,-0.07180372450968199,-0.06869777089167814,2.171101430903875,-0.04149619842570326,0.0010009972692533215,30,30,complete,False,-0.05323872480759517,-0.8374543479431815,-0.05323872480759517,-0.8374543479432925,1.0101989058368588,-1.968984434190439
real_even_odd,0.95,0.1,-0.07257595329672416,-0.06946999967872032,2.1809070115248463,-0.0427603284719826,0.0009521092220722783,30,30,complete,False,-0.08211013902617248,2.818118795550515,-0.08211013902617292,2.8181187955504705,0.9701325799228044,1.710290271242343
real_even_odd,0.96,0.1,-0.07344592729020544,-0.0703399736722016,2.190504082502331,-0.039968171125410984,0.0011010562878472638,30,30,complete,False,0.0031236511034151704,3.695011085093666,0.003123651103414282,3.695011085093688,1.0444047112617056,2.6101470989708275
real_even_odd,0.97,0.1,-0.07251348027465586,-0.06940752665665204,2.2017951057500804,-0.04107479992351967,0.001153742602880866,30,30,complete,False,-0.008209917324299099,-4.704108352343535,-0.008209917324299099,-4.704108352343447,1.022335521902221,-5.766714577680432
real_even_odd,0.98,0.1,-0.07361012563669142,-0.07050417201868758,2.2109507929403756,-0.04211150266634887,0.0010088803099376437,30,30,complete,False,-0.09095851594345561,-0.925794416610736,-0.09095851594345472,-0.9257944166107138,0.929070419708097,-1.966820948133119
real_even_odd,0.99,0.1,-0.07433265059352497,-0.07122669697552113,2.2203765141442426,-0.04048864390511995,0.000873930191881759,30,30,complete,False,-0.026725805656513835,5.4879700156890925,-0.02672580565651339,5.487970015689117,0.9829991029395586,4.717783289214907
real_even_odd,1.0,0.1,-0.0741446417498217,-0.07103868813181785,2.2306107749991666,-0.03940994107642579,0.0010372390076394766,30,30,complete,False,0.018800884370326326,4.552669002684012,0.018800884370327713,4.552669002684107,1.023426085492395,4.042698255283646
teacher_nn,0.01,0.1,-0.0013242039003869405,0.007883823347932235,-2.2937656397830524,-0.012088794388803075,0.000949135353683201,30,30,complete,True,-0.019010825915819624,-0.776418269988996,-0.01901082591581971,-0.7764182699889707,69.2675419647167,-1438.6022984637775
teacher_nn,0.02,0.1,-0.0015143121595451367,0.007693715088774038,-1.6010902201358854,-0.026368459485304776,0.0019101572923750348,30,30,complete,True,-0.026775008615709583,-1.2460568120660318,-0.026775008615709417,-1.2460568120660211,54.88151898007892,-1733.4098765778801
teacher_nn,0.03,0.1,-0.001859704072701132,0.007348323175618046,-1.1961352601814739,-0.04355950519906794,0.0027395474717015703,30,30,complete,True,-0.04393196215714025,-1.8014730548639184,-0.043931962157140125,-1.8014730548639308,34.599344433159104,-1470.6710338626779
teacher_nn,0.04,0.1,-0.0023929514026879415,0.006815075845631235,-0.9091033314727034,-0.06274148614419638,0.0034534314716360218,30,30,complete,True,-0.06280446971298795,-1.8738060238522607,-0.06280446971298803,-1.8738060238522696,25.46809830282536,-720.7867461207447
teacher_nn,0.05,0.1,-0.0031157934669608913,0.006092233781358284,-0.6867732941249666,-0.0820715648175476,0.003754230555078016,30,30,complete,True,-0.08140808263418547,-1.773429705036368,-0.08140808263418553,-1.7734297050363668,20.183609510744205,-437.4797811639488
teacher_nn,0.06,0.1,-0.004021113055371651,0.005186914192947525,-0.5054311412578194,-0.10001773627979743,0.00400674568359327,30,30,complete,True,-0.09827306381371531,-1.6852269220923395,-0.09827306381371537,-1.6852269220923342,16.718502679546383,-296.02316649411944
teacher_nn,0.07,0.1,-0.0050812547432351985,0.004126772505083976,-0.35240324053403893,-0.11493602591288725,0.004143173954560423,30,30,complete,True,-0.11511262107603229,-1.584659078689513,-0.11511262107603223,-1.5846590786895112,14.263146180861819,-214.3926726068845
teacher_nn,0.08,0.1,-0.006323365476892296,0.0028846617714268796,-0.22016821764058297,-0.1297047595502798,0.004336352694755515,30,30,complete,True,-0.12996624538750556,-1.4560233747655804,-0.1299662453875056,-1.4560233747655866,12.43064922740869,-162.73676494163362
teacher_nn,0.09,0.1,-0.007680579650985309,0.001527447597333866,-0.10379025598586522,-0.1448806120838842,0.004315358348594412,30,30,complete,True,-0.14423308857134387,-1.1330378441827378,-0.14423308857134395,-1.1330378441827236,11.008410882029148,-127.690923596049
teacher_nn,0.1,0.1,-0.009208027248319175,0.0,0.0,-0.15385218037444764,0.004073882403603876,30,30,complete,True,-0.15262700227116033,-0.7068781229829986,-0.15262700227116005,-0.7068781229829968,9.876830755487711,-102.72039551411223
teacher_nn,0.11,0.1,-0.010733119696408515,-0.0015250924480893356,0.09374635912388907,-0.16276118726978886,0.0038781345260083854,30,30,complete,True,-0.15837065103100384,-0.627645367078749,-0.1583706510310039,-0.6276453670787774,8.954002971746903,-84.63502302402969
teacher_nn,0.12,0.1,-0.01237544026893925,-0.003167413020620076,0.17908005943493796,-0.16799159675118283,0.003495158787530578,30,30,complete,True,-0.16517990961273532,-1.2004854711208335,-0.1651799096127356,-1.2004854711208148,8.184130295007119,-71.59906058090678
teacher_nn,0.13,0.1,-0.014036717888663224,-0.004828690640344049,0.25742896502403145,-0.1708390505437457,0.003432937216671357,30,30,complete,True,-0.18238036045342054,-1.3627338709890058,-0.1823803604534202,-1.3627338709890058,7.5220217601287676,-61.221503594001206
teacher_nn,0.14,0.1,-0.016023047478007663,-0.006815020229688483,0.32952049463751343,-0.17897778924247773,0.0030849968301957117,30,30,complete,True,-0.19243458703251548,-0.41942359355394565,-0.19243458703251576,-0.41942359355396874,6.9597002231270935,-51.94669555488031
teacher_nn,0.15,0.1,-0.017885409629313533,-0.008677382380994362,0.3966229694865733,-0.1812923294755958,0.002814029430258376,30,30,complete,True,-0.19076883232449948,1.2627962199540406,-0.1907688323244996,1.2627962199540725,6.483087849031161,-43.56323353339917
teacher_nn,0.16,0.1,-0.01983842412449765,-0.010630396876178474,0.4591822516181366,-0.18382239022093463,0.0031256860346531787,30,30,complete,True,-0.16717866263343462,1.6811316586052891,-0.16717866263343428,1.6811316586052998,6.08843555245911,-37.673762837150605
teacher_nn,0.17,0.1,-0.021228982881982227,-0.01202095563366305,0.5183916805357556,-0.17959219528821754,0.00250773837303157,30,30,complete,True,-0.1571461991523937,-0.9252313781917199,-0.15714619915239358,-0.9252313781917216,5.729612592288149,-35.7548426090969
teacher_nn,0.18,0.1,-0.02298134810754552,-0.013773320859226343,0.5737745034638995,-0.17860238702166908,0.0025123512461556804,30,30,complete,False,-0.18568329019726892,-0.8349347881455866,-0.1856832901972686,-0.8349347881455813,5.3733387002771735,-31.878615402175342
teacher_nn,0.19,0.1,-0.0249426486859276,-0.015734621437608422,0.625858454541299,-0.17453987332118442,0.0018939837662794745,30,30,complete,True,-0.1738448949153053,1.1037763783965815,-0.17384489491530508,1.1037763783965406,5.092040284244643,-26.740346255670204
teacher_nn,0.2,0.1,-0.026458246005851626,-0.017250218757532448,0.6756153091487924,-0.17317535525099859,0.0019323285177346233,30,30,complete,True,-0.1636077626293373,0.09735066750527821,-0.16360776262933774,0.0973506675052409,4.838531775163769,-25.018279360546273
teacher_nn,0.21,0.1,-0.028214803938514343,-0.019006776690195175,0.7226290900445743,-0.17111308812678855,0.0023858318272669205,30,30,complete,False,-0.1718978815651997,-0.6082472340039242,-0.17189788156520025,-0.608247234003862,4.591674697033717,-23.37819203702003
teacher_nn,0.22,0.1,-0.02989620363715562,-0.020688176388836448,0.7674488030894668,-0.16268528416670447,0.00218966484866854,30,30,complete,False,-0.17577270730941574,-0.5851297314068962,-0.17577270730941497,-0.5851297314068908,4.370967934423369,-21.323706452403712
teacher_nn,0.23,0.1,-0.03173025808470266,-0.022522230836383477,0.8100484487330417,-0.16343028144930083,0.0014635739756548197,30,30,complete,False,-0.18360047619333764,1.2576506604450497,-0.18360047619333808,1.257650660444999,4.165200567985643,-17.710062053920353
teacher_nn,0.24,0.1,-0.03356821316102237,-0.024360185912703208,0.8507528144491797,-0.159511644272113,0.0019329382310621116,30,30,complete,False,-0.1506196941005149,1.1832947833481926,-0.15061969410051512,1.1832947833482494,4.016766693344962,-16.231299403558097
teacher_nn,0.25,0.1,-0.03474265196671295,-0.025534624718393777,0.8903837825999409,-0.15705240370026669,0.0020262032595576066,30,30,complete,False,-0.15993458052637388,-1.520143088095847,-0.15993458052637322,-1.5201430880958249,3.840574579914481,-17.56504027947227
teacher_nn,0.26,0.1,-0.03676690477154985,-0.027558877523230673,0.9275643060474695,-0.1541791393858724,0.001739516777145886,30,30,complete,False,-0.18102255586243188,0.6909402199087307,-0.18102255586243166,0.6909402199087085,3.6654658877555164,-14.139869795067739
teacher_nn,0.27,0.1,-0.03836310308396159,-0.029155075835642415,0.9636931003550514,-0.150187180176544,0.0017242898528266398,30,30,complete,False,-0.14611577612819926,2.8532427491573333,-0.14611577612819904,2.853242749157345,3.5577771840131263,-10.896360866038549
teacher_nn,0.28,0.1,-0.039689220294113835,-0.03048119304579466,0.9987198497277321,-0.14805041424651846,0.0017698600305935703,30,30,complete,False,-0.12395770087928515,-1.4428076667668117,-0.1239577008792847,-1.4428076667668455,3.4475386704347457,-14.225363172919003
teacher_nn,0.29,0.1,-0.040842257101547284,-0.0316342298532281,1.032643873763746,-0.1412093155364592,0.0018132299605386122,30,30,complete,False,-0.17497192946353501,-2.3696056227982165,-0.17497192946353546,-2.369605622798283,3.273269920554746,-14.283736188973307
teacher_nn,0.3,0.1,-0.043188658883384544,-0.03398063163506537,1.064185248138827,-0.14105394265802085,0.0017090589074982624,30,30,complete,False,-0.17134981333524912,3.72606121490667,-0.17134981333525,3.7260612149066707,3.1618639466552807,-7.4052897191389775
teacher_nn,0.31,0.1,-0.04426925336825227,-0.0350612261199331,1.0958811526968517,-0.1356450283617678,0.0020602419039259527,30,30,complete,False,-0.10045070516540155,3.018442136670127,-0.100450705165402,3.018442136670161,3.125164126171967,-7.4048645401401245
teacher_nn,0.32,0.1,-0.045197672986692576,-0.03598964573837341,1.1266885306622665,-0.1359262297704881,0.0016354930363466972,30,30,complete,False,-0.11098097060184653,-3.0687460608736146,-0.11098097060184675,-3.0687460608735266,3.0137666558524785,-12.849518439983115
teacher_nn,0.33,0.1,-0.0464888727802892,-0.03728084553197004,1.1561564858139013,-0.1318811352882642,0.0019277399922772204,30,30,complete,False,-0.1618256263828739,-1.3635230325196517,-0.16182562638287257,-1.363523032519586,2.868173757372304,-10.559427256073292
teacher_nn,0.34,0.1,-0.04843418551435005,-0.03922615826603087,1.1840520058097126,-0.13092404676245464,0.001160802473877927,30,30,complete,False,-0.1382514312522396,1.0896342004300834,-0.1382514312522385,1.0896342004300177,2.8025781107310124,-7.5723646030606915
teacher_nn,0.35,0.1,-0.04925390140533399,-0.040045874157014806,1.2122080480285213,-0.12350176891031102,0.0022487047820280437,30,30,complete,False,-0.1400329423742721,-1.5069367123992032,-0.1400329423742721,-1.5069367123993036,2.7167264653110905,-9.68023640315576
teacher_nn,0.36,0.1,-0.051234844361835494,-0.042026817113516315,1.2383865351159344,-0.12557277546112616,0.001705318530264479,30,30,complete,False,-0.1683901655002238,0.8804022314747408,-0.16839016550022468,0.8804022314747408,2.608973382667898,-6.844439013340036
teacher_nn,0.37,0.1,-0.05262170471533847,-0.0434136774670193,1.2643875156818793,-0.12278371980969047,0.0017745252141687555,30,30,complete,False,-0.12242489774477727,4.309630843600028,-0.12242489774477727,4.309630843600139,2.5798376850442892,-3.0026908413823605
teacher_nn,0.38,0.1,-0.05368334231673104,-0.04447531506841187,1.2899832888168203,-0.1182137141869115,0.0018112708333748418,30,30,complete,False,-0.08219754862822315,-1.361612590801741,-0.08219754862822182,-1.361612590801741,2.548919565840251,-8.293611911711096
teacher_nn,0.39,0.1,-0.05426565568790293,-0.04505762843958375,1.3153659069986843,-0.11496709978915799,0.0018558007593143687,30,30,complete,False,-0.1496571495608121,-4.888966424081294,-0.1496571495608121,-4.888966424081405,2.4139654468100673,-11.469573657390683
teacher_nn,0.4,0.1,-0.056676485307947284,-0.04746845805962811,1.3382625977530216,-0.11566826115345531,0.0016495468229210178,30,30,complete,False,-0.1799768771098491,3.889748871837018,-0.17997687710985,3.889748871837018,2.319528092692437,-2.3655338755950623
teacher_nn,0.41,0.1,-0.05786519323009991,-0.048657165981780735,1.3617564688525325,-0.11401610799540385,0.001701055242228735,30,30,complete,False,-0.07186217212407264,4.989416755291787,-0.07186217212407264,4.989416755291787,2.366654769298165,-0.9640920826825408
teacher_nn,0.42,0.1,-0.05811372875042874,-0.048905701502109565,1.385595693138985,-0.10969366905326268,0.0013360069114870653,30,30,complete,False,-0.08018854200401426,-3.775870661790989,-0.08018854200401515,-3.7758706617910334,2.3002462510387858,-9.44893587406952
teacher_nn,0.43,0.1,-0.059468964070180194,-0.050260936821861044,1.4077613938733082,-0.10872916322899369,0.0020227913831237974,30,30,complete,False,-0.14737958535989248,-3.508029055236725,-0.14737958535989337,-3.508029055236636,2.177676051816775,-8.920016341648548
teacher_nn,0.44,0.1,-0.0610613204576266,-0.051853293209307434,1.4291492141753206,-0.10782881829646887,0.0016500034055475744,30,30,complete,False,-0.15034912310874882,2.0480478418975583,-0.15034912310874793,2.048047841897647,2.1218459242058145,-3.1204837891301764
teacher_nn,0.45,0.1,-0.06247594653235518,-0.05326791928403601,1.4501983123574247,-0.1051560866594537,0.0015978329460155784,30,30,complete,False,-0.10641862852194128,4.689425894907258,-0.1064186285219404,4.689425894907213,2.115266376034171,-0.2517208514007052
teacher_nn,0.46,0.1,-0.06318969302806543,-0.053981665779746245,1.4714545416960039,-0.10334536347477204,0.0016881150125507677,30,30,complete,False,-0.056560605210603576,0.7204141666709676,-0.056560605210603576,0.7204141666709454,2.1168115071778004,-4.008034079991091
teacher_nn,0.47,0.1,-0.06360715863656724,-0.05439913138824806,1.4925345425009804,-0.09735471542698097,0.0016314202548808813,30,30,complete,False,-0.09201034518852147,-1.9467829654226896,-0.09201034518852103,-1.9467829654226674,2.0351056944343497,-6.475980676069113
teacher_nn,0.48,0.1,-0.06502989993183586,-0.055821872683516675,1.512156655584691,-0.09839398389827297,0.0015268999737052663,30,30,complete,False,-0.09549626451905713,-0.368343926308178,-0.09549626451905668,-0.36834392630822244,1.987291893656419,-4.7106285163224015
teacher_nn,0.49,0.1,-0.06551708392694838,-0.0563090566786292,1.532280380374109,-0.0979337252110118,0.0014658161319301857,30,30,complete,False,-0.09937722371468505,-2.4050452796995785,-0.09937722371468549,-2.4050452796995563,1.9408931241079017,-6.571755962040271
teacher_nn,0.5,0.1,-0.06701744440612956,-0.057809417157810385,1.550974518066849,-0.0914161238245253,0.0015453865247052497,30,30,complete,False,-0.14359717011304873,0.19776729152198858,-0.14359717011304785,0.1977672915220552,1.8558567744156136,-3.803809468693231
teacher_nn,0.51,0.1,-0.06838902732920936,-0.05918100008089015,1.5693975158624212,-0.09354895610159984,0.0012964250205472776,30,30,complete,False,-0.09542187788424528,3.6317437785103848,-0.09542187788424439,3.631743778510318,1.864816934734037,-0.2143272427439058
teacher_nn,0.52,0.1,-0.06892588196381447,-0.059717854715495275,1.5882708567615298,-0.0921319123018138,0.0012786239219459937,30,30,complete,False,-0.07096229454284098,0.21802341351235732,-0.07096229454284142,0.2180234135122685,1.8515702295607355,-3.481435667418239
teacher_nn,0.53,0.1,-0.06980827322006618,-0.060600245971746985,1.606428920453636,-0.0922321108706766,0.001272702788652583,30,30,complete,False,-0.09106140961399811,-2.2142203075231826,-0.091061409613999,-2.2142203075231826,1.795188221385672,-5.775295584564319
teacher_nn,0.54,0.1,-0.07074711015609443,-0.06153908290777526,1.6241746211892434,-0.08800321399460004,0.0013418556981000854,30,30,complete,False,-0.11524670069330467,-2.0643201416494987,-0.11524670069330512,-2.064320141649432,1.7360643178694488,-5.494635234550316
teacher_nn,0.55,0.1,-0.07211320723393227,-0.06290517998561308,1.6411502068110249,-0.08930252484709765,0.0017781610945306402,30,30,complete,False,-0.13234781244698812,1.0215839482029523,-0.13234781244698768,1.0215839482029745,1.6852955166946657,-2.285044589529406
teacher_nn,0.56,0.1,-0.0733940664050342,-0.06418603915671502,1.6578805315231366,-0.08648419273254601,0.0013751841001003553,30,30,complete,False,-0.09481502172924561,2.6575458378786494,-0.09481502172924561,2.657545837878605,1.6903634260788607,-0.5319685105860117
teacher_nn,0.57,0.1,-0.07400950766851717,-0.06480148042019798,1.674957475332602,-0.08586050448576094,0.001426423539287603,30,30,complete,False,-0.07919689568941513,-1.2324481800258766,-0.07919689568941557,-1.2324481800259433,1.6746561464829455,-4.310963078480512
teacher_nn,0.58,0.1,-0.0749780043188225,-0.06576997707050333,1.6913736544527955,-0.08439441190396639,0.0013030177639585894,30,30,complete,False,-0.11946398532976366,0.957062287809828,-0.11946398532976499,0.9570622878098725,1.6041441645092505,-2.0161494285119375
teacher_nn,0.59,0.1,-0.07639878737511245,-0.06719076012679329,1.707040358622787,-0.08338071242067781,0.0013822821716775082,30,30,complete,False,-0.06005564993321855,2.6643273711734556,-0.0600556499332181,2.6643273711736333,1.6343331579127067,-0.2088941615369322
teacher_nn,0.6,0.1,-0.07617911731748687,-0.0669710900691677,1.7240603176110496,-0.08174282808934627,0.0014181338744545429,30,30,complete,False,-0.06617743790629449,-3.8483180147642813,-0.06617743790629227,-3.8483180147643035,1.5999662812785118,-6.626510799830498
teacher_nn,0.61,0.1,-0.07772233613323834,-0.06851430888491913,1.739039684248357,-0.07822593286975968,0.0012589325280923745,30,30,complete,False,-0.13702201022850424,-0.26543877935811766,-0.13702201022850424,-0.2654387793582953,1.5018029419160968,-2.9532413001334135
teacher_nn,0.62,0.1,-0.07891955752205695,-0.06971153027373779,1.7540963764493718,-0.0788554576008213,0.0012645143703840626,30,30,complete,False,-0.07148621349345685,5.193828341527258,-0.07148621349345818,5.193828341527347,1.5409014552758435,2.592074693934876
teacher_nn,0.63,0.1,-0.07915206040310747,-0.0699440331547883,1.769857713353874,-0.0777277270803197,0.0014948484082334872,30,30,complete,False,-0.033145443397958996,-1.0287462493605566,-0.03314544339795722,-1.02874624936049,1.5536444357947943,-3.5485187368948203
teacher_nn,0.64,0.1,-0.07958246639001613,-0.07037443914169693,1.7851692651652677,-0.07652741158910907,0.0018429125099745781,30,30,complete,False,-0.09206113848066799,-4.0121491406475105,-0.09206113848066799,-4.012149140647667,1.4699310805379469,-6.453755737206976
teacher_nn,0.65,0.1,-0.08099328317272084,-0.07178525592440166,1.799256334964633,-0.07574131032071892,0.0019197188284520725,30,30,complete,False,-0.11338842621090928,0.8037847824379436,-0.11338842621091061,0.8037847824379436,1.4245693210506545,-1.5632380351014774
teacher_nn,0.66,0.1,-0.08185023491423432,-0.07264220766591514,1.8136606515862808,-0.07341006064006028,0.0011295382031293495,30,30,complete,False,-0.07598544283190911,3.0039199079802548,-0.07598544283190911,3.003919907980277,1.4386663198359173,0.7081143695835124
teacher_nn,0.67,0.1,-0.08251299202935902,-0.07330496478103984,1.8280296613613514,-0.07446815225494283,0.0017111084454871168,30,30,complete,False,-0.05331002805130414,-1.1403748078285578,-0.053310028051305025,-1.14037480782858,1.4387316084423247,-3.3681299389016317
teacher_nn,0.68,0.1,-0.08291643547526041,-0.07370840822694125,1.8424352837551272,-0.07220217511477506,0.0013380768152579101,30,30,complete,False,-0.0987929389884803,-0.32841066705762056,-0.09879293898848074,-0.32841066705755395,1.3713037210578847,-2.4910972172569785
teacher_nn,0.69,0.1,-0.0844888508091286,-0.07528082356080942,1.8554557357825086,-0.06826262549495078,0.001347640689168987,30,30,complete,False,-0.059878241392457454,0.6990170855463997,-0.05987824139245701,0.699017085546422,1.3889096640971843,-1.4014109874970586
teacher_nn,0.7,0.1,-0.08411400030310955,-0.07490597305479037,1.870213477037071,-0.06886107861180694,0.0014144245961660777,30,30,complete,False,-0.08481259727755308,-2.9613917588218603,-0.08481259727755308,-2.961391758821816,1.343275501307943,-5.0022119235180185
teacher_nn,0.71,0.1,-0.08618510275467965,-0.07697707550636049,1.8823212458086673,-0.06952953160196212,0.0015102419729445874,30,30,complete,False,-0.11910607656889471,1.5798297902110723,-0.11910607656889338,1.5798297902111167,1.288865425626824,-0.4038846642501426
teacher_nn,0.72,0.1,-0.08649612183448745,-0.07728809458616824,1.8959907855496074,-0.06727197805179541,0.0014411099631905563,30,30,complete,False,-0.05321600147333161,1.2233081826330308,-0.05321600147333072,1.2233081826328531,1.33519780802294,-0.7056646285342083
teacher_nn,0.73,0.1,-0.08724942278414628,-0.0780413955358271,1.9090252019691263,-0.0684520624792824,0.0013808786517634864,30,30,complete,False,-0.09463991291623408,0.12028042925806837,-0.0946399129162363,0.12028042925800175,1.2747521330561398,-1.7561860773710691
teacher_nn,0.74,0.1,-0.08838892009281213,-0.07918089284449296,1.9214858282107303,-0.06774449717179849,0.0013883403011343187,30,30,complete,False,-0.05081039288817024,2.21928750351865,-0.050810392888170686,2.2192875035188275,1.3000740864755187,0.39321204573425916
teacher_nn,0.75,0.1,-0.0882656306419097,-0.07905760339359051,1.9350266836986367,-0.06733600941602866,0.0014538296545828547,30,30,complete,False,-0.05025416284586104,-1.0903376335900985,-0.05025416284585971,-1.0903376335901651,1.282616373970825,-2.8680251727429535
teacher_nn,0.76,0.1,-0.08939400334972934,-0.08018597610141016,1.9471381556901468,-0.06516510327047904,0.001491631945248996,30,30,complete,False,-0.07261714555997223,-0.4100419632476089,-0.072617145559974,-0.4100419632476755,1.2427135830206595,-2.1412399214916817
teacher_nn,0.77,0.1,-0.08971797355310915,-0.08050994630479,1.95988095535905,-0.0654413231309509,0.0012805936153205133,30,30,complete,False,-0.058455002110813226,-0.7320102193322682,-0.058455002110813226,-0.7320102193320461,1.2397915755409912,-2.4185189067836177
teacher_nn,0.78,0.1,-0.0905631033919456,-0.08135507614362643,1.9719339872009667,-0.06295685985415804,0.0011767799843573987,30,30,complete,False,-0.0872573499466176,0.14968505824097766,-0.08725734994661494,0.14968505824093326,1.1943432048849871,-1.4938428883958466
teacher_nn,0.79,0.1,-0.09146312055204149,-0.0822550933037223,1.9837678194567496,-0.061238919599846384,0.0011916490104856327,30,30,complete,False,-0.05546130094599366,1.2825024592361336,-0.05546130094599455,1.2825024592359116,1.2099147177730742,-0.3196672720569893
teacher_nn,0.8,0.1,-0.09167232941086549,-0.08246430216254631,1.9961322815564282,-0.05849275378741113,0.0011067136716348578,30,30,complete,False,-0.06160730076189491,-2.158439014572797,-0.06160730076189669,-2.1584390145728416,1.1879498594438473,-3.7207923963670453
teacher_nn,0.81,0.1,-0.0926952665672794,-0.08348723931896024,2.0075268166456266,-0.060439535656345716,0.0015960448468912603,30,30,complete,False,-0.09863008123744965,0.5474507436211749,-0.09863008123745143,0.5474507436212637,1.1354988698457333,-0.9765524460341055
teacher_nn,0.82,0.1,-0.09364493103561447,-0.0844369037872953,2.0188422589533426,-0.06017021978080084,0.001664616657431897,30,30,complete,False,-0.05065828588947241,2.688620407465773,-0.05065828588947241,2.688620407465906,1.168418810523164,1.2015723702603793
teacher_nn,0.83,0.1,-0.09370843228506885,-0.08450040503674967,2.03089519285609,-0.05916689981348547,0.001486140452642871,30,30,complete,False,-0.04485767308813493,1.03592609908607,-0.04485767308813404,1.0359260990861143,1.1595303172509404,-0.41549496844979217
teacher_nn,0.84,0.1,-0.09454208449737718,-0.08533405724905799,2.0420328652983613,-0.05654057103288276,0.0015510464310097634,30,30,complete,False,-0.029939763907750994,-3.476155548185342,-0.029939763907750105,-3.476155548185475,1.1601089111541683,-4.893214929952443
teacher_nn,0.85,0.1,-0.09430722756322386,-0.08509920031490469,2.0540973710791732,-0.05746028136615212,0.0013407642543477542,30,30,complete,False,-0.11438078405184182,-6.235066533939277,-0.1143807840518436,-6.235066533939321,1.0616660186518914,-7.618970295063569
teacher_nn,0.86,0.1,-0.09682970017841402,-0.08762167293009485,2.063266185671399,-0.055060214665616856,0.001529054496697827,30,30,complete,False,-0.15464109458653663,2.446591079155567,-0.15464109458653663,2.4465910791557004,1.0077295052528967,1.0946926676162079
teacher_nn,0.87,0.1,-0.0974000494549546,-0.08819202220663543,2.074251961184231,-0.056104069967641314,0.0013020780988376856,30,30,complete,False,-0.06544896246873044,5.105267387030162,-0.06544896246872955,5.105267387030162,1.0835598720042157,3.784276658355161
teacher_nn,0.88,0.1,-0.09813867942778863,-0.08893065217946945,2.0849373831114835,-0.058449681778048886,0.0014535375208203484,30,30,complete,False,-0.05253574684593332,3.519559422505078,-0.05253574684593332,3.5195594225050337,1.08341503842,2.228428340938393
teacher_nn,0.89,0.1,-0.09845076439187327,-0.08924273714355409,2.095920261952631,-0.05408419433884185,0.0013786643883132662,30,30,complete,False,0.004942225981371173,-0.8870821843899526,0.004942225981371173,-0.8870821843898637,1.1281284388229835,-2.149354797557372
teacher_nn,0.9,0.1,-0.0980398349081612,-0.08883180765984203,2.1074999518879434,-0.053598114025162215,0.0014419077100807295,30,30,complete,False,-0.07027739053373239,-4.726299459146684,-0.07027739053373061,-4.726299459146595,1.0404279424688525,-5.960670515502635
teacher_nn,0.91,0.1,-0.09985631220254791,-0.0906482849542287,2.1167288208020083,-0.053074801454537704,0.0013403722671069534,30,30,complete,False,-0.08958376320156258,-0.94973280580759,-0.0895837632015608,-0.9497328058077676,1.0089150285129307,-2.1571173698362145
teacher_nn,0.92,0.1,-0.09983151017219245,-0.09062348292387323,2.127678252458202,-0.05168375889700414,0.0014185513846002025,30,30,complete,False,-0.0892720466498842,2.395792987320842,-0.08927204664988597,2.3957929873206645,0.9972855950721282,1.214519435292516
teacher_nn,0.93,0.1,-0.1016417531355456,-0.09243372588722641,2.136674532703451,-0.04982530019283326,0.0010438162445325979,30,30,complete,False,-0.041667903455145705,0.8933716791154782,-0.04166790345514748,0.8933716791155226,1.033205417218781,-0.26262887476139696
teacher_nn,0.94,0.1,-0.10066486824129539,-0.09145684099297621,2.148342360802577,-0.05165136072988438,0.0013003079394267028,30,30,complete,False,-0.07140461306757384,-1.6040737719216884,-0.07140461306757473,-1.6040737719215996,0.992033017576901,-2.735603858169391
teacher_nn,0.95,0.1,-0.1030698453968971,-0.09386181814857796,2.156515193054989,-0.05125765857300249,0.001419208212664893,30,30,complete,False,-0.07374937889357902,5.186534478876799,-0.07374937889357902,5.186534478876843,0.9784933400553939,4.078705954567141
teacher_nn,0.96,0.1,-0.10213985581916697,-0.0929318285708478,2.167912227603685,-0.051043993130047934,0.0014061217428044505,30,30,complete,False,0.03232607650996222,-1.0298242379090259,0.03232607650996222,-1.0298242379089815,1.0736071366682438,-2.1146882240330456
teacher_nn,0.97,0.1,-0.10242332386669786,-0.09321529661837871,2.177987335788354,-0.049956230087349875,0.001566258945677727,30,30,complete,False,-0.09434586365175957,-8.664615660140777,-0.09434586365175868,-8.664615660140777,0.936199575574733,-9.727221885476915
teacher_nn,0.98,0.1,-0.10402677309220217,-0.09481874584388296,2.18663621911518,-0.0484196792730845,0.0016167586737375682,30,30,complete,False,-0.14096623669285346,2.0899638445921,-0.14096623669285346,2.089963844592011,0.8790626989587054,1.0489373130717183
teacher_nn,0.99,0.1,-0.10524264860055495,-0.09603462135223578,2.195568589767528,-0.048613595428073184,0.0012054329564232373,30,30,complete,False,-0.052546586759917524,7.873030700414816,-0.05254658675991841,7.873030700414885,0.9571783218361674,7.102843973941425
teacher_nn,1.0,0.1,-0.10507770482740052,-0.09586967757908134,2.2057797855519032,-0.044985560631645424,0.0014028786057656219,30,30,complete,False,0.016494377315442996,6.904096407536046,0.016494377315444383,6.904096407536273,1.021119578437534,6.394125660136657
very_low_tv_spectral_teacher,0.01,0.1,-0.0009585889851335903,0.003523629511899358,-2.298125833619085,-0.005010406595456009,0.00021715856904175402,30,30,complete,True,-0.007867268482614523,-0.3361377155840282,-0.007867268482614513,-0.33613771558402855,69.27868552214986,-1438.162017909368
very_low_tv_spectral_teacher,0.02,0.1,-0.0010372616699597355,0.0034449568270732128,-1.6053389783975864,-0.010981526983231628,0.0004574193304102093,30,30,complete,True,-0.011228645638454805,-0.5399957004312401,-0.011228645638454798,-0.5399957004312426,54.89706534305618,-1732.7038154662428
very_low_tv_spectral_teacher,0.03,0.1,-0.0011831618979026863,0.0032990565991302613,-1.2001845267579616,-0.0184274669492348,0.0007130420635333239,30,30,complete,True,-0.018667182491239324,-0.7948551722854971,-0.01866718249123936,-0.7948551722854956,34.624609212825,-1469.6644159800994
very_low_tv_spectral_teacher,0.04,0.1,-0.0014106053197845219,0.0030716131772484255,-0.9128467941410862,-0.02711651700644839,0.0009544094504418543,30,30,complete,True,-0.027125749084164742,-0.8680836160808434,-0.027125749084164708,-0.8680836160808403,25.503777023454184,-719.7810237129731
very_low_tv_spectral_teacher,0.05,0.1,-0.0017256768795859813,0.002756541617446967,-0.6901089862888778,-0.036058637415009316,0.001097075445724786,30,30,complete,True,-0.0360288548128562,-0.8726100903002705,-0.03602885481285617,-0.8726100903002754,20.228988738565533,-436.57896154921275
very_low_tv_spectral_teacher,0.06,0.1,-0.0021311824160416457,0.0023510360809913026,-0.5082670193697756,-0.04472069141828096,0.001230816537402983,30,30,complete,True,-0.04457795089017015,-0.7899947050960523,-0.044577950890170207,-0.7899947050960558,16.772197792469925,-295.12793427712325
very_low_tv_spectral_teacher,0.07,0.1,-0.002617235897389385,0.0018649825996435632,-0.35466503043947933,-0.05256247649873112,0.0012440178469841573,30,30,complete,True,-0.05182874891477725,-0.7576083722004809,-0.05182874891477729,-0.7576083722004796,14.32643005302307,-213.56562190039517
very_low_tv_spectral_teacher,0.08,0.1,-0.0031677573943371907,0.0013144611026957567,-0.2217384183093141,-0.059558775751549234,0.0013431462095645271,30,30,complete,True,-0.059730118334179766,-0.6947153110005315,-0.05973011833417979,-0.6947153110005271,12.500885354462017,-161.9754568778685
very_low_tv_spectral_teacher,0.09,0.1,-0.0038118382640729793,0.0006703802329599682,-0.10464732335023912,-0.06579858893319519,0.0012956934919726478,30,30,complete,True,-0.06572305513478788,-0.5294412468816501,-0.06572305513478782,-0.5294412468816438,11.086920915465704,-127.08732699874798
very_low_tv_spectral_teacher,0.1,0.1,-0.004482218497032948,0.0,0.0,-0.07098976803578519,0.001419283788148185,30,30,complete,True,-0.07031894327181276,-0.5005601989752431,-0.07031894327181266,-0.5005601989752484,9.959138814487059,-102.51407759010442
very_low_tv_spectral_teacher,0.11,0.1,-0.005218217129509234,-0.0007359986324762852,0.09453545293950212,-0.07535249026743185,0.0014381171587892485,30,30,complete,True,-0.07573425911429274,-0.4153537267097165,-0.07573425911429278,-0.41535372670972137,9.036639363663614,-84.42273138366073
very_low_tv_spectral_teacher,0.12,0.1,-0.005996903679318802,-0.0015146851822858548,0.1807327872732722,-0.07903896737572744,0.0011965512412521672,30,30,complete,True,-0.07862601780600709,-0.2669203836991807,-0.07862601780600709,-0.2669203836991776,8.270684186813845,-70.66549549348514
very_low_tv_spectral_teacher,0.13,0.1,-0.006790737485629376,-0.0023085189885964272,0.25994913667577907,-0.08201086949240836,0.0013027672862985884,30,30,complete,True,-0.08107266678827635,-0.3168025223727584,-0.08107266678827633,-0.31680252237276285,7.623329453793913,-60.175572245384785
very_low_tv_spectral_teacher,0.14,0.1,-0.0076183570150843306,-0.0031361385180513827,0.33319937634915053,-0.0841362410136602,0.0014472250042088495,30,30,complete,True,-0.08496206825346225,-0.17525602158155174,-0.08496206825346235,-0.17525602158154996,7.067172741906148,-51.70252798290824
very_low_tv_spectral_teacher,0.15,0.1,-0.00848997885069862,-0.004007760353665673,0.40129259151390195,-0.08681535119054945,0.0009974523993158215,30,30,complete,True,-0.08457778721990739,-0.07511707727499939,-0.08457778721990736,-0.07511707727499584,6.589278894135749,-44.901146830628534
very_low_tv_spectral_teacher,0.16,0.1,-0.009309912759482477,-0.004827694262449529,0.4649849542318655,-0.08537993156444369,0.0013263678008461686,30,30,complete,True,-0.08646440979896225,-0.3210090529835723,-0.08646440979896228,-0.3210090529835812,6.1691498052935785,-39.6759035487392
very_low_tv_spectral_teacher,0.17,0.1,-0.010219267046677867,-0.0057370485496449205,0.5246755876197736,-0.08792115366327694,0.0010572820597078635,30,30,complete,True,-0.09099796827957884,0.05167503579187471,-0.09099796827957898,0.05167503579188715,5.795760823160965,-34.777936195113114
very_low_tv_spectral_teacher,0.18,0.1,-0.011129872125074053,-0.006647653628041107,0.5809001706950847,-0.08739056349218996,0.0013477281603411723,30,30,complete,True,-0.08543090908312478,0.08939287881123459,-0.08543090908312456,0.08939287881123903,5.473591081391316,-30.95428773521843
very_low_tv_spectral_teacher,0.19,0.1,-0.011927885228340361,-0.007445666731307411,0.6341474092475999,-0.08718141126714225,0.0013153909476392727,30,30,complete,True,-0.08921011070335416,0.4054063775827954,-0.08921011070335422,0.4054063775827865,5.176675068456596,-27.438716256483673
very_low_tv_spectral_teacher,0.2,0.1,-0.012914074339141138,-0.008431855842108192,0.6844336720642167,-0.08734351002761351,0.0011917338573350642,30,30,complete,True,-0.07732278153146888,0.41916608571984426,-0.07732278153146882,0.4191660857198558,4.924816756261642,-24.696463942331434
very_low_tv_spectral_teacher,0.21,0.1,-0.013474340858969739,-0.008992122361936788,0.7326437443728326,-0.08404792986551296,0.0011688971988795319,30,30,complete,True,-0.08082678898895723,-0.6032289547286624,-0.08082678898895707,-0.603228954728674,4.682745789609967,-23.373173757744695
very_low_tv_spectral_teacher,0.22,0.1,-0.014530610118920283,-0.010048391621887335,0.778088587856416,-0.0846129901277727,0.000887946121802812,30,30,complete,True,-0.08938736062604213,0.21857788739068074,-0.0893873606260423,0.21857788739067185,4.457353281106748,-20.519998833606564
very_low_tv_spectral_teacher,0.23,0.1,-0.015262088071490583,-0.010779869574457635,0.8217908099949676,-0.08221071612661209,0.0009414171792107404,30,30,complete,True,-0.07645523124114362,-0.0450260735574286,-0.07645523124114362,-0.045026073557402846,4.272345812937836,-19.012738787923325
very_low_tv_spectral_teacher,0.24,0.1,-0.016059714743743153,-0.011577496246710206,0.8635355041151727,-0.08031326944462748,0.0010985584844907343,30,30,complete,True,-0.09028788209719063,-0.2670825052733665,-0.0902878820971903,-0.2670825052733612,4.077098505348282,-17.681676692178883
very_low_tv_spectral_teacher,0.25,0.1,-0.017067845713434393,-0.01258562721640144,0.9033327801019332,-0.08024604904201595,0.0009666177358018454,30,30,complete,True,-0.0817968813466109,1.1120079906678617,-0.08179688134661078,1.112007990667839,3.918712279094258,-14.932889200708019
very_low_tv_spectral_teacher,0.26,0.1,-0.01769565237067537,-0.013213433873642422,0.9419097496970579,-0.08010356112129258,0.0010611680976414795,30,30,complete,True,-0.06804772228383338,0.41354544906725943,-0.06804772228383349,0.41354544906724877,3.778440721334121,-14.417264565910045
very_low_tv_spectral_teacher,0.27,0.1,-0.01842880015911106,-0.01394658166207811,0.9789015945286157,-0.07808313211564077,0.0011449603900237557,30,30,complete,False,-0.0735259723652657,-0.8891492718421263,-0.07352597236526581,-0.8891492718421206,3.630366987776057,-14.638752887038436
very_low_tv_spectral_teacher,0.28,0.1,-0.019166171817980686,-0.01468395332094774,1.014517089452579,-0.07546122223703061,0.0010594290873332049,30,30,complete,True,-0.08583070772067591,-0.6157929675780425,-0.08583070772067591,-0.6157929675780198,3.485665663593352,-13.398348473729612
very_low_tv_spectral_teacher,0.29,0.1,-0.02014541431352457,-0.015663195816491622,1.0486149078004825,-0.07564430200390733,0.0011063484622876364,30,30,complete,True,-0.08584183171682658,0.540602845842495,-0.08584183171682624,0.5406028458424839,3.3624000183014644,-11.37352772033256
very_low_tv_spectral_teacher,0.3,0.1,-0.020883008452317216,-0.016400789955284264,1.0817650898186082,-0.07353029631453206,0.0007153422245431468,30,30,complete,True,-0.07501865080382597,1.0582493713968897,-0.07501865080382619,1.0582493713968515,3.258195109186701,-10.073101562648986
very_low_tv_spectral_teacher,0.31,0.1,-0.021645787329601093,-0.017163568832568147,1.1137788099842165,-0.07225979860037653,0.0011543596090527416,30,30,complete,True,-0.06467684428888876,0.27267235422026026,-0.0646768442888892,0.2726723542202767,3.1609379870484844,-10.15063432258961
very_low_tv_spectral_teacher,0.32,0.1,-0.022176545338094995,-0.01769432684106205,1.1449838495595779,-0.07146298660572757,0.0008803209566714769,30,30,complete,True,-0.06956520371942077,-0.3254070072516764,-0.06956520371942065,-0.32540700725164884,3.0551824227349087,-10.106179386361788
very_low_tv_spectral_teacher,0.33,0.1,-0.023037091403989508,-0.018554872906956562,1.1748824584389148,-0.07122274353334491,0.0008149403378768185,30,30,complete,False,-0.0711849844339223,0.3497552857917081,-0.07118498443392218,0.34975528579171966,2.9588143993212483,-8.846148937761797
very_low_tv_spectral_teacher,0.34,0.1,-0.02360024502677344,-0.019118026529740494,1.204160137546003,-0.06910323136461129,0.0010940325265613514,30,30,complete,True,-0.0625700980035866,-0.39569632155873347,-0.06257009800358626,-0.39569632155872236,2.8782594439796725,-9.057695125049037
very_low_tv_spectral_teacher,0.35,0.1,-0.024288493364061234,-0.019806274867028285,1.232447647318508,-0.0676605162247503,0.0010494772855125835,30,30,complete,False,-0.0790989108650968,-1.4079954943481505,-0.07909891086509646,-1.4079954943481607,2.7776604968202676,-9.581295185105205
very_low_tv_spectral_teacher,0.36,0.1,-0.025182223244075375,-0.020700004747042425,1.2597133474824083,-0.06802543464090159,0.0009775792965257982,30,30,complete,False,-0.09073000789054952,0.675747501722034,-0.09073000789054941,0.6757475017220176,2.686633540277569,-7.049093743092499
very_low_tv_spectral_teacher,0.37,0.1,-0.026103093521872223,-0.021620875024839274,1.2861803181240594,-0.06611000843970015,0.001038411400519022,30,30,complete,True,-0.0655839608306561,2.2434085723968744,-0.0655839608306561,2.243408572396858,2.636678621958417,-5.0689131125857045
very_low_tv_spectral_teacher,0.38,0.1,-0.026493902460688497,-0.02201168396365555,1.3124469199215767,-0.0652592619477761,0.0009828564807967538,30,30,complete,True,-0.04586183644261199,-0.017321316648000185,-0.045861836442612214,-0.017321316648000185,2.585255278025855,-6.949320637557932
very_low_tv_spectral_teacher,0.39,0.1,-0.027020330250724464,-0.022538111753691522,1.3378854236845765,-0.06247996982424752,0.000862762225009994,30,30,complete,False,-0.0659303871636161,-0.6780672746728436,-0.0659303871636161,-0.6780672746728102,2.4976922092072584,-7.258674507983173
very_low_tv_spectral_teacher,0.4,0.1,-0.02781251020396082,-0.02333029170692787,1.3624007641057219,-0.06200024568904225,0.001074959994854798,30,30,complete,True,-0.05942318193606888,-0.2988720179303024,-0.05942318193606844,-0.2988720179302913,2.440081787866191,-6.554154765362341
very_low_tv_spectral_teacher,0.41,0.1,-0.02820879388944584,-0.023726575392412887,1.3866870594419003,-0.06351402034390945,0.0008247068260944807,30,30,complete,False,-0.07190782752222202,-0.20530292410065387,-0.0719078275222218,-0.20530292410068718,2.3666091139000116,-6.158811762074421
very_low_tv_spectral_teacher,0.42,0.1,-0.029250666754405262,-0.024768448257372313,1.4097329463837223,-0.06081556048167895,0.0009697977469165216,30,30,complete,True,-0.06352924041808183,1.3063606144373172,-0.06352924041808206,1.3063606144373061,2.3169055526247035,-4.366704597840965
very_low_tv_spectral_teacher,0.43,0.1,-0.02947937869780748,-0.024997160200774526,1.4330251704943946,-0.0601298123002811,0.000980680754896888,30,30,complete,True,-0.04578061523347565,-0.079461724477492,-0.04578061523347565,-0.0794617244774809,2.2792750219431923,-5.491449010887806
very_low_tv_spectral_teacher,0.44,0.1,-0.030166279059074777,-0.025684060562041824,1.4553184468225862,-0.060610190587299086,0.0006900318268775751,30,30,complete,False,-0.06511847490763167,0.3102414260396147,-0.06511847490763167,0.3102414260396036,2.2070765724069474,-4.858290204988691
very_low_tv_spectral_teacher,0.45,0.1,-0.03078174819596011,-0.02629952969892716,1.4771667019425334,-0.0592428830097228,0.00092777443764117,30,30,complete,True,-0.03957578671268336,0.9318804336192579,-0.03957578671268358,0.9318804336192468,2.1821092178434185,-4.00926631268986
very_low_tv_spectral_teacher,0.46,0.1,-0.030957794793328445,-0.0264755762962955,1.4989606311794546,-0.057620178684286,0.0011153719715131904,30,30,complete,False,-0.0464808662352465,-2.090172851989382,-0.04648086623524672,-2.090172851989381,2.12689124615315,-6.818621098651093
very_low_tv_spectral_teacher,0.47,0.1,-0.03171136552066503,-0.027229147023632088,1.5197045268655964,-0.057352853475382326,0.001208401914460149,30,30,complete,False,-0.08137924375247074,-0.6999891144677197,-0.08137924375247096,-0.6999891144676753,2.045736795870397,-5.229186825113203
very_low_tv_spectral_teacher,0.48,0.1,-0.032585379668377865,-0.02810316117134492,1.5398753670968628,-0.05671024834520566,0.0007578246359192484,30,30,complete,False,-0.060480648524600555,1.4670313667104904,-0.06048064852459989,1.467031366710513,2.0223075096508865,-2.875253223303531
very_low_tv_spectral_teacher,0.49,0.1,-0.03292097849115704,-0.02843875999412409,1.5601506770586142,-0.05675841166210418,0.0009669128603372065,30,30,complete,False,-0.05203861641826091,-0.29712018240679594,-0.052038616418260686,-0.29712018240685145,1.9882317314043263,-4.463830864749241
very_low_tv_spectral_teacher,0.5,0.1,-0.033626151996743084,-0.02914393349971013,1.5796400017249492,-0.055429308625847426,0.0010213796234305064,30,30,complete,False,-0.06642305217273647,-1.6400034078722574,-0.06642305217273692,-1.64000340787228,1.9330308923559016,-5.641580168087756
very_low_tv_spectral_teacher,0.51,0.1,-0.03424943953461177,-0.02976722103757883,1.5988112949057325,-0.05520658277323708,0.0012946142689687255,30,30,complete,False,-0.08483868457570609,0.35107331406392106,-0.08483868457570631,0.35107331406395437,1.8754001280425712,-3.4949977071889293
very_low_tv_spectral_teacher,0.52,0.1,-0.035322925688257206,-0.03084070719122426,1.6171480042858009,-0.053859107178593255,0.0010830972961826172,30,30,complete,True,-0.05940158589145805,3.4576959336655246,-0.05940158589145783,3.457695933665547,1.863130938212123,-0.24176314726460646
very_low_tv_spectral_teacher,0.53,0.1,-0.035437471252440934,-0.030955252755407985,1.636073913669975,-0.053301195421400376,0.0010485322871690416,30,30,complete,False,-0.015684765902395537,2.175236781917998,-0.015684765902395315,2.1752367819179756,1.870564865097279,-1.385838495123437
very_low_tv_spectral_teacher,0.54,0.1,-0.035636621006305116,-0.031154402509272167,1.6545593015877464,-0.05048638672954988,0.0010120550941295325,30,30,complete,False,-0.01589685025309806,-1.9941369502330815,-0.015896850253098282,-1.9941369502330815,1.8354141683096543,-5.42445204313394
very_low_tv_spectral_teacher,0.55,0.1,-0.035755408257502896,-0.03127318976046995,1.672782197036168,-0.052810354576226924,0.0011274586729261634,30,30,complete,False,-0.0555675049070572,-3.989578173283733,-0.055567504907056975,-3.9895781732837223,1.7620758242346,-7.296206711016126
very_low_tv_spectral_teacher,0.56,0.1,-0.03674797110444626,-0.03226575260741331,1.6898008180724384,-0.05146355350207374,0.0011462894713831586,30,30,complete,False,-0.09568841371877279,0.8921258210104059,-0.09568841371877279,0.8921258210104059,1.6894900340893315,-2.2973885274552117
very_low_tv_spectral_teacher,0.57,0.1,-0.03766917653187834,-0.03318695803484539,1.7065719977179545,-0.052346841980150514,0.0010841326511928473,30,30,complete,False,-0.03772498848685024,3.5936306472923087,-0.03772498848685002,3.593630647292331,1.7161280536854946,0.515115748837772
very_low_tv_spectral_teacher,0.58,0.1,-0.03750247087418326,-0.0330202523771503,1.7241233791461485,-0.049833606532382294,0.0011121792137157567,30,30,complete,False,-0.023815800772927442,-1.5282580751768233,-0.023815800772926998,-1.52825807517689,1.6997923490660867,-4.501469791497925
very_low_tv_spectral_teacher,0.59,0.1,-0.03814549254733689,-0.033663274050303935,1.7405678446992763,-0.0488707691894614,0.000977495890886711,30,30,complete,False,-0.06829014999038674,-2.4344422975922297,-0.06829014999038785,-2.4344422975922635,1.626098657855536,-5.307663830303255
very_low_tv_spectral_teacher,0.6,0.1,-0.03886827387399099,-0.034386055376958054,1.7566453523032592,-0.049570811577012,0.001078409223097532,30,30,complete,False,-0.07250464672477208,0.2498981099237958,-0.0725046467247723,0.2498981099238624,1.5936390724600216,-2.528294675141751
very_low_tv_spectral_teacher,0.61,0.1,-0.039595585481832334,-0.03511336698479938,1.7724406261484769,-0.04828135563248859,0.0012272744509661182,30,30,complete,False,-0.06329218779191081,2.583893318198447,-0.06329218779191059,2.583893318198436,1.575532764352701,-0.10390920257634662
very_low_tv_spectral_teacher,0.62,0.1,-0.04013411762982921,-0.03565189913279627,1.7881560075903133,-0.04961389819604067,0.000913734201658459,30,30,complete,False,-0.0208267803608031,0.9171946703767078,-0.020826780360803543,0.9171946703766856,1.5915608884084946,-1.6845589772159997
very_low_tv_spectral_teacher,0.63,0.1,-0.0400121210890484,-0.03552990259201545,1.8042718439166467,-0.048501141726450814,0.000925580013161814,30,30,complete,False,-0.04494829438437664,-2.9546773064860616,-0.04494829438437686,-2.954677306486006,1.541841584808381,-5.474449794019861
very_low_tv_spectral_teacher,0.64,0.1,-0.04103308351751674,-0.036550865020483804,1.818992839286481,-0.04523873642275374,0.0009643431638311512,30,30,complete,False,-0.07992032649052438,0.25617599334437635,-0.07992032649052372,0.25617599334444296,1.4820718925280971,-2.185430603216062
very_low_tv_spectral_teacher,0.65,0.1,-0.04161052761885888,-0.03712830912182593,1.8339132817672088,-0.04738074139666104,0.0009328758412392077,30,30,complete,False,-0.039824774517489114,2.391098508035958,-0.039824774517488004,2.3910985080358915,1.4981329727440595,0.024075690495806157
very_low_tv_spectral_teacher,0.66,0.1,-0.041829579007866526,-0.037347360510833566,1.8489554987413623,-0.04674014700559367,0.001204229379064438,30,30,complete,False,-0.03209835632980518,0.5761673613967393,-0.032098356329805844,0.5761673613966283,1.4825534063380132,-1.719638176999183
very_low_tv_spectral_teacher,0.67,0.1,-0.042252494745454984,-0.037770276248422045,1.8635643498939691,-0.04501058731231712,0.0011983022269905822,30,30,complete,False,-0.028301427289554315,0.41029141761144117,-0.028301427289555425,0.4102914176115078,1.4637402092040759,-1.8174637134620752
very_low_tv_spectral_teacher,0.68,0.1,-0.042395607553657615,-0.037913389056624676,1.8782303029254437,-0.04579333997095011,0.0011347216168306905,30,30,complete,False,-0.02389252797757635,-1.4622011933462635,-0.023892527977575684,-1.4622011933461636,1.4462041320687717,-3.624887743545486
very_low_tv_spectral_teacher,0.69,0.1,-0.04273034530500651,-0.03824812680797355,1.8924884325353444,-0.04490298232537329,0.0008417794570623108,30,30,complete,False,-0.05754545115647902,-2.1584292291386484,-0.057545451156478133,-2.158429229138715,1.3912424543331667,-4.258857302181724
very_low_tv_spectral_teacher,0.7,0.1,-0.0435465165767872,-0.03906429807975424,1.9060551520121072,-0.04508828529466558,0.0008408149522370713,30,30,complete,False,-0.06706111256034886,-0.0860883205319185,-0.06706111256034952,-0.08608832053198512,1.3610269860251378,-2.1269084852285403
very_low_tv_spectral_teacher,0.71,0.1,-0.044071567556213484,-0.03958934905918054,1.9197089722558474,-0.043290752821834165,0.0009415195055310171,30,30,complete,False,-0.05926721756711739,2.7126377994942863,-0.059267217567117836,2.7126377994943307,1.348704284628596,0.7289233450336496
very_low_tv_spectral_teacher,0.72,0.1,-0.04473186092812955,-0.0402496424310966,1.9330292377046792,-0.04280984141454255,0.0008686156297454933,30,30,complete,False,-0.012808356570463086,0.7678796904185372,-0.012808356570462864,0.7678796904185372,1.3756054529258108,-1.1610931207478359
very_low_tv_spectral_teacher,0.73,0.1,-0.044327734687622744,-0.0398455161905898,1.9472210813143636,-0.041855005261026236,0.0008007401095731882,30,30,complete,False,-0.04390962375874663,-2.9652363129840404,-0.043909623758747074,-2.9652363129840738,1.3254824222136392,-4.841702819612692
very_low_tv_spectral_teacher,0.74,0.1,-0.045610053403304485,-0.04112783490627154,1.9595388861489518,-0.04378180481560898,0.0009712406364271884,30,30,complete,False,-0.07211308283014395,0.5365242833520241,-0.07211308283014439,0.5365242833520463,1.278771396533557,-1.2895511744332566
very_low_tv_spectral_teacher,0.75,0.1,-0.04576999634422563,-0.04128777784719268,1.9727965092450346,-0.042360408350626357,0.0010026733512047904,30,30,complete,False,-0.03317913809170614,0.14175552943862524,-0.03317913809170614,0.14175552943869185,1.299691398724974,-1.6359320097151837
very_low_tv_spectral_teacher,0.76,0.1,-0.046273636165138604,-0.041791417668105665,1.9855327141234513,-0.04487395414753137,0.0009957689739526526,30,30,complete,False,-0.06927797224137144,-2.0038374094906146,-0.06927797224137056,-2.00383740949057,1.2460527563392532,-3.735035367734689
very_low_tv_spectral_teacher,0.77,0.1,-0.047155555789053054,-0.042673337292020094,1.99771756437182,-0.041573736840082046,0.000895068401683458,30,30,complete,False,-0.07325588628151847,1.3843591322566726,-0.07325588628151758,1.3843591322565838,1.2249906913702802,-0.30214955519412
very_low_tv_spectral_teacher,0.78,0.1,-0.04773875389076898,-0.04325653539373602,2.010032527950857,-0.04163528232587124,0.000965381508967961,30,30,complete,False,-0.041590789596237965,3.0117151492909473,-0.04159078959623885,3.0117151492908585,1.2400097652353708,1.3681872026545179
very_low_tv_spectral_teacher,0.79,0.1,-0.047987371580977815,-0.04350515308394488,2.022517759676527,-0.040461455855542436,0.0010959771668357205,30,30,complete,False,-0.013021583295699468,0.20342416893837068,-0.013021583295700356,0.20342416893839288,1.2523544354233707,-1.3987455623556855
very_low_tv_spectral_teacher,0.8,0.1,-0.04799918555668296,-0.043516967059650025,2.0350796166593246,-0.040855942256093986,0.0009276532505849188,30,30,complete,False,-0.03752230621747055,-0.504974903200028,-0.03752230621747099,-0.5049749031999836,1.212034853988257,-2.0673282849948222
very_low_tv_spectral_teacher,0.81,0.1,-0.04873781770532723,-0.0442555992082943,2.0467584567562924,-0.03969372970088887,0.0010133750403373545,30,30,complete,False,-0.023121081359700035,-1.671192236096817,-0.023121081359700035,-1.6711922360967504,1.211007869723474,-3.1951954257515496
very_low_tv_spectral_teacher,0.82,0.1,-0.04846160718387697,-0.043979388686844034,2.0592997740537937,-0.03837016787258666,0.0011058095770971287,30,30,complete,False,-0.07094615093940604,-2.950675333563802,-0.07094615093940515,-2.9506753335637796,1.148130945473227,-4.43772337076927
very_low_tv_spectral_teacher,0.83,0.1,-0.05015674072411537,-0.04567452222708242,2.069721075665757,-0.03946070519315838,0.0008838541379854684,30,30,complete,False,-0.0821345880309754,4.715925161295106,-0.08213458803097495,4.7159251612950825,1.1222534023080897,3.264504093758802
very_low_tv_spectral_teacher,0.84,0.1,-0.050104298944496486,-0.04562208044746354,2.0817448420999556,-0.03982463172817807,0.0011373928586332327,30,30,complete,False,0.023372352286496145,3.0733425288522938,0.02337235228649659,3.0733425288522938,1.213421027348403,1.656283147085702
very_low_tv_spectral_teacher,0.85,0.1,-0.04968929367838544,-0.04520707518135249,2.0939894962127252,-0.037886432399694185,0.0008837243345097612,30,30,complete,False,-0.02066773745392947,-5.427857127532816,-0.020667737453929025,-5.427857127532816,1.1553790652498037,-6.811760888656686
very_low_tv_spectral_teacher,0.86,0.1,-0.050517653693575075,-0.046035435196542115,2.1048524234049517,-0.03744201479534359,0.0009232417791724773,30,30,complete,False,-0.08518479026416026,-2.9922709663774167,-0.08518479026415982,-2.992270966377439,1.077185809575269,-4.344169377916522
very_low_tv_spectral_teacher,0.87,0.1,-0.05139298948366865,-0.04691077098663569,2.1155332124042308,-0.03836539338115167,0.0010235192826540088,30,30,complete,False,-0.08051315678147786,2.1184572913380366,-0.08051315678147786,2.118457291337992,1.0684956776914731,0.7974665626633666
very_low_tv_spectral_teacher,0.88,0.1,-0.05212791682920463,-0.04764569833217168,2.126222336958781,-0.03776992521821708,0.0010968072592715036,30,30,complete,False,-0.04281564443739949,2.42956134216463,-0.042815644437399936,2.429561342164608,1.0931351408285366,1.138430260598959
very_low_tv_spectral_teacher,0.89,0.1,-0.052249302372416644,-0.047767083875383684,2.1373959152208015,-0.03936219990058197,0.0009479684899458526,30,30,complete,False,-0.03192192993818521,0.8151389909844202,-0.031921929938185656,0.8151389909844646,1.0912642829034525,-0.44713362218331554
very_low_tv_spectral_teacher,0.9,0.1,-0.052766355427968335,-0.04828413693093539,2.14804762261685,-0.03722136463608187,0.0007745884047226753,30,30,complete,False,-0.026512864617711074,-1.2070551827015432,-0.02651286461771063,-1.207055182701521,1.0841924683848703,-2.4414262390592896
very_low_tv_spectral_teacher,0.91,0.1,-0.05277955966477086,-0.0482973411677379,2.159079764588499,-0.03658394848841126,0.0009390318248270274,30,30,complete,False,-0.056063033592216094,0.01189758513786554,-0.056063033592216094,0.011897585137776723,1.0424357581222665,-1.1954869788901519
very_low_tv_spectral_teacher,0.92,0.1,-0.053887616099812664,-0.04940539760277971,2.1688963377792954,-0.0376346123818591,0.0011652732511807822,30,30,complete,False,-0.026274912914953763,2.123970627367198,-0.026274912914955095,2.123970627367176,1.060282728807067,0.9426970753402486
very_low_tv_spectral_teacher,0.93,0.1,-0.053305057923069936,-0.048822839426037,2.1802854191646404,-0.03687159384514779,0.0006930955058535664,30,30,complete,False,-0.013583621044872096,0.16720099510106845,-0.01358362104487254,0.16720099510113506,1.0612896996290715,-0.9887995587767904
very_low_tv_spectral_teacher,0.94,0.1,-0.05415928852071008,-0.04967707002367714,2.190122131771876,-0.0372849588424726,0.001017649951257521,30,30,complete,False,-0.022930893012932163,-1.2291237356977036,-0.022930893012932163,-1.2291237356976592,1.0405067376315316,-2.3606538219468263
very_low_tv_spectral_teacher,0.95,0.1,-0.05376367578332857,-0.04928145728629563,2.201095553917271,-0.036777116956825236,0.0007493372099467556,30,30,complete,False,-0.038166095758826124,-4.935236582098197,-0.03816609575882568,-4.935236582098219,1.0140766231901353,-6.043065106407397
very_low_tv_spectral_teacher,0.96,0.1,-0.0549226104358866,-0.05044039193885365,2.210403664235679,-0.03727532870489665,0.0007308092192831229,30,30,complete,False,-0.12163562465489619,0.22912742913658835,-0.12163562465489663,0.22912742913658835,0.9196454355033836,-0.8557365569849651
very_low_tv_spectral_teacher,0.97,0.1,-0.0561963882764265,-0.05171416977939356,2.219488462627339,-0.03669420206822551,0.0008858972279412543,30,30,complete,False,-0.03358354717609435,6.037708567453665,-0.03358354717609391,6.037708567453709,0.996961892050436,4.975102342118021
very_low_tv_spectral_teacher,0.98,0.1,-0.055594281379408486,-0.05111206288237553,2.2303429020766874,-0.03432959709994297,0.0012180208371841603,30,30,complete,False,-0.000881453305822788,-0.35322299005124913,-0.0008814533058223439,-0.35322299005131574,1.019147482345744,-1.3942495215744088
very_low_tv_spectral_teacher,0.99,0.1,-0.05621401734254296,-0.051731798845510005,2.239871412274254,-0.03485915142152406,0.0007994834896456731,30,30,complete,False,-0.040648006977119344,-0.9220482167484331,-0.04064800697712023,-0.9220482167485247,0.9690769016189478,-1.6922349432233048
very_low_tv_spectral_teacher,1.0,0.1,-0.05640724151895087,-0.05192502302191793,2.2497244401090666,-0.03344466718660999,0.0010889262078849404,30,30,complete,False,-0.019322417640791466,2.1325589336327857,-0.019322417640792854,2.132558933632736,0.985302783481278,1.6225881862330191
