eta,ref_id,radius,phi_energy_raw,d_phi_energy_raw_dd,d2_phi_energy_raw_dd2,positive_curvature
0.02,0,0.01,-0.0002551375962759,-0.0035689194876359,-0.23459686635416005,0.0
0.02,0,0.02,-0.0002908267911523,-0.0059148881511775,-0.4338502778008352,0.0
0.02,0,0.03,-0.0003734353592994,-0.0122459250436526,-0.8038463810704499,0.0
0.02,0,0.04,-0.0005357452920253,-0.0219918157725865,-1.1023501831928795,0.0
0.02,0,0.05,-0.0008132716747512,-0.0342929287075102,-1.3111530823897906,0.0
0.02,0,0.06,-0.0012216038661755,-0.0482148774203823,-1.403105167102565,0.0
0.02,0,0.07,-0.0017775692231588,-0.0623550320495615,-1.2319386480008299,0.0
0.02,0,0.08,-0.0024687045071667,-0.0728536503803989,-1.4149143641445558,0.0
0.02,0,0.09,-0.0032346422307668,-0.0906533193324526,-1.7886952032290342,0.0
0.02,0,0.1,-0.0042817708938158,-0.1086275544449796,-1.0676868838284932,0.0
0.02,0,0.11,-0.0054071933196664,-0.1120070570090225,0.2565457430211051,0.2565457430211051
0.02,0,0.12,-0.0065219120339962,-0.1034966395845575,-0.49398923650365756,0.0
0.02,0,0.13,-0.0074771261113575,-0.1218868417390957,-2.1859442284461936,0.0
0.02,0,0.14,-0.0089596488687782,-0.1472155241534814,-2.9662652972895733,0.0
0.02,0,0.15,-0.0104214365944272,-0.1812121476848871,-1.4125927282360609,0.0
0.02,0,0.16,-0.0125838918224759,-0.1754673787182025,1.9275961224509084,1.9275961224509084
0.02,0,0.17,-0.0139307841687912,-0.1426602252358689,6.496786168106047,6.496786168106047
0.02,0,0.18,-0.0154370963271933,-0.0455316553560818,-1.2049149384382858,0.0
0.02,0,0.19,-0.0148414172759129,-0.1667585240046352,-10.58679258910281,0.0
0.02,0,0.2,-0.018772266807286,-0.2572675071381382,-2.1905795192182467,0.0
0.02,0,0.21,-0.0199867674186756,-0.2105701143890005,3.0740052682166503,3.0740052682166503
0.02,0,0.22,-0.022983669095066,-0.1957874017738053,6.259952788408856,6.259952788408856
0.02,0,0.23,-0.0239025154541517,-0.0853710586208233,3.1223536062476986,3.1223536062476986
0.02,0,0.24,-0.0246910902674825,-0.1333403296488509,0.3683808261548056,0.3683808261548056
0.02,0,0.25,-0.0265693220471288,-0.0780034420977269,3.991540077399737,3.991540077399737
0.02,0,0.26,-0.026251159109437,-0.0535095281008561,-7.837941376042912,0.0
0.02,0,0.27,-0.0276395126091459,-0.2347622696185853,0.6340491044193941,0.6340491044193941
0.02,0,0.28,-0.0309464045018087,-0.0408285460124682,6.468091367984553,6.468091367984553
0.02,0,0.29,-0.0284560835293953,-0.105400442258893,-16.289266255096983,0.0
0.02,0,0.3,-0.0330544133469866,-0.3666138711144084,-1.0435051093526688,0.0
0.02,0,0.31,-0.0357883609516834,-0.1262705444459464,15.116302844283123,15.116302844283123
0.02,0,0.32,-0.0355798242359056,-0.0642878142287457,-3.564496189136297,0.0
0.02,0,0.33,-0.0370741172362584,-0.1975604682286724,-7.682366967740943,0.0
0.02,0,0.34,-0.039531033600479,-0.2179351535835647,6.989612662684902,6.989612662684902
0.02,0,0.35,-0.0414328203079297,-0.0577682149749756,8.9914356528226,8.9914356528226
0.02,0,0.36,-0.0406863978999785,-0.0381064405271138,-2.8754403568642526,0.0
0.02,0,0.37,-0.0421949491184719,-0.1152770221122607,-1.5690943448673187,0.0
0.02,0,0.38,-0.0429919383422237,-0.0694883274244602,0.20210662309607486,0.20210662309607486
0.02,0,0.39,-0.0435847156669611,-0.1112348896503392,-12.647341615917973,0.0
0.02,0,0.4,-0.0452166361352305,-0.3224351597428199,5.915229513135237,5.915229513135237
0.02,0,0.41,-0.0500334188618175,0.0070697006123623,13.375012748162625,13.375012748162625
0.02,0,0.42,-0.0450752421229832,-0.0549349047795701,-12.89477998373328,0.0
0.02,0,0.43,-0.0511321169574089,-0.2508258990623035,4.121621324612882,4.121621324612882
0.02,0,0.44,-0.0500917601042293,0.0274975217126876,11.30407891737336,11.30407891737336
0.02,0,0.45,-0.0505821665231552,-0.0247443207148361,-8.691682773334223,0.0
0.02,0,0.46,-0.050586646518526,-0.146336133753997,-6.6226906119549325,0.0
0.02,0,0.47,-0.0535088891982351,-0.1571981329539351,19.06556463296375,19.06556463296375
0.02,0,0.48,-0.0537306091776047,0.2349751589052795,1.2646974543410527,1.2646974543410527
0.02,0,0.49,-0.0488093860201295,-0.131904183867114,-34.979374897483275,0.0
0.02,0,0.5,-0.056368692854947,-0.4646123390443866,-2.787580225826563,0.0
0.02,0,0.51,-0.0581016328010172,-0.1876557883836453,25.717979839715845,25.717979839715845
0.02,0,0.52,-0.0601218086226199,0.0497472577499307,21.434871799437857,21.434871799437857
0.02,0,0.53,-0.0571066876460186,0.2410416476051122,-2.6452877021133125,0.0
0.02,0,0.54,-0.0553009756705176,-0.0031584962923356,-23.628249698239156,0.0
0.02,0,0.55,-0.0571698575718653,-0.2315233463596713,-6.167919204616539,0.0
0.02,0,0.56,-0.0599314425977111,-0.1265168803846665,10.818627792391588,10.818627792391588
0.02,0,0.57,-0.0597001951795587,-0.0151507905118406,4.972155173869886,4.972155173869886
0.02,0,0.58,-0.0602344584079479,-0.0270737769072706,-2.5539388121376776,0.0
0.02,0,0.59,-0.0602416707177041,-0.0662295667545942,-2.9410791877145774,0.0
0.02,0,0.6,-0.0615590497430398,-0.0858953606615622,-7.74758813209197,0.0
0.02,0,0.61,-0.0619595779309353,-0.2211813293964337,-0.07472143861260072,0.0
0.02,0,0.62,-0.0659826763309685,-0.0873897894338142,22.38988925487699,22.38988925487699
0.02,0,0.63,-0.0637073737196116,0.2266164557011065,3.935102526116372,3.935102526116372
0.02,0,0.64,-0.0614503472169463,-0.0086877389114867,-15.277159537450482,0.0
0.02,0,0.65,-0.0638811284978414,-0.0789267350479034,-6.939860671292324,0.0
0.02,0,0.66,-0.0630288819179044,-0.1474849523373333,-5.466277024495865,0.0
0.02,0,0.67,-0.066830827544588,-0.1882522755378208,6.519428211529169,6.519428211529169
0.02,0,0.68,-0.0667939274286608,-0.0170963881067498,7.9824811786064505,7.9824811786064505
0.02,0,0.69,-0.067172755306723,-0.0286026519656905,-0.5020901838149392,0.0
0.02,0,0.7,-0.0673659804679746,-0.0271381917830484,-2.245752890072428,0.0
0.02,0,0.71,-0.067715519142384,-0.0735177097671391,-1.2482516243303987,0.0
0.02,0,0.72,-0.0688363346633174,-0.0521032242696564,2.3407748684237433,2.3407748684237433
0.02,0,0.73,-0.0687575836277771,-0.0267022123986642,-5.013868727222132,0.0
0.02,0,0.74,-0.0693703789112907,-0.1523805988140991,-10.118276153263787,0.0
0.02,0,0.75,-0.0718051956040591,-0.2290677354639401,6.26625743084887,6.26625743084887
0.02,0,0.76,-0.0739517336205695,-0.0270554501971216,7.794254193338054,7.794254193338054
0.02,0,0.77,-0.0723463046080015,-0.0731826515971789,-12.43384794539285,0.0
0.02,0,0.78,-0.0754153866525131,-0.2757324091049788,9.670030712806932,9.670030712806932
0.02,0,0.79,-0.0778609527901011,0.1202179626589599,42.823658685889896,42.823658685889896
0.02,0,0.8,-0.0730110273993339,0.5807407646128198,-15.569843587321971,0.0
0.02,0,0.81,-0.0662461374978447,-0.1911789090874798,-45.3883806373984,0.0
0.02,0,0.82,-0.0768346055810833,-0.327026848135151,4.261291842074689,4.261291842074689
0.02,0,0.83,-0.0727866744605476,-0.1059530722459825,7.150222343262028,7.150222343262028
0.02,0,0.84,-0.0789536670260029,-0.1840224012699103,15.067827661512142,15.067827661512142
0.02,0,0.85,-0.0764671224859458,0.1954034809842606,7.684533133283448,7.684533133283448
0.02,0,0.86,-0.0750455974063177,-0.0303317386042412,-21.663084718979242,0.0
0.02,0,0.87,-0.0770737572580306,-0.2378582133953246,-2.7833427847332874,0.0
0.02,0,0.88,-0.0798027616742242,-0.085998594298907,7.1641883209118085,7.1641883209118085
0.02,0,0.89,-0.0787937291440087,-0.0945744469770883,-0.5907213599752845,0.0
0.02,0,0.9,-0.081694250613766,-0.0978130214984127,4.5306800696551965,4.5306800696551965
0.02,0,0.91,-0.080749989573977,-0.0039608455839843,21.420316175063725,21.420316175063725
0.02,0,0.92,-0.0817734675254457,0.3305933020028622,10.04282775433175,10.04282775433175
0.02,0,0.93,-0.0741381235339197,0.1968957095026509,-40.183234707736034,0.0
0.02,0,0.94,-0.0778355533353925,-0.4730713921518488,-23.492803070309357,0.0
0.02,0,0.95,-0.0835995513769567,-0.2729603519035244,22.21033519591316,22.21033519591316
0.02,0,0.96,-0.083294760373463,-0.0288646882335852,20.871361778765234,20.871361778765234
0.02,0,0.97,-0.0841768451416284,0.1444668836717806,14.602119146821817,14.602119146821817
0.02,0,0.98,-0.0804054227000274,0.2631776947028514,1.9466596033880226,1.9466596033880226
0.02,0,0.99,-0.0789132912475714,0.1834000757395411,-2.2795344234687196,0.0
0.02,0,1.0,-0.0767374211852366,0.217587006233477,3.4186930493935868,3.4186930493935868
0.02,1,0.01,-0.0009515748033826,-0.0066947319261693,-0.29746369753464,0.0
0.02,1,0.02,-0.0010185221226443,-0.0096693689015157,-0.5241085673196852,0.0
0.02,1,0.03,-0.001144962181413,-0.017176903272563,-0.8727379561355051,0.0
0.02,1,0.04,-0.0013620601880956,-0.0271241280242258,-1.0488179992216498,0.0
0.02,1,0.05,-0.0016874447418975,-0.038153263256996,-1.3186109433493354,0.0
0.02,1,0.06,-0.0021251254532355,-0.0534963468912125,-1.6210833049314493,0.0
0.02,1,0.07,-0.0027573716797217,-0.070574929355625,-1.3832481714213989,0.0
0.02,1,0.08,-0.003536624040348,-0.0811613103196405,-1.0973166449302605,0.0
0.02,1,0.09,-0.0043805978861145,-0.0925212622542302,-1.3635223492912498,0.0
0.02,1,0.1,-0.0053870492854326,-0.1084317573054655,-1.154640487807785,0.0
0.02,1,0.11,-0.0065492330322238,-0.1156140720103859,-0.12874267251674,0.0
0.02,1,0.12,-0.0076993307256403,-0.1110066107558003,-1.1966403701438315,0.0
0.02,1,0.13,-0.0087693652473399,-0.1395468794132626,-2.2840784929097273,0.0
0.02,1,0.14,-0.0104902683139056,-0.1566881806139949,-0.46961193400650103,0.0
0.02,1,0.15,-0.0119031288596198,-0.1489391180933927,3.17059306845145,3.17059306845145
0.02,1,0.16,-0.0134690506757735,-0.0932763192449658,0.10977732684162955,0.10977732684162955
0.02,1,0.17,-0.0137686552445191,-0.1467435715565601,-5.5845784323443795,0.0
0.02,1,0.18,-0.0164039221069046,-0.2049678878918533,2.771164167042917,2.771164167042917
0.02,1,0.19,-0.0178680130023561,-0.0913202882157013,1.930042649621269,1.930042649621269
0.02,1,0.2,-0.0182303278712187,-0.1663670348994279,-7.983027614104211,0.0
0.02,1,0.21,-0.0211953537003447,-0.2509808404977854,-0.6216181921970634,0.0
0.02,1,0.22,-0.0232499446811744,-0.1787993987433687,6.91763884858535,6.91763884858535
0.02,1,0.23,-0.0247713416752121,-0.1126280635260783,0.7198856655225558,0.7198856655225558
0.02,1,0.24,-0.0255025059516959,-0.1644016854329173,-5.636724909261262,0.0
0.02,1,0.25,-0.0280593753838704,-0.2253625617113035,8.476357261443113,8.476357261443113
0.02,1,0.26,-0.030009757185922,0.0051254597959451,10.966370705220532,10.966370705220532
0.02,1,0.27,-0.0279568661879515,-0.0060351476068927,-12.627066899154753,0.0
0.02,1,0.28,-0.0301304601380599,-0.2474158781871502,-14.066112895056452,0.0
0.02,1,0.29,-0.0329051837516945,-0.2873574055080223,3.977457578702264,3.977457578702264
0.02,1,0.3,-0.0358776082482203,-0.1678667266131042,19.23018608693529,19.23018608693529
0.02,1,0.31,-0.0362625182839566,0.0972463162306838,8.346097264384138,8.346097264384138
0.02,1,0.32,-0.0339326819236066,-0.0009447813254213,-14.864057298522633,0.0
0.02,1,0.33,-0.036281413910465,-0.2000348297397691,-3.4742618330641823,0.0
0.02,1,0.34,-0.037933378518402,-0.070430017986705,-3.370161987673969,0.0
0.02,1,0.35,-0.0376900142701991,-0.2674380694932465,-14.407943063262328,0.0
0.02,1,0.36,-0.043282139908267,-0.3585888792519505,7.027629018889486,7.027629018889486
0.02,1,0.37,-0.0448617918552381,-0.1268854891154567,12.39483149872111,12.39483149872111
0.02,1,0.38,-0.0458198496905761,-0.1106922492775281,2.995599591229612,2.995599591229612
0.02,1,0.39,-0.0470756368407887,-0.0669734972908644,5.831516709011905,5.831516709011905
0.02,1,0.4,-0.0471593196363934,0.0059380849027101,0.35607794325710174,0.35607794325710174
0.02,1,0.41,-0.0469568751427345,-0.0598519384257216,-2.4531257721102975,0.0
0.02,1,0.42,-0.0483563584049079,-0.0431244305394953,-3.6389228096311825,0.0
0.02,1,0.43,-0.0478193637535244,-0.1326303946183453,4.0889330023021015,4.0889330023021015
0.02,1,0.44,-0.0510089662972748,0.0386542295065468,-1.1479944976270335,0.0
0.02,1,0.45,-0.0470462791633934,-0.155590284570886,-16.072188696656283,0.0
0.02,1,0.46,-0.0541207719886925,-0.2827895444265791,15.360460230021644,15.360460230021644
0.02,1,0.47,-0.0527020700519251,0.1516189200295432,14.446671990773503,14.446671990773503
0.02,1,0.48,-0.0510883935881016,0.0061438953888872,-2.630855601104563,0.0
0.02,1,0.49,-0.0525791921441473,0.0990018080074519,8.080251780289633,8.080251780289633
0.02,1,0.5,-0.0491083574279526,0.16774893099468,-31.803001224858633,0.0
0.02,1,0.51,-0.0492242135242537,-0.5370582164897213,-30.68182832731371,0.0
0.02,1,0.52,-0.059849521757747,-0.4458876355515948,33.55744959034156,33.55744959034156
0.02,1,0.53,-0.0581419662352856,0.1340907753171105,17.986375330694987,17.986375330694987
0.02,1,0.54,-0.0571677062514048,-0.0861601289376947,-13.457800355445508,0.0
0.02,1,0.55,-0.0598651688140395,-0.1350652317917999,11.237932484237666,11.237932484237666
0.02,1,0.56,-0.0598690108872408,0.1385985207470588,2.2913935198945126,2.2913935198945126
0.02,1,0.57,-0.0570931983990984,-0.0892373613939043,-17.988165401449695,0.0
0.02,1,0.58,-0.061653758115119,-0.2211647872819324,6.316298989225309,6.316298989225309
0.02,1,0.59,-0.061516494144737,0.037088618390602,11.89977905692859,11.89977905692859
0.02,1,0.6,-0.0609119857473069,0.0168307938566396,-7.454666027187728,0.0
0.02,1,0.61,-0.0611798782676042,-0.1120047021531527,-3.319399330599697,0.0
0.02,1,0.62,-0.06315207979037,-0.0495571927553544,-4.782400173173436,0.0
0.02,1,0.63,-0.0621710221227113,-0.2076527056166215,-10.855520416701205,0.0
0.02,1,0.64,-0.0673051339027024,-0.2666676010893787,24.008322037591135,24.008322037591135
0.02,1,0.65,-0.0675043741444989,0.2725137351352016,23.44582015436638,23.44582015436638
0.02,1,0.66,-0.0618548591999984,0.2022488019979493,-24.419121759260264,0.0
0.02,1,0.67,-0.0634593981045399,-0.2158687000500041,-25.145697263264474,0.0
0.02,1,0.68,-0.0661722332009985,-0.3006651432673406,16.54840941184463,16.54840941184463
0.02,1,0.69,-0.0694727009698867,0.1150994881868814,7.591209955862014,7.591209955862014
0.02,1,0.7,-0.0638702434372608,-0.1488409441501086,-15.910348041636452,0.0
0.02,1,0.71,-0.0724495198528889,-0.2031074726458479,14.810457626613221,14.810457626613221
0.02,1,0.72,-0.0679323928901777,0.1473682083821561,3.6314402661001823,3.6314402661001823
0.02,1,0.73,-0.0695021556852457,-0.1304786673238442,-16.754415135823457,0.0
0.02,1,0.74,-0.0705419662366546,-0.1877200943343133,-0.27750464882963044,0.0
0.02,1,0.75,-0.073256557571932,-0.1360287603004368,12.59022837145734,12.59022837145734
0.02,1,0.76,-0.0732625414426633,0.0640844730948337,6.18650627813834,6.18650627813834
0.02,1,0.77,-0.0719748681100353,-0.0122986347376699,-15.255855203323536,0.0
0.02,1,0.78,-0.0735085141374167,-0.2410326309716373,7.894111199742917,7.894111199742917
0.02,1,0.79,-0.0767955207294681,0.1455835892571886,14.528406825973923,14.528406825973923
0.02,1,0.8,-0.070596842352273,0.0495355055478414,-18.042159266386086,0.0
0.02,1,0.81,-0.0758048106185112,-0.2152595960705334,-5.0620988559500155,0.0
0.02,1,0.82,-0.0749020342736837,-0.0517064715711632,0.6026798955566459,0.6026798955566459
0.02,1,0.83,-0.0768389400499345,-0.2032059981594041,2.7878438263199725,2.7878438263199725
0.02,1,0.84,-0.0789661542368718,0.0040504049552363,29.977310139447752,29.977310139447752
0.02,1,0.85,-0.0767579319508298,0.3963402046295514,0.17548854410868983,0.17548854410868983
0.02,1,0.86,-0.0710393501442807,0.0075601758374101,-38.0665752246086,0.0
0.02,1,0.87,-0.0766067284340816,-0.3649912998626212,-7.8499111049031285,0.0
0.02,1,0.88,-0.0783391761415332,-0.1494380462606526,13.945060909200922,13.945060909200922
0.02,1,0.89,-0.0795954893592947,-0.0860900816786025,-4.212793571380532,0.0
0.02,1,0.9,-0.0800609777751052,-0.2336939176882633,9.242661109405002,9.242661109405002
0.02,1,0.91,-0.0842693677130599,0.0987631405094977,9.467473482771297,9.467473482771297
0.02,1,0.92,-0.0780857149649153,-0.0443444480328372,-14.167978274678998,0.0
0.02,1,0.93,-0.0851562566737167,-0.1845964249840825,6.2453253691181345,6.2453253691181345
0.02,1,0.94,-0.081777643464597,0.0805620593495204,6.086680296916735,6.086680296916735
0.02,1,0.95,-0.0835450154867264,-0.0628628190457529,-13.759623438441736,0.0
0.02,1,0.96,-0.083034899845512,-0.1946304094193145,3.9559518360785866,3.9559518360785866
0.02,1,0.97,-0.0874376236751126,0.0162562176758189,20.667753037335437,20.667753037335437
0.02,1,0.98,-0.0827097754919957,0.2187246513273946,-6.35520799273158,0.0
0.02,1,0.99,-0.0830631306485647,-0.1108479421788128,-20.25425100140567,0.0
0.02,1,1.0,-0.0849267343355719,-0.1863603687007191,-7.551242652190623,0.0
0.02,2,0.01,-0.0003359770054209,-0.0045090312345822,-0.30446825345208994,0.0
0.02,2,0.02,-0.0003810673177667,-0.0075537137691031,-0.5339571707424451,0.0
0.02,2,0.03,-0.000487051280803,-0.0151881746494311,-0.9983931481256602,0.0
0.02,2,0.04,-0.0006848308107553,-0.0275215767316163,-1.390873330711155,0.0
0.02,2,0.05,-0.0010374828154353,-0.0430056412636542,-1.5349794890029451,0.0
0.02,2,0.06,-0.0015449436360284,-0.0582211665116752,-1.3489919714099297,0.0
0.02,2,0.07,-0.0022019061456688,-0.0699854806918528,-1.1150574562513547,0.0
0.02,2,0.08,-0.0029446532498655,-0.0805223156367023,-1.737776115842586,0.0
0.02,2,0.09,-0.0038123524584028,-0.1047410030087045,-0.8877924246059408,0.0
0.02,2,0.1,-0.0050394733100396,-0.0982781641288211,-1.052074627326678,0.0
0.02,2,0.11,-0.0057779157409793,-0.125782495555238,-2.0607631855609725,0.0
0.02,2,0.12,-0.0075551232211443,-0.1394934278400405,-1.7912959251659402,0.0
0.02,2,0.13,-0.0085677842977801,-0.1616084140585568,-2.1300028056812073,0.0
0.02,2,0.14,-0.0107872915023155,-0.1820934839536647,0.5369184449649671,0.5369184449649671
0.02,2,0.15,-0.0122096539768534,-0.1508700451592576,3.2905484365790407,3.2905484365790407
0.02,2,0.16,-0.0138046924055006,-0.1162825152220839,-0.6756248444402448,0.0
0.02,2,0.17,-0.0145353042812951,-0.1643825420480625,-8.391298043176846,0.0
0.02,2,0.18,-0.0170923432464619,-0.2841084760856205,-1.1444366188848356,0.0
0.02,2,0.19,-0.0202174738030075,-0.1872712744257586,17.052330060512755,17.052330060512755
0.02,2,0.2,-0.0208377687349771,0.0569381251246349,1.9043123035990082,1.9043123035990082
0.02,2,0.21,-0.0190787113005148,-0.1491850283537772,-21.38748080153232,0.0
0.02,2,0.22,-0.0238214693020526,-0.3708114909060113,-4.010268031002636,0.0
0.02,2,0.23,-0.026494941118635,-0.22939038897383,18.979646665441933,18.979646665441933
0.02,2,0.24,-0.0284092770815292,0.0087814424028269,3.223902831283022,3.223902831283022
0.02,2,0.25,-0.0263193122705785,-0.1649123323481707,-16.283268091352443,0.0
0.02,2,0.26,-0.0317075237284926,-0.3168839194242223,2.4381017619699135,2.4381017619699135
0.02,2,0.27,-0.0326569906590629,-0.1161502971087724,9.911645467206434,9.911645467206434
0.02,2,0.28,-0.0340305296706681,-0.1186510100800934,1.9392626071541854,1.9392626071541854
0.02,2,0.29,-0.0350300108606648,-0.077365044965689,5.601519360256224,5.601519360256224
0.02,2,0.3,-0.0355778305699819,-0.006620622874969,-0.3577457656259755,0.0
0.02,2,0.31,-0.0351624233181641,-0.0845199602782085,-19.183025511574183,0.0
0.02,2,0.32,-0.037268229775546,-0.390281133106453,-4.099318855357286,0.0
0.02,2,0.33,-0.0429680459802932,-0.1665063373853543,25.563009680290932,25.563009680290932
0.02,2,0.34,-0.0405983565232531,0.1209790604993661,-3.742042737360288,0.0
0.02,2,0.35,-0.0405484647703059,-0.2413471921325563,-18.51918368167466,0.0
0.02,2,0.36,-0.0454253003659043,-0.2494046131341245,14.503020911825567,14.503020911825567
0.02,2,0.37,-0.0455365570329884,0.0487132261039553,15.777442066743767,15.777442066743767
0.02,2,0.38,-0.0444510358438252,0.0661442282007511,-11.07175065325959,0.0
0.02,2,0.39,-0.0442136724689734,-0.1727217869612367,-13.722173529200738,0.0
0.02,2,0.4,-0.0479054715830499,-0.2082992423832639,-7.107323587679707,0.0
0.02,2,0.41,-0.0483796573166386,-0.3148682587148301,6.342809143416038,6.342809143416038
0.02,2,0.42,-0.0542028367573465,-0.0814430595149415,19.86908081373222,19.86908081373222
0.02,2,0.43,-0.0500085185069375,0.0825133575598147,-1.7807681398913635,0.0
0.02,2,0.44,-0.0525525696061502,-0.1170584223127688,0.07901781539456465,0.07901781539456465
0.02,2,0.45,-0.0523496869531928,0.084093713867706,12.524513339247694,12.524513339247694
0.02,2,0.46,-0.0508706953287961,0.1334318444721853,-23.637463098303435,0.0
0.02,2,0.47,-0.0496810500637491,-0.3886555480983586,-20.98686352894631,0.0
0.02,2,0.48,-0.0586438062907633,-0.2863054261067366,23.37974689244706,23.37974689244706
0.02,2,0.49,-0.0554071585858839,0.078939389750583,4.242050895190031,4.242050895190031
0.02,2,0.5,-0.0570650184957517,-0.2014644082029359,-14.597632295117553,0.0
0.02,2,0.51,-0.0594364467499426,-0.2130132561517683,11.985886202054035,11.985886202054035
0.02,2,0.52,-0.061325283618787,0.038253315838145,7.9240389455384275,7.9240389455384275
0.02,2,0.53,-0.0586713804331797,-0.0545324772409996,-13.537568786348182,0.0
0.02,2,0.54,-0.062415933163607,-0.2324980598888189,-1.531528995072668,0.0
0.02,2,0.55,-0.0633213416309561,-0.085163057142453,10.29324852113262,10.29324852113262
0.02,2,0.56,-0.0641191943064561,-0.0266330894661663,6.0722802617390945,6.0722802617390945
0.02,2,0.57,-0.0638540034202794,0.0362825480923283,5.216540403824986,5.216540403824986
0.02,2,0.58,-0.0633935433446095,0.0776977186103327,-10.999770363791392,0.0
0.02,2,0.59,-0.0623000490480728,-0.1837128591834997,-10.252300636190462,0.0
0.02,2,0.6,-0.0670678005282795,-0.1273482941134767,10.637556554235445,10.637556554235445
0.02,2,0.61,-0.0648470149303423,0.0290382719012094,3.647925459996572,3.647925459996572
0.02,2,0.62,-0.0664870350902554,-0.0543897849135452,-12.013506167395526,0.0
0.02,2,0.63,-0.0659348106286132,-0.2112318514467013,8.100306243132879,8.100306243132879
0.02,2,0.64,-0.0707116721191894,0.1076163399491125,24.49685986095074,24.49685986095074
0.02,2,0.65,-0.063782483829631,0.2787053457723139,-28.824915789767243,0.0
0.02,2,0.66,-0.0651375652037431,-0.4688819758462328,-33.08882386890041,0.0
0.02,2,0.67,-0.0731601233465556,-0.3830711316056949,22.448938681021318,22.448938681021318
0.02,2,0.68,-0.072798987835857,-0.0199032022258061,35.9017885266218,35.9017885266218
0.02,2,0.69,-0.0735581873910717,0.334964638926738,16.259455749931703,16.259455749931703
0.02,2,0.7,-0.0660996950573222,0.3052859127728222,-33.01736303962984,0.0
0.02,2,0.71,-0.0674524691356153,-0.3253826218658595,-31.45233193942679,0.0
0.02,2,0.72,-0.0726073474946394,-0.3237607260157142,3.6143102856319462,3.6143102856319462
0.02,2,0.73,-0.0739276836559296,-0.2530964161532205,10.943217989978027,10.943217989978027
0.02,2,0.74,-0.0776692758177038,-0.1048963662161535,16.816464000841293,16.816464000841293
0.02,2,0.75,-0.0760256109802526,0.0832328638636057,6.53251953028588,6.53251953028588
0.02,2,0.76,-0.0760046185404317,0.0257540243895642,-6.06670203228329,0.0
0.02,2,0.77,-0.0755105304924614,-0.0381011767820602,-15.698516772408952,0.0
0.02,2,0.78,-0.0767666420760729,-0.2882163110586151,-1.1934844849320185,0.0
0.02,2,0.79,-0.0812748567136337,-0.0619708664807006,21.825387061431158,21.825387061431158
0.02,2,0.8,-0.0780060594056869,0.1482914301700084,-1.062217189602619,0.0
0.02,2,0.81,-0.0783090281102335,-0.083215210272753,-2.945944328073388,0.0
0.02,2,0.82,-0.0796703636111419,0.0893725436085364,-7.503996393933869,0.0
0.02,2,0.83,-0.0765215772380627,-0.2332951381514352,-13.97993785804955,0.0
0.02,2,0.84,-0.0843362663741706,-0.1902262135524548,21.953414113570016,21.953414113570016
0.02,2,0.85,-0.0803261015091118,0.2057731441199655,5.607287026443551,5.607287026443551
0.02,2,0.86,-0.0802208034917713,-0.0780804730235837,-12.86625918414187,0.0
0.02,2,0.87,-0.0818877109695835,-0.0515520395628721,7.295762706841014,7.295762706841014
0.02,2,0.88,-0.0812518442830288,0.0678347811132367,4.2424350714694565,4.2424350714694565
0.02,2,0.89,-0.0805310153473188,0.0332966618665171,-11.36179001592151,0.0
0.02,2,0.9,-0.0805859110456984,-0.1594010192051937,-15.362569530306107,0.0
0.02,2,0.91,-0.0837190357314227,-0.2739547287396053,21.554554130822524,21.554554130822524
0.02,2,0.92,-0.0860650056204905,0.2716900634112571,34.112674036673475,34.112674036673475
0.02,2,0.93,-0.0782852344631975,0.4082987519938648,-21.0457811153531,0.0
0.02,2,0.94,-0.0778990305806132,-0.1492255588957953,-37.73222641116234,0.0
0.02,2,0.95,-0.0812697456411134,-0.3463457762293744,-8.849571954731474,0.0
0.02,2,0.96,-0.0848259461052007,-0.326216997990425,23.933818114236182,23.933818114236182
0.02,2,0.97,-0.0877940856009219,0.1323305860553496,24.629908652235528,24.629908652235528
0.02,2,0.98,-0.0821793343840937,0.166381175054286,-28.988042147599664,0.0
0.02,2,0.99,-0.0844664620998362,-0.4474302568966442,-41.626445863666056,0.0
0.02,2,1.0,-0.0911279395220266,-0.6661477422190359,-21.871748532239156,0.0
0.02,3,0.01,-0.0002484721233834,-0.002463572995847,-0.15979637209259995,0.0
0.02,3,0.02,-0.0002731078533418,-0.004061536716773,-0.30159833399330005,0.0
0.02,3,0.03,-0.0003297028577188,-0.008495539675713,-0.6445725785614651,0.0
0.02,3,0.04,-0.0004430186468561,-0.0169529882880023,-1.0422259811894647,0.0
0.02,3,0.05,-0.0006687626234789,-0.0293400592995023,-1.231229253556625,0.0
0.02,3,0.06,-0.0010298198328462,-0.0415775733591348,-1.4030062188442847,0.0
0.02,3,0.07,-0.0015003140906616,-0.057400183676388,-1.4542671773908449,0.0
0.02,3,0.08,-0.0021778235063739,-0.0706629169069517,-1.337082692028861,0.0
0.02,3,0.09,-0.0029135724288006,-0.0841418375169652,-1.381375094979914,0.0
0.02,3,0.1,-0.0038606602567132,-0.09829041880655,-2.1246860145038413,0.0
0.02,3,0.11,-0.0048793808049316,-0.126635557807042,-1.987868220835356,0.0
0.02,3,0.12,-0.0063933714128541,-0.1380477832232571,1.3584546387706569,1.3584546387706569
0.02,3,0.13,-0.0076403364693968,-0.0994664650316288,1.0234730884328291,1.0234730884328291
0.02,3,0.14,-0.0083827007134866,-0.1175783214546005,-3.4304505862827304,0.0
0.02,3,0.15,-0.0099919028984888,-0.1680754767572833,-1.3016603416059773,0.0
0.02,3,0.16,-0.0117442102486323,-0.1436115282867198,-0.02872886528311369,0.0
0.02,3,0.17,-0.0128641334642232,-0.1686500540629456,-5.78480236744601,0.0
0.02,3,0.18,-0.0151172113298912,-0.2593075756356398,0.8408195664817857,0.8408195664817857
0.02,3,0.19,-0.018050284976936,-0.1518336627333093,7.356687127750222,7.356687127750222
0.02,3,0.2,-0.0181538845845574,-0.1121738330806352,-0.03413321498044031,0.0
0.02,3,0.21,-0.0202937616385487,-0.1525163270329179,3.5041139829880805,3.5041139829880805
0.02,3,0.22,-0.0212042111252158,-0.0420915534208732,1.0535213811125095,1.0535213811125095
0.02,3,0.23,-0.0211355927069661,-0.1314458994106677,-9.19612837442591,0.0
0.02,3,0.24,-0.0238331291134291,-0.2260141209093913,-2.935675664280099,0.0
0.02,3,0.25,-0.0256558751251539,-0.1901594126962693,12.974514492702168,12.974514492702168
0.02,3,0.26,-0.0276363173673545,0.0334761689446523,1.1174890475087107,1.1174890475087107
0.02,3,0.27,-0.0249863517462609,-0.1678096317460951,-13.307209590965028,0.0
0.02,3,0.28,-0.0309925100022764,-0.2326680228746485,10.734280096832961,10.734280096832961
0.02,3,0.29,-0.0296397122037539,0.0468759701905618,-4.691256543502929,0.0
0.02,3,0.3,-0.0300549905984652,-0.3264931537447106,-15.62529139753629,0.0
0.02,3,0.31,-0.0361695752786481,-0.2656298577601643,17.784312444292684,17.784312444292684
0.02,3,0.32,-0.0353675877536685,0.0291930951411434,10.772722733199716,10.772722733199716
0.02,3,0.33,-0.0355857133758252,-0.0501754030961698,-8.420319878753013,0.0
0.02,3,0.34,-0.0363710958155919,-0.139213302433917,-0.12799548934256677,0.0
0.02,3,0.35,-0.0383699794245036,-0.0527353128830221,-5.980797873547659,0.0
0.02,3,0.36,-0.0374258020732523,-0.2588292599048716,-8.387831024802207,0.0
0.02,3,0.37,-0.043546564622601,-0.2204919333790664,7.3389077498289135,7.3389077498289135
0.02,3,0.38,-0.0418356407408336,-0.1120511049082932,0.8803687333702239,0.8803687333702239
0.02,3,0.39,-0.0457875867207669,-0.2028845587116619,8.027252246061364,8.027252246061364
0.02,3,0.4,-0.0458933319150669,0.0484939400129342,4.983638382837252,4.983638382837252
0.02,3,0.41,-0.0448177079205082,-0.1032117910549148,-5.35096949279154,0.0
0.02,3,0.42,-0.0479575677361652,-0.0585254498428953,7.280560054208239,7.280560054208239
0.02,3,0.43,-0.0459882169173661,0.0423994100292501,-8.774267153519336,0.0
0.02,3,0.44,-0.0471095795355802,-0.2340107929132822,-8.102129517672404,0.0
0.02,3,0.45,-0.0506684327756317,-0.1196431803241981,13.654871166824362,13.654871166824362
0.02,3,0.46,-0.0495024431420642,0.0390866304232053,-4.208823597807202,0.0
0.02,3,0.47,-0.0498867001671676,-0.2038196522803397,-7.481464687716922,0.0
0.02,3,0.48,-0.053578836187671,-0.110542663331131,7.749418074077806,7.749418074077806
0.02,3,0.49,-0.0520975534337902,-0.0488312907987835,-7.621350245722763,0.0
0.02,3,0.5,-0.0545554620036466,-0.2629696682455864,2.7876430397764222,2.7876430397764222
0.02,3,0.51,-0.057356946798702,0.006921569996745,19.88653713267132,19.88653713267132
0.02,3,0.52,-0.0544170306037117,0.1347610744078404,-9.684180183498801,0.0
0.02,3,0.53,-0.0546617253105452,-0.1867620336732312,-12.838916600878665,0.0
0.02,3,0.54,-0.0581522712771764,-0.1220172576097331,10.38098179718926,10.38098179718926
0.02,3,0.55,-0.0571020704627398,0.0208576022705542,-0.26126197613678404,0.0
0.02,3,0.56,-0.0577351192317653,-0.1272424971324688,-13.18768425825114,0.0
0.02,3,0.57,-0.0596469204053892,-0.2428960828944677,6.3403178771495545,6.3403178771495545
0.02,3,0.58,-0.0625930408896546,-0.0004361395894743,13.522315751964815,13.522315751964815
0.02,3,0.59,-0.0596556431971787,0.0275502321448288,1.8408394506953285,1.8408394506953285
0.02,3,0.6,-0.062042036246758,0.0363806494244323,-5.897356778050955,0.0
0.02,3,0.61,-0.05892803020869,-0.0903969034161904,-14.53574606085842,0.0
0.02,3,0.62,-0.0638499743150819,-0.2543342717927364,12.773263486130844,12.773263486130844
0.02,3,0.63,-0.0640147156445447,0.1650683663064267,9.194871230283056,9.194871230283056
0.02,3,0.64,-0.0605486069889533,-0.0704368471870751,-21.64947285636081,0.0
0.02,3,0.65,-0.0654234525882863,-0.2679210908207898,-8.12767101978759,0.0
0.02,3,0.66,-0.0659070288053691,-0.232990267582827,16.042650866443747,16.042650866443747
0.02,3,0.67,-0.0700832579399428,0.0529319265080854,15.432748360309352,15.432748360309352
0.02,3,0.68,-0.0648483902752074,0.0756646996233603,-16.240242962594667,0.0
0.02,3,0.69,-0.0685699639474755,-0.2718729327438023,-8.433034099409626,0.0
0.02,3,0.7,-0.0702858489300834,-0.0929959823648256,9.731018268209962,9.731018268209962
0.02,3,0.71,-0.070429883594772,-0.0772525673796029,7.984874926533538,7.984874926533538
0.02,3,0.72,-0.0718309002776755,0.0667015161658453,10.618653005485065,10.618653005485065
0.02,3,0.73,-0.0690958532714551,0.1351204927300986,-8.905516301946928,0.0
0.02,3,0.74,-0.0691284904230735,-0.1114088098730934,-8.752587469639307,0.0
0.02,3,0.75,-0.071324029468917,-0.0399312566626877,-0.05010682173270009,0.0
0.02,3,0.76,-0.0699271155563273,-0.1124109463077474,-4.283385390632636,0.0
0.02,3,0.77,-0.0735722483950719,-0.1255989644753405,6.573766749545899,6.573766749545899
0.02,3,0.78,-0.0724390948458341,0.0190643886831707,-2.179218640755699,0.0
0.02,3,0.79,-0.0731909606214085,-0.1691833372904545,-4.377252825197381,0.0
0.02,3,0.8,-0.0758227615916432,-0.068480667820777,0.6890354999334001,0.6890354999334001
0.02,3,0.81,-0.074560573977824,-0.1554026272917865,-2.9455836590428857,0.0
0.02,3,0.82,-0.0789308141374788,-0.1273923410016357,0.4577201560992439,0.4577201560992439
0.02,3,0.83,-0.0771084207978567,-0.1462482241698022,1.0649360038941902,1.0649360038941902
0.02,3,0.84,-0.0818557786208749,-0.1060936209237519,29.95203280138354,29.95203280138354
0.02,3,0.85,-0.0792302932163317,0.4527924318578691,0.11234302192732937,0.11234302192732937
0.02,3,0.86,-0.0727999299837175,-0.1038467604852053,-41.686569078182615,0.0
0.02,3,0.87,-0.0813072284260359,-0.3809389497057838,15.396220530598217,15.396220530598217
0.02,3,0.88,-0.0804187089778331,0.2040776501267593,17.4421653867311,17.4421653867311
0.02,3,0.89,-0.0772256754235007,-0.0320956419711615,-23.680616379507377,0.0
0.02,3,0.9,-0.0810606218172564,-0.2695346774633886,4.9262449495557705,4.9262449495557705
0.02,3,0.91,-0.0826163689727684,0.066429257019954,11.473463821898365,11.473463821898365
0.02,3,0.92,-0.0797320366768573,-0.0400654010254211,-16.364833161449372,0.0
0.02,3,0.93,-0.0834176769932769,-0.2608674062090337,5.773412472744191,5.773412472744191
0.02,3,0.94,-0.084949384801038,0.075402848429456,23.244056180471475,23.244056180471475
0.02,3,0.95,-0.0819096200246877,0.2040137174003913,-6.04462660010085,0.0
0.02,3,0.96,-0.0808691104530301,-0.0454896835725611,-19.06033172534503,0.0
0.02,3,0.97,-0.0828194136961389,-0.1771929171065096,-8.366680170222452,0.0
0.02,3,0.98,-0.0844129687951603,-0.2128232869770103,5.140933190826711,5.140933190826711
0.02,3,0.99,-0.0870758794356791,-0.0743742532899753,16.51829222244703,16.51829222244703
0.02,3,1.0,-0.0859004538609598,0.1175425574719306,19.191681076190573,19.191681076190573
0.02,4,0.01,-0.0002460098222063,-0.00319756935973,-0.23009817915354003,0.0
0.02,4,0.02,-0.0002779855158036,-0.0054985511512654,-0.44775716913256514,0.0
0.02,4,0.03,-0.0003559808452316,-0.0121527127423813,-0.951131063624695,0.0
0.02,4,0.04,-0.0005210397706512,-0.0245211724237593,-1.2902360228169596,0.0
0.02,4,0.05,-0.0008464042937067,-0.0379574331987205,-1.4398489442549653,0.0
0.02,4,0.06,-0.0012801884346256,-0.0533181513088586,-1.7636678987238694,0.0
0.02,4,0.07,-0.0019127673198839,-0.0732307911731979,-1.961559736955115,0.0
0.02,4,0.08,-0.0027448042580895,-0.0925493460479609,-1.442847065906581,0.0
0.02,4,0.09,-0.0037637542408431,-0.1020877324913295,-0.4744351958564357,0.0
0.02,4,0.1,-0.0047865589079161,-0.1020380499650896,-0.6615013212560514,0.0
0.02,4,0.11,-0.0058045152401449,-0.1153177589164505,-1.0916969969050054,0.0
0.02,4,0.12,-0.0070929140862451,-0.1238719899031897,-1.1335081972436232,0.0
0.02,4,0.13,-0.0082819550382087,-0.137987922861323,-2.5743342201063815,0.0
0.02,4,0.14,-0.0098526725434716,-0.1753586743053174,-0.07720697416996902,0.0
0.02,4,0.15,-0.0117891285243151,-0.1395320623447226,3.3654292887051174,3.3654292887051174
0.02,4,0.16,-0.0126433137903661,-0.1080500885312151,2.431630496768138,2.431630496768138
0.02,4,0.17,-0.0139501302949394,-0.0908994524093598,-4.571196168013559,0.0
0.02,4,0.18,-0.0144613028385533,-0.1994740118914859,-9.88261806755052,0.0
0.02,4,0.19,-0.0179396105327691,-0.2885518137603701,2.9378482367126564,2.9378482367126564
0.02,4,0.2,-0.0202323391137607,-0.1407170471572327,9.003310840009423,9.003310840009423
0.02,4,0.21,-0.0207539514759138,-0.1084855969601814,0.7828598823574389,0.7828598823574389
0.02,4,0.22,-0.0224020510529643,-0.1250598495100841,-8.033168852523193,0.0
0.02,4,0.23,-0.0232551484661154,-0.2691489740106454,-8.283697040096268,0.0
0.02,4,0.24,-0.0277850305331772,-0.2907337903120097,11.12570722090986,11.12570722090986
0.02,4,0.25,-0.0290698242723556,-0.0466348295924476,13.452529288023253,13.452529288023253
0.02,4,0.26,-0.0287177271250261,-0.0216832045515444,-9.057433391888452,0.0
0.02,4,0.27,-0.0295034883633865,-0.2277834974302168,-7.7303215487758825,0.0
0.02,4,0.28,-0.0332733970736305,-0.1762896355270622,7.899328125200995,7.899328125200995
0.02,4,0.29,-0.0330292810739278,-0.0697969349261975,-5.7029011772165195,0.0
0.02,4,0.3,-0.0346693357721544,-0.2903476590713942,-6.993494095598869,0.0
0.02,4,0.31,-0.0388362342553557,-0.209666816838175,11.74414725549269,11.74414725549269
0.02,4,0.32,-0.038862672108918,-0.0554647139615402,9.179961374215104,9.179961374215104
0.02,4,0.33,-0.0399455285345865,-0.0260675893538728,9.673199434068078,9.673199434068078
0.02,4,0.34,-0.0393840238959954,0.1379992747198215,-9.328951570427122,0.0
0.02,4,0.35,-0.0371855430401901,-0.212646620762412,-26.184213399455988,0.0
0.02,4,0.36,-0.0436369563112437,-0.3856849932692963,12.917166555910494,12.917166555910494
0.02,4,0.37,-0.044899242905576,0.0456967103557981,12.02381962605415,12.02381962605415
0.02,4,0.38,-0.0427230221041277,-0.1452086007482131,-15.944447012293786,0.0
0.02,4,0.39,-0.0478034149205403,-0.2731922298900779,5.331604550299565,5.331604550299565
0.02,4,0.4,-0.0481868667019293,-0.0385765097422217,3.682933021775721,3.682933021775721
0.02,4,0.41,-0.0485749451153847,-0.1995335694545614,-2.6074973710821796,0.0
0.02,4,0.42,-0.0521775380910205,-0.0907264571638637,10.446915233958052,10.446915233958052
0.02,4,0.43,-0.050389474258662,0.0094047352245998,0.8029083236122041,0.8029083236122041
0.02,4,0.44,-0.0519894433865285,-0.0746682906916196,-2.808025324408218,0.0
0.02,4,0.45,-0.0518828400724944,-0.0467557712635646,-7.835578081545748,0.0
0.02,4,0.46,-0.0529245588117998,-0.2313798523225347,-4.9903943766459244,0.0
0.02,4,0.47,-0.056510437118945,-0.1465636587964844,15.814950993989935,15.814950993989935
0.02,4,0.48,-0.0558558319877295,0.0849191675572642,4.135707668409976,4.135707668409976
0.02,4,0.49,-0.0548120537677997,-0.0638495054282848,-19.215200374743404,0.0
0.02,4,0.5,-0.0571328220962952,-0.2993848399376042,3.9563900792260513,3.9563900792260513
0.02,4,0.51,-0.0607997505665518,0.0152782961562363,23.864466350103882,23.864466350103882
0.02,4,0.52,-0.0568272561731705,0.1779044870644739,-8.049805844656213,0.0
0.02,4,0.53,-0.0572416608252623,-0.1457178207368881,-10.782812293659145,0.0
0.02,4,0.54,-0.0597416125879082,-0.0377517588087092,3.4940422477524917,3.4940422477524917
0.02,4,0.55,-0.0579966960014365,-0.0758369757818382,-2.0825401968011437,0.0
0.02,4,0.56,-0.061258352103545,-0.0794025627447321,-1.377224682194008,0.0
0.02,4,0.57,-0.0595847472563312,-0.103381469425718,-10.059506466151884,0.0
0.02,4,0.58,-0.0633259814920594,-0.2805926920677706,9.289234324250252,9.289234324250252
0.02,4,0.59,-0.0651966010976866,0.0824032170592872,19.74703783113921,19.74703783113921
0.02,4,0.6,-0.0616779171508737,0.1143480645550139,-11.135865678181265,0.0
0.02,4,0.61,-0.0629096398065864,-0.1403140965043383,-21.995698418015987,0.0
0.02,4,0.62,-0.0644841990809604,-0.3255659038053062,-6.455096775971911,0.0
0.02,4,0.63,-0.0694209578826925,-0.2694160320237766,18.48256595124991,18.48256595124991
0.02,4,0.64,-0.069872519721436,0.0440854152196923,6.999589129657229,6.999589129657229
0.02,4,0.65,-0.0685392495782986,-0.1294242494306319,0.09890261385818455,0.09890261385818455
0.02,4,0.66,-0.0724610047100486,0.046063467496856,21.220227135444848,21.220227135444848
0.02,4,0.67,-0.0676179802283615,0.2949802932782654,0.8013286205617245,0.8013286205617245
0.02,4,0.68,-0.0665613988444833,0.0620900399080905,-13.713700745172908,0.0
0.02,4,0.69,-0.0663761794301997,0.0207062783748064,-4.7503436085742345,0.0
0.02,4,0.7,-0.0661472732769872,-0.0329168322633939,-18.248770318018394,0.0
0.02,4,0.71,-0.0670345160754676,-0.3442691279855618,-15.931397617171783,0.0
0.02,4,0.72,-0.0730326558366984,-0.3515447846068298,26.04326099225762,26.04326099225762
0.02,4,0.73,-0.0740654117676042,0.176596091859591,20.91767408941976,20.91767408941976
0.02,4,0.74,-0.0695007339995066,0.0668086971815657,-26.844828461206504,0.0
0.02,4,0.75,-0.0727292378239728,-0.3603004773645395,-0.018026076715234485,0.0
0.02,4,0.76,-0.0767067435467974,0.066448175647261,32.71759096884856,32.71759096884856
0.02,4,0.77,-0.0714002743110276,0.2940513420124322,-14.265774010524254,0.0
0.02,4,0.78,-0.0708257167065487,-0.2188673045632243,-28.514938748807015,0.0
0.02,4,0.79,-0.0757776204022921,-0.2762474329637086,0.7425938835112103,0.7425938835112103
0.02,4,0.8,-0.0763506653658229,-0.2040154268930001,16.018581231001935,16.018581231001935
0.02,4,0.81,-0.0798579289401521,0.0441241916563304,8.672274168919595,8.672274168919595
0.02,4,0.82,-0.0754681815326964,-0.0305699435146054,-15.504808777842971,0.0
0.02,4,0.83,-0.0804693278104443,-0.2659719839005294,5.856507449974759,5.856507449974759
0.02,4,0.84,-0.080787621210707,0.0865602054848899,11.881522379784295,11.881522379784295
0.02,4,0.85,-0.0787381237007465,-0.0283415363048433,-9.787240036362185,0.0
0.02,4,0.86,-0.0813544519368039,-0.109184595242354,3.103022988666062,3.103022988666062
0.02,4,0.87,-0.0809218156055936,0.033718923468478,3.787846870422216,3.787846870422216
0.02,4,0.88,-0.0806800734674343,-0.0334276578339096,-12.44271836010141,0.0
0.02,4,0.89,-0.0815903687622718,-0.2151354437335504,8.371123723468807,8.371123723468807
0.02,4,0.9,-0.0849827823421053,0.1339948166354667,10.023673101386072,10.023673101386072
0.02,4,0.91,-0.0789104724295625,-0.0146619817058288,-19.375587935615336,0.0
0.02,4,0.92,-0.0852760219762219,-0.2535169420768404,2.246960220413233,2.246960220413233
0.02,4,0.93,-0.0839808112710993,0.0302772227024359,23.84351514044868,23.84351514044868
0.02,4,0.94,-0.0846704775221732,0.223353360732132,5.319531461365704,5.319531461365704
0.02,4,0.95,-0.0795137440564566,0.1366678519297464,-30.847549168354895,0.0
0.02,4,0.96,-0.0819371204835782,-0.3935976226349664,-25.954603687092504,0.0
0.02,4,0.97,-0.087385696509156,-0.3824242218121041,18.792748769627714,18.792748769627714
0.02,4,0.98,-0.0895856049198203,-0.0177426472424118,31.599280819486413,31.599280819486413
0.02,4,0.99,-0.0877405494540042,0.2495613945776247,16.61799449080239,16.61799449080239
0.02,4,1.0,-0.0845943770282678,0.3146172425736362,6.505584799601147,6.505584799601147
0.02,5,0.01,-0.0001649138369231,-0.0014962498428392,-0.09543011089658,0.0
0.02,5,0.02,-0.0001798763353515,-0.002450550951805,-0.20292048525093007,0.0
0.02,5,0.03,-0.0002139248559592,-0.0055546595478578,-0.445355225381985,0.0
0.02,5,0.04,-0.0002909695263087,-0.0113576554594447,-0.7314192164194998,0.0
0.02,5,0.05,-0.0004410779651481,-0.0201830438762478,-0.9388389990933853,0.0
0.02,5,0.06,-0.0006946304038336,-0.0301344354413124,-1.1156891321280045,0.0
0.02,5,0.07,-0.0010437666739744,-0.0424968265188079,-1.43984427708624,0.0
0.02,5,0.08,-0.0015445669342098,-0.0589313209830372,-1.1609773113856954,0.0
0.02,5,0.09,-0.0022223930936351,-0.0657163727465218,-0.7607593591842448,0.0
0.02,5,0.1,-0.0028588943891402,-0.0741465081667221,-1.5206579684057315,0.0
0.02,5,0.11,-0.0037053232569695,-0.0961295321146364,-1.3717608185785308,0.0
0.02,5,0.12,-0.0047814850314329,-0.1015817245382927,-0.6701349740365243,0.0
0.02,5,0.13,-0.0057369577477354,-0.1095322315953669,1.0351754529098889,1.0351754529098889
0.02,5,0.14,-0.0069721296633403,-0.0808782154800949,-1.6055311502568426,0.0
0.02,5,0.15,-0.0073545220573373,-0.1416428546005035,-4.031058614966798,0.0
0.02,5,0.16,-0.0098049867553504,-0.1614993877794307,2.4101495613834123,2.4101495613834123
0.02,5,0.17,-0.0105845098129259,-0.0934398633728352,5.5198059091855605,5.5198059091855605
0.02,5,0.18,-0.0116737840228071,-0.0511032695957195,-2.9187610638350154,0.0
0.02,5,0.19,-0.0116065752048403,-0.1518150846495359,-5.7237715567332295,0.0
0.02,5,0.2,-0.0147100857157978,-0.1655787007303842,1.9042267493401992,1.9042267493401992
0.02,5,0.21,-0.014918149219448,-0.1137305496627321,-3.8750281058310883,0.0
0.02,5,0.22,-0.0169846967090524,-0.2430792628470064,-3.6742933964649964,0.0
0.02,5,0.23,-0.0197797344763881,-0.1872164175920321,6.46376779779609,6.46376779779609
0.02,5,0.24,-0.0207290250608931,-0.1138039068910847,2.083011857769031,2.083011857769031
0.02,5,0.25,-0.0220558126142098,-0.1455561804366518,1.9152322110552586,1.9152322110552586
0.02,5,0.26,-0.0236401486696261,-0.0754992626699795,3.220197813995938,3.220197813995938
0.02,5,0.27,-0.0235657978676094,-0.081152224156733,-3.8283758779759514,0.0
0.02,5,0.28,-0.0252631931527608,-0.1520667802294986,-6.803069446330217,0.0
0.02,5,0.29,-0.0266071334721994,-0.2172136130833371,-3.400659290000408,0.0
0.02,5,0.3,-0.0296074654144275,-0.2200799660295063,2.8138881178785713,2.8138881178785713
0.02,5,0.31,-0.0310087327927895,-0.1609358507257656,2.301070848152399,2.301070848152399
0.02,5,0.32,-0.0328261824289428,-0.1740585490664583,-2.1465370348943313,0.0
0.02,5,0.33,-0.0344899037741187,-0.2038665914236523,1.087741030579978,1.087741030579978
0.02,5,0.34,-0.0369035142574159,-0.1523037284548587,10.235098280587602,10.235098280587602
0.02,5,0.35,-0.0375359783432159,0.0008353741880988,5.587727988383387,5.587727988383387
0.02,5,0.36,-0.0368868067736539,-0.0405491686871923,-3.7314901912599017,0.0
0.02,5,0.37,-0.0383469617169597,-0.0737944296370993,0.4760131677441697,0.4760131677441697
0.02,5,0.38,-0.0383626953663959,-0.0310289053323089,-3.024856925215632,0.0
0.02,5,0.39,-0.0389675398236059,-0.134291568141412,-11.818172656602869,0.0
0.02,5,0.4,-0.0410485267292242,-0.2673923584643665,-1.287484339899022,0.0
0.02,5,0.41,-0.0443153869928932,-0.1600412549393937,13.196001837016862,13.196001837016862
0.02,5,0.42,-0.044249351828012,-0.0034723217240295,0.04266327577511486,0.04266327577511486
0.02,5,0.43,-0.0443848334273738,-0.1591879894238914,-9.536503442041791,0.0
0.02,5,0.44,-0.0474331116164898,-0.1942023905648655,3.035694562833277,3.035694562833277
0.02,5,0.45,-0.0482688812386711,-0.0984740981672258,12.223758805023184,12.223758805023184
0.02,5,0.46,-0.0494025935798344,0.0502727855355984,1.9365153537830513,1.9365153537830513
0.02,5,0.47,-0.0472634255279591,-0.0597437910915634,-14.308557966032879,0.0
0.02,5,0.48,-0.0505974694016657,-0.235898373785059,4.823869499125601,4.823869499125601
0.02,5,0.49,-0.0519813930036603,0.0367335988909487,8.478651709670608,8.478651709670608
0.02,5,0.5,-0.0498627974238467,-0.0663253395916467,-16.150978377819076,0.0
0.02,5,0.51,-0.0533078997954933,-0.2862859686654331,1.3316771045787739,1.3316771045787739
0.02,5,0.52,-0.0555885167971554,-0.0396917975000712,30.835422348725736,30.835422348725736
0.02,5,0.53,-0.0541017357454947,0.3304224783090821,-13.120544254562448,0.0
0.02,5,0.54,-0.0489800672309737,-0.3021026825913204,-35.048055982651604,0.0
0.02,5,0.55,-0.0601437893973211,-0.3705386413439506,18.20061148611736,18.20061148611736
0.02,5,0.56,-0.0563908400578527,0.0619095471310271,16.31847004583513,16.31847004583513
0.02,5,0.57,-0.0589055984547005,-0.0441692404272435,-4.948002230800375,0.0
0.02,5,0.58,-0.0572742248663976,-0.0370504974849787,3.465195546645407,3.465195546645407
0.02,5,0.59,-0.0596466084044001,0.0251346705056647,-4.60796769438525,0.0
0.02,5,0.6,-0.0567715314562843,-0.1292098513726838,-2.3942292927892233,0.0
0.02,5,0.61,-0.0622308054318537,-0.0227499153501198,11.995808970116169,11.995808970116169
0.02,5,0.62,-0.0572265297632867,0.1107063280296398,-12.723668652746488,0.0
0.02,5,0.63,-0.0600166788712609,-0.2772232884050498,-20.531305644810935,0.0
0.02,5,0.64,-0.0627709955313877,-0.2999197848665793,17.134631058204853,17.134631058204853
0.02,5,0.65,-0.0660150745685925,0.0654693327590476,19.41108789020298,19.41108789020298
0.02,5,0.66,-0.0614616088762067,0.0883019729374807,-11.036929067139056,0.0
0.02,5,0.67,-0.0642490351098429,-0.1552692485837337,-9.814902192960492,0.0
0.02,5,0.68,-0.0645669938478814,-0.1079960709217293,11.66178347586621,11.66178347586621
0.02,5,0.69,-0.0664089565282775,0.0779664209335879,-1.483331205475709,0.0
0.02,5,0.7,-0.0630076654292096,-0.1376626950312478,-12.670288125149705,0.0
0.02,5,0.71,-0.0691622104289024,-0.1754393415694064,16.271394202210892,16.271394202210892
0.02,5,0.72,-0.0665164522605977,0.1877651890129703,0.8589472356476993,0.8589472356476993
0.02,5,0.73,-0.065406906648643,-0.1582603968564524,-19.92264794619716,0.0
0.02,5,0.74,-0.0696816601977268,-0.2106877699109732,19.58580969775088,19.58580969775088
0.02,5,0.75,-0.0696206620468625,0.2334557970985655,0.22454524497772432,0.22454524497772432
0.02,5,0.76,-0.0650125442557554,-0.2061968650114187,-28.983072654355706,0.0
0.02,5,0.77,-0.0737445993470909,-0.3462056559885491,13.18358174842625,13.18358174842625
0.02,5,0.78,-0.0719366573755264,0.0574747699571065,16.861181713576457,16.861181713576457
0.02,5,0.79,-0.0725951039479487,-0.0089820217170197,-0.34737825450368476,0.0
0.02,5,0.8,-0.0721162978098668,0.0505272048670328,-6.148416214264495,0.0
0.02,5,0.81,-0.0715845598506081,-0.1319503460023097,-6.561852842044431,0.0
0.02,5,0.82,-0.074755304729913,-0.0807098519738578,11.09085004277493,11.09085004277493
0.02,5,0.83,-0.0731987568900852,0.0898666548531892,-9.837561542046862,0.0
0.02,5,0.84,-0.0729579716328492,-0.2774610828147952,-17.27140399718126,0.0
0.02,5,0.85,-0.0787479785463811,-0.2555614250904363,16.059171299465575,16.059171299465575
0.02,5,0.86,-0.0780692001346579,0.0437223431745166,16.552553823627996,16.552553823627996
0.02,5,0.87,-0.0778735316828908,0.0754896513821239,13.200596747511337,13.200596747511337
0.02,5,0.88,-0.0765594071070154,0.3077342781247436,3.939253219250836,3.939253219250836
0.02,5,0.89,-0.0717188461203959,0.1542747157671407,-35.70790840987975,0.0
0.02,5,0.9,-0.0734739127916726,-0.406423890072852,-7.502028979939033,0.0
0.02,5,0.91,-0.0798473239218529,0.0042341361683599,28.770318500863304,28.770318500863304
0.02,5,0.92,-0.0733892300683054,0.1689824799444146,-15.168780864993161,0.0
0.02,5,0.93,-0.0764676743229646,-0.2991414811315036,-20.42919287001279,0.0
0.02,5,0.94,-0.0793720596909355,-0.2396013774558452,6.488760764496364,6.488760764496364
0.02,5,0.95,-0.0812597018720815,-0.1693662658415768,11.94793446981947,11.94793446981947
0.02,5,0.96,-0.082759385007767,-0.0006426880594556,6.949871087584749,6.949871087584749
0.02,5,0.97,-0.0812725556332706,-0.0303688440898817,-1.7664713856859284,0.0
0.02,5,0.98,-0.0833667618895646,-0.0359721157731742,8.362123734143077,8.362123734143077
0.02,5,0.99,-0.0819919979487341,0.13687363059298,8.612149143804043,8.612149143804043
0.02,5,1.0,-0.080629289277705,0.1362708671029068,-0.06027634900731821,0.0
0.02,6,0.01,-0.0003631904682261,-0.0039761674030237,-0.23561681812652993,0.0
0.02,6,0.02,-0.0004029521422563,-0.006332335584289,-0.42262901504530015,0.0
0.02,6,0.03,-0.0004898371799118,-0.0124287477039297,-0.816770335543155,0.0
0.02,6,0.04,-0.0006515270963349,-0.0226677422951521,-1.2548847946488495,0.0
0.02,6,0.05,-0.0009431920258149,-0.0375264435969067,-1.5975010294474754,0.0
0.02,6,0.06,-0.001402055968273,-0.0546177628841016,-1.4501779283401097,0.0
0.02,6,0.07,-0.0020355472834969,-0.0665300021637089,-1.4870263109905308,0.0
0.02,6,0.08,-0.0027326560115472,-0.0843582891039122,-1.745396413421516,0.0
0.02,6,0.09,-0.0037227130655752,-0.1014379304321392,0.2103208759259383,0.2103208759259383
0.02,6,0.1,-0.00476141462019,-0.0801518715853934,-1.918654085259985,0.0
0.02,6,0.11,-0.005325750497283,-0.1398110121373388,-3.170496266407037,0.0
0.02,6,0.12,-0.0075576348629368,-0.1435617969135341,1.273323327623313,1.273323327623313
0.02,6,0.13,-0.0081969864355537,-0.1143445455848725,-0.23005033321836432,0.0
0.02,6,0.14,-0.0098445257746342,-0.1481628035779014,-3.0323569886323707,0.0
0.02,6,0.15,-0.0111602425071117,-0.1749916853575199,0.36826801949954735,0.36826801949954735
0.02,6,0.16,-0.0133443594817846,-0.1407974431879103,4.425266958545017,4.425266958545017
0.02,6,0.17,-0.0139761913708699,-0.0864863461866195,-4.0776943980280445,0.0
0.02,6,0.18,-0.015074086405517,-0.2223513311484706,-9.331646365718973,0.0
0.02,6,0.19,-0.0184232179938394,-0.2731192735009986,4.070584928614006,4.070584928614006
0.02,6,0.2,-0.020536471875537,-0.1409396325761904,8.872016276598863,8.872016276598863
0.02,6,0.21,-0.0212420106453632,-0.0956789479690212,0.07830264224729788,0.07830264224729788
0.02,6,0.22,-0.0224500508349174,-0.1393735797312447,-2.433947154004743,0.0
0.02,6,0.23,-0.0240294822399881,-0.1443578910491161,0.20146521888395696,0.20146521888395696
0.02,6,0.24,-0.0253372086558997,-0.1353442753535656,-6.225792747161888,0.0
0.02,6,0.25,-0.0267363677470594,-0.2688737459923542,-9.858932007453383,0.0
0.02,6,0.26,-0.0307146835757468,-0.3325229155026334,4.136097975831607,4.136097975831607
0.02,6,0.27,-0.0333868260571121,-0.186151786475722,15.695873466432884,15.695873466432884
0.02,6,0.28,-0.0344377193052613,-0.0186054461739755,6.744987549181882,6.744987549181882
0.02,6,0.29,-0.0337589349805916,-0.0512520354920835,-7.694118977085405,0.0
0.02,6,0.3,-0.0354627600151029,-0.1724878257156838,-9.690034282865806,0.0
0.02,6,0.31,-0.0372086914949052,-0.2450527211493998,-3.7455876361487253,0.0
0.02,6,0.32,-0.0403638144380909,-0.2473995784386584,5.073680165141837,5.073680165141837
0.02,6,0.33,-0.0421566830636784,-0.143579117846563,14.391975801734173,14.391975801734173
0.02,6,0.34,-0.0432353967950222,0.0404399375960253,5.527814504688623,5.527814504688623
0.02,6,0.35,-0.0413478843117579,-0.0330228277527893,-13.141682008947596,0.0
0.02,6,0.36,-0.043895853350078,-0.2223937025829268,-6.438165184500703,0.0
0.02,6,0.37,-0.0457957583634165,-0.1617861314428035,4.8798529320940505,4.8798529320940505
0.02,6,0.38,-0.0471315759789341,-0.1247966439410457,4.616750029767974,4.616750029767974
0.02,6,0.39,-0.0482916912422374,-0.0694511308474439,-3.6550864948118074,0.0
0.02,6,0.4,-0.048520598595883,-0.1978983738372819,1.1768664194011502,1.1768664194011502
0.02,6,0.41,-0.052249658718983,-0.0459138024594225,1.4804440848560976,1.4804440848560976
0.02,6,0.42,-0.0494388746450714,-0.1682894921401616,-0.3312273319785448,0.0
0.02,6,0.43,-0.0556154485617862,-0.0525383490989934,13.636587708639118,13.636587708639118
0.02,6,0.44,-0.0504896416270513,0.104442262032621,-13.110329494234,0.0
0.02,6,0.45,-0.0535266033211338,-0.3147449389836736,-16.393235855702983,0.0
0.02,6,0.46,-0.0567845404067247,-0.223422455081439,20.704097667996095,20.704097667996095
0.02,6,0.47,-0.0579950524227626,0.0993370143762462,23.543760865316532,23.543760865316532
0.02,6,0.48,-0.0547978001191998,0.2474527622248898,-15.50387187192764,0.0
0.02,6,0.49,-0.0530459971782648,-0.2107404230623069,-30.574647228651145,0.0
0.02,6,0.5,-0.0590126085804459,-0.3640401823481336,22.82902501779196,22.82902501779196
0.02,6,0.51,-0.0603268008252275,0.2458400772935327,15.966561132430211,15.966561132430211
0.02,6,0.52,-0.0540958070345753,-0.0447089596995291,-32.62149288970381,0.0
0.02,6,0.53,-0.061220980019218,-0.406589780500544,2.215444553629498,2.215444553629498
0.02,6,0.54,-0.0622276026445862,-0.0004000686269391,16.60753240284017,16.60753240284017
0.02,6,0.55,-0.0612289813917568,-0.0744391324437403,10.779570425724092,10.779570425724092
0.02,6,0.56,-0.063716385293461,0.2151913398875429,5.088080237171198,5.088080237171198
0.02,6,0.57,-0.0569251545940061,0.0273224722996885,-19.629554587623847,0.0
0.02,6,0.58,-0.0631699358474674,-0.1773997518649324,-11.312944857549201,0.0
0.02,6,0.59,-0.0604731496313047,-0.1989364248512957,-4.271142562887782,0.0
0.02,6,0.6,-0.0671486643444933,-0.2628226031226881,6.991562547436599,6.991562547436599
0.02,6,0.61,-0.0657296016937585,-0.0591051739025636,5.917521796113731,5.917521796113731
0.02,6,0.62,-0.0683307678225446,-0.1444721672004134,-1.4242160019118937,0.0
0.02,6,0.63,-0.0686190450377668,-0.0875894939408015,5.289120736858315,5.289120736858315
0.02,6,0.64,-0.0700825577013606,-0.038689752463247,12.100302361776293,12.100302361776293
0.02,6,0.65,-0.0693928400870317,0.1544165532947246,-0.12159290442459492,0.0
0.02,6,0.66,-0.0669942266354661,-0.0411216105517389,-17.897834082330192,0.0
0.02,6,0.67,-0.0702152722980665,-0.2035401283518796,-1.7733310200469488,0.0
0.02,6,0.68,-0.0710650292025037,-0.0765882309526779,9.720406056749232,9.720406056749232
0.02,6,0.69,-0.07174703691712,-0.0091320072168952,18.432180680751117,18.432180680751117
0.02,6,0.7,-0.0712476693468416,0.2920553826623453,-9.8645438556218,0.0
0.02,6,0.71,-0.0659059292638731,-0.2064228843293314,-41.36954552002861,0.0
0.02,6,0.72,-0.0753761270334282,-0.5353355277382277,6.579838672126119,6.579838672126119
0.02,6,0.73,-0.0766126398186377,-0.0748261108868089,31.49372898356663,31.49372898356663
0.02,6,0.74,-0.0768726492511644,0.0945390519331055,11.541174967889345,11.541174967889345
0.02,6,0.75,-0.0747218587799756,0.1559973884709782,2.2300076469241583,2.2300076469241583
0.02,6,0.76,-0.0737527014817449,0.1391392048715887,-3.874991501483846,0.0
0.02,6,0.77,-0.0719390746825438,0.0784975584413012,-9.177592584295882,0.0
0.02,6,0.78,-0.0721827503129188,-0.0444126468143291,-13.408014650301752,0.0
0.02,6,0.79,-0.0728273276188304,-0.1896627345647341,-2.517569178715323,0.0
0.02,6,0.8,-0.0759760050042135,-0.0947640303886356,5.879872560523394,5.879872560523394
0.02,6,0.81,-0.0747226082266031,-0.0720652833542661,-7.813039867071423,0.0
0.02,6,0.82,-0.0774173106712988,-0.2510248277300611,-5.182286568220891,0.0
0.02,6,0.83,-0.0797431047812043,-0.1757110147186806,11.220416911371784,11.220416911371784
0.02,6,0.84,-0.0809315309656724,-0.0266164895026252,21.554999756499974,21.554999756499974
0.02,6,0.85,-0.0802754345712568,0.2553889804113192,11.392984520984125,11.392984520984125
0.02,6,0.86,-0.075823751357446,0.2012432009170575,-26.071438059212085,0.0
0.02,6,0.87,-0.0762505705529156,-0.2660397807729229,-31.445784260093937,0.0
0.02,6,0.88,-0.0811445469729045,-0.4276724842848218,18.515434428992776,18.515434428992776
0.02,6,0.89,-0.0848040202386121,0.1042689078069329,24.78783337164012,24.78783337164012
0.02,6,0.9,-0.0790591688167658,0.068084183147981,-15.791819043634026,0.0
0.02,6,0.91,-0.0834423365756524,-0.2115674730657479,2.1092949254597886,2.1092949254597886
0.02,6,0.92,-0.0832905182780808,0.1102700816571768,4.344324837422547,4.344324837422547
0.02,6,0.93,-0.0812369349425089,-0.1246809763172969,-10.530917247857985,0.0
0.02,6,0.94,-0.0857841378044266,-0.1003482632999848,7.473418351907069,7.473418351907069
0.02,6,0.95,-0.0832439002085085,0.0247873907208449,1.1204432149196637,1.1204432149196637
0.02,6,0.96,-0.0852883899900097,-0.0779393990015915,21.089975554333723,21.089975554333723
0.02,6,0.97,-0.0848026881885404,0.4465869018075197,3.6370652914977866,3.6370652914977866
0.02,6,0.98,-0.0763566519538593,-0.0051980931716357,-39.94902510986101,0.0
0.02,6,0.99,-0.0849066500519731,-0.3523936003897012,7.770535110180354,7.770535110180354
0.02,6,1.0,-0.0834045239616534,0.1502126090319715,50.26062094216722,50.26062094216722
0.02,7,0.01,-0.0003139996058995,-0.0029982777957114,-0.17062417777865996,0.0
0.02,7,0.02,-0.0003439823838566,-0.004704519573498,-0.3234041303012951,0.0
0.02,7,0.03,-0.0004080899973694,-0.0094663604017373,-0.6400543075535051,0.0
0.02,7,0.04,-0.0005333095918913,-0.0175056057245681,-0.9910857881343248,0.0
0.02,7,0.05,-0.0007582021118608,-0.0292880761644238,-1.3551926822604106,0.0
0.02,7,0.06,-0.0011190711151798,-0.0446094593697763,-1.3788513579792199,0.0
0.02,7,0.07,-0.0016503912992563,-0.0568651033240082,-1.4056007127298606,0.0
0.02,7,0.08,-0.00225637318166,-0.0727214736243735,-1.266043954560235,0.0
0.02,7,0.09,-0.0031048207717438,-0.0821859824152129,-1.10402886329619,0.0
0.02,7,0.1,-0.0039000928299642,-0.0948020508902973,-1.5318660484020858,0.0
0.02,7,0.11,-0.0050008617895498,-0.1128233033832546,0.2944775246648108,0.2944775246648108
0.02,7,0.12,-0.0061565588976293,-0.0889125003970011,-1.06858921601924,0.0
0.02,7,0.13,-0.0067791117974898,-0.1341950877036395,-4.5990872513178305,0.0
0.02,7,0.14,-0.0088404606517021,-0.1808942454233578,0.518033893834005,0.518033893834005
0.02,7,0.15,-0.0103969967059569,-0.1238344098269597,0.8681139366759645,0.8681139366759645
0.02,7,0.16,-0.0113171488482413,-0.1635319666898388,-2.069334016681208,0.0
0.02,7,0.17,-0.0136676360397537,-0.1652210901605839,-0.4950729750969618,0.0
0.02,7,0.18,-0.014621570651453,-0.173433426191778,3.510078045479455,3.510078045479455
0.02,7,0.19,-0.0171363045635893,-0.0950195292509946,2.4363696651957536,2.4363696651957536
0.02,7,0.2,-0.0165219612364729,-0.1247060328878629,-9.364782611132416,0.0
0.02,7,0.21,-0.0196304252213465,-0.2823151814736425,-3.1484033007867014,0.0
0.02,7,0.22,-0.0221682648659457,-0.1876740989035962,8.629551403824651,8.629551403824651
0.02,7,0.23,-0.0233839071994185,-0.1097241533971493,5.749361695152657,5.749361695152657
0.02,7,0.24,-0.0243627479338887,-0.072686865000543,-5.171817798296963,0.0
0.02,7,0.25,-0.0248376444994293,-0.213160509363089,0.8412474360346094,0.8412474360346094
0.02,7,0.26,-0.0286259581211505,-0.0558619162798508,4.728082543244912,4.728082543244912
0.02,7,0.27,-0.0259548828250263,-0.1185988584981907,-16.714866145236392,0.0
0.02,7,0.28,-0.0309979352911143,-0.3901592391845789,-4.926159250820836,0.0
0.02,7,0.29,-0.0337580676087179,-0.2171220435146097,15.914633644577684,15.914633644577684
0.02,7,0.3,-0.0353403761614065,-0.071866566293026,15.425550452574146,15.425550452574146
0.02,7,0.31,-0.0351953989345784,0.0913889655368735,-1.9515331946325127,0.0
0.02,7,0.32,-0.0335125968506691,-0.1108972301856763,-10.094841112585737,0.0
0.02,7,0.33,-0.0374133435382919,-0.1105078567148414,-1.899640832861368,0.0
0.02,7,0.34,-0.0357227539849659,-0.1488900468429037,-4.420231296324264,0.0
0.02,7,0.35,-0.04039114447515,-0.1989124826413264,11.58019428183248,11.58019428183248
0.02,7,0.36,-0.0397010036377924,0.0827138387937473,-1.8587156783019037,0.0
0.02,7,0.37,-0.038736867699275,-0.2360867962073645,-23.799280231031588,0.0
0.02,7,0.38,-0.0444227395619397,-0.3932717658268849,9.353419876601148,9.353419876601148
0.02,7,0.39,-0.0466023030158127,-0.0490183986753414,16.1462862777839,16.1462862777839
0.02,7,0.4,-0.0454031075354465,-0.0703460402712066,-2.7666458927217397,0.0
0.02,7,0.41,-0.0480092238212368,-0.104351316529776,1.294827337910467,1.294827337910467
0.02,7,0.42,-0.047490133866042,-0.0444494935129968,5.0127088325421205,5.0127088325421205
0.02,7,0.43,-0.0488982136914968,-0.0040971398789335,2.378017655416933,2.378017655416933
0.02,7,0.44,-0.0475720766636207,0.0031108595953419,-16.312570258203774,0.0
0.02,7,0.45,-0.0488359964995899,-0.3303485450430092,-16.589087430935326,0.0
0.02,7,0.46,-0.0541790475644809,-0.3286708890233649,18.837494780966455,18.837494780966455
0.02,7,0.47,-0.0554094142800572,0.0464013505763172,17.494956905838162,17.494956905838162
0.02,7,0.48,-0.0532510205529545,0.0212282490933954,-4.203313276184367,0.0
0.02,7,0.49,-0.0549848492981893,-0.0376649149473702,-11.974565251382614,0.0
0.02,7,0.5,-0.0540043188519019,-0.2182630559342571,-8.512179377546461,0.0
0.02,7,0.51,-0.0593501104168745,-0.2079085024982996,19.150247843590655,19.150247843590655
0.02,7,0.52,-0.0581624889018679,0.1647419009375563,11.85241977490451,11.85241977490451
0.02,7,0.53,-0.0560552723981233,0.0291398929997908,-20.572295852522583,0.0
0.02,7,0.54,-0.0575796910418721,-0.2467040161128957,-16.330202440813675,0.0
0.02,7,0.55,-0.0609893527203813,-0.297464155816483,17.84671369984115,17.84671369984115
0.02,7,0.56,-0.0635289741582018,0.1102302578839276,16.372144519888355,16.372144519888355
0.02,7,0.57,-0.0587847475627028,0.029978734581288,-9.732693560461318,0.0
0.02,7,0.58,-0.0629293994665761,-0.0844236133252982,-12.4430463167107,0.0
0.02,7,0.59,-0.0604732198292088,-0.2188821917529262,2.472059393076483,2.472059393076483
0.02,7,0.6,-0.0673070433016346,-0.0349824254637685,16.043582327814363,16.043582327814363
0.02,7,0.61,-0.0611728683384841,0.1019894548033613,-20.316036597243972,0.0
0.02,7,0.62,-0.0652672542055674,-0.4413031574086483,-6.959553584119784,0.0
0.02,7,0.63,-0.0699989314866571,-0.0372016168790345,27.947247553702184,27.947247553702184
0.02,7,0.64,-0.0660112865431481,0.1176417936653959,-11.293166353346775,0.0
0.02,7,0.65,-0.0676460956133492,-0.2630649439459702,-14.389876449919562,0.0
0.02,7,0.66,-0.0712725854220675,-0.1701557353329956,18.461892871760167,18.461892871760167
0.02,7,0.67,-0.0710492103200091,0.1061729134892335,9.703168574935637,9.703168574935637
0.02,7,0.68,-0.0691491271522828,0.0239076361657173,-7.931340750636293,0.0
0.02,7,0.69,-0.0705710575966947,-0.0524539015234917,-0.7580688133764699,0.0
0.02,7,0.7,-0.0701982051827527,0.0087462598981895,10.057772247127527,10.057772247127527
0.02,7,0.71,-0.0703961323987309,0.148701543419059,-0.16389065511492984,0.0
0.02,7,0.72,-0.0672241743143715,0.0054684467958909,-22.49094656434105,0.0
0.02,7,0.73,-0.0702867634628131,-0.3011173878677624,0.1778442326268998,0.1778442326268998
0.02,7,0.74,-0.0732465220717267,0.0090253314484289,19.243041029224273,19.243041029224273
0.02,7,0.75,-0.0701062568338445,0.0837434327167234,-1.425607051131874,0.0
0.02,7,0.76,-0.0715716534173923,-0.0194868095742086,-15.26768294511254,0.0
0.02,7,0.77,-0.0704959930253287,-0.2216102261855277,-11.858343927248354,0.0
0.02,7,0.78,-0.0760038579411028,-0.2566536881191759,21.07128649517793,21.07128649517793
0.02,7,0.79,-0.0756290667877122,0.1998155037180313,18.703205703168308,18.703205703168308
0.02,7,0.8,-0.0720075478667422,0.1174104259441906,-8.006910805171698,0.0
0.02,7,0.81,-0.0732808582688284,0.0396772876145972,-22.075420280088057,0.0
0.02,7,0.82,-0.0712140021144503,-0.3240979796575653,-25.72898262090618,0.0
0.02,7,0.83,-0.0797628178619798,-0.4749023648035217,33.10641660564612,33.10641660564612
0.02,7,0.84,-0.0807120494105207,0.3380303524553576,30.49083816250723,30.49083816250723
0.02,7,0.85,-0.0730022108128727,0.1349143984466234,-31.254631164658406,0.0
0.02,7,0.86,-0.0780137614415882,-0.287062270837811,-27.287365399851474,0.0
0.02,7,0.87,-0.0787434562296289,-0.4108329095504066,8.669941593667222,8.669941593667222
0.02,7,0.88,-0.0862304196325964,-0.1136634389644664,41.81748327500648,41.81748327500648
0.02,7,0.89,-0.0810167250089182,0.4255167559497237,-1.3619645773291982,0.0
0.02,7,0.9,-0.0777200845136019,-0.1409027305110504,-35.11782326994376,0.0
0.02,7,0.91,-0.0838347796191392,-0.2768397094491521,10.445576882854265,10.445576882854265
0.02,7,0.92,-0.0832568787025849,0.0680088071460351,3.598266783087407,3.598266783087407
0.02,7,0.93,-0.0824746034762185,-0.2048743737874039,-9.902990202469498,0.0
0.02,7,0.94,-0.0873543661783329,-0.1300509969033578,29.000260571352523,29.000260571352523
0.02,7,0.95,-0.0850756234142856,0.3751308376396487,4.679904162488977,4.679904162488977
0.02,7,0.96,-0.0798517494255399,-0.0364529136535782,-19.699473843832507,0.0
0.02,7,0.97,-0.0858046816873572,-0.0188586392370018,21.608013552860463,21.608013552860463
0.02,7,0.98,-0.08022892221028,0.3957073574036314,-4.442879457535692,0.0
0.02,7,0.99,-0.0778905345392845,-0.1077162283877157,-42.248929063930206,0.0
0.02,7,1.0,-0.0823832467780343,-0.4492712238749734,-34.15549954872574,0.0
0.02,8,0.01,-0.0005468898159344,-0.0053006529795091,-0.23342212394621004,0.0
0.02,8,0.02,-0.0005998963457295,-0.0076348742189712,-0.4567822694428002,0.0
0.02,8,0.03,-0.0006995873003139,-0.0144362983683651,-0.8257708049266751,0.0
0.02,8,0.04,-0.0008886223130968,-0.0241502903175047,-1.1077856794574594,0.0
0.02,8,0.05,-0.001182593106664,-0.0365920119575143,-1.5201693053112357,0.0
0.02,8,0.06,-0.0016204625522471,-0.0545536764237294,-1.5846748353626696,0.0
0.02,8,0.07,-0.0022736666351385,-0.0682855086647677,-1.3619156029645199,0.0
0.02,8,0.08,-0.0029861727255425,-0.0817919884830198,-1.2144249170757764,0.0
0.02,8,0.09,-0.0039095064047989,-0.0925740070062832,-1.7079172067041233,0.0
0.02,8,0.1,-0.0048376528656681,-0.1159503326171023,-2.1057596593849057,0.0
0.02,8,0.11,-0.006228513057141,-0.1346892001939813,-0.10605091791918486,0.0
0.02,8,0.12,-0.0075314368695478,-0.118071350975486,0.22125347421540908,0.22125347421540908
0.02,8,0.13,-0.0085899400766507,-0.1302641307096732,1.5496595270689033,1.5496595270689033
0.02,8,0.14,-0.0101367194837412,-0.0870781604341079,-1.163400257940837,0.0
0.02,8,0.15,-0.0103315032853329,-0.1535321358684896,-4.829940225261112,0.0
0.02,8,0.16,-0.013207362201111,-0.18367696493933,-1.1674778685127292,0.0
0.02,8,0.17,-0.0140050425841195,-0.1768816932387442,0.6760568928042101,0.6760568928042101
0.02,8,0.18,-0.0167449960658859,-0.1701558270832458,-0.29900661426764863,0.0
0.02,8,0.19,-0.0174081591257844,-0.1828618255240972,-1.1697635427847946,0.0
0.02,8,0.2,-0.0204022325763679,-0.1935510979389417,1.655970918438662,1.655970918438662
0.02,8,0.21,-0.0212791810845632,-0.1497424071553241,-2.4634787382880514,0.0
0.02,8,0.22,-0.0233970807194743,-0.2428206727047031,8.945399224821612,8.945399224821612
0.02,8,0.23,-0.0261355945386573,0.0291655773411083,8.125898179606136,8.125898179606136
0.02,8,0.24,-0.0228137691726522,-0.0803027091125794,-19.7223848354563,0.0
0.02,8,0.25,-0.0277416487209089,-0.365282119368018,-2.397851809123739,0.0
0.02,8,0.26,-0.0301194115600126,-0.1282597452950542,11.37059489405583,11.37059489405583
0.02,8,0.27,-0.03030684362681,-0.1378702214869012,-8.498838813077995,0.0
0.02,8,0.28,-0.0328768159897506,-0.2982365215566143,-4.836293370418859,0.0
0.02,8,0.29,-0.0362715740579423,-0.2345960888952794,13.900903559386425,13.900903559386425
0.02,8,0.3,-0.0375687377676562,-0.0202184503688855,12.715013666039917,12.715013666039917
0.02,8,0.31,-0.03667594306532,0.0197041844255192,-10.986916659391534,0.0
0.02,8,0.32,-0.0371746540791458,-0.2399567835567164,-4.107450626565502,0.0
0.02,8,0.33,-0.0414750787364543,-0.0624448281057909,7.063506433329894,7.063506433329894
0.02,8,0.34,-0.0384235506412616,-0.0986866548901184,-10.073303680675297,0.0
0.02,8,0.35,-0.0434488118342566,-0.2639109017192957,2.2303863898931606,2.2303863898931606
0.02,8,0.36,-0.0437017686756475,-0.0540789270922532,11.97312045006128,11.97312045006128
0.02,8,0.37,-0.0445303903761017,-0.0244484927180699,-0.6748226074740442,0.0
0.02,8,0.38,-0.0441907385300089,-0.0675753792417341,-11.081618953755225,0.0
0.02,8,0.39,-0.0458818979609364,-0.2460808717931746,-3.4273278080015217,0.0
0.02,8,0.4,-0.0491123559658724,-0.1361219354017646,13.005508717480286,13.005508717480286
0.02,8,0.41,-0.0486043366689717,0.0140293025564304,-1.5700377196338442,0.0
0.02,8,0.42,-0.0488317699147438,-0.1675226897944433,-8.625939583289378,0.0
0.02,8,0.43,-0.0519547904648605,-0.1584894891093573,7.833794860336857,7.833794860336857
0.02,8,0.44,-0.0520015596969309,-0.010846792587706,8.337282500899324,8.337282500899324
0.02,8,0.45,-0.0521717263166146,0.0082561609086293,-1.7825047809620682,0.0
0.02,8,0.46,-0.0518364364787583,-0.0464968882069474,-4.300627543566102,0.0
0.02,8,0.47,-0.0531016640807536,-0.0777563899626927,-6.628054059562453,0.0
0.02,8,0.48,-0.0533915642780122,-0.1790579693981966,-8.407647232104711,0.0
0.02,8,0.49,-0.0566828234687175,-0.2459093346047871,16.516050254110432,16.516050254110432
0.02,8,0.5,-0.0583097509701079,0.1512630356840123,9.887424882012231,9.887424882012231
0.02,8,0.51,-0.0536575627550373,-0.0481608369645423,-15.307700200741888,0.0
0.02,8,0.52,-0.0592729677093988,-0.1548909683308257,8.810586998447691,8.810586998447691
0.02,8,0.53,-0.0567553821216538,0.1280509030044117,-3.277223921001733,0.0
0.02,8,0.54,-0.0567119496493105,-0.2204354467508604,-17.509771858453533,0.0
0.02,8,0.55,-0.061164091056671,-0.2221445341646593,15.220193738255652,15.220193738255652
0.02,8,0.56,-0.0611548403326037,0.0839684280142529,13.265062290769023,13.265062290769023
0.02,8,0.57,-0.059484722496386,0.0431567116507238,-22.145558947880073,0.0
0.02,8,0.58,-0.0602917060995893,-0.3589427509433505,-8.847305702332216,0.0
0.02,8,0.59,-0.066663577515253,-0.1337894023959207,23.530965704409358,23.530965704409358
0.02,8,0.6,-0.0629674941475077,0.1116765631448371,2.512401171889552,2.512401171889552
0.02,8,0.61,-0.0644300462523562,-0.0835413789581296,-6.19994636645337,0.0
0.02,8,0.62,-0.0646383217266703,-0.0123223641842304,-1.5513016564761646,0.0
0.02,8,0.63,-0.0646764935360409,-0.1145674120876529,-5.195140773732576,0.0
0.02,8,0.64,-0.0669296699684234,-0.116225179658882,-5.664927794849189,0.0
0.02,8,0.65,-0.0670009971292185,-0.2278659679846368,16.017533688172012,16.017533688172012
0.02,8,0.66,-0.0714869893281161,0.2041254941045585,29.972285980077345,29.972285980077345
0.02,8,0.67,-0.0629184872471273,0.3715797516169106,-26.14190446025453,0.0
0.02,8,0.68,-0.0640553942957779,-0.3187125951005325,-41.2211779731459,0.0
0.02,8,0.69,-0.0692927391491379,-0.4528438078460097,12.100873549836553,12.100873549836553
0.02,8,0.7,-0.073112270452698,-0.0766951241037969,28.081187899023067,28.081187899023067
0.02,8,0.71,-0.0708266416312138,0.1087799501344521,-3.376564129590307,0.0
0.02,8,0.72,-0.070936671450009,-0.1442264066956031,-4.495398547122972,0.0
0.02,8,0.73,-0.0737111697651259,0.0188719791919926,7.670681534074384,7.670681534074384
0.02,8,0.74,-0.0705592318661691,0.0091872239858847,2.604964068143258,2.604964068143258
0.02,8,0.75,-0.0735274252854082,0.0709712605548578,12.57692060249686,12.57692060249686
0.02,8,0.76,-0.069139806655072,0.2607256360358221,-16.35882866337404,0.0
0.02,8,0.77,-0.0683129125646917,-0.2562053127126233,-25.14843644305884,0.0
0.02,8,0.78,-0.0742639129093244,-0.2422430928253551,4.111118762147152,4.111118762147152
0.02,8,0.79,-0.0731577744211988,-0.1739829374696802,10.96238698797808,10.96238698797808
0.02,8,0.8,-0.0777435716587181,-0.0229953530657933,13.509764287478463,13.509764287478463
0.02,8,0.81,-0.0736176814825147,0.0962123482798893,0.33840790030284273,0.33840790030284273
0.02,8,0.82,-0.0758193246931202,-0.0162271950597339,-10.654980066621249,0.0
0.02,8,0.83,-0.0739422253837094,-0.1168872530525346,9.766587541996632,9.766587541996632
0.02,8,0.84,-0.0781570697541709,0.1791045557801989,-1.603465708160324,0.0
0.02,8,0.85,-0.0703601342681054,-0.1489565672157411,-36.75711871566278,0.0
0.02,8,0.86,-0.0811362010984857,-0.5560378185330572,18.254535308662838,18.254535308662838
0.02,8,0.87,-0.0814808906387665,0.216134138957516,25.625821284134734,25.625821284134734
0.02,8,0.88,-0.0768135183193354,-0.0435213928503621,-20.320556293693073,0.0
0.02,8,0.89,-0.0823513184957738,-0.1902769869163458,-1.1254628820730685,0.0
0.02,8,0.9,-0.0806190580576623,-0.0660306504918235,10.906781690632911,10.906781690632911
0.02,8,0.91,-0.0836719315056102,0.0278586468963126,6.480528178960554,6.480528178960554
0.02,8,0.92,-0.0800618851197361,0.0635799130873877,-10.131718693603435,0.0
0.02,8,0.93,-0.0824003332438625,-0.1747757269757563,-11.571120637498922,0.0
0.02,8,0.94,-0.0835573996592512,-0.1678424996625924,2.0279379936209,2.0279379936209
0.02,8,0.95,-0.0857571832371143,-0.1342169671033382,17.522355753095617,17.522355753095617
0.02,8,0.96,-0.086241739001318,0.1826046153993203,5.8380935728601795,5.8380935728601795
0.02,8,0.97,-0.0821050909291279,-0.0174550956461345,-18.721755518539872,0.0
0.02,8,0.98,-0.0865908409142406,-0.1918304949714775,16.044692199013326,16.044692199013326
0.02,8,0.99,-0.0859417008285575,0.3034387483341323,36.68969915357126,36.68969915357126
0.02,8,1.0,-0.080522065947558,0.5419634880999483,23.852473976581578,23.852473976581578
0.02,9,0.01,-0.0003182602219218,-0.0025488092857599,-0.14791963357472004,0.0
0.02,9,0.02,-0.0003437483147794,-0.0040280056215071,-0.3106055447124201,0.0
0.02,9,0.03,-0.000398820334352,-0.0087609201800083,-0.6199109392841999,0.0
0.02,9,0.04,-0.0005189667183796,-0.0164262244071911,-0.8312250375397098,0.0
0.02,9,0.05,-0.0007273448224958,-0.0253854209308025,-1.0594566317554952,0.0
0.02,9,0.06,-0.0010266751369957,-0.037615357042301,-1.3001761111559946,0.0
0.02,9,0.07,-0.0014796519633418,-0.0513889431539224,-1.3251677044937549,0.0
0.02,9,0.08,-0.0020544540000741,-0.0641187111321761,-1.5830282543507406,0.0
0.02,9,0.09,-0.0027620261859854,-0.0830495082409372,-1.2781591685166651,0.0
0.02,9,0.1,-0.0037154441648929,-0.0896818945025094,-0.9923672389148956,0.0
0.02,9,0.11,-0.0045556640760355,-0.1028968530192351,-0.2877522937085404,0.0
0.02,9,0.12,-0.0057733812252776,-0.0954369403766802,-1.6454011258919907,0.0
0.02,9,0.13,-0.0064644028835691,-0.135804875537075,-2.424448840589408,0.0
0.02,9,0.14,-0.0084894787360191,-0.1439259171884684,0.6263494928037785,0.6263494928037785
0.02,9,0.15,-0.0093429212273385,-0.1232778856809995,1.296117332633937,1.296117332633937
0.02,9,0.16,-0.010955036449639,-0.1180035705357897,2.2547032778967577,2.2547032778967577
0.02,9,0.17,-0.0117029926380543,-0.0781838201230643,-2.622910864894755,0.0
0.02,9,0.18,-0.0125187128521003,-0.1704617878336844,-7.564529537477223,0.0
0.02,9,0.19,-0.015112228394728,-0.2294744108726086,-1.4835188462641344,0.0
0.02,9,0.2,-0.0171082010695525,-0.2001321647589671,3.8361649515401233,3.8361649515401233
0.02,9,0.21,-0.0191148716899073,-0.1527511118418062,5.781533483691695,5.781533483691695
0.02,9,0.22,-0.0201632233063886,-0.0845014950851332,1.9375846964937589,1.9375846964937589
0.02,9,0.23,-0.02080490159161,-0.113999417911931,-5.152616755401893,0.0
0.02,9,0.24,-0.0224432116646273,-0.1875538301931709,-2.77059474532279,0.0
0.02,9,0.25,-0.0245559781954734,-0.1694113128183865,0.7733966458927988,0.7733966458927988
0.02,9,0.26,-0.025831437920995,-0.1720858972753149,-0.02393662037784061,0.0
0.02,9,0.27,-0.0279976961409797,-0.1698900452259433,3.168895961042277,3.168895961042277
0.02,9,0.28,-0.0292292388255138,-0.1087079780544693,3.907404465248894,3.907404465248894
0.02,9,0.29,-0.0301718557020691,-0.0917419559209653,-7.175075999037724,0.0
0.02,9,0.3,-0.0310640779439332,-0.2522094980352245,0.8673778968651842,0.8673778968651842
0.02,9,0.31,-0.0352160456627736,-0.0743943979836616,15.840739622585918,15.840739622585918
0.02,9,0.32,-0.0325519659036064,0.0646052944164941,-9.161682148952348,0.0
0.02,9,0.33,-0.0339239397744437,-0.2576280409627087,-22.23852382700009,0.0
0.02,9,0.34,-0.0377045267228606,-0.3801651821235081,7.364860916094182,7.364860916094182
0.02,9,0.35,-0.0415272434169139,-0.1103308226408275,26.23220422669624,26.23220422669624
0.02,9,0.36,-0.0399111431756771,0.1444789024104156,-7.825099734881739,0.0
0.02,9,0.37,-0.0386376653687056,-0.2668328173384624,-12.719829677921965,0.0
0.02,9,0.38,-0.0452477995224464,-0.1099176911480239,18.036588064932925,18.036588064932925
0.02,9,0.39,-0.040836019191666,0.0938989439601964,5.357684797450241,5.357684797450241
0.02,9,0.4,-0.0433698206432424,-0.002763995199019,-8.971133500867563,0.0
0.02,9,0.41,-0.0408912990956464,-0.0855237260571546,-17.77740582334815,0.0
0.02,9,0.42,-0.0450802951643856,-0.3583121116659824,-3.006679974908372,0.0
0.02,9,0.43,-0.0480575413289661,-0.1456573255553221,18.127608170458288,18.127608170458288
0.02,9,0.44,-0.047993441675492,0.0042400517431837,0.9377558297795687,0.9377558297795687
0.02,9,0.45,-0.0479727402941024,-0.1269022089597307,-11.320915995706136,0.0
0.02,9,0.46,-0.0505314858546866,-0.2221782681709392,2.383231606500521,2.383231606500521
0.02,9,0.47,-0.0524163056575212,-0.0792375768297217,5.158264082165015,5.158264082165015
0.02,9,0.48,-0.052116237391281,-0.1190129865276401,-2.6627453232582075,0.0
0.02,9,0.49,-0.054796565388074,-0.1324924832948859,16.10990143589171,16.10990143589171
0.02,9,0.5,-0.0547660870571788,0.2031850421901944,5.3689448928966055,5.3689448928966055
0.02,9,0.51,-0.0507328645442701,-0.0251135854369537,-16.644960724697842,0.0
0.02,9,0.52,-0.0552683587659178,-0.1297141723037627,-8.989235263311537,0.0
0.02,9,0.53,-0.0533271479903454,-0.2048982907031846,-11.50848584090204,0.0
0.02,9,0.54,-0.0593663245799815,-0.3598838891218037,6.50755912539109,6.50755912539109
0.02,9,0.55,-0.0605248257727814,-0.0747471081953627,13.420653398923434,13.420653398923434
0.02,9,0.56,-0.0608612667438888,-0.0914708211433348,6.740276325730205,6.740276325730205
0.02,9,0.57,-0.0623542421956481,0.0600584183192389,8.98431934470076,8.98431934470076
0.02,9,0.58,-0.059660098377504,0.0882155657506782,-17.87333952233319,0.0
0.02,9,0.59,-0.0605899308806345,-0.2974083721274252,-7.370378888832838,0.0
0.02,9,0.6,-0.0656082658200525,-0.0591920120259787,21.179577682478648,21.179577682478648
0.02,9,0.61,-0.0617737711211541,0.1261831815221481,-0.16648961575156473,0.0
0.02,9,0.62,-0.0630846021896095,-0.06252180434101,-0.7938020319365293,0.0
0.02,9,0.63,-0.0630242072079743,0.1103071408834175,-9.734714401522112,0.0
0.02,9,0.64,-0.0608784593719412,-0.2572160923714524,-18.667359062111167,0.0
0.02,9,0.65,-0.0681685290554034,-0.2630400403588062,22.35398672528748,22.35398672528748
0.02,9,0.66,-0.0661392601791173,0.1898636421342976,7.2923439619897374,7.2923439619897374
0.02,9,0.67,-0.0643712562127174,-0.1171931611190113,-19.419080723896,0.0
0.02,9,0.68,-0.0684831234014975,-0.1985179723436227,0.44606260403115705,0.44606260403115705
0.02,9,0.69,-0.0683416156595899,-0.1082719090383901,16.652028476116698,16.652028476116698
0.02,9,0.7,-0.0706485615822654,0.1345225971787114,8.933042864021113,8.933042864021113
0.02,9,0.71,-0.0656511637160157,0.0703889482420323,-20.35094519789294,0.0
0.02,9,0.72,-0.0692407826174247,-0.2724963067791477,-1.673601607700779,0.0
0.02,9,0.73,-0.0711010898515986,0.0369169160880167,9.933050251438287,9.933050251438287
0.02,9,0.74,-0.0685024442956644,-0.0738353017503818,-7.736542822821404,0.0
0.02,9,0.75,-0.0725777958866063,-0.1178139403684115,-3.0614102788541375,0.0
0.02,9,0.76,-0.0708587231030326,-0.1350635073274646,-1.361826654217288,0.0
0.02,9,0.77,-0.0752790660331556,-0.1450504734527573,15.67033897163202,15.67033897163202
0.02,9,0.78,-0.0737597325720878,0.1783432721051761,-3.516226302991887,0.0
0.02,9,0.79,-0.071712200591052,-0.2153749995125951,-20.03078293586207,0.0
0.02,9,0.8,-0.0780672325623397,-0.2222723866120657,26.296377380165524,26.296377380165524
0.02,9,0.81,-0.0761576483232934,0.3105525480907158,4.073986055650462,4.073986055650462
0.02,9,0.82,-0.0718561816005254,-0.1407926654990459,-21.975632924052356,0.0
0.02,9,0.83,-0.0789735016332744,-0.1289601103903241,5.016751293287955,5.016751293287955
0.02,9,0.84,-0.0744353838083319,-0.0404576396332867,4.359860703376791,4.359860703376791
0.02,9,0.85,-0.0797826544259401,-0.0417628963227882,16.479768061457396,16.479768061457396
0.02,9,0.86,-0.0752706417347876,0.2891377215958615,-12.490413013299463,0.0
0.02,9,0.87,-0.0739998999940229,-0.2915711565887777,-28.542855986590276,0.0
0.02,9,0.88,-0.0811020648665632,-0.2817193981359445,14.506506797212356,14.506506797212356
0.02,9,0.89,-0.0796342879567418,-0.0014410206445303,12.901772567284413,12.901772567284413
0.02,9,0.9,-0.0811308852794538,-0.023683946790256,-0.3161640209806447,0.0
0.02,9,0.91,-0.0801079668925469,-0.0077643010641432,0.2381619693984297,0.2381619693984297
0.02,9,0.92,-0.0812861713007367,-0.0189207074022874,17.329061300778296,17.329061300778296
0.02,9,0.93,-0.0804863810405927,0.338816924951423,2.7026747974925955,2.7026747974925955
0.02,9,0.94,-0.0745098328017083,0.0351327885475716,-43.22009909423726,0.0
0.02,9,0.95,-0.0797837252696414,-0.5255850569333211,-1.6381260310248436,0.0
0.02,9,0.96,-0.0850215339403747,0.0023702679270747,40.1593835188006,40.1593835188006
0.02,9,0.97,-0.0797363199110999,0.2776026134426916,-7.139719934911329,0.0
0.02,9,0.98,-0.0794694816715209,-0.140424130771152,-30.075685268806367,0.0
0.02,9,0.99,-0.0825448025265229,-0.3239110919334362,-9.993298379775824,0.0
0.02,9,1.0,-0.0859477035101896,-0.3402900983666687,-1.6379006433232464,0.0
0.02,10,0.01,-0.0004942153198539,-0.0049961618617134,-0.24664263129164002,0.0
0.02,10,0.02,-0.0005441769384711,-0.0074625881746298,-0.4805608684613502,0.0
0.02,10,0.03,-0.0006434670833465,-0.0146073792309404,-0.9514358426176599,0.0
0.02,10,0.04,-0.0008363245230899,-0.026491305026983,-1.1852543988704398,0.0
0.02,10,0.05,-0.0011732931838862,-0.0383124672083492,-1.0665634788699347,0.0
0.02,10,0.06,-0.0016025738672569,-0.0478225746043817,-1.2043644863957441,0.0
0.02,10,0.07,-0.0021297446759738,-0.0623997569362641,-1.35760258543015,0.0
0.02,10,0.08,-0.0028505690059822,-0.0749746263129847,-1.0832740239150511,0.0
0.02,10,0.09,-0.0036292372022335,-0.0840652374145651,-0.9241846755189744,0.0
0.02,10,0.1,-0.0045318737542735,-0.0934583198233642,-1.1237908833560848,0.0
0.02,10,0.11,-0.0054984035987008,-0.1065410550816868,-1.990983578684082,0.0
0.02,10,0.12,-0.0066626948559072,-0.1332779913970458,-1.738685062146475,0.0
0.02,10,0.13,-0.0081639634266417,-0.1413147563246163,0.42244514818121015,0.42244514818121015
0.02,10,0.14,-0.0094889899823995,-0.1248290884334216,-1.5976369349813195,0.0
0.02,10,0.15,-0.0106605451953102,-0.1732674950242425,-0.35596054369794317,0.0
0.02,10,0.16,-0.0129543398828844,-0.1319482993073802,3.543822712970152,3.543822712970152
0.02,10,0.17,-0.0132995111814578,-0.1023910407648394,-2.1917463946580797,0.0
0.02,10,0.18,-0.0150021606981812,-0.1757832272005415,1.1095122648953621,1.1095122648953621
0.02,10,0.19,-0.0168151757254686,-0.0802007954669317,-2.628226604737714,0.0
0.02,10,0.2,-0.0166061766075198,-0.2283477592952958,-5.787596293343329,0.0
0.02,10,0.21,-0.0213821309113745,-0.1959527213337987,7.629841607256051,7.629841607256051
0.02,10,0.22,-0.0205252310341957,-0.0757509271501746,0.6035140976359905,0.6035140976359905
0.02,10,0.23,-0.022897149454378,-0.1838824393810789,-4.371860554465983,0.0
0.02,10,0.24,-0.0242028798218173,-0.1631881382394946,2.2625848849918926,2.2625848849918926
0.02,10,0.25,-0.0261609122191679,-0.1386307416812411,4.435387600038018,4.435387600038018
0.02,10,0.26,-0.0269754946554422,-0.0744803862387342,0.574931473651529,0.574931473651529
0.02,10,0.27,-0.0276505199439426,-0.1271321122082105,-6.742424492804769,0.0
0.02,10,0.28,-0.0295181368996064,-0.2093288760948297,3.1649890671644383,3.1649890671644383
0.02,10,0.29,-0.0318370974658392,-0.0638323308649231,1.220618705961984,1.220618705961984
0.02,10,0.3,-0.0307947835169048,-0.1849165019755916,-9.439656675412339,0.0
0.02,10,0.31,-0.035535427505351,-0.25262546437317,9.361026550828075,9.361026550828075
0.02,10,0.32,-0.0358472928043682,0.0023040290409701,5.733365532382281,5.733365532382281
0.02,10,0.33,-0.0354893469245316,-0.1379581537255243,-8.194589684171248,0.0
0.02,10,0.34,-0.0386064558788787,-0.161587764642455,9.721185972314386,9.721185972314386
0.02,10,0.35,-0.0387211022173807,0.0564655657207617,1.7245542802621419,1.7245542802621419
0.02,10,0.36,-0.0374771445644635,-0.1270966790372145,-16.95734688848205,0.0
0.02,10,0.37,-0.041263035798125,-0.2826813720488796,1.0769107792262593,1.0769107792262593
0.02,10,0.38,-0.0431307720054411,-0.1055584634526893,16.35251966780661,16.35251966780661
0.02,10,0.39,-0.0433742050671788,0.0443690213072529,1.6599185313737683,1.6599185313737683
0.02,10,0.4,-0.042243391579296,-0.0723600928252139,-12.796492273933007,0.0
0.02,10,0.41,-0.044821406923683,-0.2115608241714066,-7.184712113967345,0.0
0.02,10,0.42,-0.0464746080627241,-0.2160543351045598,11.87252185741941,11.87252185741941
0.02,10,0.43,-0.0491424936257742,0.0258896129769818,15.40728077104017,15.40728077104017
0.02,10,0.44,-0.0459568158031845,0.0920912803162439,-8.113733327397627,0.0
0.02,10,0.45,-0.0473006680194494,-0.1363850535709709,-17.484732355482876,0.0
0.02,10,0.46,-0.0486845168746039,-0.2576033667934139,-2.988388824891966,0.0
0.02,10,0.47,-0.0524527353553176,-0.1961528300688111,19.726598575840434,19.726598575840434
0.02,10,0.48,-0.0526075734759801,0.1369286047233955,10.88519000053428,10.88519000053428
0.02,10,0.49,-0.0497141632608497,0.0215509699418747,-22.503730404146996,0.0
0.02,10,0.5,-0.0521765540771426,-0.3131460033595448,-3.113444536732092,0.0
0.02,10,0.51,-0.0559770833280406,-0.0407179207927672,24.80500155431793,24.80500155431793
0.02,10,0.52,-0.052990912492998,0.1829540277268142,-16.404632097259142,0.0
0.02,10,0.53,-0.0523180027735043,-0.3688105627379503,-22.885954604234882,0.0
0.02,10,0.54,-0.060367123747757,-0.2747650643578838,25.55172823801357,25.55172823801357
0.02,10,0.55,-0.057813304060662,0.1422240020223215,9.511321457485117,9.511321457485117
0.02,10,0.56,-0.0575226437073105,-0.0845386352081813,1.8628089558802623,1.8628089558802623
0.02,10,0.57,-0.0595040767648256,0.1794801811399211,-3.095593962613142,0.0
0.02,10,0.58,-0.0539330400845121,-0.1464505144604504,-32.65634205101183,0.0
0.02,10,0.59,-0.0624330870540346,-0.4736466598803162,5.77605431613541,5.77605431613541
0.02,10,0.6,-0.0634059732821184,-0.0309294281377421,21.264340348762886,21.264340348762886
0.02,10,0.61,-0.0630516756167894,-0.0483598529050581,7.479075601580379,7.479075601580379
0.02,10,0.62,-0.0643731703402196,0.1186520838938656,6.849313606362195,6.849313606362195
0.02,10,0.63,-0.0606786339389121,0.0886264192221859,-1.6791352621435838,0.0
0.02,10,0.64,-0.0626006419557758,0.0850693786509939,-13.716454191992483,0.0
0.02,10,0.65,-0.0589772463658922,-0.185702664617664,-7.098978484119569,0.0
0.02,10,0.66,-0.0663146952481291,-0.0569101910313976,6.749512405110874,6.749512405110874
0.02,10,0.67,-0.0601154501865202,-0.0507124165154464,-14.944369897414708,0.0
0.02,10,0.68,-0.067328943578438,-0.355797588979692,2.8196282024188775,2.8196282024188775
0.02,10,0.69,-0.0672314019661141,0.0056801475329235,7.962275531519753,7.962275531519753
0.02,10,0.7,-0.0672153406277796,-0.196552078349304,-2.7593494643753624,0.0
0.02,10,0.71,-0.0711624435331001,-0.0495068417545838,14.743343249453929,14.743343249453929
0.02,10,0.72,-0.0682054774628713,0.0983147866397748,-11.648671848658935,0.0
0.02,10,0.73,-0.0691961478003046,-0.2824802787277627,-5.958998030910901,0.0
0.02,10,0.74,-0.0738550830374265,-0.0208651739784433,35.9943420312855,35.9943420312855
0.02,10,0.75,-0.0696134512798735,0.4374065618979479,-3.5777252420180465,0.0
0.02,10,0.76,-0.0651069517994676,-0.0924196788188043,-51.37507457183952,0.0
0.02,10,0.77,-0.0714618448562496,-0.5900949295388433,20.181237152196196,20.181237152196196
0.02,10,0.78,-0.0769088503902444,0.31120506422512,43.51864218459241,43.51864218459241
0.02,10,0.79,-0.0652377435717472,0.2802779141530056,-29.971451451394167,0.0
0.02,10,0.8,-0.0713032921071843,-0.2882239648027638,-22.963332381301925,0.0
0.02,10,0.81,-0.0710022228678025,-0.1789887334730333,-0.9734278489118395,0.0
0.02,10,0.82,-0.0748830667766449,-0.3076925217809978,-2.1686568077628543,0.0
0.02,10,0.83,-0.0771560733034224,-0.2223618696282878,22.123440609997026,22.123440609997026
0.02,10,0.84,-0.0793303041692107,0.1347762904189431,18.38132354777076,18.38132354777076
0.02,10,0.85,-0.0744605474950435,0.1452646013271277,-0.04751143044314965,0.0
0.02,10,0.86,-0.0764250121426681,0.1338260618100801,-5.142070344209236,0.0
0.02,10,0.87,-0.0717840262588419,0.0424231944429429,-17.868016266914236,0.0
0.02,10,0.88,-0.0755765482538093,-0.2235342635282049,-14.084274672519435,0.0
0.02,10,0.89,-0.076254711529406,-0.239262299007446,10.066957152477267,10.066957152477267
0.02,10,0.9,-0.0803617942339582,-0.0221951204786594,13.904696046732154,13.904696046732154
0.02,10,0.91,-0.0766986139389792,0.0388316219271973,11.50373179865639,11.50373179865639
0.02,10,0.92,-0.0795851617954142,0.2078795154944686,4.515618266827511,4.515618266827511
0.02,10,0.93,-0.0725410236290898,0.1291439872637476,-42.0487519628508,0.0
0.02,10,0.94,-0.0770022820501392,-0.633095523762536,-21.742496264691262,0.0
0.02,10,0.95,-0.0852029341043405,-0.3057059380300635,29.711385703787307,29.711385703787307
0.02,10,0.96,-0.0831164008107404,-0.0388678096867893,28.074216556437246,28.074216556437246
0.02,10,0.97,-0.0859802902980763,0.2557783930986819,10.674858698199271,10.674858698199271
0.02,10,0.98,-0.0780008329487668,0.1746293642771963,-24.454327574548508,0.0
0.02,10,0.99,-0.0824877030125324,-0.2333081583922887,-9.627933734260598,0.0
0.02,10,1.0,-0.0826669961166126,-0.0179293104080158,21.53788479842727,21.53788479842727
0.02,11,0.01,-0.0005688957610838,-0.0061003302794079,-0.34093412300674,0.0
0.02,11,0.02,-0.0006298990638779,-0.0095096715094753,-0.5635339761807103,0.0
0.02,11,0.03,-0.0007590891912733,-0.0173710098030221,-0.999638511558925,0.0
0.02,11,0.04,-0.0009773192599383,-0.0295024417406538,-1.3012743902833595,0.0
0.02,11,0.05,-0.0013491380260864,-0.0433964976086893,-1.425901134323545,0.0
0.02,11,0.06,-0.0018452492121121,-0.0580204644271247,-1.6628511769589793,0.0
0.02,11,0.07,-0.0025095473146289,-0.0766535211478689,-1.4453593439341748,0.0
0.02,11,0.08,-0.0033783196350695,-0.0869276513058082,-0.5668107416346957,0.0
0.02,11,0.09,-0.0042481003407451,-0.0879897359805628,-1.0894371828874831,0.0
0.02,11,0.1,-0.0051381143546808,-0.1087163949635579,-1.4307574741468443,0.0
0.02,11,0.11,-0.0064224282400162,-0.1166048854634997,-1.076590659656656,0.0
0.02,11,0.12,-0.0074702120639508,-0.130248208156691,-1.6399455414825583,0.0
0.02,11,0.13,-0.00902739240315,-0.1494037962931509,-0.23973494387604521,0.0
0.02,11,0.14,-0.0104582879898138,-0.1350429070342119,0.021483207022540363,0.021483207022540363
0.02,11,0.15,-0.0117282505438343,-0.1489741321527,-2.663342827483624,0.0
0.02,11,0.16,-0.0134377706328678,-0.1883097635838844,0.30639192232148993,0.30639192232148993
0.02,11,0.17,-0.015494445815512,-0.1428462937062702,3.492406885457318,3.492406885457318
0.02,11,0.18,-0.0162946965069932,-0.118461625874738,8.059105466320437,8.059105466320437
0.02,11,0.19,-0.0178636783330067,0.0183358156201388,-3.2560109586586714,0.0
0.02,11,0.2,-0.0159279801945904,-0.1835818450479115,-15.192027998560294,0.0
0.02,11,0.21,-0.0215353152339649,-0.2855047443510672,2.6965779421016105,2.6965779421016105
0.02,11,0.22,-0.0216380750816117,-0.1296502862058786,2.6146445485466394,2.6146445485466394
0.02,11,0.23,-0.0241283209580825,-0.2332118533801344,-0.9635425995995792,0.0
0.02,11,0.24,-0.0263023121492144,-0.1489211381978707,6.693980514743923,6.693980514743923
0.02,11,0.25,-0.0271067437220399,-0.0993322430852561,-1.986285645496312,0.0
0.02,11,0.26,-0.0282889570109196,-0.188646851107797,-1.4347239977177688,0.0
0.02,11,0.27,-0.0308796807441959,-0.1280267230396115,0.010837839978449892,0.010837839978449892
0.02,11,0.28,-0.0308494914717118,-0.188430094308228,2.5716080951755362,2.5716080951755362
0.02,11,0.29,-0.0346482826303604,-0.0765945611361018,1.937623392393311,1.937623392393311
0.02,11,0.3,-0.0323813826944338,-0.1496776264603629,-9.074489593822916,0.0
0.02,11,0.31,-0.0376418351595677,-0.2580843530125603,1.0953125358348892,1.0953125358348892
0.02,11,0.32,-0.037543069754685,-0.1277713757436651,7.789652714070631,7.789652714070631
0.02,11,0.33,-0.040197262674441,-0.1022912987311475,6.346571082517589,6.346571082517589
0.02,11,0.34,-0.039588895729308,-0.0008399540933132,-8.090237444097331,0.0
0.02,11,0.35,-0.0402140617563072,-0.2640960476130918,-7.107153632097164,0.0
0.02,11,0.36,-0.0448708166815698,-0.1429830267352541,12.523463561208995,12.523463561208995
0.02,11,0.37,-0.0430737222910123,-0.0136267763889117,-1.3824373687333784,0.0
0.02,11,0.38,-0.045143352209348,-0.1706317741099217,-5.940573089901919,0.0
0.02,11,0.39,-0.0464863577732107,-0.1324382381869502,1.5978000917044923,1.5978000917044923
0.02,11,0.4,-0.0477921169730871,-0.1386757722758318,4.642686986244808,4.642686986244808
0.02,11,0.41,-0.0492598732187274,-0.0395844984620548,-1.0328052662374398,0.0
0.02,11,0.42,-0.0485838069423281,-0.1593318776005818,-5.1762388017420005,0.0
0.02,11,0.43,-0.052446510770739,-0.1431092744968949,6.369718855717904,6.369718855717904
0.02,11,0.44,-0.051445992432266,-0.0319375004862236,1.4351660939891238,1.4351660939891238
0.02,11,0.45,-0.0530852607804635,-0.1144059526171124,-2.177674301255018,0.0
0.02,11,0.46,-0.0537341114846083,-0.075490986511324,8.749811474340017,8.749811474340017
0.02,11,0.47,-0.0545950805106899,0.0605902768696871,10.072987678834524,10.072987678834524
0.02,11,0.48,-0.0525223059472145,0.1259687670653657,-10.8950787278126,0.0
0.02,11,0.49,-0.0520757051693826,-0.1573112976865651,-23.260390453098204,0.0
0.02,11,0.5,-0.0556685319009458,-0.3392390419965987,6.17481941354429,6.17481941354429
0.02,11,0.51,-0.0588604860093146,-0.0338149094156792,12.364112755586856,12.364112755586856
0.02,11,0.52,-0.0563448300892594,-0.0919567868848614,-9.472644388432906,0.0
0.02,11,0.53,-0.0606996217470118,-0.2232677971843375,3.3809722612766926,3.3809722612766926
0.02,11,0.54,-0.0608101860329462,-0.0243373416593275,7.075250126287928,7.075250126287928
0.02,11,0.55,-0.0611863685801984,-0.0817627946585788,-3.5869313632042923,0.0
0.02,11,0.56,-0.0624454419261178,-0.0960759689234134,5.5117775988681466,5.5117775988681466
0.02,11,0.57,-0.0631078879586666,0.0284727573187821,4.226106270595032,4.226106270595032
0.02,11,0.58,-0.0618759867797421,-0.011553843511515,-3.8946724630714615,0.0
0.02,11,0.59,-0.0633389648288969,-0.0494206919426472,2.094017199127558,2.094017199127558
0.02,11,0.6,-0.062864400618595,0.0303265004710362,11.510847943407585,11.510847943407585
0.02,11,0.61,-0.0627324348194762,0.1807962669255047,-8.555472767810603,0.0
0.02,11,0.62,-0.0592484752800849,-0.140782954885176,-32.626666457986055,0.0
0.02,11,0.63,-0.0655480939171797,-0.4717370622342169,8.836068391336582,8.836068391336582
0.02,11,0.64,-0.0686832165247693,0.0359384129415558,14.02136623680067,14.02136623680067
0.02,11,0.65,-0.0648293256583486,-0.1913097374982033,-9.699765936199865,0.0
0.02,11,0.66,-0.0725094112747334,-0.1580569057824417,11.833344997710144,11.833344997710144
0.02,11,0.67,-0.0679904637739975,0.0453571624559998,3.2952397536637914,3.2952397536637914
0.02,11,0.68,-0.0716022680256134,-0.0921521107091658,0.7108592603409893,0.7108592603409893
0.02,11,0.69,-0.0698335059881808,0.0595743476628163,-1.511388134862357,0.0
0.02,11,0.7,-0.0704107810723571,-0.1223798734064165,-9.359705180111696,0.0
0.02,11,0.71,-0.0722811034563092,-0.1276197559394178,4.742295180287702,4.742295180287702
0.02,11,0.72,-0.0729631761911454,-0.0275339698006624,0.2689388466318592,0.2689388466318592
0.02,11,0.73,-0.0728317828523224,-0.1222409790067806,-9.492945278967397,0.0
0.02,11,0.74,-0.0754079957712811,-0.2173928753800105,5.106584983662451,5.106584983662451
0.02,11,0.75,-0.0771796403599226,-0.0201092793335315,4.571133738874187,4.571133738874187
0.02,11,0.76,-0.0758101813579517,-0.1259702006025267,20.179005339620517,20.179005339620517
0.02,11,0.77,-0.0796990443719732,0.3834708274588791,27.74996879678242,27.74996879678242
0.02,11,0.78,-0.0681407648087741,0.4290291753331221,-37.13749922946826,0.0
0.02,11,0.79,-0.0711184608653107,-0.3592791571304867,-27.817014292842334,0.0
0.02,11,0.8,-0.0753263479513838,-0.127311110523725,8.466223978004864,8.466223978004864
0.02,11,0.81,-0.0736646830757852,-0.1899546775703893,-4.116228299736941,0.0
0.02,11,0.82,-0.0791254415027915,-0.2096356765184639,30.901643397740926,30.901643397740926
0.02,11,0.83,-0.0778573966061544,0.4280781903844337,12.913738609256429,12.913738609256429
0.02,11,0.84,-0.0705638776951028,0.0486390956666649,-40.507479446759035,0.0
0.02,11,0.85,-0.0768846146928211,-0.3820713985507478,-3.5359262061969767,0.0
0.02,11,0.86,-0.0782053056661178,-0.0220794284572747,15.523453945532324,15.523453945532324
0.02,11,0.87,-0.0773262032619666,-0.071602319640101,-12.131146379460679,0.0
0.02,11,0.88,-0.0796373520589198,-0.2647023560464885,-3.1591680456370486,0.0
0.02,11,0.89,-0.0826202503828964,-0.134785680552842,19.278843524418804,19.278843524418804
0.02,11,0.9,-0.0823330656699766,0.1208745144418879,9.690946356963003,9.690946356963003
0.02,11,0.91,-0.0802027600940586,0.0590332465864182,-15.688609296352126,0.0
0.02,11,0.92,-0.0811524007382483,-0.1928976714851549,-11.001417387360165,0.0
0.02,11,0.93,-0.0840607135237617,-0.1609951011607853,-2.0818111165703765,0.0
0.02,11,0.94,-0.084372302761464,-0.2345338938165611,19.336379889407517,19.336379889407517
0.02,11,0.95,-0.088751391400093,0.2257324966273692,10.372883957904559,10.372883957904559
0.02,11,0.96,-0.0798576528289166,-0.0270762146584697,-20.090030398134907,0.0
0.02,11,0.97,-0.0892929156932624,-0.1760681113353293,19.725688752994163,19.725688752994163
0.02,11,0.98,-0.0833790150556232,0.3674375604014139,-14.611722254724079,0.0
0.02,11,0.99,-0.0819441644852341,-0.4683025564298111,-72.37638651499732,0.0
0.02,11,1.0,-0.0927450661842194,-1.0800901698985337,-61.1787613468722,0.0
0.02,12,0.01,-0.0003150561998499,-0.003328124890109,-0.23246051992523004,0.0
0.02,12,0.02,-0.000348337448751,-0.0056527300893613,-0.47792260448669016,0.0
0.02,12,0.03,-0.0004281108016371,-0.0128865769798428,-0.89795635681201,0.0
0.02,12,0.04,-0.0006060689883478,-0.0236118572256015,-1.2214563922022998,0.0
0.02,12,0.05,-0.0009003479461491,-0.0373157048238888,-1.4486155722257053,0.0
0.02,12,0.06,-0.0013523830848256,-0.0525841686701156,-1.6767534331658942,0.0
0.02,12,0.07,-0.0019520313195515,-0.0708507734872067,-1.4487716799340444,0.0
0.02,12,0.08,-0.0027693985545697,-0.0815596022687965,-1.0384087540628206,0.0
0.02,12,0.09,-0.0035832233649274,-0.0916189485684631,-1.1683805545603088,0.0
0.02,12,0.1,-0.004601777525939,-0.1049272133600027,-0.44542155519655413,0.0
0.02,12,0.11,-0.0056817676321274,-0.1005273796723942,-0.9837501642813011,0.0
0.02,12,0.12,-0.0066123251193869,-0.1246022166456287,-1.5727300981568302,0.0
0.02,12,0.13,-0.00817381196504,-0.1319819816355308,-0.47581200813258473,0.0
0.02,12,0.14,-0.0092519647520975,-0.1341184568082804,-3.7201275399558957,0.0
0.02,12,0.15,-0.0108561811012056,-0.2063845324346485,-2.0044321128017293,0.0
0.02,12,0.16,-0.0133796554007905,-0.1742070990643147,4.670257145750785,4.670257145750785
0.02,12,0.17,-0.0143403230824919,-0.1129793895196327,-0.07934743233443164,0.0
0.02,12,0.18,-0.0156392431911831,-0.175794047711003,-2.011551371790203,0.0
0.02,12,0.19,-0.017856204036712,-0.1532104169554365,0.8556585886197139,0.8556585886197139
0.02,12,0.2,-0.0187034515302919,-0.1586808759386087,-2.1606749985960993,0.0
0.02,12,0.21,-0.0210298215554841,-0.1964239169273584,3.7508408729593308,3.7508408729593308
0.02,12,0.22,-0.022631929868839,-0.0836640584794217,2.812983946931416,2.812983946931416
0.02,12,0.23,-0.0227031027250726,-0.14016423798873,-9.89343343146756,0.0
0.02,12,0.24,-0.0254352146286136,-0.2815327271087726,-2.138261158521968,0.0
0.02,12,0.25,-0.028333757267248,-0.1829294611591687,14.927497111933222,14.927497111933222
0.02,12,0.26,-0.029093803851797,0.0170172151298921,7.643192186887553,7.643192186887553
0.02,12,0.27,-0.0279934129646502,-0.0300656174214175,-8.445105501292623,0.0
0.02,12,0.28,-0.0296951162002253,-0.1518848948959605,-12.553422838033553,0.0
0.02,12,0.29,-0.0310311108625694,-0.281134074182088,-4.27872033055391,0.0
0.02,12,0.3,-0.0353177976838671,-0.2374593015070376,14.81259408876011,14.81259408876011
0.02,12,0.31,-0.0357802968927102,0.0151178075931144,6.321015485056219,6.321015485056219
0.02,12,0.32,-0.0350154415320048,-0.1110389918059131,-16.603465808238077,0.0
0.02,12,0.33,-0.0380010767288284,-0.3169515085716474,-4.637774248873366,0.0
0.02,12,0.34,-0.0413544717034378,-0.2037944767833805,9.138517843291762,9.138517843291762
0.02,12,0.35,-0.042076966264496,-0.1341811517058122,8.167895061495255,8.167895061495255
0.02,12,0.36,-0.044038094737554,-0.0404365755534756,4.033798675990607,4.033798675990607
0.02,12,0.37,-0.0428856977755655,-0.053505178186,-5.17231283163011,0.0
0.02,12,0.38,-0.045108198301274,-0.1438828321860779,-8.021328743228514,0.0
0.02,12,0.39,-0.0457633544192871,-0.2139317530505704,2.9709219826544073,2.9709219826544073
0.02,12,0.4,-0.0493868333622854,-0.0844643925329897,15.377231913825932,15.377231913825932
0.02,12,0.41,-0.0474526422699469,0.0936128852259474,-2.159748471583362,0.0
0.02,12,0.42,-0.0475145756577665,-0.1276593619646591,-16.78877176753706,0.0
0.02,12,0.43,-0.0500058295092401,-0.2421625501247941,-8.475926586667217,0.0
0.02,12,0.44,-0.0523578266602624,-0.2971778936980036,4.596774408594647,4.596774408594647
0.02,12,0.45,-0.0559493873832002,-0.1502270619529011,23.297168530275172,23.297168530275172
0.02,12,0.46,-0.0553623678993204,0.1687654769075002,11.701658844042235,11.701658844042235
0.02,12,0.47,-0.0525740778450502,0.0838061149279454,-19.571587729406964,0.0
0.02,12,0.48,-0.0536862456007616,-0.2226662776806396,-11.823104066417539,0.0
0.02,12,0.49,-0.057027403398663,-0.1526559664004056,15.960971446502066,15.960971446502066
0.02,12,0.5,-0.0567393649287697,0.096553151249402,5.158636045897676,5.158636045897676
0.02,12,0.51,-0.055096340373675,-0.049483245482452,-14.116843686677212,0.0
0.02,12,0.52,-0.0577290298384187,-0.1857837224841425,-3.4827117475021425,0.0
0.02,12,0.53,-0.0588120148233578,-0.1191374804324949,15.92735512125505,15.92735512125505
0.02,12,0.54,-0.0601117794470686,0.1327633799409588,1.587753483444284,1.587753483444284
0.02,12,0.55,-0.0561567472245386,-0.0873824107636092,-17.251422454452396,0.0
0.02,12,0.56,-0.0618594276623408,-0.2122650691480894,0.5883764144537222,0.5883764144537222
0.02,12,0.57,-0.0604020486075005,-0.0756148824745377,1.3275353447260834,1.3275353447260834
0.02,12,0.58,-0.0633717253118316,-0.1857143622535706,-4.941205326919455,0.0
0.02,12,0.59,-0.0641163358525719,-0.1744389890129269,5.371786768515836,5.371786768515836
0.02,12,0.6,-0.0668605050920902,-0.0782786268832538,15.69561021050865,15.69561021050865
0.02,12,0.61,-0.065681908390237,0.1394732151972464,-3.8793588548203126,0.0
0.02,12,0.62,-0.0640710407881452,-0.1558658039796601,-16.635719334539964,0.0
0.02,12,0.63,-0.0687992244698302,-0.1932411714935531,12.260127226934225,12.260127226934225
0.02,12,0.64,-0.0679358642180163,0.0893367405590246,18.91609994953845,18.91609994953845
0.02,12,0.65,-0.0670124896586497,0.1850808274972162,-5.07986312626444,0.0
0.02,12,0.66,-0.064234247668072,-0.0122605219662643,-24.75815081882255,0.0
0.02,12,0.67,-0.067257700097975,-0.3100821888792353,-7.56256756721598,0.0
0.02,12,0.68,-0.0704358914456567,-0.163511873310584,7.880974235589203,7.880974235589203
0.02,12,0.69,-0.0705279375641867,-0.1524627041674504,5.069489099191051,5.069489099191051
0.02,12,0.7,-0.0734851455290057,-0.0621220913267626,29.00092400257607,29.00092400257607
0.02,12,0.71,-0.0717703793907219,0.4275557758840715,7.460171002250439,7.460171002250439
0.02,12,0.72,-0.0649340300113243,0.0870813287182463,-35.731958571323815,0.0
0.02,12,0.73,-0.070028752816357,-0.2870833955424055,-16.89286451301988,0.0
0.02,12,0.74,-0.0706756979221724,-0.2507759615421516,9.368980222497587,9.368980222497587
0.02,12,0.75,-0.0750442720472,-0.0997037910924536,13.436687177700108,13.436687177700108
0.02,12,0.76,-0.0726697737440215,0.0179577820118508,-9.252499757144633,0.0
0.02,12,0.77,-0.074685116406963,-0.2847537862353464,-8.178752741234973,0.0
0.02,12,0.78,-0.0783648494687284,-0.1456172728128488,15.205657427907852,15.205657427907852
0.02,12,0.79,-0.07759746186322,0.0193593623228109,14.409978273803443,14.409978273803443
0.02,12,0.8,-0.0779776622222722,0.1425822926632203,24.36067781013352,24.36067781013352
0.02,12,0.81,-0.0747458160099556,0.5065729185254817,-9.487645435772315,0.0
0.02,12,0.82,-0.0678462038517626,-0.0471706160522149,-51.45602663063457,0.0
0.02,12,0.83,-0.075689228331,-0.5225476140872041,-5.754509670607286,0.0
0.02,12,0.84,-0.0782971561335067,-0.1622608094643607,26.83654818735519,26.83654818735519
0.02,12,0.85,-0.0789344445202873,0.0141833496599002,7.4866251176163034,7.4866251176163034
0.02,12,0.86,-0.0780134891403087,-0.0125283071120345,0.952753270885019,0.952753270885019
0.02,12,0.87,-0.0791850106625279,0.0332384150776006,0.17567114589871485,0.17567114589871485
0.02,12,0.88,-0.0773487208387567,-0.0090148841940602,-3.167554383167242,0.0
0.02,12,0.89,-0.0793653083464092,-0.0301126725857443,-10.46372071097225,0.0
0.02,12,0.9,-0.0779509742904716,-0.2182892984135054,0.6236599364586994,0.6236599364586994
0.02,12,0.91,-0.0837310943146793,-0.0176394738565703,18.23935859383741,18.23935859383741
0.02,12,0.92,-0.078303763767603,0.1464978734632431,-5.39906821382929,0.0
0.02,12,0.93,-0.0808011368454144,-0.1256208381331562,-17.59121784942394,0.0
0.02,12,0.94,-0.0808161805302661,-0.2053264835252362,-3.4231114917915555,0.0
0.02,12,0.95,-0.0849076665159191,-0.194083067968986,10.215510501571586,10.215510501571586
0.02,12,0.96,-0.0846978418896458,-0.0010162734938043,5.7391806249868145,5.7391806249868145
0.02,12,0.97,-0.0849279919857952,-0.0792994554692496,1.8913801939549735,1.8913801939549735
0.02,12,0.98,-0.0862838309990308,0.0368113303852952,14.31720054174733,14.31720054174733
0.02,12,0.99,-0.0841917653780893,0.2070445553656972,8.403560912597383,8.403560912597383
0.02,12,1.0,-0.0821429398917169,0.204882548637243,-0.21620067284542058,0.0
0.02,13,0.01,-0.0010257549209499,-0.0073570031297046,-0.3627772955063599,0.0
0.02,13,0.02,-0.001099324952247,-0.0109847760847682,-0.6303801459555554,0.0
0.02,13,0.03,-0.0012454504426453,-0.0199646060488157,-1.06171044156399,0.0
0.02,13,0.04,-0.0014986170732233,-0.032218984916048,-1.3483300383506145,0.0
0.02,13,0.05,-0.0018898301409662,-0.046931206815828,-1.569492891314405,0.0
0.02,13,0.06,-0.0024372412095398,-0.0636088427423361,-1.5431276126219848,0.0
0.02,13,0.07,-0.003162006995813,-0.0777937590682677,-1.7007385397576655,0.0
0.02,13,0.08,-0.0039931163909052,-0.0976236135374894,-1.8311509613924408,0.0
0.02,13,0.09,-0.0051144792665627,-0.1144167782961165,-1.7540685703382648,0.0
0.02,13,0.1,-0.0062814519568275,-0.1327049849442547,-0.38969762904233285,0.0
0.02,13,0.11,-0.0077685789654478,-0.1222107308769632,1.0475132138357006,1.0475132138357006
0.02,13,0.12,-0.0087256665743668,-0.1117547206675407,-1.081568789425261,0.0
0.02,13,0.13,-0.0100036733787987,-0.1438421066654685,-1.0260781965580295,0.0
0.02,13,0.14,-0.0116025087076762,-0.1322762845987013,-2.8919171708402818,0.0
0.02,13,0.15,-0.0126491990707727,-0.2016804500822739,-3.531821613824281,0.0
0.02,13,0.16,-0.0156361177093216,-0.2029127168751867,4.236476071741556,4.236476071741556
0.02,13,0.17,-0.0167074534082764,-0.1169509286474427,6.7682972087584075,6.7682972087584075
0.02,13,0.18,-0.0179751362822705,-0.0675467727000185,-1.649861530804837,0.0
0.02,13,0.19,-0.0180583888622768,-0.1499481592635398,-8.175757974233157,0.0
0.02,13,0.2,-0.0209740994675413,-0.2310619321846818,-1.2606133843599272,0.0
0.02,13,0.21,-0.0226796275059704,-0.1751604269507387,1.0632783441039848,1.0632783441039848
0.02,13,0.22,-0.0244773080065561,-0.2097963653026024,3.7542031697226115,3.7542031697226115
0.02,13,0.23,-0.0268755548120225,-0.1000763635562864,0.09929513815965052,0.09929513815965052
0.02,13,0.24,-0.0264788352776818,-0.2078104625394088,-4.301862979956069,0.0
0.02,13,0.25,-0.0310317640628107,-0.1861136231554074,8.131383641943682,8.131383641943682
0.02,13,0.26,-0.03020110774079,-0.045182789700535,0.18250931763079414,0.18250931763079414
0.02,13,0.27,-0.0319354198568214,-0.1824634368027915,-5.370580884835255,0.0
0.02,13,0.28,-0.0338503764768458,-0.1525944073972402,-3.1343720364697205,0.0
0.02,13,0.29,-0.0349873080047662,-0.2451508775321851,0.4495458902831331,0.4495458902831331
0.02,13,0.3,-0.0387533940274895,-0.1436034895915765,13.638570971001368,13.638570971001368
0.02,13,0.31,-0.0378593777965977,0.0276205418878425,-2.8590851216926927,0.0
0.02,13,0.32,-0.0382009831897327,-0.2007851920254304,-14.472368137665853,0.0
0.02,13,0.33,-0.0418750816371063,-0.2618268208654748,5.852577939726151,5.852577939726151
0.02,13,0.34,-0.0434375196070422,-0.0837336332309073,12.366076274667808,12.366076274667808
0.02,13,0.35,-0.0435497543017245,-0.0145052953721185,-1.5018896219065807,0.0
0.02,13,0.36,-0.0437276255144845,-0.1137714256690398,-7.839488067343353,0.0
0.02,13,0.37,-0.0458251828151053,-0.1712950567189857,6.735933882598864,6.735933882598864
0.02,13,0.38,-0.0471535266488643,0.0209472519829376,5.327466004295121,5.327466004295121
0.02,13,0.39,-0.0454062377754465,-0.0647457366330832,-16.930194468157932,0.0
0.02,13,0.4,-0.0484484413815259,-0.3176566373802214,2.014583134553115,2.014583134553115
0.02,13,0.41,-0.0517593705230509,-0.024454073942024,9.408320556380339,9.408320556380339
0.02,13,0.42,-0.0489375228603664,-0.1294902262526172,0.4282690277964045,0.4282690277964045
0.02,13,0.43,-0.0543491750481033,-0.0158886933860959,9.79831855503602,9.79831855503602
0.02,13,0.44,-0.0492552967280883,0.0664761448481034,-10.035459871899882,0.0
0.02,13,0.45,-0.0530196521511412,-0.2165978908240937,-1.4329983759218285,0.0
0.02,13,0.46,-0.0535872545445702,0.0378161773296668,5.934560572186942,5.934560572186942
0.02,13,0.47,-0.0522633286045479,-0.0979066793803529,-13.185509571667758,0.0
0.02,13,0.48,-0.0555453881321773,-0.2258940141036878,2.4928644775171085,2.4928644775171085
0.02,13,0.49,-0.0567812088866216,-0.0480493898300107,0.5191350242762294,0.5191350242762294
0.02,13,0.5,-0.0565063759287775,-0.2155113136181632,2.266537271496993,2.266537271496993
0.02,13,0.51,-0.0610914351589849,-0.0027186444000708,17.56416889595161,17.56416889595161
0.02,13,0.52,-0.0565607488167789,0.1357720643008693,-18.242445076822897,0.0
0.02,13,0.53,-0.0583759938729675,-0.367567545936529,-15.060048757880212,0.0
0.02,13,0.54,-0.0639120997355095,-0.1654289108567352,24.630919454519734,24.630919454519734
0.02,13,0.55,-0.0616845720901022,0.1250508431538661,-0.6066714104884028,0.0
0.02,13,0.56,-0.0614110828724322,-0.1775623390665033,-23.475850925485858,0.0
0.02,13,0.57,-0.0652358188714322,-0.3444661753558504,12.58014479814422,12.58014479814422
0.02,13,0.58,-0.0683004063795491,0.0740405568963864,22.55763231867833,22.55763231867833
0.02,13,0.59,-0.0637550077335045,0.1066864710177166,4.412425879359501,4.412425879359501
0.02,13,0.6,-0.0661666769591948,0.1622890744835765,-4.891257375239741,0.0
0.02,13,0.61,-0.060509226243833,0.0088613235129217,-26.997474095791446,0.0
0.02,13,0.62,-0.0659894504889364,-0.3776604074322529,-6.471383357277579,0.0
0.02,13,0.63,-0.068062434392478,-0.12056634363263,22.725028781346452,22.725028781346452
0.02,13,0.64,-0.068400777361589,0.0768401681946766,9.094486652835773,9.094486652835773
0.02,13,0.65,-0.0665256310285845,0.0613233894240856,-16.60405379878998,0.0
0.02,13,0.66,-0.0671743095731073,-0.2552409077811233,-8.835512073819482,0.0
0.02,13,0.67,-0.071630449184207,-0.1153868520523042,12.220150410228984,12.220150410228984
0.02,13,0.68,-0.0694820466141533,-0.0108378995765434,4.86284695953854,4.86284695953854
0.02,13,0.69,-0.0718472071757378,-0.0181299128615326,-1.4313019729971885,0.0
0.02,13,0.7,-0.0698446448713839,-0.0394639390364872,-9.716323469655022,0.0
0.02,13,0.71,-0.0726364859564675,-0.2124563822546332,-7.131616567178865,0.0
0.02,13,0.72,-0.0740937725164766,-0.1820962703800646,22.38924644548532,22.38924644548532
0.02,13,0.73,-0.0762784113640688,0.2353285466550736,24.03431357224173,24.03431357224173
0.02,13,0.74,-0.0693872015833751,0.2985900010647704,-24.984956469541572,0.0
0.02,13,0.75,-0.0703066113427734,-0.2643705827357583,-29.83401618740282,0.0
0.02,13,0.76,-0.0746746132380903,-0.2980903226832865,27.08365448863441,27.08365448863441
0.02,13,0.77,-0.0762684177964392,0.2773025070369304,19.004524578408578,19.004524578408578
0.02,13,0.78,-0.0691285630973517,0.0820001688848854,-41.413375445343256,0.0
0.02,13,0.79,-0.0746284144187414,-0.5509650018699355,-8.852843795742036,0.0
0.02,13,0.8,-0.0801478631347504,-0.0950567070299555,36.952454002560586,36.952454002560586
0.02,13,0.81,-0.0765295485593406,0.1880840781812769,-3.026841789219443,0.0
0.02,13,0.82,-0.0763861815711249,-0.1555935428143371,-16.22602241142271,0.0
0.02,13,0.83,-0.0796414194156273,-0.1364363700471718,24.146555563208107,24.146555563208107
0.02,13,0.84,-0.0791149089720683,0.3273375684498254,2.974437164621692,2.974437164621692
0.02,13,0.85,-0.0730946680466308,-0.0769476267547379,-24.747383526308738,0.0
0.02,13,0.86,-0.0806538615071631,-0.1676101020763498,5.31596216630966,5.31596216630966
0.02,13,0.87,-0.0764468700881578,0.0293716165714554,2.6707464940679717,2.6707464940679717
0.02,13,0.88,-0.0800664291757339,-0.1141951721949903,2.612312961453033,2.612312961453033
0.02,13,0.89,-0.0787307735320576,0.0816178758005161,8.764562371979503,8.764562371979503
0.02,13,0.9,-0.0784340716597236,0.0610960752445999,0.5240338746811393,0.5240338746811393
0.02,13,0.91,-0.0775088520271656,0.0920985532941389,-8.093115975444478,0.0
0.02,13,0.92,-0.0765921005938408,-0.1007662442642898,-12.800613564814018,0.0
0.02,13,0.93,-0.0795241769124514,-0.1639137180021417,-2.9527893322277965,0.0
0.02,13,0.94,-0.0798703749538837,-0.1598220309088462,-7.61516387701594,0.0
0.02,13,0.95,-0.0827206175306284,-0.3162169955424616,1.508399822123784,1.508399822123784
0.02,13,0.96,-0.0861947148647329,-0.1296540344663705,23.89894181828802,23.89894181828802
0.02,13,0.97,-0.0853136982199558,0.1617618408232992,10.227505518566891,10.227505518566891
0.02,13,0.98,-0.0829594780482669,0.0748960759049675,7.922093233367585,7.922093233367585
0.02,13,0.99,-0.0838157767018565,0.320203705490651,32.557060021764315,32.557060021764315
0.02,13,1.0,-0.0765554039384539,0.7260372763402544,40.5833570849603,40.5833570849603
0.02,14,0.01,-0.0002959621227095,-0.0033381391245087,-0.21772434050435996,0.0
0.02,14,0.02,-0.0003293435139546,-0.0055153825295523,-0.4201632649056152,0.0
0.02,14,0.03,-0.0004062697733006,-0.011741404422621,-0.7818405198864449,0.0
0.02,14,0.04,-0.000564171602407,-0.0211521929272812,-1.2022233463326546,0.0
0.02,14,0.05,-0.0008293136318462,-0.0357858713492741,-1.6180576748598308,0.0
0.02,14,0.06,-0.0012798890293925,-0.0535133464244778,-1.5800775176451403,0.0
0.02,14,0.07,-0.0018995805603357,-0.0673874217021769,-1.4219779689940104,0.0
0.02,14,0.08,-0.002627637463436,-0.081952905804358,-1.7438114995663359,0.0
0.02,14,0.09,-0.0035386386764229,-0.1022636516935036,-1.1555329289597704,0.0
0.02,14,0.1,-0.0046729104973061,-0.1050635643835534,-0.17303929358305492,0.0
0.02,14,0.11,-0.005639909964094,-0.1057244375651647,-0.6901622114156503,0.0
0.02,14,0.12,-0.0067873992486094,-0.1188668086118664,-1.823790653971339,0.0
0.02,14,0.13,-0.0080172461363313,-0.1422002506445915,-2.1153368598327535,0.0
0.02,14,0.14,-0.0096314042615012,-0.1611735458085215,1.1363880698594482,1.1363880698594482
0.02,14,0.15,-0.0112407170525017,-0.1194724892474027,-0.22024948454863136,0.0
0.02,14,0.16,-0.0120208540464493,-0.1655785354994944,-4.225713459033222,0.0
0.02,14,0.17,-0.0145522877624916,-0.2039867584280672,2.4076453073096777,2.4076453073096777
0.02,14,0.18,-0.0161005892150106,-0.1174256293533012,3.497137203247438,3.497137203247438
0.02,14,0.19,-0.0169008003495577,-0.1340440143631188,-3.3884240762094766,0.0
0.02,14,0.2,-0.018781469502273,-0.1851941108774908,-2.003732258979661,0.0
0.02,14,0.21,-0.0206046825671075,-0.1741186595427122,0.4894053153229585,0.4894053153229585
0.02,14,0.22,-0.0222638426931273,-0.1754060045710317,-1.7401391748532955,0.0
0.02,14,0.23,-0.0241128026585281,-0.2089214430397781,-0.33903944664475283,0.0
0.02,14,0.24,-0.0264422715539228,-0.1821867935039269,11.467861891528978,11.467861891528978
0.02,14,0.25,-0.0277565385286066,0.0204357947908018,3.833696863593403,3.833696863593403
0.02,14,0.26,-0.0260335556581068,-0.1055128562320588,-13.969638854747423,0.0
0.02,14,0.27,-0.0298667956532478,-0.2589569823041469,-1.4897947572982133,0.0
0.02,14,0.28,-0.0312126953041897,-0.1353087513780231,3.3280734425668133,3.3280734425668133
0.02,14,0.29,-0.0325729706808083,-0.1923955134528097,-7.199455069410471,0.0
0.02,14,0.3,-0.0350606055732459,-0.2792978527662324,3.6090581153074828,3.6090581153074828
0.02,14,0.31,-0.0381589277361329,-0.12021435114666,7.661753322136429,7.661753322136429
0.02,14,0.32,-0.0374648925961791,-0.1260627863235037,5.35947268687904,5.35947268687904
0.02,14,0.33,-0.040680183462603,-0.0130248974090791,5.7533548656814,5.7533548656814
0.02,14,0.34,-0.0377253905443607,-0.0109956890098756,-13.737367957315572,0.0
0.02,14,0.35,-0.0409000972428005,-0.2877722565553884,-3.0612694063138473,0.0
0.02,14,0.36,-0.0434808356754685,-0.0722210771361497,7.28371308045736,7.28371308045736
0.02,14,0.37,-0.0423445187855235,-0.1420979949462411,-5.889867060860984,0.0
0.02,14,0.38,-0.0463227955743933,-0.1900184183533695,7.353970981566708,7.353970981566708
0.02,14,0.39,-0.0461448871525909,0.0049814246850932,10.29466157497375,10.29466157497375
0.02,14,0.4,-0.0462231670806914,0.0158748131461057,-2.132664713573847,0.0
0.02,14,0.41,-0.0458273908896688,-0.0376718695863833,-13.713542290317893,0.0
0.02,14,0.42,-0.0469766044724191,-0.2583960326602526,-4.128046213445131,0.0
0.02,14,0.43,-0.0509953115428738,-0.120232793855286,10.552612415676196,10.552612415676196
0.02,14,0.44,-0.0493812603495249,-0.0473437843467285,-4.541383128017481,0.0
0.02,14,0.45,-0.0519421872298084,-0.2110604564156357,3.395935127664442,3.395935127664442
0.02,14,0.46,-0.0536024694778376,0.0205749182065604,7.230217572432709,7.230217572432709
0.02,14,0.47,-0.0515306888656772,-0.06645610496698,-13.08898663183404,0.0
0.02,14,0.48,-0.0549315915771772,-0.2412048144301204,-5.565722474063925,0.0
0.02,14,0.49,-0.0563547851542796,-0.1777705544482586,13.675727311991762,13.675727311991762
0.02,14,0.5,-0.0584870026661424,0.0323097318097151,8.140586173320912,8.140586173320912
0.02,14,0.51,-0.0557085905180853,-0.0149588309818402,-7.301168495838984,0.0
0.02,14,0.52,-0.0587861792857792,-0.1137136381070647,-2.7688323466218625,0.0
0.02,14,0.53,-0.0579828632802266,-0.0703354779142775,1.1121649265969138,1.1121649265969138
0.02,14,0.54,-0.0601928888440647,-0.0914703395751264,16.80276442072482,16.80276442072482
0.02,14,0.55,-0.0598122700717291,0.2657198105002192,-7.582933670673787,0.0
0.02,14,0.56,-0.0548784926340603,-0.2431290129886023,-35.246859437505904,0.0
0.02,14,0.57,-0.064674850331501,-0.4392173782498991,25.56040174051609,25.56040174051609
0.02,14,0.58,-0.0636628401990582,0.2680790218217272,22.9154035064655,22.9154035064655
0.02,14,0.59,-0.0593132698950664,0.0190906918794113,-35.72560054571387,0.0
0.02,14,0.6,-0.0632810263614699,-0.4464329890925507,-9.567005985757536,0.0
0.02,14,0.61,-0.0682419296769175,-0.1722494278357396,28.498935204116208,28.498935204116208
0.02,14,0.62,-0.0667260149181847,0.123545714989774,15.467972023484187,15.467972023484187
0.02,14,0.63,-0.065771015377122,0.1371100126339444,-16.57878109081186,0.0
0.02,14,0.64,-0.0639838146655058,-0.2080299068264635,-5.404474927441005,0.0
0.02,14,0.65,-0.0699316135136513,0.0290205140851242,24.893368677166073,24.893368677166073
0.02,14,0.66,-0.0634034043838034,0.2898374667168584,-6.788966337990854,0.0
0.02,14,0.67,-0.0641348641793141,-0.106758812674693,-25.220971187421814,0.0
0.02,14,0.68,-0.0655385806372972,-0.2145819570315783,-10.05760830506523,0.0
0.02,14,0.69,-0.0684265033199456,-0.3079109787759968,6.549695677452125,6.549695677452125
0.02,14,0.7,-0.0716968002128171,-0.0835880434825329,7.2659043140980355,7.2659043140980355
0.02,14,0.71,-0.0700982641895963,-0.162592892494036,15.763276940623147,15.763276940623147
0.02,14,0.72,-0.0749486580626979,0.2316774953299303,11.01216700995749,11.01216700995749
0.02,14,0.73,-0.0654647142829977,0.057650447705114,-25.264042629943283,0.0
0.02,14,0.74,-0.0737956491085956,-0.2736033572689358,-9.367541688527988,0.0
0.02,14,0.75,-0.0709367814283764,-0.1297003860654459,-2.239997641595725,0.0
0.02,14,0.76,-0.0763896568299045,-0.3184033101008503,8.174940563938847,8.174940563938847
0.02,14,0.77,-0.0773048476303934,0.0337984252133312,19.80901356756695,19.80901356756695
0.02,14,0.78,-0.0757136883256379,0.077776961250489,-4.905538782859811,0.0
0.02,14,0.79,-0.0757493084053836,-0.0643123504438651,-0.3671024072228195,0.0
0.02,14,0.8,-0.0769999353345152,0.0704349131060326,-7.610489271092998,0.0
0.02,14,0.81,-0.074340610143263,-0.2165221358657252,-6.564977033820664,0.0
0.02,14,0.82,-0.0813303780518295,-0.060864627570385,17.39760361105042,17.39760361105042
0.02,14,0.83,-0.0755579026946705,0.131429936355282,-9.536832491884386,0.0
0.02,14,0.84,-0.0787017793247239,-0.2516012774080729,-15.38171746928854,0.0
0.02,14,0.85,-0.080589928242832,-0.1762044130304891,7.781998204843194,7.781998204843194
0.02,14,0.86,-0.0822258675853337,-0.0959613133112089,25.433475933669687,25.433475933669687
0.02,14,0.87,-0.0825091545090562,0.3324651056429051,6.632299449024869,6.632299449024869
0.02,14,0.88,-0.0755765654724756,0.0366846756692886,-31.213332847118664,0.0
0.02,14,0.89,-0.0817754609956704,-0.2918015512994687,-2.6666775844622777,0.0
0.02,14,0.9,-0.081412596498465,-0.016648876019957,19.13688669950378,19.13688669950378
0.02,14,0.91,-0.0821084385160695,0.0909361826906072,-7.686703081479154,0.0
0.02,14,0.92,-0.0795938728446528,-0.1703829376495402,-24.037774517662005,0.0
0.02,14,0.93,-0.0855160972690603,-0.3898193076626333,18.411444493458834,18.411444493458834
0.02,14,0.94,-0.0873902589979055,0.1978459522196258,18.959787807405394,18.959787807405394
0.02,14,0.95,-0.0815591782246678,-0.010623551514536,-25.139846353520113,0.0
0.02,14,0.96,-0.0876027300281962,-0.3049509748507768,1.3692223114061188,1.3692223114061188
0.02,14,0.97,-0.0876581977216833,0.0167608947135864,32.01224162049276,32.01224162049276
0.02,14,0.98,-0.0872675121339245,0.3352938575590789,12.40641432211288,12.40641432211288
0.02,14,0.99,-0.0809523205705017,0.2648891811558442,-21.851732579483148,0.0
0.02,14,1.0,-0.0819697285108076,-0.1017407940305844,-36.662997518642825,0.0
0.02,15,0.01,-0.0002839154120716,-0.0047368397131473,-0.3380800207269199,0.0
0.02,15,0.02,-0.0003312838092031,-0.0081176399204165,-0.6345017588737752,0.0
0.02,15,0.03,-0.0004462682104799,-0.0174268748906228,-1.24739283293729,0.0
0.02,15,0.04,-0.0006798213070155,-0.0330654965791623,-1.6668104956271095,0.0
0.02,15,0.05,-0.0011075781420632,-0.050763084803165,-1.7777228701385501,0.0
0.02,15,0.06,-0.0016950830030788,-0.0686199539819333,-1.7561183667790994,0.0
0.02,15,0.07,-0.0024799772217018,-0.085885452138747,-1.5788766554176052,0.0
0.02,15,0.08,-0.0034127920458538,-0.1001974870902854,-0.6675364820858807,0.0
0.02,15,0.09,-0.0044839269635075,-0.0992361817804646,-2.124431243567786,0.0
0.02,15,0.1,-0.0053975156814631,-0.1426861119616412,-0.860163009796576,0.0
0.02,15,0.11,-0.0073376492027404,-0.1164394419763962,-0.7172950820409065,0.0
0.02,15,0.12,-0.007726304520991,-0.1570320136024593,-2.0738822161999266,0.0
0.02,15,0.13,-0.0104782894747896,-0.1579170863003947,3.3152387641732073,3.3152387641732073
0.02,15,0.14,-0.0108846462469989,-0.0907272383189951,-0.9479745619836031,0.0
0.02,15,0.15,-0.0122928342411694,-0.1768765775400663,-5.472191821401331,0.0
0.02,15,0.16,-0.0144221777978002,-0.2001710747470215,0.0006942027095000469,0.0006942027095000469
0.02,15,0.17,-0.0162962557361099,-0.1768626934858763,-1.0190122690427685,0.0
0.02,15,0.18,-0.0179594316675177,-0.2205513201278767,-3.753480465719285,0.0
0.02,15,0.19,-0.0207072821386674,-0.2519323028002619,3.5946643083318577,3.5946643083318577
0.02,15,0.2,-0.022998077723523,-0.1486580339612395,9.334712358447637,9.334712358447637
0.02,15,0.21,-0.0236804428178922,-0.0652380556313092,0.7956101147673866,0.7956101147673866
0.02,15,0.22,-0.0243028388361492,-0.1327458316658922,-8.894752030245304,0.0
0.02,15,0.23,-0.0263353594512101,-0.2431330962362154,-1.1620862826261371,0.0
0.02,15,0.24,-0.0291655007608735,-0.1559875573184155,5.212547827092639,5.212547827092639
0.02,15,0.25,-0.0294551105975784,-0.1388821396943629,-5.4203675873752815,0.0
0.02,15,0.26,-0.0319431435547607,-0.2643949090659212,-0.769132414253149,0.0
0.02,15,0.27,-0.0347430087788968,-0.1542647879794259,7.854900293906604,7.854900293906604
0.02,15,0.28,-0.0350284393143492,-0.107296903187789,2.095739331002293,2.095739331002293
0.02,15,0.29,-0.0368889468426526,-0.1123500013593798,1.2448979279936534,1.2448979279936534
0.02,15,0.3,-0.0372754393415368,-0.0823989446279158,-2.3957973958730037,0.0
0.02,15,0.31,-0.0385369257352109,-0.1602659492768399,-8.610093357645201,0.0
0.02,15,0.32,-0.0404807583270736,-0.25460081178082,1.9715161826688332,1.9715161826688332
0.02,15,0.33,-0.0436289419708273,-0.1208356256234632,15.794477539555821,15.794477539555821
0.02,15,0.34,-0.0428974708395429,0.0612887390102967,-1.0119073877026938,0.0
0.02,15,0.35,-0.0424031671906214,-0.1410737733775149,-6.158085533982115,0.0
0.02,15,0.36,-0.0457189463070932,-0.0618729716693438,-0.2768056500961338,0.0
0.02,15,0.37,-0.0436406266240082,-0.1466098863794376,-8.048690888277413,0.0
0.02,15,0.38,-0.048651144034682,-0.2228467894348922,5.735649315724674,5.735649315724674
0.02,15,0.39,-0.0480975624127061,-0.031896900064944,8.497169321063053,8.497169321063053
0.02,15,0.4,-0.0492890820359809,-0.052903403013631,7.2848940705352705,7.2848940705352705
0.02,15,0.41,-0.0491556304729787,0.1138009813457601,-8.99923028366324,0.0
0.02,15,0.42,-0.0470130624090656,-0.2328880086868983,-25.665585721288963,0.0
0.02,15,0.43,-0.0538133906467167,-0.3995107330800196,13.030618611338237,13.030618611338237
0.02,15,0.44,-0.055003277070666,0.0277243635398667,21.26331056068562,21.26331056068562
0.02,15,0.45,-0.0532589033759193,0.0257554781336932,-6.245436321162559,0.0
0.02,15,0.46,-0.0544881675079922,-0.0971843628833846,-5.740341581067655,0.0
0.02,15,0.47,-0.055202590633587,-0.0890513534876604,-5.027902779080272,0.0
0.02,15,0.48,-0.0562691945777454,-0.1977424184649905,-5.657711272514351,0.0
0.02,15,0.49,-0.0591574390028868,-0.2022055789379475,9.505619453199426,9.505619453199426
0.02,15,0.5,-0.0603133061565044,-0.0076300294010018,11.90642851022273,11.90642851022273
0.02,15,0.51,-0.0593100395909069,0.0359229912665073,-4.117477108360677,0.0
0.02,15,0.52,-0.0595948463311742,-0.0899795715682154,-9.756631478248602,0.0
0.02,15,0.53,-0.0611096310222712,-0.1592096382984649,17.990056167125196,17.990056167125196
0.02,15,0.54,-0.0627790390971435,0.2698215517742888,16.341863929394854,16.341863929394854
0.02,15,0.55,-0.0557131999867854,0.1676276402894325,-38.8112313192087,0.0
0.02,15,0.56,-0.0594264862913548,-0.506403074609886,-21.400514867886482,0.0
0.02,15,0.57,-0.065841261478983,-0.2603826570683054,38.17419307135415,38.17419307135415
0.02,15,0.58,-0.0646341394327209,0.2570807868171965,8.056444649040397,8.056444649040397
0.02,15,0.59,-0.0606996457426391,-0.0992537640874973,-28.878172897791774,0.0
0.02,15,0.6,-0.0666192147144708,-0.3204826711386395,7.804755831683062,7.804755831683062
0.02,15,0.61,-0.0671092991654119,0.0568413525461641,33.59778174383942,33.59778174383942
0.02,15,0.62,-0.0654823876635475,0.3514729637381495,-9.611301409010972,0.0
0.02,15,0.63,-0.0600798398906489,-0.1353846756340555,-33.04748870540479,0.0
0.02,15,0.64,-0.0681900811762286,-0.3094768103699468,4.657886957834687,4.657886957834687
0.02,15,0.65,-0.0662693760980479,-0.0422269364773617,15.197555882124272,15.197555882124272
0.02,15,0.66,-0.0690346199057759,-0.0055256927274611,14.140093214357037,14.140093214357037
0.02,15,0.67,-0.0663798899525971,0.2405749278097793,-11.97304613900182,0.0
0.02,15,0.68,-0.0642231213495803,-0.2449866155074977,-29.02497883322817,0.0
0.02,15,0.69,-0.0712796222627469,-0.3399246488547858,8.086856964738448,8.086856964738448
0.02,15,0.7,-0.0710216143266759,-0.0832494762127256,27.354327716792064,27.354327716792064
0.02,15,0.71,-0.0729446117870014,0.207161905481056,1.9020833026690336,1.9020833026690336
0.02,15,0.72,-0.0668783762170548,-0.0452078101593449,-4.171087934602342,0.0
0.02,15,0.73,-0.0738487679901883,0.1237401467890091,9.268936117526803,9.268936117526803
0.02,15,0.74,-0.0644035732812746,0.1401709121911913,-23.942602878714013,0.0
0.02,15,0.75,-0.0710453497463645,-0.3551119107852716,-4.074066850265742,0.0
0.02,15,0.76,-0.07150581149698,0.0586895751858764,12.560366805692691,12.560366805692691
0.02,15,0.77,-0.0698715582426469,-0.1039045746714175,-17.20405847393125,0.0
0.02,15,0.78,-0.0735839029904084,-0.2853915942927489,0.03500056910070537,0.03500056910070537
0.02,15,0.79,-0.0755793901285019,-0.1032045632894034,15.946059358634137,15.946059358634137
0.02,15,0.8,-0.0756479942561964,0.0335295928799341,-8.278862637242973,0.0
0.02,15,0.81,-0.0749087982709032,-0.268781816034263,-8.69476183294517,0.0
0.02,15,0.82,-0.0810236305768816,-0.1403656437789733,26.87973310740309,26.87973310740309
0.02,15,0.83,-0.0777161111464826,0.2688128461137995,2.223067661422373,2.223067661422373
0.02,15,0.84,-0.0756473736546056,-0.0959042905505258,-10.554481758655072,0.0
0.02,15,0.85,-0.0796341969574931,0.0577232109406979,-5.81595862214259,0.0
0.02,15,0.86,-0.0744929094357916,-0.2122234629933777,-15.093885502702632,0.0
0.02,15,0.87,-0.0838786662173607,-0.244154499113355,26.9994676345894,26.9994676345894
0.02,15,0.88,-0.0793759994180587,0.3277658896984108,22.31133922647888,22.31133922647888
0.02,15,0.89,-0.0773233484233924,0.2020722854162229,-14.443674742496162,0.0
0.02,15,0.9,-0.0753345537097343,0.0388923948484873,-36.009218072819266,0.0
0.02,15,0.91,-0.0765455005264227,-0.518112076040163,-16.009282329314935,0.0
0.02,15,0.92,-0.0856967952305375,-0.2812932517378117,34.15366399628482,34.15366399628482
0.02,15,0.93,-0.0821713655611789,0.1649612038855341,10.089595397491388,10.089595397491388
0.02,15,0.94,-0.0823975711528268,-0.0795013437879772,-11.83010387632636,0.0
0.02,15,0.95,-0.0837613924369385,-0.0716408736409892,0.015707332032735,0.015707332032735
0.02,15,0.96,-0.0838303886256466,-0.0791871971473225,-2.034572369032173,0.0
0.02,15,0.97,-0.0853451363798849,-0.1123323210216327,3.3828421322201723,3.3828421322201723
0.02,15,0.98,-0.0860770350460793,-0.011530354502919,-1.3030400763782692,0.0
0.02,15,0.99,-0.0855757434699433,-0.1383931225491981,-15.769252410453662,0.0
0.02,15,1.0,-0.0888448974970632,-0.3269154027119925,-18.852228016279422,0.0
0.02,16,0.01,-0.0001320700984376,-0.0013210184145076,-0.10286302853397,0.0
0.02,16,0.02,-0.0001452802825827,-0.0023496486998473,-0.19265124687736507,0.0
0.02,16,0.03,-0.0001790630724346,-0.0051740433520549,-0.42426807967669,0.0
0.02,16,0.04,-0.0002487611496238,-0.0108350102933811,-0.7518111569601448,0.0
0.02,16,0.05,-0.0003957632783022,-0.0202102664912578,-1.04109603165347,0.0
0.02,16,0.06,-0.000652966479449,-0.0316569309264505,-1.1696059683885798,0.0
0.02,16,0.07,-0.0010289018968312,-0.0436023858590294,-1.2651816228556503,0.0
0.02,16,0.08,-0.0015250141966296,-0.0569605633835635,-1.103476558526336,0.0
0.02,16,0.09,-0.0021681131645025,-0.0656719170295561,-1.1028943978182193,0.0
0.02,16,0.1,-0.0028384525372207,-0.0790184513399279,-1.1122285047624851,0.0
0.02,16,0.11,-0.003748482191301,-0.0879164871248058,-0.7107480948539759,0.0
0.02,16,0.12,-0.0045967822797168,-0.0932334132370074,-1.202983323683629,0.0
0.02,16,0.13,-0.0056131504560412,-0.1119761535984784,-1.6810213294337526,0.0
0.02,16,0.14,-0.0068363053516864,-0.1268538398256825,-1.1976939509306943,0.0
0.02,16,0.15,-0.0081502272525548,-0.1359300326170923,-0.46882627231040175,0.0
0.02,16,0.16,-0.0095549060040282,-0.1362303652718905,1.8990283472688683,1.8990283472688683
0.02,16,0.17,-0.0108748345579927,-0.0979494656717149,4.383195098917864,4.383195098917864
0.02,16,0.18,-0.0115138953174625,-0.0485664632935333,-0.42435095089129593,0.0
0.02,16,0.19,-0.0118461638238633,-0.1064364846895411,-11.546885546737231,0.0
0.02,16,0.2,-0.0136426250112533,-0.2795041742282781,-5.65399067032346,0.0
0.02,16,0.21,-0.0174362473084289,-0.2195162980960109,10.573319854960245,10.573319854960245
0.02,16,0.22,-0.0180329509731735,-0.0680377771290731,7.707878895130047,7.707878895130047
0.02,16,0.23,-0.0187970028510103,-0.0653587201934098,-7.810050688176046,0.0
0.02,16,0.24,-0.0193401253770417,-0.2242387908925935,-8.495363617535904,0.0
0.02,16,0.25,-0.0232817786688622,-0.2352659925441274,11.506014067228204,11.506014067228204
0.02,16,0.26,-0.0240454452279243,0.0058814904519708,5.164215349563051,5.164215349563051
0.02,16,0.27,-0.0231641488598228,-0.1319816855528663,-14.818057429432468,0.0
0.02,16,0.28,-0.0266850789389816,-0.2904796581366788,-4.050360346562543,0.0
0.02,16,0.29,-0.0289737420225564,-0.2129888924841183,10.50602776143959,10.50602776143959
0.02,16,0.3,-0.030944856788664,-0.0803591029078871,7.957381684613688,7.957381684613688
0.02,16,0.31,-0.0305809240807141,-0.0538412587918444,2.348724106758148,2.348724106758148
0.02,16,0.32,-0.0320216819645009,-0.0333846207727241,2.8311700356805676,2.8311700356805676
0.02,16,0.33,-0.0312486164961686,0.002782141921767,-11.387108379663685,0.0
0.02,16,0.34,-0.0319660391260655,-0.261126788365998,-9.039511347995992,0.0
0.02,16,0.35,-0.0364711522634885,-0.1780080850381544,12.63035714962254,12.63035714962254
0.02,16,0.36,-0.0355262008268286,-0.0085196453735472,-3.423156457698582,0.0
0.02,16,0.37,-0.0366415451709595,-0.2464712141921261,-11.702588311668672,0.0
0.02,16,0.38,-0.0404556251106711,-0.2425714116069208,11.470893552722686,11.470893552722686
0.02,16,0.39,-0.0414929734030979,-0.0170533431376722,9.780827382418913,9.780827382418913
0.02,16,0.4,-0.0407966919734246,-0.0469548639585424,3.2370973264483363,3.2370973264483363
0.02,16,0.41,-0.0424320706822687,0.0476886033912937,-2.4030964345419537,0.0
0.02,16,0.42,-0.0398429199055987,-0.0950167926493827,-23.53083255708502,0.0
0.02,16,0.43,-0.0443324065352564,-0.4229280477504071,-3.964277642354852,0.0
0.02,16,0.44,-0.0483014808606068,-0.1743023454964798,24.212082266218413,24.212082266218413
0.02,16,0.45,-0.047818453445186,0.0613135975739616,2.6178879187597186,2.6178879187597186
0.02,16,0.46,-0.0470752089091276,-0.1219445871212854,-13.131549046615527,0.0
0.02,16,0.47,-0.0502573451876117,-0.201317383358349,5.048087831375874,5.048087831375874
0.02,16,0.48,-0.0511015565762946,-0.0209828304937667,7.838034854785818,7.838034854785818
0.02,16,0.49,-0.050677001797487,-0.0445566862626325,-12.509582930384145,0.0
0.02,16,0.5,-0.0519926903015472,-0.2711744891014498,-0.4763419494736998,0.0
0.02,16,0.51,-0.056100491579516,-0.0540835252521065,17.30425954227191,17.30425954227191
0.02,16,0.52,-0.0530743608065893,0.0749107017439887,2.310950936389418,2.310950936389418
0.02,16,0.53,-0.0546022775446362,-0.0078645065243181,-7.146426095686579,0.0
0.02,16,0.54,-0.0532316509370757,-0.068017820169743,-13.087344448980245,0.0
0.02,16,0.55,-0.0559626339480311,-0.2696113955039232,-3.6660510772817223,0.0
0.02,16,0.56,-0.0586238788471542,-0.1413388417153775,11.297496102419114,11.297496102419114
0.02,16,0.57,-0.0587894107823387,-0.0436614734555416,1.2847120412316055,1.2847120412316055
0.02,16,0.58,-0.059497108316265,-0.1156446008907474,-3.2170139749583226,0.0
0.02,16,0.59,-0.0611023028001536,-0.1080017529547081,14.800331315315802,14.800331315315802
0.02,16,0.6,-0.0616571433753592,0.1803620254155689,1.572648453346834,1.572648453346834
0.02,16,0.61,-0.0574950622918422,-0.0765487838877714,-21.177128407582572,0.0
0.02,16,0.62,-0.0631881190531146,-0.2431805427360829,2.067702563422748,2.067702563422748
0.02,16,0.63,-0.0623586731465639,-0.0351947326193164,16.72602693901189,16.72602693901189
0.02,16,0.64,-0.0638920137055009,0.0913399960441552,6.645790533402004,6.645790533402004
0.02,16,0.65,-0.0605318732256808,0.0977210780487238,-17.661055226685313,0.0
0.02,16,0.66,-0.0619375921445264,-0.2618811084895514,-0.5955391149427447,0.0
0.02,16,0.67,-0.0657694953954718,0.0858102957498689,13.876796121154408,13.876796121154408
0.02,16,0.68,-0.0602213862295291,0.015654813933537,-26.305283652454612,0.0
0.02,16,0.69,-0.065456399116801,-0.4402953772992166,-14.406703927272396,0.0
0.02,16,0.7,-0.0690272937755134,-0.2724792646119027,31.303692534266137,31.303692534266137
0.02,16,0.71,-0.070905984409039,0.1857784733861067,16.394584766045412,16.394584766045412
0.02,16,0.72,-0.0653117243077912,0.0554124307090058,-18.064595204812655,0.0
0.02,16,0.73,-0.0697977357948589,-0.1755134307101467,10.793018064533266,10.793018064533266
0.02,16,0.74,-0.0688219929219941,0.2712727919996713,6.464603735546269,6.464603735546269
0.02,16,0.75,-0.0643722799548655,-0.0462213559992212,-36.62440270843202,0.0
0.02,16,0.76,-0.0697464200419786,-0.4612152621689698,-3.9394181188965325,0.0
0.02,16,0.77,-0.0735965851982449,-0.1250097183771519,34.67365995544412,34.67365995544412
0.02,16,0.78,-0.0722466144095216,0.2322579369399133,2.6525933488687383,2.6525933488687383
0.02,16,0.79,-0.0689514264594466,-0.0719578513997771,-23.60613099905262,0.0
0.02,16,0.8,-0.0736857714375172,-0.2398646830411395,6.506272466396309,6.506272466396309
0.02,16,0.81,-0.0737487201202694,0.0581675979281492,11.826197143586315,11.826197143586315
0.02,16,0.82,-0.0725224194789542,-0.0033407401694103,-4.701184541742338,0.0
0.02,16,0.83,-0.0738155349236576,-0.0358560929066968,-7.547572013756124,0.0
0.02,16,0.84,-0.0732395413370881,-0.1542921804445329,-9.941296285441222,0.0
0.02,16,0.85,-0.0769013785325483,-0.2346820186155214,17.93685959924798,17.93685959924798
0.02,16,0.86,-0.0779331817093986,0.204445011540427,8.688813484219652,8.688813484219652
0.02,16,0.87,-0.0728124783017398,-0.0609057489311282,-33.472976197514456,0.0
0.02,16,0.88,-0.0791512966880211,-0.4650145124098626,5.56426700859566,5.56426700859566
0.02,16,0.89,-0.082112768549937,0.0503795912407851,36.244939317404146,36.244939317404146
0.02,16,0.9,-0.0781437048632054,0.259884273938221,5.372092304538121,5.372092304538121
0.02,16,0.91,-0.0769150830711726,0.1578214373315476,-18.358006829114508,0.0
0.02,16,0.92,-0.0749872761165745,-0.1072758626440695,-6.0333022091980855,0.0
0.02,16,0.93,-0.079060600324054,0.0371553931475858,-5.160655853414891,0.0
0.02,16,0.94,-0.0742441682536228,-0.2104889797123625,-22.43274552675455,0.0
0.02,16,0.95,-0.0832703799183014,-0.4114995173875027,13.724200006088589,13.724200006088589
0.02,16,0.96,-0.0824741586013729,0.0639950204094095,27.92720084925435,27.92720084925435
0.02,16,0.97,-0.0819904795101132,0.1470444995975848,-6.12066122711078,0.0
0.02,16,0.98,-0.0795332686094212,-0.0584182041328062,-15.219581719986438,0.0
0.02,16,0.99,-0.0831588435927693,-0.1573471348021442,5.314071643166301,5.314071643166301
0.02,16,1.0,-0.0826802113054641,0.0478632287305199,20.521036353266393,20.521036353266393
0.02,17,0.01,-0.0008269149586472,-0.0061623327638384,-0.30824011472921997,0.0
0.02,17,0.02,-0.0008885382862856,-0.0092447339111306,-0.5223735291182703,0.0
0.02,17,0.03,-0.0010118096368698,-0.0166098033462038,-0.8461967274563249,0.0
0.02,17,0.04,-0.0012207343532097,-0.0261686684602571,-1.0703067084685745,0.0
0.02,17,0.05,-0.001535183006075,-0.0380159375155753,-1.357548342447495,0.0
0.02,17,0.06,-0.0019810531035212,-0.053319635309207,-1.422739592276745,0.0
0.02,17,0.07,-0.0026015757122591,-0.0664707293611102,-1.1343969439493198,0.0
0.02,17,0.08,-0.0033104676907434,-0.0760075741881934,-1.309704356704151,0.0
0.02,17,0.09,-0.004121727196023,-0.0926648164951932,-1.8301567405525194,0.0
0.02,17,0.1,-0.0051637640206472,-0.1126107089992438,-0.4743655664037876,0.0
0.02,17,0.11,-0.0063739413760078,-0.102152127823269,-0.025609502238485682,0.0
0.02,17,0.12,-0.0072068065771126,-0.1131228990440135,-1.025223952118174,0.0
0.02,17,0.13,-0.0086363993568881,-0.1226566068656325,-1.7173339121964322,0.0
0.02,17,0.14,-0.0096599387144253,-0.1474695772879422,-4.311120852295133,0.0
0.02,17,0.15,-0.011585790902647,-0.208879023911535,2.143356902273263,2.143356902273263
0.02,17,0.16,-0.013837519192656,-0.1046024392424765,7.213968922128548,7.213968922128548
0.02,17,0.17,-0.0136778396874965,-0.0645996454689639,-5.652918807579655,0.0
0.02,17,0.18,-0.0151295121020353,-0.217660815394069,-5.779995926374449,0.0
0.02,17,0.19,-0.0180310559953779,-0.1801995639964523,2.5062763627818736,2.5062763627818736
0.02,17,0.2,-0.0187335033819643,-0.1675352881384315,0.9545462045973334,0.9545462045973334
0.02,17,0.21,-0.0213817617581465,-0.1611086399045056,2.397107191524456,2.397107191524456
0.02,17,0.22,-0.0219556761800544,-0.1195931443079423,2.069980719218268,2.069980719218268
0.02,17,0.23,-0.0237736246443054,-0.1197090255201402,-3.08210907697136,0.0
0.02,17,0.24,-0.0243498566904572,-0.1812353258473693,0.19467228149246285,0.19467228149246285
0.02,17,0.25,-0.0273983311612527,-0.1158155798902906,0.7727122115722889,0.7727122115722889
0.02,17,0.26,-0.026666168288263,-0.1657810816159235,-5.249754940475536,0.0
0.02,17,0.27,-0.0307139527935712,-0.2208106786998014,4.855262023064741,4.855262023064741
0.02,17,0.28,-0.0310823818622591,-0.0686758411546286,4.103813001145929,4.103813001145929
0.02,17,0.29,-0.0320874696166638,-0.1387344186768817,-5.0150798302094,0.0
0.02,17,0.3,-0.0338570702357967,-0.1689774377588162,-2.642009287224278,0.0
0.02,17,0.31,-0.0354670183718401,-0.1915746044213673,8.468042192106063,8.468042192106063
0.02,17,0.32,-0.037688562324224,0.0003834060833052,16.807790406494803,16.807790406494803
0.02,17,0.33,-0.035459350250174,0.144581203708529,-10.439282927174405,0.0
0.02,17,0.34,-0.0347969382500535,-0.2084022524601831,-27.69197562967316,0.0
0.02,17,0.35,-0.0396273952993776,-0.409258308884934,1.9021319718469325,1.9021319718469325
0.02,17,0.36,-0.0429821044277521,-0.1703596130232421,15.518719778660717,15.518719778660717
0.02,17,0.37,-0.0430345875598425,-0.0988839133117194,5.985368730539175,5.985368730539175
0.02,17,0.38,-0.0449597826939865,-0.0506522384124585,4.548985653957046,4.548985653957046
0.02,17,0.39,-0.0440476323280916,-0.0079042002325784,-10.725926708096415,0.0
0.02,17,0.4,-0.0451178666986381,-0.265170772574387,-5.058141727320181,0.0
0.02,17,0.41,-0.0493510477795794,-0.1090670347789841,19.68648365180937,19.68648365180937
0.02,17,0.42,-0.0472992073942177,0.1285589004618001,-2.415840125740587,0.0
0.02,17,0.43,-0.0467798697703434,-0.1573838372937959,-13.726871442517169,0.0
0.02,17,0.44,-0.0504468841400937,-0.1459785283885435,13.799967612245588,13.799967612245588
0.02,17,0.45,-0.0496994403381142,0.1186155149511161,-3.4006658939968535,0.0
0.02,17,0.46,-0.0480745738410713,-0.2139918462684806,-21.35343204692976,0.0
0.02,17,0.47,-0.0539792772634838,-0.3084531259874796,12.727993716183523,12.727993716183523
0.02,17,0.48,-0.0542436363608209,0.0405680280551918,10.192371670380268,10.192371670380268
0.02,17,0.49,-0.0531679167023799,-0.1046056925798741,-5.240767228967856,0.0
0.02,17,0.5,-0.0563357502124184,-0.0642473165241654,1.306561764150333,1.306561764150333
0.02,17,0.51,-0.0544528630328633,-0.0784744572968674,-7.015069202516865,0.0
0.02,17,0.52,-0.0579052393583557,-0.2045487005745028,6.470523545742925,6.470523545742925
0.02,17,0.53,-0.0585438370443533,0.0509360136179912,10.463392165484187,10.463392165484187
0.02,17,0.54,-0.0568865190859959,0.0047191427351811,-6.40300221638249,0.0
0.02,17,0.55,-0.0584494541896497,-0.0771240307096587,1.8300562063418235,1.8300562063418235
0.02,17,0.56,-0.0584289997001891,0.0413202668620176,-9.221172731380513,0.0
0.02,17,0.57,-0.0576230488524093,-0.2615474853372634,1.9353761427082508,1.9353761427082508
0.02,17,0.58,-0.0636599494069344,0.0800277897161896,8.798431278400804,8.798431278400804
0.02,17,0.59,-0.0560224930580855,-0.0855788597692472,-20.56822419120625,0.0
0.02,17,0.6,-0.0653715266023194,-0.3313366941079358,13.131477045669017,13.131477045669017
0.02,17,0.61,-0.0626492269402443,0.1770506811441334,12.564654065442214,12.564654065442214
0.02,17,0.62,-0.0618305129794367,-0.0800436127990913,-13.757982195134026,0.0
0.02,17,0.63,-0.0642500991962261,-0.0981089627585474,3.9050760139160716,3.9050760139160716
0.02,17,0.64,-0.0637926922346076,-0.0019420925207698,4.585914213767191,4.585914213767191
0.02,17,0.65,-0.0642889410466415,-0.0063906784832035,-6.997566206407604,0.0
0.02,17,0.66,-0.0639205058042717,-0.141893416648922,-1.145443676249424,0.0
0.02,17,0.67,-0.0671268093796199,-0.029299552008192,6.27650043390559,6.27650043390559
0.02,17,0.68,-0.0645064968444356,-0.0163634079708101,-3.355142959409683,0.0
0.02,17,0.69,-0.0674540775390361,-0.0964024111963843,3.4785295732897286,3.4785295732897286
0.02,17,0.7,-0.0664345450683632,0.0532071834949867,-2.6415287405027827,0.0
0.02,17,0.71,-0.0663899338691363,-0.14923298600644,-7.4296288939308495,0.0
0.02,17,0.72,-0.069419204788492,-0.0953853943836304,7.507152157948449,7.507152157948449
0.02,17,0.73,-0.0682976417568089,0.0009100571525291,-1.1285401179463879,0.0
0.02,17,0.74,-0.0694010036454414,-0.1179561967425582,-9.627754428702126,0.0
0.02,17,0.75,-0.0706567656916601,-0.1916450314215136,-1.4404126755169546,0.0
0.02,17,0.76,-0.0732339042738717,-0.1467644502528973,16.26587278806593,16.26587278806593
0.02,17,0.77,-0.0735920546967181,0.1336724243398053,3.203001124047253,3.203001124047253
0.02,17,0.78,-0.0705604557870756,-0.0827044277719522,-21.757222903642397,0.0
0.02,17,0.79,-0.0752461432521571,-0.301472033733043,8.771071469595407,8.771071469595407
0.02,17,0.8,-0.0765898964617365,0.0927170016199561,14.033493649827832,14.033493649827832
0.02,17,0.81,-0.073391803219758,-0.0208021607364861,-8.170918690596853,0.0
0.02,17,0.82,-0.0770059396764661,-0.0707013721919809,7.185188342219822,7.185188342219822
0.02,17,0.83,-0.0748058306635975,0.1229016061079124,-8.218370768824473,0.0
0.02,17,0.84,-0.0745479075543078,-0.2350687875684705,-18.63682043471813,0.0
0.02,17,0.85,-0.0795072064149669,-0.2498348025864505,20.02390102083323,20.02390102083323
0.02,17,0.86,-0.0795446036060368,0.1654092328481944,14.426156716410727,14.426156716410727
0.02,17,0.87,-0.0761990217580031,0.0386883317417643,-14.542662712238636,0.0
0.02,17,0.88,-0.0787708369712016,-0.1254440213965786,4.108630966995027,4.108630966995027
0.02,17,0.89,-0.0787079021859346,0.1208609510816649,1.234050301916743,1.234050301916743
0.02,17,0.9,-0.0763536179495683,-0.1007630153582437,-14.771475400942926,0.0
0.02,17,0.91,-0.0807231624930995,-0.1745685569371939,4.193194577765501,4.193194577765501
0.02,17,0.92,-0.0798449890883121,-0.0168991238029336,10.310039959632114,10.310039959632114
0.02,17,0.93,-0.0810611449691582,0.0316322422554486,14.520945558153436,14.520945558153436
0.02,17,0.94,-0.0792123442432032,0.2735197873601316,-25.076797128808153,0.0
0.02,17,0.95,-0.0755907492219556,-0.4699037003207231,-18.153798120208105,0.0
0.02,17,0.96,-0.0886104182496177,-0.0895561750440308,26.576543285793168,26.576543285793168
0.02,17,0.97,-0.0773818727228362,0.0616271653951407,-11.669018123979527,0.0
0.02,17,0.98,-0.0873778749417149,-0.3229365375236215,-2.767043297690238,0.0
0.02,17,0.99,-0.0838406034733086,0.0062862994413359,-0.910900521716492,0.0
0.02,17,1.0,-0.0872521489528881,-0.3411545479579514,-34.7440847399287,0.0
0.02,18,0.01,-0.000493809734072,-0.003251365273214,-0.17114764169124003,0.0
0.02,18,0.02,-0.0005263233868042,-0.0049628416901264,-0.3364330927561001,0.0
0.02,18,0.03,-0.0005930665678746,-0.009980027128336,-0.6041411230988201,0.0
0.02,18,0.04,-0.0007259239293709,-0.0170456641521028,-0.9145072269439647,0.0
0.02,18,0.05,-0.0009339798509166,-0.0282701716672153,-1.3189140561905002,0.0
0.02,18,0.06,-0.0012913273627152,-0.0434239452759128,-1.4529160763275097,0.0
0.02,18,0.07,-0.0018024587564349,-0.0573284931937655,-1.4016374544285943,0.0
0.02,18,0.08,-0.0024378972265905,-0.0714566943644847,-1.3886123860777757,0.0
0.02,18,0.09,-0.0032315926437246,-0.085100740915321,-1.7784298137801242,0.0
0.02,18,0.1,-0.0041399120448969,-0.1070252906400872,-0.8849242813466187,0.0
0.02,18,0.11,-0.0053720984565263,-0.1027992265422534,-0.9009662017894158,0.0
0.02,18,0.12,-0.006195896575742,-0.1250446146758755,-1.0466441204727355,0.0
0.02,18,0.13,-0.0078729907500438,-0.1237321089517081,-1.3686074012368135,0.0
0.02,18,0.14,-0.0086705387547762,-0.1524167627006118,-2.4383162628850936,0.0
0.02,18,0.15,-0.0109213260040561,-0.17249843420941,1.1049782947972817,1.1049782947972817
0.02,18,0.16,-0.0121205074389644,-0.130317196804666,4.067730544695606,4.067730544695606
0.02,18,0.17,-0.0135276699401494,-0.0911438233154978,-0.2808923880719316,0.0
0.02,18,0.18,-0.0139433839052743,-0.1359350445661044,-9.94944130121284,0.0
0.02,18,0.19,-0.0162463708314715,-0.2901326493397548,-2.4968739483304025,0.0
0.02,18,0.2,-0.0197460368920694,-0.1858725235327125,9.055973248946556,9.055973248946556
0.02,18,0.21,-0.0199638213021257,-0.1090131843608237,0.6373355038968089,0.6373355038968089
0.02,18,0.22,-0.0219263005792859,-0.1731258134547767,-3.4603818897094625,0.0
0.02,18,0.23,-0.0234263375712213,-0.178220822155013,-2.1712005471513844,0.0
0.02,18,0.24,-0.0254907170223862,-0.2165498243978043,3.5387775393417353,3.5387775393417353
0.02,18,0.25,-0.0277573340591774,-0.1074452713681779,4.758628021080641,4.758628021080641
0.02,18,0.26,-0.0276396224497497,-0.1213772639761914,-6.560198304077055,0.0
0.02,18,0.27,-0.0301848793387012,-0.2386492374497191,-0.4142816474301041,0.0
0.02,18,0.28,-0.0324126071987441,-0.1296628969247935,9.602175970805707,9.602175970805707
0.02,18,0.29,-0.0327781372771971,-0.0466057180336052,2.8570341479583408,2.8570341479583408
0.02,18,0.3,-0.0333447215594162,-0.0725222139656274,-9.533588369849793,0.0
0.02,18,0.31,-0.0342285815565096,-0.2372774854306012,-5.796105222226825,0.0
0.02,18,0.32,-0.0380902712680283,-0.188444318410164,4.247575485091988,4.247575485091988
0.02,18,0.33,-0.0379974679247129,-0.1523259757287614,2.715879618016613,2.715879618016613
0.02,18,0.34,-0.0411367907826035,-0.1341267260498317,7.941316276690828,7.941316276690828
0.02,18,0.35,-0.0406800024457096,0.0065003498050542,2.807477038635164,2.807477038635164
0.02,18,0.36,-0.0410067837865024,-0.0779771852771298,-8.013615632368722,0.0
0.02,18,0.37,-0.0422395461512522,-0.1537719628423204,-7.955789521120609,0.0
0.02,18,0.38,-0.0440822230433488,-0.2370929756995421,6.118629963853015,6.118629963853015
0.02,18,0.39,-0.046981405665243,-0.03139936356526,10.443176565564052,10.443176565564052
0.02,18,0.4,-0.044710210314654,-0.0282294443882609,-7.462420346603289,0.0
0.02,18,0.41,-0.0475459945530082,-0.1806477704973246,-4.457316151222804,0.0
0.02,18,0.42,-0.0483231657246005,-0.1173757674127156,5.380181609746156,5.380181609746156
0.02,18,0.43,-0.0498935099012625,-0.0730441383024014,-1.6081802818324489,0.0
0.02,18,0.44,-0.0497840484906485,-0.1495393730493646,-1.2739009729017385,0.0
0.02,18,0.45,-0.0528842973622498,-0.0985221577604362,-1.0349260292459297,0.0
0.02,18,0.46,-0.0517544916458573,-0.1702378936342832,-5.073112633674069,0.0
0.02,18,0.47,-0.0562890552349354,-0.1999844104339176,18.619932609266822,18.619932609266822
0.02,18,0.48,-0.0557541798545356,0.2021607585510549,3.6131500608814022,3.6131500608814022
0.02,18,0.49,-0.0522458400639143,-0.1277214092162895,-25.938641090312274,0.0
0.02,18,0.5,-0.0583086080388614,-0.316612063255191,10.031649265570575,10.031649265570575
0.02,18,0.51,-0.0585780813290181,0.0729115760951222,26.165971380424867,26.165971380424867
0.02,18,0.52,-0.0568503765169589,0.2067073643533068,-9.381251340227056,0.0
0.02,18,0.53,-0.054443934041952,-0.1147134507094191,-33.1998414940839,0.0
0.02,18,0.54,-0.0591446455311473,-0.4572894655283717,4.573886244447096,4.573886244447096
0.02,18,0.55,-0.0635897233525194,-0.0232357258204771,20.189571725961592,20.189571725961592
0.02,18,0.56,-0.0596093600475569,-0.0534980310091395,-8.092862263051199,0.0
0.02,18,0.57,-0.0646596839727021,-0.1850929710814992,10.226214276070671,10.226214276070671
0.02,18,0.58,-0.0633112194691868,0.1510262545122782,6.884152726558304,6.884152726558304
0.02,18,0.59,-0.0616391588824565,-0.047409916550333,-7.378795536726064,0.0
0.02,18,0.6,-0.0642594178001934,0.0034503437777568,8.032364482715348,8.032364482715348
0.02,18,0.61,-0.0615701520069014,0.1132373731039741,-12.4737621042244,0.0
0.02,18,0.62,-0.0619946703381139,-0.2460248983067314,-18.10605141399504,0.0
0.02,18,0.63,-0.066490649973036,-0.248883655175927,7.417762187973935,7.417762187973935
0.02,18,0.64,-0.0669723434416325,-0.0976696545472526,10.74226932456969,10.74226932456969
0.02,18,0.65,-0.0684440430639811,-0.034038268684533,4.044182092706202,4.044182092706202
0.02,18,0.66,-0.0676531088153232,-0.0167860126931285,-3.6763093153281616,0.0
0.02,18,0.67,-0.0687797633178437,-0.1075644549910963,-1.156757189177334,0.0
0.02,18,0.68,-0.0698043979151451,-0.0399211564766752,5.193791441745551,5.193791441745551
0.02,18,0.69,-0.0695781864473772,-0.0036886261561854,-5.499074169450049,0.0
0.02,18,0.7,-0.0698781704382688,-0.1499026398656777,-12.25110429340414,0.0
0.02,18,0.71,-0.0725762392446907,-0.2487107120242684,10.890071141176627,10.890071141176627
0.02,18,0.72,-0.0748523846787542,0.067898782957855,8.512208189751219,8.512208189751219
0.02,18,0.73,-0.0712182635855336,-0.0784665482292439,-9.087450598079371,0.0
0.02,18,0.74,-0.0764217156433391,-0.1138502290037326,-2.3067399301746234,0.0
0.02,18,0.75,-0.0734952681656083,-0.1246013468327364,17.444817394828238,17.444817394828238
0.02,18,0.76,-0.0789137425799938,0.2350461188928325,8.493037326229553,8.493037326229553
0.02,18,0.77,-0.0687943457877516,0.0452593996918548,-22.933520397725914,0.0
0.02,18,0.78,-0.0780085545861567,-0.2236242890616862,10.028359004069037,10.028359004069037
0.02,18,0.79,-0.0732668315689854,0.2458265797732357,-8.29544192175621,0.0
0.02,18,0.8,-0.073092022990692,-0.3895331274968105,-30.694248189635278,0.0
0.02,18,0.81,-0.0810574941189216,-0.3680583840194704,23.93849831285963,23.93849831285963
0.02,18,0.82,-0.0804531906710814,0.089236838760375,25.582930508755155,25.582930508755155
0.02,18,0.83,-0.0792727573437141,0.1436002261556259,-6.399832933838134,0.0
0.02,18,0.84,-0.0775811861479689,-0.0387598199163878,-0.2313924586369449,0.0
0.02,18,0.85,-0.0800479537420418,0.138972376982887,1.321890436216439,1.321890436216439
0.02,18,0.86,-0.0748017386083112,-0.012322011192059,-18.597180599415733,0.0
0.02,18,0.87,-0.080294393965883,-0.232971235005428,-0.36246537632473474,0.0
0.02,18,0.88,-0.0794611633084197,-0.0195713187185537,6.927590958971144,6.927590958971144
0.02,18,0.89,-0.0806858203402541,-0.094419415826005,17.462882913677213,17.462882913677213
0.02,18,0.9,-0.0813495516249399,0.3296863395549909,-9.144211771252568,0.0
0.02,18,0.91,-0.0740920935491543,-0.2773036512510565,-37.58861240370309,0.0
0.02,18,0.92,-0.086895624649961,-0.4220859085190716,24.694636307760454,24.694636307760454
0.02,18,0.93,-0.0825338117195357,0.216589074904153,24.26219206029259,24.26219206029259
0.02,18,0.94,-0.0825638431518779,0.0631579326867868,-23.220494571828723,0.0
0.02,18,0.95,-0.0812706530658,-0.2478208165324211,-20.343087399937133,0.0
0.02,18,0.96,-0.0875202594825263,-0.3437038153119562,20.248531769556987,20.248531769556987
0.02,18,0.97,-0.0881447293720391,0.157149818858719,39.78248082445911,39.78248082445911
0.02,18,0.98,-0.0843772631053519,0.4519458011772266,-11.500986925307666,0.0
0.02,18,0.99,-0.0791058133484946,-0.0728699196474345,-56.241530807891515,0.0
0.02,18,1.0,-0.0858346614983006,-0.6728848149806046,-60.001489533316956,0.0
0.02,19,0.01,-0.0006982923374047,-0.0063663172126213,-0.3392573146613,0.0
0.02,19,0.02,-0.0007619555095309,-0.0097588903592343,-0.5784313421760652,0.0
0.02,19,0.03,-0.0008934701445894,-0.0179349440561426,-1.057614008101085,0.0
0.02,19,0.04,-0.0011206543906537,-0.030911170521256,-1.4660626964273447,0.0
0.02,19,0.05,-0.0015116935550145,-0.0472561979846895,-1.5847753145528154,0.0
0.02,19,0.06,-0.0020657783503475,-0.0626066768123123,-1.4630416747862247,0.0
0.02,19,0.07,-0.0027638270912607,-0.076517031480414,-1.7383723448659696,0.0
0.02,19,0.08,-0.0035961189799558,-0.0973741237096317,-1.512189597035821,0.0
0.02,19,0.09,-0.0047113095654534,-0.1067608234211304,-0.210090871660082,0.0
0.02,19,0.1,-0.0057313354483784,-0.1015759411428333,-0.42379277534897675,0.0
0.02,19,0.11,-0.00674282838831,-0.1152366789281099,-1.9526709856450317,0.0
0.02,19,0.12,-0.0080360690269406,-0.1406293608557339,-1.4780959172262653,0.0
0.02,19,0.13,-0.0095554156054247,-0.1447985972726352,-1.0551376630641398,0.0
0.02,19,0.14,-0.0109320409723933,-0.1617321141170167,2.408245749221992,2.408245749221992
0.02,19,0.15,-0.012790057887765,-0.0966336822881956,0.3307721204857881,0.3307721204857881
0.02,19,0.16,-0.0128647146181572,-0.1551166717073013,-6.446836882960668,0.0
0.02,19,0.17,-0.0158923913219111,-0.2255704199474091,-0.863232970961672,0.0
0.02,19,0.18,-0.0173761230171054,-0.1723813311265351,3.99324423982372,3.99324423982372
0.02,19,0.19,-0.0193400179444418,-0.1457055351509348,1.7148408908265536,1.7148408908265536
0.02,19,0.2,-0.0202902337201241,-0.138084513310004,-2.220341467919196,0.0
0.02,19,0.21,-0.0221017082106419,-0.1901123645093185,-3.104866204050407,0.0
0.02,19,0.22,-0.0240924810103105,-0.200181837391012,3.5453068668816234,3.5453068668816234
0.02,19,0.23,-0.0261053449584621,-0.119206227171686,7.257908925134527,7.257908925134527
0.02,19,0.24,-0.0264766055537442,-0.0550236588883215,-5.742804480588019,0.0
0.02,19,0.25,-0.0272058181362285,-0.234062316783447,-10.050060182774137,0.0
0.02,19,0.26,-0.0311578518894132,-0.2560248625438044,6.5893614408218335,6.5893614408218335
0.02,19,0.27,-0.0323263153871046,-0.1022750879670102,9.694970652465766,9.694970652465766
0.02,19,0.28,-0.0332033536487534,-0.0621254494944889,3.4226190759111974,3.4226190759111974
0.02,19,0.29,-0.0335688243769944,-0.0338227064487863,-12.439237453937764,0.0
0.02,19,0.3,-0.0338798077777291,-0.3109101985732454,-6.754457944293389,0.0
0.02,19,0.31,-0.0397870283484593,-0.1689118653346542,18.38101618483668,18.38101618483668
0.02,19,0.32,-0.0372580450844222,0.0567101251234885,-4.120502846449741,0.0
0.02,19,0.33,-0.0386528258459896,-0.2513219222636491,-7.163103180560819,0.0
0.02,19,0.34,-0.0422844835296952,-0.086551938487728,5.9006520730651655,5.9006520730651655
0.02,19,0.35,-0.0403838646157441,-0.1333088808023448,-2.46439336077872,0.0
0.02,19,0.36,-0.0449506611457421,-0.1358398057033021,0.3772676409418789,0.3772676409418789
0.02,19,0.37,-0.0431006607298102,-0.1257635279835072,-4.873327544614842,0.0
0.02,19,0.38,-0.0474659317054123,-0.233306356595599,6.893281029436174,6.893281029436174
0.02,19,0.39,-0.0477667878617222,0.0121020926052164,9.899356713133391,9.899356713133391
0.02,19,0.4,-0.0472238898533079,-0.035319222332931,-5.718076725529256,0.0
0.02,19,0.41,-0.0484731723083808,-0.1022594419053684,-10.482131164492458,0.0
0.02,19,0.42,-0.0492690786914153,-0.2449618456227802,1.1587270199569186,1.1587270199569186
0.02,19,0.43,-0.0533724092208364,-0.07908490150623,28.461144272496817,28.461144272496817
0.02,19,0.44,-0.0508507767215399,0.3242610398271566,-9.526695756772888,0.0
0.02,19,0.45,-0.0468871884242932,-0.2696188166416879,-41.08452671259755,0.0
0.02,19,0.46,-0.0562431530543737,-0.4974294944247952,26.33862383126087,26.33862383126087
0.02,19,0.47,-0.0568357783127892,0.2571536599835231,29.99119752924621,29.99119752924621
0.02,19,0.48,-0.0511000798547032,0.1023944561601228,-32.14001911646804,0.0
0.02,19,0.49,-0.0547878891895867,-0.3856467223458382,-23.53999964431301,0.0
0.02,19,0.5,-0.0588130143016199,-0.3684055367261378,18.33970670875712,18.33970670875712
0.02,19,0.51,-0.0621559999241095,-0.0188525881706955,23.321535134579726,23.321535134579726
0.02,19,0.52,-0.0591900660650339,0.0980251659654571,9.192947819436212,9.192947819436212
0.02,19,0.53,-0.0601954966048003,0.1650063682180289,-3.993646781701217,0.0
0.02,19,0.54,-0.0558899387006733,0.0181522303314327,-30.629051235053318,0.0
0.02,19,0.55,-0.0598324519981717,-0.447574656483038,-7.569519373414269,0.0
0.02,19,0.56,-0.064841431830334,-0.1332381571368528,26.183880973078857,26.183880973078857
0.02,19,0.57,-0.0624972151409088,0.0761029629785379,-5.135939134888633,0.0
0.02,19,0.58,-0.0633193725707633,-0.2359569398346308,-13.153035399541588,0.0
0.02,19,0.59,-0.0672163539376014,-0.1869577450122941,12.217433171196575,12.217433171196575
0.02,19,0.6,-0.0670585274710092,0.0083917235893009,7.982361155344738,7.982361155344738
0.02,19,0.61,-0.0670485194658154,-0.0273105219053992,5.946699440445185,5.946699440445185
0.02,19,0.62,-0.0676047379091172,0.1273257123982047,-0.8838074725394891,0.0
0.02,19,0.63,-0.0645020052178513,-0.044986671356189,-12.04667060525329,0.0
0.02,19,0.64,-0.068504471336241,-0.1136076997068613,9.131684084839671,9.131684084839671
0.02,19,0.65,-0.0667741592119885,0.1376470103406046,6.907639652847074,6.907639652847074
0.02,19,0.66,-0.0657515311294289,0.0245450933500803,-8.191723265110937,0.0
0.02,19,0.67,-0.0662832573449869,-0.0261874549616143,-15.426645235812835,0.0
0.02,19,0.68,-0.0662752802286612,-0.2839878113661767,-9.031238466421232,0.0
0.02,19,0.69,-0.0719630135723104,-0.2068122242900418,22.172353863794,22.172353863794
0.02,19,0.7,-0.0704115247144619,0.1594592659097045,-5.022625833930782,0.0
0.02,19,0.71,-0.0687738282541163,-0.3072647409686575,-14.023755596058336,0.0
0.02,19,0.72,-0.0765568195338351,-0.1210158460114625,17.081614826521,17.081614826521
0.02,19,0.73,-0.0711941451743455,0.0343675555617628,-4.522774463838836,0.0
0.02,19,0.74,-0.0758694684225998,-0.2114713352882393,4.322010494431681,4.322010494431681
0.02,19,0.75,-0.0754235718801103,0.1208077654503965,11.7762037155768,11.7762037155768
0.02,19,0.76,-0.0734533131135919,0.0240527390232969,-14.687331629887275,0.0
0.02,19,0.77,-0.0749425170996444,-0.1729388671473493,-3.8777989112763223,0.0
0.02,19,0.78,-0.0769120904565389,-0.0535032392022296,4.762849230406285,4.762849230406285
0.02,19,0.79,-0.076012581883689,-0.0776818825392235,-2.4233614419249876,0.0
0.02,19,0.8,-0.0784657281073234,-0.1019704680407294,4.459837865782512,4.459837865782512
0.02,19,0.81,-0.0780519912445036,0.0115148747764268,3.2331214017575043,3.2331214017575043
0.02,19,0.82,-0.0782354306117948,-0.0373080400055778,-3.6353110450924953,0.0
0.02,19,0.83,-0.0787981520446151,-0.0611913461254225,-1.7995733077120533,0.0
0.02,19,0.84,-0.0794592575343033,-0.0732995061598189,-1.7766516626957132,0.0
0.02,19,0.85,-0.0802641421678115,-0.0967243793793368,-10.646317254332796,0.0
0.02,19,0.86,-0.08139374512189,-0.286225851246475,-3.357536655226622,0.0
0.02,19,0.87,-0.085988659192741,-0.1638751124838693,43.90082102150497,43.90082102150497
0.02,19,0.88,-0.0846712473715674,0.5917905691836252,15.848300560060151,15.848300560060151
0.02,19,0.89,-0.0741528478090685,0.153090898717334,-54.13467102424278,0.0
0.02,19,0.9,-0.0816094293972207,-0.4909028513012314,-13.114464201462745,0.0
0.02,19,0.91,-0.0839709048350931,-0.1091983853119211,15.656859092180872,15.656859092180872
0.02,19,0.92,-0.0837933971034591,-0.1777656694576137,10.171878569096545,10.171878569096545
0.02,19,0.93,-0.0875262182242454,0.09423918607001,19.788200005344876,19.788200005344876
0.02,19,0.94,-0.081908613382059,0.2179983306492836,-11.655897718409408,0.0
0.02,19,0.95,-0.0831662516112598,-0.1388787682981824,1.5363767346924888,1.5363767346924888
0.02,19,0.96,-0.0846861887480227,0.2487258653431334,0.2918641083087259,0.2918641083087259
0.02,19,0.97,-0.0781917343043972,-0.1330414861320079,-26.723250995578923,0.0
0.02,19,0.98,-0.0873470184706629,-0.2857391545684455,13.969725753686006,13.969725753686006
0.02,19,0.99,-0.0839065173957661,0.1463530289417125,11.719755248109767,11.719755248109767
0.02,19,1.0,-0.0844199578918286,-0.05134404960625,-19.769707854796234,0.0
0.02,20,0.01,-0.0001302737456262,-0.0015014413959758,-0.11248119479457998,0.0
0.02,20,0.02,-0.000145288159586,-0.0026262533439216,-0.2357798412316901,0.0
0.02,20,0.03,-0.0001827988125046,-0.0062170382206096,-0.56609528562712,0.0
0.02,20,0.04,-0.0002696289239981,-0.013948159056464,-0.8883959350480146,0.0
0.02,20,0.05,-0.0004617619936339,-0.0239849569215699,-1.1532788849540103,0.0
0.02,20,0.06,-0.0007493280624295,-0.0370137367555442,-1.3623585121752746,0.0
0.02,20,0.07,-0.0012020367287448,-0.0512321271650754,-1.4147072790450648,0.0
0.02,20,0.08,-0.0017739706057311,-0.0653078823364455,-1.285367928471616,0.0
0.02,20,0.09,-0.0025081943754737,-0.0769394857345077,-1.0973472353079043,0.0
0.02,20,0.1,-0.0033127603204212,-0.0872548270426036,-0.8308150321395997,0.0
0.02,20,0.11,-0.0042532909163258,-0.0935557863772997,-2.014218336268925,0.0
0.02,20,0.12,-0.0051838760479672,-0.1275391937679821,-1.832428096286967,0.0
0.02,20,0.13,-0.0068040747916854,-0.130204348303039,0.7667844538320141,0.7667844538320141
0.02,20,0.14,-0.007787963014028,-0.1122035046913418,0.19304550604910098,0.19304550604910098
0.02,20,0.15,-0.0090481448855123,-0.1263434381820569,-1.495915995791525,0.0
0.02,20,0.16,-0.0103148317776691,-0.1421218246071723,1.078160724324099,1.078160724324099
0.02,20,0.17,-0.0118905813776557,-0.1047802236955749,0.9280393517926875,0.9280393517926875
0.02,20,0.18,-0.0124104362515806,-0.1235610375713184,-5.915880167127103,0.0
0.02,20,0.19,-0.0143618021290821,-0.2230978270381171,3.2842665616958766,3.2842665616958766
0.02,20,0.2,-0.016872392792343,-0.0578757063374008,4.587915597192009,4.587915597192009
0.02,20,0.21,-0.0155193162558301,-0.1313395150942763,-14.001818611516875,0.0
0.02,20,0.22,-0.0194991830942285,-0.3379120785677385,-4.886050500893772,0.0
0.02,20,0.23,-0.0222775578271849,-0.2290605251121518,11.58150633950875,11.58150633950875
0.02,20,0.24,-0.0240803935964715,-0.1062819517775637,16.509272724700864,16.509272724700864
0.02,20,0.25,-0.0244031968627361,0.1011249293818656,1.3731492635033842,1.3731492635033842
0.02,20,0.26,-0.0220578950088342,-0.078818966507496,-19.728161308861367,0.0
0.02,20,0.27,-0.0259795761928861,-0.2934382967953621,-10.764262592965942,0.0
0.02,20,0.28,-0.0279266609447415,-0.294104218366815,7.932576816858373,7.932576816858373
0.02,20,0.29,-0.0318616605602223,-0.1347867604581958,5.21431062943272,5.21431062943272
0.02,20,0.3,-0.0306223961539054,-0.189818005778162,8.046273384001477,8.046273384001477
0.02,20,0.31,-0.0356580206757856,0.0261387072218339,14.144662535637183,14.144662535637183
0.02,20,0.32,-0.0300996220094687,0.0930752449345819,-14.989575026316762,0.0
0.02,20,0.33,-0.033796515777094,-0.2736527933045016,-11.233421254930505,0.0
0.02,20,0.34,-0.0355726778755587,-0.1315931801640284,-0.5519339274885766,0.0
0.02,20,0.35,-0.0364283793803745,-0.2846914718542714,-8.442742178741103,0.0
0.02,20,0.36,-0.0412665073126442,-0.3004480237388494,8.725151812903457,8.725151812903457
0.02,20,0.37,-0.0424373398551515,-0.1101884355962021,15.089932400981182,15.089932400981182
0.02,20,0.38,-0.0434702760245682,0.0013506242807745,3.8043774798774272,3.8043774798774272
0.02,20,0.39,-0.042410327369536,-0.0341008859986535,-4.220448306189652,0.0
0.02,20,0.4,-0.0441522937445413,-0.0830583418430186,-3.019125842660506,0.0
0.02,20,0.41,-0.0440714942063964,-0.0944834028518637,-3.5014212839085026,0.0
0.02,20,0.42,-0.0460419618015786,-0.1530867675211888,-4.105867102735527,0.0
0.02,20,0.43,-0.0471332295568202,-0.1766007449065743,-2.2103600520007927,0.0
0.02,20,0.44,-0.0495739766997101,-0.1972939685612047,18.732200993480767,18.732200993480767
0.02,20,0.45,-0.0510791089280443,0.1980432749630414,9.52103796787348,9.52103796787348
0.02,20,0.46,-0.0456131112004492,-0.0068732092037349,-22.338456317789554,0.0
0.02,20,0.47,-0.0512165731121189,-0.2487258513927486,-1.438074496732114,0.0
0.02,20,0.48,-0.0505876282283042,-0.0356346991383746,9.390891027020572,9.390891027020572
0.02,20,0.49,-0.0519292670948864,-0.060908030852337,-5.099246638474541,0.0
0.02,20,0.5,-0.0518057888453509,-0.1376196319078655,1.2846255821290689,1.2846255821290689
0.02,20,0.51,-0.0546816597330437,-0.0352155192097556,5.106125849097486,5.106125849097486
0.02,20,0.52,-0.052510099229546,-0.0354971149259157,2.897011369068098,2.897011369068098
0.02,20,0.53,-0.055391602031562,0.0227247081716064,7.328460327938778,7.328460327938778
0.02,20,0.54,-0.0520556050661139,0.11107209163286,-13.900223414953148,0.0
0.02,20,0.55,-0.0531701601989048,-0.2552797601274568,-13.281918330803354,0.0
0.02,20,0.56,-0.057161200268663,-0.1545662749832073,18.225018303581315,18.225018303581315
0.02,20,0.57,-0.056261485698569,0.109220605944166,4.513184959557014,4.513184959557014
0.02,20,0.58,-0.0549767881497797,-0.0643025757920723,-26.307912979616873,0.0
0.02,20,0.59,-0.0575475372144104,-0.4169376536481719,4.021561929213251,4.021561929213251
0.02,20,0.6,-0.0633155412227432,0.0161286627921928,29.933064450797858,29.933064450797858
0.02,20,0.61,-0.0572249639585666,0.1817236353677858,-11.60278776371365,0.0
0.02,20,0.62,-0.0596810685153875,-0.2159270924820804,-6.58750083720689,0.0
0.02,20,0.63,-0.0615435058082082,0.0499736186236479,6.307342992501059,6.307342992501059
0.02,20,0.64,-0.0586815961429145,-0.0897802326320591,-18.295486834612024,0.0
0.02,20,0.65,-0.0633391104608494,-0.3159361180685929,15.572250690902626,15.572250690902626
0.02,20,0.66,-0.0650003185042864,0.2216647811859937,21.63486492509692,21.63486492509692
0.02,20,0.67,-0.0589058148371295,0.1167611804333459,-28.02275716315649,0.0
0.02,20,0.68,-0.0626650948956194,-0.3387903620771366,-20.794165428866044,0.0
0.02,20,0.69,-0.0656816220786722,-0.2991221281439786,8.298181459444134,8.298181459444134
0.02,20,0.7,-0.068647537458499,-0.1728267328882538,16.74461431682357,16.74461431682357
0.02,20,0.71,-0.0691381567364373,0.0357701581924931,13.132235146067949,13.132235146067949
0.02,20,0.72,-0.0679321342946491,0.0898179700331054,-4.8582990925143505,0.0
0.02,20,0.73,-0.0673417973357752,-0.061395823657794,-18.088003609728645,0.0
0.02,20,0.74,-0.069160050767805,-0.2719421021614678,-5.662135086348134,0.0
0.02,20,0.75,-0.0727806393790046,-0.1746385253847568,23.061982422938286,23.061982422938286
0.02,20,0.76,-0.0726528212755002,0.1892975462972983,4.320265063948885,4.320265063948885
0.02,20,0.77,-0.0689946884530586,-0.088233224105779,-15.284628085037838,0.0
0.02,20,0.78,-0.0744174857576157,-0.1163950154034587,12.81776841500249,12.81776841500249
0.02,20,0.79,-0.0713225887611278,0.168122144194271,-4.757788078160071,0.0
0.02,20,0.8,-0.0710550428737303,-0.2115507769666602,-20.851725691472595,0.0
0.02,20,0.81,-0.075553604300461,-0.2489123696351813,3.1669386194857605,3.1669386194857605
0.02,20,0.82,-0.0760332902664339,-0.1482120045769468,21.125624445170317,21.125624445170317
0.02,20,0.83,-0.0785178443919999,0.1736001192682255,20.57544424140128,20.57544424140128
0.02,20,0.84,-0.0725612878810694,0.2632968802510791,-11.35839709351424,0.0
0.02,20,0.85,-0.0732519067869783,-0.0535678226020595,-25.54250746727846,0.0
0.02,20,0.86,-0.0736326443331106,-0.2475532690944906,-6.879636653954648,0.0
0.02,20,0.87,-0.0782029721688681,-0.1911605556811526,5.822894846787415,5.822894846787415
0.02,20,0.88,-0.0774558554467337,-0.1310953721587422,6.30560114824816,6.30560114824816
0.02,20,0.89,-0.080824879612043,-0.0650485327161893,20.563875870880466,20.563875870880466
0.02,20,0.9,-0.0787568261010575,0.2801821452588675,-5.947190498220811,0.0
0.02,20,0.91,-0.0752212367068656,-0.1839923426806056,-18.173814424344783,0.0
0.02,20,0.92,-0.0824366729546696,-0.0832941432280285,26.90986724677309,26.90986724677309
0.02,20,0.93,-0.0768871195714262,0.3542050022548566,-1.0541939272551577,0.0
0.02,20,0.94,-0.0753525729095724,-0.1043780217731216,-26.9551106302466,0.0
0.02,20,0.95,-0.0789746800068887,-0.1848972103500687,-5.96361135453413,0.0
0.02,20,0.96,-0.0790505171165738,-0.2236502488638043,0.17402934928325564,0.17402934928325564
0.02,20,0.97,-0.0834476849841648,-0.1814166233644036,27.467373408312685,27.467373408312685
0.02,20,0.98,-0.0826788495838619,0.3256972193024499,12.366668419089695,12.366668419089695
0.02,20,0.99,-0.0769337405981158,0.0659167450173905,-38.41873139211384,0.0
0.02,20,1.0,-0.0813605146835141,-0.4426774085398276,-50.85941535572177,0.0
0.02,21,0.01,-0.0002960634939047,-0.0037658736143774,-0.21424119183676998,0.0
0.02,21,0.02,-0.0003337222300485,-0.0059082855327451,-0.40812549396672015,0.0
0.02,21,0.03,-0.0004142292045596,-0.0119283834937118,-0.757542897065935,0.0
0.02,21,0.04,-0.0005722898999227,-0.0210591434740638,-1.0590360914141597,0.0
0.02,21,0.05,-0.0008354120740409,-0.033109105321995,-1.2544670868417203,0.0
0.02,21,0.06,-0.0012344720063626,-0.0461484852108982,-1.2678299702406348,0.0
0.02,21,0.07,-0.0017583817782589,-0.0584657047268077,-1.766032877957231,0.0
0.02,21,0.08,-0.0024037861008988,-0.0814691427700428,-1.7181854138852812,0.0
0.02,21,0.09,-0.0033877646336597,-0.0928294130045133,0.1264592736957426,0.1264592736957426
0.02,21,0.1,-0.0042603743609891,-0.0789399572961279,-0.1494305772037725,0.0
0.02,21,0.11,-0.0049665637795823,-0.0958180245485887,-2.6154649738753504,0.0
0.02,21,0.12,-0.0061767348519608,-0.1312492567736349,-1.8499654795112823,0.0
0.02,21,0.13,-0.007591548915055,-0.1328173341388143,-1.17985678355355,0.0
0.02,21,0.14,-0.0088330815347371,-0.1548463924447059,0.9858466935084538,0.9858466935084538
0.02,21,0.15,-0.0106884767639491,-0.1131004002686454,0.522625452292452,0.522625452292452
0.02,21,0.16,-0.01109508954011,-0.1443938833988571,-0.8773002339879339,0.0
0.02,21,0.17,-0.0135763544319263,-0.1306464049484041,0.4234675851198375,0.4234675851198375
0.02,21,0.18,-0.0137080176390781,-0.1359245316964603,-4.595754202883705,0.0
0.02,21,0.19,-0.0162948450658555,-0.2225614890060784,-4.446183121184937,0.0
0.02,21,0.2,-0.0181592474191997,-0.2248481941201591,2.242036200894276,2.242036200894276
0.02,21,0.21,-0.0207918089482586,-0.177720764988193,5.44609676423054,5.44609676423054
0.02,21,0.22,-0.0217136627189636,-0.1159262588355483,-0.24550332700081867,0.0
0.02,21,0.23,-0.0231103341249696,-0.1826308315282094,-2.9996916605297113,0.0
0.02,21,0.24,-0.0253662793495277,-0.1759200920461427,4.997510881977284,4.997510881977284
0.02,21,0.25,-0.0266287359658925,-0.0826806138886635,2.3182483165905277,2.3182483165905277
0.02,21,0.26,-0.027019891627301,-0.1295551257143321,-4.13744784397951,0.0
0.02,21,0.27,-0.0292198384801791,-0.1654295707682538,-5.48168538651113,0.0
0.02,21,0.28,-0.0303284830426661,-0.2391888334445548,-0.3242529612513234,0.0
0.02,21,0.29,-0.0340036151490702,-0.171914629993281,7.172777422550867,7.172777422550867
0.02,21,0.3,-0.0337667756425317,-0.0957332849935377,5.5060118907817355,5.5060118907817355
0.02,21,0.31,-0.0359182808489409,-0.0617943921776462,3.1039550530275273,3.1039550530275273
0.02,21,0.32,-0.0350026634860846,-0.0336541839329871,-8.065926722252408,0.0
0.02,21,0.33,-0.0365913645276007,-0.2231129266226945,-1.225657564793944,0.0
0.02,21,0.34,-0.0394649220185385,-0.058167335228866,3.1444177444906742,3.1444177444906742
0.02,21,0.35,-0.037754711232178,-0.1602245717328796,-9.167540953927746,0.0
0.02,21,0.36,-0.0426694134531961,-0.2415181543074205,-0.9608132442643793,0.0
0.02,21,0.37,-0.0425850743183264,-0.1794408366181672,7.126843768509369,7.126843768509369
0.02,21,0.38,-0.0462582301855595,-0.098981278937233,6.129946034357545,6.129946034357545
0.02,21,0.39,-0.0445646998970711,-0.0568419159310162,-3.3069695380733233,0.0
0.02,21,0.4,-0.0473950685041798,-0.1651206696986995,-0.6548278243675099,0.0
0.02,21,0.41,-0.0478671132910451,-0.0699384724183675,1.410069416108735,1.410069416108735
0.02,21,0.42,-0.0487938379525472,-0.1369192813765258,-2.7594744926379375,0.0
0.02,21,0.43,-0.0506054989185756,-0.1251279622711263,0.5255948150647543,0.5255948150647543
0.02,21,0.44,-0.0512963971979697,-0.1264073850752307,5.750763451446515,5.750763451446515
0.02,21,0.45,-0.0531336466200802,-0.0101126932421959,14.864019248731758,14.864019248731758
0.02,21,0.46,-0.0514986510628136,0.1708729998994047,-7.596389745961447,0.0
0.02,21,0.47,-0.0497161866220921,-0.1620404881614217,-26.54517738154049,0.0
0.02,21,0.48,-0.0547394608260421,-0.3600305477314034,12.195783427900894,12.195783427900894
0.02,21,0.49,-0.0569167975767202,0.0818751803965964,14.396010197836574,14.396010197836574
0.02,21,0.5,-0.0531019572181102,-0.0721103437746717,-5.58678612749096,0.0
0.02,21,0.51,-0.0583590044522136,-0.0298605421532229,3.9354769799168015,3.9354769799168015
0.02,21,0.52,-0.0536991680611746,0.0065991958236644,-1.455354019901399,0.0
0.02,21,0.53,-0.0582270205357404,-0.0589676225512509,-7.569924155896383,0.0
0.02,21,0.54,-0.0548785205121996,-0.1447992872942634,-12.917802122720838,0.0
0.02,21,0.55,-0.0611230062816256,-0.3173236650056679,16.53838286498602,16.53838286498602
0.02,21,0.56,-0.061224993812313,0.1859683700054573,17.685146492147105,17.685146492147105
0.02,21,0.57,-0.0574036388815165,0.0363792648372798,-30.497118109420143,0.0
0.02,21,0.58,-0.0604974085155675,-0.4239739921829462,-8.832410846016394,0.0
0.02,21,0.59,-0.0658831187251755,-0.1402689520830482,27.59522682404971,27.59522682404971
0.02,21,0.6,-0.0633027875572284,0.1279305442980485,8.738073756284358,8.738073756284358
0.02,21,0.61,-0.0633245078392145,0.0344925230426391,-12.407314112871445,0.0
0.02,21,0.62,-0.0626129370963757,-0.1202157379593806,-14.442239021754462,0.0
0.02,21,0.63,-0.0657288225984021,-0.2543522573924504,9.900517080382826,9.900517080382826
0.02,21,0.64,-0.0676999822442247,0.0777946036482761,5.750328128195289,5.750328128195289
0.02,21,0.65,-0.0641729305254366,-0.1393456948285445,-26.125873194096624,0.0
0.02,21,0.66,-0.0704868961407956,-0.4447228602336568,8.546214213861468,8.546214213861468
0.02,21,0.67,-0.0730673877301097,0.031578589448685,35.41255754741856,35.41255754741856
0.02,21,0.68,-0.0698553243518219,0.2635282907147149,4.990300586918231,4.990300586918231
0.02,21,0.69,-0.0677968219158154,0.1313846011870532,-26.193217539811094,0.0
0.02,21,0.7,-0.0672276323280808,-0.2603360600815074,-9.544356174676118,0.0
0.02,21,0.71,-0.0730035431174456,-0.0595025223064693,24.172883202973743,24.172883202973743
0.02,21,0.72,-0.0684176827742102,0.2231216039779679,-6.110418279644264,0.0
0.02,21,0.73,-0.0685411110378862,-0.1817108878993547,-25.912752109055745,0.0
0.02,21,0.74,-0.0720519005321973,-0.2951334382031474,-1.113628556025505,0.0
0.02,21,0.75,-0.0744437798019492,-0.2039834590198648,15.866908425050058,15.866908425050058
0.02,21,0.76,-0.0761315697125946,0.022204730297854,17.45472170969156,17.45472170969156
0.02,21,0.77,-0.0739996851959921,0.1451109751739667,-6.73174148373009,0.0
0.02,21,0.78,-0.0732293502091153,-0.1124300993767479,-3.255039905878453,0.0
0.02,21,0.79,-0.0762482871835271,0.0800101770563976,-2.7336098187182163,0.0
0.02,21,0.8,-0.0716291466679873,-0.1671022957511123,-4.76929067469797,0.0
0.02,21,0.81,-0.0795903330985493,-0.0153756364375619,20.557733815291733,20.557733815291733
0.02,21,0.82,-0.0719366593967387,0.2440523805547192,-10.888454137463595,0.0
0.02,21,0.83,-0.0747092854874551,-0.233144719186841,-19.08625221791167,0.0
0.02,21,0.84,-0.0765995537804755,-0.1376726638035146,16.208562587104993,16.208562587104993
0.02,21,0.85,-0.0774627387635254,0.0910265325552592,5.64114558804025,5.64114558804025
0.02,21,0.86,-0.0747790231293704,-0.0248497520427095,-9.320859917907061,0.0
0.02,21,0.87,-0.0779597338043796,-0.0953906658028822,-13.090782435431258,0.0
0.02,21,0.88,-0.076686836445428,-0.2866654007513349,-9.291819298651763,0.0
0.02,21,0.89,-0.0836930418194063,-0.2812270517759176,29.899889247916192,29.899889247916192
0.02,21,0.9,-0.0823113774809464,0.3113323842069895,0.4734962097199009,0.4734962097199009
0.02,21,0.91,-0.0774663941352665,-0.2717571275815196,-31.890538600946588,0.0
0.02,21,0.92,-0.0877465200325768,-0.3264783878119428,39.95325157566848,39.95325157566848
0.02,21,0.93,-0.0839959618915053,0.5273079039318507,31.410938133097353,31.410938133097353
0.02,21,0.94,-0.0772003619539398,0.3017403748500133,-33.89269599942873,0.0
0.02,21,0.95,-0.0779611543945052,-0.1505460160567233,-38.584007245214096,0.0
0.02,21,0.96,-0.0802112822750743,-0.4699397700542693,-16.392024509686404,0.0
0.02,21,0.97,-0.0873599497955906,-0.4783865062504517,23.039426031760197,23.039426031760197
0.02,21,0.98,-0.0897790124000833,-0.009151249419065,39.09173437246395,39.09173437246395
0.02,21,0.99,-0.0875429747839719,0.3034481811988279,19.6221925102787,19.6221925102787
0.02,21,1.0,-0.0837100487761068,0.3832926007865094,7.984441958768144,7.984441958768144
0.02,22,0.01,-0.0003444556252329,-0.0035902675313541,-0.21464624448074002,0.0
0.02,22,0.02,-0.0003803583005464,-0.0057367299761615,-0.36046711070382503,0.0
0.02,22,0.03,-0.0004591902247561,-0.0107996097454306,-0.666623841417495,0.0
0.02,22,0.04,-0.000596350495455,-0.0190692068045114,-1.0148627947116897,0.0
0.02,22,0.05,-0.0008405743608464,-0.0310968656396644,-1.2037555562889803,0.0
0.02,22,0.06,-0.0012182878082483,-0.043144317930291,-1.3072793721163647,0.0
0.02,22,0.07,-0.0017034607194522,-0.0572424530819917,-1.31760648490966,0.0
0.02,22,0.08,-0.0023631368698882,-0.0694964476284842,-1.4582958383491613,0.0
0.02,22,0.09,-0.0030933896720219,-0.0864083698489749,-1.3427693179469293,0.0
0.02,22,0.1,-0.0040913042668677,-0.0963518339874228,-0.6756613876669988,0.0
0.02,22,0.11,-0.0050204263517703,-0.0999215976023149,-0.6551276467014553,0.0
0.02,22,0.12,-0.006089736218914,-0.1094543869214519,-1.4051889621380491,0.0
0.02,22,0.13,-0.0072095140901994,-0.1280253768450759,-1.0468906150387731,0.0
0.02,22,0.14,-0.0086502437558155,-0.1303921992222274,-0.4304776806561854,0.0
0.02,22,0.15,-0.0098173580746439,-0.1366349304581996,0.6314216957938656,0.6314216957938656
0.02,22,0.16,-0.0113829423649795,-0.11776376530635,0.10180191212987566,0.10180191212987566
0.02,22,0.17,-0.0121726333807709,-0.1345988922156021,-1.2346867369366743,0.0
0.02,22,0.18,-0.0140749202092915,-0.1424575000450835,2.88485147446754,2.88485147446754
0.02,22,0.19,-0.0150217833816726,-0.0769018627262511,-1.3920210997345688,0.0
0.02,22,0.2,-0.0156129574638165,-0.1702979220397749,-8.545055234825563,0.0
0.02,22,0.21,-0.0184277418224681,-0.2478029674227623,-1.0742558176595587,0.0
0.02,22,0.22,-0.0205690168122718,-0.1917830383929657,11.958482349156826,11.958482349156826
0.02,22,0.23,-0.0222634025903274,-0.0086333204396256,4.266906515522602,4.266906515522602
0.02,22,0.24,-0.0207416832210643,-0.1064449080825129,-9.984706446360459,0.0
0.02,22,0.25,-0.0243923007519777,-0.2083274493668347,-4.0861839839302005,0.0
0.02,22,0.26,-0.024908232208401,-0.188168587761117,-3.7812928695825434,0.0
0.02,22,0.27,-0.0281556725072,-0.2839533067584856,-3.733336392416847,0.0
0.02,22,0.28,-0.0305872983435707,-0.262835315609454,12.31271939681319,12.31271939681319
0.02,22,0.29,-0.0334123788193891,-0.0376989188222234,12.3431879115142,12.3431879115142
0.02,22,0.3,-0.0313412767200152,-0.0159715573791716,-7.102487760141288,0.0
0.02,22,0.31,-0.0337318099669725,-0.1797486740250493,-6.520233722795274,0.0
0.02,22,0.32,-0.0349362502005162,-0.1463762318350772,5.5169879303650085,5.5169879303650085
0.02,22,0.33,-0.036659334603674,-0.069408915417749,-0.03473561280278048,0.0
0.02,22,0.34,-0.0363244285088711,-0.1470709440911328,-5.416176850046593,0.0
0.02,22,0.35,-0.0396007534854967,-0.1777324524186809,8.530406299759878,8.530406299759878
0.02,22,0.36,-0.0398790775572447,0.0235371819040657,2.8136509218906927,2.8136509218906927
0.02,22,0.37,-0.0391300098474154,-0.121459433980867,-10.210065861647221,0.0
0.02,22,0.38,-0.0423082662368621,-0.1806641353288789,-4.743300903156596,0.0
0.02,22,0.39,-0.0427432925539929,-0.216325452043999,-3.757078849445737,0.0
0.02,22,0.4,-0.0466347752777421,-0.2558057123177937,3.15087209617635,3.15087209617635
0.02,22,0.41,-0.0478594068003488,-0.1533080101204729,9.915558055673145,9.915558055673145
0.02,22,0.42,-0.0497009354801515,-0.0574945512043312,11.545219113736305,11.545219113736305
0.02,22,0.43,-0.0490092978244354,0.0775963721542534,5.055140115412961,5.055140115412961
0.02,22,0.44,-0.0481490080370665,0.0436082511039281,-11.436721130132975,0.0
0.02,22,0.45,-0.0481371328023569,-0.1511380504484063,-10.729908345611701,0.0
0.02,22,0.46,-0.0511717690460346,-0.1709899158083061,5.237942675969535,5.237942675969535
0.02,22,0.47,-0.051556931118523,-0.0463791969290166,6.4139952696900675,6.4139952696900675
0.02,22,0.48,-0.0520993529846149,-0.0427100104145057,2.1940996470100083,2.1940996470100083
0.02,22,0.49,-0.0524111313268131,-0.0024972039888164,-8.926275956274168,0.0
0.02,22,0.5,-0.0521492970643913,-0.2212355295399892,-12.626569442924763,0.0
0.02,22,0.51,-0.0568358419176129,-0.2550285928473119,31.486160116535213,31.486160116535213
0.02,22,0.52,-0.0572498689213375,0.4084876727907156,8.182223606553197,8.182223606553197
0.02,22,0.53,-0.0486660884617986,-0.0913841207162478,-39.46461514576082,0.0
0.02,22,0.54,-0.0590775513356625,-0.3808046301245014,2.345658422906303,2.345658422906303
0.02,22,0.55,-0.0562821810642886,-0.0444709522581217,17.088827370855274,17.088827370855274
0.02,22,0.56,-0.0599669703808249,-0.0390280827073956,1.0392046597111801,1.0392046597111801
0.02,22,0.57,-0.0570627427184366,-0.0236868590638983,-4.795947033706425,0.0
0.02,22,0.58,-0.0604407075621029,-0.1349470233815251,2.1664478203730484,2.1664478203730484
0.02,22,0.59,-0.0597616831860671,0.0196420973435627,-8.476795873006683,0.0
0.02,22,0.6,-0.0600478656152317,-0.3044829408416589,-18.021969897562798,0.0
0.02,22,0.61,-0.0658513420029003,-0.3407973006076936,30.734799787079794,30.734799787079794
0.02,22,0.62,-0.0668638116273856,0.3102130548999375,22.797443687586444,22.797443687586444
0.02,22,0.63,-0.0596470809049015,0.1151515731440357,-30.366237484038873,0.0
0.02,22,0.64,-0.0645607801645048,-0.2971116947808405,-5.80758818194328,0.0
0.02,22,0.65,-0.0655893148005184,-0.00100019049483,-3.800689361184027,0.0
0.02,22,0.66,-0.0645807839744014,-0.3731254820045211,-13.961252077295647,0.0
0.02,22,0.67,-0.0730518244406088,-0.2802252320407432,23.554793119353292,23.554793119353292
0.02,22,0.68,-0.0701852886152163,0.0979703803825451,26.37843669077297,26.37843669077297
0.02,22,0.69,-0.0710924168329578,0.2473435017747163,1.9034012318978029,1.9034012318978029
0.02,22,0.7,-0.0652384185797219,0.1360384050204981,-21.857156409575396,0.0
0.02,22,0.71,-0.0683716487325479,-0.189799626416792,-19.87019799749701,0.0
0.02,22,0.72,-0.0690344111080578,-0.2613655549294424,1.0686040470825997,1.0686040470825997
0.02,22,0.73,-0.0735989598311367,-0.16842754547514,23.699833892142625,23.699833892142625
0.02,22,0.74,-0.0724029620175606,0.2126311229134105,1.8564580922606675,1.8564580922606675
0.02,22,0.75,-0.0693463373728685,-0.1312983836299266,-22.860250203279616,0.0
0.02,22,0.76,-0.0750289296901591,-0.2445738811521822,16.005546901843285,16.005546901843285
0.02,22,0.77,-0.0742378149959122,0.1888125544069394,7.15631794912816,7.15631794912816
0.02,22,0.78,-0.0712526786020203,-0.1014475221696189,-21.42366389157939,0.0
0.02,22,0.79,-0.0762667654393045,-0.2396607234246488,3.4864348499046276,3.4864348499046276
0.02,22,0.8,-0.0760458930705133,-0.0317188251715263,2.7839906814058875,2.7839906814058875
0.02,22,0.81,-0.0769011419427351,-0.183980909796531,4.184044981471275,4.184044981471275
0.02,22,0.82,-0.0797255112664439,0.0519620744578945,22.586724178790085,22.586724178790085
0.02,22,0.83,-0.0758619004535771,0.2677535737792684,-13.950364337693902,0.0
0.02,22,0.84,-0.0743704397908585,-0.2270452122959838,-22.942769416349762,0.0
0.02,22,0.85,-0.0804028046994968,-0.1911018145477272,25.208234595288268,25.208234595288268
0.02,22,0.86,-0.0781924760818131,0.277119479609782,17.336538251402406,17.336538251402406
0.02,22,0.87,-0.0748604151073012,0.1556289504803212,-9.908725192921978,0.0
0.02,22,0.88,-0.0750798970722066,0.0789449757513423,-3.634859261648481,0.0
0.02,22,0.89,-0.0732815155922743,0.0829317652473515,-20.914876124056452,0.0
0.02,22,0.9,-0.0734212617672596,-0.3393525467297871,-22.03279092938755,0.0
0.02,22,0.91,-0.0800685665268701,-0.3577240533403998,14.629283891163746,14.629283891163746
0.02,22,0.92,-0.0805757428340676,-0.0467668689065119,13.936866613043044,13.936866613043044
0.02,22,0.93,-0.0810039039050003,-0.0789867210795387,-4.8560794445846565,0.0
0.02,22,0.94,-0.0821554772556584,-0.1438884577982042,1.6161916115260029,1.6161916115260029
0.02,22,0.95,-0.0838816730609644,-0.046662888849017,17.821888998933332,17.821888998933332
0.02,22,0.96,-0.0830887350326387,0.2125493221804628,8.699533693500108,8.699533693500108
0.02,22,0.97,-0.0796306866173551,0.1273277850209853,-39.75432583124659,0.0
0.02,22,0.98,-0.080542179332219,-0.5825371944444697,-21.546489564032516,0.0
0.02,22,0.99,-0.0912814305062445,-0.3036020062596654,52.46291496638439,52.46291496638439
0.02,22,1.0,-0.0866142194574123,0.4667211048832189,77.03231111428836,77.03231111428836
0.02,23,0.01,-0.0003638660538634,-0.0024512142907267,-0.13064671395711003,0.0
0.02,23,0.02,-0.0003883781967707,-0.0037576814302978,-0.2606345828760501,0.0
0.02,23,0.03,-0.0004390196824694,-0.0076639059482477,-0.532449634462995,0.0
0.02,23,0.04,-0.0005416563157357,-0.0144066741195577,-0.8248835564430748,0.0
0.02,23,0.05,-0.0007271531648606,-0.0241615770771092,-1.1527072820033903,0.0
0.02,23,0.06,-0.0010248878572778,-0.0374608197596255,-1.400112350351649,0.0
0.02,23,0.07,-0.0014763695600531,-0.0521638240841422,-1.5331646807410144,0.0
0.02,23,0.08,-0.0020681643389607,-0.0681241133744458,-1.647737100055541,0.0
0.02,23,0.09,-0.002838851827542,-0.085118566085253,-1.3845843917873006,0.0
0.02,23,0.1,-0.0037705356606658,-0.0958158012101918,-0.3391557127324436,0.0
0.02,23,0.11,-0.0047551678517458,-0.0919016803399019,-0.1266245572944653,0.0
0.02,23,0.12,-0.0056085692674638,-0.0983482923560811,-1.3890118921311334,0.0
0.02,23,0.13,-0.0067221336988674,-0.1196819181825246,-2.723566452974338,0.0
0.02,23,0.14,-0.0080022076311143,-0.1528196214155679,1.47974919147744,1.47974919147744
0.02,23,0.15,-0.0097785261271788,-0.0900869343529761,-0.5178154068262613,0.0
0.02,23,0.16,-0.0098039463181738,-0.1631759295520935,-6.575139066510131,0.0
0.02,23,0.17,-0.0130420447182207,-0.2215897156831788,1.1979245837810861,1.1979245837810861
0.02,23,0.18,-0.0142357406318374,-0.1392174378764722,3.9380383109641537,3.9380383109641537
0.02,23,0.19,-0.0158263934757501,-0.142828949463896,-0.6836508358341185,0.0
0.02,23,0.2,-0.0170923196211153,-0.1528904545931546,0.39165437831350847,0.39165437831350847
0.02,23,0.21,-0.0188842025676132,-0.1349958618976259,-2.698099002776143,0.0
0.02,23,0.22,-0.0197922368590678,-0.2068524346486777,5.5431998059819305,5.5431998059819305
0.02,23,0.23,-0.0230212512605868,-0.0241318657779872,3.4013626801410908,3.4013626801410908
0.02,23,0.24,-0.0202748741746276,-0.1388251810458551,-16.33743358296397,0.0
0.02,23,0.25,-0.0257977548815039,-0.3508805374372667,0.6646680687885942,0.6646680687885942
0.02,23,0.26,-0.0272924849233729,-0.1255318196700832,17.809144524913826,17.809144524913826
0.02,23,0.27,-0.0283083912749056,0.0053023530610101,1.5830990389832031,1.5830990389832031
0.02,23,0.28,-0.0271864378621527,-0.0938698388904191,-10.353959740166346,0.0
0.02,23,0.29,-0.0301857880527139,-0.2017768417423164,-3.4516142708543667,0.0
0.02,23,0.3,-0.031221974696999,-0.1629021243075055,0.39315418183192996,0.39315418183192996
0.02,23,0.31,-0.033443830538864,-0.1939137581056778,4.7787868996426255,4.7787868996426255
0.02,23,0.32,-0.0351002498591126,-0.0673263863146529,7.721954245321443,7.721954245321443
0.02,23,0.33,-0.0347903582651571,-0.0394746731992488,-7.854917019936552,0.0
0.02,23,0.34,-0.0358897433230976,-0.2244247267133841,-16.006273438490844,0.0
0.02,23,0.35,-0.0392788527994247,-0.3596001419690653,7.102288913020396,7.102288913020396
0.02,23,0.36,-0.0430817461624789,-0.0823789484529742,12.128842311438195,12.128842311438195
0.02,23,0.37,-0.0409264317684842,-0.1170232957403012,-2.9019018021405376,0.0
0.02,23,0.38,-0.0454222120772849,-0.140416984495785,6.03679018181692,6.03679018181692
0.02,23,0.39,-0.0437347714583999,0.0037125078960373,2.8562241235926518,2.8562241235926518
0.02,23,0.4,-0.0453479619193642,-0.0832925020239319,-6.223134712486758,0.0
0.02,23,0.41,-0.0454006214988786,-0.1207501863536979,-1.6729161890639235,0.0
0.02,23,0.42,-0.0477629656464381,-0.1167508258052101,0.7903686863378843,0.7903686863378843
0.02,23,0.43,-0.0477356380149828,-0.1049428126269402,-0.8371813888339039,0.0
0.02,23,0.44,-0.0498618218989769,-0.1334944535818882,1.9605917158507635,1.9605917158507635
0.02,23,0.45,-0.0504055270866205,-0.0657309783099249,8.661150322066097,8.661150322066097
0.02,23,0.46,-0.0511764414651754,0.0397285528594339,-10.126794060592626,0.0
0.02,23,0.47,-0.0496109560294319,-0.2682668595217747,-11.967526983661912,0.0
0.02,23,0.48,-0.056541778655611,-0.1996219868138018,21.50449115444328,21.50449115444328
0.02,23,0.49,-0.0536033957657079,0.1618229635670913,6.03953347300574,6.03953347300574
0.02,23,0.5,-0.0533053193842691,-0.0788313173536869,-11.559781036967696,0.0
0.02,23,0.51,-0.0551800221127816,-0.0693726571722628,-0.6861457097621799,0.0
0.02,23,0.52,-0.0546927725277144,-0.0925542315489305,-4.50179044401184,0.0
0.02,23,0.53,-0.0570311067437603,-0.1594084660524997,1.2962217097254793,1.2962217097254793
0.02,23,0.54,-0.0578809418487644,-0.0666297973544209,-3.1345499416590688,0.0
0.02,23,0.55,-0.0583637026908487,-0.2220994648856811,-7.562334954653569,0.0
0.02,23,0.56,-0.062322931146478,-0.2178764964474924,13.596143756174378,13.596143756174378
0.02,23,0.57,-0.0627212326197985,0.0498234102378023,19.131833541735105,19.131833541735105
0.02,23,0.58,-0.061326462941722,0.1647601743872062,4.004085716384262,4.004085716384262
0.02,23,0.59,-0.0594260291320544,0.1299051245654876,-12.544036861783834,0.0
0.02,23,0.6,-0.0587283604504122,-0.0861205628484707,-9.393720442204467,0.0
0.02,23,0.61,-0.0611484403890238,-0.0579692842786019,-8.151279328724272,0.0
0.02,23,0.62,-0.0598877461359842,-0.2491461494229563,-15.18259305721862,0.0
0.02,23,0.63,-0.066131363377483,-0.3616211454229745,16.3953161011861,16.3953161011861
0.02,23,0.64,-0.0671201690444437,0.078760172600766,25.640890580299853,25.640890580299853
0.02,23,0.65,-0.0645561599254676,0.151196666183023,-26.646683571843717,0.0
0.02,23,0.66,-0.0640962357207833,-0.4541734988361088,-16.73778542490432,0.0
0.02,23,0.67,-0.0736396299021898,-0.1835590423150637,38.93472981213658,38.93472981213658
0.02,23,0.68,-0.0677674165670846,0.3245210974066235,3.649335841219873,3.649335841219873
0.02,23,0.69,-0.0671492079540573,-0.1105723254906561,-21.635023266007646,0.0
0.02,23,0.7,-0.0699788630768977,-0.1081793679135225,1.019433004444429,1.019433004444429
0.02,23,0.71,-0.0693127953123278,-0.0901836654017675,-8.9052795541745,0.0
0.02,23,0.72,-0.0717825363849331,-0.2862849589970127,17.383779699229287,17.383779699229287
0.02,23,0.73,-0.075038494492268,0.2574919285828185,28.02099139366307,28.02099139366307
0.02,23,0.74,-0.0666326978132767,0.2741348688762492,-12.996012790575389,0.0
0.02,23,0.75,-0.069555797114743,-0.0024283272286895,-23.588879344987788,0.0
0.02,23,0.76,-0.0666812643578505,-0.1976427180235069,-18.32804259575008,0.0
0.02,23,0.77,-0.0735086514752132,-0.3689891791436914,4.434475758775906,4.434475758775906
0.02,23,0.78,-0.0740610479407243,-0.1089532028479887,20.38467584630146,20.38467584630146
0.02,23,0.79,-0.0756877155321729,0.0387043377823381,-0.40983826537607904,0.0
0.02,23,0.8,-0.0732869611850775,-0.1171499681555103,-11.09235697571423,0.0
0.02,23,0.81,-0.0780307148952832,-0.1831428017319467,22.03431354801372,22.03431354801372
0.02,23,0.82,-0.0769498172197165,0.3235363028047557,10.274282787645795,10.274282787645795
0.02,23,0.83,-0.071559988839188,0.0223428540209593,-35.989290991457594,0.0
0.02,23,0.84,-0.0765029601392973,-0.3962495170243967,12.943041049434568,12.943041049434568
0.02,23,0.85,-0.079484979179676,0.2812036750096509,8.035057358126279,8.035057358126279
0.02,23,0.86,-0.0708788866391043,-0.235548369861871,-31.721153456376705,0.0
0.02,23,0.87,-0.0841959465769134,-0.3532193941178838,27.518575369159265,27.518575369159265
0.02,23,0.88,-0.077943274521462,0.3148231375213148,15.25682506759481,15.25682506759481
0.02,23,0.89,-0.0778994838264871,-0.0480828927659873,-22.926696656781303,0.0
0.02,23,0.9,-0.0789049323767817,-0.1437107956143117,5.497934632865,5.497934632865
0.02,23,0.91,-0.0807736997387733,0.0618757998913128,4.995580206909924,4.995580206909924
0.02,23,0.92,-0.0776674163789555,-0.0437991914761131,-20.627508581757837,0.0
0.02,23,0.93,-0.0816496835682956,-0.3506743717438443,10.592946368434548,10.592946368434548
0.02,23,0.94,-0.0846809038138323,0.1680597358925677,24.75504961396659,24.75504961396659
0.02,23,0.95,-0.0782884888504442,0.1444266205354791,-17.883352997508275,0.0
0.02,23,0.96,-0.0817923714031228,-0.1896073240575981,-6.300365434904926,0.0
0.02,23,0.97,-0.0820806353315961,0.0184193118373805,-2.947236896025098,0.0
0.02,23,0.98,-0.0814239851663751,-0.2485520619781001,-3.4314813436086573,0.0
0.02,23,0.99,-0.0870516765711581,-0.0502103150347927,35.54502861934058,35.54502861934058
0.02,23,1.0,-0.082428191467071,0.462348510408712,51.25588254435043,51.25588254435043
0.02,24,0.01,-0.0007307199755361,-0.0066923786299322,-0.30179448379865004,0.0
0.02,24,0.02,-0.0007976437618354,-0.0097103234679187,-0.5497129059254702,0.0
0.02,24,0.03,-0.0009249264448945,-0.0176866367484416,-0.95864206949804,0.0
0.02,24,0.04,-0.0011513764968043,-0.0288831648578795,-1.2294574737220998,0.0
0.02,24,0.05,-0.0015025897420521,-0.0422757862228836,-1.3480693715596355,0.0
0.02,24,0.06,-0.0019968922212619,-0.0558445522890722,-1.4734762617460189,0.0
0.02,24,0.07,-0.0026194807878335,-0.071745311457804,-1.4713036113823703,0.0
0.02,24,0.08,-0.003431798450418,-0.0852706245167196,-1.3433856294613116,0.0
0.02,24,0.09,-0.0043248932781679,-0.0986130240470302,-1.3571010558528132,0.0
0.02,24,0.1,-0.0054040589313586,-0.1124126456337759,-0.796228341278189,0.0
0.02,24,0.11,-0.0065731461908434,-0.114537590872594,-0.9087062021376608,0.0
0.02,24,0.12,-0.0076948107488105,-0.1305867696765291,-0.4758647174356154,0.0
0.02,24,0.13,-0.009184881584374,-0.1240548852213063,0.17867313061732926,0.17867313061732926
0.02,24,0.14,-0.0101759084532366,-0.1270133070641825,-2.2705391032809414,0.0
0.02,24,0.15,-0.0117251477256577,-0.169465667286925,-3.235973000296398,0.0
0.02,24,0.16,-0.0135652217989751,-0.1917327670701104,0.8883252723332795,0.8883252723332795
0.02,24,0.17,-0.0155598030670599,-0.1516991618402594,3.43697061280957,3.43697061280957
0.02,24,0.18,-0.0165992050357803,-0.122993354813919,-2.814871046328501,0.0
0.02,24,0.19,-0.0180196701633383,-0.2079965827668297,-0.5267127974739942,0.0
0.02,24,0.2,-0.0207591366911169,-0.1335276107633989,2.1332444370511716,2.1332444370511716
0.02,24,0.21,-0.0206902223786063,-0.165331694025806,-2.6960578761738097,0.0
0.02,24,0.22,-0.0240657705716331,-0.187448768286875,2.926163835773562,2.926163835773562
0.02,24,0.23,-0.0244391977443438,-0.1068084173103347,3.660871550811306,3.660871550811306
0.02,24,0.24,-0.0262019389178398,-0.1142313372706487,-1.6371613179281228,0.0
0.02,24,0.25,-0.0267238244897567,-0.1395516436688972,2.1916903360764675,2.1916903360764675
0.02,24,0.26,-0.0289929717912177,-0.0703975305491193,0.0940253288325108,0.0940253288325108
0.02,24,0.27,-0.0281317751007391,-0.137671137092247,-4.925701778098765,0.0
0.02,24,0.28,-0.0317463945330626,-0.1689115661110947,4.077460381275982,4.077460381275982
0.02,24,0.29,-0.031510006422961,-0.0561219294667283,-1.8035277107491066,0.0
0.02,24,0.3,-0.0328688331223972,-0.2049821203260782,-10.024161473334186,0.0
0.02,24,0.31,-0.0356096488294826,-0.2566051589334122,4.411426931849146,4.411426931849146
0.02,24,0.32,-0.0380009363010655,-0.1167535816890952,2.4025583750016963,2.4025583750016963
0.02,24,0.33,-0.0379447204632645,-0.2085539914333782,-4.429689923784535,0.0
0.02,24,0.34,-0.042172016129733,-0.205347380164786,5.038378261839514,5.038378261839514
0.02,24,0.35,-0.0420516680665602,-0.1077864261965886,7.928038062611909,7.928038062611909
0.02,24,0.36,-0.0443277446536648,-0.0467866189125483,-0.12443408037030501,0.0
0.02,24,0.37,-0.0429874004448112,-0.1102751078039947,-3.2372834041290917,0.0
0.02,24,0.38,-0.0465332468097447,-0.1115322869951302,7.189458844548079,7.189458844548079
0.02,24,0.39,-0.0452180461847138,0.033514069086967,2.5047323246683173,2.5047323246683173
0.02,24,0.4,-0.0458629654280054,-0.0614376405017638,-15.043204762281345,0.0
0.02,24,0.41,-0.0464467989947491,-0.2673500261586587,-7.62149674640748,0.0
0.02,24,0.42,-0.0512099659511786,-0.2138675754299117,13.70219123506074,13.70219123506074
0.02,24,0.43,-0.0507241505033473,0.0066937985425563,9.131070427065836,9.131070427065836
0.02,24,0.44,-0.0510760899803275,-0.0312461668885948,-5.89825672949097,0.0
0.02,24,0.45,-0.0513490738411192,-0.1112713360472632,-6.146361137436554,0.0
0.02,24,0.46,-0.0533015167012727,-0.154173389637326,5.248756901049173,5.248756901049173
0.02,24,0.47,-0.0544325416338657,-0.006296198026281,10.351331881929845,10.351331881929845
0.02,24,0.48,-0.0534274406617983,0.05285324800127,-4.1238357475979965,0.0
0.02,24,0.49,-0.0533754766738403,-0.088772912978241,-15.996831295227896,0.0
0.02,24,0.5,-0.0552028989213632,-0.2670833779032882,-7.173711966170468,0.0
0.02,24,0.51,-0.0587171442319061,-0.2322471523016505,4.513873716900861,4.513873716900861
0.02,24,0.52,-0.0598478419673962,-0.1768059035652709,19.553386752897378,19.553386752897378
0.02,24,0.53,-0.0622532623032115,0.1588205827562974,12.078653111950564,12.078653111950564
0.02,24,0.54,-0.0566714303122702,0.0647671586737406,-22.538776256586004,0.0
0.02,24,0.55,-0.0609579191297367,-0.2919549423754231,-2.5738903267802375,0.0
0.02,24,0.56,-0.0625105291597787,0.0132893521381358,7.338046444726776,7.338046444726776
0.02,24,0.57,-0.060692132086974,-0.1451940134808831,-0.8860904365997603,0.0
0.02,24,0.58,-0.0654144094293964,-0.004432456593856,11.07943600089459,11.07943600089459
0.02,24,0.59,-0.0607807812188511,0.0763947065370089,-7.592129143259458,0.0
0.02,24,0.6,-0.0638865152986562,-0.1562750394590453,-14.701320195807437,0.0
0.02,24,0.61,-0.063906282008032,-0.2176316973791401,3.5050002524923816,3.5050002524923816
0.02,24,0.62,-0.068239149246239,-0.0861750344091976,9.122125611321321,9.122125611321321
0.02,24,0.63,-0.065629782696216,-0.0351891851527135,-2.1857691184355525,0.0
0.02,24,0.64,-0.0689429329492933,-0.1298904167779087,4.996509626739826,4.996509626739826
0.02,24,0.65,-0.0682275910317742,0.0647410073820831,0.6080299800280242,0.6080299800280242
0.02,24,0.66,-0.0676481128016516,-0.1177298171773482,-8.563643356038423,0.0
0.02,24,0.67,-0.0705821873753211,-0.1065318597386855,19.65469878736481,19.65469878736481
0.02,24,0.68,-0.0697787499964254,0.2753641585699484,0.9411514349414807,0.9411514349414807
0.02,24,0.69,-0.0650749042039222,-0.0877088310398477,-18.076484572220146,0.0
0.02,24,0.7,-0.0715329266172224,-0.0861655328744488,14.69953302449765,14.69953302449765
0.02,24,0.71,-0.0667982148614112,0.2062818294501056,-13.745467801025647,0.0
0.02,24,0.72,-0.0674072900282203,-0.361074888894962,-16.573744758545786,0.0
0.02,24,0.73,-0.0740197126393105,-0.1251930657208104,13.640642360190856,13.640642360190856
0.02,24,0.74,-0.0699111513426365,-0.0882620416911446,-8.171061476374003,0.0
0.02,24,0.75,-0.0757849534731333,-0.2886142952482906,13.80206056584915,13.80206056584915
0.02,24,0.76,-0.0756834372476023,0.1877791696258386,9.33983191389386,9.33983191389386
0.02,24,0.77,-0.0720293700806166,-0.1018176569704132,3.013556935820901,3.013556935820901
0.02,24,0.78,-0.0777197903870106,0.2480503083422567,5.072242551926596,5.072242551926596
0.02,24,0.79,-0.0670683639137714,-0.0003728059318812,-40.383199998343265,0.0
0.02,24,0.8,-0.0777272465056482,-0.5596136916246093,1.7904882107448286,1.7904882107448286
0.02,24,0.81,-0.0782606377462636,0.0354369582830154,34.70975619177716,34.70975619177716
0.02,24,0.82,-0.077018507339988,0.1345814322109362,4.786988082044019,4.786988082044019
0.02,24,0.83,-0.0755690091020449,0.1311767199238942,-13.83046369154047,0.0
0.02,24,0.84,-0.0743949729415101,-0.1420278416198734,-18.85034855174233,0.0
0.02,24,0.85,-0.0784095659344424,-0.2458302511109527,4.169170256863801,4.169170256863801
0.02,24,0.86,-0.0793115779637291,-0.0586444364825973,8.655239653172737,8.655239653172737
0.02,24,0.87,-0.0795824546640943,-0.0727254580474978,-4.476985442172872,0.0
0.02,24,0.88,-0.0807660871246791,-0.1481841453260548,-4.48606460281877,0.0
0.02,24,0.89,-0.0825461375706154,-0.1624467501038733,25.190274717128467,25.190274717128467
0.02,24,0.9,-0.0840150221267566,0.355621349016515,10.07524383148074,10.07524383148074
0.02,24,0.91,-0.0754337105902851,0.0390581265257417,-32.838897886255374,0.0
0.02,24,0.92,-0.0832338595962417,-0.301156608708593,1.4013215286516834,1.4013215286516834
0.02,24,0.93,-0.081456842764457,0.0670845570987754,5.436479678765156,5.436479678765156
0.02,24,0.94,-0.0818921684542662,-0.1924270151332834,-0.7557371633870331,0.0
0.02,24,0.95,-0.0853053830671227,0.0519698138310404,21.008197293010802,21.008197293010802
0.02,24,0.96,-0.0808527721776454,0.227736930726933,-19.29284462584209,0.0
0.02,24,0.97,-0.080750644452584,-0.3338870786858017,-17.841965967048726,0.0
0.02,24,0.98,-0.0875305137513614,-0.1291023886140418,16.92100902566798,16.92100902566798
0.02,24,0.99,-0.0833326922248649,0.0045331018275582,-14.080678019024756,0.0
0.02,24,1.0,-0.0874398517148103,-0.4107159489945371,-41.52490508220949,0.0
0.02,25,0.01,-0.0006178624517863,-0.0051267915658886,-0.28272978758512,0.0
0.02,25,0.02,-0.0006691303674452,-0.0079540894417398,-0.4482582306049051,0.0
0.02,25,0.03,-0.0007769442406211,-0.0140919561779867,-0.71994818143792,0.0
0.02,25,0.04,-0.000950969491005,-0.0223530530704982,-1.0222565362377298,0.0
0.02,25,0.05,-0.0012240053020311,-0.0345370869027413,-1.2031788640219154,0.0
0.02,25,0.06,-0.0016417112290598,-0.0464166303509365,-1.0440031578008748,0.0
0.02,25,0.07,-0.0021523379090498,-0.0554171500587588,-1.2232625525544756,0.0
0.02,25,0.08,-0.002750054230235,-0.070881881402026,-1.2990730193016904,0.0
0.02,25,0.09,-0.0035699755370904,-0.0813986104447926,-0.7193398052416451,0.0
0.02,25,0.1,-0.0043780264391308,-0.0852686775068589,-0.5818873237046205,0.0
0.02,25,0.11,-0.0052753490872275,-0.093036356918885,-0.9195978576795651,0.0
0.02,25,0.12,-0.0062387535775085,-0.1036606346604502,-2.7418682944619475,0.0
0.02,25,0.13,-0.0073485617804365,-0.147873722808124,-0.055517625832560036,0.0
0.02,25,0.14,-0.009196228033671,-0.1047709871771014,1.4678237720983534,1.4678237720983534
0.02,25,0.15,-0.0094439815239786,-0.1185172473661568,-0.9149580996121118,0.0
0.02,25,0.16,-0.0115665729809942,-0.1230701491693436,0.801631029718294,0.801631029718294
0.02,25,0.17,-0.0119053845073655,-0.1024846267717909,-3.5563014601942964,0.0
0.02,25,0.18,-0.01361626551643,-0.1941961783732292,-2.6632496398917054,0.0
0.02,25,0.19,-0.01578930807483,-0.1557496195696246,8.350464447016147,8.350464447016147
0.02,25,0.2,-0.0167312579078225,-0.0271868894329061,1.598983864009175,1.598983864009175
0.02,25,0.21,-0.0163330458634882,-0.1237699422894405,-10.578603274427,0.0
0.02,25,0.22,-0.0192066567536113,-0.238758954921446,-3.8849308856989175,0.0
0.02,25,0.23,-0.0211082249619171,-0.2014685600034189,1.8492620129986665,1.8492620129986665
0.02,25,0.24,-0.0232360279536797,-0.2017737146614726,4.285387446240639,4.285387446240639
0.02,25,0.25,-0.0251436992551465,-0.1157608110786059,6.615948433525579,6.615948433525579
0.02,25,0.26,-0.0255512441752518,-0.0694547459909609,-1.7696146570749223,0.0
0.02,25,0.27,-0.0265327941749658,-0.1511531042201044,-5.561989529391326,0.0
0.02,25,0.28,-0.0285743062596539,-0.1806945365787875,4.7036018558227655,4.7036018558227655
0.02,25,0.29,-0.0301466849065415,-0.0570810671036501,3.5226974885071574,3.5226974885071574
0.02,25,0.3,-0.0297159276017269,-0.1102405868086455,-5.461200861869536,0.0
0.02,25,0.31,-0.0323514966427144,-0.1663050843410409,-1.3891242508575345,0.0
0.02,25,0.32,-0.0330420292885477,-0.1380230718257962,2.2222207459354433,2.2222207459354433
0.02,25,0.33,-0.0351119580792303,-0.121860669422332,2.6470647778512184,2.6470647778512184
0.02,25,0.34,-0.0354792426769943,-0.0850817762687718,6.189689691779114,6.189689691779114
0.02,25,0.35,-0.0368135936046058,0.0019331244132498,-0.14586351999364666,0.0
0.02,25,0.36,-0.0354405801887293,-0.0879990466686457,-18.023790058608505,0.0
0.02,25,0.37,-0.0385735745379787,-0.3585426767589206,-1.004418817880448,0.0
0.02,25,0.38,-0.0426114337239077,-0.1080874230262547,13.85363974381595,13.85363974381595
0.02,25,0.39,-0.0407353229985038,-0.0814698818826014,0.07906752238924497,0.07906752238924497
0.02,25,0.4,-0.0442408313615598,-0.1065060725784698,0.981184845253801,0.981184845253801
0.02,25,0.41,-0.0428654444500732,-0.0618461849775258,1.6441440261370786,1.6441440261370786
0.02,25,0.42,-0.0454777550611103,-0.0736231920557286,5.070672551280546,5.070672551280546
0.02,25,0.43,-0.0443379082911878,0.0395672660480852,-9.13311057635217,0.0
0.02,25,0.44,-0.0446864097401486,-0.2562854035827722,-13.314484560367308,0.0
0.02,25,0.45,-0.0494636163628432,-0.2267224251592612,13.521978662165697,13.521978662165697
0.02,25,0.46,-0.0492208582433338,0.014154169660542,5.656969434674154,5.656969434674154
0.02,25,0.47,-0.0491805329696324,-0.1135830364657763,-4.980257355066268,0.0
0.02,25,0.48,-0.0514925189726494,-0.0854509774407823,10.141933570295857,10.141933570295857
0.02,25,0.49,-0.050889552518448,0.089255634940141,-1.2557793861587738,0.0
0.02,25,0.5,-0.0497074062738466,-0.1105665651639578,-15.315006497182813,0.0
0.02,25,0.51,-0.0531008838217272,-0.2170444950035155,3.3741363146849723,3.3741363146849723
0.02,25,0.52,-0.0540482961739169,-0.0430838388702583,11.502841531629025,11.502841531629025
0.02,25,0.53,-0.0539625605991323,0.0130123356290652,-6.400685035659819,0.0
0.02,25,0.54,-0.0537880494613356,-0.1710975395834548,-6.01190968781368,0.0
0.02,25,0.55,-0.0573845113908014,-0.1072258581272085,5.538330761174841,5.538330761174841
0.02,25,0.56,-0.0559325666238797,-0.0603309243599579,-12.549167280752421,0.0
0.02,25,0.57,-0.0585911298780005,-0.3582092037422519,8.467549313207797,8.467549313207797
0.02,25,0.58,-0.0630967506987248,0.1090200619042058,16.43597299285647,16.43597299285647
0.02,25,0.59,-0.0564107286399164,-0.0294897438851222,-14.939767101437496,0.0
0.02,25,0.6,-0.0636865455764272,-0.1897752801245444,6.6088855699716245,6.6088855699716245
0.02,25,0.61,-0.0602062342424073,0.1026879675143104,3.6544636774420622,3.6544636774420622
0.02,25,0.62,-0.061632786226141,-0.1166860065757031,-6.9282997574021135,0.0
0.02,25,0.63,-0.0625399543739214,-0.035878027633732,-0.026717704584669377,0.0
0.02,25,0.64,-0.0623503467788156,-0.1172203606673965,6.44876420733557,6.44876420733557
0.02,25,0.65,-0.0648843615872693,0.0930972565129795,13.846348213012238,13.846348213012238
0.02,25,0.66,-0.060488401648556,0.1597066035928485,-26.64142049445814,0.0
0.02,25,0.67,-0.0616902295154123,-0.4397311533761838,-13.387429657968273,0.0
0.02,25,0.68,-0.0692830247160797,-0.1080419895665172,25.90937501387013,25.90937501387013
0.02,25,0.69,-0.0638510693067428,0.078456346901218,-0.29404040229289663,0.0
0.02,25,0.7,-0.0677138977780555,-0.1139227976123793,-2.5356153786785227,0.0
0.02,25,0.71,-0.0661295252589904,0.0277440393276475,-6.47175248141922,0.0
0.02,25,0.72,-0.0671590169915025,-0.2433578472407638,-4.543293837685271,0.0
0.02,25,0.73,-0.0709966822038057,-0.063121837426058,19.729144839438845,19.729144839438845
0.02,25,0.74,-0.0684214537400237,0.1512250495480134,-0.6013298204397648,0.0
0.02,25,0.75,-0.0679721812128454,-0.0751484338348533,-14.055146230493765,0.0
0.02,25,0.76,-0.0699244224167208,-0.1298778750618621,-8.589963732903943,0.0
0.02,25,0.77,-0.0705697387140826,-0.2469477084929323,-6.649308133617873,0.0
0.02,25,0.78,-0.0748633765865794,-0.2628640377342197,16.9876772147785,16.9876772147785
0.02,25,0.79,-0.075827019468767,0.092805835802638,29.793098914453488,29.793098914453488
0.02,25,0.8,-0.0730072598705267,0.3329979405548506,-3.683840398654012,0.0
0.02,25,0.81,-0.06916706065767,0.0191290278295577,-30.454690242367775,0.0
0.02,25,0.82,-0.0726246793139354,-0.2760958642925022,-4.9873854465802205,0.0
0.02,25,0.83,-0.07468897794352,-0.0806186811020408,16.26460931154708,16.26460931154708
0.02,25,0.84,-0.0742370529359762,0.0491963219384397,10.300505402281658,10.300505402281658
0.02,25,0.85,-0.0737050515047512,0.1253914269435925,-9.364840218926018,0.0
0.02,25,0.86,-0.0717292243971044,-0.1381004824400808,-21.35027255170157,0.0
0.02,25,0.87,-0.0764670611535529,-0.3016140240904392,6.060148951500415,6.060148951500415
0.02,25,0.88,-0.0777615048789132,-0.0168975034100724,20.974169385345995,20.974169385345995
0.02,25,0.89,-0.0768050112217543,0.1178693636164811,8.289599805544567,8.289599805544567
0.02,25,0.9,-0.0754041176065836,0.1488944927008191,-10.049154545418466,0.0
0.02,25,0.91,-0.0738271213677379,-0.0831137272918884,-27.23340192457906,0.0
0.02,25,0.92,-0.0770663921524213,-0.3957735457907625,-2.8149355322280227,0.0
0.02,25,0.93,-0.0817425922835532,-0.1394124379364489,29.590679175268143,29.590679175268143
0.02,25,0.94,-0.0798546409111504,0.1960400377145967,3.889035479728132,3.889035479728132
0.02,25,0.95,-0.0778217915292613,-0.0616317283418932,-27.903078848868258,0.0
0.02,25,0.96,-0.0810872754779882,-0.362021539262769,5.2458978570623005,5.2458978570623005
0.02,25,0.97,-0.0850622223145167,0.0432862287993529,23.96076228988934,23.96076228988934
0.02,25,0.98,-0.0802215509020012,0.1171937065350183,-9.747930504965817,0.0
0.02,25,0.99,-0.0827183481838163,-0.1516723812999636,-8.542937047671597,0.0
0.02,25,1.0,-0.0832549985280004,-0.0536650344184138,9.800734688154972,9.800734688154972
0.02,26,0.01,-0.0003095896654314,-0.0034203921095308,-0.16322704718834996,0.0
0.02,26,0.02,-0.0003437935865267,-0.0050526625814143,-0.3423519438815101,0.0
0.02,26,0.03,-0.0004106429170597,-0.010267430987161,-0.6655128144518001,0.0
0.02,26,0.04,-0.0005491422062699,-0.0183629188704503,-0.9074578465494997,0.0
0.02,26,0.05,-0.0007779012944687,-0.028416587918151,-1.1874085162490151,0.0
0.02,26,0.06,-0.0011174739646329,-0.0421110891954306,-1.4776218530548444,0.0
0.02,26,0.07,-0.0016201230783773,-0.0579690249792479,-1.2959777275183146,0.0
0.02,26,0.08,-0.0022768544642179,-0.0680306437457969,-0.9567658495078857,0.0
0.02,26,0.09,-0.0029807359532932,-0.0771043419694056,-0.9197946130771952,0.0
0.02,26,0.1,-0.003818941303606,-0.0864265360073408,-0.753130933624774,0.0
0.02,26,0.11,-0.00470926667344,-0.0921669606419011,-0.5543239342751898,0.0
0.02,26,0.12,-0.005662280516444,-0.0975130146928446,-2.0066696784454168,0.0
0.02,26,0.13,-0.0066595269672969,-0.1323003542108095,-1.874872041396233,0.0
0.02,26,0.14,-0.0083082876006602,-0.1350104555207693,-1.050203218227554,0.0
0.02,26,0.15,-0.0093597360777123,-0.1533044185753605,-1.673844896219661,0.0
0.02,26,0.16,-0.0113743759721674,-0.1684873534451625,3.395584240642153,3.395584240642153
0.02,26,0.17,-0.0127294831466156,-0.0853927337625174,4.290833005262985,4.290833005262985
0.02,26,0.18,-0.0130822306474178,-0.0826706933399026,-5.791176869257011,0.0
0.02,26,0.19,-0.0143828970134136,-0.2012162711476579,-7.36573267913293,0.0
0.02,26,0.2,-0.0171065560703709,-0.2299853469225613,5.0969695903491194,5.0969695903491194
0.02,26,0.21,-0.0189826039518648,-0.099276879340676,10.431666677200633,10.431666677200633
0.02,26,0.22,-0.0190920936571845,-0.0213520133785489,-3.5793719538240083,0.0
0.02,26,0.23,-0.0194096442194358,-0.1708643184171562,-10.515854383749318,0.0
0.02,26,0.24,-0.0225093800255276,-0.2316691010535354,-0.0952606533021072,0.0
0.02,26,0.25,-0.0240430262405065,-0.172769531483198,3.5394682259829864,3.5394682259829864
0.02,26,0.26,-0.0259647706551915,-0.1608797365338756,9.205981780362848,9.205981780362848
0.02,26,0.27,-0.027260620971184,0.0113501041240591,-1.2732605927834175,0.0
0.02,26,0.28,-0.0257377685727103,-0.186344948389544,-7.3602017974126195,0.0
0.02,26,0.29,-0.0309875199389749,-0.1358539318241944,3.373221057330891,3.373221057330891
0.02,26,0.3,-0.0284548472091942,-0.1188805272429265,-7.421232558364194,0.0
0.02,26,0.31,-0.0333651304838334,-0.2842785829914784,1.8167015950819385,1.8167015950819385
0.02,26,0.32,-0.0341404188690238,-0.0825464953412877,2.723840684354423,2.723840684354423
0.02,26,0.33,-0.0350160603906592,-0.2298017693043899,-6.324461941859635,0.0
0.02,26,0.34,-0.0387364542551116,-0.2090357341784805,-0.22689233148155452,0.0
0.02,26,0.35,-0.0391967750742288,-0.2343396159340207,0.8539649293860805,0.8539649293860805
0.02,26,0.36,-0.043423246573792,-0.1919564355907586,16.95547558754832,16.95547558754832
0.02,26,0.37,-0.043035903786044,0.104769895816946,10.106775029172722,10.106775029172722
0.02,26,0.38,-0.0413278486574531,0.010179064992696,-13.278457852046714,0.0
0.02,26,0.39,-0.04283232248619,-0.1607992612239885,-9.032899426927852,0.0
0.02,26,0.4,-0.0445438338819329,-0.1704789235458612,-3.1838885094129807,0.0
0.02,26,0.41,-0.0462419009571072,-0.2244770314122477,0.036598592863970936,0.036598592863970936
0.02,26,0.42,-0.0490333745101778,-0.1697469516885812,11.835616543292824,11.835616543292824
0.02,26,0.43,-0.0496368399908789,0.012235299453609,4.451830685197896,4.451830685197896
0.02,26,0.44,-0.0487886685211056,-0.0807103379846232,0.2377845327405249,0.2377845327405249
0.02,26,0.45,-0.0512510467505713,0.0169909901084195,4.581633561713806,4.581633561713806
0.02,26,0.46,-0.0484488487189372,0.010922333249653,-6.612896862658646,0.0
0.02,26,0.47,-0.0510326000855783,-0.1152669471447525,-5.910714350007804,0.0
0.02,26,0.48,-0.0507541876618323,-0.1072919537505021,-4.145001345850427,0.0
0.02,26,0.49,-0.0531784391605883,-0.1981669740617611,1.5975612874896434,1.5975612874896434
0.02,26,0.5,-0.0547175271430675,-0.0753407280007092,6.722478836984864,6.722478836984864
0.02,26,0.51,-0.0546852537206025,-0.0637173973220637,4.574281570703157,4.574281570703157
0.02,26,0.52,-0.0559918750895088,0.016144903413354,-4.012218074819592,0.0
0.02,26,0.53,-0.0543623556523354,-0.1439617588184556,-15.043864057554963,0.0
0.02,26,0.54,-0.0588711102658779,-0.2847323777377455,9.997534887585513,9.997534887585513
0.02,26,0.55,-0.0600570032070903,0.0559889389332548,2.7973976380308176,2.7973976380308176
0.02,26,0.56,-0.0577513314872128,-0.2287844249771291,-17.007336300697368,0.0
0.02,26,0.57,-0.0646326917066328,-0.2841577870806935,8.19883168170425,8.19883168170425
0.02,26,0.58,-0.0634344872288266,-0.0648077913430418,21.569656290760843,21.569656290760843
0.02,26,0.59,-0.0659288475334936,0.1472353387345237,11.42867601196823,11.42867601196823
0.02,26,0.6,-0.0604897804541361,0.163765728896323,-18.11565530364241,0.0
0.02,26,0.61,-0.0626535329555671,-0.2150777673383248,-11.33269654343153,0.0
0.02,26,0.62,-0.0647913358009026,-0.0628882019723078,18.409611548073148,18.409611548073148
0.02,26,0.63,-0.0639112969950133,0.1531144636231385,-7.478186032005135,0.0
0.02,26,0.64,-0.0617290465284398,-0.2124519226124106,-19.375991300168497,0.0
0.02,26,0.65,-0.0681603354472615,-0.2344053623802318,19.949074124838575,19.949074124838575
0.02,26,0.66,-0.0664171537760444,0.1865295598843612,7.941161713101058,7.941161713101058
0.02,26,0.67,-0.0644297442495743,-0.0755821281182105,-20.398791236708803,0.0
0.02,26,0.68,-0.0679287963384086,-0.2214462648498152,-6.227739569297187,0.0
0.02,26,0.69,-0.0688586695465706,-0.2001369195041555,19.615505034022434,19.615505034022434
0.02,26,0.7,-0.0719315347284918,0.1708638358306355,12.812710494872963,12.812710494872963
0.02,26,0.71,-0.0654413928299579,0.056117290393304,-16.412273567041627,0.0
0.02,26,0.72,-0.0708091889206257,-0.1573816355101973,-8.363757886005839,0.0
0.02,26,0.73,-0.0685890255401618,-0.1111578673268129,-4.145156027111427,0.0
0.02,26,0.74,-0.073032346267162,-0.2402847560524259,6.693264201984205,6.693264201984205
0.02,26,0.75,-0.0733947206612103,0.0227074167128713,21.166744931980944,21.166744931980944
0.02,26,0.76,-0.0725781979329045,0.1830501425871933,0.9230697630062688,0.9230697630062688
0.02,26,0.77,-0.0697337178094665,0.0411688119729967,-26.175722471848047,0.0
0.02,26,0.78,-0.0717548216934446,-0.3404643068497681,-10.488741404330105,0.0
0.02,26,0.79,-0.0765430039464619,-0.1686060161136056,12.744042016077447,12.744042016077447
0.02,26,0.8,-0.0751269420157167,-0.0855834665282189,12.778627080595104,12.778627080595104
0.02,26,0.81,-0.0782546732770262,0.0869665254982967,10.114089000874637,10.114089000874637
0.02,26,0.82,-0.0733876115057509,0.1166983134892745,2.112087820634474,2.112087820634474
0.02,26,0.83,-0.0759207070072408,0.1292082819109858,-2.584067762502683,0.0
0.02,26,0.84,-0.0708034458675311,0.0650169582392208,-20.547053592731785,0.0
0.02,26,0.85,-0.0746203678424564,-0.2817327899436503,-21.877243479019874,0.0
0.02,26,0.86,-0.0764381016664041,-0.372527911341177,11.24245236839744,11.24245236839744
0.02,26,0.87,-0.08207092606928,-0.0568837425757013,33.689132733285106,33.689132733285106
0.02,26,0.88,-0.0775757765179182,0.3012547433245256,-9.490256119150256,0.0
0.02,26,0.89,-0.0760458312027895,-0.2466888649587066,-11.431413481536682,0.0
0.02,26,0.9,-0.0825095538170923,0.0726264736937918,18.837430180935932,18.837430180935932
0.02,26,0.91,-0.0745933017289136,0.1300597386600124,-16.965186442745456,0.0
0.02,26,0.92,-0.0799083590438921,-0.2666772551611176,-20.362598843158075,0.0
0.02,26,0.93,-0.079926846832136,-0.2771922382031495,0.020470833709630654,0.020470833709630654
0.02,26,0.94,-0.085452203807955,-0.2662678384869252,18.734810346565876,18.734810346565876
0.02,26,0.95,-0.0852522036018744,0.0975039687281702,22.341381064007912,22.341381064007912
0.02,26,0.96,-0.0835021244333916,0.1805597827932334,-8.352546134052998,0.0
0.02,26,0.97,-0.0816410079460097,-0.0695469539528899,-9.326237045958216,0.0
0.02,26,0.98,-0.0848930635124494,-0.0059649581259311,11.980659428568504,11.980659428568504
0.02,26,0.99,-0.0817603071085283,0.1700662346184804,1.6410893485395235,1.6410893485395235
0.02,26,1.0,-0.0814917388200797,0.0268568288448594,-14.320940577362085,0.0
0.02,27,0.01,-0.0002525393652279,-0.0032928055221062,-0.21761472226295,0.0
0.02,27,0.02,-0.0002854674204489,-0.0054689527447357,-0.4003620600799551,0.0
0.02,27,0.03,-0.0003619184201226,-0.0113000467237053,-0.75397289852194,0.0
0.02,27,0.04,-0.000511468354923,-0.0205484107151745,-1.0254296704410395,0.0
0.02,27,0.05,-0.0007728866344261,-0.0318086401325261,-1.2112409970222706,0.0
0.02,27,0.06,-0.0011476411575735,-0.0447732306556199,-1.3995276482678844,0.0
0.02,27,0.07,-0.0016683512475385,-0.0597991930978838,-2.2014726689083153,0.0
0.02,27,0.08,-0.0023436250195312,-0.0888026840337862,-1.6255678645292364,0.0
0.02,27,0.09,-0.0034444049282142,-0.0923105503884685,-0.5416673581555438,0.0
0.02,27,0.1,-0.0041898360273006,-0.0996360311968971,-0.26869526058680915,0.0
0.02,27,0.11,-0.0054371255521521,-0.0976844556002047,-1.319809452638662,0.0
0.02,27,0.12,-0.0061435251393047,-0.1260322202496703,-2.5285780062067706,0.0
0.02,27,0.13,-0.0079577699571455,-0.1482560157243401,0.01275320688222159,0.01275320688222159
0.02,27,0.14,-0.0091086454537915,-0.1257771561120259,-0.5731942302990234,0.0
0.02,27,0.15,-0.0104733130793861,-0.1597199003303204,-0.5806369588931437,0.0
0.02,27,0.16,-0.0123030434603979,-0.1373898952898886,-1.2512144707938342,0.0
0.02,27,0.17,-0.0132211109851838,-0.1847441897461971,-1.4429525389688216,0.0
0.02,27,0.18,-0.0159979272553218,-0.1662489460692652,2.1213080390733507,2.1213080390733507
0.02,27,0.19,-0.0165460899065691,-0.1423180289647301,-0.8130217264533233,0.0
0.02,27,0.2,-0.0188442878346164,-0.1825093805983317,5.787473607236365,5.787473607236365
0.02,27,0.21,-0.0201962775185358,-0.0265685568200034,-0.662247349698065,0.0
0.02,27,0.22,-0.0193756589710165,-0.1957543275922939,-14.393683091098142,0.0
0.02,27,0.23,-0.0241113640703816,-0.3144422186419665,5.039846018136534,5.039846018136534
0.02,27,0.24,-0.0256645033438558,-0.0949574072295642,4.149799259471864,4.149799259471864
0.02,27,0.25,-0.0260105122149729,-0.2314462334525302,-3.2118156163862377,0.0
0.02,27,0.26,-0.0302934280129065,-0.159193719557289,6.487405664892005,6.487405664892005
0.02,27,0.27,-0.0291943866061187,-0.10169812015469,-3.5117882059994967,0.0
0.02,27,0.28,-0.0323273904160003,-0.229429483677279,-2.74860007221261,0.0
0.02,27,0.29,-0.0337829762796643,-0.1566701215989432,2.6048620038614168,2.6048620038614168
0.02,27,0.3,-0.0354607928479791,-0.1773322436000513,9.603654329637466,9.603654329637466
0.02,27,0.31,-0.0373296211516653,0.0354029649938063,7.319735718689263,7.319735718689263
0.02,27,0.32,-0.034752733548103,-0.0309375292262659,-12.793830093755885,0.0
0.02,27,0.33,-0.0379483717361906,-0.2204736368813116,-8.070245501782463,0.0
0.02,27,0.34,-0.0391622062857292,-0.1923424392619153,6.731750358016743,6.731750358016743
0.02,27,0.35,-0.0417952205214289,-0.0858386297209774,10.771213854931444,10.771213854931444
0.02,27,0.36,-0.0408789788801488,0.0230818378367132,-6.472648878496539,0.0
0.02,27,0.37,-0.0413335837646947,-0.2152916072909083,-13.935376721735379,0.0
0.02,27,0.38,-0.0451848110259669,-0.2556256965979946,5.6752099580984,5.6752099580984
0.02,27,0.39,-0.0464460976966546,-0.1017874081289402,8.429985045583003,8.429985045583003
0.02,27,0.4,-0.0472205591885457,-0.0870259956863344,0.803579160215067,0.803579160215067
0.02,27,0.41,-0.0481866176103812,-0.0857158249246388,8.994823315621948,8.994823315621948
0.02,27,0.42,-0.0489348756870385,0.0928704706261052,-3.690508669754996,0.0
0.02,27,0.43,-0.0463292081978591,-0.1595259983197388,-10.874570499187396,0.0
0.02,27,0.44,-0.0521253956534333,-0.1246209393576429,0.9856892220691886,0.9856892220691886
0.02,27,0.45,-0.048821626985012,-0.139812213878355,-11.880526419483441,0.0
0.02,27,0.46,-0.0549216399310004,-0.3622314677473119,5.574996690456343,5.574996690456343
0.02,27,0.47,-0.0560662563399582,-0.0283122800692314,19.403147545321975,19.403147545321975
0.02,27,0.48,-0.055487885532385,0.0258314831591253,-5.224694374142722,0.0
0.02,27,0.49,-0.0555496266767757,-0.1328061675520859,-10.016240760255947,0.0
0.02,27,0.5,-0.0581440088834268,-0.1744933320459938,3.348026411268278,3.348026411268278
0.02,27,0.51,-0.0590394933176956,-0.0658456393267203,0.2961139631186853,0.2961139631186853
0.02,27,0.52,-0.0594609216699612,-0.1685710527836201,22.558196809656582,22.558196809656582
0.02,27,0.53,-0.062410914373368,0.3853182968664117,16.981835995331764,16.981835995331764
0.02,27,0.54,-0.0517545557326329,0.1710656671230155,-46.02929127098328,0.0
0.02,27,0.55,-0.0589896010309077,-0.5352675285532547,-15.380507246241567,0.0
0.02,27,0.56,-0.062459906303698,-0.1365444778018161,24.638969647893198,24.638969647893198
0.02,27,0.57,-0.0617204905869441,-0.0424881355953896,10.012997994144316,10.012997994144316
0.02,27,0.58,-0.0633096690156059,0.0637154820810694,2.9451906077764427,2.9451906077764427
0.02,27,0.59,-0.0604461809453227,0.0164156765601393,-17.85875051678554,0.0
0.02,27,0.6,-0.0629813554844031,-0.2934595282546417,-12.712979190397164,0.0
0.02,27,0.61,-0.0663153715104155,-0.2378439072478042,1.2509824305626278,1.2509824305626278
0.02,27,0.62,-0.0677382336293592,-0.2684398796433891,28.41560073182778,28.41560073182778
0.02,27,0.63,-0.0716841691032833,0.3304681073887519,14.420436770003828,14.420436770003828
0.02,27,0.64,-0.0611288714815841,0.0199688557566877,-32.97682639159527,0.0
0.02,27,0.65,-0.0712847919881495,-0.329068420443154,10.330175494724472,10.330175494724472
0.02,27,0.66,-0.0677102398904472,0.2265723656511773,13.83842420932072,13.83842420932072
0.02,27,0.67,-0.066753344675126,-0.0522999362567393,-31.181013180697562,0.0
0.02,27,0.68,-0.068756238615582,-0.3970478979627745,6.144977265353845,6.144977265353845
0.02,27,0.69,-0.0746943026343814,0.070599609050328,24.257156217269497,24.257156217269497
0.02,27,0.7,-0.0673442464345753,0.0880952263826082,-25.37686801537209,0.0
0.02,27,0.71,-0.0729323981067292,-0.4369377512571142,-2.299189173855473,0.0
0.02,27,0.72,-0.0760830014597176,0.0421114429054987,24.347443354924625,24.347443354924625
0.02,27,0.73,-0.0720901692486193,0.0500111158413787,-10.035901344883511,0.0
0.02,27,0.74,-0.07508277914289,-0.1586065839921717,-8.510991047134873,0.0
0.02,27,0.75,-0.0752623009284627,-0.1202087051013189,10.884025588679256,10.884025588679256
0.02,27,0.76,-0.0774869532449164,0.0590739277814136,0.17091072637576055,0.17091072637576055
0.02,27,0.77,-0.0740808223728344,-0.1167904905738037,-16.469219833909463,0.0
0.02,27,0.78,-0.0798227630563925,-0.2703104688967759,20.106483283129364,20.106483283129364
0.02,27,0.79,-0.0794870317507699,0.2853391750887839,17.548510186301865,17.548510186301865
0.02,27,0.8,-0.0741159795546168,0.0806597348292617,-28.216787389024134,0.0
0.02,27,0.81,-0.0778738370541847,-0.2789965726916992,-7.896605664587464,0.0
0.02,27,0.82,-0.0796959110084508,-0.0772723784624931,4.621199796444994,4.621199796444994
0.02,27,0.83,-0.0794192846234346,-0.1865725767628032,1.4044403641946235,1.4044403641946235
0.02,27,0.84,-0.0834273625437068,-0.0491835711786006,13.010421462561798,13.010421462561798
0.02,27,0.85,-0.0804029560470066,0.073635852488433,8.949674349068673,8.949674349068673
0.02,27,0.86,-0.0819546454939382,0.129809915802773,-11.447952105482116,0.0
0.02,27,0.87,-0.0778067577309511,-0.1553231896212095,-10.267611206745077,0.0
0.02,27,0.88,-0.0850611092863624,-0.0755423083321287,19.84008382511722,19.84008382511722
0.02,27,0.89,-0.0793176038975937,0.2414784868811352,0.9417854461093444,0.9417854461093444
0.02,27,0.9,-0.0802315395487397,-0.0567065994099418,-20.655317731688005,0.0
0.02,27,0.91,-0.0804517358857925,-0.1716278677526252,-9.492205968898187,0.0
0.02,27,0.92,-0.0836640969037922,-0.2465507187879057,3.022318163941933,3.022318163941933
0.02,27,0.93,-0.0853827502615506,-0.1111815044737865,11.428839940843257,11.428839940843257
0.02,27,0.94,-0.0858877269932679,-0.0179739199710411,10.757743035745404,10.757743035745404
0.02,27,0.95,-0.0857422286609715,0.1039733562411209,0.8485474854271742,0.8485474854271742
0.02,27,0.96,-0.0838082598684455,-0.0010029702624976,-7.804357651359329,0.0
0.02,27,0.97,-0.0857622880662214,-0.0521137967860658,5.509163376004305,5.509163376004305
0.02,27,0.98,-0.0848505358041668,0.1091802972575886,-18.84220291979911,0.0
0.02,27,0.99,-0.0835786821210696,-0.4289578551820483,-54.71406879657005,0.0
0.02,27,1.0,-0.0934296929078078,-0.9851010786738132,-55.61432234917644,0.0
0.02,28,0.01,-0.0009296280653217,-0.0057973437766245,-0.28864297768745006,0.0
0.02,28,0.02,-0.0009876015030879,-0.008683773553499,-0.5277276386507752,0.0
0.02,28,0.03,-0.0011033035363917,-0.01635189654964,-0.9445576169998101,0.0
0.02,28,0.04,-0.0013146394340807,-0.0275749258934952,-1.2222681416660346,0.0
0.02,28,0.05,-0.0016548020542616,-0.0407972593829607,-1.3605272047362404,0.0
0.02,28,0.06,-0.0021305846217399,-0.05478546998822,-1.32190602135727,0.0
0.02,28,0.07,-0.002750511454026,-0.0672353798101061,-1.4986951963713255,0.0
0.02,28,0.08,-0.0034752922179421,-0.0847593739156465,-1.30858427635903,0.0
0.02,28,0.09,-0.0044456989323389,-0.0934070653372867,-0.08324727600514503,0.0
0.02,28,0.1,-0.0053434335246878,-0.0864243194357494,-1.1263040006735476,0.0
0.02,28,0.11,-0.0061741853210539,-0.1159331453507576,-2.7103123873329267,0.0
0.02,28,0.12,-0.007662096431703,-0.1406305671824079,-0.46692004413104726,0.0
0.02,28,0.13,-0.0089867966647021,-0.1252715462333785,1.2312281352056145,1.2312281352056145
0.02,28,0.14,-0.0101675273563705,-0.1160060044782956,1.2713610101557222,1.2713610101557222
0.02,28,0.15,-0.011306916754268,-0.0998443260302641,-1.3541694377644875,0.0
0.02,28,0.16,-0.0121644138769758,-0.1430893932335855,-4.926827240735705,0.0
0.02,28,0.17,-0.0141687046189397,-0.1983808708449783,0.8485023989280727,0.8485023989280727
0.02,28,0.18,-0.0161320312938754,-0.1261193452550244,5.349876575550191,5.349876575550191
0.02,28,0.19,-0.0166910915240402,-0.0913833393339746,-1.9142607378789815,0.0
0.02,28,0.2,-0.0179596980805549,-0.1644045600126041,-7.618886361178704,0.0
0.02,28,0.21,-0.0199791827242922,-0.2437610665575486,6.197480510066267,6.197480510066267
0.02,28,0.22,-0.0228349194117058,-0.040454949811278,6.665368167989084,6.665368167989084
0.02,28,0.23,-0.0207882817205178,-0.1104537031977668,-7.965684919846437,0.0
0.02,28,0.24,-0.0250439934756612,-0.1997686482082066,6.441662985981757,6.441662985981757
0.02,28,0.25,-0.0247836546846819,0.0183795565218691,-3.690934738020152,0.0
0.02,28,0.26,-0.0246764023452238,-0.2735873429686097,-18.335596936462874,0.0
0.02,28,0.27,-0.0302554015440541,-0.3483323822073887,9.928728520912657,9.928728520912657
0.02,28,0.28,-0.0316430499893716,-0.0750127725503564,13.726384839262947,13.726384839262947
0.02,28,0.29,-0.0317556569950613,-0.0738046854221288,-5.037909740855186,0.0
0.02,28,0.3,-0.0331191436978141,-0.1757709673674605,-4.470860827045781,0.0
0.02,28,0.31,-0.0352710763424105,-0.1632219019630445,1.450791882739444,1.450791882739444
0.02,28,0.32,-0.036383581737075,-0.1467551297126716,5.32550104158938,5.32550104158938
0.02,28,0.33,-0.0382061789366639,-0.0567118811312568,2.8363702334768774,2.8363702334768774
0.02,28,0.34,-0.0375178193597002,-0.090027725043134,-0.9080587468161738,0.0
0.02,28,0.35,-0.0400067334375266,-0.0748730560675805,-3.3007329525302636,0.0
0.02,28,0.36,-0.0390152804810518,-0.1560423840937397,-6.112283390093679,0.0
0.02,28,0.37,-0.0431275811194014,-0.1971187238694542,13.266723658930918,13.266723658930918
0.02,28,0.38,-0.0429576549584409,0.1092920890848789,1.2560525839782937,1.2560525839782937
0.02,28,0.39,-0.0409417393377038,-0.1719976721898883,-4.141922518920642,0.0
0.02,28,0.4,-0.0463976084022386,0.026453638706466,14.235560401207005,14.235560401207005
0.02,28,0.41,-0.0404126665635745,0.1127135358342519,-25.006919303516316,0.0
0.02,28,0.42,-0.0441433376855537,-0.4736847473638632,-16.969408011001644,0.0
0.02,28,0.43,-0.0498863615108518,-0.2266746243857813,17.462582237888128,17.462582237888128
0.02,28,0.44,-0.0486768301732693,-0.1244331026061003,9.826904868232582,9.826904868232582
0.02,28,0.45,-0.0523750235629738,-0.0301365270211295,4.215016201347831,4.215016201347831
0.02,28,0.46,-0.0492795607136919,-0.0401327785791436,-5.2356922763946585,0.0
0.02,28,0.47,-0.0531776791345566,-0.134850372549022,3.172196003191581,3.172196003191581
0.02,28,0.48,-0.0519765681646723,0.0233111414846893,5.61702177109342,5.61702177109342
0.02,28,0.49,-0.0527114563048628,-0.0225099371271535,-1.323934796997454,0.0
0.02,28,0.5,-0.0524267669072154,-0.0031675544552598,-11.120909129645485,0.0
0.02,28,0.51,-0.052774807393968,-0.2449281197200634,-5.309207634711516,0.0
0.02,28,0.52,-0.0573253293016166,-0.1093517071494902,11.574867115560675,11.574867115560675
0.02,28,0.53,-0.0549618415369578,-0.0134307774088497,4.494801575954652,4.494801575954652
0.02,28,0.54,-0.0575939448497936,-0.0194556756303971,-2.6790482478918225,0.0
0.02,28,0.55,-0.0553509550495658,-0.0670117423666862,-8.094041980726622,0.0
0.02,28,0.56,-0.0589341796971274,-0.1813365152449297,-2.1446997674124733,0.0
0.02,28,0.57,-0.0589776853544644,-0.1099057377149375,4.409105432378961,4.409105432378961
0.02,28,0.58,-0.0611322944514261,-0.0931544065973515,5.229281528988916,5.229281528988916
0.02,28,0.59,-0.0608407734864114,-0.0053201071351591,-7.070059768765885,0.0
0.02,28,0.6,-0.0612386965941293,-0.2345556019726693,-2.3403851724316924,0.0
0.02,28,0.61,-0.0655318855258648,-0.052127810583793,17.778595217608768,17.778595217608768
0.02,28,0.62,-0.0622812528058052,0.1210163023795063,-5.89551662864382,0.0
0.02,28,0.63,-0.0631115594782747,-0.1700381431566695,-10.614038271527036,0.0
0.02,28,0.64,-0.0656820156689386,-0.0912644630510346,6.51831433852112,6.51831433852112
0.02,28,0.65,-0.0649368487392954,-0.039671856386247,-1.8757305114901692,0.0
0.02,28,0.66,-0.0664754527966635,-0.128779073280838,4.795298573774511,4.795298573774511
0.02,28,0.67,-0.0675124302049122,0.0562341150892433,12.23826904432433,12.23826904432433
0.02,28,0.68,-0.0653507704948787,0.1159863076056488,-16.49037244128272,0.0
0.02,28,0.69,-0.0651927040527992,-0.2735733337364046,-17.018095856807964,0.0
0.02,28,0.7,-0.0708222371696068,-0.224375609530504,18.198150914119918,18.198150914119918
0.02,28,0.71,-0.0696802162434092,0.0903896845459941,7.844240976989894,7.844240976989894
0.02,28,0.72,-0.0690144434786869,-0.067490789990706,-1.4037113602947988,0.0
0.02,28,0.73,-0.0710300320432234,0.0623154573400981,6.602415209926919,6.602415209926919
0.02,28,0.74,-0.0677681343318849,0.0645575142078325,-4.249307189780131,0.0
0.02,28,0.75,-0.0697388817590667,-0.0226706864555046,-5.68437945486066,0.0
0.02,28,0.76,-0.068221548060995,-0.0491300748893808,-10.934935784573529,0.0
0.02,28,0.77,-0.0707214832568543,-0.2413694021469754,-4.354458115308386,0.0
0.02,28,0.78,-0.0730489361039345,-0.1362192371955486,0.005495604905613405,0.005495604905613405
0.02,28,0.79,-0.0734458680007653,-0.2412594900488631,19.5789900984416,19.5789900984416
0.02,28,0.8,-0.0778741259049118,0.2553605647732837,28.389638185890547,28.389638185890547
0.02,28,0.81,-0.0683386567052996,0.3265332736689483,-31.039817470191295,0.0
0.02,28,0.82,-0.0713434604315327,-0.3654357846305309,-28.799699863420685,0.0
0.02,28,0.83,-0.0756473723979102,-0.2494607235994537,15.346150132157062,15.346150132157062
0.02,28,0.84,-0.0763326749035218,-0.0585127819873894,9.47907338830045,9.47907338830045
0.02,28,0.85,-0.076817628037658,-0.0598792558334446,-5.184772351591157,0.0
0.02,28,0.86,-0.0775302600201907,-0.1622082290192126,-0.9266028447377992,0.0
0.02,28,0.87,-0.0800617926180423,-0.0784113127282006,7.691573568007,7.691573568007
0.02,28,0.88,-0.0790984862747547,-0.0083767576590725,-7.308978656430003,0.0
0.02,28,0.89,-0.0802293277712237,-0.2245908858568008,-2.8362423677751973,0.0
0.02,28,0.9,-0.0835903039918908,-0.0651016050145765,9.958652023497786,9.958652023497786
0.02,28,0.91,-0.0815313598715153,-0.0254178453868449,8.675177247020573,8.675177247020573
0.02,28,0.92,-0.0840986608996276,0.1084019399258351,18.767302085070025,18.767302085070025
0.02,28,0.93,-0.0793633210729986,0.3499281963145559,-20.516079533883246,0.0
0.02,28,0.94,-0.0771000969733365,-0.301919650751818,-32.66491958241917,0.0
0.02,28,0.95,-0.085401714088035,-0.3033701953338172,16.740043597937195,16.740043597937195
0.02,28,0.96,-0.0831675008800129,0.0328812212069262,16.223781295982192,16.223781295982192
0.02,28,0.97,-0.0847440896638965,0.0211054305858269,3.4970163519444566,3.4970163519444566
0.02,28,0.98,-0.0827453922682963,0.1028215482458154,-10.361520977040316,0.0
0.02,28,0.99,-0.0826876586989802,-0.1861249889549796,-24.042244154369403,0.0
0.02,28,1.0,-0.0864678920473959,-0.3780233348415731,-19.18983458865933,0.0
0.02,29,0.01,-0.0003160786265512,-0.0026016148717939,-0.14199959895599998,0.0
0.02,29,0.02,-0.0003420947752691,-0.0040216108613539,-0.28343449074640015,0.0
0.02,29,0.03,-0.0003965108437783,-0.0082703046867219,-0.581249937316,0.0
0.02,29,0.04,-0.0005075008690036,-0.0156466096076739,-0.8703820189606347,0.0
0.02,29,0.05,-0.0007094430359317,-0.0256779450659346,-1.2327641266406952,0.0
0.02,29,0.06,-0.0010210597703223,-0.0403018921404878,-1.4532176488869195,0.0
0.02,29,0.07,-0.0015154808787415,-0.054742298043673,-1.3710015066484504,0.0
0.02,29,0.08,-0.0021159057311957,-0.0677219222734568,-1.3204962645053309,0.0
0.02,29,0.09,-0.0028699193242106,-0.0811522233337796,-1.426100131909744,0.0
0.02,29,0.1,-0.0037389501978713,-0.0962439249116517,-1.6182981574987503,0.0
0.02,29,0.11,-0.0047947978224437,-0.1135181864837546,-1.5999483105207313,0.0
0.02,29,0.12,-0.0060093139275464,-0.1282428911220663,1.0317703410665615,1.0317703410665615
0.02,29,0.13,-0.007359655644885,-0.0928827796624233,-1.0843159905916684,0.0
0.02,29,0.14,-0.0078669695207949,-0.1499292109338997,-4.170053660304187,0.0
0.02,29,0.15,-0.010358239863563,-0.1762838528685071,1.328569123215809,1.328569123215809
0.02,29,0.16,-0.011392646578165,-0.1233578284695833,0.06576344819099411,0.06576344819099411
0.02,29,0.17,-0.0128253964329547,-0.1749685839046872,-0.8037499781589679,0.0
0.02,29,0.18,-0.0148920182562588,-0.1394328280327629,5.985796018746631,5.985796018746631
0.02,29,0.19,-0.0156140529936099,-0.0552526635297545,1.0628292016523595,1.0628292016523595
0.02,29,0.2,-0.0159970715268538,-0.1181762439997157,-7.803608874061473,0.0
0.02,29,0.21,-0.0179775778736042,-0.2113248410109838,-7.084111586425034,0.0
0.02,29,0.22,-0.0202235683470735,-0.2598584757282162,2.440368792651139,2.440368792651139
0.02,29,0.23,-0.0231747473881686,-0.162517465157961,7.970225267615278,7.970225267615278
0.02,29,0.24,-0.0234739176502327,-0.1004539703759106,1.5049924219935136,1.5049924219935136
0.02,29,0.25,-0.0251838267956868,-0.132417616718091,-3.0886010501029517,0.0
0.02,29,0.26,-0.0261222699845946,-0.1622259913779697,-2.9598601442872825,0.0
0.02,29,0.27,-0.0284283466232462,-0.1916148196038367,2.6611578147907418,2.6611578147907418
0.02,29,0.28,-0.0299545663766713,-0.1090028350821548,-0.013023452255026768,0.0
0.02,29,0.29,-0.0306084033248893,-0.1918752886489363,-3.0849245303131045,0.0
0.02,29,0.3,-0.03379207214965,-0.1707013256884162,6.935526820751745,6.935526820751745
0.02,29,0.31,-0.0340224298386576,-0.0531647522339013,1.300099933231369,1.300099933231369
0.02,29,0.32,-0.0348553671943281,-0.1446993270237888,-9.637338464109652,0.0
0.02,29,0.33,-0.0369164163791334,-0.2459115215160945,6.640115116357643,6.640115116357643
0.02,29,0.34,-0.03977359762465,-0.0118970246966358,6.809671689400174,6.809671689400174
0.02,29,0.35,-0.0371543568730661,-0.1097180877280894,-10.243155178064487,0.0
0.02,29,0.36,-0.0419679593792118,-0.2167601282579252,7.229664798735704,7.229664798735704
0.02,29,0.37,-0.0414895594382246,0.0348752082466248,10.756512169724111,10.756512169724111
0.02,29,0.38,-0.0412704552142793,-0.0016298848634428,-10.657795363494927,0.0
0.02,29,0.39,-0.0415221571354935,-0.1782806990232739,-7.6987517980810996,0.0
0.02,29,0.4,-0.0448360691947448,-0.1556049208250649,2.7940530012988134,2.7940530012988134
0.02,29,0.41,-0.0446342555519948,-0.1223996389972978,-1.9711996188368426,0.0
0.02,29,0.42,-0.0472840619746907,-0.1950289132018023,9.744744326416107,9.744744326416107
0.02,29,0.43,-0.0485348338160308,0.0724952475310245,7.151849452442217,7.151849452442217
0.02,29,0.44,-0.0458341570240703,-0.0519919241529578,-7.283576383044899,0.0
0.02,29,0.45,-0.04957467229909,-0.0731762801298736,2.6828609649281976,2.6828609649281976
0.02,29,0.46,-0.0472976826266677,0.0016652951456062,-4.55539974654698,0.0
0.02,29,0.47,-0.0495413663961778,-0.1642842750608117,-10.899950934421117,0.0
0.02,29,0.48,-0.050583368127884,-0.2163337235428151,-3.8502310024555157,0.0
0.02,29,0.49,-0.0538680408670341,-0.2412888951099221,8.060671507093328,8.060671507093328
0.02,29,0.5,-0.0554091460300824,-0.0551202934009484,20.353252560551255,20.353252560551255
0.02,29,0.51,-0.0549704467350531,0.1657761561011033,5.09093105245725,5.09093105245725
0.02,29,0.52,-0.0520936229080603,0.0466983276481967,-10.553167598318673,0.0
0.02,29,0.53,-0.0540364801820892,-0.0452871958652703,1.6770792971322734,1.6770792971322734
0.02,29,0.54,-0.0529993668253657,0.0802399135908422,-4.122768633818211,0.0
0.02,29,0.55,-0.0524316819102723,-0.1277425685416346,-10.692431145796462,0.0
0.02,29,0.56,-0.0555542181961984,-0.1336087093250872,-6.941334455768319,0.0
0.02,29,0.57,-0.0551038560967741,-0.2665692576569989,-6.672272002975528,0.0
0.02,29,0.58,-0.0608856033493385,-0.2670541493845957,6.332635772393755,6.332635772393755
0.02,29,0.59,-0.060444939084466,-0.1399165422091237,15.581329782808577,15.581329782808577
0.02,29,0.6,-0.0636839341935209,0.0445724462715761,7.663846761985293,7.663846761985293
0.02,29,0.61,-0.0595534901590345,0.0133603930305823,-13.551048354466614,0.0
0.02,29,0.62,-0.0634167263329093,-0.2264485208177564,-4.274825020109602,0.0
0.02,29,0.63,-0.0640824605753896,-0.0721361073716098,6.42965254310636,6.42965254310636
0.02,29,0.64,-0.0648594484803415,-0.0978554699556291,4.815989012185421,4.815989012185421
0.02,29,0.65,-0.0660395699745022,0.0241836728720987,-6.124039948121555,0.0
0.02,29,0.66,-0.0643757750228995,-0.2203362689180603,-2.145917835764358,0.0
0.02,29,0.67,-0.0704462953528634,-0.0187346838431885,28.570583477457156,28.570583477457156
0.02,29,0.68,-0.0647504686997633,0.3510754006310832,-8.149758934519554,0.0
0.02,29,0.69,-0.0634247873402417,-0.1817298625335688,-25.095215575059257,0.0
0.02,29,0.7,-0.0683850659504347,-0.1508289108700933,7.992685329188883,7.992685329188883
0.02,29,0.71,-0.0664413655576436,-0.021876155949791,4.163552626534763,4.163552626534763
0.02,29,0.72,-0.0688225890694305,-0.067557858339398,-6.882383638956944,0.0
0.02,29,0.73,-0.0677925227244316,-0.15952382872893,-2.382193572795478,0.0
0.02,29,0.74,-0.0720130656440092,-0.1152017297953076,6.898212879619689,6.898212879619689
0.02,29,0.75,-0.0700965573203377,-0.0215595711365361,1.8458864425359383,1.8458864425359383
0.02,29,0.76,-0.0724442570667399,-0.0782840009445888,7.924940010007373,7.924940010007373
0.02,29,0.77,-0.0716622373392295,0.1369392290636115,7.175561789513604,7.175561789513604
0.02,29,0.78,-0.0697054724854676,0.0652272348456834,-19.019527063490884,0.0
0.02,29,0.79,-0.0703576926423158,-0.2434513122062065,0.5177069030303949,0.5177069030303949
0.02,29,0.8,-0.0745744987295918,0.0755813729062913,15.908584506867902,15.908584506867902
0.02,29,0.81,-0.06884606518419,0.0747203779311518,-8.946739108401385,0.0
0.02,29,0.82,-0.0730800911709686,-0.1033534092617336,-2.5815413491647563,0.0
0.02,29,0.83,-0.0709131333694246,0.0230895509478603,6.996227512490619,6.996227512490619
0.02,29,0.84,-0.0726183001520114,0.0365711409880789,-10.76668760734792,0.0
0.02,29,0.85,-0.070181710549663,-0.1922442011990983,-23.800221541411727,0.0
0.02,29,0.86,-0.0764631841759934,-0.439433289840156,7.1540904419499185,7.1540904419499185
0.02,29,0.87,-0.0789703763464661,-0.0491623923600998,24.64503727550593,24.64503727550593
0.02,29,0.88,-0.0774464320231954,0.053467455669963,11.17450451211686,11.17450451211686
0.02,29,0.89,-0.0779010272330669,0.1743276978822376,-4.368839383181746,0.0
0.02,29,0.9,-0.0739598780655506,-0.033909331993672,-28.820955860513823,0.0
0.02,29,0.91,-0.0785792138729403,-0.4020914193280394,-4.359457173543486,0.0
0.02,29,0.92,-0.0820017064521114,-0.1210984754645418,20.32516137014484,20.32516137014484
0.02,29,0.93,-0.0810011833822312,0.0044118080748578,10.093789145533929,10.093789145533929
0.02,29,0.94,-0.0819134702906142,0.0807773074461364,4.083654278759198,4.083654278759198
0.02,29,0.95,-0.0793856372333084,0.0860848936500406,13.557412765991486,13.557412765991486
0.02,29,0.96,-0.0801917724176134,0.3519255627659663,-6.935790760779604,0.0
0.02,29,0.97,-0.0723471259779891,-0.0526309215655516,-44.49160950823393,0.0
0.02,29,0.98,-0.0812443908489245,-0.537906627398713,-5.4911110239244945,0.0
0.02,29,0.99,-0.0831052585259634,-0.1624531420440416,19.954355550725897,19.954355550725897
0.02,29,1.0,-0.0844934536898053,-0.1388195163841947,2.363362565984687,2.363362565984687
0.05,0,0.01,-0.0012605485475925,-0.0137032983031886,-0.6790426372667099,0.0
0.05,0,0.02,-0.0013975815306244,-0.0204937246758557,-1.0612942332354753,0.0
0.05,0,0.03,-0.0016704230411097,-0.0349291829678981,-1.73865671089635,0.0
0.05,0,0.04,-0.0020961651899824,-0.0552668588937827,-2.048299814496434,0.0
0.05,0,0.05,-0.0027757602189853,-0.0758951792578268,-1.614499952908849,0.0
0.05,0,0.06,-0.0036140687751389,-0.0875568579519597,-1.2294318373232942,0.0
0.05,0,0.07,-0.0045268973780245,-0.1004838160042927,-1.7810950674355013,0.0
0.05,0,0.08,-0.0056237450952248,-0.1231787593006697,-2.7644294187468175,0.0
0.05,0,0.09,-0.0069904725640379,-0.155772404379229,0.5754898904855255,0.5754898904855255
0.05,0,0.1,-0.0087391931828094,-0.1116689614909591,0.1717982033269836,0.1717982033269836
0.05,0,0.11,-0.0092238517938571,-0.1523364403126892,-8.296905345842159,0.0
0.05,0,0.12,-0.0117859219890631,-0.2776070684078022,-2.1031322842639977,0.0
0.05,0,0.13,-0.0147759931620131,-0.1943990859979689,5.442172861933024,5.442172861933024
0.05,0,0.14,-0.0156739037090225,-0.1687636111691416,-1.4247040042299126,0.0
0.05,0,0.15,-0.018151265385396,-0.2228931660825669,-7.1958324857558384,0.0
0.05,0,0.16,-0.0201317670306739,-0.3126802608842584,-3.419115178111504,0.0
0.05,0,0.17,-0.0244048706030811,-0.291275469644797,3.675368626859017,3.675368626859017
0.05,0,0.18,-0.0259572764235698,-0.2391728883470782,5.258853373790968,5.258853373790968
0.05,0,0.19,-0.0291883283700227,-0.1860984021689777,7.301050875079219,7.301050875079219
0.05,0,0.2,-0.0296792444669494,-0.0931518708454937,-2.9898256392686857,0.0
0.05,0,0.21,-0.0310513657869326,-0.2458949149543507,-8.004206665948278,0.0
0.05,0,0.22,-0.0345971427660364,-0.2532360041644588,6.073116095634759,6.073116095634759
0.05,0,0.23,-0.0361160858702218,-0.1244325930416554,-3.206189510170457,0.0
0.05,0,0.24,-0.0370857946268695,-0.317359794367867,-1.4332916199121657,0.0
0.05,0,0.25,-0.0424632817575791,-0.1530984254398977,4.63275210441415,4.63275210441415
0.05,0,0.26,-0.0401477631356675,-0.2247047522795839,-6.835829877445867,0.0
0.05,0,0.27,-0.0469573768031708,-0.2898150229888152,8.092462697537108,8.092462697537108
0.05,0,0.28,-0.0459440635954438,-0.0628554983288416,5.125606492875988,5.125606492875988
0.05,0,0.29,-0.0482144867697476,-0.1873028931312936,-5.778384739100221,0.0
0.05,0,0.3,-0.0496901214580696,-0.1784231931108451,0.8248429744375443,0.8248429744375443
0.05,0,0.31,-0.0517829506319645,-0.1708060336425427,4.031559566943587,4.031559566943587
0.05,0,0.32,-0.0531062421309205,-0.0977920017719733,-4.726622061401086,0.0
0.05,0,0.33,-0.053738790667404,-0.2653384748705645,-2.316696810850913,0.0
0.05,0,0.34,-0.0584130116283318,-0.1441259379889916,7.942764175920696,7.942764175920696
0.05,0,0.35,-0.0566213094271838,-0.1064831913521504,-3.6522918798611013,0.0
0.05,0,0.36,-0.0605426754553748,-0.2171717755862143,4.171600255962856,4.171600255962856
0.05,0,0.37,-0.0609647449389081,-0.0230511862328932,5.283680943166686,5.283680943166686
0.05,0,0.38,-0.0610036991800327,-0.1114981567228805,-10.8480218134729,0.0
0.05,0,0.39,-0.0631947080733657,-0.2400116225023514,-0.5694903961409601,0.0
0.05,0,0.4,-0.0658039316300797,-0.1228879646456997,13.174842458819287,13.174842458819287
0.05,0,0.41,-0.0656524673662797,0.0234852266740337,-0.47386868045629527,0.0
0.05,0,0.42,-0.0653342270965991,-0.1323653382548273,-11.62972242181551,0.0
0.05,0,0.43,-0.0682997741313763,-0.2091092217622767,-1.9652173804671742,0.0
0.05,0,0.44,-0.0695164115318446,-0.1716696858641708,13.167549325394727,13.167549325394727
0.05,0,0.45,-0.0717331678486597,0.0542417647456181,15.228034641499118,15.228034641499118
0.05,0,0.46,-0.0684315762369322,0.1328910069658118,-18.43867547262674,0.0
0.05,0,0.47,-0.0690753477093434,-0.3145317447069131,-26.650126483661044,0.0
0.05,0,0.48,-0.0747222111310705,-0.4001115227074061,19.297028108868908,19.297028108868908
0.05,0,0.49,-0.0770775781634916,0.0714088174704654,30.70356820930146,30.70356820930146
0.05,0,0.5,-0.0732940347816612,0.2139598414786236,-12.406775185961015,0.0
0.05,0,0.51,-0.0727983813339191,-0.1767266862487551,-18.54922598878639,0.0
0.05,0,0.52,-0.0768285685066363,-0.1570246782971045,14.702687096386697,14.702687096386697
0.05,0,0.53,-0.0759388748998612,0.1173270556789791,4.574893339519747,4.574893339519747
0.05,0,0.54,-0.0744820273930567,-0.0655268115067095,-17.991749190367436,0.0
0.05,0,0.55,-0.0772494111299954,-0.2425079281283699,-5.386781386554216,0.0
0.05,0,0.56,-0.0793321859556241,-0.1732624392377939,7.967831524958502,7.967831524958502
0.05,0,0.57,-0.0807146599147512,-0.0831512976292008,3.424471093616469,3.424471093616469
0.05,0,0.58,-0.0809952119082081,-0.1047730173654661,7.241459732091904,7.241459732091904
0.05,0,0.59,-0.0828101202620606,0.0616778970126374,3.195010630589797,3.195010630589797
0.05,0,0.6,-0.0797616539679554,-0.0408728047536701,-4.544261515410396,0.0
0.05,0,0.61,-0.083627576357134,-0.0292073332955706,15.808723795093085,15.808723795093085
0.05,0,0.62,-0.0803458006338668,0.2753016711481919,1.6106433368686586,1.6106433368686586
0.05,0,0.63,-0.0781215429341701,0.0030055334418026,-26.498771096432947,0.0
0.05,0,0.64,-0.0802856899650307,-0.2546737507804675,-15.284614913786882,0.0
0.05,0,0.65,-0.0832150179497795,-0.3026867648339353,3.4078995331807675,3.4078995331807675
0.05,0,0.66,-0.0863394252617095,-0.1865157601168521,22.941098043859377,22.941098043859377
0.05,0,0.67,-0.0869453331521165,0.1561351960432526,12.853131229919944,12.853131229919944
0.05,0,0.68,-0.0832167213408444,0.070546864481547,-12.19918052076996,0.0
0.05,0,0.69,-0.0855343958624855,-0.0878484143721447,4.925686289100831,4.925686289100831
0.05,0,0.7,-0.0849736896282873,0.1690605902635678,-2.3358991053238585,0.0
0.05,0,0.71,-0.0821531840572142,-0.1345663964786219,-7.514059787463973,0.0
0.05,0,0.72,-0.0876650175578597,0.0187793945142882,8.841591706651542,8.841591706651542
0.05,0,0.73,-0.0817775961669284,0.0422654376544091,-17.14693113406261,0.0
0.05,0,0.74,-0.0868197088047715,-0.3241592281669643,-8.200863036283657,0.0
0.05,0,0.75,-0.0882607807302677,-0.1217518230712642,20.216825072829828,20.216825072829828
0.05,0,0.76,-0.0892547452661968,0.0801772732896326,16.055975870735914,16.055975870735914
0.05,0,0.77,-0.086657235264475,0.1993676943434543,-2.740599834986798,0.0
0.05,0,0.78,-0.0852673913793277,0.0253652765898966,-17.911653627360494,0.0
0.05,0,0.79,-0.0861499297326771,-0.1588653782037559,-11.005441175022522,0.0
0.05,0,0.8,-0.0884446989434028,-0.194743546910554,2.331262200475728,2.331262200475728
0.05,0,0.81,-0.0900448006708882,-0.1122401341942413,1.619359913203434,1.619359913203434
0.05,0,0.82,-0.0906895016272876,-0.162356348646484,-8.853404432749738,0.0
0.05,0,0.83,-0.0932919276438179,-0.2893082228492361,2.469760543270813,2.469760543270813
0.05,0,0.84,-0.0964756660842724,-0.1129611377810677,24.725199954983943,24.725199954983943
0.05,0,0.85,-0.0955511503994392,0.2051957762504432,21.50657678851855,21.50657678851855
0.05,0,0.86,-0.0923717505592635,0.3171703979893037,-14.258362132316353,0.0
0.05,0,0.87,-0.0892077424396532,-0.0799714663958841,-39.034480931805554,0.0
0.05,0,0.88,-0.0939711798871812,-0.4635192206468081,-2.171726938049323,0.0
0.05,0,0.89,-0.0984781268525893,-0.1234060051568706,41.086923325166374,41.086923325166374
0.05,0,0.9,-0.0964392999903186,0.3582192458565201,3.6173167448362067,3.6173167448362067
0.05,0,0.91,-0.0913137419354589,-0.0510596702601464,-28.193850781645466,0.0
0.05,0,0.92,-0.0974604933955215,-0.2056577697763897,6.470834430983254,6.470834430983254
0.05,0,0.93,-0.0954268973309867,0.0783570183595188,14.46689569667736,14.46689569667736
0.05,0,0.94,-0.0958933530283311,0.0836801441571593,-12.26826864057169,0.0
0.05,0,0.95,-0.0937532944478435,-0.1670083544519167,-21.448880196973953,0.0
0.05,0,0.96,-0.0992335201173695,-0.3452974597823202,15.86550433910723,15.86550433910723
0.05,0,0.97,-0.1006592436434899,0.1503017323302282,29.48585413853368,29.48585413853368
0.05,0,0.98,-0.0962274854707649,0.2444196229883539,-9.391246892354562,0.0
0.05,0,0.99,-0.0957708511837228,-0.0375232055168632,-18.256473136314312,0.0
0.05,0,1.0,-0.0969779495811022,-0.1207098397379326,-8.318663422106932,0.0
0.05,1,0.01,-0.0003184400277163,-0.0052113615122926,-0.33148371345819994,0.0
0.05,1,0.02,-0.0003705536428392,-0.0085261986468746,-0.5903031816795401,0.0
0.05,1,0.03,-0.0004889640006538,-0.0170174251458834,-1.16627577218616,0.0
0.05,1,0.04,-0.0007109021457569,-0.0318517140905978,-1.4998392433517798,0.0
0.05,1,0.05,-0.0011259982824657,-0.047014210012919,-1.49074340387541,0.0
0.05,1,0.06,-0.0016511863460153,-0.061666582168106,-2.0607152055825537,0.0
0.05,1,0.07,-0.0023593299258279,-0.0882285141245701,-2.096496663767929,0.0
0.05,1,0.08,-0.0034157566285067,-0.1035965154434646,-1.2838014011544967,0.0
0.05,1,0.09,-0.0044312602346972,-0.11390454214766,-1.7952390963395537,0.0
0.05,1,0.1,-0.0056938474714599,-0.1395012973702557,-2.9478169958470604,0.0
0.05,1,0.11,-0.0072212861821023,-0.1728608820646012,-1.230561363591545,0.0
0.05,1,0.12,-0.0091510651127519,-0.1641125246420866,3.009684746724867,3.009684746724867
0.05,1,0.13,-0.010503536674944,-0.1126671871301038,-1.9334833011936343,0.0
0.05,1,0.14,-0.011404408855354,-0.2027821906659593,-7.74221889747728,0.0
0.05,1,0.15,-0.0145591804882632,-0.2675115650796494,0.1277671231518518,0.1277671231518518
0.05,1,0.16,-0.016754640156947,-0.2002268482029219,0.5433335830784394,0.5433335830784394
0.05,1,0.17,-0.0185637174523216,-0.2566448934180806,3.2277672606929793,3.2277672606929793
0.05,1,0.18,-0.0218875380253086,-0.1356715029890628,2.727829428320808,2.727829428320808
0.05,1,0.19,-0.0212771475121029,-0.202088304851665,-8.577339813045324,0.0
0.05,1,0.2,-0.0259293041223419,-0.3072182992499694,1.8622054630256368,1.8622054630256368
0.05,1,0.21,-0.0274215134971023,-0.164844195591153,5.957983895764942,5.957983895764942
0.05,1,0.22,-0.0292261880341649,-0.1880586213346711,-3.771782153368097,0.0
0.05,1,0.23,-0.0311826859237957,-0.240279838658515,-4.213566145703039,0.0
0.05,1,0.24,-0.0340317848073352,-0.2723299442487319,2.016604343323225,2.016604343323225
0.05,1,0.25,-0.0366292848087703,-0.1999477517920502,14.243146333564844,14.243146333564844
0.05,1,0.26,-0.0380307398431762,0.0125329824225652,-1.868212033179228,0.0
0.05,1,0.27,-0.036378625160319,-0.2373119924556348,-26.002063674958094,0.0
0.05,1,0.28,-0.0427769796922889,-0.5075082910765971,4.629512439239674,4.629512439239674
0.05,1,0.29,-0.0465287909818509,-0.144721743670845,14.412013677538257,14.412013677538257
0.05,1,0.3,-0.0456714145657058,-0.219268017525835,10.668168217779527,10.668168217779527
0.05,1,0.31,-0.0509141513323676,0.0686416206847457,1.2203157674855127,1.2203157674855127
0.05,1,0.32,-0.0442985821520109,-0.1948617021761247,-21.02095138677551,0.0
0.05,1,0.33,-0.0548113853758902,-0.3517774070507649,2.8577662459482225,2.8577662459482225
0.05,1,0.34,-0.0513341302930262,-0.1377063772571602,-5.687254441313598,0.0
0.05,1,0.35,-0.0575655129210333,-0.4655224958770336,11.493924351731017,11.493924351731017
0.05,1,0.36,-0.0606445802105668,0.0921721097774646,31.68418263497629,31.68418263497629
0.05,1,0.37,-0.055722070725484,0.1681611568224927,-12.531856376420258,0.0
0.05,1,0.38,-0.057281357074117,-0.1584650177509408,-20.519449165380088,0.0
0.05,1,0.39,-0.0588913710805028,-0.2422278264851094,4.929742884841911,4.929742884841911
0.05,1,0.4,-0.0621259136038192,-0.0598701600541025,13.913552639836333,13.913552639836333
0.05,1,0.41,-0.0600887742815849,0.0360432263116172,-6.726262476155851,0.0
0.05,1,0.42,-0.0614050490775868,-0.1943954095772211,-15.133882689356877,0.0
0.05,1,0.43,-0.0639766824731293,-0.2666344274755206,-5.409714562735974,0.0
0.05,1,0.44,-0.0667377376270973,-0.3025897008319407,-2.896450218663558,0.0
0.05,1,0.45,-0.0700284764897681,-0.3245634318487918,15.221345696897266,15.221345696897266
0.05,1,0.46,-0.0732290062640731,0.0018372131060049,21.39007994492157,21.39007994492157
0.05,1,0.47,-0.0699917322276481,0.10323816704964,8.53786906032521,8.53786906032521
0.05,1,0.48,-0.0711642429230803,0.1725945943125086,1.9293041657845826,1.9293041657845826
0.05,1,0.49,-0.0665398403413979,0.1418242503653317,-24.711586404599803,0.0
0.05,1,0.5,-0.0683277579157737,-0.3216371337794879,-15.957051615834121,0.0
0.05,1,0.51,-0.0729725830169877,-0.177316781951351,14.540922941853616,14.540922941853616
0.05,1,0.52,-0.0718740935548007,-0.0308186749424153,10.419615986573447,10.419615986573447
0.05,1,0.53,-0.073588956515836,0.0310755377801181,-4.476697318373317,0.0
0.05,1,0.54,-0.0712525827991984,-0.1203526213098817,-22.641234521937555,0.0
0.05,1,0.55,-0.0759960089420336,-0.4217491526586334,6.177640576588725,6.177640576588725
0.05,1,0.56,-0.079687565852371,0.0032001902218929,32.886433726975525,32.886433726975525
0.05,1,0.57,-0.0759320051375958,0.2359795218808762,10.063879453259922,10.063879453259922
0.05,1,0.58,-0.0749679754147536,0.2044777792870875,-25.837221869819203,0.0
0.05,1,0.59,-0.071842449551854,-0.2807649155155083,-15.148740104121842,0.0
0.05,1,0.6,-0.0805832737250638,-0.0984970227953496,12.339177992203245,12.339177992203245
0.05,1,0.61,-0.073812390007761,-0.0339813556714432,-5.530118965093895,0.0
0.05,1,0.62,-0.0812629008384926,-0.2090994020972276,1.7558908612629283,1.7558908612629283
0.05,1,0.63,-0.0779943780497056,0.0011364615538154,1.902721727517882,1.902721727517882
0.05,1,0.64,-0.0812401716074163,-0.1710449675468699,-14.127211471276922,0.0
0.05,1,0.65,-0.081415277400643,-0.2814077678717233,16.641983788054333,16.641983788054333
0.05,1,0.66,-0.0868683269648508,0.161794708214217,17.081437986718424,17.081437986718424
0.05,1,0.67,-0.0781793832363587,0.0602209918626455,-16.445437043107198,0.0
0.05,1,0.68,-0.0856639071275979,-0.1671140326479272,-5.7997167855921585,0.0
0.05,1,0.69,-0.0815216638893173,-0.0557733438492009,2.947666852306556,2.947666852306556
0.05,1,0.7,-0.086779374004582,-0.1081606956017982,15.033635846322182,15.033635846322182
0.05,1,0.71,-0.0836848778013533,0.244899373077243,1.776950091579189,1.776950091579189
0.05,1,0.72,-0.0818813865430371,-0.0726216937702144,-24.553991585822757,0.0
0.05,1,0.73,-0.0851373116767576,-0.2461804586392126,0.15505190852613904,0.15505190852613904
0.05,1,0.74,-0.0868049957158214,-0.0695206555996916,0.22834721914492917,0.22834721914492917
0.05,1,0.75,-0.0865277247887514,-0.241613514256314,7.020054858609495,7.020054858609495
0.05,1,0.76,-0.0916372660009477,0.0708804415724984,26.082253543004285,26.082253543004285
0.05,1,0.77,-0.0851101159573014,0.2800315566037721,-12.68524456526866,0.0
0.05,1,0.78,-0.0860366348688722,-0.182824449732875,-25.72555064023343,0.0
0.05,1,0.79,-0.0887666049519589,-0.2344794562008969,11.179337589707426,11.179337589707426
0.05,1,0.8,-0.0907262239928902,0.0407623020612737,10.518559151063913,10.518559151063913
0.05,1,0.81,-0.0879513589107335,-0.0241082731796185,0.025482356032332287,0.025482356032332287
0.05,1,0.82,-0.0912083894564825,0.0412719491819189,-8.165752141080116,0.0
0.05,1,0.83,-0.087125919927095,-0.1874233160012233,-8.159090163681562,0.0
0.05,1,0.84,-0.0949568557765069,-0.1219098540917125,11.226558773957317,11.226558773957317
0.05,1,0.85,-0.0895641170089293,0.0371078594779232,4.806311766773151,4.806311766773151
0.05,1,0.86,-0.0942146985869485,-0.0257836187562494,-8.609456976572792,0.0
0.05,1,0.87,-0.0900797893840543,-0.1350812800535328,2.1342685463464335,2.1342685463464335
0.05,1,0.88,-0.0969163241880191,0.0169017521706793,12.31728172160292,12.31728172160292
0.05,1,0.89,-0.0897417543406407,0.1112643543785258,-22.844849637740626,0.0
0.05,1,0.9,-0.0946910371004486,-0.4399952405841336,-9.633257328766238,0.0
0.05,1,0.91,-0.0985416591523234,-0.0814007921967991,28.65779790185791,28.65779790185791
0.05,1,0.92,-0.0963190529443846,0.1331607174530251,0.7536116700546094,0.7536116700546094
0.05,1,0.93,-0.0958784448032628,-0.0663285587957069,-8.30231551149438,0.0
0.05,1,0.94,-0.0976456241202987,-0.0328855927768643,5.523584721430947,5.523584721430947
0.05,1,0.95,-0.0965361566588001,0.044143135632912,-5.743490510868989,0.0
0.05,1,0.96,-0.0967627614076404,-0.1477554029942442,-6.67414450695788,0.0
0.05,1,0.97,-0.099491264718685,-0.0893397545062457,11.778556710219174,11.778556710219174
0.05,1,0.98,-0.0985495564977654,0.0878157312101395,21.330107145904332,21.330107145904332
0.05,1,0.99,-0.0977349500944822,0.3372623884118413,25.2624202642613,25.2624202642613
0.05,1,1.0,-0.0918043087295285,0.5930641364953659,25.58017480835244,25.58017480835244
0.05,2,0.01,-0.0011160855359585,-0.0085840369933864,-0.4284092213184,0.0
0.05,2,0.02,-0.0012019259058924,-0.0128681292065704,-0.7597318199303904,0.0
0.05,2,0.03,-0.0013734481200899,-0.0237786733919942,-1.2911256313343051,0.0
0.05,2,0.04,-0.0016774993737323,-0.0386906418332565,-1.7551691253072994,0.0
0.05,2,0.05,-0.0021472609567551,-0.0588820558981402,-1.8980338494228202,0.0
0.05,2,0.06,-0.0028551404916951,-0.0766513188217129,-1.832557281829779,0.0
0.05,2,0.07,-0.0036802873331893,-0.0955332015347358,-1.99609863117086,0.0
0.05,2,0.08,-0.0047658045223898,-0.1165732914451301,-2.465124380152302,0.0
0.05,2,0.09,-0.0060117531620919,-0.1448356891377818,-2.510028511576375,0.0
0.05,2,0.1,-0.0076625183051454,-0.1667738616766576,-1.8284291565280437,0.0
0.05,2,0.11,-0.0093472303956251,-0.1814042722683427,1.6316936914956353,1.6316936914956353
0.05,2,0.12,-0.0112906037505123,-0.1341399878467449,-0.32837235147940724,0.0
0.05,2,0.13,-0.01203003015256,-0.187971719297931,-6.2525616880249135,0.0
0.05,2,0.14,-0.0150500381364709,-0.2591912216072433,-2.1079714482237684,0.0
0.05,2,0.15,-0.0172138545847049,-0.2301311482624066,2.5824321762631026,2.5824321762631026
0.05,2,0.16,-0.0196526611017191,-0.2075425780819813,-0.694102103328678,0.0
0.05,2,0.17,-0.0213647061463445,-0.2440131903289802,-1.2578299452249002,0.0
0.05,2,0.18,-0.0245329249082986,-0.2326991769864794,3.3316619429403644,3.3316619429403644
0.05,2,0.19,-0.0260186896860741,-0.1773799514701728,13.821541184483157,13.821541184483157
0.05,2,0.2,-0.0280805239377021,0.043731646703184,-0.18971774177004264,0.0
0.05,2,0.21,-0.0251440567520104,-0.1811743063055724,-24.35190686398744,0.0
0.05,2,0.22,-0.0317040100638136,-0.4433064905765647,-0.9587964839452425,0.0
0.05,2,0.23,-0.0340101865635417,-0.2003502359844773,4.327026907743349,4.327026907743349
0.05,2,0.24,-0.0357110147835031,-0.3567659524216966,-9.713710111324758,0.0
0.05,2,0.25,-0.0411455056119756,-0.394624438210972,7.13119884909888,7.13119884909888
0.05,2,0.26,-0.0436035035477226,-0.2141419754397189,15.510684889194621,15.510684889194621
0.05,2,0.27,-0.04542834512077,-0.0844107404270793,6.62210925526969,6.62210925526969
0.05,2,0.28,-0.0452917183562642,-0.081699790334325,-3.5491663838429544,0.0
0.05,2,0.29,-0.0470623409274565,-0.1553940681039378,-1.5885660102600392,0.0
0.05,2,0.3,-0.0483995997183429,-0.1134711105395251,-2.9398295431705774,0.0
0.05,2,0.31,-0.049331763138247,-0.2141906589673494,-3.973780068336551,0.0
0.05,2,0.32,-0.0526834128976899,-0.1929467119062562,1.6900887170337526,1.6900887170337526
0.05,2,0.33,-0.0531906973763721,-0.1803888846266743,-8.131831435838839,0.0
0.05,2,0.34,-0.0562911905902234,-0.3555833406230331,6.469807380230629,6.469807380230629
0.05,2,0.35,-0.0603023641888328,-0.0509927370220646,13.754391212904615,13.754391212904615
0.05,2,0.36,-0.0573110453306647,-0.0804955163649432,-10.1927455844019,0.0
0.05,2,0.37,-0.0619122745161316,-0.2548476487101028,-0.2577670567290191,0.0
0.05,2,0.38,-0.0624079983048667,-0.0856508574995236,12.043093204753909,12.043093204753909
0.05,2,0.39,-0.0636252916661221,-0.0139857846150244,2.9571154289585575,2.9571154289585575
0.05,2,0.4,-0.0626877139971672,-0.0265085489203524,-9.497145398932425,0.0
0.05,2,0.41,-0.0641554626445291,-0.2039286925936716,-6.8032430852902435,0.0
0.05,2,0.42,-0.0667662878490406,-0.1625734106261558,8.857845155827562,8.857845155827562
0.05,2,0.43,-0.0674069308570523,-0.0267717894771202,10.42603116008037,10.42603116008037
0.05,2,0.44,-0.0673017236385831,0.0459472125754518,7.04580891632142,7.04580891632142
0.05,2,0.45,-0.0664879866055432,0.1141443888493083,-17.197825261945137,0.0
0.05,2,0.46,-0.0650188358615969,-0.2980092926634512,-14.705964184074336,0.0
0.05,2,0.47,-0.0724481724588122,-0.1799748948321808,18.471920839042586,18.471920839042586
0.05,2,0.48,-0.0686183337582404,0.0714291241174005,-3.1688686634670375,0.0
0.05,2,0.49,-0.0710195899764642,-0.2433522681015216,-6.34240876929214,0.0
0.05,2,0.5,-0.0734853791202709,-0.0554190512684424,8.670909977758203,8.670909977758203
0.05,2,0.51,-0.072127971001833,-0.0699340685463574,-14.154864014824014,0.0
0.05,2,0.52,-0.074884060491198,-0.3385163315649229,-0.3747105083292639,0.0
0.05,2,0.53,-0.0788982976331315,-0.0774282787129427,17.851042374279377,17.851042374279377
0.05,2,0.54,-0.0764326260654569,0.0185045159206649,7.6471950871377485,7.6471950871377485
0.05,2,0.55,-0.0785282073147182,0.0755156230298124,-2.291225568476713,0.0
0.05,2,0.56,-0.0749223136048606,-0.0273199954488694,-13.7368633754959,0.0
0.05,2,0.57,-0.0790746072236955,-0.1992216444801036,1.0266096549453476,1.0266096549453476
0.05,2,0.58,-0.0789067464944626,-0.0067878023499585,3.5877818016837963,3.5877818016837963
0.05,2,0.59,-0.0792103632706946,-0.1274660084464276,-11.52293360686111,0.0
0.05,2,0.6,-0.0814560666633912,-0.2372464744871809,4.757331190118471,4.757331190118471
0.05,2,0.61,-0.0839552927604383,-0.0323193846440581,22.939245321406652,22.939245321406652
0.05,2,0.62,-0.0821024543562724,0.2215384319409525,-4.5678574687962605,0.0
0.05,2,0.63,-0.0795245241216192,-0.1236765340199834,-20.654777390984265,0.0
0.05,2,0.64,-0.084575985036672,-0.1915571158787332,4.2851459305373005,4.2851459305373005
0.05,2,0.65,-0.0833556664391939,-0.0379736154092373,3.3021866116041014,3.3021866116041014
0.05,2,0.66,-0.0853354573448568,-0.1255133836466511,-1.837351722053704,0.0
0.05,2,0.67,-0.0858659341121269,-0.0747206498503114,-1.7453853782956887,0.0
0.05,2,0.68,-0.086829870341863,-0.1604210912125649,13.907092272120414,13.907092272120414
0.05,2,0.69,-0.0890743559363781,0.2034211955920906,8.678448797432143,8.678448797432143
0.05,2,0.7,-0.0827614464300212,0.013147884736071,-19.249478207277743,0.0
0.05,2,0.71,-0.0888113982416567,-0.1815683685534646,-0.8649571587238494,0.0
0.05,2,0.72,-0.0863928138010904,-0.004151258438406,-3.2100073710201684,0.0
0.05,2,0.73,-0.0888944234104248,-0.245768515973868,6.506687393714329,6.506687393714329
0.05,2,0.74,-0.0913081841205678,0.1259824894358807,8.229176504708793,8.229176504708793
0.05,2,0.75,-0.0863747736217072,-0.081184985879692,-9.957683567683416,0.0
0.05,2,0.76,-0.0929318838381617,-0.0731711819177878,11.948452229263514,11.948452229263514
0.05,2,0.77,-0.087838197260063,0.1577840587055785,1.0574389507883795,1.0574389507883795
0.05,2,0.78,-0.0897762026640501,-0.0520224029020202,-15.203091861177436,0.0
0.05,2,0.79,-0.0888786453181034,-0.1462777785179705,4.538977093733226,4.538977093733226
0.05,2,0.8,-0.0927017582344095,0.0387571389726444,8.167526830421268,8.167526830421268
0.05,2,0.81,-0.0881035025386505,0.017072758090455,-9.77039410199802,0.0
0.05,2,0.82,-0.0923603030726003,-0.1566507430673134,0.35623518537011967,0.35623518537011967
0.05,2,0.83,-0.0912365173999967,0.0241974617978613,13.250609451471703,13.250609451471703
0.05,2,0.84,-0.0918763538366431,0.1083614459621209,-5.847238607606981,0.0
0.05,2,0.85,-0.0890692884807543,-0.0927473103542784,-18.129115097400362,0.0
0.05,2,0.86,-0.0937313000437286,-0.2542208559858867,7.833207332126723,7.833207332126723
0.05,2,0.87,-0.094153705600472,0.0639168362882562,22.85627348660035,22.85627348660035
0.05,2,0.88,-0.0924529633179635,0.2029046137461208,-14.342874183797361,0.0
0.05,2,0.89,-0.0900956133255496,-0.2229406473876913,-17.07432293635754,0.0
0.05,2,0.9,-0.0969117762657173,-0.1385818449810303,13.989896567839267,13.989896567839267
0.05,2,0.91,-0.0928672502251702,0.0568572839690943,-8.65114419276209,0.0
0.05,2,0.92,-0.0957746305863354,-0.3116047288362722,-9.687630930426423,0.0
0.05,2,0.93,-0.0990993448018957,-0.1368953346394343,17.199557337109347,17.199557337109347
0.05,2,0.94,-0.0985125372791242,0.0323864179059132,9.03792504432234,9.03792504432234
0.05,2,0.95,-0.0984516164437774,0.0438631662470099,-3.540048122341002,0.0
0.05,2,0.96,-0.0976352739541839,-0.0384145445409069,-4.808149091617501,0.0
0.05,2,0.97,-0.0992199073345956,-0.0522998155853402,-13.65249215824899,0.0
0.05,2,0.98,-0.0986812702658908,-0.3114643877058869,3.1906910222870124,3.1906910222870124
0.05,2,0.99,-0.1054491950887133,0.0115140048604001,50.56424398544701,50.56424398544701
0.05,2,1.0,-0.0984509901686828,0.699820492003054,68.83064871426532,68.83064871426532
0.05,3,0.01,-0.0008188744405567,-0.0076089298363624,-0.42589246524711005,0.0
0.05,3,0.02,-0.0008949637389203,-0.0118678544888335,-0.6621920476227552,0.0
0.05,3,0.03,-0.0010562315303333,-0.0208527707888175,-1.1559104823219397,0.0
0.05,3,0.04,-0.0013120191546966,-0.0349860641352723,-1.5394983037454293,0.0
0.05,3,0.05,-0.0017559528130388,-0.0516427368637261,-1.7054043107635504,0.0
0.05,3,0.06,-0.0023448738919712,-0.0690941503505433,-1.6811935005862,0.0
0.05,3,0.07,-0.0031378358200497,-0.0852666068754501,-1.6754060017731147,0.0
0.05,3,0.08,-0.0040502060294802,-0.1026022703860056,-1.9397166185942707,0.0
0.05,3,0.09,-0.0051898812277698,-0.1240609392473355,-2.1722658556287344,0.0
0.05,3,0.1,-0.0065314248144269,-0.1460475874985803,-1.3263962636687792,0.0
0.05,3,0.11,-0.0081108329777414,-0.1505888645207111,-1.625542387766111,0.0
0.05,3,0.12,-0.0095432021048411,-0.1785584352539025,-0.5086247251446716,0.0
0.05,3,0.13,-0.0116820016828194,-0.1607613590236045,0.18924699318885096,0.18924699318885096
0.05,3,0.14,-0.0127584292853132,-0.1747734953901255,-2.3046609585019393,0.0
0.05,3,0.15,-0.0151774715906219,-0.2068545781936432,-3.4772766284899497,0.0
0.05,3,0.16,-0.0168955208491861,-0.2443190279599245,-4.325714682751306,0.0
0.05,3,0.17,-0.0200638521498204,-0.2933688718486694,2.0374631017470897,2.0374631017470897
0.05,3,0.18,-0.0227628982861594,-0.2035697659249831,2.840224452643758,2.840224452643758
0.05,3,0.19,-0.0241352474683201,-0.2365643827957946,5.32953403841185,5.32953403841185
0.05,3,0.2,-0.0274941859420753,-0.096979085156746,3.159037100093835,3.159037100093835
0.05,3,0.21,-0.026074829171455,-0.1733836407939173,-12.456566350353118,0.0
0.05,3,0.22,-0.0309618587579537,-0.3461104121638085,-6.847020179564058,0.0
0.05,3,0.23,-0.0329970374147312,-0.3103240443851986,4.358179875667767,4.358179875667767
0.05,3,0.24,-0.0371683396456577,-0.2589468146504532,13.19991062911045,13.19991062911045
0.05,3,0.25,-0.0381759737077402,-0.0463258318029893,0.69504564800358,0.69504564800358
0.05,3,0.26,-0.0380948562817175,-0.2450459016903816,-14.346905813898692,0.0
0.05,3,0.27,-0.0430768917415479,-0.3332639480809634,-1.1905474931565898,0.0
0.05,3,0.28,-0.0447601352433367,-0.2688568515535134,13.48684927074747,13.48684927074747
0.05,3,0.29,-0.0484540287726181,-0.0635269626660153,12.798812303539563,12.798812303539563
0.05,3,0.3,-0.046030674496657,-0.0128806054827235,-12.441476775950964,0.0
0.05,3,0.31,-0.0487116408822726,-0.3123564981850348,-13.732503519927572,0.0
0.05,3,0.32,-0.0522778044603577,-0.2875306758812752,8.292356274533123,8.292356274533123
0.05,3,0.33,-0.0544622543998981,-0.1465093726943722,16.382076783796755,16.382076783796755
0.05,3,0.34,-0.0552079919142451,0.0401108597946602,6.947575024808662,6.947575024808662
0.05,3,0.35,-0.0536600372040049,-0.0075578721981979,-21.438059145881763,0.0
0.05,3,0.36,-0.0553591493582091,-0.3886503231229761,-17.00500195691813,0.0
0.05,3,0.37,-0.0614330436664644,-0.3476579113365607,17.8627575346482,17.8627575346482
0.05,3,0.38,-0.0623123075849403,-0.0313951724300118,12.464968937959886,12.464968937959886
0.05,3,0.39,-0.0620609471150647,-0.0983585325773628,4.258337169596081,4.258337169596081
0.05,3,0.4,-0.0642794782364876,0.0537715709619099,18.474931043752136,18.474931043752136
0.05,3,0.41,-0.0609855156958265,0.2711400882976789,-10.305849034888636,0.0
0.05,3,0.42,-0.0588566764705341,-0.152345409735866,-30.44044956517444,0.0
0.05,3,0.43,-0.0640324238905438,-0.3376689030058104,-4.564417515146687,0.0
0.05,3,0.44,-0.0656100545306503,-0.2436337600387998,0.8547590572697494,0.8547590572697494
0.05,3,0.45,-0.0689050990913198,-0.3205737218604154,8.992538949071118,8.992538949071118
0.05,3,0.46,-0.0720215289678586,-0.0637829810573773,30.72811624348865,30.72811624348865
0.05,3,0.47,-0.0701807587124674,0.2939886030093559,-1.8777671524458892,0.0
0.05,3,0.48,-0.0661417569076715,-0.1013383241062992,-29.335703932074473,0.0
0.05,3,0.49,-0.0722075251945934,-0.292725475632134,-2.7860298587243584,0.0
0.05,3,0.5,-0.0719962664203142,-0.1570589212807864,4.2835738599100015,4.2835738599100015
0.05,3,0.51,-0.0753487036202091,-0.2070539984339339,11.599138769343096,11.599138769343096
0.05,3,0.52,-0.0761373463889928,0.0749238541060757,12.450557034290794,12.450557034290794
0.05,3,0.53,-0.0738502265380876,0.0419571422518822,-7.108664607130724,0.0
0.05,3,0.54,-0.0752982035439552,-0.0672494380365389,-1.168753149231544,0.0
0.05,3,0.55,-0.0751952152988184,0.0185820792672513,-1.3858913649945386,0.0
0.05,3,0.56,-0.0749265619586102,-0.0949672653364297,-8.009959496227845,0.0
0.05,3,0.57,-0.0770945606055469,-0.1416171106573056,-10.227222974780322,0.0
0.05,3,0.58,-0.0777589041717563,-0.2995117248320365,3.6228785328117965,3.6228785328117965
0.05,3,0.59,-0.0830847951021876,-0.0691595400010696,21.04875611258863,21.04875611258863
0.05,3,0.6,-0.0791420949717776,0.1214633974197365,-5.179073425204136,0.0
0.05,3,0.61,-0.0806555271537929,-0.1727410085051524,-3.5904277725635265,0.0
0.05,3,0.62,-0.0825969151418807,0.0496548419684659,11.365543865224424,11.365543865224424
0.05,3,0.63,-0.0796624303144236,0.0545698687993363,-2.3107173281616133,0.0
0.05,3,0.64,-0.081505517765894,0.0034404954052336,6.321488268125861,6.321488268125861
0.05,3,0.65,-0.0795936204063189,0.1809996341618536,-2.712166558973058,0.0
0.05,3,0.66,-0.0778855250826569,-0.0508028357742276,-26.134030341454803,0.0
0.05,3,0.67,-0.0806096771218035,-0.3416809726672429,-14.20341495060201,0.0
0.05,3,0.68,-0.0847191445360018,-0.334871134786268,22.734341644677816,22.734341644677816
0.05,3,0.69,-0.0873070998175288,0.1130058602263064,20.749050885039157,20.749050885039157
0.05,3,0.7,-0.0824590273314756,0.0801098829145079,-7.394840356401733,0.0
0.05,3,0.71,-0.0857049021592386,-0.0348909469017284,1.9962124236736933,1.9962124236736933
0.05,3,0.72,-0.0831568462695101,0.1200341313879818,-8.786087467472287,0.0
0.05,3,0.73,-0.083304219531479,-0.2106126962511743,-22.833953434198648,0.0
0.05,3,0.74,-0.0873691001945336,-0.3366449372959916,3.506208807322597,3.506208807322597
0.05,3,0.75,-0.0900371182773988,-0.1404885201047223,19.185968379303663,19.185968379303663
0.05,3,0.76,-0.0901788705966281,0.047074430290082,9.485616665239625,9.485616665239625
0.05,3,0.77,-0.0890956296715972,0.0492238132000704,-10.068459004286396,0.0
0.05,3,0.78,-0.0891943943326267,-0.1542947497956461,-0.3145324007067347,0.0
0.05,3,0.79,-0.0921815246675101,0.0429331651859357,4.835810132783221,4.835810132783221
0.05,3,0.8,-0.0883357310289079,-0.0575785471399816,0.6389050277606496,0.6389050277606496
0.05,3,0.81,-0.0933330956103097,0.0557112657411487,25.899752506088724,25.899752506088724
0.05,3,0.82,-0.0872215057140851,0.4604165029817872,-5.3881835985892605,0.0
0.05,3,0.83,-0.0841247655506741,-0.0520524062306462,-49.43998760226407,0.0
0.05,3,0.84,-0.088262553838698,-0.528383249063495,-4.709022706839811,0.0
0.05,3,0.85,-0.094692430531944,-0.1462328603674425,35.18159042663195,35.18159042663195
0.05,3,0.86,-0.0911872110460469,0.1752485594691446,4.6582818730502815,4.6582818730502815
0.05,3,0.87,-0.0911874593425611,-0.0530672229064368,-15.376330782354437,0.0
0.05,3,0.88,-0.0922485555041756,-0.1322780561779444,-6.606727044903546,0.0
0.05,3,0.89,-0.09383302046612,-0.1852017638045078,-8.782050530868837,0.0
0.05,3,0.9,-0.0959525907802658,-0.3079190667953213,19.330180589585957,19.330180589585957
0.05,3,0.91,-0.0999914018020264,0.2014018479872117,21.48906072245784,21.48906072245784
0.05,3,0.92,-0.0919245538205215,0.1218621476538359,-34.039830460862774,0.0
0.05,3,0.93,-0.0975541588489497,-0.4793947612300444,-7.7918693766734055,0.0
0.05,3,0.94,-0.1015124490451224,-0.0339752398796431,38.76428689150596,38.76428689150596
0.05,3,0.95,-0.0982336636465425,0.2958909766000701,6.4546049689937846,6.4546049689937846
0.05,3,0.96,-0.095594629513121,0.0951168595002327,-10.786238117407123,0.0
0.05,3,0.97,-0.0963313264565378,0.0801662142519274,-15.105047608120731,0.0
0.05,3,0.98,-0.0939913052280825,-0.2069840926621822,-11.56888880281833,0.0
0.05,3,0.99,-0.1004710083097815,-0.1512115618044394,27.62656386116025,27.62656386116025
0.05,3,1.0,-0.0970155364641712,0.3455471845610233,49.675874636546226,49.675874636546226
0.05,4,0.01,-0.0003871259117572,-0.0026638300591173,-0.18302547861098,0.0
0.05,4,0.02,-0.0004137642123484,-0.0044940848452271,-0.3962184723375252,0.0
0.05,4,0.03,-0.0004770076086618,-0.0105881995058678,-0.84135451139859,0.0
0.05,4,0.04,-0.0006255282024658,-0.0213211750731989,-1.2601465189108747,0.0
0.05,4,0.05,-0.0009034311101258,-0.0357911298840853,-1.6222223374860953,0.0
0.05,4,0.06,-0.0013413508001475,-0.0537656218229208,-2.036888682173089,0.0
0.05,4,0.07,-0.0019787435465842,-0.0765289035275471,-2.1983684742019043,0.0
0.05,4,0.08,-0.0028719288706984,-0.0977329913069589,-2.011113038715051,0.0
0.05,4,0.09,-0.0039334033727234,-0.1167511643018481,-2.1109881566482738,0.0
0.05,4,0.1,-0.0052069521567354,-0.1399527544399244,-2.5611946002820103,0.0
0.05,4,0.11,-0.0067324584615219,-0.1679750563074883,0.350563701226994,0.350563701226994
0.05,4,0.12,-0.0085664532828852,-0.1329414804153845,-0.814701820033509,0.0
0.05,4,0.13,-0.0093912880698295,-0.1842690927081586,-4.988472027118892,0.0
0.05,4,0.14,-0.0122518351370483,-0.2327109209577624,-1.1049074457363286,0.0
0.05,4,0.15,-0.0140455064889848,-0.2063672416228854,0.4951524913371479,0.4951524913371479
0.05,4,0.16,-0.016379179969506,-0.2228078711310196,1.7130121766884319,1.7130121766884319
0.05,4,0.17,-0.0185016639116052,-0.1721069980891167,-3.2053427383154958,0.0
0.05,4,0.18,-0.0198213199312884,-0.286914725897329,-9.652728218372056,0.0
0.05,4,0.19,-0.0242399584295518,-0.3651615624565576,10.544058092629962,10.544058092629962
0.05,4,0.2,-0.0271245511804195,-0.0760335640447296,11.37227964007624,11.37227964007624
0.05,4,0.21,-0.0257606297104464,-0.137715969655032,-10.337179239022293,0.0
0.05,4,0.22,-0.0298788705735202,-0.2827771488251756,-8.883694198669563,0.0
0.05,4,0.23,-0.0314161726869499,-0.3153898536284234,1.02288186353411,1.02288186353411
0.05,4,0.24,-0.0361866676460886,-0.2623195115544936,9.45647888482291,9.45647888482291
0.05,4,0.25,-0.0366625629180398,-0.1262602759319651,2.4214482502853105,2.4214482502853105
0.05,4,0.26,-0.038711873164728,-0.2138905465487874,-1.1046571732444699,0.0
0.05,4,0.27,-0.0409403738490155,-0.1483534193968545,1.6346185821079473,1.6346185821079473
0.05,4,0.28,-0.0416789415526651,-0.1811981749066284,-15.404085036125892,0.0
0.05,4,0.29,-0.0445643373471481,-0.4564351201193704,-5.3390310911542365,0.0
0.05,4,0.3,-0.0508076439550525,-0.2879787967297105,20.151915224481016,20.151915224481016
0.05,4,0.31,-0.0503239132817423,-0.0533968156297497,5.630901367810255,5.630901367810255
0.05,4,0.32,-0.0518755802676475,-0.1753607693735053,-7.254994729074334,0.0
0.05,4,0.33,-0.0538311286692124,-0.1984967102112365,-6.137714488774154,0.0
0.05,4,0.34,-0.0558455144718722,-0.2981150591489885,1.2645961652091078,1.2645961652091078
0.05,4,0.35,-0.0597934298521921,-0.1732047869070556,25.541268711430273,25.541268711430273
0.05,4,0.36,-0.0593096102100133,0.2127103150796174,-2.8104410182017574,0.0
0.05,4,0.37,-0.0555392235505998,-0.2294136072710908,-29.66553919762164,0.0
0.05,4,0.38,-0.0638978823554351,-0.3806004688728159,9.607054525556007,9.607054525556007
0.05,4,0.39,-0.0631512329280561,-0.0372725167599705,12.496802956006405,12.496802956006405
0.05,4,0.4,-0.0646433326906345,-0.1306644097526876,-1.3312738766501777,0.0
0.05,4,0.41,-0.0657645211231098,-0.0638979942929749,4.4173911858771815,4.4173911858771815
0.05,4,0.42,-0.065921292576494,-0.0423165860351444,-0.8964513970173047,0.0
0.05,4,0.43,-0.0666108528438127,-0.081827022233321,9.739784027751032,9.739784027751032
0.05,4,0.44,-0.0675578330211604,0.1524790945198764,-1.386835884076974,0.0
0.05,4,0.45,-0.0635612709534152,-0.1095637399148605,-25.96916888637299,0.0
0.05,4,0.46,-0.0697491078194576,-0.3669042832075839,-12.277915820601113,0.0
0.05,4,0.47,-0.0708993566175669,-0.3551220563268837,13.572921619670389,13.572921619670389
0.05,4,0.48,-0.0768515489459953,-0.0954458508141753,24.13911317813195,24.13911317813195
0.05,4,0.49,-0.0728082736338504,0.1276602072357557,-0.39256665767259946,0.0
0.05,4,0.5,-0.0742983448012802,-0.1032971839676273,-6.646812834072324,0.0
0.05,4,0.51,-0.074874217313203,-0.0052760494456909,-0.6293083068367604,0.0
0.05,4,0.52,-0.074403865790194,-0.1158833501043625,-1.0306687788591993,0.0
0.05,4,0.53,-0.0771918843152902,-0.0258894250228749,11.028108348157536,11.028108348157536
0.05,4,0.54,-0.0749216542906515,0.1046788168587884,-10.77706786511713,0.0
0.05,4,0.55,-0.0750983079781144,-0.2414307823252177,-25.545736170226373,0.0
0.05,4,0.56,-0.0797502699371559,-0.4062359065457395,15.826696745418463,15.826696745418463
0.05,4,0.57,-0.0832230261090292,0.0751031525831429,26.924333132387005,26.924333132387005
0.05,4,0.58,-0.078248206885493,0.1322507561019934,-13.568577307418416,0.0
0.05,4,0.59,-0.0805780109869893,-0.1962683935652256,-10.423249221460951,0.0
0.05,4,0.6,-0.0821735747567975,-0.0762142283272258,13.63162584770977,13.63162584770977
0.05,4,0.61,-0.0821022955535338,0.07636412338897,10.491904097129156,10.491904097129156
0.05,4,0.62,-0.0806462922890181,0.1336238536153575,-11.48123972053273,0.0
0.05,4,0.63,-0.0794298184812267,-0.1532606710216848,-24.486364520416412,0.0
0.05,4,0.64,-0.0837115057094518,-0.3561034367929712,9.223639536473792,9.223639536473792
0.05,4,0.65,-0.0865518872170861,0.0312121197077912,18.294860532555028,18.294860532555028
0.05,4,0.66,-0.083087263315296,0.0097937738581297,5.33676511706655,5.33676511706655
0.05,4,0.67,-0.0863560117399235,0.1379474220491223,6.97245291281438,6.97245291281438
0.05,4,0.68,-0.0803283148743135,0.1492428321144174,-23.066153346690907,0.0
0.05,4,0.69,-0.0833711550976351,-0.3233756448846883,-0.42812801492563324,0.0
0.05,4,0.7,-0.0867958277720073,0.1406802718159152,18.121129704012144,18.121129704012144
0.05,4,0.71,-0.0805575496613168,0.0390469491955549,-35.064240660247236,0.0
0.05,4,0.72,-0.0860148887880961,-0.5606045413890302,-7.337619313687669,0.0
0.05,4,0.73,-0.0917696404890974,-0.1077054370781986,31.23057675055516,31.23057675055516
0.05,4,0.74,-0.0881689975296601,0.0640069936220735,-8.510792088355586,0.0
0.05,4,0.75,-0.0904895006166559,-0.2779212788453105,-8.328326429329403,0.0
0.05,4,0.76,-0.0937274231065663,-0.1025595349645147,23.78792063450212,23.78792063450212
0.05,4,0.77,-0.0925406913159462,0.1978371338447324,13.895265116583019,13.895265116583019
0.05,4,0.78,-0.0897706804296717,0.1753457673671459,-2.764036500787048,0.0
0.05,4,0.79,-0.0890337759686033,0.1425564038289914,-6.043760400803805,0.0
0.05,4,0.8,-0.0869195523530919,0.0544705593510697,-24.00794841513278,0.0
0.05,4,0.81,-0.0879443647815819,-0.3376025644736646,-8.22374420885002,0.0
0.05,4,0.82,-0.0936716036425651,-0.1100043248259368,26.017929946911337,26.017929946911337
0.05,4,0.83,-0.0901444512781005,0.1827560344645604,-4.552469509740301,0.0
0.05,4,0.84,-0.0900164829532739,-0.2010537150207429,-14.437860710333023,0.0
0.05,4,0.85,-0.0941655255785154,-0.1060011797421003,7.335975608613579,7.335975608613579
0.05,4,0.86,-0.0921365065481158,-0.0543342028484712,14.655560603477177,14.655560603477177
0.05,4,0.87,-0.0952522096354848,0.1871100323274435,23.483378620510397,23.483378620510397
0.05,4,0.88,-0.088394305901567,0.4153333695617371,-33.03632593667551,0.0
0.05,4,0.89,-0.0869455422442501,-0.4736164864060672,-42.99953043600793,0.0
0.05,4,0.9,-0.0978666356296883,-0.4446572391584222,24.40572197718371,24.40572197718371
0.05,4,0.91,-0.0958386870274185,0.0144979531376074,18.648558891968555,18.648558891968555
0.05,4,0.92,-0.0975766765669362,-0.0716860613190508,-1.8529889241196633,0.0
0.05,4,0.93,-0.0972724082537995,-0.0225618253447859,-6.617551754485245,0.0
0.05,4,0.94,-0.0980279130738319,-0.2040370964087525,-2.4205674625817757,0.0
0.05,4,0.95,-0.1013531501819746,-0.0709731745964177,18.78589339505441,18.78589339505441
0.05,4,0.96,-0.0994473765657602,0.171680771492336,3.6369254079826976,3.6369254079826976
0.05,4,0.97,-0.0979195347521279,0.0017653335632363,-13.816027363850242,0.0
0.05,4,0.98,-0.0994120698944955,-0.1046397757846691,-5.22355422962665,0.0
0.05,4,0.99,-0.1000123302678213,-0.1027057510292968,-2.0372844470674387,0.0
0.05,4,1.0,-0.1014661849150815,-0.1453854647260179,-4.267971369672106,0.0
0.05,5,0.01,-0.000182786112262,-0.0029063491004771,-0.2588387312806,0.0
0.05,5,0.02,-0.0002118496032668,-0.0054947364132831,-0.5506674990775502,0.0
0.05,5,0.03,-0.0002926808405277,-0.0139196990820281,-1.151958075489845,0.0
0.05,5,0.04,-0.0004902435849073,-0.02853389792308,-1.6495406408771247,0.0
0.05,5,0.05,-0.0008633587989893,-0.0469105118995706,-2.0403510205834454,0.0
0.05,5,0.06,-0.0014284538228988,-0.0693409183347489,-1.8873339086067307,0.0
0.05,5,0.07,-0.0022501771656842,-0.0846571900717052,-2.2852126279500213,0.0
0.05,5,0.08,-0.0031215976243329,-0.1150451708937493,-3.118767176159227,0.0
0.05,5,0.09,-0.0045510805835592,-0.1470325335948897,-1.456006878595617,0.0
0.05,5,0.1,-0.0060622482962307,-0.1441653084656616,-0.997709660320151,0.0
0.05,5,0.11,-0.0074343867528725,-0.1669867268012927,-1.1228551868942338,0.0
0.05,5,0.12,-0.0094019828322565,-0.1666224122035463,0.06560350012007099,0.06560350012007099
0.05,5,0.13,-0.0107668349969434,-0.1656746567988913,-0.030554626904660154,0.0
0.05,5,0.14,-0.0127154759682343,-0.1672335047416395,-3.9809335073901426,0.0
0.05,5,0.15,-0.0141115050917762,-0.2452933269466939,-4.052706816699606,0.0
0.05,5,0.16,-0.0176213425071682,-0.2482876410756314,0.09342756374590877,0.09342756374590877
0.05,5,0.17,-0.0190772579132888,-0.2434247756717757,-4.961526357331625,0.0
0.05,5,0.18,-0.0224898380206037,-0.3475181682222635,4.099173716042941,4.099173716042941
0.05,5,0.19,-0.0260276212777341,-0.1614413013509161,1.6727571927560128,1.6727571927560128
0.05,5,0.2,-0.0257186640476221,-0.3140630243671432,-0.9784547407489743,0.0
0.05,5,0.21,-0.0323088817650769,-0.1810103961658964,9.088746785768395,9.088746785768395
0.05,5,0.22,-0.02933887197094,-0.1322880886517756,-7.863687815429369,0.0
0.05,5,0.23,-0.0349546435381124,-0.3382841524744839,-5.713600547726291,0.0
0.05,5,0.24,-0.0361045550204296,-0.2465600996063022,0.07619267470685642,0.07619267470685642
0.05,5,0.25,-0.0398858455302385,-0.3367602989803473,0.9189320918069708,0.9189320918069708
0.05,5,0.26,-0.0428397610000366,-0.2281814577701628,11.276579542909221,11.276579542909221
0.05,5,0.27,-0.0444494746856418,-0.1112287081221627,15.58560864939762,15.58560864939762
0.05,5,0.28,-0.0450643351624799,0.0835307152177899,-0.9298798632990302,0.0
0.05,5,0.29,-0.042778860381286,-0.129826305388141,-17.824679932865433,0.0
0.05,5,0.3,-0.0476608612702427,-0.2729628834395177,-8.935948651878205,0.0
0.05,5,0.31,-0.0482381180500763,-0.3085452784257052,12.763273256365892,12.763273256365892
0.05,5,0.32,-0.0538317668387568,-0.0176974183121996,15.590659508206514,15.590659508206514
0.05,5,0.33,-0.0485920664163203,0.0032679117384253,-23.55829463664614,0.0
0.05,5,0.34,-0.0537664086039883,-0.4888633110451228,-22.39862874406975,0.0
0.05,5,0.35,-0.0583693326372228,-0.4447046631429718,11.598190686270001,11.598190686270001
0.05,5,0.36,-0.0626605018668478,-0.2568994973197225,31.719367139044124,31.719367139044124
0.05,5,0.37,-0.0635073225836172,0.1896826796379112,24.008325242493008,24.008325242493008
0.05,5,0.38,-0.0588668482740895,0.2232670075301381,-21.421125917009956,0.0
0.05,5,0.39,-0.0590419824330144,-0.2387398387022883,-29.933372455860418,0.0
0.05,5,0.4,-0.0636416450481353,-0.3754004415870708,2.449545190435323,2.449545190435323
0.05,5,0.41,-0.0665499912647559,-0.1897489348935837,22.64015958219305,22.64015958219305
0.05,5,0.42,-0.067436623746007,0.0774027500567897,2.2451691434690613,2.2451691434690613
0.05,5,0.43,-0.0650019362636201,-0.1448455520242024,-6.021228119479105,0.0
0.05,5,0.44,-0.070333534786491,-0.0430218123327925,14.904096042950313,14.904096042950313
0.05,5,0.45,-0.0658623725102759,0.1532363688348041,6.666808221936204,6.666808221936204
0.05,5,0.46,-0.0672688074097949,0.0903143521059317,-25.059378795825353,0.0
0.05,5,0.47,-0.0640560854681573,-0.3479512070816999,-23.325463266794717,0.0
0.05,5,0.48,-0.074227831551429,-0.3761949132299595,21.750856677229937,21.750856677229937
0.05,5,0.49,-0.0715799837327565,0.0870659264628992,26.398823410554414,26.398823410554414
0.05,5,0.5,-0.072486513022171,0.1517815549811292,1.204771954161644,1.204771954161644
0.05,5,0.51,-0.0685443526331339,0.1111613655461321,-30.738834106459493,0.0
0.05,5,0.52,-0.0702632857112484,-0.4629951271480612,-19.547171151151367,0.0
0.05,5,0.53,-0.0778042551760951,-0.2797820574768956,24.580712565205463,24.580712565205463
0.05,5,0.54,-0.0758589268607863,0.0286191241560485,15.691223551949967,15.691223551949967
0.05,5,0.55,-0.0772318726929742,0.034042413562104,-5.902214592502501,0.0
0.05,5,0.56,-0.0751780785895442,-0.0894251676940016,-1.9169771790432881,0.0
0.05,5,0.57,-0.0790203760468541,-0.0042971300187639,5.0491907605869075,5.0491907605869075
0.05,5,0.58,-0.0752640211899194,0.0115586475177353,-11.6512821055914,0.0
0.05,5,0.59,-0.0787892030964994,-0.2373227721305921,-7.878968020536259,0.0
0.05,5,0.6,-0.0800104766325313,-0.14602071289299,34.28324530833055,34.28324530833055
0.05,5,0.61,-0.0817096173543592,0.4483421340360194,9.332799480460388,9.332799480460388
0.05,5,0.62,-0.0710436339518109,0.0406352767162179,-50.468753227183605,0.0
0.05,5,0.63,-0.0808969118200349,-0.5610329305076536,-5.845486498624545,0.0
0.05,5,0.64,-0.0822642925619639,-0.0762744532562731,33.1797574311178,33.1797574311178
0.05,5,0.65,-0.0824224008851603,0.102562218114703,1.4491332254094944,1.4491332254094944
0.05,5,0.66,-0.0802130481996699,-0.0472917887480832,-23.570363836239384,0.0
0.05,5,0.67,-0.083368236660122,-0.3688450586100851,2.645877585485173,2.645877585485173
0.05,5,0.68,-0.0875899493718716,0.0056257629616203,21.72991996613366,21.72991996613366
0.05,5,0.69,-0.0832557214008896,0.0657533407125896,-0.5543382833162047,0.0
0.05,5,0.7,-0.0862748825576199,-0.0054610027047052,1.2555254601867438,1.2555254601867438
0.05,5,0.71,-0.0833649414549838,0.0908638499163245,-10.572961061028247,0.0
0.05,5,0.72,-0.0844576055592934,-0.2169202239252703,-4.403093262822597,0.0
0.05,5,0.73,-0.0877033459334892,0.0028019846598725,5.618465591721785,5.618465591721785
0.05,5,0.74,-0.0844015658660959,-0.1045509120908345,-11.876526735163646,0.0
0.05,5,0.75,-0.0897943641753059,-0.2347285500434006,14.34398058499585,14.34398058499585
0.05,5,0.76,-0.089096136866964,0.1823286996090827,12.992085958396054,12.992085958396054
0.05,5,0.77,-0.0861477901831242,0.0251131691245207,-17.728858192558967,0.0
0.05,5,0.78,-0.0885938734844735,-0.1722484642420969,4.221712121679606,4.221712121679606
0.05,5,0.79,-0.0895927594679661,0.1095474115581129,3.448803907851511,3.448803907851511
0.05,5,0.8,-0.0864029252533113,-0.1032723860850666,-14.596064816172643,0.0
0.05,5,0.81,-0.0916582071896675,-0.1823738847653402,3.7795961475606417,3.7795961475606417
0.05,5,0.82,-0.0900504029486181,-0.0276804631338567,1.835000459933796,1.835000459933796
0.05,5,0.83,-0.0922118164523446,-0.1456738755666675,-2.8441557596153624,0.0
0.05,5,0.84,-0.0929638804599515,-0.084563578326164,23.117252554076572,23.117252554076572
0.05,5,0.85,-0.0939030880188679,0.3166711755148643,12.757833378014535,12.757833378014535
0.05,5,0.86,-0.0866304569496542,0.1705930892341269,-35.149960765759545,0.0
0.05,5,0.87,-0.0904912262341854,-0.3863280398003272,-18.738774411232374,0.0
0.05,5,0.88,-0.0943570177456608,-0.2041823989905209,15.878928183330684,15.878928183330684
0.05,5,0.89,-0.0945748742139958,-0.0687494761337133,16.90230026347226,16.90230026347226
0.05,5,0.9,-0.095732007268335,0.1338636062789246,2.732563721368962,2.732563721368962
0.05,5,0.91,-0.0918976020884173,-0.014098201706334,-30.1313463580995,0.0
0.05,5,0.92,-0.0960139713024617,-0.4687633208830659,-8.512544788470894,0.0
0.05,5,0.93,-0.1012728685060786,-0.184349097475752,42.851558651488155,42.851558651488155
0.05,5,0.94,-0.0997009532519768,0.38826785214669,20.92236645619124,20.92236645619124
0.05,5,0.95,-0.0935075114631448,0.2340982316480628,-26.84206162975815,0.0
0.05,5,0.96,-0.0950189886190155,-0.1485733804484734,-14.007042887897983,0.0
0.05,5,0.97,-0.0964789790721143,-0.0460426261098971,2.9515452926313728,2.9515452926313728
0.05,5,0.98,-0.0959398411412135,-0.0895424745958459,-7.861635295021058,0.0
0.05,5,0.99,-0.0982698285640312,-0.2032753320103184,-4.200472357150961,0.0
0.05,5,1.0,-0.1000053477814199,-0.1735519217388652,2.9723410271453172,2.9723410271453172
0.05,6,0.01,-0.0001971969458593,-0.0027112879047937,-0.18840546090147994,0.0
0.05,6,0.02,-0.0002243098249072,-0.0045953425138085,-0.37046250233011513,0.0
0.05,6,0.03,-0.0002891037961355,-0.010120537951396,-0.7792466148650751,0.0
0.05,6,0.04,-0.0004267205839351,-0.02018027481111,-1.2251058189555797,0.0
0.05,6,0.05,-0.0006927092923577,-0.0346226543305076,-1.6315949311978002,0.0
0.05,6,0.06,-0.0011191736705453,-0.052812173435066,-1.9320862492456738,0.0
0.05,6,0.07,-0.001748952761059,-0.0732643793154211,-1.7680095486708995,0.0
0.05,6,0.08,-0.0025844612568537,-0.088172364408484,-1.2760605299284955,0.0
0.05,6,0.09,-0.0035124000492287,-0.098785589913991,-1.4082732683091637,0.0
0.05,6,0.1,-0.0045601730551335,-0.1163378297746673,-2.5255883423378656,0.0
0.05,6,0.11,-0.005839156644722,-0.1492973567607483,-2.652487102822345,0.0
0.05,6,0.12,-0.0075461201903485,-0.1693875718311142,-1.3713963650209955,0.0
0.05,6,0.13,-0.0092269080813443,-0.1767252840611682,-0.18911732595379505,0.0
0.05,6,0.14,-0.0110806258715719,-0.1731699183501901,2.3614905289743513,2.3614905289743513
0.05,6,0.15,-0.0126903064483481,-0.1294954734816813,-3.476451771327765,0.0
0.05,6,0.16,-0.0136705353412055,-0.2426989537767458,-5.0355522631147265,0.0
0.05,6,0.17,-0.017544285523883,-0.2302065187439759,-2.6329613705974406,0.0
0.05,6,0.18,-0.018274665716085,-0.2953581811886944,4.166725215800608,4.166725215800608
0.05,6,0.19,-0.0234514491476569,-0.1468720144279632,12.867528863193645,12.867528863193645
0.05,6,0.2,-0.0212121060046443,-0.0380076039248213,-6.461035690180677,0.0
0.05,6,0.21,-0.0242116012261533,-0.2760927282315757,-12.277836160564277,0.0
0.05,6,0.22,-0.0267339605692758,-0.2835643271361061,2.7100566677936673,2.7100566677936673
0.05,6,0.23,-0.0298828877688755,-0.2218915948757023,-3.366412584222564,0.0
0.05,6,0.24,-0.0311717924667899,-0.3508925788205568,0.5082887074900633,0.5082887074900633
0.05,6,0.25,-0.0369007393452866,-0.2117258207259003,12.447044015077292,12.447044015077292
0.05,6,0.26,-0.0354063088813079,-0.1019516985190107,0.06617698764009994,0.06617698764009994
0.05,6,0.27,-0.0389397733156668,-0.2104022809730983,5.546898963780535,5.546898963780535
0.05,6,0.28,-0.0396143545007698,0.0089862807566001,-3.965166483630334,0.0
0.05,6,0.29,-0.0387600477005348,-0.2897056106457019,-21.158997616405394,0.0
0.05,6,0.3,-0.0454084667136839,-0.414193671571506,9.77700969889155,9.77700969889155
0.05,6,0.31,-0.047043921131965,-0.0941654166678707,15.342585467508034,15.342585467508034
0.05,6,0.32,-0.0472917750470413,-0.1073419622213451,-2.008457809059669,0.0
0.05,6,0.33,-0.0491907603763919,-0.1343345728490641,-3.3567144340790964,0.0
0.05,6,0.34,-0.0499784665040226,-0.1744762509029271,1.6751879421525242,1.6751879421525242
0.05,6,0.35,-0.0526802853944504,-0.1008308140060143,11.939288805971053,11.939288805971053
0.05,6,0.36,-0.0519950827841429,0.064309525216494,-6.230330530207555,0.0
0.05,6,0.37,-0.0513940948901205,-0.2254374246101655,-20.10581750066338,0.0
0.05,6,0.38,-0.0565038312763462,-0.337806824796774,5.744029773310095,5.744029773310095
0.05,6,0.39,-0.058150231386056,-0.1105568291439635,17.420911806285996,17.420911806285996
0.05,6,0.4,-0.0587149678592255,0.0106114113289463,1.5163676467140634,1.5163676467140634
0.05,6,0.41,-0.0579380031594771,-0.0802294762096811,-19.72408806770926,0.0
0.05,6,0.42,-0.0603195573834191,-0.3838703500252394,-7.836670958827778,0.0
0.05,6,0.43,-0.0656154101599819,-0.2369628953862368,20.097566011590345,20.097566011590345
0.05,6,0.44,-0.0650588152911439,0.0180809702065678,3.956219073403596,3.956219073403596
0.05,6,0.45,-0.0652537907558505,-0.1578385139181648,-7.509760992955983,0.0
0.05,6,0.46,-0.0682155855695072,-0.132114249652552,1.9953575186515655,1.9953575186515655
0.05,6,0.47,-0.0678960757489015,-0.1179313635451335,10.237498224563181,10.237498224563181
0.05,6,0.48,-0.0705742128404098,0.0726357148387122,19.53776129957916,19.53776129957916
0.05,6,0.49,-0.0664433614521273,0.27282386244645,-9.395884540438683,0.0
0.05,6,0.5,-0.0651177355914808,-0.1152819759700616,-19.174638153051585,0.0
0.05,6,0.51,-0.0687490009715285,-0.110668900614582,1.3058116740028085,1.3058116740028085
0.05,6,0.52,-0.0673311136037725,-0.0891657424900054,-10.614474821189482,0.0
0.05,6,0.53,-0.0705323158213286,-0.3229583970383718,1.736125986449344,1.736125986449344
0.05,6,0.54,-0.0737902815445399,-0.0544432227610185,22.90566807591601,22.90566807591601
0.05,6,0.55,-0.071621180276549,0.1351549644799488,-6.407207004632105,0.0
0.05,6,0.56,-0.071087182254941,-0.1825873628536607,-18.160624422004478,0.0
0.05,6,0.57,-0.0752729275336221,-0.2280575239601421,8.507861282670474,8.507861282670474
0.05,6,0.58,-0.0756483327341437,-0.0124301372002491,4.8233440128953,4.8233440128953
0.05,6,0.59,-0.0755215302776271,-0.131590643702236,8.451808533933228,8.451808533933228
0.05,6,0.6,-0.0782801456081885,0.1566060334784156,5.827259242084176,5.827259242084176
0.05,6,0.61,-0.0723894096080588,-0.0150454588605524,-9.078611045277462,0.0
0.05,6,0.62,-0.0785810547853995,-0.0249661874271338,-1.3719210539527589,0.0
0.05,6,0.63,-0.0728887333566015,-0.0424838799396076,-19.37660090371388,0.0
0.05,6,0.64,-0.0794307323841917,-0.4124982055014117,5.7168003586005955,5.7168003586005955
0.05,6,0.65,-0.0811386974666297,0.0718521272324044,31.05000729702498,31.05000729702498
0.05,6,0.66,-0.0779936898395436,0.2085019404390884,-16.98985582320894,0.0
0.05,6,0.67,-0.076968658657848,-0.2679449892317747,-26.898955384222706,0.0
0.05,6,0.68,-0.0833525896241791,-0.3294771672453662,13.89788225693313,13.89788225693313
0.05,6,0.69,-0.0835582020027553,0.0100126559068822,18.857455556668604,18.857455556668604
0.05,6,0.7,-0.0831523365060415,0.0476719438880008,-2.4154316106409626,0.0
0.05,6,0.71,-0.0826047631249953,-0.0382959763059371,-14.848694683950582,0.0
0.05,6,0.72,-0.0839182560321602,-0.2493019497910111,-0.9194793061600743,0.0
0.05,6,0.73,-0.0875908021208155,-0.0566855624291386,17.80769483568674,17.80769483568674
0.05,6,0.74,-0.085051967280743,0.106851946922724,-7.001227065974144,0.0
0.05,6,0.75,-0.085453763182361,-0.1967101037486216,-10.635537206285926,0.0
0.05,6,0.76,-0.0889861693557154,-0.1058587972029947,15.64034228284628,15.64034228284628
0.05,6,0.77,-0.0875709391264209,0.1160967419083043,8.226646022787989,8.226646022787989
0.05,6,0.78,-0.0866642345175493,0.0586741232527652,-5.409253044198436,0.0
0.05,6,0.79,-0.0863974566613656,0.0079116810243355,6.466554469577304,6.466554469577304
0.05,6,0.8,-0.0865060008970626,0.1880052126443114,-9.354872209112381,0.0
0.05,6,0.81,-0.0826373524084794,-0.1791857631579123,-9.670468610879418,0.0
0.05,6,0.82,-0.0900897161602207,-0.0054041595732821,1.7045612207148135,1.7045612207148135
0.05,6,0.83,-0.0827454355999449,-0.1450945387436197,-7.452406332860079,0.0
0.05,6,0.84,-0.0929916069350931,-0.1544522862304838,15.675444140338906,15.675444140338906
0.05,6,0.85,-0.0858344813245546,0.1684143440631587,-9.770903404767175,0.0
0.05,6,0.86,-0.0896233200538299,-0.3498703543258274,-7.136370806736009,0.0
0.05,6,0.87,-0.0928318884110711,0.0256869279284384,6.4726393412883425,6.4726393412883425
0.05,6,0.88,-0.0891095814952612,-0.2204175675000605,-11.07148108523862,0.0
0.05,6,0.89,-0.0972402397610723,-0.1957426937763342,21.427336029220776,21.427336029220776
0.05,6,0.9,-0.0930244353707879,0.2081291530843554,12.94029095096526,12.94029095096526
0.05,6,0.91,-0.0930776566993852,0.0630631252429712,-15.762834753131102,0.0
0.05,6,0.92,-0.0917631728659284,-0.1071275419782669,-4.93880300188309,0.0
0.05,6,0.93,-0.0952202075389506,-0.0357129347946907,-0.5889250773500887,0.0
0.05,6,0.94,-0.0924774315618223,-0.1189060435252669,-2.1217056695014387,0.0
0.05,6,0.95,-0.097598328409456,-0.0781470481847179,3.7148013719185964,3.7148013719185964
0.05,6,0.96,-0.0940403725255167,-0.0446100160868949,-9.829071527070482,0.0
0.05,6,0.97,-0.0984905287311939,-0.2747284787261277,3.607401962434447,3.607401962434447
0.05,6,0.98,-0.0995349421000392,0.0275380231617941,19.680958071468147,19.680958071468147
0.05,6,0.99,-0.097939768267958,0.1188906827032356,2.5362979518277022,2.5362979518277022
0.05,6,1.0,-0.0971571284459745,0.0782639821983482,-4.062670050488737,0.0
0.05,7,0.01,-0.0009895187864435,-0.0104788185981329,-0.48237390168519995,0.0
0.05,7,0.02,-0.0010943069724249,-0.0153025576149849,-0.9129490112794804,0.0
0.05,7,0.03,-0.0012955699387432,-0.0287377988237225,-1.5079312147406703,0.0
0.05,7,0.04,-0.0016690629488993,-0.0454611819097983,-1.9792874676939998,0.0
0.05,7,0.05,-0.0022047935769392,-0.0683235481776025,-2.254101487929875,0.0
0.05,7,0.06,-0.0030355339124514,-0.0905432116683958,-2.188372248018464,0.0
0.05,7,0.07,-0.0040156578103071,-0.1120909931379718,-1.761185129746024,0.0
0.05,7,0.08,-0.0052773537752108,-0.1257669142633163,-1.6594140501917058,0.0
0.05,7,0.09,-0.0065309960955734,-0.1452792741418059,-2.5471112979767527,0.0
0.05,7,0.1,-0.0081829392580469,-0.1767091402228514,-2.1874670800212295,0.0
0.05,7,0.11,-0.0100651789000305,-0.1890286157422305,-1.0274502680946611,0.0
0.05,7,0.12,-0.0119635115728915,-0.1972581455847446,-1.7394553561026722,0.0
0.05,7,0.13,-0.0140103418117254,-0.223817722864284,4.436431579457562,4.436431579457562
0.05,7,0.14,-0.0164398660301772,-0.1085295139955933,2.2698422691576923,2.2698422691576923
0.05,7,0.15,-0.0161809320916372,-0.1784208774811297,-11.824173272971862,0.0
0.05,7,0.16,-0.0200082835797998,-0.3450129794550307,1.2242193463833804,1.2242193463833804
0.05,7,0.17,-0.0230811916807379,-0.1539364905534621,6.748076125001958,6.748076125001958
0.05,7,0.18,-0.0230870133908691,-0.2100514569549909,-7.4611542464030585,0.0
0.05,7,0.19,-0.0272822208198377,-0.3031595754815233,0.43878802212648793,0.43878802212648793
0.05,7,0.2,-0.0291502049004995,-0.2012756965124611,3.2166757427781345,3.2166757427781345
0.05,7,0.21,-0.0313077347500869,-0.2388260606259602,-5.053887608971907,0.0
0.05,7,0.22,-0.0339267261130188,-0.3023534486918993,1.6182980485303986,1.6182980485303986
0.05,7,0.23,-0.0373548037239249,-0.2064600996553522,10.888801485245512,10.888801485245512
0.05,7,0.24,-0.0380559281061258,-0.0845774189869892,-6.901972194508009,0.0
0.05,7,0.25,-0.0390463521036647,-0.3444995435455134,-10.44172232395976,0.0
0.05,7,0.26,-0.0449459189770361,-0.2934118654661846,11.07410863443516,11.07410863443516
0.05,7,0.27,-0.0449145894129884,-0.12301737085681,23.7864702827734,23.7864702827734
0.05,7,0.28,-0.0474062663941723,0.1823175401892838,0.8547382426526413,0.8547382426526413
0.05,7,0.29,-0.0412682386092028,-0.1059226060037539,-26.699221808712025,0.0
0.05,7,0.3,-0.0495247185142474,-0.3516668959849554,-5.413038810758182,0.0
0.05,7,0.31,-0.0483015765289019,-0.2141833822189176,6.0016805753895,6.0016805753895
0.05,7,0.32,-0.0538083861586258,-0.2316332844771653,10.607204272255448,10.607204272255448
0.05,7,0.33,-0.0529342422184452,-0.0020392967738085,8.731639714959952,8.731639714959952
0.05,7,0.34,-0.053849172094102,-0.0570004901779661,-8.891311978596775,0.0
0.05,7,0.35,-0.0540742520220045,-0.1798655363457433,-17.898011230591187,0.0
0.05,7,0.36,-0.0574464828210169,-0.4149607147897898,9.229168269576371,9.229168269576371
0.05,7,0.37,-0.0623734663178003,0.0047178290457843,30.879875911685033,30.879875911685033
0.05,7,0.38,-0.0573521262401012,0.2026368034439114,-16.324797509580208,0.0
0.05,7,0.39,-0.0583207302489221,-0.3217781211458201,-18.59097259522449,0.0
0.05,7,0.4,-0.0637876886630176,-0.1691826484605787,8.465130464477916,8.465130464477916
0.05,7,0.41,-0.0617043832181337,-0.1524755118562613,-7.8816773475962005,0.0
0.05,7,0.42,-0.0668371989001428,-0.3268161954125035,-0.8281890541723191,0.0
0.05,7,0.43,-0.0682407071263837,-0.1690392929397077,16.35084851501572,16.35084851501572
0.05,7,0.44,-0.070217984758937,0.0002007748878112,10.469609971249112,10.469609971249112
0.05,7,0.45,-0.0682366916286275,0.0403529064852747,-0.7144940232060444,0.0
0.05,7,0.46,-0.0694109266292315,-0.0140891055763097,-5.7347528088129325,0.0
0.05,7,0.47,-0.0685184737401537,-0.0743421496909837,-8.540149232683937,0.0
0.05,7,0.48,-0.0708977696230512,-0.1848920902299884,1.6851626221339182,1.6851626221339182
0.05,7,0.49,-0.0722163155447535,-0.0406388972483053,5.65014478358254,5.65014478358254
0.05,7,0.5,-0.0717105475680173,-0.0718891945583375,-1.0905948738309643,0.0
0.05,7,0.51,-0.0736540994359202,-0.0624507947249246,-1.3409002577571485,0.0
0.05,7,0.52,-0.0729595634625158,-0.0987071997134805,4.223470074022122,4.223470074022122
0.05,7,0.53,-0.0756282434301898,0.0220186067555179,4.536592304233821,4.536592304233821
0.05,7,0.54,-0.0725191913274054,-0.007975353628804,-4.584340332651776,0.0
0.05,7,0.55,-0.0757877505027659,-0.0696681998975177,-4.031824050441622,0.0
0.05,7,0.56,-0.0739125553253558,-0.0886118346376365,-3.9344897046817056,0.0
0.05,7,0.57,-0.0775599871955186,-0.148357993991151,3.963516229335369,3.963516229335369
0.05,7,0.58,-0.0768797152051788,-0.0093415100509273,1.1944440449654934,1.1944440449654934
0.05,7,0.59,-0.0777468173965371,-0.1244691130918411,-3.8049642798867223,0.0
0.05,7,0.6,-0.0793690974670156,-0.0854407956486618,16.42330401585346,16.42330401585346
0.05,7,0.61,-0.0794556333095104,0.2039969672252284,-7.071059519765578,0.0
0.05,7,0.62,-0.075289158122511,-0.2268619860439735,-30.141572384638543,0.0
0.05,7,0.63,-0.0839928730303899,-0.398834480467543,20.429754604335983,20.429754604335983
0.05,7,0.64,-0.0832658477318619,0.1817331060427465,19.289449976679485,19.289449976679485
0.05,7,0.65,-0.0803582109095349,-0.013045480933953,-17.900257834645068,0.0
0.05,7,0.66,-0.0835267573505409,-0.1762720506501551,-2.130109559552193,0.0
0.05,7,0.67,-0.083883651922538,-0.0556476721249969,9.412938472220032,9.412938472220032
0.05,7,0.68,-0.0846397107930409,0.0119867187942457,1.054742934426426,1.054742934426426
0.05,7,0.69,-0.0836439175466531,-0.0345528134364672,-2.122964893267943,0.0
0.05,7,0.7,-0.0853307670617703,-0.0304725790711124,0.6027635350711191,0.6027635350711191
0.05,7,0.71,-0.0842533691280753,-0.0224975427350448,0.19316518408540984,0.19316518408540984
0.05,7,0.72,-0.0857807179164712,-0.0266092753894042,-2.6984291495179678,0.0
0.05,7,0.73,-0.0847855546358634,-0.0764661257254042,-3.171091268424982,0.0
0.05,7,0.74,-0.0873100404309792,-0.0900311007579039,6.156324159742245,6.156324159742245
0.05,7,0.75,-0.0865861766510215,0.0466603574694408,-1.3713165035672343,0.0
0.05,7,0.76,-0.0863768332815904,-0.1174574308292486,-11.207117663771525,0.0
0.05,7,0.77,-0.0889353252676065,-0.1774819958059899,5.663066210553585,5.663066210553585
0.05,7,0.78,-0.0899264731977102,-0.0041961066181768,11.13942315512978,11.13942315512978
0.05,7,0.79,-0.08901924739997,0.0453064672966059,-3.732349183536552,0.0
0.05,7,0.8,-0.0890203438517781,-0.0788430902889079,-7.297917677941868,0.0
0.05,7,0.81,-0.0905961092057482,-0.1006518862622316,16.04762423506117,16.04762423506117
0.05,7,0.82,-0.0910333815770227,0.24210939441231,5.311158186257166,5.311158186257166
0.05,7,0.83,-0.085753921317502,0.0055712774629048,-24.607576431856224,0.0
0.05,7,0.84,-0.0909219560277646,-0.2500421342248149,9.451470456909123,9.451470456909123
0.05,7,0.85,-0.0907547640019982,0.1946006866010874,16.64515286139954,16.64515286139954
0.05,7,0.86,-0.0870299422957429,0.0828609230031762,-17.305680809538494,0.0
0.05,7,0.87,-0.0890975455419347,-0.1515129295896828,-9.138607719231146,0.0
0.05,7,0.88,-0.0900602008875365,-0.0999112313814469,-0.9776511118796645,0.0
0.05,7,0.89,-0.0910957701695637,-0.1710659518272761,4.182083796721732,4.182083796721732
0.05,7,0.9,-0.093481519924082,-0.0162695554470122,-0.43491175856682496,0.0
0.05,7,0.91,-0.0914211612785039,-0.1797641869986126,-5.661167039655265,0.0
0.05,7,0.92,-0.0970768036640543,-0.1294928962401176,18.139667084844667,18.139667084844667
0.05,7,0.93,-0.0940110192033063,0.1830291546982811,-4.325726784668197,0.0
0.05,7,0.94,-0.0934162205700886,-0.2160074319334732,-20.295665203066974,0.0
0.05,7,0.95,-0.0983311678419758,-0.2228841493630522,15.956803454360704,15.956803454360704
0.05,7,0.96,-0.0978739035573497,0.1031286371537412,16.765178788072646,16.765178788072646
0.05,7,0.97,-0.0962685950989009,0.112419426398401,-10.89536762014739,0.0
0.05,7,0.98,-0.0956255150293817,-0.1147787152492068,-21.583997706502984,0.0
0.05,7,0.99,-0.0985641694038851,-0.3192605277316591,-11.493845138188513,0.0
0.05,7,1.0,-0.1020107255840149,-0.3446556180129772,-2.5395090281318122,0.0
0.05,8,0.01,-0.0001615853368464,-0.0020194680162028,-0.21257761066757003,0.0
0.05,8,0.02,-0.0001817800170084,-0.0041452441228785,-0.4138521175641602,0.0
0.05,8,0.03,-0.000244490219304,-0.010296510367486,-0.8980629951629049,0.0
0.05,8,0.04,-0.0003877102243581,-0.0221065040261366,-1.3077761367079743,0.0
0.05,8,0.05,-0.0006866202998267,-0.0364520331016455,-1.6172184106078409,0.0
0.05,8,0.06,-0.0011167508863911,-0.0544508722382934,-1.9275874439951146,0.0
0.05,8,0.07,-0.0017756377445926,-0.0750037819815478,-2.114114815929735,0.0
0.05,8,0.08,-0.002616826526022,-0.0967331685568881,-1.4814904959541808,0.0
0.05,8,0.09,-0.0037103011157303,-0.1046335919006314,-2.0206493525129776,0.0
0.05,8,0.1,-0.0047094983640346,-0.1371461556071477,-4.575953596379423,0.0
0.05,8,0.11,-0.0064532242278733,-0.1961526638282198,-1.2120460367845958,0.0
0.05,8,0.12,-0.008632551640599,-0.1613870763428396,-1.3111095065706362,0.0
0.05,8,0.13,-0.0096809657547301,-0.2223748539596327,-1.0854528208196381,0.0
0.05,8,0.14,-0.0130800487197917,-0.1830961327592324,5.653718010979453,5.653718010979453
0.05,8,0.15,-0.0133428884099147,-0.1093004937400438,-5.8447346728406515,0.0
0.05,8,0.16,-0.0152660585945926,-0.2999908262160461,-8.547132599681156,0.0
0.05,8,0.17,-0.0193427049342357,-0.2802431457336671,9.05725033942581,9.05725033942581
0.05,8,0.18,-0.0208709215092659,-0.1188458194275304,9.09755304893848,9.09755304893848
0.05,8,0.19,-0.0217196213227863,-0.098292084754898,-4.01341929282683,0.0
0.05,8,0.2,-0.0228367632043639,-0.1991142052840671,-14.287680963877445,0.0
0.05,8,0.21,-0.0257019054284676,-0.3840457040324465,-12.080273847870357,0.0
0.05,8,0.22,-0.0305176772850128,-0.4407196822414738,10.149125476796984,10.149125476796984
0.05,8,0.23,-0.0345162990732971,-0.1810631944965066,16.697831716824357,16.697831716824357
0.05,8,0.24,-0.034138941174943,-0.1067630479049863,-3.0554855213835594,0.0
0.05,8,0.25,-0.0366515600313968,-0.2421729049241783,-13.913610517057318,0.0
0.05,8,0.26,-0.0389823992734265,-0.3850352582461329,7.636250296054444,7.636250296054444
0.05,8,0.27,-0.0443522651963195,-0.0894478990030893,20.224407589073014,20.224407589073014
0.05,8,0.28,-0.0407713572534883,0.0194528935353277,-16.572191454392833,0.0
0.05,8,0.29,-0.0439632073256129,-0.4208917280909423,-12.146079470463775,0.0
0.05,8,0.3,-0.0491891918153072,-0.2234686958739438,11.78713519374367,11.78713519374367
0.05,8,0.31,-0.0484325812430918,-0.1851490242160687,1.8747124564684192,1.8747124564684192
0.05,8,0.32,-0.0528921722996285,-0.1859744467445754,-3.511675177300507,0.0
0.05,8,0.33,-0.0521520701779833,-0.2553825277620789,-8.042862789934636,0.0
0.05,8,0.34,-0.0579998228548701,-0.3468317025432683,4.421718914033754,4.421718914033754
0.05,8,0.35,-0.0590887042288487,-0.1669481494814055,8.552406003975934,8.552406003975934
0.05,8,0.36,-0.0613387858444982,-0.175783582463751,0.9270725241049087,0.9270725241049087
0.05,8,0.37,-0.0626043758781237,-0.1484066989993073,20.20577295626582,20.20577295626582
0.05,8,0.38,-0.0643069198244844,0.2283318766615658,4.841636805868726,4.841636805868726
0.05,8,0.39,-0.0580377383448924,-0.0515739628819327,-31.5643556045733,0.0
0.05,8,0.4,-0.065338399082123,-0.4029552354299008,-3.392997636735446,0.0
0.05,8,0.41,-0.0660968430534904,-0.119433915616645,14.37953297463687,14.37953297463687
0.05,8,0.42,-0.0677270773944559,-0.1153645759371655,2.7733193208117672,2.7733193208117672
0.05,8,0.43,-0.0684041345722337,-0.0639675292004096,-3.0648726085052287,0.0
0.05,8,0.44,-0.0690064279784641,-0.1766620281072701,-3.1117592124838724,0.0
0.05,8,0.45,-0.0719373751343791,-0.1262027134500871,8.622164278738648,8.622164278738648
0.05,8,0.46,-0.0715304822474659,-0.004218742532497,1.5581841657929738,1.5581841657929738
0.05,8,0.47,-0.072021749985029,-0.0950390301342265,-0.5929201117659132,0.0
0.05,8,0.48,-0.0734312628501504,-0.0160771447678143,0.16226919137407503,0.16226919137407503
0.05,8,0.49,-0.0723432928803853,-0.091793646306745,-9.849403294375191,0.0
0.05,8,0.5,-0.0752671357762853,-0.2130652106553183,6.3804068338789195,6.3804068338789195
0.05,8,0.51,-0.0766045970934917,0.0358144903708335,4.583204966334636,4.583204966334636
0.05,8,0.52,-0.0745508459688687,-0.1214011113286255,0.7404888910263092,0.7404888910263092
0.05,8,0.53,-0.0790326193200642,0.0506242681913597,18.129421410955665,18.129421410955665
0.05,8,0.54,-0.0735383606050415,0.2411873168904881,-4.019370346427157,0.0
0.05,8,0.55,-0.0742088729822544,-0.0297631387371835,-20.995998750747603,0.0
0.05,8,0.56,-0.0741336233797851,-0.1787326581244643,2.6743010325760923,2.6743010325760923
0.05,8,0.57,-0.0777835261447437,0.0237228819143342,15.692702455631398,15.692702455631398
0.05,8,0.58,-0.0736591657414984,0.1351213909881612,-22.65417975621726,0.0
0.05,8,0.59,-0.0750810983249804,-0.4293607132100114,-26.237772071744313,0.0
0.05,8,0.6,-0.0822463800056986,-0.3896340504467255,20.866303430654483,20.866303430654483
0.05,8,0.61,-0.0828737793339149,-0.0120346445969214,17.96625467768257,17.96625467768257
0.05,8,0.62,-0.0824870728976371,-0.0303089568930738,-5.15075283273565,0.0
0.05,8,0.63,-0.0834799584717764,-0.1150497012516345,4.301691560341181,4.301691560341181
0.05,8,0.64,-0.0847880669226697,0.0557248743137499,5.851721456260199,5.851721456260199
0.05,8,0.65,-0.0823654609855014,0.0019847278735696,-8.633377389006057,0.0
0.05,8,0.66,-0.0847483723651983,-0.1169426734663714,3.7841761812494163,3.7841761812494163
0.05,8,0.67,-0.0847043144548288,0.077668251498558,-7.142994775554127,0.0
0.05,8,0.68,-0.0831950073352272,-0.2598025689774541,-20.208586645432355,0.0
0.05,8,0.69,-0.0899003658343778,-0.3265034814100902,19.211004298764784,19.211004298764784
0.05,8,0.7,-0.0897250769634289,0.1244175169978456,8.64414906933461,8.64414906933461
0.05,8,0.71,-0.0874120154944209,-0.1536205000233979,-2.0631473211559985,0.0
0.05,8,0.72,-0.0927974869638968,0.0831545705747256,23.785870825539426,23.785870825539426
0.05,8,0.73,-0.0857489240829264,0.322096916487391,-15.734536589945131,0.0
0.05,8,0.74,-0.086355548634149,-0.2315361612241773,-28.706814928201588,0.0
0.05,8,0.75,-0.0903796473074099,-0.2520393820766413,20.31094717913431,20.31094717913431
0.05,8,0.76,-0.0913963362756818,0.1746827823585093,16.118293141575826,16.118293141575826
0.05,8,0.77,-0.0868859916602397,0.0703264807548755,-13.962423461283834,0.0
0.05,8,0.78,-0.0899898066605843,-0.1045656868671676,9.481030854211252,9.481030854211252
0.05,8,0.79,-0.0889773053975831,0.2599470978391007,-2.047611533275038,0.0
0.05,8,0.8,-0.0847908647038023,-0.1455179175326684,-18.782227735511086,0.0
0.05,8,0.81,-0.0918876637482365,-0.1156974568711213,7.1139086260923285,7.1139086260923285
0.05,8,0.82,-0.0871048138412248,-0.0032397450108234,-9.357941570777264,0.0
0.05,8,0.83,-0.091952458648453,-0.3028562882866703,-4.438102304218502,0.0
0.05,8,0.84,-0.0931619396069582,-0.0920017910951935,26.753269370794648,26.753269370794648
0.05,8,0.85,-0.0937924944703569,0.2322090991292231,3.149392134764368,3.149392134764368
0.05,8,0.86,-0.0885177576243738,-0.0290139483999061,-20.596806130887988,0.0
0.05,8,0.87,-0.094372773438355,-0.179727023488537,9.319082255497547,9.319082255497547
0.05,8,0.88,-0.0921122980941445,0.157367696710045,3.8676723809313014,3.8676723809313014
0.05,8,0.89,-0.0912254195041541,-0.1023735758699109,-31.579322835875672,0.0
0.05,8,0.9,-0.0941597696115427,-0.474218760007469,-9.992845936194195,0.0
0.05,8,0.91,-0.1007097947043035,-0.302230494593795,44.706798483342915,44.706798483342915
0.05,8,0.92,-0.1002043795034186,0.4199172096593901,30.27955092695153,30.27955092695153
0.05,8,0.93,-0.0923114505111157,0.3033605239452361,-24.985330467815587,0.0
0.05,8,0.94,-0.0941371690245138,-0.0797893996969163,-21.700808288432164,0.0
0.05,8,0.95,-0.093907238505054,-0.1306556418234015,-6.406950741856569,0.0
0.05,8,0.96,-0.0967502818609819,-0.2079284145340478,21.447631433749752,21.447631433749752
0.05,8,0.97,-0.098065806795735,0.2982969868515939,14.747566470859688,14.747566470859688
0.05,8,0.98,-0.09078434212395,0.0870229148831462,-52.92060492264281,0.0
0.05,8,0.99,-0.0963253484980721,-0.7601151116012632,-52.657625033673185,0.0
0.05,8,1.0,-0.1059866443559753,-0.9661295857903184,-20.601447418905497,0.0
0.05,9,0.01,-0.0002861885156709,-0.0029684497998352,-0.20671412035242004,0.0
0.05,9,0.02,-0.0003158730136693,-0.0050355910033594,-0.4139996915848201,0.0
0.05,9,0.03,-0.0003869003357381,-0.0112484436315316,-0.9635312333785598,0.0
0.05,9,0.04,-0.0005408418862999,-0.0243062156709306,-1.4165550032613594,0.0
0.05,9,0.05,-0.0008730246491567,-0.0395795436967588,-1.7832625831835707,0.0
0.05,9,0.06,-0.0013324327602351,-0.059971467334602,-2.034968565324379,0.0
0.05,9,0.07,-0.0020724539958488,-0.0802789150032464,-2.40074536323021,0.0
0.05,9,0.08,-0.0029380110603,-0.1079863745992062,-2.333856929475207,0.0
0.05,9,0.09,-0.0042321814878329,-0.1269560535927505,-1.0528132036824207,0.0
0.05,9,0.1,-0.005477132132155,-0.1290426386728546,-0.8806570550427875,0.0
0.05,9,0.11,-0.00681303426129,-0.1445691946936062,-0.41339096813771015,0.0
0.05,9,0.12,-0.0083685160260272,-0.1373104580356088,-1.1667287698282056,0.0
0.05,9,0.13,-0.0095592434220022,-0.1679037700901704,-3.443698976477723,0.0
0.05,9,0.14,-0.0117265914278306,-0.2061844375651633,-2.409998910327623,0.0
0.05,9,0.15,-0.0136829321733054,-0.2161037482967229,-2.7679557223702957,0.0
0.05,9,0.16,-0.016048666393765,-0.2615435520125693,3.3452715461841134,3.3452715461841134
0.05,9,0.17,-0.0189138032135568,-0.1491983173730406,3.1421172114551332,3.1421172114551332
0.05,9,0.18,-0.0190326327412259,-0.1987012077834662,-1.9161778954588247,0.0
0.05,9,0.19,-0.0228878273692262,-0.1875218752822169,3.4747596435642025,3.4747596435642025
0.05,9,0.2,-0.0227830702468702,-0.1292060149121821,-2.7778137109528664,0.0
0.05,9,0.21,-0.0254719476674698,-0.2430781495012737,-3.0915608057135087,0.0
0.05,9,0.22,-0.0276446332368957,-0.1910372310264518,0.71412785937801,0.71412785937801
0.05,9,0.23,-0.0292926922879988,-0.2287955923137135,-11.459140478252113,0.0
0.05,9,0.24,-0.0322205450831699,-0.4202200405914935,-8.900212500337155,0.0
0.05,9,0.25,-0.0376970930998287,-0.4067998423204559,20.111281018390905,20.111281018390905
0.05,9,0.26,-0.0403565419295791,-0.017994420223675,18.646410366166194,18.646410366166194
0.05,9,0.27,-0.0380569815043022,-0.0338716349971317,-11.820125125967222,0.0
0.05,9,0.28,-0.0410339746295217,-0.2543969227430196,-17.51173188075962,0.0
0.05,9,0.29,-0.0431449199591626,-0.3841062726123239,-5.823528626898767,0.0
0.05,9,0.3,-0.0487161000817682,-0.370867495280994,13.497763252018558,13.497763252018558
0.05,9,0.31,-0.0505622698647825,-0.1141510075719525,11.408161339312631,11.408161339312631
0.05,9,0.32,-0.0509991202332072,-0.1427042684947412,6.719240163074405,6.719240163074405
0.05,9,0.33,-0.0534163552346773,0.0202337956895357,-3.2331900952440087,0.0
0.05,9,0.34,-0.0505944443194165,-0.2073680703996214,-10.444541123539242,0.0
0.05,9,0.35,-0.0575637166426697,-0.1886570267812501,8.448259455190655,8.448259455190655
0.05,9,0.36,-0.0543675848550415,-0.0384028812958079,-17.2755088159536,0.0
0.05,9,0.37,-0.0583317742685858,-0.5341672031003224,-1.4941106235543986,0.0
0.05,9,0.38,-0.0650509289170479,-0.0682850937668959,27.01769846549107,27.01769846549107
0.05,9,0.39,-0.0596974761439237,0.0061867662094994,-13.334818025923147,0.0
0.05,9,0.4,-0.0649271935928579,-0.3349814542853591,-5.7457244298603944,0.0
0.05,9,0.41,-0.0663971052296309,-0.1087277223877114,14.196693345655774,14.196693345655774
0.05,9,0.42,-0.0671017480406122,-0.0510475873722451,-1.1942674409825438,0.0
0.05,9,0.43,-0.0674180569770758,-0.1326130712073623,-1.818529814058543,0.0
0.05,9,0.44,-0.0697540094647594,-0.087418183653416,3.0526217050041975,3.0526217050041975
0.05,9,0.45,-0.0691664206501442,-0.0715606371072783,-2.256306830715933,0.0
0.05,9,0.46,-0.071185222206905,-0.1325443202677347,-3.795683742373776,0.0
0.05,9,0.47,-0.0718173070554989,-0.1474743119547539,7.838496733401314,7.838496733401314
0.05,9,0.48,-0.0741347084460001,0.0242256144002923,16.065077573340332,16.065077573340332
0.05,9,0.49,-0.071332794767493,0.173827239512053,-2.9368440553422177,0.0
0.05,9,0.5,-0.070658163655759,-0.0345112667065521,-24.26236269495805,0.0
0.05,9,0.51,-0.072023020101624,-0.3114200143871084,-0.9461693018630641,0.0
0.05,9,0.52,-0.0768865639435012,-0.0534346527438134,16.538485723368698,16.538485723368698
0.05,9,0.53,-0.0730917131565003,0.0193497000802658,-9.110054377159074,0.0
0.05,9,0.54,-0.0764995699418959,-0.235635740286995,-9.523737488173666,0.0
0.05,9,0.55,-0.0778044279622402,-0.1711250496832077,-4.912610377288493,0.0
0.05,9,0.56,-0.07992207093556,-0.333887947832765,12.02125328488134,12.02125328488134
0.05,9,0.57,-0.0844821869188955,0.0693000160144117,32.79018259796514,32.79018259796514
0.05,9,0.58,-0.0785360706152717,0.3219157041265332,-6.943576117705164,0.0
0.05,9,0.59,-0.0780438728363648,-0.0695715063396917,-23.686853607532463,0.0
0.05,9,0.6,-0.0799275007420655,-0.1518213680241165,-11.103979753980271,0.0
0.05,9,0.61,-0.0810803001968471,-0.2916511014192973,7.735924674990149,7.735924674990149
0.05,9,0.62,-0.0857605227704515,0.0028971254756866,26.115521676571916,26.115521676571916
0.05,9,0.63,-0.0810223576873334,0.2306593321121415,-2.9700700065666776,0.0
0.05,9,0.64,-0.0811473361282087,-0.056504274655647,-21.24919970280164,0.0
0.05,9,0.65,-0.0821524431804463,-0.1943246619438916,-4.870805378063896,0.0
0.05,9,0.66,-0.0850338293670865,-0.153920382216925,5.755701282570632,5.755701282570632
0.05,9,0.67,-0.0852308508247848,-0.0792106362924789,8.074895815680737,8.074895815680737
0.05,9,0.68,-0.0866180420929361,0.0075775340966899,6.877156908936052,6.877156908936052
0.05,9,0.69,-0.085079300142851,0.0583325018862419,-0.058661553788388276,0.0
0.05,9,0.7,-0.0854513920552113,0.006404303020921,-7.224568019554699,0.0
0.05,9,0.71,-0.0849512140824326,-0.0861588585048522,-9.958795722479847,0.0
0.05,9,0.72,-0.0871745692253083,-0.1927716114286761,7.782281594211269,7.782281594211269
0.05,9,0.73,-0.0888066463110061,0.0694867733793733,5.480627671423516,5.480627671423516
0.05,9,0.74,-0.0857848337577208,-0.0831590580002057,-3.0940389906217227,0.0
0.05,9,0.75,-0.0904698274710103,0.0076059935669388,11.864947204695738,11.864947204695738
0.05,9,0.76,-0.0856327138863821,0.1541398860937093,-18.64555130721584,0.0
0.05,9,0.77,-0.0873870297491361,-0.3653050325773783,-8.131410165851918,0.0
0.05,9,0.78,-0.0929388145379297,-0.0084883172233292,29.718223418680285,29.718223418680285
0.05,9,0.79,-0.0875567960936027,0.2290594357962279,-12.48753853364918,0.0
0.05,9,0.8,-0.0883576258220051,-0.258239087896313,-27.194613648986298,0.0
0.05,9,0.81,-0.0927215778515289,-0.3148328371834985,15.123434794357035,15.123434794357035
0.05,9,0.82,-0.094654282565675,0.0442296079908217,17.99184448762873,17.99184448762873
0.05,9,0.83,-0.0918369856917124,0.0450040525690704,-11.0734622182118,0.0
0.05,9,0.84,-0.0937542015142936,-0.1772396363734145,-16.615017339537875,0.0
0.05,9,0.85,-0.0953817784191807,-0.2872962942216874,2.612331692686838,2.612331692686838
0.05,9,0.86,-0.0995001273987274,-0.1249930025196777,17.845333233531214,17.845333233531214
0.05,9,0.87,-0.0978816384695743,0.0696103704489372,5.55671010459293,5.55671010459293
0.05,9,0.88,-0.0981079199897486,-0.013858800427819,-3.843408688247542,0.0
0.05,9,0.89,-0.0981588144781307,-0.0072578033160137,-1.5650266288384187,0.0
0.05,9,0.9,-0.0982530760560689,-0.0451593330045874,1.9127821510991283,1.9127821510991283
0.05,9,0.91,-0.0990620011382224,0.0309978397059689,-0.8651665672607192,0.0
0.05,9,0.92,-0.0976331192619495,-0.0624626643498018,-10.576065901015177,0.0
0.05,9,0.93,-0.1003112544252184,-0.1805234783143348,5.262079147829843,5.262079147829843
0.05,9,0.94,-0.1012435888282362,0.0427789186067908,12.59259760998675,12.59259760998675
0.05,9,0.95,-0.0994556760530826,0.0713284738853969,-13.143636681720743,0.0
0.05,9,0.96,-0.0998170193505283,-0.2200938150276243,-7.393373711928083,0.0
0.05,9,0.97,-0.1038575523536351,-0.0765390003531649,15.75106101633759,15.75106101633759
0.05,9,0.98,-0.1013477993575916,0.0949274052991278,-1.3192534433009038,0.0
0.05,9,0.99,-0.1019590042476525,-0.102924069219183,-11.982752736569825,0.0
0.05,9,1.0,-0.1034062807419752,-0.1447276494322689,-4.180358021308587,0.0
0.05,10,0.01,-0.00016285811283,-0.001488701117609,-0.12353495452586999,0.0
0.05,10,0.02,-0.0001777451240061,-0.0027240506628677,-0.2658406773777501,0.0
0.05,10,0.03,-0.0002173391260874,-0.006805514665164,-0.63308178510672,0.0
0.05,10,0.04,-0.0003138554173094,-0.0153856863650021,-1.1224447034878697,0.0
0.05,10,0.05,-0.0005250528533874,-0.0292544087349214,-1.6160043981413952,0.0
0.05,10,0.06,-0.0008989435920078,-0.04770577432783,-1.7766818942687197,0.0
0.05,10,0.07,-0.001479168339944,-0.0647880466202958,-1.6720205641454244,0.0
0.05,10,0.08,-0.0021947045244137,-0.0811461856107385,-2.2395529635352758,0.0
0.05,10,0.09,-0.0031020920521588,-0.1095791058910013,-1.8270720653432164,0.0
0.05,10,0.1,-0.0043862866422338,-0.1176876269176028,-1.6611322065699214,0.0
0.05,10,0.11,-0.0054558445905109,-0.1428017500223997,-1.5501536463993357,0.0
0.05,10,0.12,-0.0072423216426818,-0.1486906998455895,1.0932128873856124,1.0932128873856124
0.05,10,0.13,-0.0084296585874227,-0.1209374922746874,-1.5778693309357834,0.0
0.05,10,0.14,-0.0096610714881755,-0.1802480864643052,-8.603756955022217,0.0
0.05,10,0.15,-0.0120346203167088,-0.2930126313751315,-5.10991150101631,0.0
0.05,10,0.16,-0.0155213241156782,-0.282446316484631,8.351937702936658,8.351937702936658
0.05,10,0.17,-0.0176835466464014,-0.1259738773163982,7.3334471746449355,7.3334471746449355
0.05,10,0.18,-0.0180408016620061,-0.1357773729917319,-5.860319305470683,0.0
0.05,10,0.19,-0.020399094106236,-0.2431802634258121,-10.100413690046576,0.0
0.05,10,0.2,-0.0229044069305224,-0.3377856467926636,-2.2967214972097416,0.0
0.05,10,0.21,-0.0271548070420893,-0.2891146933700073,14.042824328050585,14.042824328050585
0.05,10,0.22,-0.0286867007979225,-0.0569291602316515,7.9108683534714075,7.9108683534714075
0.05,10,0.23,-0.0282933902467223,-0.130897326300579,-13.539468818272603,0.0
0.05,10,0.24,-0.0313046473239341,-0.3277185365971031,-8.276907462424157,0.0
0.05,10,0.25,-0.0348477609786644,-0.2964354755490614,1.6010550626914988,1.6010550626914988
0.05,10,0.26,-0.0372333568349153,-0.2956974353432731,5.356185890415672,5.356185890415672
0.05,10,0.27,-0.0407617096855298,-0.1893117577407479,3.637283059407272,3.637283059407272
0.05,10,0.28,-0.0410195919897303,-0.2229517741551276,2.99847210545314,2.99847210545314
0.05,10,0.29,-0.0452207451686324,-0.1293423156316859,7.88581719472643,7.88581719472643
0.05,10,0.3,-0.043606438302364,-0.0652354302605995,-3.134273730319892,0.0
0.05,10,0.31,-0.0465254537738444,-0.1920277902380838,10.152204691961021,10.152204691961021
0.05,10,0.32,-0.0474469941071256,0.1378086635786211,-4.35729265320594,0.0
0.05,10,0.33,-0.0437692805022719,-0.2791736433022027,-37.95971900502949,0.0
0.05,10,0.34,-0.0530304669731697,-0.6213857165219694,14.40724176216386,14.40724176216386
0.05,10,0.35,-0.0561969948327113,0.0089711919410686,32.47366812411978,32.47366812411978
0.05,10,0.36,-0.0528510431343483,0.0280876459604217,-18.41535891450723,0.0
0.05,10,0.37,-0.0556352419135029,-0.3593359863490764,-7.034166635388569,0.0
0.05,10,0.38,-0.0600377628613298,-0.1125956867473498,14.999745004254839,14.999745004254839
0.05,10,0.39,-0.0578871556484499,-0.0593410862639793,4.491819042998886,4.491819042998886
0.05,10,0.4,-0.0612245845866094,-0.022759305887372,8.07986356501861,8.07986356501861
0.05,10,0.41,-0.0583423417661973,0.1022561850363921,-5.53803387569749,0.0
0.05,10,0.42,-0.0591794608858816,-0.1335199834013236,-8.873730891177658,0.0
0.05,10,0.43,-0.0610127414342238,-0.0752184327871612,-1.6427341114058294,0.0
0.05,10,0.44,-0.0606838295416248,-0.1663746656294402,3.529235874544612,3.529235874544612
0.05,10,0.45,-0.0643402347468126,-0.0046337152962689,15.791951464871296,15.791951464871296
0.05,10,0.46,-0.0607765038475502,0.149464363667986,-18.376298053692235,0.0
0.05,10,0.47,-0.0613509474734529,-0.3721596763701091,-20.68561886519956,0.0
0.05,10,0.48,-0.0682196973749524,-0.264248013636001,10.54114462370236,10.54114462370236
0.05,10,0.49,-0.0666359077461729,-0.1613367838960617,6.593788513102008,6.593788513102008
0.05,10,0.5,-0.0714464330528737,-0.1323722433739607,6.56848308058657,6.56848308058657
0.05,10,0.51,-0.0692833526136521,-0.0299671222843302,1.8503517026232688,1.8503517026232688
0.05,10,0.52,-0.0720457754985603,-0.0953652093214953,-6.10531907594245,0.0
0.05,10,0.53,-0.071190656800082,-0.1520735038031793,1.2478952949574738,1.2478952949574738
0.05,10,0.54,-0.0750872455746239,-0.0704073034223458,14.034334314199924,14.034334314199924
0.05,10,0.55,-0.072598802868529,0.1286131824808194,-5.43095604980385,0.0
0.05,10,0.56,-0.0725149819250075,-0.1790264244184229,-10.01244384207799,0.0
0.05,10,0.57,-0.0761793313568973,-0.0716356943607441,12.614918824937957,12.614918824937957
0.05,10,0.58,-0.0739476958122223,0.0732719520803355,-9.954237985371195,0.0
0.05,10,0.59,-0.0747138923152906,-0.2707204540681682,-17.334852863891584,0.0
0.05,10,0.6,-0.0793621048935857,-0.2734251051974965,20.280643470678772,20.280643470678772
0.05,10,0.61,-0.0801823944192406,0.1348924153454076,18.15643508171443,18.15643508171443
0.05,10,0.62,-0.0766642565866775,0.0897035964367924,-15.625885821507573,0.0
0.05,10,0.63,-0.0783883224905047,-0.1776253010847441,-4.895844955280426,0.0
0.05,10,0.64,-0.0802167626083724,-0.0082133026688162,13.54387187628106,13.54387187628106
0.05,10,0.65,-0.078552588543881,0.0932521364408773,1.6909826558337988,1.6909826558337988
0.05,10,0.66,-0.0783517198795548,0.0256063504478598,-12.461143369579315,0.0
0.05,10,0.67,-0.0780404615349238,-0.1559707309507092,-16.36258865245988,0.0
0.05,10,0.68,-0.081471134498569,-0.3016454226013381,0.7869531089817539,0.7869531089817539
0.05,10,0.69,-0.0840733699869506,-0.1402316687710776,16.83582420122414,16.83582420122414
0.05,10,0.7,-0.0842757678739905,0.0350710614231433,16.756633498512294,16.756633498512294
0.05,10,0.71,-0.0833719487584877,0.1949010011991685,-8.038671634013143,0.0
0.05,10,0.72,-0.0803777478500072,-0.1257023712571197,-20.743572774110834,0.0
0.05,10,0.73,-0.0858859961836301,-0.2199704542830485,2.658674441924578,2.658674441924578
0.05,10,0.74,-0.0847771569356681,-0.0725288824186281,19.044709286755285,19.044709286755285
0.05,10,0.75,-0.0873365738320027,0.1609237314520575,19.172048625341567,19.172048625341567
0.05,10,0.76,-0.081558682306627,0.3109120900882036,-26.309294125451085,0.0
0.05,10,0.77,-0.0811183320302386,-0.3652621510569647,-29.832208388336014,0.0
0.05,10,0.78,-0.0888639253277663,-0.2857320776785172,27.56997691035516,27.56997691035516
0.05,10,0.79,-0.086832973583809,0.186137387150139,8.749128216123339,8.749128216123339
0.05,10,0.8,-0.0851411775847635,-0.1107495133560503,-14.839423213682483,0.0
0.05,10,0.81,-0.08904796385093,-0.1106510771235109,5.616608360240468,5.616608360240468
0.05,10,0.82,-0.0873541991272338,0.0015826538487573,-1.4582470598246458,0.0
0.05,10,0.83,-0.0890163107739549,-0.1398160183200065,-2.445148892536858,0.0
0.05,10,0.84,-0.0901505194936339,-0.0473203240019799,16.45102156788847,16.45102156788847
0.05,10,0.85,-0.0899627172539945,0.1892044130377632,-2.3884991584148776,0.0
0.05,10,0.86,-0.0863664312328786,-0.0950903071702775,-26.671638479764255,0.0
0.05,10,0.87,-0.0918645233974,-0.3442283565575224,5.80618343366334,5.80618343366334
0.05,10,0.88,-0.0932509983640291,0.0210333615029894,26.40883680579902,26.40883680579902
0.05,10,0.89,-0.0914438561673402,0.1839483795584584,-4.679393063248757,0.0
0.05,10,0.9,-0.0895720307728599,-0.0725544997619858,-20.446570017974324,0.0
0.05,10,0.91,-0.09289494616258,-0.2249830208010284,-1.1113275238867586,0.0
0.05,10,0.92,-0.0940716911888805,-0.094781050239721,8.171843422239663,8.171843422239663
0.05,10,0.93,-0.0947905671673744,-0.061546152356235,9.844850222140014,9.844850222140014
0.05,10,0.94,-0.0953026142360052,0.1021159542030769,-6.71010883898604,0.0
0.05,10,0.95,-0.0927482480833128,-0.1957483291359603,-11.944014578194189,0.0
0.05,10,0.96,-0.0992175808187244,-0.1367643373608071,12.423661783892898,12.423661783892898
0.05,10,0.97,-0.0954835348305289,0.0527249065418979,-5.9876543973223795,0.0
0.05,10,0.98,-0.0981630826878864,-0.2565174253072548,4.276766578433877,4.276766578433877
0.05,10,0.99,-0.100613883336674,0.1382602381105755,38.90589832035856,38.90589832035856
0.05,10,1.0,-0.0953978779256749,0.521600541099917,38.33403029893412,38.33403029893412
0.05,11,0.01,-0.0002414687567142,-0.0044585662519517,-0.24867698880599004,0.0
0.05,11,0.02,-0.0002860544192337,-0.0069453361400116,-0.5446297037331103,0.0
0.05,11,0.03,-0.0003803754795144,-0.0153511603266139,-1.0494971139173952,0.0
0.05,11,0.04,-0.000593077625766,-0.0279352784183595,-1.299392987286395,0.0
0.05,11,0.05,-0.0009390810478816,-0.0413390200723418,-1.4831324465654452,0.0
0.05,11,0.06,-0.0014198580272128,-0.0575979273496684,-2.0455323547574844,0.0
0.05,11,0.07,-0.002091039594875,-0.0822496671674915,-1.544737630602349,0.0
0.05,11,0.08,-0.0030648513705627,-0.0884926799617154,-0.6298717331280557,0.0
0.05,11,0.09,-0.0038608931941093,-0.0948471018300526,-1.5524381347229133,0.0
0.05,11,0.1,-0.0049617934071637,-0.1195414426561737,-2.5034319406554806,0.0
0.05,11,0.11,-0.0062517220472328,-0.1449157406431622,-1.5740890852395806,0.0
0.05,11,0.12,-0.007860108220027,-0.1510232243609653,0.4775916861623193,0.4775916861623193
0.05,11,0.13,-0.0092721865344521,-0.1353639069199158,-1.7249167665809741,0.0
0.05,11,0.14,-0.0105673863584253,-0.1855215596925848,-4.705527175126027,0.0
0.05,11,0.15,-0.0129826177283038,-0.2294744504224363,-1.072751565437926,0.0
0.05,11,0.16,-0.015156875366874,-0.2069765910013431,5.288096219191051,5.288096219191051
0.05,11,0.17,-0.0171221495483306,-0.1237125260386152,5.0446385412462185,5.0446385412462185
0.05,11,0.18,-0.0176311258876463,-0.1060838201764186,-6.751115708273736,0.0
0.05,11,0.19,-0.019243825951859,-0.2587348402040903,-5.101223708202086,0.0
0.05,11,0.2,-0.0228058226917281,-0.2081082943404604,7.651174605687554,7.651174605687554
0.05,11,0.21,-0.0234059918386682,-0.1057113480903395,-5.548308078512159,0.0
0.05,11,0.22,-0.0249200496535349,-0.3190744559107044,-12.967038712534084,0.0
0.05,11,0.23,-0.0297874809568823,-0.3650521223410214,14.273879601691604,14.273879601691604
0.05,11,0.24,-0.0322210921003553,-0.0335968638768735,17.087902093362068,17.087902093362068
0.05,11,0.25,-0.0304594182344198,-0.0232940804737811,-15.973500782089268,0.0
0.05,11,0.26,-0.032686973709831,-0.3530668795186591,-12.349905302777643,0.0
0.05,11,0.27,-0.037520755824793,-0.2702921865293342,3.2957451618938354,3.2957451618938354
0.05,11,0.28,-0.0380928174404176,-0.2871519762807824,4.5624658101213615,4.5624658101213615
0.05,11,0.29,-0.0432637953504086,-0.1790428703269078,18.428029350687417,18.428029350687417
0.05,11,0.3,-0.0416736748469558,0.0814086107329661,2.8756940296938076,2.8756940296938076
0.05,11,0.31,-0.0416356231357492,-0.1215289897330316,-16.991796938801823,0.0
0.05,11,0.32,-0.0441042546416164,-0.2584273280430706,-8.101711080125797,0.0
0.05,11,0.33,-0.0468041696966107,-0.2835632113355477,4.2689686882016975,4.2689686882016975
0.05,11,0.34,-0.0497755188683274,-0.1730479542790366,5.389006339505986,5.389006339505986
0.05,11,0.35,-0.0502651287821914,-0.1757830845454275,2.2933974456932065,2.2933974456932065
0.05,11,0.36,-0.0532911805592359,-0.1271800053651723,7.855065481662497,7.855065481662497
0.05,11,0.37,-0.0528087288894949,-0.0186817749121774,-7.488304311327673,0.0
0.05,11,0.38,-0.0536648160574795,-0.2769460915917259,-9.024127974534862,0.0
0.05,11,0.39,-0.0583476507213294,-0.1991643344028748,10.10238117337096,10.10238117337096
0.05,11,0.4,-0.057648102745537,-0.0748984681243065,9.696306833124748,9.696306833124748
0.05,11,0.41,-0.0598456200838155,-0.0052381977403799,1.076257784306435,1.076257784306435
0.05,11,0.42,-0.0577528667003446,-0.0533733124381785,-15.207659709750388,0.0
0.05,11,0.43,-0.060913086332579,-0.3093913919353879,3.554625342587097,3.554625342587097
0.05,11,0.44,-0.0639406945390523,0.0177191944135635,22.79053008772356,22.79053008772356
0.05,11,0.45,-0.0605587024443078,0.1464192098190837,-8.870991844508646,0.0
0.05,11,0.46,-0.0610123103426706,-0.1597006424766096,-9.703828590806282,0.0
0.05,11,0.47,-0.06375271529384,-0.0476573619970439,-8.761995153281923,0.0
0.05,11,0.48,-0.0619654575826115,-0.33494054554225,-11.26480913689764,0.0
0.05,11,0.49,-0.070451526204685,-0.2729535447349969,29.47272995296161,29.47272995296161
0.05,11,0.5,-0.0674245284773114,0.2545140535169827,15.968491160291935,15.968491160291935
0.05,11,0.51,-0.0653612451343453,0.0464162784708421,-17.79784016271946,0.0
0.05,11,0.52,-0.0664962029078946,-0.1014427497374068,-10.449221287870076,0.0
0.05,11,0.53,-0.0673901001290934,-0.1625681472865596,-1.6955599341508032,0.0
0.05,11,0.54,-0.0697475658536258,-0.1353539484204229,0.35170944360385015,0.35170944360385015
0.05,11,0.55,-0.0700971790975019,-0.1555339584144826,-4.378422824589797,0.0
0.05,11,0.56,-0.0728582450219154,-0.2229224049122189,9.299116051248685,9.299116051248685
0.05,11,0.57,-0.0745556271957463,0.0304483626104867,-0.5780948414380749,0.0
0.05,11,0.58,-0.0722492777697057,-0.2344843017409861,-14.066872023541226,0.0
0.05,11,0.59,-0.079245313230566,-0.2508890778603381,14.415075549211473,14.415075549211473
0.05,11,0.6,-0.0772670593269124,0.0538172092432436,8.376079419444377,8.376079419444377
0.05,11,0.61,-0.0781689690457011,-0.0833674894714504,-4.383323626764226,0.0
0.05,11,0.62,-0.0789344091163414,-0.033849263292041,8.777173122284061,8.777173122284061
0.05,11,0.63,-0.0788459543115419,0.092175972974231,2.8524710970636926,2.8524710970636926
0.05,11,0.64,-0.0770908896568568,0.0232001586492329,-7.082134640690219,0.0
0.05,11,0.65,-0.0783819511385573,-0.0494667198395735,-2.4459490254060174,0.0
0.05,11,0.66,-0.0780802240536483,-0.0257188218588875,-0.10830199883157965,0.0
0.05,11,0.67,-0.078896327575735,-0.0516327598162051,-5.08244634957326,0.0
0.05,11,0.68,-0.0791128792499724,-0.1273677488503528,-0.8843846062149607,0.0
0.05,11,0.69,-0.081443682552742,-0.0693204519405057,2.110039464702016,2.110039464702016
0.05,11,0.7,-0.0804992882887825,-0.0851669595563135,-0.05618660364156991,0.0
0.05,11,0.71,-0.0831470217438683,-0.0704441840133371,8.250010256825508,8.250010256825508
0.05,11,0.72,-0.0819081719690492,0.0798332455801968,-13.822796079074918,0.0
0.05,11,0.73,-0.0815503568322644,-0.3469001055948357,-9.086418338082442,0.0
0.05,11,0.74,-0.0888461740809459,-0.1018951211814522,31.833960970327503,31.833960970327503
0.05,11,0.75,-0.0835882592558934,0.2897791138117149,4.924988870646226,4.924988870646226
0.05,11,0.76,-0.0830505918047117,-0.0033953437685276,-25.583579633102158,0.0
0.05,11,0.77,-0.083656166131264,-0.2218924788503287,-8.731462796302477,0.0
0.05,11,0.78,-0.0874884413817182,-0.1780245996945773,27.28372222142108,27.28372222142108
0.05,11,0.79,-0.0872166581251555,0.3237819655780933,13.70139391483648,13.70139391483648
0.05,11,0.8,-0.0810128020701563,0.0960032786021525,-32.56396333672506,0.0
0.05,11,0.81,-0.0852965925531125,-0.3274973011564084,-6.487459669795852,0.0
0.05,11,0.82,-0.0875627480932845,-0.0337459147937719,16.376038342113514,16.376038342113514
0.05,11,0.83,-0.0859715108489879,2.346568585753772e-05,-2.4995716557870473,0.0
0.05,11,0.84,-0.0875622787795673,-0.0837373479095129,-6.602032192619406,0.0
0.05,11,0.85,-0.0876462578071781,-0.1320171781665307,-0.34449343313495984,0.0
0.05,11,0.86,-0.090202622342898,-0.0906272165722121,3.280301050543822,3.280301050543822
0.05,11,0.87,-0.0894588021386224,-0.0664111571556542,-12.464137669649922,0.0
0.05,11,0.88,-0.0915308454860111,-0.3399099699652108,3.0772448214999524,3.0772448214999524
0.05,11,0.89,-0.0962570015379266,-0.0048662607256551,29.98447661688971,29.98447661688971
0.05,11,0.9,-0.0916281707005242,0.259779562372584,-9.315897069398806,0.0
0.05,11,0.91,-0.0910614102904749,-0.1911842021136314,-17.01373834520619,0.0
0.05,11,0.92,-0.0954518547427968,-0.0804952045315401,8.701464148441703,8.701464148441703
0.05,11,0.93,-0.0926713143811057,-0.0171549191447972,10.13836937929224,10.13836937929224
0.05,11,0.94,-0.0957949531256927,0.1222721830543029,-3.542896288427322,0.0
0.05,11,0.95,-0.0902258707200196,-0.0880128449133472,4.043246799966572,4.043246799966572
0.05,11,0.96,-0.0975552100239596,0.2031371190536344,10.281727649641846,10.281727649641846
0.05,11,0.97,-0.0861631283389469,0.1176217080794899,-43.15675775404984,0.0
0.05,11,0.98,-0.0952027758623698,-0.6599980360273632,-13.592331535290453,0.0
0.05,11,0.99,-0.0993630890594942,-0.1542249226263194,38.37897552435799,38.37897552435799
0.05,11,1.0,-0.0982872743148962,0.1075814744597973,26.180639708611647,26.180639708611647
0.05,12,0.01,-0.0001610101616976,-0.0025261092469756,-0.2576182760489,0.0
0.05,12,0.02,-0.0001862712541674,-0.0051022920074646,-0.5058185022249502,0.0
0.05,12,0.03,-0.0002630560018469,-0.0126424792914746,-0.9821587614710401,0.0
0.05,12,0.04,-0.0004391208399969,-0.0247454672368854,-1.6193406039026148,0.0
0.05,12,0.05,-0.0007579653465846,-0.0450292913695269,-2.1386293875294804,0.0
0.05,12,0.06,-0.0013397066673874,-0.067518054987475,-1.972725783215005,0.0
0.05,12,0.07,-0.0021083264463341,-0.084483807033827,-2.2856375309724304,0.0
0.05,12,0.08,-0.0030293828080639,-0.1132308056069236,-2.4421117505528755,0.0
0.05,12,0.09,-0.0043729425584726,-0.1333260420448845,-1.7815633357133898,0.0
0.05,12,0.1,-0.0056959036489616,-0.1488620723211914,-2.233369768906952,0.0
0.05,12,0.11,-0.0073501840048964,-0.1779934374230235,-3.193669496932152,0.0
0.05,12,0.12,-0.0092557723974221,-0.2127354622598344,4.344280339071033,4.344280339071033
0.05,12,0.13,-0.0116048932500931,-0.0911078306416026,1.9571228159635972,1.9571228159635972
0.05,12,0.14,-0.0110779290102541,-0.1735930059405624,-13.1933700650305,0.0
0.05,12,0.15,-0.0150767533689043,-0.3549752319422122,-5.176754437238538,0.0
0.05,12,0.16,-0.0181774336490984,-0.2771280946853324,5.77029805726184,5.77029805726184
0.05,12,0.17,-0.020619315262611,-0.2395692707969753,8.471997098507137,8.471997098507137
0.05,12,0.18,-0.0229688190650379,-0.10768815271519,-3.3477500766045463,0.0
0.05,12,0.19,-0.0227730783169148,-0.3065242723290671,-10.663562163169495,0.0
0.05,12,0.2,-0.0290993045116192,-0.3209593959785801,2.875666939624937,2.875666939624937
0.05,12,0.21,-0.0291922662364864,-0.2490109335365686,2.3297728276969103,2.3297728276969103
0.05,12,0.22,-0.0340795231823506,-0.2743639394246422,9.950492176871442,9.950492176871442
0.05,12,0.23,-0.0346795450249792,-0.0500010899991396,0.37387551926061136,0.37387551926061136
0.05,12,0.24,-0.0350795449823334,-0.2668864290394288,-21.29919556213771,0.0
0.05,12,0.25,-0.0400172736057678,-0.4759850012418936,3.168144134930982,3.168144134930982
0.05,12,0.26,-0.0445992450071713,-0.2035235463408091,28.990209584154726,28.990209584154726
0.05,12,0.27,-0.044087744532584,0.1038191904412015,0.7897559448139599,0.7897559448139599
0.05,12,0.28,-0.0425228611983473,-0.1877284274445299,-22.027328126422518,0.0
0.05,12,0.29,-0.0478423130814746,-0.3367273720872488,-1.780166248753595,0.0
0.05,12,0.3,-0.0492574086400922,-0.2233317524196003,-10.240804486936778,0.0
0.05,12,0.31,-0.0523089481298666,-0.5415434618259845,-3.062188138884478,0.0
0.05,12,0.32,-0.0600882778766119,-0.2845755151972899,46.47071529444973,46.47071529444973
0.05,12,0.33,-0.0580004584338124,0.387870844063011,13.224665417687328,13.224665417687328
0.05,12,0.34,-0.0523308609953517,-0.0200822068435431,-47.090269117535414,0.0
0.05,12,0.35,-0.0584021025706832,-0.5539345382876948,-8.130415054905102,0.0
0.05,12,0.36,-0.0634095517611056,-0.1826905079416398,24.983649209495344,24.983649209495344
0.05,12,0.37,-0.062055912729516,-0.0542615540977875,3.7367110019480707,3.7367110019480707
0.05,12,0.38,-0.0644947828430613,-0.1079562879026783,-9.222560493444737,0.0
0.05,12,0.39,-0.0642150384875695,-0.2387127639666824,2.112884013994589,2.112884013994589
0.05,12,0.4,-0.069269038122395,-0.0656986076227865,12.011322931766887,12.011322931766887
0.05,12,0.41,-0.0655290106400253,0.0015136946686555,5.338141462651468,5.338141462651468
0.05,12,0.42,-0.0692387642290219,0.0410642216302425,-0.5005928624674996,0.0
0.05,12,0.43,-0.0647077262074205,-0.0084981625806945,-15.891871023817039,0.0
0.05,12,0.44,-0.0694087274806358,-0.2767731988460986,-11.015257431028216,0.0
0.05,12,0.45,-0.0702431901843424,-0.228803311201259,8.510111673082235,8.510111673082235
0.05,12,0.46,-0.073984793704661,-0.1065709653844537,13.839316906657768,13.839316906657768
0.05,12,0.47,-0.0723746094920315,0.0479830269318957,6.380792424830353,6.380792424830353
0.05,12,0.48,-0.0730251331660231,0.0210448831121521,-10.148735631010561,0.0
0.05,12,0.49,-0.0719537118297885,-0.1549916856883157,-0.6915127810820845,0.0
0.05,12,0.5,-0.0761249668797894,0.0072146274905104,6.84296140641742,6.84296140641742
0.05,12,0.51,-0.0718094192799783,-0.0181324575599672,-19.343779219173875,0.0
0.05,12,0.52,-0.0764876160309888,-0.3796609568929674,5.074640530214816,5.074640530214816
0.05,12,0.53,-0.0794026384178376,0.0833603530443292,28.599587614789932,28.599587614789932
0.05,12,0.54,-0.0748204089701022,0.1923307954028317,-20.24494316093351,0.0
0.05,12,0.55,-0.075556022509781,-0.3215385101743413,-20.248517809086522,0.0
0.05,12,0.56,-0.081251179173589,-0.2126395607788991,19.693395091502147,19.693395091502147
0.05,12,0.57,-0.079808813725359,0.0723293916556979,10.16430430057354,10.16430430057354
0.05,12,0.58,-0.0798045913404751,-0.0093534747674333,-9.708557223235212,0.0
0.05,12,0.59,-0.0799958832207077,-0.1218417528090065,-9.277508988687238,0.0
0.05,12,0.6,-0.0822414263966552,-0.1949036545411782,3.527827994262117,3.527827994262117
0.05,12,0.61,-0.0838939563115313,-0.0512851929237641,8.141640250288269,8.141640250288269
0.05,12,0.62,-0.0832671302551305,-0.0320708495354127,7.969787450890868,7.969787450890868
0.05,12,0.63,-0.0845353733022395,0.1081105560940534,-2.6351534488417077,0.0
0.05,12,0.64,-0.0811049191332494,-0.0847739185122469,-10.005032849019447,0.0
0.05,12,0.65,-0.0862308516724845,-0.0919901008863357,-0.4377442827061948,0.0
0.05,12,0.66,-0.0829447211509761,-0.0935288041663708,3.414411326765607,3.414411326765607
0.05,12,0.67,-0.0881014277558119,-0.0237018743510235,12.90215414390395,12.90215414390395
0.05,12,0.68,-0.0834187586379966,0.1645142787117084,-0.12057190353606106,0.0
0.05,12,0.69,-0.0848111421815776,-0.0261133124217405,-7.12582789778494,0.0
0.05,12,0.7,-0.0839410248864314,0.0219977207560129,-5.5778304163104995,0.0
0.05,12,0.71,-0.0843711877664574,-0.1376699207479506,-4.649934046920506,0.0
0.05,12,0.72,-0.0866944233013904,-0.0710009601823973,3.7061253520805657,3.7061253520805657
0.05,12,0.73,-0.0857912069701053,-0.0635474137063392,-6.285033056806625,0.0
0.05,12,0.74,-0.0879653715755172,-0.1967016213185299,2.4095068949065532,2.4095068949065532
0.05,12,0.75,-0.0897252393964759,-0.0153572758082081,14.697288172242722,14.697288172242722
0.05,12,0.76,-0.0882725170916814,0.0972441421263248,-0.41627605208915963,0.0
0.05,12,0.77,-0.0877803565539494,-0.0236827968499913,-14.381626087454688,0.0
0.05,12,0.78,-0.0887461730286812,-0.1903883796227692,-10.692236839343296,0.0
0.05,12,0.79,-0.0915881241464048,-0.2375275336368574,7.153028177239305,7.153028177239305
0.05,12,0.8,-0.0934967237014183,-0.047327816077983,17.67032994285545,17.67032994285545
0.05,12,0.81,-0.0925346804679645,0.1158790652202519,0.170934919528551,0.170934919528551
0.05,12,0.82,-0.0911791423970133,-0.0439091176874084,-8.733114724860366,0.0
0.05,12,0.83,-0.0934128628217127,-0.058783229276953,11.5052831278155,11.5052831278155
0.05,12,0.84,-0.0923548069825524,0.1861965448689018,6.203292187686665,6.203292187686665
0.05,12,0.85,-0.0896889319243346,0.0652826144767804,-22.49873840706973,0.0
0.05,12,0.86,-0.0910491546930168,-0.2637782232724932,-7.746838388230018,0.0
0.05,12,0.87,-0.0949644963897845,-0.0896541532878201,9.52043846519345,9.52043846519345
0.05,12,0.88,-0.0928422377587732,-0.073369453968624,4.631756491671881,4.631756491671881
0.05,12,0.89,-0.096431885469157,0.0029809765456176,7.495230669064179,7.495230669064179
0.05,12,0.9,-0.0927826182278608,0.0765351594126597,-17.78192365954794,0.0
0.05,12,0.91,-0.0949011822809038,-0.3526574966453415,0.9691452409873698,0.9691452409873698
0.05,12,0.92,-0.0998357681607677,0.0959180642324071,24.850411275814754,24.850411275814754
0.05,12,0.93,-0.0929828209962557,0.144350728870954,-21.078153202252754,0.0
0.05,12,0.94,-0.0969487535833485,-0.3256449998126403,-10.91307817371301,0.0
0.05,12,0.95,-0.0994957209925084,-0.0739108346032972,36.73674054804873,36.73674054804873
0.05,12,0.96,-0.0984269702754144,0.409089811148335,11.842754341750156,11.842754341750156
0.05,12,0.97,-0.0913139247695417,0.1629442522317061,-32.06017042122948,0.0
0.05,12,0.98,-0.0951680852307803,-0.2321135972762551,-19.45602696598943,0.0
0.05,12,0.99,-0.0959561967150668,-0.2261762870880828,-7.071391423562666,0.0
0.05,12,1.0,-0.0996916109725419,-0.3735414257475086,-14.736513865942566,0.0
0.05,13,0.01,-0.00062574954619,-0.0057633584041738,-0.40857222833941,0.0
0.05,13,0.02,-0.0006833831302317,-0.0098490806875679,-0.7735312452342953,0.0
0.05,13,0.03,-0.0008227311599413,-0.0212339833088597,-1.38901695326371,0.0
0.05,13,0.04,-0.0011080627964089,-0.0376294197528421,-1.7429179807395498,0.0
0.05,13,0.05,-0.0015753195549982,-0.0560923429236507,-1.9587132471232458,0.0
0.05,13,0.06,-0.0022299096548819,-0.076803684695307,-2.4148348128774693,0.0
0.05,13,0.07,-0.0031113932489043,-0.1043890391812001,-1.7981777374600982,0.0
0.05,13,0.08,-0.0043176904385059,-0.112767239444509,-0.9813621565875756,0.0
0.05,13,0.09,-0.0053667380377945,-0.1240162823129516,-2.2022404847199324,0.0
0.05,13,0.1,-0.006798016084765,-0.1568120491389077,-3.3571782834294392,0.0
0.05,13,0.11,-0.0085029790205727,-0.1911598479815404,0.05511054766839507,0.05511054766839507
0.05,13,0.12,-0.0106212130443958,-0.1557098381855398,2.9908108379836404,2.9908108379836404
0.05,13,0.13,-0.0116171757842835,-0.1313436312218676,-4.088210921997426,0.0
0.05,13,0.14,-0.0132480856688331,-0.2374740566254884,-4.794931262483857,0.0
0.05,13,0.15,-0.0163666569167932,-0.227242256471545,-1.5729871435218943,0.0
0.05,13,0.16,-0.017792930798264,-0.2689337994959264,-1.988050673200318,0.0
0.05,13,0.17,-0.0217453329067118,-0.2670032699355514,7.60847927669605,7.60847927669605
0.05,13,0.18,-0.0231329961969751,-0.1167642139620059,-1.448250274962465,0.0
0.05,13,0.19,-0.0240806171859519,-0.2959682754348016,-10.081080967161288,0.0
0.05,13,0.2,-0.0290523617056711,-0.3183858333052318,16.0016176913397,16.0016176913397
0.05,13,0.21,-0.0304483338520565,0.0240640783919912,0.9674978257877012,0.9674978257877012
0.05,13,0.22,-0.0285710801378313,-0.2990358767894796,-22.878802434458002,0.0
0.05,13,0.23,-0.0364290513878461,-0.4335119702971692,10.949247906221213,10.949247906221213
0.05,13,0.24,-0.0372413195437747,-0.0800509186650568,8.514288362734911,8.514288362734911
0.05,13,0.25,-0.0380300697611473,-0.2632262030424726,-8.048287471389363,0.0
0.05,13,0.26,-0.0425058436046241,-0.2410166680928442,6.459767170677438,6.459767170677438
0.05,13,0.27,-0.0428504031230041,-0.1340308596289237,7.225592224481663,7.225592224481663
0.05,13,0.28,-0.0451864607972026,-0.0965048236032108,-5.871923811410417,0.0
0.05,13,0.29,-0.0447804995950684,-0.2514693358571307,2.0639354575966173,2.0639354575966173
0.05,13,0.3,-0.0502158475143452,-0.0552261144512766,3.8801805182751874,3.8801805182751874
0.05,13,0.31,-0.0458850218840939,-0.1738657254916269,-12.925669654346484,0.0
0.05,13,0.32,-0.0536931620241778,-0.3137395075382065,-0.2868809034761295,0.0
0.05,13,0.33,-0.052159812034858,-0.1796033435611495,10.699920997086,10.699920997086
0.05,13,0.34,-0.0572852288954008,-0.0997410875964863,9.646596811182741,9.646596811182741
0.05,13,0.35,-0.0541546337867878,0.0133285926625048,-15.049078458786505,0.0
0.05,13,0.36,-0.0570186570421507,-0.4007226567722188,-14.387246675204262,0.0
0.05,13,0.37,-0.0621690869222322,-0.2744163408415807,22.735556906052445,22.735556906052445
0.05,13,0.38,-0.0625069838589823,0.0539884813488305,8.29044251615673,8.29044251615673
0.05,13,0.39,-0.0610893172952556,-0.1086074905184459,-15.818771431432072,0.0
0.05,13,0.4,-0.0646791336693513,-0.2623869472798112,-6.607257510075414,0.0
0.05,13,0.41,-0.0663370562408518,-0.2407526407199549,15.295630474461472,15.295630474461472
0.05,13,0.42,-0.0694941864837504,0.0435256622094191,11.43870552477281,11.43870552477281
0.05,13,0.43,-0.0654665429966634,-0.0119785302244985,-18.211017476824814,0.0
0.05,13,0.44,-0.0697337570882403,-0.3206946873270775,3.5772831478525173,3.5772831478525173
0.05,13,0.45,-0.071880436743205,0.0595671327325519,17.6450929105495,17.6450929105495
0.05,13,0.46,-0.0685424144335893,0.0322071708839128,-1.7665984929239278,0.0
0.05,13,0.47,-0.0712362933255267,0.0242351628740733,-16.611643320867824,0.0
0.05,13,0.48,-0.0680577111761078,-0.3000256955334448,-25.889089979323952,0.0
0.05,13,0.49,-0.0772368072361956,-0.4935466367124062,32.98284114682376,32.98284114682376
0.05,13,0.5,-0.0779286439103559,0.359631127403031,25.096547275182623,25.096547275182623
0.05,13,0.51,-0.070044184688135,0.0083843087912467,-21.42155757727777,0.0
0.05,13,0.52,-0.077760957734531,-0.0688000241425248,3.670420988642717,3.670420988642717
0.05,13,0.53,-0.0714201851709855,0.0817927285641011,-17.648439002284995,0.0
0.05,13,0.54,-0.076125103163249,-0.421768804188225,-6.032641040423814,0.0
0.05,13,0.55,-0.07985556125475,-0.0388600922443753,27.341840468230444,27.341840468230444
0.05,13,0.56,-0.0769023050081365,0.1250680051763844,-6.691757783750397,0.0
0.05,13,0.57,-0.0773542011512222,-0.1726952479193775,-10.206789536447198,0.0
0.05,13,0.58,-0.0803562099665241,-0.0790677855525543,14.730423941024576,14.730423941024576
0.05,13,0.59,-0.0789355568622733,0.1219132309011143,0.19206190171943005,0.19206190171943005
0.05,13,0.6,-0.0779179453485018,-0.0752265475181657,-12.062631714414069,0.0
0.05,13,0.61,-0.0804400878126366,-0.1193394033871673,-5.372797833739581,0.0
0.05,13,0.62,-0.0803047334162451,-0.1826825041929574,4.49288689761289,4.49288689761289
0.05,13,0.63,-0.0840937378964958,-0.0294816654349094,8.912563519840328,8.912563519840328
0.05,13,0.64,-0.0808943667249433,-0.0044312337961507,-12.937082551229375,0.0
0.05,13,0.65,-0.0841823625724188,-0.2882233164594971,3.375315587352062,3.375315587352062
0.05,13,0.66,-0.0866588330541333,0.0630750779508906,17.086617890540026,17.086617890540026
0.05,13,0.67,-0.082920861013401,0.0535090413513037,-14.212890991452674,0.0
0.05,13,0.68,-0.0855886522271072,-0.2211827418781631,-1.7541085064136124,0.0
0.05,13,0.69,-0.0873445158509642,0.0184268712230259,14.224931323635865,14.224931323635865
0.05,13,0.7,-0.0852201148026466,0.0633158845945507,0.982890179474749,0.982890179474749
0.05,13,0.71,-0.0860781981590732,0.0380846748125209,-8.937775083862343,0.0
0.05,13,0.72,-0.0844584213063962,-0.1154396170826963,-9.089033368761777,0.0
0.05,13,0.73,-0.0883869905007272,-0.1436959925627148,-5.2485706028805055,0.0
0.05,13,0.74,-0.0873323411576505,-0.2204110291403065,4.851310389717467,4.851310389717467
0.05,13,0.75,-0.0927952110835333,-0.0466697847683654,17.291405144956666,17.291405144956666
0.05,13,0.76,-0.0882657368530178,0.1254170737588271,-11.5858758188001,0.0
0.05,13,0.77,-0.0902868696083567,-0.2783873011443676,-12.632888993592745,0.0
0.05,13,0.78,-0.0938334828759052,-0.127240706113028,20.201398263479113,20.201398263479113
0.05,13,0.79,-0.0928316837306173,0.125640664125215,21.12250645049463,21.12250645049463
0.05,13,0.8,-0.0913206695934009,0.2952094228968649,-6.821057821760668,0.0
0.05,13,0.81,-0.08692749527268,-0.0107804923099985,-38.02040197928912,0.0
0.05,13,0.82,-0.0915362794396008,-0.4651986166889124,-16.217573470024146,0.0
0.05,13,0.83,-0.0962314676064582,-0.3351319617104735,52.40355123027625,52.40355123027625
0.05,13,0.84,-0.0982389186738102,0.5828724079166134,21.188104194298216,21.188104194298216
0.05,13,0.85,-0.084574019448126,0.0886301221754912,-50.45610481413428,0.0
0.05,13,0.86,-0.0964663162303004,-0.4262496883660729,5.362521489934345,5.362521489934345
0.05,13,0.87,-0.0930990132154474,0.1958805519741782,18.915282405814686,18.915282405814686
0.05,13,0.88,-0.0925487051908168,-0.0479440402497788,-9.031027439475052,0.0
0.05,13,0.89,-0.094057894020443,0.015260003184677,-4.379214133069581,0.0
0.05,13,0.9,-0.0922435051271233,-0.1355283229111705,-19.16812418506029,0.0
0.05,13,0.91,-0.0967684604786664,-0.3681024805165291,0.25698215809941516,0.25698215809941516
0.05,13,0.92,-0.0996055547374539,-0.1303886797491822,39.080713873994725,39.080713873994725
0.05,13,0.93,-0.0993762340736501,0.4135117969633661,5.628459499453228,5.628459499453228
0.05,13,0.94,-0.0913353187981867,-0.0178194897601073,-30.175276832576273,0.0
0.05,13,0.95,-0.0997326238688524,-0.1899937396881537,-8.914675942616942,0.0
0.05,13,0.96,-0.0951351935919497,-0.1961130086124463,1.4267110133769467,1.4267110133769467
0.05,13,0.97,-0.1036548840411013,-0.1614595194206147,18.654908670349165,18.654908670349165
0.05,13,0.98,-0.0983643839803621,0.1769851647945373,7.02461250413395,7.02461250413395
0.05,13,0.99,-0.1001151807452106,-0.0209672693379356,-2.192001349277768,0.0
0.05,13,1.0,-0.0987837293671208,0.1331451378089819,15.411240714691738,15.411240714691738
0.05,14,0.01,-0.0016515419170864,-0.0112769470888004,-0.47535373302533995,0.0
0.05,14,0.02,-0.0017643113879744,-0.0160304844190538,-0.8420686118127704,0.0
0.05,14,0.03,-0.0019721516054675,-0.0281183193250558,-1.3551218094635802,0.0
0.05,14,0.04,-0.0023266777744756,-0.0431329206083254,-1.5516971531636194,0.0
0.05,14,0.05,-0.002834810017634,-0.0591522623883282,-1.7676838948955602,0.0
0.05,14,0.06,-0.0035097230222421,-0.0784865985062366,-1.9447568120415846,0.0
0.05,14,0.07,-0.0044045419877588,-0.0980473986291599,-1.4404568532019346,0.0
0.05,14,0.08,-0.0054706709948253,-0.1072957355702753,-1.30146224848645,0.0
0.05,14,0.09,-0.0065504566991643,-0.1240766435988889,-1.7307867392364384,0.0
0.05,14,0.1,-0.0079522038668031,-0.1419114703550041,-0.6414814396477135,0.0
0.05,14,0.11,-0.0093886861062644,-0.1369062723918432,0.5259363398591308,0.5259363398591308
0.05,14,0.12,-0.01069032931464,-0.1313927435578215,-2.7261496927943396,0.0
0.05,14,0.13,-0.0120165409774208,-0.1914292662477301,-0.4344378733663241,0.0
0.05,14,0.14,-0.0145189146395946,-0.140081501025148,2.127060623927923,2.127060623927923
0.05,14,0.15,-0.0148181709979238,-0.1488880537691715,-7.77734160632078,0.0
0.05,14,0.16,-0.017496675714978,-0.2956283331515639,-4.739626619943415,0.0
0.05,14,0.17,-0.020730737660955,-0.2436805861680399,4.368750089844999,4.368750089844999
0.05,14,0.18,-0.0223702874383388,-0.2082533313546639,1.526675602218301,1.526675602218301
0.05,14,0.19,-0.0248958042880483,-0.213147074123674,1.5351262059806832,1.5351262059806832
0.05,14,0.2,-0.0266332289208123,-0.1775508072350502,4.700133272054166,4.700133272054166
0.05,14,0.21,-0.0284468204327493,-0.1191444086825908,-1.220376200795343,0.0
0.05,14,0.22,-0.0290161170944641,-0.2019583312509574,-9.687676882176756,0.0
0.05,14,0.23,-0.0324859870577685,-0.3128979463261261,-4.697175714361773,0.0
0.05,14,0.24,-0.0352740760209866,-0.2959018455381932,6.543532648053512,6.543532648053512
0.05,14,0.25,-0.0384040239685323,-0.1820272933650557,8.588621191216479,8.588621191216479
0.05,14,0.26,-0.0389146218882878,-0.1241294217138635,9.996778396626825,9.996778396626825
0.05,14,0.27,-0.0408866124028096,0.017908274567481,7.698224765700833,7.698224765700833
0.05,14,0.28,-0.0385564563969381,0.0298350736001533,-14.98656917812545,0.0
0.05,14,0.29,-0.0402899109308065,-0.2818231089950256,-6.973632554046958,0.0
0.05,14,0.3,-0.0441929185768387,-0.1096375774807829,-3.214453960765626,0.0
0.05,14,0.31,-0.0424826624804222,-0.3461121882103382,-12.214683005851036,0.0
0.05,14,0.32,-0.0511151623410454,-0.3539312375978038,13.744496065769717,13.744496065769717
0.05,14,0.33,-0.0495612872323783,-0.0712222668949436,5.604854053988001,5.604854053988001
0.05,14,0.34,-0.0525396076789443,-0.2418341565180437,-5.1966243717393015,0.0
0.05,14,0.35,-0.0543979703627391,-0.1751547543297307,15.042449861991237,15.042449861991237
0.05,14,0.36,-0.0560427027655389,0.0590148407217814,11.295429858956052,11.295429858956052
0.05,14,0.37,-0.0532176735483035,0.0507538428493905,-16.437624120855926,0.0
0.05,14,0.38,-0.0550276259085511,-0.2697376416953374,-18.723126382033776,0.0
0.05,14,0.39,-0.0586124263822102,-0.3237086847912853,1.769702117981554,1.769702117981554
0.05,14,0.4,-0.0615017996043768,-0.2343435993357063,20.544973424285132,20.544973424285132
0.05,14,0.41,-0.0632992983689244,0.0871907836944152,17.385475628251278,17.385475628251278
0.05,14,0.42,-0.0597579839304885,0.113365913229317,-16.691760961907548,0.0
0.05,14,0.43,-0.061031980104338,-0.246644435543736,-11.909932740265361,0.0
0.05,14,0.44,-0.0646908726413632,-0.1248327415759904,13.387343716999064,13.387343716999064
0.05,14,0.45,-0.0635286349358578,0.0211024387962455,5.8823448998484205,5.8823448998484205
0.05,14,0.46,-0.0642688238654383,-0.0071858435790219,-12.31509036645005,0.0
0.05,14,0.47,-0.0636723518074383,-0.225199368532754,-4.35195741336149,0.0
0.05,14,0.48,-0.0687728112360934,-0.0942249918462496,5.076622047021989,5.076622047021989
0.05,14,0.49,-0.0655568516443633,-0.1236669275923141,-7.334183715538884,0.0
0.05,14,0.5,-0.0712461497879397,-0.2409086661570274,8.941214298086308,8.941214298086308
0.05,14,0.51,-0.0703750249675038,0.0551573583694122,4.862223188698996,4.862223188698996
0.05,14,0.52,-0.0701430026205515,-0.1436642023830474,-12.417220609711274,0.0
0.05,14,0.53,-0.0732483090151648,-0.1931870538248135,1.9079251896095828,1.9079251896095828
0.05,14,0.54,-0.0740067436970477,-0.1055056985908557,13.510349818390043,13.510349818390043
0.05,14,0.55,-0.0753584229869819,0.0770199425429876,9.607402924994522,9.607402924994522
0.05,14,0.56,-0.072466344846188,0.0866423599090349,-5.926703031037318,0.0
0.05,14,0.57,-0.0736255757888011,-0.0415141180777567,-10.4315837402651,0.0
0.05,14,0.58,-0.0732966272077431,-0.1219893148962656,-3.023229143251677,0.0
0.05,14,0.59,-0.0760653620867265,-0.1019787009427903,-0.5214075014214883,0.0
0.05,14,0.6,-0.0753362012265989,-0.1324174649246954,-1.3186912759868044,0.0
0.05,14,0.61,-0.0787137113852204,-0.1283525264625264,2.4499443487079073,2.4499443487079073
0.05,14,0.62,-0.0779032517558494,-0.0834185779505372,4.406066844203786,4.406066844203786
0.05,14,0.63,-0.0803820829442311,-0.0402311895784506,0.5575918134571842,0.5575918134571842
0.05,14,0.64,-0.0787078755474184,-0.0722667416813935,-1.3068338548419787,0.0
0.05,14,0.65,-0.081827417777859,-0.0663678666752902,-1.655027359803538,0.0
0.05,14,0.66,-0.0800352328809242,-0.1053672888774643,0.11886261262987485,0.11886261262987485
0.05,14,0.67,-0.0839347635554083,-0.0639906144226927,10.60016469586376,10.60016469586376
0.05,14,0.68,-0.0813150451693781,0.1066360050398111,3.2004433424610053,3.2004433424610053
0.05,14,0.69,-0.081802043454612,1.825242653019643e-05,-5.99187344501962,0.0
0.05,14,0.7,-0.0813146801208475,-0.0132014638605797,-4.013487417614886,0.0
0.05,14,0.71,-0.0820660727318236,-0.0802514959257676,-4.728975927537956,0.0
0.05,14,0.72,-0.0829197100393629,-0.1077809824113389,1.4138619834149337,1.4138619834149337
0.05,14,0.73,-0.0842216923800504,-0.0519742562574689,-3.985776284340486,0.0
0.05,14,0.74,-0.0839591951645122,-0.1874965080981487,4.722207267453036,4.722207267453036
0.05,14,0.75,-0.0879716225420134,0.0424698890915919,12.022080316541423,12.022080316541423
0.05,14,0.76,-0.0831097973826804,0.05294509823268,-3.508182934409812,0.0
0.05,14,0.77,-0.0869127205773598,-0.0276937695966044,2.869408840282432,2.869408840282432
0.05,14,0.78,-0.0836636727746125,0.1103332750383287,-6.083145988072174,0.0
0.05,14,0.79,-0.0847060550765932,-0.149356689358048,2.2148398119878046,2.2148398119878046
0.05,14,0.8,-0.0866508065617734,0.1546300712780848,23.874660809062238,23.874660809062238
0.05,14,0.81,-0.0816134536510315,0.3281365268231972,-27.84276438748639,0.0
0.05,14,0.82,-0.0800880760253095,-0.4022252164716304,-37.86686165441198,0.0
0.05,14,0.83,-0.0896579579804642,-0.4292007062650311,18.20463810420406,18.20463810420406
0.05,14,0.84,-0.0886720901506101,-0.0381324543875489,12.46270041306551,12.46270041306551
0.05,14,0.85,-0.0904206070682152,-0.1799466980037207,-9.815206635662301,0.0
0.05,14,0.86,-0.0922710241106845,-0.2344365871007951,13.15569869165277,13.15569869165277
0.05,14,0.87,-0.0951093388102311,0.0831672758293349,26.138877701420355,26.138877701420355
0.05,14,0.88,-0.0906076785940978,0.2883409669276124,-5.97394881347796,0.0
0.05,14,0.89,-0.0893425194716788,-0.0363117004402244,-23.018185786067512,0.0
0.05,14,0.9,-0.0913339126029023,-0.1720227487937382,-2.622308049319243,0.0
0.05,14,0.91,-0.0927829744475536,-0.0887578614266093,2.265857123825562,2.265857123825562
0.05,14,0.92,-0.0931090698314345,-0.1267056063172269,2.5654450116790777,2.5654450116790777
0.05,14,0.93,-0.0953170865738981,-0.0374489611930277,19.466828822494204,19.466828822494204
0.05,14,0.94,-0.0938580490552951,0.262630970132653,-2.702634312294899,0.0
0.05,14,0.95,-0.0900644671712451,-0.0915016474389327,-18.947305030787014,0.0
0.05,14,0.96,-0.0956880820040737,-0.1163151304830876,6.196778505722454,6.196778505722454
0.05,14,0.97,-0.0923907697809068,0.0324339226755165,-7.681986809887178,0.0
0.05,14,0.98,-0.0950394035505634,-0.2699548666808313,-15.68596782410883,0.0
0.05,14,0.99,-0.0977898671145235,-0.2812854338066604,-0.8784822268241399,0.0
0.05,14,1.0,-0.1006651122266966,-0.2875245112173141,-0.623907741065371,0.0
0.05,15,0.01,-0.0002845016395413,-0.0045943396705742,-0.34177556427690997,0.0
0.05,15,0.02,-0.000330445036247,-0.0080120953133433,-0.7283685157750903,0.0
0.05,15,0.03,-0.0004447435458082,-0.019161709986076,-1.4877483854695153,0.0
0.05,15,0.04,-0.0007136792359686,-0.0377670630227336,-2.1329152590673495,0.0
0.05,15,0.05,-0.0012000848062628,-0.061820015167423,-2.492629942321086,0.0
0.05,15,0.06,-0.001950079539317,-0.0876196618691553,-2.0822099032053094,0.0
0.05,15,0.07,-0.002952478043646,-0.1034642132315292,-2.2843509439276968,0.0
0.05,15,0.08,-0.0040193638039476,-0.1333066807477092,-3.584851722370911,0.0
0.05,15,0.09,-0.0056186116586001,-0.1751612476789474,-2.817424904839724,0.0
0.05,15,0.1,-0.0075225887575266,-0.1896551788445037,0.0032618502965711116,0.0032618502965711116
0.05,15,0.11,-0.0094117152354902,-0.175096010673016,2.169552900358017,2.169552900358017
0.05,15,0.12,-0.0110245089709869,-0.1462641208373434,-1.636217665520661,0.0
0.05,15,0.13,-0.0123369976522371,-0.2078203639834294,-7.207138046069778,0.0
0.05,15,0.14,-0.0151809162506555,-0.2904068817587391,-3.68755355521669,0.0
0.05,15,0.15,-0.0181451352874119,-0.2815714350877634,4.010557996410256,4.010557996410256
0.05,15,0.16,-0.0208123449524107,-0.2101957218305338,7.823112916252913,7.823112916252913
0.05,15,0.17,-0.0223490497240225,-0.125109176762705,-3.2838619047395436,0.0
0.05,15,0.18,-0.0233145284876648,-0.275872959925324,-11.395887151041492,0.0
0.05,15,0.19,-0.027866508922529,-0.3530269197835345,9.562865608401754,9.562865608401754
0.05,15,0.2,-0.0303750668833355,-0.0846156477572888,9.46410153158425,9.46410153158425
0.05,15,0.21,-0.0295588218776748,-0.1637448891518487,-11.846792181863016,0.0
0.05,15,0.22,-0.0336499646663725,-0.3215514913945492,-13.230644076984532,0.0
0.05,15,0.23,-0.0359898517055658,-0.4283577706915396,7.1261364273822885,7.1261364273822885
0.05,15,0.24,-0.0422171200802033,-0.1790287628469045,15.407993383097407,15.407993383097407
0.05,15,0.25,-0.0395704269625039,-0.1201979030295921,-5.9085586254823355,0.0
0.05,15,0.26,-0.0446210781407952,-0.2971999353565513,2.038962761433693,2.038962761433693
0.05,15,0.27,-0.0455144256696349,-0.0794186478009182,5.862284755615695,5.862284755615695
0.05,15,0.28,-0.0462094510968135,-0.1799542402442373,-6.989728689423533,0.0
0.05,15,0.29,-0.0491135104745196,-0.2192132215893889,9.154091605876154,9.154091605876154
0.05,15,0.3,-0.0505937155286013,0.0031275918732869,-3.106394147769784,0.0
0.05,15,0.31,-0.0490509586370539,-0.2813411045447846,-19.26154144079111,0.0
0.05,15,0.32,-0.056220537619497,-0.3821032369425357,12.243311034832926,12.243311034832926
0.05,15,0.33,-0.0566930233759046,-0.0364748838481259,15.518638928380708,15.518638928380708
0.05,15,0.34,-0.0569500352964595,-0.0717304583749212,-1.8954000610958697,0.0
0.05,15,0.35,-0.058127632543403,-0.0743828850700434,-10.325639087841104,0.0
0.05,15,0.36,-0.0584376929978604,-0.278243240131744,-7.572564712761633,0.0
0.05,15,0.37,-0.0636924973460379,-0.2258341793252762,20.096643624366763,20.096643624366763
0.05,15,0.38,-0.0629543765843659,0.1236896323555916,5.16327877175661,5.16327877175661
0.05,15,0.39,-0.0612187046989261,-0.1225686038901439,-21.171220666787654,0.0
0.05,15,0.4,-0.0654057486621688,-0.2997347809801618,7.324807733008318,7.324807733008318
0.05,15,0.41,-0.0672134003185293,0.0239275507700194,11.071643711942146,11.071643711942146
0.05,15,0.42,-0.0649271976467684,-0.0783019067413217,-17.722452183214383,0.0
0.05,15,0.43,-0.0687794384533557,-0.3305214928942686,10.175059469466717,10.175059469466717
0.05,15,0.44,-0.0715376275046538,0.1251992826480128,15.130406237209215,15.130406237209215
0.05,15,0.45,-0.0662754528003955,-0.027913368150084,-12.886140209500613,0.0
0.05,15,0.46,-0.0720958948676554,-0.1325235215419997,-4.8135054919195035,0.0
0.05,15,0.47,-0.0689259232312355,-0.1241834779884745,-2.811787771454175,0.0
0.05,15,0.48,-0.074579564427425,-0.1887592769710835,11.016168552176762,11.016168552176762
0.05,15,0.49,-0.0727011087706572,0.0961398930550609,12.499227206620784,12.499227206620784
0.05,15,0.5,-0.0726567665663238,0.0612252671613324,0.16281195705101492,0.16281195705101492
0.05,15,0.51,-0.0714766034274305,0.0993961321960812,-20.265540951208674,0.0
0.05,15,0.52,-0.0706688439224021,-0.3440855518628414,-10.363261925631827,0.0
0.05,15,0.53,-0.0783583144646874,-0.1078691063165555,13.151730555975265,13.151730555975265
0.05,15,0.54,-0.0728262260487332,-0.0810509407433359,-14.413096888961386,0.0
0.05,15,0.55,-0.0799793332795541,-0.3961310440957835,8.167157276953237,8.167157276953237
0.05,15,0.56,-0.0807488469306489,0.082292204795729,20.11301798721133,20.11301798721133
0.05,15,0.57,-0.0783334891836395,0.0061293156484474,1.077508646146593,1.077508646146593
0.05,15,0.58,-0.08062626061768,0.1038423777186627,-0.6760971718966894,0.0
0.05,15,0.59,-0.0762566416292663,-0.0073926277894864,-10.68990958258154,0.0
0.05,15,0.6,-0.0807741131734698,-0.1099558139329683,3.043260833026942,3.043260833026942
0.05,15,0.61,-0.0784557579079257,0.0534725888710525,2.340373110152378,2.340373110152378
0.05,15,0.62,-0.0797046613960487,-0.0631483517299207,-2.4450965281796977,0.0
0.05,15,0.63,-0.0797187249425241,0.0045706583074585,-4.80227072387213,0.0
0.05,15,0.64,-0.0796132482298995,-0.1591937662073634,-14.630167005839953,0.0
0.05,15,0.65,-0.0829026002666713,-0.2880326818093408,8.513415402473333,8.513415402473333
0.05,15,0.66,-0.0853739018660864,0.0110745418421034,15.793096721808267,15.793096721808267
0.05,15,0.67,-0.0826811094298293,0.0278292526268248,-5.03291522205415,0.0
0.05,15,0.68,-0.0848173168135499,-0.0895837625989797,0.30499669458499556,0.30499669458499556
0.05,15,0.69,-0.0844727846818089,0.033929186518522,2.305917028474972,2.305917028474972
0.05,15,0.7,-0.0841387330831794,-0.0434654220294827,-4.3845057115414665,0.0
0.05,15,0.71,-0.0853420931223985,-0.0537609277123074,-1.7182194487189038,0.0
0.05,15,0.72,-0.0852139516374256,-0.0778298110038608,-4.013529174285058,0.0
0.05,15,0.73,-0.0868986893424758,-0.1340315111980086,0.104988108517865,0.104988108517865
0.05,15,0.74,-0.0878945818613857,-0.0757300488335035,5.914019409730731,5.914019409730731
0.05,15,0.75,-0.0884132903191458,-0.0157511230033939,0.5761366589870143,0.5761366589870143
0.05,15,0.76,-0.0882096043214536,-0.0642073156537632,20.664801775152398,20.664801775152398
0.05,15,0.77,-0.0896974366322211,0.3975449124996544,10.945805199185521,10.945805199185521
0.05,15,0.78,-0.0802587060714605,0.1547087883299474,-44.490920065040875,0.0
0.05,15,0.79,-0.0866032608656221,-0.4922734888011639,-13.085759984155384,0.0
0.05,15,0.8,-0.0901041758474838,-0.1070064113531605,20.232274977372125,20.232274977372125
0.05,15,0.81,-0.0887433890926853,-0.087627989253721,-7.707003904365909,0.0
0.05,15,0.82,-0.0918567356325582,-0.2611464894404758,12.986134451055772,12.986134451055772
0.05,15,0.83,-0.0939663188814948,0.1720946997674,14.786885001912372,14.786885001912372
0.05,15,0.84,-0.0884148416372102,0.0345912105977719,-15.087292726284247,0.0
0.05,15,0.85,-0.0932744946695394,-0.1296511547582852,1.3365033914703741,1.3365033914703741
0.05,15,0.86,-0.0910078647323759,0.0613212784271794,-4.9932966989079945,0.0
0.05,15,0.87,-0.0920480691009958,-0.2295170887364452,2.063898701138543,2.063898701138543
0.05,15,0.88,-0.0955982065071048,0.1025992524499503,18.162892466734995,18.162892466734995
0.05,15,0.89,-0.0899960840519968,0.133740760598255,-24.47377743223786,0.0
0.05,15,0.9,-0.0929233912951397,-0.3868762961948073,-10.281029156551101,0.0
0.05,15,0.91,-0.097733609975893,-0.0718798225327672,18.844838186006047,18.844838186006047
0.05,15,0.92,-0.094360987745795,-0.009979532474686,0.4663579884548694,0.4663579884548694
0.05,15,0.93,-0.0979332006253867,-0.0625526627636698,7.528762869477383,7.528762869477383
0.05,15,0.94,-0.0956120410010685,0.1405957249148581,8.329508994387856,8.329508994387856
0.05,15,0.95,-0.0951212861270895,0.1040375171240839,-10.879862457724196,0.0
0.05,15,0.96,-0.0935312906585868,-0.077001524239626,-7.383894680625539,0.0
0.05,15,0.97,-0.0966613166118821,-0.043640376488427,1.8362261689144335,1.8362261689144335
0.05,15,0.98,-0.0944040981883553,-0.0402770008613373,-13.411605428160234,0.0
0.05,15,0.99,-0.0974668566291088,-0.3118724850516319,-13.859606258328942,0.0
0.05,15,1.0,-0.100641547889388,-0.3174691260279164,-0.5596640976284479,0.0
0.05,16,0.01,-0.0016322393766613,-0.0112494900861034,-0.4879003587759601,0.0
0.05,16,0.02,-0.0017447342775223,-0.016128493673863,-0.8245630411693051,0.0
0.05,16,0.03,-0.0019548092501385,-0.0277407509094895,-1.3256381411568954,0.0
0.05,16,0.04,-0.0022995492957121,-0.0426412564970009,-1.6008352326603095,0.0
0.05,16,0.05,-0.0028076343800786,-0.0597574555626957,-1.8648297401930156,0.0
0.05,16,0.06,-0.003494698406966,-0.0799378513008612,-2.0018609839017447,0.0
0.05,16,0.07,-0.0044063914060958,-0.0997946752407306,-1.3225735174536895,0.0
0.05,16,0.08,-0.0054905919117806,-0.106389321649935,-1.548617890259206,0.0
0.05,16,0.09,-0.0065341778390945,-0.1307670330459147,-3.4825936989525923,0.0
0.05,16,0.1,-0.0081059325726989,-0.1760411956289869,-1.9960230043731704,0.0
0.05,16,0.11,-0.0100550017516742,-0.1706874931333782,2.0069753540205157,2.0069753540205157
0.05,16,0.12,-0.0115196824353665,-0.1359016885485766,0.565021477535943,0.565021477535943
0.05,16,0.13,-0.0127730355226458,-0.1593870635826594,-4.678444404507715,0.0
0.05,16,0.14,-0.0147074237070197,-0.229470576638731,-4.153253290970668,0.0
0.05,16,0.15,-0.0173624470554204,-0.2424521294020729,0.05504246444183103,0.05504246444183103
0.05,16,0.16,-0.0195564662950611,-0.2283697273498943,2.0874374669479483,2.0874374669479483
0.05,16,0.17,-0.0219298416024183,-0.2007033800631139,3.5246134845464585,3.5246134845464585
0.05,16,0.18,-0.0235705338963234,-0.1578774576589652,-4.108894015795485,0.0
0.05,16,0.19,-0.0250873907555976,-0.282881260379024,-4.645989264421021,0.0
0.05,16,0.2,-0.0292281591039039,-0.2507972429473857,5.2183735376716776,5.2183735376716776
0.05,16,0.21,-0.0301033356145453,-0.1785137896255906,0.8199287697482536,0.8199287697482536
0.05,16,0.22,-0.0327984348964157,-0.234398667552421,8.33726232772982,8.33726232772982
0.05,16,0.23,-0.0347913089655937,-0.0117685430709941,3.889059795448267,3.889059795448267
0.05,16,0.24,-0.0330338057578356,-0.1566174716434547,-17.7555410811894,0.0
0.05,16,0.25,-0.0379236583984628,-0.3668793646947821,-2.6115608467872535,0.0
0.05,16,0.26,-0.0403713930517313,-0.2088486885791998,10.571450997288892,10.571450997288892
0.05,16,0.27,-0.0421006321700468,-0.1554503447490041,4.801649083921785,4.801649083921785
0.05,16,0.28,-0.0434803999467113,-0.112815706900764,-13.422559086290699,0.0
0.05,16,0.29,-0.0443569463080621,-0.4239015264748156,-4.31847239394827,0.0
0.05,16,0.3,-0.0519584304762077,-0.1991851547797263,26.41945814653221,26.41945814653221
0.05,16,0.31,-0.0483406494036567,0.1044876364558291,-0.7365238793010747,0.0
0.05,16,0.32,-0.0498686777470911,-0.2139156323657478,-14.674713280445832,0.0
0.05,16,0.33,-0.0526189620509716,-0.1890066291530878,4.566162621594236,4.566162621594236
0.05,16,0.34,-0.0536488103301529,-0.122592379933863,2.241381090221429,2.241381090221429
0.05,16,0.35,-0.0550708096496489,-0.1441790073486588,7.4775992420906165,7.4775992420906165
0.05,16,0.36,-0.056532390477126,0.0269596049079501,0.5878293193907194,0.5878293193907194
0.05,16,0.37,-0.0545316175514899,-0.1324224209608444,-13.116381257428738,0.0
0.05,16,0.38,-0.0591808388963429,-0.2353680202406249,4.720324773723856,4.720324773723856
0.05,16,0.39,-0.0592389779563024,-0.0380159254863672,4.159366311195307,4.159366311195307
0.05,16,0.4,-0.0599411574060703,-0.1521806940167187,-13.24264352234991,0.0
0.05,16,0.41,-0.0622825918366367,-0.3028687959333647,2.486565496101197,2.486565496101197
0.05,16,0.42,-0.0659985333247376,-0.1024493840946929,13.807357073613282,13.807357073613282
0.05,16,0.43,-0.0643315795185306,-0.0267216544610988,3.0173651887317874,3.0173651887317874
0.05,16,0.44,-0.0665329664139596,-0.0421020803200571,-3.456860663151292,0.0
0.05,16,0.45,-0.0651736211249317,-0.0958588677241247,-7.287313419376668,0.0
0.05,16,0.46,-0.068450143768442,-0.1878483487075906,8.83333193375817,8.83333193375817
0.05,16,0.47,-0.0689305880990835,0.0808077709510364,7.301523838023218,7.301523838023218
0.05,16,0.48,-0.0668339883494213,-0.0418178719471287,-10.525582248306787,0.0
0.05,16,0.49,-0.0697669455380261,-0.1297038740150995,-2.7789272919247683,0.0
0.05,16,0.5,-0.0694280658297233,-0.0973964177856241,4.976940195078016,4.976940195078016
0.05,16,0.51,-0.0717148738937386,-0.0301650701135391,17.734045122721078,17.734045122721078
0.05,16,0.52,-0.0700313672319941,0.2572844846687978,-12.863176318095627,0.0
0.05,16,0.53,-0.0665691842003626,-0.2874285964754519,-34.70330884673717,0.0
0.05,16,0.54,-0.0757799391615031,-0.4367816922659462,14.615935954366261,14.615935954366261
0.05,16,0.55,-0.0753048180456816,0.0048901226118736,13.0823676769389,13.0823676769389
0.05,16,0.56,-0.0756821367092657,-0.175134338727168,-5.446571960468487,0.0
0.05,16,0.57,-0.0788075048202249,-0.1040413165974984,9.604004562168047,9.604004562168047
0.05,16,0.58,-0.0777629630412156,0.0169457525161926,-1.770803462438833,0.0
0.05,16,0.59,-0.078468589769901,-0.1394573858462751,-1.190222326058804,0.0
0.05,16,0.6,-0.0805521107581411,-0.0068586940049835,19.64665736925904,19.64665736925904
0.05,16,0.61,-0.0786057636500007,0.253475761538906,-3.424168297200197,0.0
0.05,16,0.62,-0.075482595527363,-0.0753420599489875,-27.319299822333516,0.0
0.05,16,0.63,-0.0801126048489804,-0.2929102349077648,10.347649610998241,10.347649610998241
0.05,16,0.64,-0.0813408002255183,0.1316109322709775,15.368197875302865,15.368197875302865
0.05,16,0.65,-0.0774803862035609,0.0144537225982928,-12.25654595350621,0.0
0.05,16,0.66,-0.0810517257735524,-0.1135199867991469,-2.028978558173828,0.0
0.05,16,0.67,-0.0797507859395438,-0.0261258485651838,-6.529221884219845,0.0
0.05,16,0.68,-0.0815742427448561,-0.2441044244835439,-4.360800356296317,0.0
0.05,16,0.69,-0.0846328744292147,-0.1133418556911136,11.445259015209121,11.445259015209121
0.05,16,0.7,-0.0838410798586783,-0.0151992441793629,6.858271394470604,6.858271394470604
0.05,16,0.71,-0.0849368593128019,0.0238235721982986,4.489673221053616,4.489673221053616
0.05,16,0.72,-0.0833646084147123,0.0745942202417095,-4.328213761527912,0.0
0.05,16,0.73,-0.0834449749079677,-0.0627407030322597,-10.697930336205346,0.0
0.05,16,0.74,-0.0846194224753575,-0.1393643864823976,-5.82222669163008,0.0
0.05,16,0.75,-0.0862322626376157,-0.1791852368648614,2.166095685700629,2.166095685700629
0.05,16,0.76,-0.0882031272126548,-0.096042472768385,7.448240738712904,7.448240738712904
0.05,16,0.77,-0.0881531120929834,-0.0302204220906032,5.004612641935315,5.004612641935315
0.05,16,0.78,-0.0888075356544668,0.0040497800703214,3.8601151001651868,3.8601151001651868
0.05,16,0.79,-0.088072116491577,0.0469818799127006,-17.62854003525918,0.0
0.05,16,0.8,-0.0878678980562128,-0.3485210206348625,-9.847808928995226,0.0
0.05,16,0.81,-0.0950425369042742,-0.1499742986672041,33.30365646066638,33.30365646066638
0.05,16,0.82,-0.090867384029557,0.3175521085784591,4.9713968056542175,4.9713968056542175
0.05,16,0.83,-0.0886914947327051,-0.0505463625541295,-17.664967597322544,0.0
0.05,16,0.84,-0.0918783112806396,-0.0357472433679921,-1.292273577679829,0.0
0.05,16,0.85,-0.089406439600065,-0.0763918341077261,-6.252759041300889,0.0
0.05,16,0.86,-0.0934061479627941,-0.16080242419401,-3.2715370913607376,0.0
0.05,16,0.87,-0.0926224880839452,-0.1418225759349409,1.0196479794362086,1.0196479794362086
0.05,16,0.88,-0.096242599481493,-0.1404094646052858,5.230364684737891,5.230364684737891
0.05,16,0.89,-0.0954306773760509,-0.037215282240183,15.184336492437495,15.184336492437495
0.05,16,0.9,-0.0969869051262966,0.1632772652434644,11.041553351325806,11.041553351325806
0.05,16,0.91,-0.0921651320711816,0.1836157847863333,-25.91088909800036,0.0
0.05,16,0.92,-0.0933145894305699,-0.3549405167165433,-15.245049599089349,0.0
0.05,16,0.93,-0.0992639424055124,-0.1212852071954539,22.29197561154534,22.29197561154534
0.05,16,0.94,-0.0957402935744791,0.0908989955143617,1.0675084358604146,1.0675084358604146
0.05,16,0.95,-0.0974459624952253,-0.0999350384782502,-8.892153604457619,0.0
0.05,16,0.96,-0.0977389943440441,-0.0869440765747908,16.675026271338943,16.675026271338943
0.05,16,0.97,-0.0991848440267211,0.233565486948529,2.2558645592531925,2.2558645592531925
0.05,16,0.98,-0.0930676846050735,-0.0418267853897269,-25.635859815481346,0.0
0.05,16,0.99,-0.1000213797345157,-0.2791517093610984,8.944643980587193,8.944643980587193
0.05,16,1.0,-0.0986507187922955,0.1370660942220171,41.62178035831151,41.62178035831151
0.05,17,0.01,-0.0001886645862086,-0.0019556523009856,-0.15375075152008,0.0
0.05,17,0.02,-0.0002082211092185,-0.0034931598161864,-0.31685403329154516,0.0
0.05,17,0.03,-0.0002585277825323,-0.0082927329668165,-0.7033167062710249,0.0
0.05,17,0.04,-0.0003740757685548,-0.0175594939416069,-1.2157588409956994,0.0
0.05,17,0.05,-0.0006097176613645,-0.0326079097867305,-1.6259020781008555,0.0
0.05,17,0.06,-0.0010262339642894,-0.050077535503624,-1.7129093939745947,0.0
0.05,17,0.07,-0.001611268371437,-0.0668660976662224,-1.8399078755456602,0.0
0.05,17,0.08,-0.0023635559176139,-0.0868756930145372,-2.078218951360162,0.0
0.05,17,0.09,-0.0033487822317277,-0.1084304766934256,-1.3810566560402755,0.0
0.05,17,0.1,-0.0045321654514824,-0.1144968261353427,-1.0880578948271697,0.0
0.05,17,0.11,-0.0056387187544346,-0.130191634589969,-0.7069407732374309,0.0
0.05,17,0.12,-0.0071359981432818,-0.1286356416000913,-3.0878451662226754,0.0
0.05,17,0.13,-0.0082114315864364,-0.1919485379144226,-5.5934387155506755,0.0
0.05,17,0.14,-0.0109749689015702,-0.2405044159111049,2.896371641704259,2.896371641704259
0.05,17,0.15,-0.0130215199046585,-0.1340211050803379,2.4565410529939395,2.4565410529939395
0.05,17,0.16,-0.013655391003177,-0.1913735948512266,-3.950682233713472,0.0
0.05,17,0.17,-0.016848991801683,-0.2130347497546074,0.9424217900734835,0.9424217900734835
0.05,17,0.18,-0.0179160859982691,-0.1725251590497571,-1.8391942617754307,0.0
0.05,17,0.19,-0.0202994949826782,-0.2498186349901163,-0.5156910420955594,0.0
0.05,17,0.2,-0.0229124586980714,-0.1828389798916683,0.8772385123659152,0.8772385123659152
0.05,17,0.21,-0.0239562745805115,-0.2322738647427977,-6.006443252827818,0.0
0.05,17,0.22,-0.0275579359929274,-0.3029678449482247,-0.6871116291002686,0.0
0.05,17,0.23,-0.030015631479476,-0.2460160973248031,3.8562214401865447,3.8562214401865447
0.05,17,0.24,-0.0324782579394235,-0.2258434161444937,3.0624973893540695,3.0624973893540695
0.05,17,0.25,-0.0345324998023659,-0.1847661495377217,3.177886877887854,3.177886877887854
0.05,17,0.26,-0.0361735809301779,-0.1622856785867366,-3.1067734889721326,0.0
0.05,17,0.27,-0.0377782133741006,-0.2469016193171644,-2.2469935324533274,0.0
0.05,17,0.28,-0.0411116133165212,-0.2072255492358032,-3.4050622726085784,0.0
0.05,17,0.29,-0.0419227243588167,-0.315002864769335,-7.558305206696545,0.0
0.05,17,0.3,-0.0474116706119079,-0.3583916533697335,6.931087229051483,6.931087229051483
0.05,17,0.31,-0.0490905574262114,-0.1763811201883052,8.84941878968536,8.84941878968536
0.05,17,0.32,-0.050939293015674,-0.1814032775760261,11.955622132881604,11.955622132881604
0.05,17,0.33,-0.0527186229777319,0.0627313224693271,12.23071829109675,12.23071829109675
0.05,17,0.34,-0.0496846665662875,0.0632110882459091,-22.045874324755985,0.0
0.05,17,0.35,-0.0514544012128137,-0.3781861640257893,-6.84642680797504,0.0
0.05,17,0.36,-0.0572483898468033,-0.0737174479135873,18.70648868113841,18.70648868113841
0.05,17,0.37,-0.0529287501710855,-0.0040563904030208,-15.122879880852093,0.0
0.05,17,0.38,-0.0573295176548637,-0.3761750455306294,-1.167301171231004,0.0
0.05,17,0.39,-0.0604522510816981,-0.0274024138276409,11.302454451027256,11.302454451027256
0.05,17,0.4,-0.0578775659314165,-0.1501259565100841,-13.722787162894539,0.0
0.05,17,0.41,-0.0634547702118997,-0.301858157085531,6.736803229036166,6.736803229036166
0.05,17,0.42,-0.0639147290731271,-0.0153898919293586,6.000605231591914,6.000605231591914
0.05,17,0.43,-0.0637625680504868,-0.1818460524536926,-8.425435674463383,0.0
0.05,17,0.44,-0.067551650122201,-0.1838986054186264,10.197391748412906,10.197391748412906
0.05,17,0.45,-0.0674405401588594,0.0221017825145657,3.1607152001596326,3.1607152001596326
0.05,17,0.46,-0.0671096144719097,-0.1206843014154337,-6.366599522234559,0.0
0.05,17,0.47,-0.069854226187168,-0.1052302079301261,8.499265682507957,8.499265682507957
0.05,17,0.48,-0.0692142186305122,0.0493010122347259,-7.25745626796401,0.0
0.05,17,0.49,-0.0688682059424735,-0.2503793332894064,-20.68474342831563,0.0
0.05,17,0.5,-0.0742218052963003,-0.3643938563315871,21.114348934432737,21.114348934432737
0.05,17,0.51,-0.0761560830691052,0.1719076453992487,14.954532131468568,14.954532131468568
0.05,17,0.52,-0.0707836523883153,-0.0653032137022155,-22.79598722434355,0.0
0.05,17,0.53,-0.0774621473431496,-0.2840120990876227,9.517845447469352,9.517845447469352
0.05,17,0.54,-0.0764638943700678,0.1250536952471717,13.09700258486787,13.09700258486787
0.05,17,0.55,-0.0749610734382061,-0.0220720473902651,-12.296303446529688,0.0
0.05,17,0.56,-0.0769053353178731,-0.1208723736834223,-14.105327571350967,0.0
0.05,17,0.57,-0.0773785209118746,-0.3041785988172822,-4.391627082129985,0.0
0.05,17,0.58,-0.0829889072942188,-0.2087049153260185,25.192841962135624,25.192841962135624
0.05,17,0.59,-0.0815526192183949,0.1996782404254307,12.33027929208957,12.33027929208957
0.05,17,0.6,-0.0789953424857101,0.0379006705157731,-19.765968166994767,0.0
0.05,17,0.61,-0.0807946058080795,-0.195641122914465,-4.115988803775917,0.0
0.05,17,0.62,-0.0829081649439995,-0.0444191055597453,3.5929631397325625,3.5929631397325625
0.05,17,0.63,-0.0816829879192744,-0.1237818601198137,-0.9493193694520845,0.0
0.05,17,0.64,-0.0853838021463957,-0.063405492948787,20.295315920410452,20.295315920410452
0.05,17,0.65,-0.0829510977782501,0.2821244582883957,0.9529224196399344,0.9529224196399344
0.05,17,0.66,-0.0797413129806278,-0.0443470445559883,-24.850808480901485,0.0
0.05,17,0.67,-0.0838380386693699,-0.2148917113296344,-0.7118032854862593,0.0
0.05,17,0.68,-0.0840391472072205,-0.0585831102657135,9.411520325465435,9.411520325465435
0.05,17,0.69,-0.0850097008746841,-0.0266613048203252,5.734446279627778,5.734446279627778
0.05,17,0.7,-0.084572373303627,0.0561058153268421,-10.47558836481545,0.0
0.05,17,0.71,-0.0838875845681473,-0.2361730721166344,-6.195937643241394,0.0
0.05,17,0.72,-0.0892958347459597,-0.0678129375379859,15.805813833821052,15.805813833821052
0.05,17,0.73,-0.085243843318907,0.0799432045597869,-9.904675001182051,0.0
0.05,17,0.74,-0.0876969706547639,-0.2659064375616271,1.9021258809148276,1.9021258809148276
0.05,17,0.75,-0.0905619720701395,0.1179857221780835,22.181138031314497,22.181138031314497
0.05,17,0.76,-0.0853372562112023,0.1777163230646632,-19.022773753785117,0.0
0.05,17,0.77,-0.0870076456088463,-0.2624697528976192,-18.550124730979768,0.0
0.05,17,0.78,-0.0905866512691547,-0.1932861715549325,8.839862756033538,8.839862756033538
0.05,17,0.79,-0.0908733690399449,-0.0856724977769483,16.76315331271885,16.76315331271885
0.05,17,0.8,-0.0923001012246936,0.1419768946994448,10.453692060545661,10.453692060545661
0.05,17,0.81,-0.088033831145956,0.1234013434339651,-10.206467978758349,0.0
0.05,17,0.82,-0.0898320743560142,-0.0621524648757194,-16.400581300326163,0.0
0.05,17,0.83,-0.0892768804434704,-0.2046102825725562,-5.801199824398925,0.0
0.05,17,0.84,-0.0939242800074654,-0.178176461363698,16.87531501113371,16.87531501113371
0.05,17,0.85,-0.0928404096707444,0.1328960176501183,14.240830079346207,14.240830079346207
0.05,17,0.86,-0.091266359654463,0.1066401402232264,-0.14402827314218936,0.0
0.05,17,0.87,-0.0907076068662799,0.1300154521872745,1.3532032245032486,1.3532032245032486
0.05,17,0.88,-0.0886660506107175,0.1337042047132914,-32.300046695129375,0.0
0.05,17,0.89,-0.088033522772014,-0.5159854817153136,-22.31948103030421,0.0
0.05,17,0.9,-0.0989857602450238,-0.3126854158927932,42.89292121471098,42.89292121471098
0.05,17,0.91,-0.0942872310898699,0.3418729425789069,24.735712455850823,24.735712455850823
0.05,17,0.92,-0.0921483013934457,0.1820288332242237,-21.56207200006486,0.0
0.05,17,0.93,-0.0906466544253854,-0.0893684974223907,-9.872768238384865,0.0
0.05,17,0.94,-0.0939356713418934,-0.0154265315434765,5.650176109089421,5.650176109089421
0.05,17,0.95,-0.0909551850562549,0.0236350247593968,0.5909902513998145,0.5909902513998145
0.05,17,0.96,-0.0934629708467054,-0.0036067265154802,-11.327355703722061,0.0
0.05,17,0.97,-0.0910273195865645,-0.2029120893150446,-24.218385079775494,0.0
0.05,17,0.98,-0.0975212126330063,-0.4879744281109905,4.679757329406346,4.679757329406346
0.05,17,0.99,-0.1007868081487844,-0.1093169427269176,29.7950047117478,29.7950047117478
0.05,17,1.0,-0.0997075514875447,0.107925666123966,21.72426088508834,21.72426088508834
0.05,18,0.01,-0.0003050112070089,-0.003866335704803,-0.27605439454655,0.0
0.05,18,0.02,-0.000343674564057,-0.0066268796502685,-0.6068903485130452,0.0
0.05,18,0.03,-0.0004375488000143,-0.0160041426750639,-1.2722961793845349,0.0
0.05,18,0.04,-0.0006637574175582,-0.0320728032379592,-1.7564223573209747,0.0
0.05,18,0.05,-0.0010790048647735,-0.0511325898214834,-2.2631158049792908,0.0
0.05,18,0.06,-0.0016864092139879,-0.077335119337545,-2.2312571461619894,0.0
0.05,18,0.07,-0.0026257072515244,-0.0957577327447232,-1.8384863897129402,0.0
0.05,18,0.08,-0.0036015638688824,-0.1141048471318038,-2.731413312545752,0.0
0.05,18,0.09,-0.0049078041941605,-0.1503859989956382,-3.556985134298018,0.0
0.05,18,0.1,-0.0066092838487951,-0.1852445498177642,-1.0186201733781708,0.0
0.05,18,0.11,-0.0086126951905158,-0.1707584024632017,2.2609916134292805,2.2609916134292805
0.05,18,0.12,-0.0100244518980592,-0.1400247175491786,-1.3458294711191634,0.0
0.05,18,0.13,-0.0114131895414993,-0.1976749918855851,-7.859361718856807,0.0
0.05,18,0.14,-0.0139779517357709,-0.2972119519263149,1.8145804596214479,1.8145804596214479
0.05,18,0.15,-0.0173574285800256,-0.1613833826931568,10.222527328105565,10.222527328105565
0.05,18,0.16,-0.017205619389634,-0.0927614053642039,-6.912904806158712,0.0
0.05,18,0.17,-0.0192126566873097,-0.2996414788163312,-10.194387549031916,0.0
0.05,18,0.18,-0.0231984489659606,-0.2966491563448427,8.325490070890332,8.325490070890332
0.05,18,0.19,-0.0251456398142065,-0.1331316773985242,8.592272658849021,8.592272658849021
0.05,18,0.2,-0.0258610825139311,-0.1248037031678621,-4.5776406350538865,0.0
0.05,18,0.21,-0.0276417138775638,-0.2246844900996016,-15.80731751604289,0.0
0.05,18,0.22,-0.0303547723159231,-0.4409500534887201,-8.464547554633935,0.0
0.05,18,0.23,-0.0364607149473382,-0.3939754411922804,14.640302721615164,14.640302721615164
0.05,18,0.24,-0.0382342811397688,-0.1481439990564175,8.293515949727391,8.293515949727391
0.05,18,0.25,-0.0394235949284665,-0.2281051221977335,-12.641942346083571,0.0
0.05,18,0.26,-0.0427963835837234,-0.4009828459780891,-5.085046884819963,0.0
0.05,18,0.27,-0.0474432518480283,-0.3298060598941328,14.494670940725833,14.494670940725833
0.05,18,0.28,-0.0493925047816061,-0.1110894271635722,15.8978308643543,15.8978308643543
0.05,18,0.29,-0.0496650403912998,-0.0118494426070467,-0.0926949610661536,0.0
0.05,18,0.3,-0.0496294936337471,-0.1129433263848964,-16.745494469455558,0.0
0.05,18,0.31,-0.0519239069189977,-0.3467593319961581,-3.6653116455948007,0.0
0.05,18,0.32,-0.0565646802736702,-0.1862495592967925,12.792143787479805,12.792143787479805
0.05,18,0.33,-0.0556488981049336,-0.0909164562465618,-6.376291642369345,0.0
0.05,18,0.34,-0.0583830093986015,-0.3137753921441795,2.1486290018089296,2.1486290018089296
0.05,18,0.35,-0.0619244059478171,-0.047943876210386,13.54540326387167,13.54540326387167
0.05,18,0.36,-0.0593418869228092,-0.0428673268667481,-15.604672416515143,0.0
0.05,18,0.37,-0.0627817524851521,-0.3600373245406891,-2.538898737370583,0.0
0.05,18,0.38,-0.0665426334136229,-0.0936453016141598,22.538166481530197,22.538166481530197
0.05,18,0.39,-0.0646546585174353,0.0907260050899152,-4.335554457413557,0.0
0.05,18,0.4,-0.0647281133118246,-0.180356390762431,5.453279662751303,5.453279662751303
0.05,18,0.41,-0.0682617863326839,0.1997915983449374,8.801965047598358,8.801965047598358
0.05,18,0.42,-0.0607322813449258,-0.0043170898104674,-37.26146213367264,0.0
0.05,18,0.43,-0.0683481281288932,-0.545437644328516,-15.248439699845783,0.0
0.05,18,0.44,-0.0716410342314962,-0.3092858838073833,19.69578111990383,19.69578111990383
0.05,18,0.45,-0.0745338458050409,-0.1515220219304391,19.79659200231829,19.79659200231829
0.05,18,0.46,-0.074671474670105,0.0866459562389829,-0.7494111998742037,0.0
0.05,18,0.47,-0.0728009266802613,-0.1665102459279204,-8.158102093161432,0.0
0.05,18,0.48,-0.0780016795886634,-0.0765160856242435,23.10515765916088,23.10515765916088
0.05,18,0.49,-0.0743312483927461,0.2955929072552976,-0.7453417192105642,0.0
0.05,18,0.5,-0.0720898214435575,-0.0914229200084548,-31.860967473270513,0.0
0.05,18,0.51,-0.0761597067929152,-0.3416264422101132,0.1323720035800049,0.1323720035800049
0.05,18,0.52,-0.0789223502877597,-0.0887754799368547,15.851576117838041,15.851576117838041
0.05,18,0.53,-0.0779352163916523,-0.0245949198533521,-1.603995462936548,0.0
0.05,18,0.54,-0.0794142486848268,-0.1208553891955857,-3.5603251746131064,0.0
0.05,18,0.55,-0.0803523241755641,-0.0958014233456143,-1.8700431036406933,0.0
0.05,18,0.56,-0.0813302771517391,-0.1582562512683996,5.188771354154176,5.188771354154176
0.05,18,0.57,-0.083517449200932,0.0079740037374662,7.517760273282066,7.517760273282066
0.05,18,0.58,-0.0811707970769897,-0.007901045802761,1.5864413803095885,1.5864413803095885
0.05,18,0.59,-0.0836754701169872,0.039702831343658,4.618157977668236,4.618157977668236
0.05,18,0.6,-0.0803767404501166,0.0844621137506038,-4.697133417706291,0.0
0.05,18,0.61,-0.0819862278419751,-0.0542398370104679,3.3504207214698267,3.3504207214698267
0.05,18,0.62,-0.0814615371903259,0.1514705281800004,-3.8657766965680023,0.0
0.05,18,0.63,-0.0789568172783751,-0.131555370941828,-19.513237372174814,0.0
0.05,18,0.64,-0.0840926446091625,-0.2387942192634962,15.322243909060857,15.322243909060857
0.05,18,0.65,-0.083732701663645,0.1748895072393894,3.1393804941134427,3.1393804941134427
0.05,18,0.66,-0.0805948544643747,-0.1760066093812273,-20.447274827425744,0.0
0.05,18,0.67,-0.0872528338512696,-0.2340559893091258,7.275718473151599,7.275718473151599
0.05,18,0.68,-0.0852759742505572,-0.0304922399181952,18.362318221464115,18.362318221464115
0.05,18,0.69,-0.0878626786496335,0.1331903751201553,2.423614267723621,2.423614267723621
0.05,18,0.7,-0.082612166748154,0.0179800454362739,-13.584653807091339,0.0
0.05,18,0.71,-0.087503077740908,-0.1385027010216717,-2.399823366717463,0.0
0.05,18,0.72,-0.0853822207685875,-0.0300164218980754,9.232236988976872,9.232236988976872
0.05,18,0.73,-0.0881034061788695,0.0461420387578659,14.623740544574769,14.623740544574769
0.05,18,0.74,-0.0844593799934301,0.2624583889934202,-12.11744167509979,0.0
0.05,18,0.75,-0.0828542383990011,-0.1962067947441301,-29.245055543525496,0.0
0.05,18,0.76,-0.0883835158883128,-0.3224427218770902,-0.04321759952001791,0.0
0.05,18,0.77,-0.0893030928365429,-0.1970711467345305,25.25260484749967,25.25260484749967
0.05,18,0.78,-0.0923249388230034,0.1826093750729036,6.206064235255264,6.206064235255264
0.05,18,0.79,-0.0856509053350848,-0.0729498620294251,-25.07811098376853,0.0
0.05,18,0.8,-0.0937839360635919,-0.3189528446024674,8.483769252661268,8.483769252661268
0.05,18,0.81,-0.0920299622271342,0.0967255230238004,12.726054344251434,12.726054344251434
0.05,18,0.82,-0.0918494256031158,-0.0644317577174335,-11.483556533113696,0.0
0.05,18,0.83,-0.0933185973814829,-0.1329456076384714,12.243342226271439,12.243342226271439
0.05,18,0.84,-0.0945083377558853,0.1804350868079955,4.577188268806907,4.577188268806907
0.05,18,0.85,-0.089709895645323,-0.0414018422623332,-20.67851607525408,0.0
0.05,18,0.86,-0.0953363746011319,-0.2331352346970865,-0.6848855326684746,0.0
0.05,18,0.87,-0.0943726003392647,-0.0550995529157027,17.167726157960878,17.167726157960878
0.05,18,0.88,-0.096438365659446,0.1102192884621313,17.164992419663452,17.164992419663452
0.05,18,0.89,-0.0921682145700221,0.2882002954775666,-17.347289799996517,0.0
0.05,18,0.9,-0.0906743597498947,-0.2367265075377993,-24.44710197846358,0.0
0.05,18,0.91,-0.096902744720778,-0.2007417440917054,9.204639104874648,9.204639104874648
0.05,18,0.92,-0.0946891946317288,-0.0526337254403062,-5.9369574829510405,0.0
0.05,18,0.93,-0.0979554192295842,-0.3194808937507263,2.1746953704114853,2.1746953704114853
0.05,18,0.94,-0.1010788125067432,-0.0091398180320831,17.16985358851045,17.16985358851045
0.05,18,0.95,-0.0981382155902258,0.023916178019478,-15.063275203353477,0.0
0.05,18,0.96,-0.1006004889463536,-0.3104053220991529,-2.9161315772349727,0.0
0.05,18,0.97,-0.1043463220322089,-0.0344064535252215,37.40973195344296,37.40973195344296
0.05,18,0.98,-0.1012886180168581,0.4377893169697069,21.317076613994935,21.317076613994935
0.05,18,0.99,-0.0955905356928147,0.3919350787546776,-11.18636959323439,0.0
0.05,18,1.0,-0.0934499164417645,0.2140619251050189,-17.787315364965853,0.0
0.05,19,0.01,-0.0003029418023133,-0.0021218510026083,-0.17921780531158998,0.0
0.05,19,0.02,-0.0003241603123393,-0.0039140290557242,-0.38205615821619016,0.0
0.05,19,0.03,-0.0003812223834277,-0.0097629741669321,-0.8561563010644551,0.0
0.05,19,0.04,-0.000519419795678,-0.0210371550770133,-1.4457796853186298,0.0
0.05,19,0.05,-0.000801965484968,-0.0386785678733047,-2.044256120208625,0.0
0.05,19,0.06,-0.0012929911531441,-0.0619222774811858,-2.1712539576089993,0.0
0.05,19,0.07,-0.0020404110345917,-0.0821036470254847,-1.8852375992329349,0.0
0.05,19,0.08,-0.0029350640936538,-0.0996270294658445,-2.126110422934901,0.0
0.05,19,0.09,-0.0040329516239086,-0.1246258554841827,-1.7589847400119947,0.0
0.05,19,0.1,-0.0054275812033374,-0.1348067242660844,-1.5987263689442557,0.0
0.05,19,0.11,-0.0067290861092303,-0.1566003828630678,-2.269695548358426,0.0
0.05,19,0.12,-0.0085595888605988,-0.1802006352332529,-1.561840431386405,0.0
0.05,19,0.13,-0.0103330988138954,-0.1878371914907959,-2.0877921103239334,0.0
0.05,19,0.14,-0.0123163326904147,-0.2219564774397316,-2.1484801937030884,0.0
0.05,19,0.15,-0.01477222836269,-0.2308067953648577,1.669701921001094,1.669701921001094
0.05,19,0.16,-0.0169324685977119,-0.1885624390197096,-1.1876658304081875,0.0
0.05,19,0.17,-0.0185434771430842,-0.2545601119730215,-3.022151182891051,0.0
0.05,19,0.18,-0.0220236708371723,-0.2490054626775308,-0.5038967142348589,0.0
0.05,19,0.19,-0.0235235863966348,-0.2646380462577187,0.19562682890048322,0.19562682890048322
0.05,19,0.2,-0.0273164317623267,-0.2450929260995211,2.3784165435937776,2.3784165435937776
0.05,19,0.21,-0.0284254449186252,-0.2170697153858432,-1.924629560806947,0.0
0.05,19,0.22,-0.0316578260700435,-0.2835855173156603,-4.693767059715421,0.0
0.05,19,0.23,-0.0340971552649384,-0.3109450565801517,9.95500427800032,9.95500427800032
0.05,19,0.24,-0.0378767272016466,-0.0844854317556547,9.56387488078759,9.56387488078759
0.05,19,0.25,-0.0357868639000515,-0.1196675589644007,-17.539735330762127,0.0
0.05,19,0.26,-0.0402700783809346,-0.4352801383708975,-1.441608934301808,0.0
0.05,19,0.27,-0.0444924666674695,-0.1484997376504369,12.11321568189069,12.11321568189069
0.05,19,0.28,-0.0432400731339433,-0.1930158247330835,-7.575832761246415,0.0
0.05,19,0.29,-0.0483527831621311,-0.3000163928753645,0.41158523926912416,0.41158523926912416
0.05,19,0.3,-0.0492404009914506,-0.1847841199476998,8.32173197647143,8.32173197647143
0.05,19,0.31,-0.0520484655610851,-0.1335817533459358,4.259590250413757,4.259590250413757
0.05,19,0.32,-0.0519120360583693,-0.0995923149394246,7.818661544252359,7.818661544252359
0.05,19,0.33,-0.0540403118598736,0.0227914775391115,6.219113240471894,6.219113240471894
0.05,19,0.34,-0.0514562065075871,0.0247899498700134,-31.090776661468297,0.0
0.05,19,0.35,-0.0535445128624733,-0.5990240556902497,-11.805485397529159,0.0
0.05,19,0.36,-0.0634366876213921,-0.2113197580805637,37.545303287696576,37.545303287696576
0.05,19,0.37,-0.0577709080240846,0.1518820100636824,4.645964494749965,4.645964494749965
0.05,19,0.38,-0.0603990474201184,-0.1184004681855643,-17.504857786972956,0.0
0.05,19,0.39,-0.0601389173877959,-0.198215145675777,-8.537775829222943,0.0
0.05,19,0.4,-0.064363350333634,-0.2891559847700233,15.734749771484532,15.734749771484532
0.05,19,0.41,-0.0659220370831963,0.1164798497539103,4.848515841714002,4.848515841714002
0.05,19,0.42,-0.0620337533385558,-0.1921856679357474,-13.630084085091683,0.0
0.05,19,0.43,-0.0697657504419113,-0.1561218319479236,7.908983990468238,7.908983990468238
0.05,19,0.44,-0.0651561899775143,-0.0340059881263825,-10.087561175046893,0.0
0.05,19,0.45,-0.0704458702044389,-0.3578730554488616,-0.49578391431583957,0.0
0.05,19,0.46,-0.0723136510864915,-0.0439216664126993,16.50208572330569,16.50208572330569
0.05,19,0.47,-0.0713243035326929,-0.0278313409827468,-10.489663753631337,0.0
0.05,19,0.48,-0.0728702779061464,-0.253714941485327,-1.4096845264380837,0.0
0.05,19,0.49,-0.0763986023623995,-0.0560250315115085,10.662818530353235,10.662818530353235
0.05,19,0.5,-0.0739907785363766,-0.0404585708782621,-4.631621462350671,0.0
0.05,19,0.51,-0.0772077737799647,-0.148657460758522,2.4356734451824678,2.4356734451824678
0.05,19,0.52,-0.0769639277515471,0.0082548980253873,5.2407562497315645,5.2407562497315645
0.05,19,0.53,-0.077042675819457,-0.0438423357638906,3.579783405242387,3.579783405242387
0.05,19,0.54,-0.0778407744668249,0.0798505661302351,0.04071889069316992,0.04071889069316992
0.05,19,0.55,-0.0754456644968523,-0.0430279579500272,-3.582958705789882,0.0
0.05,19,0.56,-0.0787013336258254,0.0081913920144374,1.0019514568778938,1.0019514568778938
0.05,19,0.57,-0.0752818366565636,-0.0229889288124685,-11.640183589199937,0.0
0.05,19,0.58,-0.0791611122020749,-0.2246122797695622,-3.435916803565002,0.0
0.05,19,0.59,-0.0797740822519548,-0.0917072648837686,1.0280082469632976,1.0280082469632976
0.05,19,0.6,-0.0809952574997503,-0.2040521148302962,5.432340963105711,5.432340963105711
0.05,19,0.61,-0.0838551245485608,0.0169395543783457,15.207523758736867,15.207523758736867
0.05,19,0.62,-0.0806564664121833,0.1000983603444414,-5.056821697103946,0.0
0.05,19,0.63,-0.0818531573416719,-0.0841968795637333,-18.18490485545932,0.0
0.05,19,0.64,-0.082340404003458,-0.2635997367647453,-8.082746362719453,0.0
0.05,19,0.65,-0.0871251520769668,-0.2458518068181225,31.031444993236086,31.031444993236086
0.05,19,0.66,-0.0872574401398205,0.3570291630999769,21.463998643622844,21.463998643622844
0.05,19,0.67,-0.0799845688149673,0.1834281660543348,-35.10324184169202,0.0
0.05,19,0.68,-0.0835888768187338,-0.345035673733864,-11.884807720664128,0.0
0.05,19,0.69,-0.0868852822896445,-0.0542679883589558,20.350266832121502,20.350266832121502
0.05,19,0.7,-0.0846742365859128,0.0619696629085622,7.208788897901053,7.208788897901053
0.05,19,0.71,-0.0856458890314733,0.0899077895990654,-11.395504807327839,0.0
0.05,19,0.72,-0.0828760807939315,-0.1659404332379948,-17.534358648968933,0.0
0.05,19,0.73,-0.0889646976962332,-0.2607793833803136,10.523485308785475,10.523485308785475
0.05,19,0.74,-0.0880916684615378,0.0445292729377149,14.500423103269299,14.500423103269299
0.05,19,0.75,-0.0880741122374789,0.0292290786850726,-4.869609629546891,0.0
0.05,19,0.76,-0.0875070868878363,-0.052862919653223,-4.669559198410671,0.0
0.05,19,0.77,-0.0891313706305434,-0.0641621052831409,0.7938965293321443,0.7938965293321443
0.05,19,0.78,-0.0887903289934992,-0.0369849890665801,2.8301482452043527,2.8301482452043527
0.05,19,0.79,-0.089871070411875,-0.0075591403790538,-6.710421737419775,0.0
0.05,19,0.8,-0.0889415118010802,-0.1711934238149757,2.962692582425712,2.962692582425712
0.05,19,0.81,-0.0932949388881745,0.0516947112694605,25.74330287124338,25.74330287124338
0.05,19,0.82,-0.0879076175756911,0.3436726336098887,-9.485792219957519,0.0
0.05,19,0.83,-0.0864214862159768,-0.1380211331296976,-24.037836698314514,0.0
0.05,19,0.84,-0.0906680402382851,-0.137084100356402,7.254218093436239,7.254218093436239
0.05,19,0.85,-0.0891631682231048,0.0070632287390273,-13.397119446144933,0.0
0.05,19,0.86,-0.0905267756635045,-0.4050264892793009,-13.254029232486737,0.0
0.05,19,0.87,-0.0972636980086908,-0.2580173559107077,26.787592327285488,26.787592327285488
0.05,19,0.88,-0.0956871227817187,0.1307253572664093,20.80742537422606,20.80742537422606
0.05,19,0.89,-0.0946491908633627,0.1581311515738139,1.7783238439049942,1.7783238439049942
0.05,19,0.9,-0.0925244997502424,0.1662918341445092,9.296092316175383,9.296092316175383
0.05,19,0.91,-0.0913233541804725,0.3440529978973217,-20.23430883012203,0.0
0.05,19,0.92,-0.085643439792296,-0.2383943424579317,-29.90842659874346,0.0
0.05,19,0.93,-0.0960912410296311,-0.254115534077548,5.013035860078135,5.013035860078135
0.05,19,0.94,-0.0907257504738471,-0.1381336252563709,-14.722681746048227,0.0
0.05,19,0.95,-0.0988539135347587,-0.548569168998517,5.57888674276858,5.57888674276858
0.05,19,0.96,-0.1016971338538174,-0.0265558904009992,29.28490324176797,29.28490324176797
0.05,19,0.97,-0.0993850313427786,0.0371288958368429,4.395387624125871,4.395387624125871
0.05,19,0.98,-0.1009545559370806,0.0613518620815183,-3.789186752774742,0.0
0.05,19,0.99,-0.0981579941011483,-0.038654839218652,-20.91588620560243,0.0
0.05,19,1.0,-0.1017276527214536,-0.3569658620305307,-31.831102281187846,0.0
0.05,20,0.01,-0.0002336250967412,-0.0015562390799482,-0.11706917196212997,0.0
0.05,20,0.02,-0.0002491874875407,-0.0027269307995695,-0.2685087206277601,0.0
0.05,20,0.03,-0.0002881637127326,-0.0069264134925034,-0.60745924990358,0.0
0.05,20,0.04,-0.0003877157573908,-0.0148761157976411,-0.9968143662174946,0.0
0.05,20,0.05,-0.0005856860286854,-0.0268627008168533,-1.2650462997788503,0.0
0.05,20,0.06,-0.0009249697737278,-0.0401770417932181,-1.5546294527805242,0.0
0.05,20,0.07,-0.0013892268645498,-0.0579552898724638,-1.9975304606138753,0.0
0.05,20,0.08,-0.0020840755711771,-0.0801276510054956,-1.9286331360523663,0.0
0.05,20,0.09,-0.0029917798846597,-0.0965279525935111,-1.0558757899729452,0.0
0.05,20,0.1,-0.0040146346230473,-0.1012451668049545,0.03129371333316566,0.03129371333316566
0.05,20,0.11,-0.0050166832207588,-0.0959020783268478,-1.925970709820576,0.0
0.05,20,0.12,-0.0059326761895843,-0.139764581001366,-4.369090100849555,0.0
0.05,20,0.13,-0.0078119748407861,-0.1832838803438389,-0.22104642740492508,0.0
0.05,20,0.14,-0.0095983537964611,-0.1441855095494645,-1.8798027598903495,0.0
0.05,20,0.15,-0.0106956850317754,-0.2208799355416456,-6.1999231386323705,0.0
0.05,20,0.16,-0.014015952507294,-0.2681839723221118,4.460693346471346,4.460693346471346
0.05,20,0.17,-0.0160593644782176,-0.1316660686122186,5.435356129089849,5.435356129089849
0.05,20,0.18,-0.0166492738795384,-0.1594768497403144,-7.272579947920036,0.0
0.05,20,0.19,-0.0192489014730239,-0.2771176675706195,-0.08707515624206952,0.0
0.05,20,0.2,-0.0221916272309508,-0.1612183528651558,5.078787972813455,5.078787972813455
0.05,20,0.21,-0.022473268530327,-0.1755419081143501,-0.99721854421424,0.0
0.05,20,0.22,-0.0257024653932378,-0.1811627237494406,0.52753454202138,0.52753454202138
0.05,20,0.23,-0.0260965230053159,-0.1649912172739225,-4.4490612282914945,0.0
0.05,20,0.24,-0.0290022897387162,-0.2701439483152701,-4.119039688470854,0.0
0.05,20,0.25,-0.0314994019716213,-0.2473720110433392,1.3123526816986502,1.3123526816986502
0.05,20,0.26,-0.033949729959583,-0.2438968946812971,2.210417771465128,2.210417771465128
0.05,20,0.27,-0.0363773398652472,-0.2031636556140366,-2.8747848802911484,0.0
0.05,20,0.28,-0.0380130030718637,-0.3013925922871201,-1.0834213598354552,0.0
0.05,20,0.29,-0.0424051917109896,-0.2248320828107466,17.494616372569524,17.494616372569524
0.05,20,0.3,-0.0425096447280786,0.0484997351642708,2.084469529049759,2.084469529049759
0.05,20,0.31,-0.0414351970077042,-0.1831426922297514,-16.110233231674826,0.0
0.05,20,0.32,-0.0461724985726737,-0.273704929469226,-2.7493348312092927,0.0
0.05,20,0.33,-0.0469092955970887,-0.2381293888539373,0.983358191691174,0.983358191691174
0.05,20,0.34,-0.0509350863497524,-0.2540377656354025,4.818104175319758,4.818104175319758
0.05,20,0.35,-0.0519900509097967,-0.141767305347543,26.158445289355285,26.158445289355285
0.05,20,0.36,-0.0537704324567033,0.2691311401517038,5.3043543838224805,5.3043543838224805
0.05,20,0.37,-0.0466074281067627,-0.0356802176710933,-39.19745951714032,0.0
0.05,20,0.38,-0.0544840368101251,-0.5148180501911033,-11.116316634243049,0.0
0.05,20,0.39,-0.0569037891105847,-0.2580065503559545,17.84459846813421,17.84459846813421
0.05,20,0.4,-0.0596441678172442,-0.1579260808284188,12.810594442442763,12.810594442442763
0.05,20,0.41,-0.0600623107271531,-0.0017946615071,9.836536061298577,9.836536061298577
0.05,20,0.42,-0.0596800610473862,0.0388046403975517,-7.011613724399219,0.0
0.05,20,0.43,-0.0592862179192021,-0.1420269359950845,-12.07329507584963,0.0
0.05,20,0.44,-0.062520599767288,-0.2026612611194411,1.9235882663523487,1.9235882663523487
0.05,20,0.45,-0.0633394431415909,-0.1035551706680375,1.388248262106103,1.388248262106103
0.05,20,0.46,-0.0645917031806487,-0.174896295877319,3.580075481946966,3.580075481946966
0.05,20,0.47,-0.0668373690591373,-0.0319536610290995,3.876325688932437,3.876325688932437
0.05,20,0.48,-0.0652307764012307,-0.0973697820986716,-7.198660619820078,0.0
0.05,20,0.49,-0.0687847647011107,-0.1759268734255012,6.2198706148084995,6.2198706148084995
0.05,20,0.5,-0.0687493138697407,0.0270276301974985,3.6377568267134057,3.6377568267134057
0.05,20,0.51,-0.0682442120971607,-0.103171736891233,-13.047413212197984,0.0
0.05,20,0.52,-0.0708127486075654,-0.2339206340464614,0.3328378059620256,0.3328378059620256
0.05,20,0.53,-0.07292262477809,-0.0965149807719925,15.675229229474576,15.675229229474576
0.05,20,0.54,-0.0727430482230052,0.0795839505430304,-0.9065867123114497,0.0
0.05,20,0.55,-0.0713309457672294,-0.1146467150182215,-16.42658246276916,0.0
0.05,20,0.56,-0.0750359825233697,-0.2489476987123531,4.803813102683119,4.803813102683119
0.05,20,0.57,-0.0763098997414764,-0.0185704529645636,11.079243823086168,11.079243823086168
0.05,20,0.58,-0.0754073915826609,-0.0273628222506334,-12.017476919830248,0.0
0.05,20,0.59,-0.0768571561864891,-0.2589199913611688,7.190523096411739,7.190523096411739
0.05,20,0.6,-0.0805857914098843,0.1164476396776015,21.69613371327954,21.69613371327954
0.05,20,0.61,-0.0745282033929371,0.1750026829044224,-13.479774627652429,0.0
0.05,20,0.62,-0.0770857377517958,-0.1531478528754473,-19.954270471042676,0.0
0.05,20,0.63,-0.077591160450446,-0.2240827265164315,10.321787926759962,10.321787926759962
0.05,20,0.64,-0.0815673922821245,0.0532879056597521,11.598149068017355,11.598149068017355
0.05,20,0.65,-0.076525402337251,0.0078802548439158,-18.08427779230646,0.0
0.05,20,0.66,-0.0814097871852461,-0.3083976501863774,8.107061043119907,8.107061043119907
0.05,20,0.67,-0.0826933553409785,0.1700214757063141,14.287801084979858,14.287801084979858
0.05,20,0.68,-0.0780093576711199,-0.02264162848678,-12.194000241332548,0.0
0.05,20,0.69,-0.083146187910714,-0.0738585291203373,3.061598027412688,3.061598027412688
0.05,20,0.7,-0.0794865282535265,0.0385903320614753,-7.547731311862455,0.0
0.05,20,0.71,-0.0823743812694845,-0.2248131553575865,-12.799493455642468,0.0
0.05,20,0.72,-0.0839827913606783,-0.2173995370513743,11.422952637746807,11.422952637746807
0.05,20,0.73,-0.086722372010512,0.0036458973973498,18.66574592032102,18.66574592032102
0.05,20,0.74,-0.0839098734127313,0.1559153813550464,3.868895450843457,3.868895450843457
0.05,20,0.75,-0.0836040643834111,0.081023806414219,-26.24452067232614,0.0
0.05,20,0.76,-0.0822893972844469,-0.3689750320914768,-21.029058636777822,0.0
0.05,20,0.77,-0.0909835650252406,-0.3395573663213378,28.138410337097202,28.138410337097202
0.05,20,0.78,-0.0890805446108736,0.1937931746504677,21.72910703365207,21.72910703365207
0.05,20,0.79,-0.0871077015322312,0.095024774351704,-5.046954230939921,0.0
0.05,20,0.8,-0.0871800491238396,0.0928540900316692,-11.784139853739035,0.0
0.05,20,0.81,-0.0852506197315979,-0.1406580227230769,-6.488092882318257,0.0
0.05,20,0.82,-0.089993209578301,-0.0369077676146991,17.004599398671875,17.004599398671875
0.05,20,0.83,-0.0859887750838918,0.1994339652503605,-2.9956254305051973,0.0
0.05,20,0.84,-0.0860045302732938,-0.0968202762248031,-6.749459075857394,0.0
0.05,20,0.85,-0.0879251806083878,0.0644447837332125,10.515933187358936,10.515933187358936
0.05,20,0.86,-0.0847156345986295,0.1134983875223758,-18.0390173613646,0.0
0.05,20,0.87,-0.0856552128579403,-0.2963355634940798,-25.8866268375294,0.0
0.05,20,0.88,-0.0906423458685111,-0.4042341492282126,17.721109094841996,17.721109094841996
0.05,20,0.89,-0.0937398958425046,0.0580866184027604,20.224574629576363,20.224574629576363
0.05,20,0.9,-0.0894806135004559,0.000257343363315,-22.353287382170375,0.0
0.05,20,0.91,-0.0937347489752383,-0.3889791292406475,-2.435572030540313,0.0
0.05,20,0.92,-0.0972601960852689,-0.0484540972474913,23.32786699412643,23.32786699412643
0.05,20,0.93,-0.0947038309201881,0.0775782106418816,12.07094817852461,12.07094817852461
0.05,20,0.94,-0.0957086318724312,0.1929648663229999,-0.9857608825055908,0.0
0.05,20,0.95,-0.090844533593728,0.0578629929917671,-10.471524439553582,0.0
0.05,20,0.96,-0.0945513720125958,-0.0164656224680719,0.5056378505127843,0.5056378505127843
0.05,20,0.97,-0.0911738460430895,0.0679757500020228,-4.439786333300195,0.0
0.05,20,0.98,-0.0931918570125554,-0.1052613491340759,-4.462144564009656,0.0
0.05,20,0.99,-0.093279073025771,-0.0212671412781704,3.572433394964756,3.572433394964756
0.05,20,1.0,-0.0936171998381188,-0.0338126812347807,-1.2545539956610288,0.0
0.05,21,0.01,-0.0001320777812416,-0.0019120869029725,-0.17229488133655999,0.0
0.05,21,0.02,-0.0001511986502713,-0.0036350357163381,-0.3705892440865751,0.0
0.05,21,0.03,-0.0002047784955684,-0.009323871784704,-0.8359967713601602,0.0
0.05,21,0.04,-0.0003376760859654,-0.0203549711435413,-1.3616765306129246,0.0
0.05,21,0.05,-0.0006118779184392,-0.0365574023969625,-1.9272993255092556,0.0
0.05,21,0.06,-0.0010688241339047,-0.0589009576537264,-2.001415525582625,0.0
0.05,21,0.07,-0.0017898970715137,-0.076585712908615,-2.283449466610256,0.0
0.05,21,0.08,-0.002600538392077,-0.1045699469859315,-1.8877475027461457,0.0
0.05,21,0.09,-0.0038812960112324,-0.1143406629635379,-1.1260097412497139,0.0
0.05,21,0.1,-0.0048873516513477,-0.1270901418109258,-0.9744077073272699,0.0
0.05,21,0.11,-0.0064230988474509,-0.1338288171100833,-1.825874423205371,0.0
0.05,21,0.12,-0.0075639279935494,-0.1636076302750332,-2.257963359644342,0.0
0.05,21,0.13,-0.0096952514529515,-0.1789880843029701,-0.5211374583423947,0.0
0.05,21,0.14,-0.0111436896796088,-0.1740303794418811,-3.334424975964742,0.0
0.05,21,0.15,-0.0131758590417892,-0.2456765838222647,-2.450327970572543,0.0
0.05,21,0.16,-0.0160572213560541,-0.2230369388533317,1.861189652450511,1.861189652450511
0.05,21,0.17,-0.0176365978188558,-0.2084527907732545,-2.188274439979363,0.0
0.05,21,0.18,-0.0202262771715192,-0.2668024276529187,-2.026934779774857,0.0
0.05,21,0.19,-0.0229726463719142,-0.2489914863687514,4.794128450500738,4.794128450500738
0.05,21,0.2,-0.0252061068988942,-0.1709198586429039,1.0437987181807031,1.0437987181807031
0.05,21,0.21,-0.0263910435447723,-0.228115512005137,5.312868628199592,5.312868628199592
0.05,21,0.22,-0.029768417138997,-0.0646624860789115,2.7744463475419767,2.7744463475419767
0.05,21,0.23,-0.0276842932663505,-0.1726265850542974,-13.497967208124269,0.0
0.05,21,0.24,-0.0332209488400829,-0.3346218302413966,-4.003922648650114,0.0
0.05,21,0.25,-0.0343767298711784,-0.252705038027299,-5.069476683917102,0.0
0.05,21,0.26,-0.0382750496006289,-0.4360113639197387,-2.448773813558848,0.0
0.05,21,0.27,-0.0430969571495732,-0.301680514298476,25.3938064147163,25.3938064147163
0.05,21,0.28,-0.0443086598865984,0.0718647643745877,5.76431052016785,5.76431052016785
0.05,21,0.29,-0.0416596618620814,-0.1863943038951157,-22.979818848126307,0.0
0.05,21,0.3,-0.0480365459645008,-0.3877316125879373,-0.034086833879285905,0.0
0.05,21,0.31,-0.0494142941138402,-0.1870760405727014,3.999962090524109,3.999962090524109
0.05,21,0.32,-0.0517780667759548,-0.3077323707774551,0.3074764414518789,0.3074764414518789
0.05,21,0.33,-0.0555689415293893,-0.1809265117436638,10.666522213567823,10.666522213567823
0.05,21,0.34,-0.0553965970108281,-0.0944019265060984,-2.7904489543665534,0.0
0.05,21,0.35,-0.0574569800595112,-0.2367354908309935,4.252852725407935,4.252852725407935
0.05,21,0.36,-0.0601313068274479,-0.0093448719979378,21.329711706269208,21.329711706269208
0.05,21,0.37,-0.05764387749947,0.189858743294391,-5.63541125698534,0.0
0.05,21,0.38,-0.0563341319615601,-0.1220530971376447,-23.68333209945057,0.0
0.05,21,0.39,-0.0600849394422229,-0.2838078986946208,-12.690846065654622,0.0
0.05,21,0.4,-0.0620102899354525,-0.3758700184507373,3.3537322228540933,3.3537322228540933
0.05,21,0.41,-0.0676023398112376,-0.2167332542375404,30.637333991794534,30.637333991794534
0.05,21,0.42,-0.0663449550202033,0.2368766613851538,12.2063394335279,12.2063394335279
0.05,21,0.43,-0.0628648065835345,0.0273935344330178,-20.994179008444384,0.0
0.05,21,0.44,-0.065797084331543,-0.1830069187837342,-10.818090170354475,0.0
0.05,21,0.45,-0.0665249449592092,-0.1889682689740719,1.558010769042319,1.558010769042319
0.05,21,0.46,-0.0695764497110244,-0.1518467034028878,14.629946038748848,14.629946038748848
0.05,21,0.47,-0.069561879027267,0.1036306518009033,0.4467668776764464,0.4467668776764464
0.05,21,0.48,-0.0675038366750063,-0.1429113658493617,-15.333816544275173,0.0
0.05,21,0.49,-0.0724201063442542,-0.2030456790846004,0.19745416480436973,0.19745416480436973
0.05,21,0.5,-0.0715647502566984,-0.1389622825532743,10.112262871077597,10.112262871077597
0.05,21,0.51,-0.0751993519953197,-0.0008004216630483,5.790635278652751,5.790635278652751
0.05,21,0.52,-0.0715807586899593,-0.0231495769802192,0.3878617399587197,0.3878617399587197
0.05,21,0.53,-0.0756623435349241,0.0069568131361261,-9.151933229092352,0.0
0.05,21,0.54,-0.0714416224272368,-0.2061882415620664,-12.145340197445714,0.0
0.05,21,0.55,-0.0797861083661654,-0.2359499908127884,15.947842775243446,15.947842775243446
0.05,21,0.56,-0.0761606222434926,0.1127686139428028,13.699458737221004,13.699458737221004
0.05,21,0.57,-0.0775307360873093,0.0380391839316351,-9.199878591608313,0.0
0.05,21,0.58,-0.0753998385648598,-0.071228957889363,-12.375610824332298,0.0
0.05,21,0.59,-0.0789553152450966,-0.2094730325550111,2.074126894266648,2.074126894266648
0.05,21,0.6,-0.0795892992159601,-0.02974642000403,12.193700642789643,12.193700642789643
0.05,21,0.61,-0.0795502436451772,0.034400980300782,-1.9497606157066183,0.0
0.05,21,0.62,-0.0789012796099444,-0.0687416323181624,4.505338099748176,4.505338099748176
0.05,21,0.63,-0.0809250762915404,0.1245077422957456,-11.951378685658465,0.0
0.05,21,0.64,-0.0764111247640295,-0.3077692060313319,-25.399745889365928,0.0
0.05,21,0.65,-0.0870804604121671,-0.3834871754915734,30.49823606461503,30.49823606461503
0.05,21,0.66,-0.084080868273861,0.3021955152609692,27.650481704894588,27.650481704894588
0.05,21,0.67,-0.0810365501069477,0.1695224586063188,-24.922201947185904,0.0
0.05,21,0.68,-0.0806904191017346,-0.1962485236827493,-16.82019221414908,0.0
0.05,21,0.69,-0.0849615205806026,-0.1668813856766657,0.9161654509119384,0.9161654509119384
0.05,21,0.7,-0.0840280468152678,-0.1779252146645111,8.906875833383307,8.906875833383307
0.05,21,0.71,-0.0885200248738928,0.0112561309910006,13.330463511567263,13.330463511567263
0.05,21,0.72,-0.0838029241954478,0.0886840555668344,-14.705511109634122,0.0
0.05,21,0.73,-0.0867463437625561,-0.2828540912016821,-1.0224425267758792,0.0
0.05,21,0.74,-0.0894600060194815,0.0682352050313168,11.901310209024755,11.901310209024755
0.05,21,0.75,-0.0853816396619298,-0.0448278870211868,-12.281363206079275,0.0
0.05,21,0.76,-0.0903565637599052,-0.1773920590902689,-1.3485105740011192,0.0
0.05,21,0.77,-0.0889294808437352,-0.0717980985012092,8.249217776641999,8.249217776641999
0.05,21,0.78,-0.0917925257299294,-0.0124077035574288,21.777662318082335,21.777662318082335
0.05,21,0.79,-0.0891776349148837,0.3637551478604379,6.786117097151789,6.786117097151789
0.05,21,0.8,-0.0845174227727206,0.1233146383856071,-34.163003739449636,0.0
0.05,21,0.81,-0.0867113421471716,-0.3195049269285555,-28.966211772621225,0.0
0.05,21,0.82,-0.0909075213112917,-0.4560095970668181,8.886411547655612,8.886411547655612
0.05,21,0.83,-0.0958315340885079,-0.1417766959754391,32.109065044448585,32.109065044448585
0.05,21,0.84,-0.0937430552308005,0.1861717038221542,7.027236899189039,7.027236899189039
0.05,21,0.85,-0.0921081000120648,-0.0012319579916582,-10.910867078209197,0.0
0.05,21,0.86,-0.0937676943906336,-0.0320456377420299,15.890025300863217,15.890025300863217
0.05,21,0.87,-0.0927490127669054,0.3165685480256064,-9.870886474880562,0.0
0.05,21,0.88,-0.0874363234301215,-0.2294633672396413,-36.60608398688826,0.0
0.05,21,0.89,-0.0973382801116982,-0.4155531317121594,19.698275322222372,19.698275322222372
0.05,21,0.9,-0.0957473860643647,0.1645021392048065,21.860901558038684,21.860901558038684
0.05,21,0.91,-0.0940482373276021,0.0216648994486146,-13.205371493518022,0.0
0.05,21,0.92,-0.0953140880753924,-0.0996052906655542,-2.9120014964258027,0.0
0.05,21,0.93,-0.0960403431409132,-0.0365751304799015,6.428075193400966,6.428075193400966
0.05,21,0.94,-0.0960455906849904,0.0289562132024645,-4.997428367601204,0.0
0.05,21,0.95,-0.0954612188768639,-0.1365236978319277,0.15339323608629485,0.15339323608629485
0.05,21,0.96,-0.098776064641629,0.0320240779241904,20.19920174465451,20.19920174465451
0.05,21,0.97,-0.0948207373183801,0.2674603370611628,0.3778371321883096,0.3778371321883096
0.05,21,0.98,-0.0934268579004057,0.0395808205679566,-28.14805798946136,0.0
0.05,21,0.99,-0.094029120907021,-0.2955008227280649,-28.517808268127983,0.0
0.05,21,1.0,-0.099336874354967,-0.5307753447946035,-23.527452206653845,0.0
0.05,22,0.01,-0.0002712320176926,-0.0034039279183545,-0.21816623901847998,0.0
0.05,22,0.02,-0.0003052712968762,-0.0055855903085393,-0.4215176276105752,0.0
0.05,22,0.03,-0.0003829438238634,-0.011834280470566,-0.8516196163073599,0.0
0.05,22,0.04,-0.0005419569062875,-0.0226179826346865,-1.2821200797186247,0.0
0.05,22,0.05,-0.0008353034765571,-0.0374766820649385,-1.6756278358663652,0.0
0.05,22,0.06,-0.0012914905475863,-0.0561305393520138,-1.9264892606734196,0.0
0.05,22,0.07,-0.0019579142635974,-0.0760064672784069,-1.8009959801173947,0.0
0.05,22,0.08,-0.0028116198931544,-0.0921504589543617,-1.1466934792580559,0.0
0.05,22,0.09,-0.0038009234426847,-0.098940336863568,-1.614562951564447,0.0
0.05,22,0.1,-0.0047904266304258,-0.1244417179856507,-1.535618015831174,0.0
0.05,22,0.11,-0.0062897578023977,-0.1296526971801915,-3.0532110487938127,0.0
0.05,22,0.12,-0.0073834805740296,-0.1855059389615269,-3.910817141386696,0.0
0.05,22,0.13,-0.0099998765816282,-0.2078690400079254,1.3804960571789735,1.3804960571789735
0.05,22,0.14,-0.0115408613741881,-0.1578960178179474,1.4189556509084724,1.4189556509084724
0.05,22,0.15,-0.0131577969379872,-0.1794899269897558,-1.290436034327402,0.0
0.05,22,0.16,-0.0151306599139832,-0.1837047385044954,-3.0284726094653163,0.0
0.05,22,0.17,-0.0168318917080771,-0.2400593791790622,0.1605453313186569,0.1605453313186569
0.05,22,0.18,-0.0199318474975645,-0.1804938318781226,2.22956964949946,2.22956964949946
0.05,22,0.19,-0.0204417683456395,-0.1954679861890732,0.16023750844081874,0.16023750844081874
0.05,22,0.2,-0.0238412072213459,-0.1772890817093062,11.538171875266006,11.538171875266006
0.05,22,0.21,-0.0239875499798257,0.0352954513162462,-10.063768034267465,0.0
0.05,22,0.22,-0.023135298195021,-0.3785644423946572,-28.560561105331068,0.0
0.05,22,0.23,-0.0315588388277188,-0.5359157707903757,4.7131768853432625,4.7131768853432625
0.05,22,0.24,-0.0338536136108285,-0.2843009046877931,25.48621686275671,25.48621686275671
0.05,22,0.25,-0.0372448569214747,-0.0261914335352417,17.024443811699356,17.024443811699356
0.05,22,0.26,-0.0343774422815334,0.0561879715461943,-15.356783586724566,0.0
0.05,22,0.27,-0.0361210974905508,-0.3333271052697333,-12.372277862730334,0.0
0.05,22,0.28,-0.041043984386928,-0.1912575857084126,23.341488541957595,23.341488541957595
0.05,22,0.29,-0.0399462492047191,0.1335026655694167,-1.9541675303703023,0.0
0.05,22,0.3,-0.0383739310755397,-0.2303409363158224,-26.311229988198676,0.0
0.05,22,0.31,-0.0445530679310355,-0.3927219341945573,-6.871930851749935,0.0
0.05,22,0.32,-0.0462283697594309,-0.3677795533508212,12.956660776376005,12.956660776376005
0.05,22,0.33,-0.051908658998052,-0.133588718667037,26.58361198182419,26.58361198182419
0.05,22,0.34,-0.0489001441327716,0.1638926862856631,-12.600715034485182,0.0
0.05,22,0.35,-0.0486308052723387,-0.3856030193567354,-23.562193220849444,0.0
0.05,22,0.36,-0.0566122045199064,-0.3073511781313214,22.7014268344033,22.7014268344033
0.05,22,0.37,-0.0547778288349651,0.068425517331331,3.2192675840218676,3.2192675840218676
0.05,22,0.38,-0.0552436941732797,-0.242965826450884,-15.166477294903906,0.0
0.05,22,0.39,-0.0596371453639828,-0.2349040285667474,13.565204633836998,13.565204633836998
0.05,22,0.4,-0.0599417747446147,0.0283382662258562,16.218817240366377,16.218817240366377
0.05,22,0.41,-0.0590703800394657,0.0894723162405806,-11.670607359902958,0.0
0.05,22,0.42,-0.0581523284198031,-0.2050738809722045,-19.852434768160947,0.0
0.05,22,0.43,-0.0631718576589098,-0.3075763791226387,1.1972459736204488,1.1972459736204488
0.05,22,0.44,-0.0643038560022559,-0.1811289614997955,14.665879318149232,14.665879318149232
0.05,22,0.45,-0.0667944368889057,-0.0142587927596538,22.028533009682597,22.028533009682597
0.05,22,0.46,-0.0645890318574489,0.2594416986938568,-5.465303518184718,0.0
0.05,22,0.47,-0.0616056029150286,-0.1235648631233443,-29.31206916658208,0.0
0.05,22,0.48,-0.0670603291199159,-0.3267996846377827,0.9953812596358746,0.9953812596358746
0.05,22,0.49,-0.0681415966077842,-0.1036572379306268,16.341480965859997,16.341480965859997
0.05,22,0.5,-0.0691334738785284,2.993467941747596e-05,7.382840108006413,7.382840108006413
0.05,22,0.51,-0.0681409979141959,0.0439995642295016,-14.38022755461475,0.0
0.05,22,0.52,-0.0682534825939384,-0.2875746164128778,-8.755219825097377,0.0
0.05,22,0.53,-0.0738924902424534,-0.1311048322724461,13.339223577497519,13.339223577497519
0.05,22,0.54,-0.0708755792393873,-0.0207901448629272,-6.177761744222731,0.0
0.05,22,0.55,-0.074308293139712,-0.2546600671569008,5.210262296524091,5.210262296524091
0.05,22,0.56,-0.0759687805825253,0.0834151010675547,3.9312597641000906,3.9312597641000906
0.05,22,0.57,-0.0726399911183609,-0.1760348718748927,-11.027401856898557,0.0
0.05,22,0.58,-0.0794894780200233,-0.1371329360704121,11.951381623919739,11.951381623919739
0.05,22,0.59,-0.0753826498397692,0.0629927606035023,4.802194121604115,4.802194121604115
0.05,22,0.6,-0.0782296228079532,-0.0410890536383297,-7.263139694251198,0.0
0.05,22,0.61,-0.0762044309125358,-0.0822700332815218,-14.444910303210651,0.0
0.05,22,0.62,-0.0798750234735837,-0.329987259702543,1.7405098592496482,1.7405098592496482
0.05,22,0.63,-0.0828041761065866,-0.0474598360965288,18.66959974676734,18.66959974676734
0.05,22,0.64,-0.0808242201955143,0.0434047352328041,-6.3195240959512144,0.0
0.05,22,0.65,-0.0819360814019306,-0.1738503180155532,2.1261360929184274,2.1261360929184274
0.05,22,0.66,-0.0843012265558253,0.0859274570911727,6.240703586438324,6.240703586438324
0.05,22,0.67,-0.0802175322601071,-0.0490362462867866,-3.5766014962560417,0.0
0.05,22,0.68,-0.085281951481561,0.0143954271660518,1.8101831454313129,1.8101831454313129
0.05,22,0.69,-0.0799296237167862,-0.0128325833781595,-18.0627420046551,0.0
0.05,22,0.7,-0.0855386031491244,-0.3468594129270519,-4.611544046187306,0.0
0.05,22,0.71,-0.0868668119753272,-0.1050634643019057,19.239303092030614,19.239303092030614
0.05,22,0.72,-0.0876398724351625,0.0379266489135607,-1.6167655932144829,0.0
0.05,22,0.73,-0.086108278997056,-0.1373987761661954,3.451949142649722,3.451949142649722
0.05,22,0.74,-0.0903878479584864,0.1069656317665552,13.233666945901208,13.233666945901208
0.05,22,0.75,-0.0839689663617249,0.127274562751829,-12.92644712270595,0.0
0.05,22,0.76,-0.0878423567034498,-0.151563310687564,2.7916054730002138,2.7916054730002138
0.05,22,0.77,-0.0870002325754762,0.1831066722118333,1.1966674447605898,1.1966674447605898
0.05,22,0.78,-0.0841802232592131,-0.1276299617923522,-19.237148929957986,0.0
0.05,22,0.79,-0.0895528318113232,-0.2016363063873267,2.8993125316874475,2.8993125316874475
0.05,22,0.8,-0.0882129493869597,-0.0696437111586032,1.6103994147153244,1.6103994147153244
0.05,22,0.81,-0.0909457060344953,-0.1694283180930202,0.04702601184767108,0.04702601184767108
0.05,22,0.82,-0.0916015157488201,-0.068703190921652,15.68363856379414,15.68363856379414
0.05,22,0.83,-0.0923197698529283,0.1442444531828624,3.0506348155184173,3.0506348155184173
0.05,22,0.84,-0.0887166266851628,-0.0076904946112836,-29.23962783504265,0.0
0.05,22,0.85,-0.092473579745154,-0.4405481035179912,-1.314130949658309,0.0
0.05,22,0.86,-0.0975275887555227,-0.0339731136044498,38.71963171446394,38.71963171446394
0.05,22,0.87,-0.093153042017243,0.3338445307712883,14.828858098445277,14.828858098445277
0.05,22,0.88,-0.0908506981400969,0.262604048364456,-24.44150878463402,0.0
0.05,22,0.89,-0.0879009610499539,-0.1549856449213926,-32.39682633511111,0.0
0.05,22,0.9,-0.0939504110385248,-0.3853324783377667,2.852159520865433,2.852159520865433
0.05,22,0.91,-0.0956076106167092,-0.0979424545040839,23.125435582651274,23.125435582651274
0.05,22,0.92,-0.0959092601286064,0.0771762333152592,1.1384713673527886,1.1384713673527886
0.05,22,0.93,-0.094064085950404,-0.0751730271570281,-9.51468988766628,0.0
0.05,22,0.94,-0.0974127206717469,-0.1131175644380668,6.107764603362403,6.107764603362403
0.05,22,0.95,-0.0963264372391653,0.0469822649102216,-3.8885434588127312,0.0
0.05,22,0.96,-0.0964730753735425,-0.1908884336143215,-1.0085058713892092,0.0
0.05,22,0.97,-0.1001442059114517,0.0268121474824374,14.201016592874122,14.201016592874122
0.05,22,0.98,-0.0959368324238938,0.0931318982431612,1.3198616251929938,1.3198616251929938
0.05,22,0.99,-0.0982815679465885,0.0532093799862973,12.388020699945518,12.388020699945518
0.05,22,1.0,-0.0948726448241678,0.3408923122420718,28.76829322557742,28.76829322557742
0.05,23,0.01,-0.0002498845180779,-0.0025124816519013,-0.16446098374259002,0.0
0.05,23,0.02,-0.0002750093345969,-0.0041570914893272,-0.3256861055113101,0.0
0.05,23,0.03,-0.0003330263478645,-0.0090262037621275,-0.74793269963684,0.0
0.05,23,0.04,-0.0004555334098395,-0.019115745482064,-1.3639953090367447,0.0
0.05,23,0.05,-0.0007153412575057,-0.0363061099428624,-1.8276200053694356,0.0
0.05,23,0.06,-0.0011816556086967,-0.0556681455894527,-2.1147312487739893,0.0
0.05,23,0.07,-0.0018287041692948,-0.0786007349183422,-2.4538111133730554,0.0
0.05,23,0.08,-0.0027536703070636,-0.1047443678569138,-2.180744000280561,0.0
0.05,23,0.09,-0.0039235915264331,-0.1222156149239534,-1.3448687177634602,0.0
0.05,23,0.1,-0.0051979826055426,-0.131641742212183,-1.9955721679237461,0.0
0.05,23,0.11,-0.0065564263706767,-0.1621270582824283,-1.4787321886847806,0.0
0.05,23,0.12,-0.0084405237711912,-0.1612163859858786,-2.694261482048761,0.0
0.05,23,0.13,-0.0097807540903943,-0.2160122879234036,-2.368596009169762,0.0
0.05,23,0.14,-0.0127607695296593,-0.2085883061692739,2.2266619501701364,2.2266619501701364
0.05,23,0.15,-0.0139525202137798,-0.171479048920001,3.9618553595531916,3.9618553595531916
0.05,23,0.16,-0.0161903505080593,-0.1293511989782101,-0.8281325690539543,0.0
0.05,23,0.17,-0.016539544193344,-0.1880417003010801,-9.298087038293644,0.0
0.05,23,0.18,-0.0199511845140809,-0.3153129397440827,-4.126448373551137,0.0
0.05,23,0.19,-0.0228458029882256,-0.2705706677721023,16.875336474496997,16.875336474496997
0.05,23,0.2,-0.0253625978695229,0.0221937897458575,-4.997152194762627,0.0
0.05,23,0.21,-0.0224019271933085,-0.3705137116673529,-20.0998988242822,0.0
0.05,23,0.22,-0.03277287210287,-0.3798041867397852,22.64199607773216,22.64199607773216
0.05,23,0.23,-0.0299980109281042,0.0823262098872907,4.934651167733975,4.934651167733975
0.05,23,0.24,-0.0311263479051242,-0.2811111633851035,-23.52394158866524,0.0
0.05,23,0.25,-0.0356202341958063,-0.3881526218860132,1.152071991481625,1.152071991481625
0.05,23,0.26,-0.0388894003428445,-0.258069723555471,19.09816157778247,19.09816157778247
0.05,23,0.27,-0.0407816286669157,-0.0061893903303635,9.28222254964532,9.28222254964532
0.05,23,0.28,-0.0390131881494517,-0.0724252725625644,-11.424649331338363,0.0
0.05,23,0.29,-0.042230134118167,-0.2346823769571298,-15.160595457538355,0.0
0.05,23,0.3,-0.0437068356885943,-0.3756371817133308,-7.474506796624993,0.0
0.05,23,0.31,-0.0497428777524336,-0.3841725128896298,5.703523243984041,5.703523243984041
0.05,23,0.32,-0.0513902859463869,-0.2615667168336499,11.461330776400489,11.461330776400489
0.05,23,0.33,-0.0549742120891066,-0.1549458973616198,12.69504578170714,12.69504578170714
0.05,23,0.34,-0.0544892038936193,-0.0076658011995069,1.1078549360372607,1.1078549360372607
0.05,23,0.35,-0.0551275281130967,-0.1327887986408731,-10.71691995536984,0.0
0.05,23,0.36,-0.0571449798664368,-0.2220042003069031,0.06327020913385883,0.06327020913385883
0.05,23,0.37,-0.0595676121192348,-0.1315233944581959,5.8721835837046905,5.8721835837046905
0.05,23,0.38,-0.0597754477556007,-0.1045605286328092,-0.9275294794968785,0.0
0.05,23,0.39,-0.061658822691891,-0.1500739840481335,-0.13920480750628972,0.0
0.05,23,0.4,-0.0627769274365634,-0.107344624782935,-3.6539587548466725,0.0
0.05,23,0.41,-0.0638057151875497,-0.2231531591450659,1.6819791934962147,1.6819791934962147
0.05,23,0.42,-0.0672399906194647,-0.0737050409130093,19.99781947326178,19.99781947326178
0.05,23,0.43,-0.0652798160058099,0.1768032303201701,-3.8718967717210573,0.0
0.05,23,0.44,-0.0637039260130613,-0.1511429763474305,-19.697526826618407,0.0
0.05,23,0.45,-0.0683026755327585,-0.2171473062121984,1.7770311891441395,1.7770311891441395
0.05,23,0.46,-0.0680468721373053,-0.1156023525645477,8.634121336758014,8.634121336758014
0.05,23,0.47,-0.0706147225840494,-0.0444648794770383,-0.9810492757449616,0.0
0.05,23,0.48,-0.0689361697268461,-0.1352233380794478,-3.3926584954915926,0.0
0.05,23,0.49,-0.0733191893456384,-0.1123180493868702,6.624993422887799,6.624993422887799
0.05,23,0.5,-0.0711825307145835,-0.0027234696216917,-11.108178225214274,0.0
0.05,23,0.51,-0.0733736587380722,-0.3344816138911559,-5.432494651956476,0.0
0.05,23,0.52,-0.0778721629924066,-0.1113733626608213,21.72469688710452,21.72469688710452
0.05,23,0.53,-0.0756011259912886,0.1000123238509349,3.3837790073008023,3.3837790073008023
0.05,23,0.54,-0.0758719165153879,-0.0436977825148052,-6.017111690376655,0.0
0.05,23,0.55,-0.0764750816415847,-0.0203299099565983,-8.638110014990083,0.0
0.05,23,0.56,-0.0762785147145199,-0.216459982814607,-5.031919227428202,0.0
0.05,23,0.57,-0.0808042812978768,-0.1209682945051651,12.116985516069501,12.116985516069501
0.05,23,0.58,-0.0786978806046231,0.0258797275067825,-0.8340229419337755,0.0
0.05,23,0.59,-0.0802866867477412,-0.1376487533438406,0.8482265859265594,0.8482265859265594
0.05,23,0.6,-0.0814508556714999,0.0428442592253137,2.666450804544528,2.666450804544528
0.05,23,0.61,-0.0794298015632349,-0.08431973725295,-0.9097656814969644,0.0
0.05,23,0.62,-0.0831372504165589,0.0246489455953744,-0.20165183739822012,0.0
0.05,23,0.63,-0.0789368226513274,-0.0883527740009144,-2.8588050237201075,0.0
0.05,23,0.64,-0.0849043058965772,-0.0325271548790278,13.51972859874991,13.51972859874991
0.05,23,0.65,-0.079587365748908,0.182041797974084,-7.045534407732429,0.0
0.05,23,0.66,-0.0812634699370955,-0.1734378430336765,-13.86084967889299,0.0
0.05,23,0.67,-0.0830561226095815,-0.095175195603776,-3.2445401443639224,0.0
0.05,23,0.68,-0.083166973849171,-0.238328645920955,-6.819154949939004,0.0
0.05,23,0.69,-0.0878226955280005,-0.2315582946025571,27.819557897629778,27.819557897629778
0.05,23,0.7,-0.0877981397412221,0.318062512031644,11.19322607716543,11.19322607716543
0.05,23,0.71,-0.0814614452873676,-0.0076937730592483,-39.708321285825185,0.0
0.05,23,0.72,-0.0879520152024071,-0.4761039136848604,0.05801826238695995,0.05801826238695995
0.05,23,0.73,-0.0909835235610648,-0.0065334078115091,27.659797698068342,27.659797698068342
0.05,23,0.74,-0.0880826833586373,0.0770920402765069,7.343846034006588,7.343846034006588
0.05,23,0.75,-0.0894416827555347,0.1403435128686228,-4.528230885794606,0.0
0.05,23,0.76,-0.0852758131012648,-0.0134725774393853,3.340351715605288,3.340351715605288
0.05,23,0.77,-0.0897111343043224,0.2071505471807286,-10.624273933418488,0.0
0.05,23,0.78,-0.0811328021576502,-0.2259580561077552,-26.097274667906696,0.0
0.05,23,0.79,-0.0942302954264775,-0.3147949461774058,25.259350213114317,25.259350213114317
0.05,23,0.8,-0.0874287010811983,0.2792289481545316,10.035519325720525,10.035519325720525
0.05,23,0.81,-0.0886457164633869,-0.1140845596629951,-26.03897158079566,0.0
0.05,23,0.82,-0.0897103922744582,-0.2415504834613822,-2.118541316911177,0.0
0.05,23,0.83,-0.0934767261326145,-0.1564553860012161,19.118311935742433,19.118311935742433
0.05,23,0.84,-0.0928394999944826,0.1408157552534668,1.0145055786825443,1.0145055786825443
0.05,23,0.85,-0.0906604110275452,-0.1361652744275652,8.990907941797971,8.990907941797971
0.05,23,0.86,-0.0955628054830339,0.3206339140894263,8.899268570686512,8.899268570686512
0.05,23,0.87,-0.0842477327457566,0.0418200969861652,-45.268055397811764,0.0
0.05,23,0.88,-0.0947264035433105,-0.5847271938668097,1.9285554146458033,1.9285554146458033
0.05,23,0.89,-0.0959422766230928,0.0803912052790813,30.2394802715028,30.2394802715028
0.05,23,0.9,-0.0931185794377289,0.0200624115632468,-9.030509697701323,0.0
0.05,23,0.91,-0.0955410283918279,-0.1002189886749453,-0.8782297395049542,0.0
0.05,23,0.92,-0.0951229592112278,0.0024978167731477,5.809915968896361,5.809915968896361
0.05,23,0.93,-0.095491072056365,0.015979330702982,-10.505391894631396,0.0
0.05,23,0.94,-0.0948033725971682,-0.2076100211194766,8.079885129477894,8.079885129477894
0.05,23,0.95,-0.0996432724787546,0.1775770332925459,15.133704115375693,15.133704115375693
0.05,23,0.96,-0.0912518319313173,0.0950640611880375,-27.826248468452626,0.0
0.05,23,0.97,-0.0977419912549938,-0.3789479360765071,-18.894453975312935,0.0
0.05,23,0.98,-0.0988307906528474,-0.2828250183182215,16.45740400912191,16.45740400912191
0.05,23,0.99,-0.1033984916213582,-0.0497998558940686,31.999770169058216,31.999770169058216
0.05,23,1.0,-0.0998267877707288,0.3571703850629434,40.69702409570117,40.69702409570117
0.05,24,0.01,-0.0010631130350862,-0.0082819916840188,-0.4347433588494499,0.0
0.05,24,0.02,-0.0011459329519264,-0.0126294252725133,-0.7237609840610602,0.0
0.05,24,0.03,-0.0013157015405365,-0.02275721136524,-1.1589489735762353,0.0
0.05,24,0.04,-0.0016010771792312,-0.035808404744038,-1.4238325097035347,0.0
0.05,24,0.05,-0.0020318696354173,-0.0512338615593107,-1.8236631303011557,0.0
0.05,24,0.06,-0.0026257544104174,-0.0722816673500611,-1.8866594933684295,0.0
0.05,24,0.07,-0.0034775029824185,-0.0889670514266793,-1.8603403786856507,0.0
0.05,24,0.08,-0.004405095438951,-0.1094884749237741,-1.9824457261643458,0.0
0.05,24,0.09,-0.005667272480894,-0.1286159659499662,-0.5139618446383558,0.0
0.05,24,0.1,-0.0069774147579504,-0.1197677118165412,-1.9266094021124003,0.0
0.05,24,0.11,-0.0080626267172248,-0.1671481539922141,-2.223384192112386,0.0
0.05,24,0.12,-0.0103203778377946,-0.1642353956587889,0.6907821500044147,0.6907821500044147
0.05,24,0.13,-0.0113473346304006,-0.1533325109921258,-4.904365336632901,0.0
0.05,24,0.14,-0.0133870280576372,-0.262322702391447,-1.217103018198265,0.0
0.05,24,0.15,-0.0165937886782295,-0.1776745713560916,6.388997104078777,6.388997104078777
0.05,24,0.16,-0.016940519484759,-0.1345427603098716,2.5414958472894984,2.5414958472894984
0.05,24,0.17,-0.019284643884427,-0.1268446544103016,-0.3859808857072915,0.0
0.05,24,0.18,-0.019477412572965,-0.1422623780240174,-4.323899270581183,0.0
0.05,24,0.19,-0.0221298914449073,-0.2133226398219254,-6.920314502877469,0.0
0.05,24,0.2,-0.0237438653694035,-0.2806686680815669,-0.009374656270072279,0.0
0.05,24,0.21,-0.0277432648065386,-0.2135101329473272,0.7750170409042116,0.7750170409042116
0.05,24,0.22,-0.0280140680283501,-0.265168327263483,-3.5871052584034313,0.0
0.05,24,0.23,-0.0330466313518083,-0.2852522381153959,5.209378090856962,5.209378090856962
0.05,24,0.24,-0.033719112790658,-0.1609807654463442,11.365977901377597,11.365977901377597
0.05,24,0.25,-0.0362662466607352,-0.0579326800878441,-3.948703872583078,0.0
0.05,24,0.26,-0.0348777663924149,-0.2399548428980058,-8.164667180634904,0.0
0.05,24,0.27,-0.0410653435186953,-0.2212260237005423,4.218323880253548,4.218323880253548
0.05,24,0.28,-0.0393022868664257,-0.1555883652929348,-2.2797532271797234,0.0
0.05,24,0.29,-0.044177110824554,-0.2668210882441357,8.682361890123872,8.682361890123872
0.05,24,0.3,-0.0446387086313084,0.0180588725095445,4.385038749304066,4.385038749304066
0.05,24,0.31,-0.0438159333743631,-0.1791203132580543,-23.17238037615237,0.0
0.05,24,0.32,-0.0482211148964695,-0.4453887350135033,3.083043989090183,3.083043989090183
0.05,24,0.33,-0.0527237080746331,-0.1174594334762506,12.588617760053147,12.588617760053147
0.05,24,0.34,-0.0505703035659945,-0.1936163798124401,-11.338676410319028,0.0
0.05,24,0.35,-0.0565960356708819,-0.3442329616826303,6.460282842073207,6.460282842073207
0.05,24,0.36,-0.0574549627996471,-0.0644107229709738,18.599880918084025,18.599880918084025
0.05,24,0.37,-0.0578842501303014,0.0277646566790505,3.648248940101267,3.648248940101267
0.05,24,0.38,-0.0568996696660661,0.0085542558310516,-12.220419080072434,0.0
0.05,24,0.39,-0.0577131650136803,-0.2166437249223984,-3.6692551372995816,0.0
0.05,24,0.4,-0.0612325441645141,-0.0648308469149401,7.317420094829619,7.317420094829619
0.05,24,0.41,-0.0590097819519791,-0.0702953230258054,-12.005597376720669,0.0
0.05,24,0.42,-0.0626384506250302,-0.3049427944493543,-12.090381400435248,0.0
0.05,24,0.43,-0.0651086378409662,-0.3121029510345106,15.836604385916166,15.836604385916166
0.05,24,0.44,-0.0688805096457204,0.0117892932689693,13.024405970784438,13.024405970784438
0.05,24,0.45,-0.0648728519755869,-0.0516148316188216,-11.717933251459028,0.0
0.05,24,0.46,-0.0699128062780969,-0.2225693717602115,11.361790857275398,11.361790857275398
0.05,24,0.47,-0.0693242394107911,0.1756209855266828,9.296256327505603,9.296256327505603
0.05,24,0.48,-0.0664003865675632,-0.0366442452101032,-19.17504475897634,0.0
0.05,24,0.49,-0.0700571243149932,-0.2078799096528443,-9.482482796370777,0.0
0.05,24,0.5,-0.0705579847606201,-0.2262939011375189,14.600027788603684,14.600027788603684
0.05,24,0.51,-0.0745830023377435,0.0841206461192296,28.600326602916063,28.600326602916063
0.05,24,0.52,-0.0688755718382355,0.3457126309208029,-9.313095855876082,0.0
0.05,24,0.53,-0.0676687497193275,-0.1021412709982922,-38.72728235734724,0.0
0.05,24,0.54,-0.0709183972582013,-0.4288330162261426,-9.350221427389059,0.0
0.05,24,0.55,-0.0762454100438504,-0.2891456995460735,18.319217670982795,18.319217670982795
0.05,24,0.56,-0.0767013112491228,-0.0624486628064864,8.822816640079155,8.822816640079155
0.05,24,0.57,-0.0774943832999801,-0.1126893667444881,2.852986428306706,2.852986428306706
0.05,24,0.58,-0.0789550985840126,-0.0053889342403508,2.1128155706806324,2.1128155706806324
0.05,24,0.59,-0.0776021619847871,-0.0704330553308754,-7.4210421055748546,0.0
0.05,24,0.6,-0.0803637596906301,-0.153809776351848,12.520372760071574,12.520372760071574
0.05,24,0.61,-0.080678357511824,0.1799743998705563,24.764457627256476,24.764457627256476
0.05,24,0.62,-0.0767642716932189,0.3414793761932819,-8.965406159147712,0.0
0.05,24,0.63,-0.0738487699879584,0.0006662766876019,-26.05057249794737,0.0
0.05,24,0.64,-0.0767509461594669,-0.179532073765666,-10.907722057380335,0.0
0.05,24,0.65,-0.0774394114632717,-0.217488164460005,-1.4109238461414293,0.0
0.05,24,0.66,-0.081100709448667,-0.2077505506884946,0.920244670960674,0.920244670960674
0.05,24,0.67,-0.0815944224770416,-0.1990832710407915,8.438300899301458,8.438300899301458
0.05,24,0.68,-0.0850823748694828,-0.0389845327024653,21.37760619692328,21.37760619692328
0.05,24,0.69,-0.082374113131091,0.228468852897671,-5.537795453712562,0.0
0.05,24,0.7,-0.0805129978115295,-0.1497404417767232,-16.78353618071065,0.0
0.05,24,0.71,-0.0853689219666255,-0.1072018707165423,0.13029807372157975,0.13029807372157975
0.05,24,0.72,-0.0826570352258603,-0.1471344803022916,0.42751666447005476,0.42751666447005476
0.05,24,0.73,-0.0883116115726713,-0.0986515374271412,8.442348327488727,8.442348327488727
0.05,24,0.74,-0.0846300659744032,0.0217124862474831,1.7957981535907188,1.7957981535907188
0.05,24,0.75,-0.0878773618477216,-0.0627355743553268,-4.610889231200581,0.0
0.05,24,0.76,-0.0858847774615097,-0.0705052983765286,-10.789121060697086,0.0
0.05,24,0.77,-0.0892874678152522,-0.2785179955692687,10.680567490282511,10.680567490282511
0.05,24,0.78,-0.0914551373728951,0.1431060514291218,11.783218993972334,11.783218993972334
0.05,24,0.79,-0.0864253467866698,-0.0428536156898218,-14.647357302320017,0.0
0.05,24,0.8,-0.0923122096866915,-0.1498410946172788,12.67412198779375,12.67412198779375
0.05,24,0.81,-0.0894221686790153,0.2106288240660534,21.41368926322762,21.41368926322762
0.05,24,0.82,-0.0880996332053704,0.2784326906472749,-25.725177960145665,0.0
0.05,24,0.83,-0.0838535148660698,-0.3038747351368647,-41.78259968722227,0.0
0.05,24,0.84,-0.0941771279081077,-0.5572193030971713,10.846238492463636,10.846238492463636
0.05,24,0.85,-0.0949979009280133,-0.0869499652875918,25.17240659577078,25.17240659577078
0.05,24,0.86,-0.0959161272138596,-0.0537711711817552,17.73829780339552,17.73829780339552
0.05,24,0.87,-0.0960733243516484,0.2678159907803188,27.853922428640864,27.853922428640864
0.05,24,0.88,-0.0905598073982532,0.5033072773910625,-22.158790511407368,0.0
0.05,24,0.89,-0.0860071788038271,-0.1753598194478289,-35.68564667338682,0.0
0.05,24,0.9,-0.0940670037872098,-0.2104056560766745,-2.5185042494855168,0.0
0.05,24,0.91,-0.0902152919253606,-0.2257299044375393,-9.237506686024176,0.0
0.05,24,0.92,-0.0985816018759606,-0.3951557897971582,10.361343000924915,10.361343000924915
0.05,24,0.93,-0.0981184077213038,-0.0185030444190408,45.55496426659488,45.55496426659488
0.05,24,0.94,-0.0989516627643414,0.5159434955347333,6.65540951342886,6.65540951342886
0.05,24,0.95,-0.087799537810609,0.1146051458495254,-52.17164227870792,0.0
0.05,24,0.96,-0.0966595598473509,-0.527489350039426,-3.865692773227322,0.0
0.05,24,0.97,-0.0983493248113976,0.0372912903849789,31.44695758874205,31.44695758874205
0.05,24,0.98,-0.0959137340396513,0.1014498017354155,-13.114751044705285,0.0
0.05,24,0.99,-0.0963203287766893,-0.225003730509127,-25.539889452493572,0.0
0.05,24,1.0,-0.1004138086498338,-0.4093479873144564,-18.43442568053292,0.0
0.05,25,0.01,-0.000725624301733,-0.0046381350690186,-0.32242820361961,0.0
0.05,25,0.02,-0.0007720056524232,-0.0078624171052147,-0.6197399293867553,0.0
0.05,25,0.03,-0.0008828726438373,-0.0170329336567537,-1.111586912567935,0.0
0.05,25,0.04,-0.0011126643255583,-0.0300941553565734,-1.5317022091177743,0.0
0.05,25,0.05,-0.0014847557509688,-0.0476669778391092,-1.8238165579208903,0.0
0.05,25,0.06,-0.0020660038823404,-0.0665704865149912,-1.9599504709017839,0.0
0.05,25,0.07,-0.0028161654812686,-0.0868659872571449,-2.058209987893446,0.0
0.05,25,0.08,-0.0038033236274833,-0.1077346862728601,-1.079885885574556,0.0
0.05,25,0.09,-0.0049708592067258,-0.108463704968636,-0.31609113063099326,0.0
0.05,25,0.1,-0.0059725977268561,-0.11405650888548,-1.7047431582793715,0.0
0.05,25,0.11,-0.0072519893844354,-0.1425585681342234,-5.4336391680492575,0.0
0.05,25,0.12,-0.0088237690895405,-0.2227292922464651,-5.119775860355813,0.0
0.05,25,0.13,-0.0117065752293647,-0.2449540853413396,2.279889849018458,2.279889849018458
0.05,25,0.14,-0.0137228507963673,-0.1771314952660959,6.1561661530601315,6.1561661530601315
0.05,25,0.15,-0.0152492051346866,-0.121830762280137,4.9474396103954295,4.9474396103954295
0.05,25,0.16,-0.0161594660419701,-0.0781827030581874,-3.924207498895976,0.0
0.05,25,0.17,-0.0168128591958504,-0.2003149122580566,-12.854520172941154,0.0
0.05,25,0.18,-0.0201657642871312,-0.3352731065170103,2.703333995566166,2.703333995566166
0.05,25,0.19,-0.0235183213261906,-0.1462482323467324,9.898403637339921,9.898403637339921
0.05,25,0.2,-0.0230907289340658,-0.1373050337702117,1.2178161377881072,1.2178161377881072
0.05,25,0.21,-0.0262644220015948,-0.1218919095909703,-3.5989800822819884,0.0
0.05,25,0.22,-0.0255285671258852,-0.2092846354158517,-5.374277140326891,0.0
0.05,25,0.23,-0.0304501147099118,-0.2293774523975082,-2.628154547724707,0.0
0.05,25,0.24,-0.0301161161738354,-0.2618477263703458,-0.2605240211662423,0.0
0.05,25,0.25,-0.0356870692373188,-0.2345879328208329,12.093609620190776,12.093609620190776
0.05,25,0.26,-0.0348078748302521,-0.0199755339665301,-4.202983522950861,0.0
0.05,25,0.27,-0.0360865799166494,-0.3186476032798502,-9.230701652593293,0.0
0.05,25,0.28,-0.0411808268958491,-0.2045895670183961,7.797702936840684,7.797702936840684
0.05,25,0.29,-0.0401783712570173,-0.1626935445430364,-1.6461351123558199,0.0
0.05,25,0.3,-0.0444346977867098,-0.2375122692655131,3.049331684372511,3.049331684372511
0.05,25,0.31,-0.0449286166423276,-0.1017069108555861,-0.11205134249014925,0.0
0.05,25,0.32,-0.0464688360038216,-0.2397532961153161,-2.520185349446267,0.0
0.05,25,0.33,-0.0497236825646339,-0.1521106178445115,6.400639166312364,6.400639166312364
0.05,25,0.34,-0.0495110483607118,-0.1117405127890687,-0.21809903067404957,0.0
0.05,25,0.35,-0.0519584928204152,-0.156472598457992,-8.241934247945053,0.0
0.05,25,0.36,-0.0526405003298716,-0.2765791977479699,0.8656839423066636,0.8656839423066636
0.05,25,0.37,-0.0574900767753746,-0.1391589196118587,16.5208639480134,16.5208639480134
0.05,25,0.38,-0.0554236787221088,0.0538380812122984,2.2289462514383187,2.2289462514383187
0.05,25,0.39,-0.0564133151511287,-0.0945799945830923,-5.008368123918996,0.0
0.05,25,0.4,-0.0573152786137707,-0.0463292812660816,-6.177676895317189,0.0
0.05,25,0.41,-0.0573399007764503,-0.2181335324894346,-1.9432431105180328,0.0
0.05,25,0.42,-0.0616779492635594,-0.0851941434764405,18.275754317216844,18.275754317216844
0.05,25,0.43,-0.0590437836459791,0.1473815538549026,8.124018308030413,8.124018308030413
0.05,25,0.44,-0.0587303181864613,0.0772862226841679,-25.026967483737756,0.0
0.05,25,0.45,-0.0574980591922958,-0.353157795819853,-26.892864171544748,0.0
0.05,25,0.46,-0.0657934741028584,-0.4605710607467275,12.506323614927467,12.506323614927467
0.05,25,0.47,-0.0667094804072303,-0.1030313235213067,15.169997954021975,15.169997954021975
0.05,25,0.48,-0.0678541005732845,-0.1571711016662909,10.305973747033956,10.305973747033956
0.05,25,0.49,-0.0698529024405562,0.1030881514193726,10.7305613989079,10.7305613989079
0.05,25,0.5,-0.0657923375448971,0.0574401263118673,-9.492655486083077,0.0
0.05,25,0.51,-0.0687040999143188,-0.0867649583022891,-5.067206304355256,0.0
0.05,25,0.52,-0.0675276367109429,-0.0439039997752379,-12.231715304437575,0.0
0.05,25,0.53,-0.0695821799098236,-0.3313992643910408,-6.669891002120539,0.0
0.05,25,0.54,-0.0741556219987637,-0.1773018198176488,27.342717697112263,27.342717697112263
0.05,25,0.55,-0.0731282163061766,0.215455089551205,17.00436871302982,17.00436871302982
0.05,25,0.56,-0.0698465202077396,0.1627855544429479,-5.08328399317652,0.0
0.05,25,0.57,-0.0698725052173176,0.113789409687675,-13.350666547871434,0.0
0.05,25,0.58,-0.0675707320139861,-0.1042277765144814,-29.000507274823388,0.0
0.05,25,0.59,-0.0719570607476072,-0.4662207358087933,-2.0119779639731625,0.0
0.05,25,0.6,-0.0768951467301619,-0.1444673357939447,22.092516432824084,22.092516432824084
0.05,25,0.61,-0.0748464074634861,-0.0243704071523112,4.622084440310865,4.622084440310865
0.05,25,0.62,-0.0773825548732082,-0.0520256469877273,-4.419419127010041,0.0
0.05,25,0.63,-0.0758869204032406,-0.1127587896925121,9.257104136797532,9.257104136797532
0.05,25,0.64,-0.0796377306670584,0.1331164357482235,-0.6181681629194893,0.0
0.05,25,0.65,-0.0732245916882762,-0.1251221529509019,-21.30226514456939,0.0
0.05,25,0.66,-0.0821401737260765,-0.2929288671431647,11.239084421349364,11.239084421349364
0.05,25,0.67,-0.0790831690311395,0.0996595354760856,10.29340019737063,10.29340019737063
0.05,25,0.68,-0.0801469830165547,-0.0870608631957519,-10.438442359487162,0.0
0.05,25,0.69,-0.0808243862950545,-0.1091093117136585,2.045691666848878,2.045691666848878
0.05,25,0.7,-0.0823291692508279,-0.0461470298587736,5.629981797252395,5.629981797252395
0.05,25,0.71,-0.08174732689223,0.0034903242313895,-0.18911020317102478,0.0
0.05,25,0.72,-0.0822593627662001,-0.0499292339221941,-1.9608589063976534,0.0
0.05,25,0.73,-0.0827459115706739,-0.0357268538965636,-2.217306901530948,0.0
0.05,25,0.74,-0.0829738998441314,-0.0942753719528131,-4.887034885034006,0.0
0.05,25,0.75,-0.0846314190097301,-0.1334675515972438,-0.7117534380584241,0.0
0.05,25,0.76,-0.0856432508760763,-0.1085104407139816,10.18176403704086,10.18176403704086
0.05,25,0.77,-0.0868016278240098,0.0701677291435736,1.9332373135060075,1.9332373135060075
0.05,25,0.78,-0.0842398962932048,-0.0698456944438614,-8.700850055880982,0.0
0.05,25,0.79,-0.088198541712887,-0.1038492719740462,9.349072111456133,9.349072111456133
0.05,25,0.8,-0.0863168817326857,0.1171357477852614,12.244229717129624,12.244229717129624
0.05,25,0.81,-0.0858558267571818,0.1410353223685465,-5.751274319682301,0.0
0.05,25,0.82,-0.0834961752853148,0.0021102613916177,-5.627218863587242,0.0
0.05,25,0.83,-0.0858136215293495,0.028490945096804,-10.147847585731096,0.0
0.05,25,0.84,-0.0829263563833787,-0.2008466903230044,-19.368744219207805,0.0
0.05,25,0.85,-0.0898305553358096,-0.3588839392873524,24.83859337314007,24.83859337314007
0.05,25,0.86,-0.0901040351691258,0.2959251771397975,30.65953304907045,30.65953304907045
0.05,25,0.87,-0.0839120517930136,0.2543067216940571,-30.670573017456498,0.0
0.05,25,0.88,-0.0850179007352446,-0.317486283209333,-22.555934724136797,0.0
0.05,25,0.89,-0.0902617774572003,-0.1968119727886792,15.8279489313731,15.8279489313731
0.05,25,0.9,-0.0889541401910182,-0.0009273045818707,8.864057984993007,8.864057984993007
0.05,25,0.91,-0.0902803235488377,-0.0195308130888189,-9.875572236761867,0.0
0.05,25,0.92,-0.0893447564527946,-0.1984387493171082,0.9385627956631092,0.9385627956631092
0.05,25,0.93,-0.0942490985351799,-0.0007595571755567,10.415156687584062,10.415156687584062
0.05,25,0.94,-0.0893599475963058,0.0098643844345742,-14.502353974967779,0.0
0.05,25,0.95,-0.0940518108464885,-0.2908066366749144,1.549126606243779,1.549126606243779
0.05,25,0.96,-0.0951760803298041,0.0408469165594498,14.693240692238012,14.693240692238012
0.05,25,0.97,-0.0932348725152995,0.0030581771698461,6.415913182104564,6.415913182104564
0.05,25,0.98,-0.0951149167864072,0.1691651802015412,0.1987952733028198,0.1987952733028198
0.05,25,0.99,-0.0898515689112687,0.0070340826359025,-34.071590122179494,0.0
0.05,25,1.0,-0.0949742351336892,-0.5122666222420492,-51.93007048779513,0.0
0.05,26,0.01,-0.0011664431265278,-0.0112168484311356,-0.62662252989993,0.0
0.05,26,0.02,-0.0012786116108392,-0.0174830737301349,-0.9392534009230354,0.0
0.05,26,0.03,-0.0015161046011305,-0.0300019164495963,-1.5564345928342953,0.0
0.05,26,0.04,-0.0018786499398311,-0.0486117655868208,-1.9058490904776348,0.0
0.05,26,0.05,-0.0024883399128669,-0.068118898259149,-1.9607732174434855,0.0
0.05,26,0.06,-0.0032410279050141,-0.0878272299356905,-1.95198366495559,0.0
0.05,26,0.07,-0.0042448845115807,-0.1071585715582608,-2.212111434929801,0.0
0.05,26,0.08,-0.0053841993361793,-0.1320694586342865,-2.3245977382571663,0.0
0.05,26,0.09,-0.0068862736842665,-0.1536505263234041,-2.235912172803859,0.0
0.05,26,0.1,-0.0084572098626474,-0.1767877020903637,1.0840147774481643,1.0840147774481643
0.05,26,0.11,-0.0104220277260738,-0.1319702307744409,0.6635847882586159,0.6635847882586159
0.05,26,0.12,-0.0110966144781362,-0.1635160063251914,-3.2535420553554095,0.0
0.05,26,0.13,-0.0136923478525776,-0.1970410718815491,-4.191358607173132,0.0
0.05,26,0.14,-0.0150374359157672,-0.2473431784686541,-2.7173201711408197,0.0
0.05,26,0.15,-0.0186392114219507,-0.2513874753043656,3.6542266937608847,3.6542266937608847
0.05,26,0.16,-0.0200651854218545,-0.1742586445934362,-0.9924172880468785,0.0
0.05,26,0.17,-0.0221243843138194,-0.2712358210653032,-0.23267512071887886,0.0
0.05,26,0.18,-0.0254899018431606,-0.1789121470078143,8.076606952179477,8.076606952179477
0.05,26,0.19,-0.0257026272539757,-0.1097036820217138,-6.617120101631194,0.0
0.05,26,0.2,-0.0276839754835948,-0.3112545490404383,-13.357928188079917,0.0
0.05,26,0.21,-0.0319277182347844,-0.3768622457833124,9.338972394358287,9.338972394358287
0.05,26,0.22,-0.0352212203992611,-0.1244751011532718,16.91311921623547,16.91311921623547
0.05,26,0.23,-0.0344172202578499,-0.0385998614586027,-9.922932913463272,0.0
0.05,26,0.24,-0.0359932176284331,-0.3229337594225361,-14.027148642946631,0.0
0.05,26,0.25,-0.0408758954463006,-0.3191428343175344,4.093345944100767,4.093345944100767
0.05,26,0.26,-0.0423760743147838,-0.2410668405405207,3.119292590237553,3.119292590237553
0.05,26,0.27,-0.045697232257111,-0.2567569825127833,11.13532801875227,11.13532801875227
0.05,26,0.28,-0.0475112139650395,-0.0183602801654751,10.457927399115494,10.457927399115494
0.05,26,0.29,-0.0460644378604205,-0.0475984345304723,-19.727413400328366,0.0
0.05,26,0.3,-0.048463182655649,-0.4129085481720436,-14.143981245873295,0.0
0.05,26,0.31,-0.0543226088238614,-0.3304780594479384,17.716722282664556,17.716722282664556
0.05,26,0.32,-0.0550727438446077,-0.0585741025187522,17.013983382067927,17.013983382067927
0.05,26,0.33,-0.0554940908742365,0.0098016081934204,-0.1295835576160349,0.0
0.05,26,0.34,-0.0548767116807393,-0.0611657736710729,-14.216190868505203,0.0
0.05,26,0.35,-0.0567174063476579,-0.2745222091766823,2.5754274992518225,2.5754274992518225
0.05,26,0.36,-0.060367155864273,-0.0096572236860339,12.062680402215886,12.062680402215886
0.05,26,0.37,-0.0569105508213786,-0.0332686011323644,-14.504064325847335,0.0
0.05,26,0.38,-0.0610325278869203,-0.2997385102029808,10.370922790745706,10.370922790745706
0.05,26,0.39,-0.0629053210254382,0.1741498546825499,16.10272959779383,16.10272959779383
0.05,26,0.4,-0.0575495307932693,0.022316081752896,-26.330765582287576,0.0
0.05,26,0.41,-0.0624589993903802,-0.3524654569631993,-12.98042456232487,0.0
0.05,26,0.42,-0.0645988399325332,-0.2372924094935982,13.020728850728922,13.020728850728922
0.05,26,0.43,-0.0672048475802522,-0.0920508799486206,6.797054278221169,6.797054278221169
0.05,26,0.44,-0.0664398575315056,-0.1013513239291747,6.7379025791119895,6.7379025791119895
0.05,26,0.45,-0.0692318740588357,0.0427071716336193,5.02773533185596,5.02773533185596
0.05,26,0.46,-0.0655857140988332,-0.0007966172920554,-6.133552569738437,0.0
0.05,26,0.47,-0.0692478064046767,-0.079963879761149,-10.057924467527057,0.0
0.05,26,0.48,-0.0671849916940562,-0.2019551066425964,-5.3256888363301504,0.0
0.05,26,0.49,-0.0732869085375287,-0.1864776564877521,5.317774783393165,5.317774783393165
0.05,26,0.5,-0.0709145448238112,-0.095599610974733,7.525379122204959,7.525379122204959
0.05,26,0.51,-0.0751989007570233,-0.0359700740436528,5.1864722921361714,5.1864722921361714
0.05,26,0.52,-0.0716339463046843,0.0081298348679905,-7.5524986793964635,0.0
0.05,26,0.53,-0.0750363040596635,-0.1870200476315822,3.359388587704922,3.359388587704922
0.05,26,0.54,-0.075374347257316,0.075317606622089,14.873178470959733,14.873178470959733
0.05,26,0.55,-0.0735299519272217,0.1104435217876127,-11.962785994963795,0.0
0.05,26,0.56,-0.0731654768215637,-0.1639381132771871,-12.742823561875106,0.0
0.05,26,0.57,-0.0768087141927654,-0.1444129494498915,16.24602698471729,16.24602698471729
0.05,26,0.58,-0.0760537358105615,0.1609824264171604,4.75172520876103,4.75172520876103
0.05,26,0.59,-0.0735890656644222,-0.0493784452746708,-23.302901459274096,0.0
0.05,26,0.6,-0.0770413047160549,-0.3050756027683219,-3.597919317173877,0.0
0.05,26,0.61,-0.0796905777197886,-0.1213368316181484,8.814595189636293,8.814595189636293
0.05,26,0.62,-0.0794680413484179,-0.1287836989755959,8.925074418407872,8.925074418407872
0.05,26,0.63,-0.0822662516993006,0.0571646567500092,13.610773686901409,13.610773686901409
0.05,26,0.64,-0.0783247482134177,0.1434317747624325,-8.321237271098603,0.0
0.05,26,0.65,-0.0793976162040519,-0.109260088671963,-18.420861403111594,0.0
0.05,26,0.66,-0.0805099499868569,-0.2249854532997997,-0.4410067057494693,0.0
0.05,26,0.67,-0.0838973252700479,-0.1180802227869524,7.434286324147174,7.434286324147174
0.05,26,0.68,-0.082871554442596,-0.0762997268168561,7.326402777016549,7.326402777016549
0.05,26,0.69,-0.085423319806385,0.0284478327533772,6.821996640108477,6.821996640108477
0.05,26,0.7,-0.0823025977875284,0.060140205985312,-15.575861660647822,0.0
0.05,26,0.71,-0.0842205156866787,-0.2830694004595795,-10.883816670047775,0.0
0.05,26,0.72,-0.08796398579672,-0.1575361274156437,27.587429589476443,27.587429589476443
0.05,26,0.73,-0.0873712382349916,0.2686791913299498,12.39900152762113,12.39900152762113
0.05,26,0.74,-0.082590401970121,0.0904439031367791,-29.78727301880577,0.0
0.05,26,0.75,-0.085562360172256,-0.3270662690461661,-7.393585159289968,0.0
0.05,26,0.76,-0.0891317273510443,-0.0574278000490204,21.725869976993263,21.725869976993263
0.05,26,0.77,-0.0867109161732364,0.1074511304936995,4.4823097393694855,4.4823097393694855
0.05,26,0.78,-0.0869827047411703,0.0322183947383694,-12.26268842504646,0.0
0.05,26,0.79,-0.086066548278469,-0.1378026380072299,-16.64907105337921,0.0
0.05,26,0.8,-0.0897387575013149,-0.3007630263292151,11.180717328743695,11.180717328743695
0.05,26,0.81,-0.0920818088050534,0.0858117085676442,10.29602214132152,10.29602214132152
0.05,26,0.82,-0.0880225233299621,-0.0948425835027793,4.232734062026547,4.232734062026547
0.05,26,0.83,-0.0939786604751091,0.1704663898081797,2.0952902350019027,2.0952902350019027
0.05,26,0.84,-0.0846131955337985,-0.0529367788027412,-21.327166530066076,0.0
0.05,26,0.85,-0.0950373960511639,-0.2560769407931422,9.692143508954697,9.692143508954697
0.05,26,0.86,-0.0897347343496614,0.1409060913763529,9.672940191431891,9.672940191431891
0.05,26,0.87,-0.0922192742236368,-0.0626181369645042,-12.04868654831176,0.0
0.05,26,0.88,-0.0909870970889514,-0.1000676395898825,5.816631480069515,5.816631480069515
0.05,26,0.89,-0.0942206270154345,0.0537144926368862,9.629683096378807,9.629683096378807
0.05,26,0.9,-0.0899128072362137,0.0925260223376938,-17.52871886030392,0.0
0.05,26,0.91,-0.0923701065686806,-0.2968598845691925,-10.89969905981215,0.0
0.05,26,0.92,-0.0958500049275976,-0.1254679588585494,17.508227340237404,17.508227340237404
0.05,26,0.93,-0.0948794657458516,0.0533046622355559,0.17367525191882827,0.17367525191882827
0.05,26,0.94,-0.0947839116828865,-0.1219944538201689,0.9978306551939435,0.9978306551939435
0.05,26,0.95,-0.097319354822255,0.0732612753394388,4.638991383256781,4.638991383256781
0.05,26,0.96,-0.0933186861760977,-0.0292146261550332,-4.780456503865776,0.0
0.05,26,0.97,-0.0979036473453557,-0.0223478547378768,6.061103310242935,6.061103310242935
0.05,26,0.98,-0.0937656432708552,0.0920074400498256,-14.489735084737529,0.0
0.05,26,0.99,-0.0960634985443591,-0.3121425564326276,-24.325351278234507,0.0
0.05,26,1.0,-0.1000084943995078,-0.3944995855148649,-8.235702908223722,0.0
0.05,27,0.01,-0.0002569184138405,-0.002411094557537,-0.18142314281924002,0.0
0.05,27,0.02,-0.0002810293594158,-0.0042253259857294,-0.39979306166821516,0.0
0.05,27,0.03,-0.0003414249335551,-0.0104069557909013,-0.88158134236964,0.0
0.05,27,0.04,-0.0004891684752339,-0.0218569528331222,-1.4702283139241548,0.0
0.05,27,0.05,-0.0007785639902175,-0.0398115220693844,-1.9855378507640207,0.0
0.05,27,0.06,-0.0012853989166216,-0.0615677098484026,-2.3506867812891237,0.0
0.05,27,0.07,-0.0020099181871856,-0.0868252576951669,-2.0392791821115743,0.0
0.05,27,0.08,-0.0030219040705249,-0.1023532934906341,-1.503089193414116,0.0
0.05,27,0.09,-0.0040569840569982,-0.1168870415634492,-2.8392445905200567,0.0
0.05,27,0.1,-0.0053596449017939,-0.1591381853010353,-3.346405116402999,0.0
0.05,27,0.11,-0.007239747763019,-0.1838151438915092,0.2633988679810253,0.2633988679810253
0.05,27,0.12,-0.0090359477796241,-0.1538702079414148,0.5131437514962993,0.5131437514962993
0.05,27,0.13,-0.0103171519218472,-0.1735522688615833,-3.577863309904237,0.0
0.05,27,0.14,-0.0125069931568557,-0.2254274741394996,-4.730576745736368,0.0
0.05,27,0.15,-0.0148257014046372,-0.2681638037763106,3.310515010683025,3.310515010683025
0.05,27,0.16,-0.0178702692323819,-0.1592171739258387,3.1323493808593987,3.1323493808593987
0.05,27,0.17,-0.018010044883154,-0.2055168161591226,-8.081181801386256,0.0
0.05,27,0.18,-0.0219806055555644,-0.3208408099535635,3.66616316580107,3.66616316580107
0.05,27,0.19,-0.0244268610822253,-0.1321935528431004,6.445683326953215,6.445683326953215
0.05,27,0.2,-0.0246244766124264,-0.1919271434144991,-6.452838389984986,0.0
0.05,27,0.21,-0.0282654039505152,-0.2612503206428,-6.641562383627546,0.0
0.05,27,0.22,-0.0298494830252824,-0.3247583910870499,2.4726938812163883,2.4726938812163883
0.05,27,0.23,-0.0347605717722563,-0.2117964430184722,6.667924325327993,6.667924325327993
0.05,27,0.24,-0.0340854118856519,-0.1913999045804899,7.10929157350572,7.10929157350572
0.05,27,0.25,-0.0385885698638661,-0.0696106115483576,0.23165425446235588,0.23165425446235588
0.05,27,0.26,-0.035477624116619,-0.1867668194912428,-17.0329499398022,0.0
0.05,27,0.27,-0.0423239062536909,-0.4102696103444019,-0.7510800333986545,0.0
0.05,27,0.28,-0.0436830163235071,-0.2017884201592159,11.159802233349055,11.159802233349055
0.05,27,0.29,-0.0463596746568752,-0.1870735656774202,13.91592235852426,13.91592235852426
0.05,27,0.3,-0.0474244876370554,0.0765300270112701,5.7763327483412095,5.7763327483412095
0.05,27,0.31,-0.0448290741166498,-0.0715469107105959,-21.82157489090013,0.0
0.05,27,0.32,-0.0488554258512674,-0.3599014708067329,2.9967387156013077,2.9967387156013077
0.05,27,0.33,-0.0520271035327845,-0.0116121363985697,10.748329003260652,10.748329003260652
0.05,27,0.34,-0.0490876685792388,-0.1449348907415197,-26.724245039959555,0.0
0.05,27,0.35,-0.0549258013476148,-0.5460970371977583,-1.427183655189232,0.0
0.05,27,0.36,-0.0600096093231939,-0.1734785638453,20.408009540909916,20.408009540909916
0.05,27,0.37,-0.0583953726245208,-0.1379368463795596,8.19880988471417,8.19880988471417
0.05,27,0.38,-0.0627683462507851,-0.0095023661510165,12.102219070383635,12.102219070383635
0.05,27,0.39,-0.0585854199475411,0.1041075350281133,-16.045538062781045,0.0
0.05,27,0.4,-0.0606861955502228,-0.3304131274066377,-12.457873443424177,0.0
0.05,27,0.41,-0.0651936824956739,-0.1450499338403732,-3.3272205487289988,0.0
0.05,27,0.42,-0.0635871942270303,-0.39695753838122,-3.250417350313593,0.0
0.05,27,0.43,-0.0731328332632983,-0.2100582808466451,38.319208744357,38.319208744357
0.05,27,0.44,-0.0677883598439632,0.3694266365059206,4.750092782020052,4.750092782020052
0.05,27,0.45,-0.0657443005331799,-0.115056425206244,-28.262540362670368,0.0
0.05,27,0.46,-0.070089488348088,-0.1958241707474872,-0.1557790382216826,0.0
0.05,27,0.47,-0.0696607839481296,-0.1181720059706785,-3.261198544714107,0.0
0.05,27,0.48,-0.0724529284675016,-0.2610481416417705,4.429779998589376,4.429779998589376
0.05,27,0.49,-0.074881746780965,-0.0295764059988909,12.724810177777703,12.724810177777703
0.05,27,0.5,-0.0730444565874795,-0.0065519380862162,-9.397795150388607,0.0
0.05,27,0.51,-0.0750127855426894,-0.2175323090066632,-5.45747606765445,0.0
0.05,27,0.52,-0.0773951027676127,-0.1157014594393053,17.824051418006697,17.824051418006697
0.05,27,0.53,-0.0773268147314755,0.138948719353471,9.694931632016077,9.694931632016077
0.05,27,0.54,-0.0746161283805433,0.0781971732010164,-4.515212477039427,0.0
0.05,27,0.55,-0.0757628712674551,0.0486444698126824,-3.797600340582627,0.0
0.05,27,0.56,-0.0736432389842897,0.0022451663893638,-11.38003834556595,0.0
0.05,27,0.57,-0.0757179679396678,-0.178956297098634,-19.270107358995087,0.0
0.05,27,0.58,-0.0772223649262623,-0.3831569807905364,4.569128541095656,4.569128541095656
0.05,27,0.59,-0.0833811075554785,-0.0875737262767208,25.762244328353052,25.762244328353052
0.05,27,0.6,-0.0789738394517968,0.1320879057765251,-7.911269821943119,0.0
0.05,27,0.61,-0.080739349439948,-0.2457991227155833,9.55756056269669,9.55756056269669
0.05,27,0.62,-0.0838898219061084,0.3232391170304591,33.12137619879111,33.12137619879111
0.05,27,0.63,-0.0742745670993388,0.4166284012602395,-40.17455423359486,0.0
0.05,27,0.64,-0.0755572538809036,-0.4802519676414389,-44.94191401947117,0.0
0.05,27,0.65,-0.0838796064521676,-0.4822098791291846,27.340141521275566,27.340141521275566
0.05,27,0.66,-0.0852014514634873,0.0665508627840729,24.08223034086261,24.08223034086261
0.05,27,0.67,-0.0825485891964862,-0.000565272311932,1.994697083791808,1.994697083791808
0.05,27,0.68,-0.085212756909726,0.1064448044599091,1.7418534265586088,1.7418534265586088
0.05,27,0.69,-0.0804196931072881,0.034271796219242,-22.315888451096487,0.0
0.05,27,0.7,-0.0845273209853412,-0.339872964562022,-13.189526788512023,0.0
0.05,27,0.71,-0.0872171523985285,-0.2295187395509987,19.050425151292742,19.050425151292742
0.05,27,0.72,-0.0891176957763612,0.0411355384638332,11.476340176997576,11.476340176997576
0.05,27,0.73,-0.0863944416292519,8.063988953033174e-06,-6.3002640094151845,0.0
0.05,27,0.74,-0.0891175344965822,-0.0848697417244706,-5.4551325308997916,0.0
0.05,27,0.75,-0.0880918364637413,-0.1090945866290429,6.8893619597205085,6.8893619597205085
0.05,27,0.76,-0.091299426229163,0.0529174974699397,7.216329012309898,7.216329012309898
0.05,27,0.77,-0.0870334865143425,0.0352319936171552,-15.103162837574606,0.0
0.05,27,0.78,-0.0905947863568199,-0.2491457592815527,9.718559686102106,9.718559686102106
0.05,27,0.79,-0.0920164016999735,0.2296031873391975,27.85802020216332,27.85802020216332
0.05,27,0.8,-0.086002722610036,0.3080146447617142,-27.94061796931408,0.0
0.05,27,0.81,-0.0858561088047393,-0.3292091720470846,-33.83156604157893,0.0
0.05,27,0.82,-0.0925869060509775,-0.3686166760698679,20.55430815080705,20.55430815080705
0.05,27,0.83,-0.0932284423261365,0.0818769909690599,26.073585515369956,26.073585515369956
0.05,27,0.84,-0.0909493662315963,0.1528550342375316,4.575744141816071,4.575744141816071
0.05,27,0.85,-0.0901713416413859,0.1733918738053814,0.4122796173304799,0.4122796173304799
0.05,27,0.86,-0.0874815287554887,0.1611006265841412,-22.498986998731603,0.0
0.05,27,0.87,-0.0869493291097031,-0.2765878661692511,-24.03561719188205,0.0
0.05,27,0.88,-0.0930132860788737,-0.3196117172535002,13.317400548753598,13.317400548753598
0.05,27,0.89,-0.0933415634547731,-0.0102398551941789,11.6707442409142,11.6707442409142
0.05,27,0.9,-0.0932180831827573,-0.086196832435216,-7.802691022037938,0.0
0.05,27,0.91,-0.0950655001034774,-0.1662936756349378,0.819322352144034,0.819322352144034
0.05,27,0.92,-0.096543956695456,-0.0698103853923353,30.239146147814747,30.239146147814747
0.05,27,0.93,-0.0964617078113241,0.4384892473213577,-7.355839486773267,0.0
0.05,27,0.94,-0.087774171749029,-0.216927175127787,-36.116361700288294,0.0
0.05,27,0.95,-0.1008002513138801,-0.2838379866843983,32.35886784683541,32.35886784683541
0.05,27,0.96,-0.093450931482717,0.4302501818089217,9.207665931655422,9.207665931655422
0.05,27,0.97,-0.0921952476777016,-0.0996846680512897,-39.81950856591757,0.0
0.05,27,0.98,-0.0954446248437428,-0.3661399895094304,-6.714945699896585,0.0
0.05,27,0.99,-0.0995180474678903,-0.2339835820492215,15.27575439128668,15.27575439128668
0.05,27,1.0,-0.1001242964847272,-0.0606249016836965,17.335868036552487,17.335868036552487
0.05,28,0.01,-0.0007866943624283,-0.0092125479229204,-0.47713475955067,0.0
0.05,28,0.02,-0.0008788198416575,-0.0139838955184271,-0.8467175608584004,0.0
0.05,28,0.03,-0.0010663722727968,-0.0261468991400884,-1.56713142191093,0.0
0.05,28,0.04,-0.0014017578244592,-0.0453265239566457,-1.9689381214282695,0.0
0.05,28,0.05,-0.0019729027519297,-0.0655256615686538,-2.0436143105001103,0.0
0.05,28,0.06,-0.0027122710558323,-0.0861988101666479,-2.230631966202569,0.0
0.05,28,0.07,-0.0036968789552627,-0.1101383008927052,-2.6882430843989953,0.0
0.05,28,0.08,-0.0049150370736864,-0.1399636718546278,-2.1790255691031817,0.0
0.05,28,0.09,-0.0064961523923552,-0.1537188122747688,-2.0495836414868585,0.0
0.05,28,0.1,-0.0079894133191818,-0.180955344684365,-1.5638000529733542,0.0
0.05,28,0.11,-0.0101152592860425,-0.1849948133342359,-1.0201974095666895,0.0
0.05,28,0.12,-0.0116893095858665,-0.2013592928756988,-2.5470480136421294,0.0
0.05,28,0.13,-0.0141424451435565,-0.2359357736070785,-2.790220197866793,0.0
0.05,28,0.14,-0.0164080250580081,-0.2571636968330347,3.855875428462559,3.855875428462559
0.05,28,0.15,-0.0192857190802172,-0.1588182650378277,5.972842088277198,5.972842088277198
0.05,28,0.16,-0.0195843903587646,-0.137706855067491,-3.4420493606593974,0.0
0.05,28,0.17,-0.022039856181567,-0.2276592522510157,-6.46530846128274,0.0
0.05,28,0.18,-0.0241375754037849,-0.2670130242931459,-5.959890368864778,0.0
0.05,28,0.19,-0.0273801166674299,-0.3468570596283113,0.7182661162243758,0.7182661162243758
0.05,28,0.2,-0.0310747165963512,-0.2526477019686584,3.505805429314451,3.505805429314451
0.05,28,0.21,-0.0324330707068031,-0.276740951042022,4.202601652589308,4.202601652589308
0.05,28,0.22,-0.0366095356171916,-0.1685956689168719,10.894370554420545,10.894370554420545
0.05,28,0.23,-0.0358049840851406,-0.0588535399536109,-9.04916320828462,0.0
0.05,28,0.24,-0.0377866064162638,-0.3495789330825631,-17.46119306809145,0.0
0.05,28,0.25,-0.0427965627467918,-0.4080774013154391,12.764430255696825,12.764430255696825
0.05,28,0.26,-0.0459481544425726,-0.0942903279686264,11.104050261740568,11.104050261740568
0.05,28,0.27,-0.0446823693061644,-0.1859963960806276,-8.916758507227257,0.0
0.05,28,0.28,-0.0496680823641852,-0.2726254981131717,10.794698236451904,10.794698236451904
0.05,28,0.29,-0.0501348792684278,0.0298975686484079,8.499449270685872,8.499449270685872
0.05,28,0.3,-0.049070130991217,-0.102636512699457,-9.80655129620121,0.0
0.05,28,0.31,-0.0521876095224169,-0.1662334572756165,-7.571883680299567,0.0
0.05,28,0.32,-0.0523948001367294,-0.2540741863054485,-7.656379784893661,0.0
0.05,28,0.33,-0.0572690932485259,-0.3193610529734898,11.227634655775509,11.227634655775509
0.05,28,0.34,-0.0587820211961992,-0.0295214931899381,12.264014849748195,12.264014849748195
0.05,28,0.35,-0.0578595231123247,-0.0740807559785245,-9.603316318275724,0.0
0.05,28,0.36,-0.0602636363157697,-0.2215878195554528,-6.395566865383695,0.0
0.05,28,0.37,-0.0622912795034337,-0.2019920932861985,4.821990552501739,4.821990552501739
0.05,28,0.38,-0.0643034781814936,-0.1251480085054179,5.055029304468771,5.055029304468771
0.05,28,0.39,-0.0647942396735421,-0.100891507196823,2.821724745352423,2.821724745352423
0.05,28,0.4,-0.0663213083254301,-0.0687135135983694,1.915532528772741,1.915532528772741
0.05,28,0.41,-0.0661685099455095,-0.0625808566213681,-6.85815825783013,0.0
0.05,28,0.42,-0.0675729254578575,-0.2058766787549726,2.4064365904917526,2.4064365904917526
0.05,28,0.43,-0.0702860435206089,-0.014452124811533,9.652434842362462,9.652434842362462
0.05,28,0.44,-0.0678619679540881,-0.0128279819077232,-3.6145569998331717,0.0
0.05,28,0.45,-0.0705426031587634,-0.0867432648081965,-3.267690740740622,0.0
0.05,28,0.46,-0.0695968332502521,-0.0781817967225357,2.6224584729349143,2.6224584729349143
0.05,28,0.47,-0.0721062390932141,-0.0342940953494985,-3.7457179121696065,0.0
0.05,28,0.48,-0.070282715157242,-0.1530961549659286,1.5028023112019888,1.5028023112019888
0.05,28,0.49,-0.0751681621925327,-0.0042380491254587,1.0185152385904885,1.0185152385904885
0.05,28,0.5,-0.0703674761397512,-0.1327258501941188,-10.569136038764743,0.0
0.05,28,0.51,-0.0778226791964151,-0.2156207699007537,11.645520587357536,11.645520587357536
0.05,28,0.52,-0.0746798915377663,0.1001845615530321,-2.087163812302135,0.0
0.05,28,0.53,-0.0758189879653544,-0.2573640461467965,-13.856509179877184,0.0
0.05,28,0.54,-0.0798271724607022,-0.1769456220445118,10.355972333155275,10.355972333155275
0.05,28,0.55,-0.0793579004062447,-0.0502445994836908,12.350350930357092,12.350350930357092
0.05,28,0.56,-0.080832064450376,0.0700613965626302,-2.251108850981044,0.0
0.05,28,0.57,-0.0779566724749921,-0.0952667765033083,-6.544736479914676,0.0
0.05,28,0.58,-0.0827373999804423,-0.0608333330356605,19.829757467832955,19.829757467832955
0.05,28,0.59,-0.0791733391357053,0.3013283728533511,-1.805432459892283,0.0
0.05,28,0.6,-0.0767108325233753,-0.0969419822335062,-36.5818214574004,0.0
0.05,28,0.61,-0.0811121787803754,-0.4303080562946575,-6.15339675035211,0.0
0.05,28,0.62,-0.0853169936492684,-0.2200099172405485,21.723340232657634,21.723340232657634
0.05,28,0.63,-0.0855123771251864,0.0041587483584955,8.468644819952592,8.468644819952592
0.05,28,0.64,-0.0852338186820985,-0.0506370208414965,4.40207089975199,4.40207089975199
0.05,28,0.65,-0.0865251175420163,0.0922001663535354,19.12491983898024,19.12491983898024
0.05,28,0.66,-0.0833898153550278,0.3318613759381086,-17.019158629683265,0.0
0.05,28,0.67,-0.0798878900232542,-0.2481830062401302,-20.938348878878603,0.0
0.05,28,0.68,-0.0883534754798304,-0.0869056016394638,18.780578177623866,18.780578177623866
0.05,28,0.69,-0.0816260020560436,0.1274285573123448,-10.36315328747344,0.0
0.05,28,0.7,-0.0858049043335837,-0.2941686673889387,1.7729045505099332,1.7729045505099332
0.05,28,0.71,-0.0875093754038224,0.1628866483225435,17.975601715464308,17.975601715464308
0.05,28,0.72,-0.0825471713671328,0.0653433669203478,-33.57485185296382,0.0
0.05,28,0.73,-0.0862025080654154,-0.5086103887367335,-2.4666450817012477,0.0
0.05,28,0.74,-0.0927193791418675,0.0160104652863228,49.57134843135877,49.57134843135877
0.05,28,0.75,-0.085882298759689,0.4828165798904429,-12.05214195445093,0.0
0.05,28,0.76,-0.0830630475440586,-0.225032373802696,-52.76285475942073,0.0
0.05,28,0.77,-0.0903829462357429,-0.5724405152979726,22.833114690494426,22.833114690494426
0.05,28,0.78,-0.0945118578500181,0.2316299200071929,26.340272117872246,26.340272117872246
0.05,28,0.79,-0.085750347835599,-0.0456350729405272,-24.06547383625572,0.0
0.05,28,0.8,-0.0954245593088286,-0.2496795567179219,3.282166691352497,3.282166691352497
0.05,28,0.81,-0.0907439389699575,0.0200082608865228,8.138128860712792,8.138128860712792
0.05,28,0.82,-0.095024394091098,-0.0869169795036626,-4.265672241056601,0.0
0.05,28,0.83,-0.0924822785600306,-0.0653051839346074,-7.1978502712115935,0.0
0.05,28,0.84,-0.0963304977697902,-0.2308739849278946,8.389793116433163,8.389793116433163
0.05,28,0.85,-0.0970997582585885,0.102490678394056,23.6484989044192,23.6484989044192
0.05,28,0.86,-0.0942806842019091,0.2420959931604898,-9.638870368583053,0.0
0.05,28,0.87,-0.0922578383953787,-0.0902867289776052,-33.383351087228405,0.0
0.05,28,0.88,-0.0960864187814612,-0.4255710285840788,7.242220819124855,7.242220819124855
0.05,28,0.89,-0.1007692589670603,0.054557687404892,39.960313424766056,39.960313424766056
0.05,28,0.9,-0.0949952650333633,0.373635239911243,-14.969162571951447,0.0
0.05,28,0.91,-0.0932965541688355,-0.2448255640341372,-26.491047629543967,0.0
0.05,28,0.92,-0.0998917763140461,-0.1561857126796368,26.950501458436158,26.950501458436158
0.05,28,0.93,-0.0964202684224282,0.2941844651345864,3.5518879132029095,3.5518879132029095
0.05,28,0.94,-0.0940080870113544,-0.0851479544155697,-20.920926599493868,0.0
0.05,28,0.95,-0.0981232275107397,-0.1242340668552852,9.314344641620828,9.314344641620828
0.05,28,0.96,-0.0964927683484601,0.101138938416847,-0.04953428748746447,0.0
0.05,28,0.97,-0.0961004487424027,-0.1252247526050345,-4.110072690707371,0.0
0.05,28,0.98,-0.0989972634005608,0.0189374846026995,3.901790388398971,3.901790388398971
0.05,28,0.99,-0.0957216990503487,-0.047188944837055,-22.0435904649007,0.0
0.05,28,1.0,-0.0999410422973019,-0.4219343246953149,-37.474537985825954,0.0
0.05,29,0.01,-0.0015503502367675,-0.0107569632290609,-0.52807580454616,0.0
0.05,29,0.02,-0.0016579198690581,-0.0160377212745225,-0.8632281660386901,0.0
0.05,29,0.03,-0.001871104662258,-0.0280215265498347,-1.35810889805104,0.0
0.05,29,0.04,-0.0022183504000548,-0.0431998992355433,-1.7117816770920193,0.0
0.05,29,0.05,-0.0027351026469688,-0.0622571600916751,-1.9232139959453454,0.0
0.05,29,0.06,-0.0034634936018883,-0.0816641791544502,-1.71027536780216,0.0
0.05,29,0.07,-0.0043683862300578,-0.0964626674477183,-1.9817218966993408,0.0
0.05,29,0.08,-0.0053927469508427,-0.121298617088437,-1.4175876034482968,0.0
0.05,29,0.09,-0.0067943585718266,-0.1248144195166842,-1.826449804589613,0.0
0.05,29,0.1,-0.0078890353411764,-0.1578276131802293,-1.0690937257831417,0.0
0.05,29,0.11,-0.0099509108354312,-0.1461962940323471,-1.1029204170795053,0.0
0.05,29,0.12,-0.0108129612218233,-0.1798860215218194,-3.758173651301819,0.0
0.05,29,0.13,-0.0135486312658675,-0.2213597670583835,-3.206399379057462,0.0
0.05,29,0.14,-0.015240156562991,-0.2440140091029687,0.6416498501918078,0.6416498501918078
0.05,29,0.15,-0.0184289114479269,-0.2085267700545475,5.183841882555413,5.183841882555413
0.05,29,0.16,-0.0194106919640819,-0.1403371714518604,-4.306023469762781,0.0
0.05,29,0.17,-0.0212356548769641,-0.2946472394498032,-5.525795129086141,0.0
0.05,29,0.18,-0.025303636753078,-0.2508530740335837,8.616270160692379,8.616270160692379
0.05,29,0.19,-0.0262527163576358,-0.1223218362359555,2.837754064366502,2.837754064366502
0.05,29,0.2,-0.0277500734777971,-0.1940979927462536,-7.7486996387858555,0.0
0.05,29,0.21,-0.0301346762125609,-0.2772958290116725,-2.7878956930440104,0.0
0.05,29,0.22,-0.0332959900580305,-0.2498559066071335,8.179674287827794,8.179674287827794
0.05,29,0.23,-0.0351317943447035,-0.1137023432551165,0.760169585018776,0.760169585018776
0.05,29,0.24,-0.0355700369231329,-0.2346525149067573,-4.209123584238974,0.0
0.05,29,0.25,-0.0398248446428387,-0.1978848149398955,2.4310323594914927,2.4310323594914927
0.05,29,0.26,-0.0395277332219308,-0.1860318677169274,-3.5780935911073772,0.0
0.05,29,0.27,-0.0435454819971772,-0.2694466867620431,-4.854029025499937,0.0
0.05,29,0.28,-0.0449166669571717,-0.2831124482269262,1.306512780938844,1.306512780938844
0.05,29,0.29,-0.0492077309617157,-0.2433164311432665,8.752632697197253,8.752632697197253
0.05,29,0.3,-0.0497829955800369,-0.108059794282981,8.30990610578108,8.30990610578108
0.05,29,0.31,-0.0513689268473754,-0.0771183090276448,-3.698631013906901,0.0
0.05,29,0.32,-0.0513253617605898,-0.1820324145611191,3.2835682622424267,3.2835682622424267
0.05,29,0.33,-0.0550095751385978,-0.0114469437827962,9.905067768442741,9.905067768442741
0.05,29,0.34,-0.0515543006362458,0.0160689408077359,-3.2399365475295347,0.0
0.05,29,0.35,-0.054688196322443,-0.0762456747333861,-9.907705437093863,0.0
0.05,29,0.36,-0.0530792141309135,-0.1820851679341411,-14.407099068682081,0.0
0.05,29,0.37,-0.0583298996811258,-0.364387656107028,4.853687298893746,4.853687298893746
0.05,29,0.38,-0.060366967253054,-0.0850114219562661,9.125241990235265,9.125241990235265
0.05,29,0.39,-0.0600301281202511,-0.1818828163023225,-15.666987553251184,0.0
0.05,29,0.4,-0.0640046235791005,-0.3983511730212901,-1.1891169613396553,0.0
0.05,29,0.41,-0.0679971515806769,-0.2056651555291178,29.410480838997728,29.410480838997728
0.05,29,0.42,-0.0681179266896828,0.1898584437586645,16.838007529397842,16.838007529397842
0.05,29,0.43,-0.0641999827055036,0.1310949950588393,-8.780504127122448,0.0
0.05,29,0.44,-0.065496026788506,0.0142483612162154,-14.961115810421171,0.0
0.05,29,0.45,-0.0639150154811793,-0.1681273211495844,-21.000406530798802,0.0
0.05,29,0.46,-0.0688585732114977,-0.405759769399761,2.0280261298089615,2.0280261298089615
0.05,29,0.47,-0.0720302108691745,-0.1275667985534081,20.11881476590207,20.11881476590207
0.05,29,0.48,-0.0714099091825659,-0.0033834740817213,-1.4032631649992142,0.0
0.05,29,0.49,-0.0720978803508089,-0.1556320618533924,11.840528154246195,11.840528154246195
0.05,29,0.5,-0.0745225504196337,0.2334270890032028,13.716881777489164,13.716881777489164
0.05,29,0.51,-0.0674293385707449,0.1187055736963911,-27.110313308202187,0.0
0.05,29,0.52,-0.0721484389457059,-0.3087791771608414,-6.70016237678307,0.0
0.05,29,0.53,-0.0736049221139617,-0.0152976738392704,7.354978597546651,7.354978597546651
0.05,29,0.54,-0.0724543924224913,-0.1616796052099083,-19.059602460345694,0.0
0.05,29,0.55,-0.0768385142181599,-0.3964897230461846,6.043467086091264,6.043467086091264
0.05,29,0.56,-0.080384186883415,-0.0408102634880829,18.563725611046856,18.563725611046856
0.05,29,0.57,-0.0776547194879216,-0.0252152108252454,-9.839602155998803,0.0
0.05,29,0.58,-0.08088849109992,-0.2376023066080606,1.465052176012754,1.465052176012754
0.05,29,0.59,-0.0824067656200828,0.0040858326950097,9.86829595500817,9.86829595500817
0.05,29,0.6,-0.0808067744460198,-0.040236387507897,5.107747663980761,5.107747663980761
0.05,29,0.61,-0.0832114933702408,0.106240785974625,4.141874721250531,4.141874721250531
0.05,29,0.62,-0.0786819587265273,0.0426011069171137,-11.264816219502226,0.0
0.05,29,0.63,-0.0823594712318985,-0.1190555384154197,3.436619413927117,3.436619413927117
0.05,29,0.64,-0.0810630694948357,0.1113334951956561,-1.0776761403784132,0.0
0.05,29,0.65,-0.0801328013279854,-0.140609061222988,-11.04522594752003,0.0
0.05,29,0.66,-0.0838752507192955,-0.1095710237547447,4.850142373814581,4.850142373814581
0.05,29,0.67,-0.0823242218030803,-0.0436062137466963,-2.4933065389858227,0.0
0.05,29,0.68,-0.0847473749942294,-0.1594371545344612,-7.516554272685419,0.0
0.05,29,0.69,-0.0855129648937695,-0.1939372992004049,-8.732575067839651,0.0
0.05,29,0.7,-0.0886261209782375,-0.3340886558912546,10.922977831920186,10.922977831920186
0.05,29,0.71,-0.0921947380115946,0.024522257437999,33.41209279331997,33.41209279331997
0.05,29,0.72,-0.0881356758294775,0.3341531999751455,0.7988153944545242,0.7988153944545242
0.05,29,0.73,-0.0855116740120917,0.0404985653270895,-22.27966528184775,0.0
0.05,29,0.74,-0.0873257045229357,-0.1114401056618099,-4.894755073771856,0.0
0.05,29,0.75,-0.0877404761253279,-0.0573965361483477,-1.4043750878407932,0.0
0.05,29,0.76,-0.0884736352459027,-0.1395276074186258,-7.220027942307933,0.0
0.05,29,0.77,-0.0905310282737004,-0.2017970949945065,9.261038034590321,9.261038034590321
0.05,29,0.78,-0.0925095771457928,0.0456931532731808,22.80400101698754,22.80400101698754
0.05,29,0.79,-0.0896171652082368,0.2542829253452447,4.285245687183531,4.285245687183531
0.05,29,0.8,-0.0874239186388879,0.1313980670168515,-27.55541472086651,0.0
0.05,29,0.81,-0.0869892038678997,-0.2968253690720859,-29.53821928481569,0.0
0.05,29,0.82,-0.0933604260203295,-0.4593663186794625,29.883124802953702,29.883124802953702
0.05,29,0.83,-0.0961765302414889,0.3008371269869956,22.579064667154185,22.579064667154185
0.05,29,0.84,-0.0873436834805896,-0.0077850253363784,-23.871007594510885,0.0
0.05,29,0.85,-0.0963322307482165,-0.1765830249032225,10.734523295750162,10.734523295750162
0.05,29,0.86,-0.0908753439786541,0.206905440578625,-6.421601673598325,0.0
0.05,29,0.87,-0.092194121936644,-0.3050150583751891,-26.227526562437273,0.0
0.05,29,0.88,-0.0969756451461579,-0.3176450906701209,20.710287505511292,20.710287505511292
0.05,29,0.89,-0.0985470237500464,0.1091906917350371,23.470158493747626,23.470158493747626
0.05,29,0.9,-0.0947918313114571,0.151758079204832,-17.223689968459446,0.0
0.05,29,0.91,-0.0955118621659497,-0.2352831076341521,-12.747820341831709,0.0
0.05,29,0.92,-0.0994974934641402,-0.1031983276318024,25.709960338830946,25.709960338830946
0.05,29,0.93,-0.0975758287185858,0.2789160991424673,4.518936088065351,4.518936088065351
0.05,29,0.94,-0.0939191714812909,-0.0128196058704883,-21.25242280058118,0.0
0.05,29,0.95,-0.0978322208359957,-0.1461323568691526,-5.040592315049561,0.0
0.05,29,0.96,-0.0968418186186739,-0.1136314521714796,-4.852031295474551,0.0
0.05,29,0.97,-0.1001048498794253,-0.2431729827786437,-2.1320721214815173,0.0
0.05,29,0.98,-0.1017052782742468,-0.15627289460111,18.41904794452696,18.41904794452696
0.05,29,0.99,-0.1032303077714475,0.1252079761118958,27.959589827248486,27.959589827248486
0.05,29,1.0,-0.0992011187520089,0.4029189019438602,27.77109258319642,27.77109258319642
0.15,0,0.01,-0.000233293853677,-0.0125890422897023,-1.11817238756144,0.0
0.15,0,0.02,-0.0003591842765741,-0.0237707661653167,-2.0623159607548756,0.0
0.15,0,0.03,-0.0007087091769834,-0.0538353615047998,-3.4478468813733105,0.0
0.15,0,0.04,-0.0014358915066701,-0.0927277037927829,-4.160003225616639,0.0
0.15,0,0.05,-0.002563263252839,-0.1370354260171326,-4.2101230889201195,0.0
0.15,0,0.06,-0.0041766000270127,-0.1769301655711853,-2.036728962880547,0.0
0.15,0,0.07,-0.0061018665642627,-0.1777700052747435,-4.230160712923446,0.0
0.15,0,0.08,-0.0077320001325076,-0.2615333798296541,-11.528776636500075,0.0
0.15,0,0.09,-0.0113325341608558,-0.4083455380047449,-6.597650445101744,0.0
0.15,0,0.1,-0.0158989108926025,-0.3934863887316888,4.364312324465189,4.364312324465189
0.15,0,0.11,-0.0192022619354896,-0.3210592915154411,5.996188305892423,5.996188305892423
0.15,0,0.12,-0.0223200967229113,-0.2735626226138404,-5.090248631145997,0.0
0.15,0,0.13,-0.0246735143877664,-0.4228642641383613,-16.60211646642426,0.0
0.15,0,0.14,-0.0307773820056785,-0.6056049519423259,-4.465593660809386,0.0
0.15,0,0.15,-0.0367856134266129,-0.5121761373545497,9.058636381582058,9.058636381582058
0.15,0,0.16,-0.0410209047527695,-0.4244322243106848,6.891329712122314,6.891329712122314
0.15,0,0.17,-0.0452742579128266,-0.3743495431121033,2.2847727423390936,2.2847727423390936
0.15,0,0.18,-0.0485078956150116,-0.3787367694639028,2.34250409236353,2.34250409236353
0.15,0,0.19,-0.0528489933021047,-0.3274994612648325,-0.8932323548562096,0.0
0.15,0,0.2,-0.0550578848403083,-0.396601416561027,10.880895891556438,10.880895891556438
0.15,0,0.21,-0.0607810216333252,-0.1098815434337048,-2.4950531974802708,0.0
0.15,0,0.22,-0.0572555157089823,-0.4465024805106341,-36.50359056393859,0.0
0.15,0,0.23,-0.0697110712435379,-0.8399533547124771,-2.807479447205953,0.0
0.15,0,0.24,-0.0740545828032319,-0.5026520694547552,14.234705293450492,14.234705293450492
0.15,0,0.25,-0.079764112632633,-0.5552592488434684,16.23943689811479,16.23943689811479
0.15,0,0.26,-0.0851597677801013,-0.1778633314924591,22.544536213732385,22.544536213732385
0.15,0,0.27,-0.0833213792624822,-0.1043685245688204,-14.949196694727197,0.0
0.15,0,0.28,-0.0872471382714777,-0.4768472653870033,-13.59429374183277,0.0
0.15,0,0.29,-0.0928583245702222,-0.3762543994054779,9.722919862204751,9.722919862204751
0.15,0,0.3,-0.0947722262595872,-0.2823888681429087,0.07678328327296668,0.07678328327296668
0.15,0,0.31,-0.0985061019330804,-0.3747187337400186,32.99609623562977,32.99609623562977
0.15,0,0.32,-0.1022666009343876,0.3775330565696873,13.533104346855826,13.533104346855826
0.15,0,0.33,-0.0909554408016867,-0.1040566468029018,-40.31568818947605,0.0
0.15,0,0.34,-0.1043477338704456,-0.4287807072198344,15.630929774916051,15.630929774916051
0.15,0,0.35,-0.0995310549460835,0.2085619486954133,12.98567750024189,12.98567750024189
0.15,0,0.36,-0.1001764948965374,-0.1690671572150028,-26.210792109115452,0.0
0.15,0,0.37,-0.1029123980903835,-0.3156538934868962,-3.714761651403231,0.0
0.15,0,0.38,-0.1064895727662753,-0.2433623902430675,0.26867315238336786,0.26867315238336786
0.15,0,0.39,-0.1077796458952449,-0.3102804304392288,6.864165966284784,6.864165966284784
0.15,0,0.4,-0.1126951813750599,-0.1060790709173717,27.773564831079696,27.773564831079696
0.15,0,0.41,-0.1099012273135923,0.2451908661823632,-8.11402870132034,0.0
0.15,0,0.42,-0.1077913640514127,-0.268359644943783,-20.08145242935917,0.0
0.15,0,0.43,-0.115268420212468,-0.1564381824048206,14.846148851254863,14.846148851254863
0.15,0,0.44,-0.1109201276995091,0.0285633320813145,10.920008767848385,10.920008767848385
0.15,0,0.45,-0.1146971535708417,0.0619619929521473,7.089019553594464,7.089019553594464
0.15,0,0.46,-0.1096808878404661,0.1703437231532039,-6.956993344389657,0.0
0.15,0,0.47,-0.1112902791077776,-0.0771778739356436,-18.870174095112425,0.0
0.15,0,0.48,-0.111224445319179,-0.2070597587490432,-0.291709567459455,0.0
0.15,0,0.49,-0.1154314742827584,-0.0830120652848327,19.621829556219225,19.621829556219225
0.15,0,0.5,-0.1128846866248756,0.1853768323753417,-9.289621333728517,0.0
0.15,0,0.51,-0.1117239376352516,-0.2688044919594032,-28.10417924617578,0.0
0.15,0,0.52,-0.1182607764640637,-0.3767067525481744,13.062559044772595,13.062559044772595
0.15,0,0.53,-0.1192580726862151,-0.0075533110639511,13.618683828085032,13.618683828085032
0.15,0,0.54,-0.1184118426853427,-0.1043330759864735,-13.975746908005995,0.0
0.15,0,0.55,-0.1213447342059446,-0.2870682492240712,9.405197495020921,9.405197495020921
0.15,0,0.56,-0.1241532076698242,0.0837708739139451,42.271697783826255,42.271697783826255
0.15,0,0.57,-0.1196693167276657,0.5583657064524488,0.508828123339268,0.508828123339268
0.15,0,0.58,-0.1129858935407752,0.09394743638072,-53.20638689945696,0.0
0.15,0,0.59,-0.1177903680000513,-0.5057620315366913,-9.774033633675916,0.0
0.15,0,0.6,-0.1231011341715091,-0.1015332362927985,21.855903869232865,21.855903869232865
0.15,0,0.61,-0.1198210327259073,-0.0686439541520336,-3.754220499597011,0.0
0.15,0,0.62,-0.1244740132545497,-0.1766176462847388,11.62304781051392,11.62304781051392
0.15,0,0.63,-0.1233533856516021,0.163817002058245,6.78840814764458,6.78840814764458
0.15,0,0.64,-0.1211976732133848,-0.0408494833318471,-7.787385096310204,0.0
0.15,0,0.65,-0.124170375318239,0.0080693001320408,6.075158822263919,6.075158822263919
0.15,0,0.66,-0.121036287210744,0.0806536931134314,-6.804675487832045,0.0
0.15,0,0.67,-0.1225573014559704,-0.1280242096246002,-22.723989327596986,0.0
0.15,0,0.68,-0.123596771403236,-0.3738260934385087,6.733760692264274,6.733760692264274
0.15,0,0.69,-0.1300338233247405,0.0066510042206777,24.273302736453225,24.273302736453225
0.15,0,0.7,-0.1234637513188223,0.1116399612905505,-3.0788875859976272,0.0
0.15,0,0.71,-0.1278010240989295,-0.0549267474992749,0.4149362910827108,0.4149362910827108
0.15,0,0.72,-0.1245622862688078,0.1199386871122047,2.6623322435387524,2.6623322435387524
0.15,0,0.73,-0.1254022503566854,-0.0016801026284998,-5.942680178205376,0.0
0.15,0,0.74,-0.1245958883213778,0.0010850835480971,1.150274144381574,1.150274144381574
0.15,0,0.75,-0.1253805486857234,0.0213253802591317,-3.4152719712763724,0.0
0.15,0,0.76,-0.1241693807161952,-0.0672203558774304,-11.21465193380285,0.0
0.15,0,0.77,-0.126724955803272,-0.2029676584169255,0.48730870562221007,0.48730870562221007
0.15,0,0.78,-0.1282287338845337,-0.0574741817649862,19.861843749985763,19.861843749985763
0.15,0,0.79,-0.1278744394385718,0.1942692165827901,4.68557021639672,4.68557021639672
0.15,0,0.8,-0.1243433495528779,0.0362372225629483,-2.1031893924323217,0.0
0.15,0,0.81,-0.1271496949873128,0.1522054287341436,0.6358598121529417,0.6358598121529417
0.15,0,0.82,-0.1212992409781951,0.0489544188060095,-30.066933221134747,0.0
0.15,0,0.83,-0.1261706066111927,-0.4491332356885529,-5.537754030189865,0.0
0.15,0,0.84,-0.1302819056919662,-0.0618006617977879,25.860956076522545,25.860956076522545
0.15,0,0.85,-0.1274066198471485,0.0680858858418984,0.6336704942824647,0.6336704942824647
0.15,0,0.86,-0.1289201879751282,-0.0491272519121386,5.786251478842434,5.786251478842434
0.15,0,0.87,-0.1283891648853913,0.1838109154187472,0.20530607908937482,0.20530607908937482
0.15,0,0.88,-0.1252439696667533,-0.0450211303303511,-18.588416298920475,0.0
0.15,0,0.89,-0.1292895874919983,-0.1879574105596626,-0.028510827689574914,0.0
0.15,0,0.9,-0.1290031178779465,-0.0455913468841426,13.4207147330318,13.4207147330318
0.15,0,0.91,-0.1302014144296811,0.0804568841009736,3.189299887709697,3.189299887709697
0.15,0,0.92,-0.127393980195927,0.0181946508700514,-25.358512943879784,0.0
0.15,0,0.93,-0.1298375214122801,-0.4267133747766225,-9.040091322610742,0.0
0.15,0,0.94,-0.1359282476914594,-0.1626071755821705,32.743706171797925,32.743706171797925
0.15,0,0.95,-0.1330896649239234,0.2281607486593344,7.756567913152683,7.756567913152683
0.15,0,0.96,-0.1313650327182727,-0.0074758173191167,-12.520735816146528,0.0
0.15,0,0.97,-0.1332391812703058,-0.0222539676635964,2.463122241021538,2.463122241021538
0.15,0,0.98,-0.1318101120715446,0.0417866275013141,-5.875774308094201,0.0
0.15,0,0.99,-0.1324034487202795,-0.1397694538254805,-13.099593513939535,0.0
0.15,0,1.0,-0.1346055011480542,-0.2202052427774768,-8.043578895199623,0.0
0.15,1,0.01,-0.0001923394399585,-0.0075650279313752,-0.63205480054028,0.0
0.15,1,0.02,-0.0002679897192722,-0.013885575936778,-1.4251732425772607,0.0
0.15,1,0.03,-0.0004700509586941,-0.0360684927829204,-2.6465150338306405,0.0
0.15,1,0.04,-0.0009893595749307,-0.0668158766133908,-3.2535788445858094,0.0
0.15,1,0.05,-0.0018063684909619,-0.1011400696746366,-3.522256838158041,0.0
0.15,1,0.06,-0.0030121609684234,-0.1372610133765516,-3.07043696903839,0.0
0.15,1,0.07,-0.0045515887584929,-0.1625488090554044,-3.079668642563462,0.0
0.15,1,0.08,-0.0062631371495315,-0.1988543862278208,-2.706318770275125,0.0
0.15,1,0.09,-0.0085286764830493,-0.2166751844609069,-2.8253350519348768,0.0
0.15,1,0.1,-0.0105966408387496,-0.2553610872665184,-9.752869042314256,0.0
0.15,1,0.11,-0.0136358982283797,-0.4117325653071918,-0.5156090628609018,0.0
0.15,1,0.12,-0.0188312921448934,-0.2656732685237364,7.826871884837866,7.826871884837866
0.15,1,0.13,-0.0189493635988544,-0.2551951276104347,0.340292360059685,0.340292360059685
0.15,1,0.14,-0.0239351946971021,-0.2588674213225427,-10.443563467926996,0.0
0.15,1,0.15,-0.0241267120253053,-0.464066396968974,-15.24684637048484,0.0
0.15,1,0.16,-0.0332165226364817,-0.5638043487322391,-3.118072041610052,0.0
0.15,1,0.17,-0.0354027989999501,-0.5264278378011751,-3.0459307971189666,0.0
0.15,1,0.18,-0.0437450793925051,-0.624722964674618,4.372605726498744,4.372605726498744
0.15,1,0.19,-0.0478972582934424,-0.4389757232711995,19.800035771407607,19.800035771407607
0.15,1,0.2,-0.0525245938579291,-0.2287222492464655,7.064274678007818,7.064274678007818
0.15,1,0.21,-0.0524717032783717,-0.2976902297110424,-14.325321155061525,0.0
0.15,1,0.22,-0.05847839845215,-0.5152286723476962,-15.683498566980822,0.0
0.15,1,0.23,-0.0627762767253257,-0.6113602010506591,7.594354149415086,7.594354149415086
0.15,1,0.24,-0.0707056024731632,-0.3633415893593956,24.087990038668657,24.087990038668657
0.15,1,0.25,-0.0700431085125136,-0.1296004002772863,-20.98734329151373,0.0
0.15,1,0.26,-0.0732976104787089,-0.7830884551896706,-20.62165038530926,0.0
0.15,1,0.27,-0.085704877616307,-0.5420334079834719,52.53452725095069,52.53452725095069
0.15,1,0.28,-0.0841382786383783,0.2676020898293441,10.14537282319219,10.14537282319219
0.15,1,0.29,-0.0803528358197201,-0.3391259515196205,-46.10033415746172,0.0
0.15,1,0.3,-0.0909207976687708,-0.654404593319887,3.8738396228834517,3.8738396228834517
0.15,1,0.31,-0.0934409276861178,-0.2616491590619514,23.125753869321063,23.125753869321063
0.15,1,0.32,-0.0961537808500098,-0.1918895159334654,2.4177623796842536,2.4177623796842536
0.15,1,0.33,-0.0972787180047872,-0.2132939114682663,11.0929280537657,11.0929280537657
0.15,1,0.34,-0.1004196590793752,0.0299690451418488,-9.490135255820974,0.0
0.15,1,0.35,-0.0966793371019502,-0.4030966165846816,-42.947880042109155,0.0
0.15,1,0.36,-0.1084815914110689,-0.8289885557003327,8.83969847776188,8.83969847776188
0.15,1,0.37,-0.1132591082159569,-0.2263026470294438,62.788473033069266,62.788473033069266
0.15,1,0.38,-0.1130076443516578,0.4267809049610536,16.682808391039867,16.682808391039867
0.15,1,0.39,-0.1047234901167358,0.1073535207913538,-40.888275475623686,0.0
0.15,1,0.4,-0.1108605739358307,-0.3909846045514209,-13.302558127007288,0.0
0.15,1,0.41,-0.1125431822077642,-0.1586976417487955,21.930222587979877,21.930222587979877
0.15,1,0.42,-0.1140345267708066,0.0476198472081756,0.12747999229670004,0.12747999229670004
0.15,1,0.43,-0.1115907852636007,-0.1561480419028615,-17.472539871604663,0.0
0.15,1,0.44,-0.1171574876088639,-0.301830950223918,16.78657905122998,16.78657905122998
0.15,1,0.45,-0.1176274042680791,0.1795835391217384,17.38352053535051,17.38352053535051
0.15,1,0.46,-0.1135658168264291,0.0458394604830925,-16.32561760822444,0.0
0.15,1,0.47,-0.1167106150584171,-0.1469288130427495,-14.723205448218351,0.0
0.15,1,0.48,-0.1165043930872841,-0.2486246484812735,-0.1549843642391302,0.0
0.15,1,0.49,-0.1216831080280426,-0.1500285003275321,17.737898762282693,17.737898762282693
0.15,1,0.5,-0.1195049630938347,0.1061333267643807,4.152949836143536,4.152949836143536
0.15,1,0.51,-0.119560441492755,-0.0669695036046613,1.3135183178267287,1.3135183178267287
0.15,1,0.52,-0.120844353165928,0.1324036931209153,8.612090255560013,8.612090255560013
0.15,1,0.53,-0.1169123676303367,0.1052723015065391,-23.46305910061732,0.0
0.15,1,0.54,-0.1187389071357972,-0.3368574888914315,-14.622874832083209,0.0
0.15,1,0.55,-0.1236495174081653,-0.1871851951351253,28.561982622091506,28.561982622091506
0.15,1,0.56,-0.1224826110384997,0.2343821635503991,16.755656120170904,16.755656120170904
0.15,1,0.57,-0.1189618741371574,0.1479279272682969,-19.823367427274185,0.0
0.15,1,0.58,-0.1195240524931338,-0.1620851849950852,-13.518591106216144,0.0
0.15,1,0.59,-0.1222035778370591,-0.1224438948560262,9.176092928672238,9.176092928672238
0.15,1,0.6,-0.1219729303902543,0.0214366735783597,-7.898225878829994,0.0
0.15,1,0.61,-0.1217748443654919,-0.2804084124326262,-16.865870007237163,0.0
0.15,1,0.62,-0.1275810986389069,-0.3158807265663839,45.23362345308426,45.23362345308426
0.15,1,0.63,-0.1280924588968196,0.6242640566290598,26.227452308767035,26.227452308767035
0.15,1,0.64,-0.1150958175063256,0.2086683196089573,-58.078481463501674,0.0
0.15,1,0.65,-0.1239190925046404,-0.5373055726409746,-1.139695795652779,0.0
0.15,1,0.66,-0.1258419289591452,0.1858744036959017,29.57771756092746,29.57771756092746
0.15,1,0.67,-0.1202016044307224,0.0542487785775751,-11.075155925885205,0.0
0.15,1,0.68,-0.1247569533875936,-0.0356287148218026,0.7621635067743817,0.7621635067743817
0.15,1,0.69,-0.1209141787271586,0.0694920487130605,-20.482361477282016,0.0
0.15,1,0.7,-0.1233671124133325,-0.4452759443674479,-19.702459212193247,0.0
0.15,1,0.71,-0.1298196976145075,-0.3245571355308048,39.918424175240574,39.918424175240574
0.15,1,0.72,-0.1298582551239486,0.3530925391373642,26.92113834782044,26.92113834782044
0.15,1,0.73,-0.1227578468317602,0.2138656314256044,-27.08167378833563,0.0
0.15,1,0.74,-0.1255809424954365,-0.1885409366293489,-12.21595502973843,0.0
0.15,1,0.75,-0.1265286655643472,-0.0304534691691644,10.444197786024866,10.444197786024866
0.15,1,0.76,-0.1261900118788198,0.0203430190911486,-0.23646006943120956,0.0
0.15,1,0.77,-0.1261218051825242,-0.0351826705577886,-10.718437694620581,0.0
0.15,1,0.78,-0.1268936652899756,-0.1940257348012632,-3.577291788512002,0.0
0.15,1,0.79,-0.1300023198785495,-0.1067285063280287,25.336734146220614,25.336734146220614
0.15,1,0.8,-0.1290282354165362,0.3127089481231495,10.131627680871686,10.131627680871686
0.15,1,0.81,-0.1237481409160865,0.0959040472894052,-37.79200968889302,0.0
0.15,1,0.82,-0.127110154470748,-0.4431312456547038,-17.042639062802937,0.0
0.15,1,0.83,-0.1326107658291806,-0.2449487339666438,27.68718025015683,27.68718025015683
0.15,1,0.84,-0.1320091291500809,0.1106123593484333,13.324523265278314,13.324523265278314
0.15,1,0.85,-0.1303985186422119,0.0215417313389227,-4.545281949806942,0.0
0.15,1,0.86,-0.1315782945233024,0.0197067203522944,-4.464697601728041,0.0
0.15,1,0.87,-0.130004384235166,-0.0677522206956382,-2.1006708322078533,0.0
0.15,1,0.88,-0.1329333389372152,-0.0223066962918627,-0.16824950373930436,0.0
0.15,1,0.89,-0.1304505181610033,-0.0711172107704243,3.350794776790292,3.350794776790292
0.15,1,0.9,-0.1343556831526237,0.0447091992439432,12.68598827249464,12.68598827249464
0.15,1,0.91,-0.1295563341761244,0.1826025546794687,-5.103922661650396,0.0
0.15,1,0.92,-0.1307036320590343,-0.0573692539890648,-15.831849103920822,0.0
0.15,1,0.93,-0.1307037192559057,-0.134034427398948,-7.273795676718895,0.0
0.15,1,0.94,-0.1333843206070132,-0.2028451675234421,7.160991689247627,7.160991689247627
0.15,1,0.95,-0.1347606226063745,0.009185406386007,19.929142666368293,19.929142666368293
0.15,1,0.96,-0.133200612479293,0.1957376858039241,2.9626070073856874,2.9626070073856874
0.15,1,0.97,-0.1308458688902961,0.0684375465337208,-11.647487947980546,0.0
0.15,1,0.98,-0.1318318615486186,-0.037212073155687,-13.127845537204129,0.0
0.15,1,0.99,-0.1315901103534098,-0.194119364210362,-18.760088739295924,0.0
0.15,1,1.0,-0.1357142488328259,-0.4124138479416058,-21.82944837312436,0.0
0.15,2,0.01,-0.0003860159124844,-0.0146273199671877,-1.26379410754029,0.0
0.15,2,0.02,-0.0005322891121562,-0.0272652610425906,-2.006827338721026,0.0
0.15,2,0.03,-0.0009313211333362,-0.0547638667416082,-3.3308549195034205,0.0
0.15,2,0.04,-0.0016275664469884,-0.093882359432659,-4.4511515235954136,0.0
0.15,2,0.05,-0.0028089683219894,-0.1437868972135165,-4.961898519646422,0.0
0.15,2,0.06,-0.0045033043912587,-0.1931203298255874,-4.50589464275042,0.0
0.15,2,0.07,-0.0066713749185011,-0.2339047900685249,0.32013699210639146,0.32013699210639146
0.15,2,0.08,-0.0091814001926292,-0.1867175899834597,-1.112488927054443,0.0
0.15,2,0.09,-0.0104057267181703,-0.2561545686096138,-9.55500566274005,0.0
0.15,2,0.1,-0.0143044915648215,-0.3778177032382608,-3.2260336540717667,0.0
0.15,2,0.11,-0.0179620807829355,-0.3206752416910494,-5.501030433615579,0.0
0.15,2,0.12,-0.0207179963986425,-0.4878383119105723,-8.928066959338466,0.0
0.15,2,0.13,-0.027718847021147,-0.4992365808778185,7.078180404032917,7.078180404032917
0.15,2,0.14,-0.0307027280161989,-0.3462747038299139,5.463281244452155,5.463281244452155
0.15,2,0.15,-0.0346443410977452,-0.3899709559887749,6.761888517918001,6.761888517918001
0.15,2,0.16,-0.0385021471359744,-0.2110369334715534,3.4702592973614834,3.4702592973614834
0.15,2,0.17,-0.0388650797671763,-0.3205657700415452,-28.798712135768497,0.0
0.15,2,0.18,-0.0449134625368053,-0.7870111761869221,-13.794125457105473,0.0
0.15,2,0.19,-0.0546053032909148,-0.5964482791836527,24.144637321398513,24.144637321398513
0.15,2,0.2,-0.0568424281204783,-0.3041184297589514,4.608332288352205,4.608332288352205
0.15,2,0.21,-0.0606876718860938,-0.5042816334166074,1.3794662745754014,1.3794662745754014
0.15,2,0.22,-0.0669280607888105,-0.2765291042674422,-1.8887823266338515,0.0
0.15,2,0.23,-0.0662182539714426,-0.5420572799492844,-15.776519822629046,0.0
0.15,2,0.24,-0.0777692063877961,-0.5920595007200236,15.225022082254316,15.225022082254316
0.15,2,0.25,-0.0780594439858431,-0.2375568383041972,8.240849086412599,8.240849086412599
0.15,2,0.26,-0.0825203431538801,-0.4272425189917714,-8.732208411935886,0.0
0.15,2,0.27,-0.0866042943656785,-0.4122010065429151,10.448114772362043,10.448114772362043
0.15,2,0.28,-0.0907643632847384,-0.2182802235445304,32.08927275553418,32.08927275553418
0.15,2,0.29,-0.0909698988365691,0.229584448567766,5.075600776915541,5.075600776915541
0.15,2,0.3,-0.086172674313383,-0.1167682080062242,-40.48539863431705,0.0
0.15,2,0.31,-0.0933052629966936,-0.5801235241185756,-20.67684889318467,0.0
0.15,2,0.32,-0.0977751447957546,-0.5303051858699179,22.956016053097432,22.956016053097432
0.15,2,0.33,-0.103911366714092,-0.1210032030566266,19.575028067367644,19.575028067367644
0.15,2,0.34,-0.1001952088568871,-0.1388046245225647,-12.110608596105877,0.0
0.15,2,0.35,-0.1066874592045432,-0.3632153749787425,7.360632987927954,7.360632987927954
0.15,2,0.36,-0.1074595163564619,0.0084080352359974,10.677027449074785,10.677027449074785
0.15,2,0.37,-0.1065192984998233,-0.1496748259972466,-7.442423957262479,0.0
0.15,2,0.38,-0.1104530128764069,-0.1404404439092523,31.791407441832234,31.791407441832234
0.15,2,0.39,-0.1093281073780083,0.4861533228393986,14.689983698843207,14.689983698843207
0.15,2,0.4,-0.1007299464196189,0.1533592300676121,-45.607999356061654,0.0
0.15,2,0.41,-0.106260922776656,-0.4260066642818314,-24.187959431163108,0.0
0.15,2,0.42,-0.1092500797052555,-0.3303999585556454,14.911901864492528,14.911901864492528
0.15,2,0.43,-0.1128689219477689,-0.1277686269919806,18.578252424545855,18.578252424545855
0.15,2,0.44,-0.1118054522450951,0.041165089935272,-3.0369167463570426,0.0
0.15,2,0.45,-0.1120456201490635,-0.1885069619191215,-10.454755293972031,0.0
0.15,2,0.46,-0.1155755914834775,-0.1679300159441688,10.879503390051259,10.879503390051259
0.15,2,0.47,-0.1154042204679469,0.0290831058819023,6.680012331641281,6.680012331641281
0.15,2,0.48,-0.1149939293658395,-0.0343297693113449,-13.551788065220759,0.0
0.15,2,0.49,-0.1160908158541738,-0.2419526554225131,-8.119802083557817,0.0
0.15,2,0.5,-0.1198329824742898,-0.1967258109825014,14.837727312431367,14.837727312431367
0.15,2,0.51,-0.1200253320738238,0.0548018908261145,17.23609644663931,17.23609644663931
0.15,2,0.52,-0.1187369446577675,0.1479961179502851,-0.6384693793211049,0.0
0.15,2,0.53,-0.1170654097148181,0.0420325032396924,-19.280058857124544,0.0
0.15,2,0.54,-0.1178962945929736,-0.2376050591922061,-6.543513914459564,0.0
0.15,2,0.55,-0.1218175108986622,-0.088837775049499,20.367030282522315,20.367030282522315
0.15,2,0.56,-0.1196730500939636,0.1697355464582406,5.911856874334576,5.911856874334576
0.15,2,0.57,-0.1184227999694974,0.0293993624371964,-11.308266902382329,0.0
0.15,2,0.58,-0.1190850628452197,-0.0564297915894043,-13.333976542350072,0.0
0.15,2,0.59,-0.1195513958012855,-0.2372801684098053,-1.7563828415620932,0.0
0.15,2,0.6,-0.1238306662134158,-0.0915574484206462,23.110301920968027,23.110301920968027
0.15,2,0.61,-0.1213825447696984,0.2249258700095557,-3.680022720572352,0.0
0.15,2,0.62,-0.1193321488132247,-0.1651579028320933,-18.144645788254877,0.0
0.15,2,0.63,-0.1246857028263403,-0.1379670457555422,14.943467501208328,14.943467501208328
0.15,2,0.64,-0.1220914897283356,0.1337114471920735,3.582259416288421,3.582259416288421
0.15,2,0.65,-0.1220114738824988,-0.0663218574297737,-12.917985360204375,0.0
0.15,2,0.66,-0.1234179268769311,-0.1246482600120142,0.9262099727150193,0.9262099727150193
0.15,2,0.67,-0.1245044390827391,-0.0477976579754733,12.300514071903983,12.300514071903983
0.15,2,0.68,-0.1243738800364405,0.1213620214260657,16.876627254152275,16.876627254152275
0.15,2,0.69,-0.1220771986542178,0.2897348871075706,-10.648005978619194,0.0
0.15,2,0.7,-0.1185791822942891,-0.0915980981463233,-32.12044962772002,0.0
0.15,2,0.71,-0.1239091606171443,-0.3526741054468303,1.4560490616816835,1.4560490616816835
0.15,2,0.72,-0.1256326644032258,-0.0624771169126896,10.254586451684528,10.254586451684528
0.15,2,0.73,-0.1251587029553981,-0.1475823764131396,2.261835340017358,2.261835340017358
0.15,2,0.74,-0.1285843119314886,-0.0172404101123424,15.227147181700776,15.227147181700776
0.15,2,0.75,-0.1255035111576449,0.1569605672208762,-5.738311228977406,0.0
0.15,2,0.76,-0.125445100587071,-0.1320066346918906,-8.014776045895678,0.0
0.15,2,0.77,-0.1281436438514827,-0.0033349536970375,11.29013668783892,11.29013668783892
0.15,2,0.78,-0.1255117996610118,0.093796099064888,-13.034684698601973,0.0
0.15,2,0.79,-0.126267721870185,-0.2640286476690772,-7.406928400889953,0.0
0.15,2,0.8,-0.1307923726143933,-0.0543424689529112,14.196546397884179,14.196546397884179
0.15,2,0.81,-0.1273545712492432,0.0199022802886066,-8.916739715715588,0.0
0.15,2,0.82,-0.1303943270086211,-0.2326772632672185,-7.572694027088297,0.0
0.15,2,0.83,-0.1320081165145875,-0.1315516002531547,16.207874001537565,16.207874001537565
0.15,2,0.84,-0.1330253590136842,0.0914802167635331,23.179487703325186,23.179487703325186
0.15,2,0.85,-0.1301785121793169,0.3320381538133494,-10.97750977175268,0.0
0.15,2,0.86,-0.1263845959374172,-0.1280699786715207,-23.125594719847005,0.0
0.15,2,0.87,-0.1327399117527473,-0.1304737405835911,13.727599536095067,13.727599536095067
0.15,2,0.88,-0.128994070749089,0.1464820120503809,-0.863682962746414,0.0
0.15,2,0.89,-0.1298102715117397,-0.1477473998385194,-13.797197643064582,0.0
0.15,2,0.9,-0.1319490187458594,-0.129461940810911,3.8082511206396013,3.8082511206396013
0.15,2,0.91,-0.1323995103279579,-0.0715823774257273,4.420063076935277,4.420063076935277
0.15,2,0.92,-0.133380666294374,-0.0410606792722054,9.153149906119557,9.153149906119557
0.15,2,0.93,-0.133220723913402,0.111480620696664,11.197025136418008,11.197025136418008
0.15,2,0.94,-0.1311510538804407,0.1828798234561546,-10.526284757595828,0.0
0.15,2,0.95,-0.1295631274442789,-0.0990450744552555,-17.961376695229596,0.0
0.15,2,0.96,-0.1331319553695459,-0.1763477104484376,7.9544728802172076,7.9544728802172076
0.15,2,0.97,-0.1330900816532477,0.0600443831490888,28.250660158050707,28.250660158050707
0.15,2,0.98,-0.1319310677065641,0.388665492712577,-6.054374702257705,0.0
0.15,2,0.99,-0.1253167717989962,-0.0610431108960654,-58.609065263074825,0.0
0.15,2,1.0,-0.1331519299244854,-0.7835158125489204,-72.24727016528544,0.0
0.15,3,0.01,-0.0007856195934408,-0.0147599392492156,-0.9084856096993901,0.0
0.15,3,0.02,-0.000933218985933,-0.0238447953462095,-1.5211011214334955,0.0
0.15,3,0.03,-0.001262515500365,-0.0451819616778855,-2.534379029363775,0.0
0.15,3,0.04,-0.0018368582194907,-0.074532375933485,-3.151136141954504,0.0
0.15,3,0.05,-0.0027531630190347,-0.1082046845169756,-3.5136408949889613,0.0
0.15,3,0.06,-0.0040009519098302,-0.1448051938332642,-3.5134911457902085,0.0
0.15,3,0.07,-0.0056492668957,-0.1784745074327798,-3.48706308790054,0.0
0.15,3,0.08,-0.0075704420584858,-0.214546455591275,-1.9367469538907383,0.0
0.15,3,0.09,-0.0099401960075255,-0.2172094465105945,-2.1195453549142975,0.0
0.15,3,0.1,-0.0119146309886977,-0.256937362689561,-3.6632732499450817,0.0
0.15,3,0.11,-0.0150789432613167,-0.2904749115094961,-2.9183182757823154,0.0
0.15,3,0.12,-0.0177241292188876,-0.3153037282052073,-0.929513651382381,0.0
0.15,3,0.13,-0.0213850178254209,-0.3090651845371437,0.009103145965505988,0.009103145965505988
0.15,3,0.14,-0.0239054329096305,-0.3151216652858972,-10.469747600822721,0.0
0.15,3,0.15,-0.0276874511311388,-0.5184601365535975,-3.638619925871703,0.0
0.15,3,0.16,-0.0342746356407024,-0.3878940638033303,15.637531738252896,15.637531738252896
0.15,3,0.17,-0.0354453324072054,-0.2057095017885393,-1.2831894566177766,0.0
0.15,3,0.18,-0.0383888256764732,-0.4135578529356847,-20.476061384004815,0.0
0.15,3,0.19,-0.0437164894659191,-0.6152307294686354,-11.29222593785596,0.0
0.15,3,0.2,-0.0506934402658459,-0.6394023716928041,13.827269044697015,13.827269044697015
0.15,3,0.21,-0.0565045368997752,-0.3386853485746961,18.34077538966841,18.34077538966841
0.15,3,0.22,-0.0574671472373398,-0.2725868638994368,5.879535860282731,5.879535860282731
0.15,3,0.23,-0.0619562741777639,-0.2210946313690414,-6.8031073162429525,0.0
0.15,3,0.24,-0.0618890398647207,-0.4086490102242952,-6.115861187373344,0.0
0.15,3,0.25,-0.0701292543822498,-0.3434118551165075,15.240553357713758,15.240553357713758
0.15,3,0.26,-0.0687572769670508,-0.1038379430700198,-0.7599146809503132,0.0
0.15,3,0.27,-0.0722060132436502,-0.3586101487355138,-11.990605466020366,0.0
0.15,3,0.28,-0.0759294799417611,-0.3436500523904273,-2.2333311045648934,0.0
0.15,3,0.29,-0.0790790142914588,-0.4032767708268112,2.2306007926577163,2.2306007926577163
0.15,3,0.3,-0.0839950153582973,-0.2990380365372722,-2.4912303777763896,0.0
0.15,3,0.31,-0.0850597750222042,-0.453101378382339,-7.974769088025409,0.0
0.15,3,0.32,-0.0930570429259441,-0.4585334182977805,6.272907344400291,6.272907344400291
0.15,3,0.33,-0.0942304433881598,-0.3276432314943331,7.862349492397318,7.862349492397318
0.15,3,0.34,-0.0996099075558308,-0.301286428449834,15.444358408010714,15.444358408010714
0.15,3,0.35,-0.1002561719571565,-0.0187560633341208,7.497985871727406,7.497985871727406
0.15,3,0.36,-0.0999850288225132,-0.1513267110152885,1.341780285346454,1.341780285346454
0.15,3,0.37,-0.1032827061774623,0.0080795423728083,-15.213187721782912,0.0
0.15,3,0.38,-0.099823437975057,-0.455590465450947,-18.710451181387967,0.0
0.15,3,0.39,-0.1123945154864812,-0.3661294812549513,25.851397442564586,25.851397442564586
0.15,3,0.4,-0.1071460276001561,0.0614374834003452,21.446531196064193,21.446531196064193
0.15,3,0.41,-0.1111657658184742,0.0628011426663341,10.666816693499921,10.666816693499921
0.15,3,0.42,-0.1058900047468294,0.2747738172703444,-10.298214906613206,0.0
0.15,3,0.43,-0.1056702894730673,-0.1431631554659302,-36.282216467559635,0.0
0.15,3,0.44,-0.108753267856148,-0.4508705120808489,-8.163282552700307,0.0
0.15,3,0.45,-0.1146876997146843,-0.3064288065199365,33.76040970118145,33.76040970118145
0.15,3,0.46,-0.1148818439865467,0.2243376819427807,7.124555456919728,7.124555456919728
0.15,3,0.47,-0.1102009460758288,-0.1639376973815371,-27.94233149740573,0.0
0.15,3,0.48,-0.1181605979341775,-0.3345089480053316,9.536672874665427,9.536672874665427
0.15,3,0.49,-0.1168911250359354,0.0267957601117716,16.4698463978456,16.4698463978456
0.15,3,0.5,-0.1176246827319421,-0.0051120200484193,-13.663733737821355,0.0
0.15,3,0.51,-0.1169933654369038,-0.2464789146446557,-0.3577185850115247,0.0
0.15,3,0.52,-0.1225542610248352,-0.0122663917486498,22.896575318852918,22.896575318852918
0.15,3,0.53,-0.1172386932718768,0.211452591732403,-14.074151448375618,0.0
0.15,3,0.54,-0.1183252091901871,-0.2937494207161624,-7.2244567900686825,0.0
0.15,3,0.55,-0.1231136816862,0.0669634559310292,16.94164355167767,16.94164355167767
0.15,3,0.56,-0.1169859400715666,0.0450834503173913,-15.2602238796978,0.0
0.15,3,0.57,-0.122212012679852,-0.2382410216629225,-7.262108330623857,0.0
0.15,3,0.58,-0.1217507605048249,-0.1001587162950805,15.967614770857072,15.967614770857072
0.15,3,0.59,-0.1242151870057537,0.0811112737542192,5.675794821482495,5.675794821482495
0.15,3,0.6,-0.1201285350297405,0.0133571801345695,-16.238952089664757,0.0
0.15,3,0.61,-0.1239480434030623,-0.2436677680390762,0.3622558504205098,0.3622558504205098
0.15,3,0.62,-0.1250018903905221,0.0206022971429797,17.786751446083862,17.786751446083862
0.15,3,0.63,-0.1235359974602027,0.1120672608826014,-7.851763699589253,0.0
0.15,3,0.64,-0.12276054517287,-0.1364329768488055,-12.65073128356956,0.0
0.15,3,0.65,-0.1262646569971788,-0.14094736478879,22.97374398249785,22.97374398249785
0.15,3,0.66,-0.1255794924686459,0.3230419028011519,18.952281111370862,18.952281111370862
0.15,3,0.67,-0.1198038189411557,0.2380982574386276,-29.935091120821035,0.0
0.15,3,0.68,-0.1208175273198733,-0.2756599196152693,-27.247336188012813,0.0
0.15,3,0.69,-0.1253170173334611,-0.3068484663216315,8.389119080652033,8.389119080652033
0.15,3,0.7,-0.1269544966463059,-0.1078775380022269,12.502255777708658,12.502255777708658
0.15,3,0.71,-0.1274745680935056,-0.0568033507674581,20.680098986142802,20.680098986142802
0.15,3,0.72,-0.128090563661655,0.3057244417206295,-0.4777906596567396,0.0
0.15,3,0.73,-0.121360079259093,-0.0663591639605929,-36.35652696697035,0.0
0.15,3,0.74,-0.1294177469408669,-0.4214060976187781,5.141090011896165,5.141090011896165
0.15,3,0.75,-0.1297882012114686,0.0364626362773305,18.235026995108626,18.235026995108626
0.15,3,0.76,-0.1286884942153203,-0.0567055577166053,-2.0027124282259283,0.0
0.15,3,0.77,-0.1309223123658007,-0.0035916122871881,7.2234314666774235,7.2234314666774235
0.15,3,0.78,-0.128760326461064,0.0877630716169433,-0.9962937590452191,0.0
0.15,3,0.79,-0.1291670509334618,-0.0235174874680925,-0.7109823731933593,0.0
0.15,3,0.8,-0.1292306762104259,0.0735434241530761,0.8056284179481092,0.8056284179481092
0.15,3,0.81,-0.1276961824504003,-0.0074049191091303,-11.628429583680113,0.0
0.15,3,0.82,-0.1293787745926085,-0.1590251675205243,6.472867657291699,6.472867657291699
0.15,3,0.83,-0.1308766858008108,0.1220524340367079,11.056126813508481,11.056126813508481
0.15,3,0.84,-0.1269377259118743,0.0620973687496455,-15.032816820217512,0.0
0.15,3,0.85,-0.1296347384258178,-0.1786039023676426,-2.359092810716488,0.0
0.15,3,0.86,-0.1305098039592271,0.0149155125353157,12.689537081984819,12.689537081984819
0.15,3,0.87,-0.1293364281751115,0.075186839272054,-9.733874505077132,0.0
0.15,3,0.88,-0.1290060671737861,-0.1797619775662271,-16.024641534291,0.0
0.15,3,0.89,-0.1329316677264361,-0.2453059914137663,3.242222221790313,3.242222221790313
0.15,3,0.9,-0.1339121870020614,-0.1149175331304208,19.93491456566081,19.93491456566081
0.15,3,0.91,-0.1352300183890445,0.1533922998994503,3.2453155917361522,3.2453155917361522
0.15,3,0.92,-0.1308443410040724,-0.0500112212956977,-11.617385980772475,0.0
0.15,3,0.93,-0.1362302428149585,-0.0789554197159994,12.65391502168787,12.65391502168787
0.15,3,0.94,-0.1324234493983924,0.2030670791380551,5.011297305064545,5.011297305064545
0.15,3,0.95,-0.1321689012321974,0.0212705263852859,-14.310487149206782,0.0
0.15,3,0.96,-0.1319980388706867,-0.0831426638460808,-9.623052780132367,0.0
0.15,3,0.97,-0.133831754509119,-0.1711905292173616,1.6792413978408578,1.6792413978408578
0.15,3,0.98,-0.135421849455034,-0.0495578358892636,17.283066696390286,17.283066696390286
0.15,3,0.99,-0.1348229112269043,0.1744708047104444,16.930281124859345,16.930281124859345
0.15,3,1.0,-0.1319324333608251,0.2890477866079236,11.457698189747907,11.457698189747907
0.15,4,0.01,-0.0007048607642676,-0.0144763969883786,-0.9438911133177401,0.0
0.15,4,0.02,-0.0008496247341514,-0.023915308121556,-1.6538379769090854,0.0
0.15,4,0.03,-0.0011831669266987,-0.0475531565265603,-2.75131743891726,0.0
0.15,4,0.04,-0.0018006878646826,-0.0789416568999012,-3.4778748360342493,0.0
0.15,4,0.05,-0.0027620000646968,-0.1171106532472453,-3.9224035523774767,0.0
0.15,4,0.06,-0.0041429009296275,-0.1573897279474507,-2.0947602094082223,0.0
0.15,4,0.07,-0.0059097946236458,-0.1590058574354097,-3.5564923135019697,0.0
0.15,4,0.08,-0.0073230180783357,-0.22851957421749,-5.544507946502776,0.0
0.15,4,0.09,-0.0104801861079956,-0.2698960163654652,-5.038068936499435,0.0
0.15,4,0.1,-0.012720938405645,-0.3292809529474788,-2.87215625138435,0.0
0.15,4,0.11,-0.0170658051669452,-0.3273391413931523,-1.557569015613101,0.0
0.15,4,0.12,-0.0192677212335081,-0.3604323332597408,-3.871660258181869,0.0
0.15,4,0.13,-0.02427445183214,-0.4047723465567897,0.6807364304041954,0.6807364304041954
0.15,4,0.14,-0.0273631681646439,-0.3468176046516569,9.62128282254382,9.62128282254382
0.15,4,0.15,-0.0312108039251731,-0.2123466901059136,-5.584055218048363,0.0
0.15,4,0.16,-0.0316101019667621,-0.4584987090126251,-14.738617824757853,0.0
0.15,4,0.17,-0.0403807781054256,-0.5071190466010709,8.927260599732543,8.927260599732543
0.15,4,0.18,-0.0417524828987836,-0.2799534970179751,12.376087426971353,12.376087426971353
0.15,4,0.19,-0.0459798480457851,-0.2595972980616445,-15.260693539066171,0.0
0.15,4,0.2,-0.0469444288600165,-0.5851673677992988,-23.22289756810428,0.0
0.15,4,0.21,-0.0576831954017711,-0.7240552494237305,13.693482766383534,13.693482766383534
0.15,4,0.22,-0.061425533848491,-0.3112977124716267,8.068477183657542,8.068477183657542
0.15,4,0.23,-0.0639091496512036,-0.5626857057505794,-12.853616747661698,0.0
0.15,4,0.24,-0.0726792479635026,-0.5683700474248612,17.99878604875796,17.99878604875796
0.15,4,0.25,-0.0752765505997008,-0.2027099847754194,17.11631639684191,17.11631639684191
0.15,4,0.26,-0.076733447659011,-0.2260437194880227,-10.80562520144403,0.0
0.15,4,0.27,-0.0797974249894613,-0.4188224888043002,-4.482612043961515,0.0
0.15,4,0.28,-0.085109897435097,-0.3156959603672531,7.712585170809771,7.712585170809771
0.15,4,0.29,-0.0861113441968064,-0.2645707853881047,6.996764873456625,6.996764873456625
0.15,4,0.3,-0.0904013131428591,-0.1757606628981207,9.198633638560896,9.198633638560896
0.15,4,0.31,-0.0896265574547688,-0.0805981126168866,-11.708622333465296,0.0
0.15,4,0.32,-0.0920132753951969,-0.4099331095674268,7.693255497100793,7.693255497100793
0.15,4,0.33,-0.0978252196461173,0.0732669973251294,4.7436949098528025,4.7436949098528025
0.15,4,0.34,-0.0905479354486943,-0.3150592113703707,-41.545943962378395,0.0
0.15,4,0.35,-0.1041264038735246,-0.7576518819224365,14.295734578884082,14.295734578884082
0.15,4,0.36,-0.1057009730871429,-0.0291445197926831,26.21002201860015,26.21002201860015
0.15,4,0.37,-0.1047092942693783,-0.2334514415504331,-12.886738849253813,0.0
0.15,4,0.38,-0.1103700019181516,-0.2868792967777596,9.056347748025962,9.056347748025962
0.15,4,0.39,-0.1104468802049335,-0.0523244865899137,15.159867132820521,15.159867132820521
0.15,4,0.4,-0.1114164916499499,0.0163180458786511,-4.873289363492035,0.0
0.15,4,0.41,-0.1101205192873605,-0.1497902738597529,-5.423783603066547,0.0
0.15,4,0.42,-0.114412297127145,-0.0921576261826784,27.80651108643354,27.80651108643354
0.15,4,0.43,-0.111963671811014,0.4063399478689184,13.512522541461255,13.512522541461255
0.15,4,0.44,-0.1062854981697666,0.1780928246465469,-46.81849335987529,0.0
0.15,4,0.45,-0.1084018153180831,-0.5300299193285882,-28.499414360774338,0.0
0.15,4,0.46,-0.1168860965563383,-0.3918954625689403,25.820796323281385,25.820796323281385
0.15,4,0.47,-0.1162397245694619,-0.0136139928629628,27.73361481417635,27.73361481417635
0.15,4,0.48,-0.1171583764135976,0.1627768337145845,8.882278558281422,8.882278558281422
0.15,4,0.49,-0.1129841878951702,0.1640315783026658,-22.82585700832922,0.0
0.15,4,0.5,-0.1138777448475443,-0.2937403064520003,-18.47042104060586,0.0
0.15,4,0.51,-0.1188589940242102,-0.2053768425094517,19.6475410691771,19.6475410691771
0.15,4,0.52,-0.1179852816977334,0.0992105149315421,11.039419318875497,11.039419318875497
0.15,4,0.53,-0.1168747837255794,0.0154115438680584,-20.6649933509359,0.0
0.15,4,0.54,-0.1176770508203722,-0.3140893520871763,8.989530691228646,8.989530691228646
0.15,4,0.55,-0.1231565707673229,0.1952021576926315,19.073599866431206,19.073599866431206
0.15,4,0.56,-0.1137730076665195,0.0673826452414481,-26.24047081896115,0.0
0.15,4,0.57,-0.1218089178624937,-0.3296072586865861,-6.315948877354135,0.0
0.15,4,0.58,-0.1203651528402511,-0.0589363323056266,15.46540505242445,15.46540505242445
0.15,4,0.59,-0.1229876445086063,-0.0202991576380968,-6.452916368233058,0.0
0.15,4,0.6,-0.1207711359930131,-0.1879946596702879,-8.308578349499868,0.0
0.15,4,0.61,-0.126747537702012,-0.1864707246280943,34.02059406730943,34.02059406730943
0.15,4,0.62,-0.124500550485575,0.4924172216759013,6.372929285654245,6.372929285654245
0.15,4,0.63,-0.116899193268494,-0.0590121389150093,-49.28292968073285,0.0
0.15,4,0.64,-0.1256807932638751,-0.4932413719387565,9.644007049251158,9.644007049251158
0.15,4,0.65,-0.1267640207072692,0.133868002070014,27.30079675007115,27.30079675007115
0.15,4,0.66,-0.1230034332224749,0.052774563062667,-13.6572513277731,0.0
0.15,4,0.67,-0.1257085294460158,-0.1392770244854482,-3.582827575778672,0.0
0.15,4,0.68,-0.1257889737121838,-0.0188819884529065,7.934432145650962,7.934432145650962
0.15,4,0.69,-0.1260861692150739,0.0194116184275712,11.90490075117419,11.90490075117419
0.15,4,0.7,-0.1254007413436324,0.219216026570578,4.526228935999871,4.526228935999871
0.15,4,0.71,-0.1217018486836624,0.1099361971475687,-19.80217910088478,0.0
0.15,4,0.72,-0.123202017400681,-0.1768275554471179,-9.678697800074632,0.0
0.15,4,0.73,-0.1252383997926047,-0.0836377588539241,-0.24142815665495476,0.0
0.15,4,0.74,-0.1248747725777595,-0.181656118580217,-2.459566357719062,0.0
0.15,4,0.75,-0.1288715221642091,-0.1328290860083054,6.966954297102474,6.966954297102474
0.15,4,0.76,-0.1275313542979256,-0.0423170326381674,25.48210408026678,25.48210408026678
0.15,4,0.77,-0.1297178628169724,0.3768129955970307,1.5237445795114535,1.5237445795114535
0.15,4,0.78,-0.119995094385985,-0.0118421410479383,-30.87402158988769,0.0
0.15,4,0.79,-0.1299547056379312,-0.2406674362007237,-10.202376963081097,0.0
0.15,4,0.8,-0.1248084431099995,-0.2158896803095604,6.033808990327699,6.033808990327699
0.15,4,0.81,-0.1342724992441224,-0.1199912563941696,24.792892554417158,24.792892554417158
0.15,4,0.82,-0.127208268237883,0.2799681707787771,-5.061195977338037,0.0
0.15,4,0.83,-0.128673135828547,-0.2212151759409399,-14.057226635943229,0.0
0.15,4,0.84,-0.1316325717567018,-0.0011763619400877,11.697814771406705,11.697814771406705
0.15,4,0.85,-0.1286966630673487,0.0127411194871944,-6.4377959511665095,0.0
0.15,4,0.86,-0.1313777493669579,-0.129932280963418,-2.9916939010245978,0.0
0.15,4,0.87,-0.1312953086866171,-0.0470927585332976,6.572648201143309,6.572648201143309
0.15,4,0.88,-0.1323196045376239,0.0015206830594483,13.307137597141134,13.307137597141134
0.15,4,0.89,-0.1312648950254281,0.2190499934095253,0.7868932991866143,0.7868932991866143
0.15,4,0.9,-0.1279386046694334,0.0172585490431806,-11.787352684627525,0.0
0.15,4,0.91,-0.1309197240445645,-0.0166970602830254,-3.0044347920568426,0.0
0.15,4,0.92,-0.1282725458750939,-0.0428301467979563,-18.43578803385995,0.0
0.15,4,0.93,-0.1317763269805237,-0.3854128209602248,-10.055888297124628,0.0
0.15,4,0.94,-0.1359808022942983,-0.2439479127404533,27.367181161606993,27.367181161606993
0.15,4,0.95,-0.1366552852353327,0.1619308022719154,31.100333544897488,31.100333544897488
0.15,4,0.96,-0.13274218624886,0.378058758157497,-20.944128751308952,0.0
0.15,4,0.97,-0.1290941100721827,-0.256951772754264,-11.61651028619767,0.0
0.15,4,0.98,-0.1378812217039453,0.1457285524335434,13.962858185947917,13.962858185947917
0.15,4,0.99,-0.1261795390235119,0.0223053909646946,-63.5643019273749,0.0
0.15,4,1.0,-0.1374351138846514,-1.1255574861139557,-114.78628770786493,0.0
0.15,5,0.01,-0.000331732410327,-0.0141043722444884,-0.9281933067127599,0.0
0.15,5,0.02,-0.0004727761327719,-0.023386305311616,-1.6373409000604657,0.0
0.15,5,0.03,-0.0007994585165593,-0.0468511902456977,-2.77293921909967,0.0
0.15,5,0.04,-0.0014097999376858,-0.0788450896936094,-3.3024214202921094,0.0
0.15,5,0.05,-0.0023763603104315,-0.1128996186515399,-3.204075325841005,0.0
0.15,5,0.06,-0.0036677923107166,-0.1429265962104295,-4.199401316101912,0.0
0.15,5,0.07,-0.0052348922346401,-0.1968876449735782,-4.6409490598254575,0.0
0.15,5,0.08,-0.0076055452101882,-0.2357455774069387,-1.9002511908132416,0.0
0.15,5,0.09,-0.0099498037827789,-0.234892668789843,-4.620867291665277,0.0
0.15,5,0.1,-0.012303398585985,-0.3281629232402444,-5.2996389895432845,0.0
0.15,5,0.11,-0.0165130622475837,-0.3408854485807088,3.6720641258965223,3.6720641258965223
0.15,5,0.12,-0.0191211075575992,-0.254721640722314,1.3705229161872765,1.3705229161872765
0.15,5,0.13,-0.02160749506203,-0.3134749902569635,-14.590197293814246,0.0
0.15,5,0.14,-0.0253906073627385,-0.5465255865985992,-6.441838753519425,0.0
0.15,5,0.15,-0.032538006794002,-0.4423117653273529,24.12024406787848,24.12024406787848
0.15,5,0.16,-0.0342368426692855,-0.064120705241029,4.491409168537071,4.491409168537071
0.15,5,0.17,-0.0338204208988226,-0.3524835819566114,-25.81158546198169,0.0
0.15,5,0.18,-0.0412865143084177,-0.5803524144806627,-10.828007495814813,0.0
0.15,5,0.19,-0.0454274691884358,-0.5690437318729069,27.07810128868027,27.07810128868027
0.15,5,0.2,-0.0526673889458759,-0.0387903887070568,8.336754283316651,8.336754283316651
0.15,5,0.21,-0.046203276962577,-0.4023086462065715,-27.820884946319996,0.0
0.15,5,0.22,-0.0607135618700074,-0.595208087633456,4.185206050065737,4.185206050065737
0.15,5,0.23,-0.0581074387152461,-0.3186045252052567,-4.212152522355744,0.0
0.15,5,0.24,-0.0670856523741125,-0.679451138080569,12.172069973762442,12.172069973762442
0.15,5,0.25,-0.0716964614768575,-0.0751631257300053,40.76980330429104,40.76980330429104
0.15,5,0.26,-0.0685889148887126,0.1359449280052524,-40.067167415071516,0.0
0.15,5,0.27,-0.0689775629167524,-0.8765064740314363,-21.729991532820222,0.0
0.15,5,0.28,-0.0861190443693413,-0.2986549026511524,39.84858331657481,39.84858331657481
0.15,5,0.29,-0.0749506609697756,-0.0795348076999395,-8.599175188316945,0.0
0.15,5,0.3,-0.0877097405233403,-0.4706384064174944,-8.657409028871838,0.0
0.15,5,0.31,-0.0843634290981255,-0.2526829882773764,-3.8466814040141166,0.0
0.15,5,0.32,-0.0927634002888878,-0.5475720344977768,2.9753839875321617,2.9753839875321617
0.15,5,0.33,-0.0953148697880811,-0.1931753085267331,24.64942634298233,24.64942634298233
0.15,5,0.34,-0.0966269064594225,-0.0545835076381298,9.2839860543707,9.2839860543707
0.15,5,0.35,-0.0964065399408437,-0.0074955874393189,-13.943909139986895,0.0
0.15,5,0.36,-0.0967768182082089,-0.3334616904378693,-23.45349401673789,0.0
0.15,5,0.37,-0.103075773749601,-0.4765654677740771,27.36541923113999,27.36541923113999
0.15,5,0.38,-0.1063081275636904,0.213846694184931,37.207370426930595,37.207370426930595
0.15,5,0.39,-0.0987988398659024,0.2675819407645354,-35.92697793639174,0.0
0.15,5,0.4,-0.1009564887483997,-0.5046928645429043,-12.840168283885786,0.0
0.15,5,0.41,-0.1088926971567605,0.010778575086813,23.95757222430615,23.95757222430615
0.15,5,0.42,-0.1007409172466633,-0.0255414200567853,-10.02838963596305,0.0
0.15,5,0.43,-0.1094035255578962,-0.1897892176324482,2.8729472463535077,2.8729472463535077
0.15,5,0.44,-0.1045367015993123,0.0319175248702849,-8.009366383463098,0.0
0.15,5,0.45,-0.1087651750604905,-0.3499765453017103,-9.580081966095106,0.0
0.15,5,0.46,-0.1115362325053465,-0.1596841144516174,36.74882725851053,36.74882725851053
0.15,5,0.47,-0.1119588573495228,0.384999999868497,10.308137372869016,10.308137372869016
0.15,5,0.48,-0.1038362325079766,0.0464786330057576,-43.33229891365691,0.0
0.15,5,0.49,-0.1110292846894077,-0.481645978404642,-8.808581304760603,0.0
0.15,5,0.5,-0.1134691520760694,-0.1296929930894546,13.618216550133544,13.618216550133544
0.15,5,0.51,-0.1136231445511968,-0.2092816474019709,1.028100460517889,1.028100460517889
0.15,5,0.52,-0.1176547850241088,-0.1091309838790968,22.970061664949142,22.970061664949142
0.15,5,0.53,-0.1158057642287787,0.2501195858970124,9.325607276260541,9.325607276260541
0.15,5,0.54,-0.1126523933061686,0.0773811616461142,-22.02908718899701,0.0
0.15,5,0.55,-0.1142581409958564,-0.1904621578829282,-7.918510565712278,0.0
0.15,5,0.56,-0.1164616364638271,-0.0809890496681315,16.121823332470118,16.121823332470118
0.15,5,0.57,-0.1158779219892191,0.1319743087664715,12.723711604302693,12.723711604302693
0.15,5,0.58,-0.1138221502884977,0.1734851824179193,-10.710965295290306,0.0
0.15,5,0.59,-0.1124082183408607,-0.0822449971393348,-30.67987011276065,0.0
0.15,5,0.6,-0.1154670502312844,-0.4401122198372942,-6.832931640046965,0.0
0.15,5,0.61,-0.1212104627376066,-0.2189036299402742,31.081690623092026,31.081690623092026
0.15,5,0.62,-0.1198451228300899,0.1815215926245468,12.641849920464649,12.641849920464649
0.15,5,0.63,-0.1175800308851156,0.033933368469019,-7.685761698466729,0.0
0.15,5,0.64,-0.1191664554607095,0.0278063586552121,-1.8268394062739184,0.0
0.15,5,0.65,-0.1170239037120114,-0.0026034196564594,-15.253924774066288,0.0
0.15,5,0.66,-0.1192185238538387,-0.2772721368261139,-3.9695851388038315,0.0
0.15,5,0.67,-0.1225693464485337,-0.0819951224325361,16.43665759584605,16.43665759584605
0.15,5,0.68,-0.1208584263024895,0.0514610150908074,5.320199677949476,5.320199677949476
0.15,5,0.69,-0.1215401261467175,0.0244088711264547,-0.6162593383546766,0.0
0.15,5,0.7,-0.1203702488799604,0.0391358283237144,-5.87720634990382,0.0
0.15,5,0.71,-0.1207574095802432,-0.0931352558716218,1.000760308758864,1.000760308758864
0.15,5,0.72,-0.1222329539973928,0.0591510344988917,-3.5585722527796424,0.0
0.15,5,0.73,-0.1195743888902654,-0.1643067009272147,-8.833586677171638,0.0
0.15,5,0.74,-0.1255190880159371,-0.1175206990445412,7.192606032847494,7.192606032847494
0.15,5,0.75,-0.1219248028711562,-0.0204545802702647,8.705121018503927,8.705121018503927
0.15,5,0.76,-0.1259281796213424,0.0565817213255375,10.56153652389019,10.56153652389019
0.15,5,0.77,-0.1207931684446455,0.1907761502075393,-8.199073688963878,0.0
0.15,5,0.78,-0.1221126566171916,-0.1073997524537402,-16.895528803790796,0.0
0.15,5,0.79,-0.1229411634937203,-0.1471344258682769,-5.45312762237286,0.0
0.15,5,0.8,-0.1250553451345571,-0.2164623049011975,7.990898062945359,7.990898062945359
0.15,5,0.81,-0.1272704095917442,0.0126835353906304,9.054566385062852,9.054566385062852
0.15,5,0.82,-0.1248016744267446,-0.0353709771999382,-9.757464741433159,0.0
0.15,5,0.83,-0.1279778291357431,-0.182465759438033,5.66084448339347,5.66084448339347
0.15,5,0.84,-0.1284509896155052,0.0778459124679313,19.3910622556649,19.3910622556649
0.15,5,0.85,-0.1264209108863844,0.2053554856752653,-6.365799147362669,0.0
0.15,5,0.86,-0.1243438799019999,-0.0494700704793222,-14.995016049079652,0.0
0.15,5,0.87,-0.1274103122959709,-0.094544835306328,2.7470078251184225,2.7470078251184225
0.15,5,0.88,-0.1262347766081265,0.0054700860230463,4.742040425365471,4.742040425365471
0.15,5,0.89,-0.12730091057551,0.0002959732009815,-3.501268432362087,0.0
0.15,5,0.9,-0.1262288571441069,-0.0645552826241955,-3.6029584884398718,0.0
0.15,5,0.91,-0.1285920162279939,-0.071763196567816,2.535417919281048,2.535417919281048
0.15,5,0.92,-0.1276641210754632,-0.0138469242385745,6.66921908559174,6.66921908559174
0.15,5,0.93,-0.1288689547127653,0.0616211851440189,12.957833970242465,12.957833970242465
0.15,5,0.94,-0.1264316973725828,0.2453097551662724,-2.5002528467372303,0.0
0.15,5,0.95,-0.1239627596094399,0.0116161282092699,-12.826648305369424,0.0
0.15,5,0.96,-0.1261993748083974,-0.0112232109411163,-8.970643428608348,0.0
0.15,5,0.97,-0.1241872238282622,-0.1677967403628972,-17.31870071705973,0.0
0.15,5,0.98,-0.1295553096156554,-0.3575972252823112,9.248456776253752,9.248456776253752
0.15,5,0.99,-0.1313391683339085,0.017172395162178,28.5163943715988,28.5163943715988
0.15,5,1.0,-0.1292118617124118,0.2127306621496653,19.555826698748714,19.555826698748714
0.15,6,0.01,-0.0004146646993548,-0.0200339379476533,-1.16527658721229,0.0
0.15,6,0.02,-0.0006150040788313,-0.0316867038197762,-1.9257939181582056,0.0
0.15,6,0.03,-0.0010483987757503,-0.0585498163108174,-3.1996982437852,0.0
0.15,6,0.04,-0.0017860004050476,-0.0956806686954802,-4.120788689965939,0.0
0.15,6,0.05,-0.0029620121496599,-0.1409655901101362,-3.982049039091711,0.0
0.15,6,0.06,-0.0046053122072504,-0.1753216494773144,-3.9682182165469824,0.0
0.15,6,0.07,-0.0064684451392062,-0.2203299544410759,-3.5407020059640093,0.0
0.15,6,0.08,-0.0090119112960719,-0.2461356895965946,-5.1370174711078445,0.0
0.15,6,0.09,-0.0113911589311381,-0.3230703038632327,-1.0362246847042105,0.0
0.15,6,0.1,-0.0154733173733365,-0.2668601832906787,-0.2184469399154203,0.0
0.15,6,0.11,-0.0167283625969517,-0.3274392426615409,-4.541582848333123,0.0
0.15,6,0.12,-0.0220221022265674,-0.3576918402573411,5.6124007539739775,5.6124007539739775
0.15,6,0.13,-0.0238821994020985,-0.2151912275820611,0.8838046380250582,0.8838046380250582
0.15,6,0.14,-0.0263259267782086,-0.3400157474968399,-15.88249546183867,0.0
0.15,6,0.15,-0.0306825143520353,-0.5328411368188342,-10.054494815280492,0.0
0.15,6,0.16,-0.0369827495145853,-0.5411056438024491,10.688340462957292,10.688340462957292
0.15,6,0.17,-0.0415046272280843,-0.3190743275596881,6.646815706820405,6.646815706820405
0.15,6,0.18,-0.043364236065779,-0.4081693296660402,-3.2894437065608155,0.0
0.15,6,0.19,-0.0496680138214051,-0.3848632016909041,-10.136145975940341,0.0
0.15,6,0.2,-0.0510615000995971,-0.6108922491848472,-12.304447208667305,0.0
0.15,6,0.21,-0.061885858805102,-0.6309521458642506,14.125406336066433,14.125406336066433
0.15,6,0.22,-0.0636805430168821,-0.3283841224635178,12.40510814351775,12.40510814351775
0.15,6,0.23,-0.0684535412543723,-0.3828499829938954,-5.540002801639023,0.0
0.15,6,0.24,-0.07133754267676,-0.4391841784962982,-2.0888913755247103,0.0
0.15,6,0.25,-0.0772372248242983,-0.4246278105043894,3.1619765773182245,3.1619765773182245
0.15,6,0.26,-0.0798300988868478,-0.3759446469499337,6.019195395858086,6.019195395858086
0.15,6,0.27,-0.084756117763297,-0.3042439025872276,21.058765454277896,21.058765454277896
0.15,6,0.28,-0.0859149769385924,0.0452306621356246,15.16444931244086,15.16444931244086
0.15,6,0.29,-0.0838515045205845,-0.0009549163384088,-35.68668714728876,0.0
0.15,6,0.3,-0.0859340752653606,-0.6685030808101526,-35.38165689753169,0.0
0.15,6,0.31,-0.0972215661367876,-0.7085880542890433,27.906448583100897,27.906448583100897
0.15,6,0.32,-0.1001058363511415,-0.1103741091481342,28.4820992360755,28.4820992360755
0.15,6,0.33,-0.0994290483197503,-0.1389460695675328,-7.1570425836796385,0.0
0.15,6,0.34,-0.1028847577424921,-0.2535149608217271,-12.949160604210645,0.0
0.15,6,0.35,-0.1044993475361848,-0.397929281651745,18.264995355320252,18.264995355320252
0.15,6,0.36,-0.110843343375527,0.1117849462846809,34.69352373088512,34.69352373088512
0.15,6,0.37,-0.1022636486104912,0.2959411929659579,-17.242932328117114,0.0
0.15,6,0.38,-0.1049245195162079,-0.2330737002776617,-28.745121621086884,0.0
0.15,6,0.39,-0.1069251226160444,-0.2789612394557803,10.517467009659402,10.517467009659402
0.15,6,0.4,-0.1105037443053235,-0.0227243600844735,10.262695198721445,10.262695198721445
0.15,6,0.41,-0.1073796098177339,-0.07370733548135,-22.13790279455593,0.0
0.15,6,0.42,-0.1119778910149506,-0.4654824159755932,-13.623506961016961,0.0
0.15,6,0.43,-0.1166892581372458,-0.3461774747016894,37.287015535217904,37.287015535217904
0.15,6,0.44,-0.1189014405089844,0.2802578947287655,26.999710493201974,26.999710493201974
0.15,6,0.45,-0.1110841002426705,0.1938167351623505,-28.74042583561957,0.0
0.15,6,0.46,-0.1150251058057373,-0.2945506219836264,-7.470485282488554,0.0
0.15,6,0.47,-0.116975112682343,0.0444070295125751,13.864867841379665,13.864867841379665
0.15,6,0.48,-0.1141369652154858,-0.0172532651560359,-1.556324661771714,0.0
0.15,6,0.49,-0.1173201779854637,0.0132805362771408,-1.435448785042229,0.0
0.15,6,0.5,-0.113871354489943,-0.0459622408568805,0.4420657136301497,0.4420657136301497
0.15,6,0.51,-0.1182394228026013,0.0221218505497438,-0.6366754950580993,0.0
0.15,6,0.52,-0.1134289174789481,-0.0586957507580425,-10.326616563356641,0.0
0.15,6,0.53,-0.1194133378177622,-0.1844104807173892,7.969066658721443,7.969066658721443
0.15,6,0.54,-0.1171171270932959,0.1006855824163865,4.004215206099636,4.004215206099636
0.15,6,0.55,-0.1173996261694344,-0.1043261765953964,-6.832334738397384,0.0
0.15,6,0.56,-0.1192036506252038,-0.0359611123515613,2.6579048537004204,2.6579048537004204
0.15,6,0.57,-0.1181188484164657,-0.0511680795213873,-2.972393943966927,0.0
0.15,6,0.58,-0.1202270122156316,-0.0954089912308999,1.5977643283011185,1.5977643283011185
0.15,6,0.59,-0.1200270282410837,-0.0192127929553649,18.90481613876818,18.90481613876818
0.15,6,0.6,-0.1206112680747389,0.282687331544464,9.005084224338267,9.005084224338267
0.15,6,0.61,-0.1143732816101944,0.1608888915314006,-24.962494369917437,0.0
0.15,6,0.62,-0.1173934902441109,-0.2165625558538852,-16.90500027395559,0.0
0.15,6,0.63,-0.1187045327272721,-0.1772111139477115,1.5659241650317384,1.5659241650317384
0.15,6,0.64,-0.1209377125230651,-0.1852440725532504,8.665922182369897,8.665922182369897
0.15,6,0.65,-0.1224094141783371,-0.0038926703003134,13.107269390570078,13.107269390570078
0.15,6,0.66,-0.1210155659290714,0.0769013152581514,-2.9923875502726873,0.0
0.15,6,0.67,-0.1208713878731741,-0.0637404213057672,-21.53122779708336,0.0
0.15,6,0.68,-0.1222903743551867,-0.3537232406835162,7.891518478379296,7.891518478379296
0.15,6,0.69,-0.1279458526868443,0.0940899482618098,29.329340041478908,29.329340041478908
0.15,6,0.7,-0.1204085753899504,0.2328635601460558,-16.69792761808673,0.0
0.15,6,0.71,-0.1232885814839232,-0.2398686040999251,-11.586988102538415,0.0
0.15,6,0.72,-0.125205947471949,0.0011237980952873,2.7731294479806046,2.7731294479806046
0.15,6,0.73,-0.1232661055220175,-0.184406015140313,-4.031126613219171,0.0
0.15,6,0.74,-0.1288940677747552,-0.0794987341690962,18.776109777848472,18.776109777848472
0.15,6,0.75,-0.1248560802053994,0.1911161804166568,3.0266460729952973,3.0266460729952973
0.15,6,0.76,-0.1250717441664221,-0.0189658127091902,-29.292302372928546,0.0
0.15,6,0.77,-0.1252353964595832,-0.3947298670419146,-2.919664045932447,0.0
0.15,6,0.78,-0.1329663415072604,-0.0773590936278392,41.46554760449993,41.46554760449993
0.15,6,0.79,-0.12678257833214,0.4345810850480847,-1.4337491786093435,0.0
0.15,6,0.8,-0.1242747198062987,-0.1060340772000261,-28.72350243561887,0.0
0.15,6,0.81,-0.1289032598761405,-0.1398889636642932,6.1158421960295835,6.1158421960295835
0.15,6,0.82,-0.1270724990795846,0.0162827667205629,9.901945271824635,9.901945271824635
0.15,6,0.83,-0.1285776045417293,0.0581499417721973,-3.3287819646966272,0.0
0.15,6,0.84,-0.1259095002441406,-0.0502928725733697,-9.826299362893508,0.0
0.15,6,0.85,-0.1295834619931967,-0.138376045485673,8.944123357503951,8.944123357503951
0.15,6,0.86,-0.1286770211538541,0.1285895945767095,7.915567390129653,7.915567390129653
0.15,6,0.87,-0.1270116701016625,0.0199353023169202,-17.331878175678852,0.0
0.15,6,0.88,-0.1282783151075157,-0.2180479689368679,-2.510993895168308,0.0
0.15,6,0.89,-0.1313726294803999,-0.030284575586446,2.8915433870600324,2.8915433870600324
0.15,6,0.9,-0.1288840066192446,-0.1602171011956672,6.408731726411599,6.408731726411599
0.15,6,0.91,-0.1345769715043132,0.0978900589417861,28.44785059987693,28.44785059987693
0.15,6,0.92,-0.1269262054404089,0.4087399108018719,-26.04782408023178,0.0
0.15,6,0.93,-0.1264021732882758,-0.42306642266285,-35.39382894997337,0.0
0.15,6,0.94,-0.1353875338936657,-0.2991366681976029,29.095881217397448,29.095881217397448
0.15,6,0.95,-0.1323849066522277,0.1588512016851,10.34998399098707,10.34998399098707
0.15,6,0.96,-0.1322105098599637,-0.0921369883778613,-18.725827313562228,0.0
0.15,6,0.97,-0.1342276464197849,-0.2156653445861449,18.62921948221053,18.62921948221053
0.15,6,0.98,-0.1365238167516866,0.2804474012663496,30.33503776867092,30.33503776867092
0.15,6,0.99,-0.1286186983944579,0.391035410787274,-14.444420770733567,0.0
0.15,6,1.0,-0.1287031085359411,-0.008441014148322,-39.94764249355956,0.0
0.15,7,0.01,-0.0003261702982391,-0.0148459569244141,-1.3073811399922899,0.0
0.15,7,0.02,-0.0004746298674832,-0.027919768324337,-2.221118713224396,0.0
0.15,7,0.03,-0.0008845656647258,-0.059268331188902,-3.4053662398352955,0.0
0.15,7,0.04,-0.0016599964912613,-0.0960270931210429,-4.056735724189728,0.0
0.15,7,0.05,-0.0028051075271467,-0.1404030456726966,-4.021685541378111,0.0
0.15,7,0.06,-0.0044680574047152,-0.1764608039486051,-3.0199418321369853,0.0
0.15,7,0.07,-0.0063343236061188,-0.2008018823154363,-3.4425980776171805,0.0
0.15,7,0.08,-0.0084840950510239,-0.2453127655009487,-5.504887764737688,0.0
0.15,7,0.09,-0.0112405789161378,-0.31089963761019,-3.2278798280495877,0.0
0.15,7,0.1,-0.0147020878032278,-0.3098703620619404,-3.3999568563210527,0.0
0.15,7,0.11,-0.0174379861573766,-0.378898774736611,0.5515997890497761,0.5515997890497761
0.15,7,0.12,-0.02228006329796,-0.2988383662809449,7.238988863183069,7.238988863183069
0.15,7,0.13,-0.0234147534829955,-0.2341189974729496,-11.075346396771401,0.0
0.15,7,0.14,-0.026962443247419,-0.5203452942163731,-16.529782942847692,0.0
0.15,7,0.15,-0.0338216593673229,-0.5647146563299039,2.317115619645797,2.317115619645797
0.15,7,0.16,-0.038256736374017,-0.4740029818234568,7.747086922201014,7.747086922201014
0.15,7,0.17,-0.0433017190037921,-0.4097729178858835,-1.3988129103193359,0.0
0.15,7,0.18,-0.0464521947317347,-0.5019792400298431,2.845202709818171,2.845202709818171
0.15,7,0.19,-0.053341303804389,-0.3528688636895194,6.761782542783944,6.761782542783944
0.15,7,0.2,-0.0535095720055251,-0.3667435891741641,1.29199401556669,1.29199401556669
0.15,7,0.21,-0.0606761755878722,-0.3270289833781858,6.921353931085475,6.921353931085475
0.15,7,0.22,-0.0600501516730888,-0.2283165105524545,-1.6003001366641207,0.0
0.15,7,0.23,-0.0652425057989213,-0.3590349861114683,-6.861663760699104,0.0
0.15,7,0.24,-0.0672308513953182,-0.3655497857664369,-16.30543526951084,0.0
0.15,7,0.25,-0.07255350151425,-0.6851436915016857,-5.2913185604775705,0.0
0.15,7,0.26,-0.0809337252253519,-0.4713761569759884,21.19044038657797,21.19044038657797
0.15,7,0.27,-0.0819810246537698,-0.2613348837701261,11.229146830947833,11.229146830947833
0.15,7,0.28,-0.0861604229007544,-0.2467932203570315,-14.873048434528206,0.0
0.15,7,0.29,-0.0869168890609105,-0.5587958524606877,-13.8339481945437,0.0
0.15,7,0.3,-0.0973363399499682,-0.5234721842479031,14.257660510725312,14.257660510725312
0.15,7,0.31,-0.0973863327458685,-0.2736426422461813,-5.002366747294172,0.0
0.15,7,0.32,-0.1028091927948919,-0.6235195191937866,6.585822098765653,6.585822098765653
0.15,7,0.33,-0.1098567231297443,-0.1419262002708681,31.754770374232926,31.754770374232926
0.15,7,0.34,-0.1056477168003092,0.0115758882908725,27.57869810831445,27.57869810831445
0.15,7,0.35,-0.1096252053639267,0.4096477618954184,17.41564141919827,17.41564141919827
0.15,7,0.36,-0.0974547615624008,0.3598887166748348,-46.6606929833267,0.0
0.15,7,0.37,-0.10242743103043,-0.5235660977711163,-48.93404465762781,0.0
0.15,7,0.38,-0.1079260835178231,-0.6187921764777222,4.84309436214496,4.84309436214496
0.15,7,0.39,-0.1148032745599845,-0.426704210528217,25.08877521936477,25.08877521936477
0.15,7,0.4,-0.1164601677283875,-0.1170166720904264,30.678683343350073,30.678683343350073
0.15,7,0.41,-0.117143608001793,0.1868694563387833,-4.443404637413228,0.0
0.15,7,0.42,-0.1127227786016118,-0.2058847648386947,-24.844206752239433,0.0
0.15,7,0.43,-0.1212613032985669,-0.3100146787060058,20.881708906539952,20.881708906539952
0.15,7,0.44,-0.1189230721757319,0.2117494132921047,11.653319582992285,11.653319582992285
0.15,7,0.45,-0.1170263150327248,-0.0769482870461599,2.1287694076583783,2.1287694076583783
0.15,7,0.46,-0.1204620379166551,0.2543248014452723,20.02341989695467,20.02341989695467
0.15,7,0.47,-0.1119398190038194,0.3235201108929342,-33.270526367279416,0.0
0.15,7,0.48,-0.1139916356987966,-0.4110857259003193,-27.225004334756008,0.0
0.15,7,0.49,-0.1201615335218258,-0.2209799758021864,23.530395209932717,23.530395209932717
0.15,7,0.5,-0.1184112352148403,0.0595221782983355,12.971307317019528,12.971307317019528
0.15,7,0.51,-0.1189710899558591,0.0384461705382044,-10.511936385830891,0.0
0.15,7,0.52,-0.1176423118040762,-0.1507165494182825,-26.544709935800114,0.0
0.15,7,0.53,-0.1219854209442247,-0.4924480281777983,22.874317946632043,22.874317946632043
0.15,7,0.54,-0.1274912723676322,0.3067698095143587,37.269056929599216,37.269056929599216
0.15,7,0.55,-0.1158500247539376,0.2529331104141867,-24.992208443928178,0.0
0.15,7,0.56,-0.1224326101593484,-0.1930743593642052,-9.239763064326569,0.0
0.15,7,0.57,-0.1197115119412217,0.0681378491276483,-5.334411582221353,0.0
0.15,7,0.58,-0.1210698531767955,-0.2997625910086388,3.912555852218297,3.912555852218297
0.15,7,0.59,-0.1257067637613945,0.1463889661720143,23.522212074908232,23.522212074908232
0.15,7,0.6,-0.1181420738533553,0.1706816504895263,-24.10783135693839,0.0
0.15,7,0.61,-0.122293130751604,-0.3357676609667539,-8.369365837917357,0.0
0.15,7,0.62,-0.1248574270726903,0.003294333731179,29.86062041685497,29.86062041685497
0.15,7,0.63,-0.1222272440769804,0.261444747370346,-5.8450913857422195,0.0
0.15,7,0.64,-0.1196285321252834,-0.1136074939836655,-35.38574263900852,0.0
0.15,7,0.65,-0.1244993939566537,-0.446270105409825,-2.6001525251343676,0.0
0.15,7,0.66,-0.1285539342334799,-0.1656105444863529,30.85011706989988,30.85011706989988
0.15,7,0.67,-0.1278116048463808,0.1707322359881731,17.20590695014928,17.20590695014928
0.15,7,0.68,-0.1251392895137165,0.178507594516633,-9.957554531896337,0.0
0.15,7,0.69,-0.1242414529560481,-0.0284188546497503,-11.269583923696992,0.0
0.15,7,0.7,-0.1257076666067115,-0.0468840839573037,1.5968724433529986,1.5968724433529986
0.15,7,0.71,-0.1251791346351942,0.0035185942173097,2.4597832497015677,2.4597832497015677
0.15,7,0.72,-0.1256372947223653,0.0023115810367277,2.694383575197488,2.694383575197488
0.15,7,0.73,-0.1251329030144596,0.0574062657212595,-1.8803033630829284,0.0
0.15,7,0.74,-0.1244891694079401,-0.0352944862249309,-17.21636293291365,0.0
0.15,7,0.75,-0.1258387927389583,-0.2869209929370138,-3.8628447156561165,0.0
0.15,7,0.76,-0.1302275892666804,-0.1125513805380533,13.862099533072037,13.862099533072037
0.15,7,0.77,-0.1280898203497193,-0.0096790022755728,12.441042591322509,12.441042591322509
0.15,7,0.78,-0.1304211693121919,0.1362694712883971,12.02049782824884,12.02049782824884
0.15,7,0.79,-0.1253644309239514,0.2307309542894042,-15.21107001360507,0.0
0.15,7,0.8,-0.1258065502264038,-0.1679519289837046,-20.277788748395654,0.0
0.15,7,0.81,-0.1287234695036255,-0.1748248206785092,-1.2213703271428784,0.0
0.15,7,0.82,-0.129303046639974,-0.1923793355265619,0.2880069056575607,0.2880069056575607
0.15,7,0.83,-0.1325710562141567,-0.1690646825653576,18.14960843051783,18.14960843051783
0.15,7,0.84,-0.1326843402912811,0.170612833083795,12.54801216572606,12.54801216572606
0.15,7,0.85,-0.1291587995524808,0.0818955607491638,-7.514921077100382,0.0
0.15,7,0.86,-0.1310464290762978,0.0203144115417872,-6.2764091461693745,0.0
0.15,7,0.87,-0.1287525113216451,-0.0436326221742238,3.328975773789807,3.328975773789807
0.15,7,0.88,-0.1319190815197823,0.0868939270175834,-2.7096960530711183,0.0
0.15,7,0.89,-0.1270146327812934,-0.0978265432356462,-13.975897011203324,0.0
0.15,7,0.9,-0.1338756123844952,-0.1926240132064833,1.0637786962435691,1.0637786962435691
0.15,7,0.91,-0.1308671130454231,-0.0765509693107748,8.475179123353174,8.475179123353174
0.15,7,0.92,-0.1354066317707107,-0.0231204307394197,8.186864026319084,8.186864026319084
0.15,7,0.93,-0.1313295216602115,0.087186311215607,2.6786616547318998,2.6786616547318998
0.15,7,0.94,-0.1336629055463985,0.0304528023552199,-2.699768817235836,0.0
0.15,7,0.95,-0.130720465613107,0.0331909348708912,-16.047420657793438,0.0
0.15,7,0.96,-0.1329990868489807,-0.2904956108006491,-3.4641331224223273,0.0
0.15,7,0.97,-0.13653037782912,-0.0360917275775554,23.660749697424528,23.660749697424528
0.15,7,0.98,-0.1337209214005318,0.1827193831478419,3.6806301522769274,3.6806301522769274
0.15,7,0.99,-0.1328759901661632,0.0375208754679832,-9.608537782436882,0.0
0.15,7,1.0,-0.1329705038911721,-0.0094513725008959,-4.697224796887906,0.0
0.15,8,0.01,-0.00157811931693,-0.0267691652713541,-1.3605083142295704,0.0
0.15,8,0.02,-0.0018458109696435,-0.0403742484136498,-2.3196743877253057,0.0
0.15,8,0.03,-0.002385604285203,-0.0731626530258602,-3.6020245059738696,0.0
0.15,8,0.04,-0.0033090640301607,-0.1124147385331272,-3.1016703941267236,0.0
0.15,8,0.05,-0.0046338990558655,-0.1351960609083947,-4.144792217157372,0.0
0.15,8,0.06,-0.0060129852483286,-0.1953105828762746,-4.4848673741648675,0.0
0.15,8,0.07,-0.008540110713391,-0.224893408391692,-3.181561308064037,0.0
0.15,8,0.08,-0.0105108534161625,-0.2589418090375553,-1.5080927544287555,0.0
0.15,8,0.09,-0.0137189468941421,-0.2550552634802671,-3.6238172533620183,0.0
0.15,8,0.1,-0.0156119586857678,-0.3314181541047958,-5.911905367584902,0.0
0.15,8,0.11,-0.020347309976238,-0.3732933708319652,-3.4686910334507566,0.0
0.15,8,0.12,-0.0230778261024071,-0.4007919747738109,0.1626969409570016,0.1626969409570016
0.15,8,0.13,-0.0283631494717143,-0.3700394320128251,-4.7209971497319145,0.0
0.15,8,0.14,-0.0304786147426636,-0.4952119177684493,-9.058490991084536,0.0
0.15,8,0.15,-0.0382673878270832,-0.551209251834516,6.8413290877612205,6.8413290877612205
0.15,8,0.16,-0.0415027997793539,-0.3583853360132243,7.124637466291521,7.124637466291521
0.15,8,0.17,-0.0454350945473477,-0.4087165025086854,12.165182760108273,12.165182760108273
0.15,8,0.18,-0.0496771298295276,-0.1150816808110599,2.9383417944023407,2.9383417944023407
0.15,8,0.19,-0.0477367281635689,-0.3499496666206401,-32.918810258060844,0.0
0.15,8,0.2,-0.0566761231619404,-0.7734578859722774,-13.223156874855373,0.0
0.15,8,0.21,-0.0632058858830145,-0.614412804117749,27.78300520288655,27.78300520288655
0.15,8,0.22,-0.0689643792442954,-0.217797781914546,12.08940981515353,12.08940981515353
0.15,8,0.23,-0.0675618415213054,-0.3726246078146782,-15.825929202656296,0.0
0.15,8,0.24,-0.0764168714005889,-0.5343163659676717,4.773487374102849,4.773487374102849
0.15,8,0.25,-0.0782481688406588,-0.2771548603326201,10.582886821063887,10.582886821063887
0.15,8,0.26,-0.0819599686072413,-0.3226586295463938,7.706627433270768,7.706627433270768
0.15,8,0.27,-0.0847013414315867,-0.1230223116672046,9.031801571304827,9.031801571304827
0.15,8,0.28,-0.0844204148405854,-0.1420225981202971,-13.815335542259184,0.0
0.15,8,0.29,-0.0875417933939926,-0.3993290225123864,-7.833843384023159,0.0
0.15,8,0.3,-0.0924069952908332,-0.298699465800758,11.363467660849114,11.363467660849114
0.15,8,0.31,-0.0935157827100078,-0.1720596692954039,-6.732990818130162,0.0
0.15,8,0.32,-0.0958481886767413,-0.4333592821633614,6.737801571602813,6.737801571602813
0.15,8,0.33,-0.102182968353275,-0.0373036378633475,17.791199243389883,17.791199243389883
0.15,8,0.34,-0.0965942614340082,-0.0775352972955634,-11.912482866835841,0.0
0.15,8,0.35,-0.1037336742991862,-0.275553295200063,-7.456374835476691,0.0
0.15,8,0.36,-0.1021053273380094,-0.2266627940050956,2.8194723943279563,2.8194723943279563
0.15,8,0.37,-0.1082669301792881,-0.2191638473135038,5.76732885508497,5.76732885508497
0.15,8,0.38,-0.1064886042842795,-0.1113162169033961,5.7126865961964555,5.7126865961964555
0.15,8,0.39,-0.110493254517356,-0.1049101153895746,2.0160806499110793,2.0160806499110793
0.15,8,0.4,-0.108586806592071,-0.0709946039051745,-6.222315076500553,0.0
0.15,8,0.41,-0.1119131465954595,-0.2293564169195843,14.545567455737572,14.545567455737572
0.15,8,0.42,-0.1131739349304627,0.2199167452095798,15.037149940975807,15.037149940975807
0.15,8,0.43,-0.1075148116912679,0.0713865818999321,-28.329467792598102,0.0
0.15,8,0.44,-0.111746203292464,-0.3466726106423827,-2.554534635323998,0.0
0.15,8,0.45,-0.1144482639041155,0.0202958891934521,16.501139710264994,16.501139710264994
0.15,8,0.46,-0.111340285508595,-0.0166498164370825,-9.832006038354018,0.0
0.15,8,0.47,-0.1147812602328571,-0.1763442315736272,-4.638124882766341,0.0
0.15,8,0.48,-0.1148671701400675,-0.1094123140924079,-1.2597380186278393,0.0
0.15,8,0.49,-0.1169695065147053,-0.201538991946184,1.8034170595815335,1.8034170595815335
0.15,8,0.5,-0.1188979499789912,-0.0733439729007772,10.79157124916235,10.79157124916235
0.15,8,0.51,-0.1184363859727208,0.0142924330370632,7.4729664715379585,7.4729664715379585
0.15,8,0.52,-0.11861210131825,0.0761153565299821,3.4217393811858177,3.4217393811858177
0.15,8,0.53,-0.1169140788421212,0.0827272206607796,-5.60215384435935,0.0
0.15,8,0.54,-0.1169575569050344,-0.035927720357205,-5.740854273344265,0.0
0.15,8,0.55,-0.1176326332492653,-0.0320898648061058,9.870826757405192,9.870826757405192
0.15,8,0.56,-0.1175993542011565,0.161488814790899,-5.077284671075764,0.0
0.15,8,0.57,-0.1144028569534473,-0.1336355582276152,-17.240276141610465,0.0
0.15,8,0.58,-0.1202720653657089,-0.183316708041306,10.846722928216966,10.846722928216966
0.15,8,0.59,-0.1180691911142735,0.0832989003367243,-1.554977220479568,0.0
0.15,8,0.6,-0.1186060873589744,-0.2144162524508974,-10.96142106828409,0.0
0.15,8,0.61,-0.1223575161632914,-0.1359295210289577,10.722000757793047,10.722000757793047
0.15,8,0.62,-0.1213246777795536,2.376270496373678e-05,6.866198135027924,6.866198135027924
0.15,8,0.63,-0.1223570409091921,0.0013944416716009,-1.1244911199766758,0.0
0.15,8,0.64,-0.1212967889461215,-0.0224660596945698,5.662747374846285,5.662747374846285
0.15,8,0.65,-0.1228063621030835,0.1146493891685267,-0.9056352384933393,0.0
0.15,8,0.66,-0.119003801162751,-0.0405787644644366,-18.903098545426225,0.0
0.15,8,0.67,-0.1236179373923723,-0.2634125817399981,-3.636199734312527,0.0
0.15,8,0.68,-0.124272052797551,-0.1133027591506872,17.288474077469395,17.288474077469395
0.15,8,0.69,-0.125883992575386,0.0823568998093877,13.126478503281142,13.126478503281142
0.15,8,0.7,-0.1226249148013632,0.149226810914933,-0.1964514230984551,0.0
0.15,8,0.71,-0.1228994563570873,0.0784278713474186,-12.329109987690485,0.0
0.15,8,0.72,-0.1210563573744148,-0.0973553888388769,-11.595538080318041,0.0
0.15,8,0.73,-0.1248465641338648,-0.1534828902589424,0.759642342269994,0.759642342269994
0.15,8,0.74,-0.1241260151795937,-0.082162541993477,2.321124844093479,2.321124844093479
0.15,8,0.75,-0.1264898149737344,-0.1070603933770728,-1.9795611792930732,0.0
0.15,8,0.76,-0.1262672230471351,-0.1217537655793385,-3.4439476193020866,0.0
0.15,8,0.77,-0.1289248902853212,-0.1759393457631146,8.079905569888343,8.079905569888343
0.15,8,0.78,-0.1297860099623974,0.0398443458184285,10.590111152327205,10.590111152327205
0.15,8,0.79,-0.1281280033689526,0.0358628772834297,-0.09846625846901014,0.0
0.15,8,0.8,-0.1290687524167288,0.0378750206490483,11.502154117419032,11.502154117419032
0.15,8,0.81,-0.1273705029559716,0.2659059596318105,6.400816901199292,6.400816901199292
0.15,8,0.82,-0.1237506332240927,0.1658913586730372,-22.84098541034352,0.0
0.15,8,0.83,-0.1240526757825109,-0.1909137485750607,-23.488461340976727,0.0
0.15,8,0.84,-0.1275689081955939,-0.3038778681464977,4.284452476508436,4.284452476508436
0.15,8,0.85,-0.1301302331454409,-0.1052246990448919,16.16283628226538,16.16283628226538
0.15,8,0.86,-0.1296734021764917,0.0193788574988102,11.58453919789325,11.58453919789325
0.15,8,0.87,-0.1297426559954647,0.1264660849129733,-6.00553949992867,0.0
0.15,8,0.88,-0.1271440804782322,-0.1007319324997633,-21.500805106557568,0.0
0.15,8,0.89,-0.13175729464546,-0.3035500172181784,5.29761716106844,5.29761716106844
0.15,8,0.9,-0.1332150808225958,0.0052204107216056,30.73154528664992,30.73154528664992
0.15,8,0.91,-0.1316528864310278,0.3110808885148204,2.4433377905467477,2.4433377905467477
0.15,8,0.92,-0.1269934630522994,0.0540871665325406,-26.89452091156339,0.0
0.15,8,0.93,-0.130571143100377,-0.2268095297164478,-6.774968791609361,0.0
0.15,8,0.94,-0.1315296536466283,-0.0814122092996507,9.784049851592298,9.784049851592298
0.15,8,0.95,-0.1321993872863701,-0.0311285326846038,6.58819232982245,6.58819232982245
0.15,8,0.96,-0.1321522243003204,0.0503516372967984,-0.8056541398556891,0.0
0.15,8,0.97,-0.1311923545404341,-0.0472416154817176,-14.509801844030683,0.0
0.15,8,0.98,-0.1330970566099548,-0.2398443995838155,0.2284067608546696,0.2284067608546696
0.15,8,0.99,-0.1359892425321104,-0.0426734802646242,22.18580156350646,22.18580156350646
0.15,8,1.0,-0.1339505262152473,0.2038716316863141,24.654511195093807,24.654511195093807
0.15,9,0.01,-0.0015142665917438,-0.0240782149073307,-1.1294633805834102,0.0
0.15,9,0.02,-0.0017550487408171,-0.0353728487131648,-1.884169669816671,0.0
0.15,9,0.03,-0.0022217235660071,-0.0617616083036641,-3.108795173428085,0.0
0.15,9,0.04,-0.0029902809068904,-0.0975487521817265,-3.875637587824239,0.0
0.15,9,0.05,-0.0041726986096416,-0.1392743600601489,-3.4495452709819894,0.0
0.15,9,0.06,-0.0057757681080934,-0.1665396576013663,-4.087421954106697,0.0
0.15,9,0.07,-0.0075034917616689,-0.2210227991422829,-4.322145266398868,0.0
0.15,9,0.08,-0.010196224090939,-0.2529825629293437,-5.510202386806343,0.0
0.15,9,0.09,-0.0125631430202558,-0.3312268468784097,2.325510276431215,2.325510276431215
0.15,9,0.1,-0.0168207610285072,-0.2064723574007191,2.893114622509083,2.893114622509083
0.15,9,0.11,-0.0166925901682702,-0.2733645544282277,-11.306577418948546,0.0
0.15,9,0.12,-0.0222880521170718,-0.4326039057796899,-8.546780254930928,0.0
0.15,9,0.13,-0.025344668283864,-0.4443001595268461,6.836772926304835,6.836772926304835
0.15,9,0.14,-0.0311740553076087,-0.295868447253593,10.575085274298562,10.575085274298562
0.15,9,0.15,-0.0312620372289359,-0.2327984540408747,-6.141109054397013,0.0
0.15,9,0.16,-0.0358300243884262,-0.4186906283415339,-14.249916879997516,0.0
0.15,9,0.17,-0.0396358497957666,-0.5177967916408253,-11.653035962520555,0.0
0.15,9,0.18,-0.0461859602212427,-0.6517513475919448,0.6482938655667674,0.6482938655667674
0.15,9,0.19,-0.0526708767476054,-0.5048309143294891,15.94029126277212,15.94029126277212
0.15,9,0.2,-0.0562825785078325,-0.3329455223365021,7.118508621398377,7.118508621398377
0.15,9,0.21,-0.0593297871943355,-0.3624607419015211,7.9864486892600866,7.9864486892600866
0.15,9,0.22,-0.0635317933458629,-0.1732165485512999,1.8928659791640037,1.8928659791640037
0.15,9,0.23,-0.0627941181653615,-0.324603422318241,-23.00185637639364,0.0
0.15,9,0.24,-0.0700238617922277,-0.633253676079172,-3.7818822623295034,0.0
0.15,9,0.25,-0.0754591916869449,-0.4002410675648296,18.44240303750245,18.44240303750245
0.15,9,0.26,-0.0780286831435243,-0.2644056153291227,9.99872085597421,9.99872085597421
0.15,9,0.27,-0.0807473039935274,-0.2002666504453452,-10.024532956219005,0.0
0.15,9,0.28,-0.0820340161524312,-0.464896274453503,-9.465380851774698,0.0
0.15,9,0.29,-0.0900452294825974,-0.3895742674808407,15.63087275724165,15.63087275724165
0.15,9,0.3,-0.089825501502048,-0.1522788193086697,16.760634063818387,16.760634063818387
0.15,9,0.31,-0.0930908058687708,-0.0543615862044726,8.859621705902033,8.859621705902033
0.15,9,0.32,-0.0909127332261375,0.0249136148093711,-27.314308388285788,0.0
0.15,9,0.33,-0.0925925335725833,-0.6006477539701889,-23.19973716156942,0.0
0.15,9,0.34,-0.1029256883055412,-0.4390811284220177,28.777500903228145,28.777500903228145
0.15,9,0.35,-0.1013741561410237,-0.0250977359056285,20.6551897333789,20.6551897333789
0.15,9,0.36,-0.1034276430236538,-0.0259773337544428,-2.566923569247723,0.0
0.15,9,0.37,-0.1018937028161126,-0.076436207290583,-28.519882515897013,0.0
0.15,9,0.38,-0.1049563671694655,-0.5963749840723835,-16.539381008896147,0.0
0.15,9,0.39,-0.1138212024975603,-0.4072238274685062,32.53314097718391,32.53314097718391
0.15,9,0.4,-0.1131008437188356,0.0542878354712952,27.37569931471112,27.37569931471112
0.15,9,0.41,-0.1127354457881344,0.1402901588257172,-6.624360118490028,0.0
0.15,9,0.42,-0.1102950405423213,-0.0781993668985068,-12.709346311981289,0.0
0.15,9,0.43,-0.1142994331261045,-0.1138967674139088,0.6067235374531696,0.6067235374531696
0.15,9,0.44,-0.1125729758905995,-0.0660648961494434,5.41542809167365,5.41542809167365
0.15,9,0.45,-0.1156207310490934,-0.0055882055804357,-0.9383983636634947,0.0
0.15,9,0.46,-0.1126847400022082,-0.0848328634227133,-7.452621924576217,0.0
0.15,9,0.47,-0.1173173883175476,-0.1546406440719598,5.3489822309112975,5.3489822309112975
0.15,9,0.48,-0.1157775528836474,0.0221467811955138,-11.822605859391404,0.0
0.15,9,0.49,-0.1168744526936373,-0.3910927612597881,-14.518067484459594,0.0
0.15,9,0.5,-0.1235994081088431,-0.2682145684936783,31.87756441674067,31.87756441674067
0.15,9,0.51,-0.1222387440635109,0.2464585270750259,19.6720081524467,19.6720081524467
0.15,9,0.52,-0.1186702375673426,0.125225594555256,-19.24893191879929,0.0
0.15,9,0.53,-0.1197342321724057,-0.1385201113009602,-17.397302085096626,0.0
0.15,9,0.54,-0.1214406397933618,-0.2227204471466768,2.6030956655978876,2.6030956655978876
0.15,9,0.55,-0.1241886411153393,-0.0864581979890024,21.296614286773142,21.296614286773142
0.15,9,0.56,-0.1231698037531418,0.2032118385887864,3.846740932336483,3.846740932336483
0.15,9,0.57,-0.1201244043435636,-0.0095233793422675,-25.778057166858016,0.0
0.15,9,0.58,-0.1233602713399873,-0.3123493047483725,0.6408696387631944,0.6408696387631944
0.15,9,0.59,-0.126371390438531,0.0032940134329964,24.282647825617577,24.282647825617577
0.15,9,0.6,-0.1232943910713273,0.1733036517639794,-6.438637749692459,0.0
0.15,9,0.61,-0.1229053174032514,-0.1254787415608529,-18.281512267949765,0.0
0.15,9,0.62,-0.1258039659025444,-0.1923265935950162,17.25947080954924,17.25947080954924
0.15,9,0.63,-0.1267518492751518,0.2197106746301322,22.410557045055125,22.410557045055125
0.15,9,0.64,-0.1214097524099418,0.2558845473060867,-26.28769324557913,0.0
0.15,9,0.65,-0.12163415832903,-0.3060431902814509,-22.604597369450175,0.0
0.15,9,0.66,-0.1275306162155708,-0.1962074000829172,18.51887265347892,18.51887265347892
0.15,9,0.67,-0.1255583063306884,0.0643342627881278,11.033606932165961,11.033606932165961
0.15,9,0.68,-0.1262439309598082,0.0244647385604022,-9.7698303332842,0.0
0.15,9,0.69,-0.1250690115594804,-0.131062343877554,-20.688744630191362,0.0
0.15,9,0.7,-0.1288651778373594,-0.3893101540434243,15.451516698826566,15.451516698826566
0.15,9,0.71,-0.1328552146403488,0.1779679900989776,38.89357160296024,38.89357160296024
0.15,9,0.72,-0.1253058180353798,0.3885612780157812,-24.8893820370726,0.0
0.15,9,0.73,-0.1250839890800332,-0.3198196506424748,-36.60550733560069,0.0
0.15,9,0.74,-0.1317022110482293,-0.3435488686962333,32.18985021894626,32.18985021894626
0.15,9,0.75,-0.1319549664539579,0.323977353736451,21.680382603419687,21.680382603419687
0.15,9,0.76,-0.1252226639735003,0.0900587833721608,-34.65004242062594,0.0
0.15,9,0.77,-0.1301537907865147,-0.3690234946760684,-6.6292750619663,0.0
0.15,9,0.78,-0.1326031338670217,-0.0425267178671653,30.410837651881387,30.410837651881387
0.15,9,0.79,-0.131004325143858,0.2391932583615599,8.119027414084714,8.119027414084714
0.15,9,0.8,-0.1278192686997905,0.1198538304145291,-19.49070717590942,0.0
0.15,9,0.81,-0.1286072485355674,-0.1506208851566288,-12.546090050695007,0.0
0.15,9,0.82,-0.130831686402923,-0.1310679705993731,13.619279990213348,13.619279990213348
0.15,9,0.83,-0.1312286079475548,0.1217647146476395,-0.2201588589446395,0.0
0.15,9,0.84,-0.1283963921099702,-0.1354711477782659,-10.903563941188601,0.0
0.15,9,0.85,-0.1339380309031201,-0.0963065641761327,7.324214452084409,7.324214452084409
0.15,9,0.86,-0.1303225233934929,0.0110131412634224,-8.262764316239483,0.0
0.15,9,0.87,-0.1337177680778517,-0.2615618505009225,10.718258907562806,10.718258907562806
0.15,9,0.88,-0.1355537604035113,0.2253783194146787,35.81423288486382,35.81423288486382
0.15,9,0.89,-0.1292102016895581,0.4547228071963545,-31.156026941662343,0.0
0.15,9,0.9,-0.1264593042595842,-0.3977422194185687,-44.26283857568048,0.0
0.15,9,0.91,-0.1371650460779295,-0.4305339643172559,30.207199567897028,30.207199567897028
0.15,9,0.92,-0.1350699835459294,0.2064017719393724,19.49528327776767,19.49528327776767
0.15,9,0.93,-0.133037010639142,-0.0406282987619022,-25.97072712548742,0.0
0.15,9,0.94,-0.1358825495211673,-0.3130127705703733,9.269123586868613,9.269123586868613
0.15,9,0.95,-0.1392972660505495,0.1447541729754773,22.028429432543035,22.028429432543035
0.15,9,0.96,-0.1329874660616578,0.1275558180804878,-15.156699598875516,0.0
0.15,9,0.97,-0.1367461496889397,-0.1583798190020333,-6.0863686341257,0.0
0.15,9,0.98,-0.1361550624416984,0.0058284453979737,8.706716339768747,8.706716339768747
0.15,9,0.99,-0.1366295807809803,0.0157545077933418,3.656620205844652,3.656620205844652
0.15,9,1.0,-0.1358399722858316,0.0789608495148668,6.320634172152495,6.320634172152495
0.15,10,0.01,-0.0002648382758271,-0.0140202403573987,-0.9708799193948198,0.0
0.15,10,0.02,-0.0004050406794011,-0.0237290395513469,-1.8928624519291757,0.0
0.15,10,0.03,-0.000739419066854,-0.0518774893959822,-3.2692995107811855,0.0
0.15,10,0.04,-0.0014425904673207,-0.0891150297669706,-3.335939319945505,0.0
0.15,10,0.05,-0.0025217196621934,-0.1185962757948923,-3.271432759656636,0.0
0.15,10,0.06,-0.0038145159832186,-0.1545436849601033,-2.1179844348530263,0.0
0.15,10,0.07,-0.0056125933613955,-0.1609559644919528,-2.3361965859121625,0.0
0.15,10,0.08,-0.0070336352730576,-0.2012676166783465,-7.550561136886394,0.0
0.15,10,0.09,-0.0096379456949624,-0.3119671872296806,-4.266760042220023,0.0
0.15,10,0.1,-0.0132729790176512,-0.2866028175227468,1.094532533818212,1.094532533818212
0.15,10,0.11,-0.0153700020454174,-0.2900765365533163,2.453040309493762,2.453040309493762
0.15,10,0.12,-0.0190745097487176,-0.2375420113328716,1.3006427155537743,1.3006427155537743
0.15,10,0.13,-0.0201208422720748,-0.2640636822422409,-9.603935536412727,0.0
0.15,10,0.14,-0.0243557833935624,-0.4296207220611263,-18.200299733752935,0.0
0.15,10,0.15,-0.0287132567132973,-0.6280696769172993,4.417639434130681,4.417639434130681
0.15,10,0.16,-0.0369171769319084,-0.3412679333785113,22.197868518330417,22.197868518330417
0.15,10,0.17,-0.0355386153808676,-0.1841123065506906,-14.658199605045834,0.0
0.15,10,0.18,-0.0405994230629222,-0.6344319254794262,-17.683437764830423,0.0
0.15,10,0.19,-0.0482272538904561,-0.5377810618472973,21.7483875226332,21.7483875226332
0.15,10,0.2,-0.0513550442998681,-0.1994641750267618,-4.872971676499912,0.0
0.15,10,0.21,-0.0522165373909913,-0.6352404953772934,-12.982626257541474,0.0
0.15,10,0.22,-0.064059854207414,-0.4591167001775895,32.78971449852976,32.78971449852976
0.15,10,0.23,-0.0613988713945431,0.0205537945933023,11.420531917525622,11.420531917525622
0.15,10,0.24,-0.063648778315548,-0.2307060618270751,-27.3576018971685,0.0
0.15,10,0.25,-0.0660129926310846,-0.5265982433500676,-3.3978398160178855,0.0
0.15,10,0.26,-0.0741807431825493,-0.2986628581474329,3.8873766320883085,3.8873766320883085
0.15,10,0.27,-0.0719862497940333,-0.4488507107083013,-28.5708630853458,0.0
0.15,10,0.28,-0.0831577573967154,-0.8700801198543493,3.79178294069024,3.79178294069024
0.15,10,0.29,-0.0893878521911203,-0.3730150518945017,48.99549260247454,48.99549260247454
0.15,10,0.3,-0.0906180584346054,0.1098297321951395,25.837782041890136,25.837782041890136
0.15,10,0.31,-0.0871912575472175,0.1437405889433014,-15.397399484348751,0.0
0.15,10,0.32,-0.0877432466557393,-0.1981182574918358,-30.03186738365448,0.0
0.15,10,0.33,-0.0911536226970542,-0.4568967587297887,-15.435704980323663,0.0
0.15,10,0.34,-0.0968811818303351,-0.5068323570983093,2.978176643330645,2.978176643330645
0.15,10,0.35,-0.1012902698390204,-0.3973332258631767,23.234890187038886,23.234890187038886
0.15,10,0.36,-0.1048278463475986,-0.0421345533575312,24.019939217872704,24.019939217872704
0.15,10,0.37,-0.102132960906171,0.0830655584942778,-4.164388592620491,0.0
0.15,10,0.38,-0.1031665351777131,-0.1254223252099411,-12.553517310676938,0.0
0.15,10,0.39,-0.1046414074103698,-0.1680047877192612,4.25751626859747,4.25751626859747
0.15,10,0.4,-0.1065266309320983,-0.0402719998379916,8.159515097153841,8.159515097153841
0.15,10,0.41,-0.1054468474071297,-0.0048144857761842,-5.0708505426180315,0.0
0.15,10,0.42,-0.106622920647622,-0.141689010690353,3.9913508548407615,3.9913508548407615
0.15,10,0.43,-0.1082806276209367,0.0750125313206311,5.3774801691516005,5.3774801691516005
0.15,10,0.44,-0.1051226700212094,-0.0341394073073209,-19.716324797786182,0.0
0.15,10,0.45,-0.1089634157670831,-0.3193139646350929,4.482091219439691,4.482091219439691
0.15,10,0.46,-0.1115089493139113,0.055502417081473,10.770376304135626,10.770376304135626
0.15,10,0.47,-0.1078533674254537,-0.1039064385523778,-12.411166356729577,0.0
0.15,10,0.48,-0.1135870780849589,-0.1927209100531177,0.17118521402101994,0.17118521402101994
0.15,10,0.49,-0.1117077856265161,-0.1004827342719574,7.527945365861514,7.527945365861514
0.15,10,0.5,-0.115596732770398,-0.0421620027358873,8.197190495891949,8.197190495891949
0.15,10,0.51,-0.1125510256812338,0.0634610756458817,0.5863103446739795,0.5863103446739795
0.15,10,0.52,-0.1143275112574804,-0.0304357958424077,-1.242200840630714,0.0
0.15,10,0.53,-0.113159741598082,0.0386170588332674,4.659181263000302,4.659181263000302
0.15,10,0.54,-0.113555170080815,0.0627478294175984,-4.85880694373305,0.0
0.15,10,0.55,-0.11190478500973,-0.0585590800413937,-14.099803651286118,0.0
0.15,10,0.56,-0.1147263516816429,-0.2192482436081242,7.854700233236832,7.854700233236832
0.15,10,0.57,-0.1162897498818924,0.0985349246233369,1.004971761997579,1.004971761997579
0.15,10,0.58,-0.1127556531891762,-0.1991488083681796,-15.694477470665667,0.0
0.15,10,0.59,-0.120272726049256,-0.2153546247899767,19.08181691498701,19.08181691498701
0.15,10,0.6,-0.1170627456849757,0.1824875299315609,3.506005794302557,3.506005794302557
0.15,10,0.61,-0.1166229754506248,-0.1452345089039255,-11.138262696751855,0.0
0.15,10,0.62,-0.1199674358630542,-0.0402777240034764,5.183346375808281,5.183346375808281
0.15,10,0.63,-0.1174285299306943,-0.0415675813877598,-3.788811195009682,0.0
0.15,10,0.64,-0.1207987874908094,-0.1160539479036701,-0.24005120060807972,0.0
0.15,10,0.65,-0.1197496088887677,-0.0463686053999214,0.004853403018500124,0.004853403018500124
0.15,10,0.66,-0.1217261595988078,-0.1159568798433001,2.6856161944467525,2.6856161944467525
0.15,10,0.67,-0.1220687464856338,0.0073437184890137,4.0263852361947565,4.0263852361947565
0.15,10,0.68,-0.1215792852290276,-0.0354291751194049,2.4263388214297006,2.4263388214297006
0.15,10,0.69,-0.1227773299880218,0.055870494917606,13.475956642936602,13.475956642936602
0.15,10,0.7,-0.1204618753306754,0.2340899577393269,2.627824168527537,2.627824168527537
0.15,10,0.71,-0.1180955308332353,0.1084269782881568,-29.644586434769117,0.0
0.15,10,0.72,-0.1182933357649123,-0.358801770956056,-6.465060803671584,0.0
0.15,10,0.73,-0.1252715662523564,-0.020874237785275,27.199576802585284,27.199576802585284
0.15,10,0.74,-0.1187108205206178,0.1851897650956502,-9.129115544603334,0.0
0.15,10,0.75,-0.1215677709504434,-0.2034565486773418,-11.50370256382519,0.0
0.15,10,0.76,-0.1227799514941647,-0.0448842861808538,-3.9392978438715662,0.0
0.15,10,0.77,-0.1224654566740605,-0.2822425055547732,6.365154908424389,6.365154908424389
0.15,10,0.78,-0.1284248016052601,0.0824188119876341,25.87960852039803,25.87960852039803
0.15,10,0.79,-0.1208170804343078,0.2353496648531878,-24.025082325917133,0.0
0.15,10,0.8,-0.1237178083081964,-0.398082834530709,-14.527734926857708,0.0
0.15,10,0.81,-0.128778737124922,-0.0552050336839666,22.08988515564801,22.08988515564801
0.15,10,0.82,-0.1248219089818758,0.0437148685822519,2.2543965814974003,2.2543965814974003
0.15,10,0.83,-0.1279044397532771,-0.0101171020540205,9.069121265485817,9.069121265485817
0.15,10,0.84,-0.1250242510229562,0.2250972938919684,-2.502575117679258,0.0
0.15,10,0.85,-0.1234024938754377,-0.0601686044076057,-23.534047512380397,0.0
0.15,10,0.86,-0.1262276231111083,-0.2455836563556399,2.8809936298714427,2.8809936298714427
0.15,10,0.87,-0.1283141670025505,-0.0025487318101768,13.008115222424959,13.008115222424959
0.15,10,0.88,-0.1262785977473118,0.0145786480928595,-11.552765315592056,0.0
0.15,10,0.89,-0.1280225940406933,-0.2336040381220181,3.4349416365474275,3.4349416365474275
0.15,10,0.9,-0.1309506785097522,0.0832774808238081,19.019073462586913,19.019073462586913
0.15,10,0.91,-0.1263570444242171,0.1467774311297205,-9.510827019460322,0.0
0.15,10,0.92,-0.1280151298871578,-0.1069390595653985,5.396678204793919,5.396678204793919
0.15,10,0.93,-0.1284958256155251,0.254710995225599,3.5891891091425996,3.5891891091425996
0.15,10,0.94,-0.1229209099826459,-0.0351552773825396,-23.410820255160203,0.0
0.15,10,0.95,-0.129198931163176,-0.2135054098776017,10.265698382681022,10.265698382681022
0.15,10,0.96,-0.1271910181801979,0.170158690271081,2.2332232546831587,2.2332232546831587
0.15,10,0.97,-0.1257957573577544,-0.1688409447839385,-14.320571742952769,0.0
0.15,10,0.98,-0.1305678370758767,-0.1162527445879746,6.248733582519954,6.248733582519954
0.15,10,0.99,-0.1281208122495139,-0.0438662731335393,-10.809114215769139,0.0
0.15,10,1.0,-0.1314451625385475,-0.3324350289033576,-28.856875576981803,0.0
0.15,11,0.01,-0.0002014390416657,-0.0088634562320938,-0.8181482346644999,0.0
0.15,11,0.02,-0.0002900736039866,-0.0170449385787388,-1.5316221961537355,0.0
0.15,11,0.03,-0.0005423378132405,-0.0394959001551685,-2.88991108794932,0.0
0.15,11,0.04,-0.00107999160709,-0.0748431603377252,-3.3300455781549037,0.0
0.15,11,0.05,-0.002039201019995,-0.1060968117182666,-3.823667298757706,0.0
0.15,11,0.06,-0.0032019278414553,-0.1513165063128793,-4.47501606856497,0.0
0.15,11,0.07,-0.0050655311462526,-0.195597133089566,-2.8953901473597874,0.0
0.15,11,0.08,-0.0071138705032467,-0.2092243092600751,-5.256349477949508,0.0
0.15,11,0.09,-0.0092500173314541,-0.3007241226485561,-5.948499782021697,0.0
0.15,11,0.1,-0.0131283529562178,-0.328194304900509,2.7332628450097953,2.7332628450097953
0.15,11,0.11,-0.0158139034294643,-0.2460588657483603,-5.632568707360864,0.0
0.15,11,0.12,-0.018049530271185,-0.4408456790477262,-8.941901693002205,0.0
0.15,11,0.13,-0.0246308170104188,-0.4248968996084042,12.765099772286685,12.765099772286685
0.15,11,0.14,-0.0265474682633531,-0.1855436836019923,5.658568288983101,5.658568288983101
0.15,11,0.15,-0.0283416906824586,-0.3117255338287412,-10.947117815422962,0.0
0.15,11,0.16,-0.0327819789399279,-0.4044860399104513,-5.608437935626608,0.0
0.15,11,0.17,-0.0364314114806677,-0.4238942925412734,-4.54698498878799,0.0
0.15,11,0.18,-0.0412598647907534,-0.4954257396862109,-7.20848809906704,0.0
0.15,11,0.19,-0.0463399262743919,-0.5680640545226141,-4.874763110115673,0.0
0.15,11,0.2,-0.0526211458812057,-0.5929210018885245,8.144526146660183,8.144526146660183
0.15,11,0.21,-0.0581983463121624,-0.4051735315894111,20.956543851164106,20.956543851164106
0.15,11,0.22,-0.0607246165129939,-0.1737901248652424,-17.498379009755517,0.0
0.15,11,0.23,-0.0616741488094672,-0.7551411117845217,-22.295410901322903,0.0
0.15,11,0.24,-0.0758274387486843,-0.6196983428917022,24.540719287083725,24.540719287083725
0.15,11,0.25,-0.0740681156673012,-0.2643267260428468,25.16609268545869,25.16609268545869
0.15,11,0.26,-0.0811139732695412,-0.116376489182528,1.1888588128544892,1.1888588128544892
0.15,11,0.27,-0.0763956454509518,-0.240549549785757,-18.493242264617713,0.0
0.15,11,0.28,-0.0859249642652564,-0.4862413344748826,-3.1062632713052345,0.0
0.15,11,0.29,-0.0861204721404495,-0.3026748152118639,9.073991331282956,9.073991331282956
0.15,11,0.3,-0.0919784605694937,-0.3047615078492249,12.95730665176892,12.95730665176892
0.15,11,0.31,-0.092215702297434,-0.0435286821764853,-9.11553874816863,0.0
0.15,11,0.32,-0.0928490342130234,-0.4870722828125977,-26.616346220316544,0.0
0.15,11,0.33,-0.1019571479536859,-0.5758556065828166,26.81506998777891,26.81506998777891
0.15,11,0.34,-0.1043661463446797,0.049229116942981,38.70669474329194,38.70669474329194
0.15,11,0.35,-0.1009725656148263,0.1982782882830234,-7.752912594796928,0.0
0.15,11,0.36,-0.1004005805790193,-0.1058291349529598,-26.77611988356585,0.0
0.15,11,0.37,-0.1030891483138855,-0.3372441093882941,-3.9600844419301664,0.0
0.15,11,0.38,-0.1071454627667852,-0.1850308237915632,25.34744058092764,25.34744058092764
0.15,11,0.39,-0.1067897647897168,0.1697047022302591,17.312185688751462,17.312185688751462
0.15,11,0.4,-0.10375136872218,0.1612128899834664,-22.45791464769045,0.0
0.15,11,0.41,-0.1035655069900474,-0.2794535907235467,-21.46721942615731,0.0
0.15,11,0.42,-0.1093404405366509,-0.2681314985396765,10.323163283691885,10.323163283691885
0.15,11,0.43,-0.108928136960841,-0.0729903250497088,-4.94539157100151,0.0
0.15,11,0.44,-0.1108002470376451,-0.3670393299597068,-4.267297666059196,0.0
0.15,11,0.45,-0.1162689235600351,-0.1583362783708928,26.187756024119288,26.187756024119288
0.15,11,0.46,-0.113966972605063,0.1567157905226794,1.893178823991244,1.893178823991244
0.15,11,0.47,-0.1131346077495815,-0.1204727018910647,-12.219078673711273,0.0
0.15,11,0.48,-0.1163764266428843,-0.0876657829515439,18.541874474355446,18.541874474355446
0.15,11,0.49,-0.1148879234086124,0.2503647875960446,0.33040185603074956,0.33040185603074956
0.15,11,0.5,-0.1113691308909634,-0.0810577458309289,-30.909436446837915,0.0
0.15,11,0.51,-0.1165090783252309,-0.3678239413407143,3.8281206148973417,3.8281206148973417
0.15,11,0.52,-0.1187256097177777,-0.004495333532982,38.36015672042589,38.36015672042589
0.15,11,0.53,-0.1165989849958906,0.3993791930678041,2.9353254626061025,2.9353254626061025
0.15,11,0.54,-0.1107380258564216,0.0542111757191401,-48.015621436426954,0.0
0.15,11,0.55,-0.1155147614815078,-0.5609332356607357,-1.172137357681624,0.0
0.15,11,0.56,-0.1219566905696363,0.0307684285655076,36.60331010840476,36.60331010840476
0.15,11,0.57,-0.1148993929101978,0.1711329665073613,-5.576338044313127,0.0
0.15,11,0.58,-0.1185340312394892,-0.0807583323207588,-7.4899451929804925,0.0
0.15,11,0.59,-0.116514559556613,0.0213340626477513,0.5812135658656947,0.5812135658656947
0.15,11,0.6,-0.1181073499865342,-0.0691340610034449,-10.560155543422342,0.0
0.15,11,0.61,-0.1178972407766818,-0.1898690482206957,-4.307975862608782,0.0
0.15,11,0.62,-0.1219047309509481,-0.1552935782556206,6.094628819448106,6.094628819448106
0.15,11,0.63,-0.1210031123417943,-0.0679764718317335,5.257372589565886,5.257372589565886
0.15,11,0.64,-0.1232642603875828,-0.0501461264643028,10.493192162575395,10.493192162575395
0.15,11,0.65,-0.1220060348710803,0.1418873714197746,11.233688030793841,11.233688030793841
0.15,11,0.66,-0.1204265129591873,0.1745276341515742,-3.2546355836671665,0.0
0.15,11,0.67,-0.1185154821880488,0.0767946597464312,-26.490382367186413,0.0
0.15,11,0.68,-0.1188906197642587,-0.3552800131921545,-18.98893872902802,0.0
0.15,11,0.69,-0.1256210824518918,-0.3029841148341328,31.31049428443274,31.31049428443274
0.15,11,0.7,-0.1249503020609412,0.2709298724965032,25.231759755026694,25.231759755026694
0.15,11,0.71,-0.1202024850019617,0.2016510802664015,-13.719729481970719,0.0
0.15,11,0.72,-0.1209172804556132,-0.0034647171429114,-12.522714683844455,0.0
0.15,11,0.73,-0.12027177934482,-0.0488032134104878,-5.213791630223411,0.0
0.15,11,0.74,-0.121893344723823,-0.1077405497473797,-1.922505597283528,0.0
0.15,11,0.75,-0.1224265903397676,-0.0872533253561584,0.2173635935582796,0.2173635935582796
0.15,11,0.76,-0.1236384112309461,-0.1033932778762141,-4.407256204307861,0.0
0.15,11,0.77,-0.1244944558972918,-0.1753984494423157,12.377156890852998,12.377156890852998
0.15,11,0.78,-0.1271463802197925,0.1441498599408461,10.654460408177776,10.654460408177776
0.15,11,0.79,-0.1216114586984749,0.03769075872124,-15.526287923121966,0.0
0.15,11,0.8,-0.1263925650453677,-0.1663758985215935,0.1715470110616546,0.1715470110616546
0.15,11,0.81,-0.1249389766689068,0.0411216989424731,1.1096860580671901,1.1096860580671901
0.15,11,0.82,-0.1255701310665182,-0.1441821773602454,-14.060571779939774,0.0
0.15,11,0.83,-0.1278226202161117,-0.2400897366563201,16.88044912564098,16.88044912564098
0.15,11,0.84,-0.1303719257996446,0.1934268051525745,17.20107666775459,17.20107666775459
0.15,11,0.85,-0.1239540841130602,0.103931796698772,-6.429091763326508,0.0
0.15,11,0.86,-0.1282932898656691,0.0648449698860442,-11.917794281438916,0.0
0.15,11,0.87,-0.1226571847153393,-0.1344240889300065,-28.106176789418015,0.0
0.15,11,0.88,-0.1309817716442693,-0.4972785659023166,1.3091334266667394,1.3091334266667394
0.15,11,0.89,-0.1326027560333857,-0.1082414203966717,40.65791712620777,40.65791712620777
0.15,11,0.9,-0.1331466000522027,0.3158797766218395,11.261637954552334,11.261637954552334
0.15,11,0.91,-0.1262851605009489,0.1169913386943752,-13.240607784723213,0.0
0.15,11,0.92,-0.1308067732783152,0.051067620927375,-2.473573644224108,0.0
0.15,11,0.93,-0.1252638080824014,0.067519865809893,-13.211554015051476,0.0
0.15,11,0.94,-0.1294563759621173,-0.21316345937365,4.32139193946918,4.32139193946918
0.15,11,0.95,-0.1295270772698743,0.1539477045992834,8.006437398732208,8.006437398732208
0.15,11,0.96,-0.1263774218701316,-0.0530347113990057,-24.314250976477833,0.0
0.15,11,0.97,-0.1305877714978544,-0.3323373149302737,-3.493301192051442,0.0
0.15,11,0.98,-0.1330241681687371,-0.1229007352400346,14.598923924425778,14.598923924425778
0.15,11,0.99,-0.1330457862026551,-0.0403588364417579,2.2172432874162933,2.2172432874162933
0.15,11,1.0,-0.1338313448975722,-0.0785558694917087,-3.8197033049950764,0.0
0.15,12,0.01,-0.0018099260132871,-0.0273349916626963,-1.3999489726895897,0.0
0.15,12,0.02,-0.0020832759299141,-0.0413344813895922,-2.3733683582664007,0.0
0.15,12,0.03,-0.002636615641079,-0.0748023588280243,-3.417705324920121,0.0
0.15,12,0.04,-0.0035793231064746,-0.1096885878879946,-4.1125435301400195,0.0
0.15,12,0.05,-0.0048303873988389,-0.1570532294308247,-4.092389023811131,0.0
0.15,12,0.06,-0.0067203876950911,-0.1915363683642172,-2.6222964572640155,0.0
0.15,12,0.07,-0.0086611147661232,-0.209499158576105,-4.95178462287172,0.0
0.15,12,0.08,-0.0109103708666132,-0.2905720608216515,-4.482203237003951,0.0
0.15,12,0.09,-0.0144725559825562,-0.2991432233161839,2.102527504908098,2.102527504908098
0.15,12,0.1,-0.0168932353329369,-0.2485215107234895,-6.276413381314999,0.0
0.15,12,0.11,-0.019442986197026,-0.4246714909424836,-2.8721309933369756,0.0
0.15,12,0.12,-0.0253866651517865,-0.305964130590229,2.0390420652979167,2.0390420652979167
0.15,12,0.13,-0.0255622688088306,-0.3838906496365255,-9.267873986501943,0.0
0.15,12,0.14,-0.033064478144517,-0.491321610320268,-6.320094918769506,0.0
0.15,12,0.15,-0.035388701015236,-0.5102925480119158,4.138710501660022,4.138710501660022
0.15,12,0.16,-0.0432703291047554,-0.4085474002870672,20.750976428429375,20.750976428429375
0.15,12,0.17,-0.0435596490209773,-0.095273019443328,-8.724741380881635,0.0
0.15,12,0.18,-0.0451757894936219,-0.5830422279046976,-15.711717282528525,0.0
0.15,12,0.19,-0.0552204935790713,-0.4095073650938965,11.915861772649507,11.915861772649507
0.15,12,0.2,-0.0533659367954999,-0.3447249924517073,-11.920994546857504,0.0
0.15,12,0.21,-0.0621149934281054,-0.6479272560310454,-5.818061536373435,0.0
0.15,12,0.22,-0.0663244819161208,-0.4610862231791746,18.7065119820882,18.7065119820882
0.15,12,0.23,-0.0713367178916889,-0.2737970163892811,11.555040728047903,11.555040728047903
0.15,12,0.24,-0.0718004222439064,-0.2299854086182162,-3.735201922005496,0.0
0.15,12,0.25,-0.0759364260640532,-0.3485010548293914,-13.417884587932837,0.0
0.15,12,0.26,-0.0787704433404942,-0.4983431003768732,14.002253231412833,14.002253231412833
0.15,12,0.27,-0.0859032880715907,-0.0684559902011345,19.38830261543341,19.38830261543341
0.15,12,0.28,-0.0801395631445169,-0.1105770480682046,-26.99765983186931,0.0
0.15,12,0.29,-0.0881148290329547,-0.6084091868385171,4.805783291370042,4.805783291370042
0.15,12,0.3,-0.0923077468812872,-0.0144613822407979,23.00904031820286,23.00904031820286
0.15,12,0.31,-0.0884040566777707,-0.1482283804744595,-16.736880180624368,0.0
0.15,12,0.32,-0.0952723144907764,-0.3491989858532855,-13.897842834768682,0.0
0.15,12,0.33,-0.0953880363948364,-0.4261852371698333,1.3883522682708502,1.3883522682708502
0.15,12,0.34,-0.1037960192341731,-0.3214319404878685,22.342726098865935,22.342726098865935
0.15,12,0.35,-0.1018166752045938,0.0206692848074832,19.317188040338426,19.317188040338426
0.15,12,0.36,-0.1033826335380235,0.0649118203188976,-2.8758018904742473,0.0
0.15,12,0.37,-0.1005184387982158,-0.0368467530020018,-12.652722743880124,0.0
0.15,12,0.38,-0.1041195685980635,-0.1881426345587051,-14.568527708125188,0.0
0.15,12,0.39,-0.1042812914893899,-0.3282173071645058,-1.2757754766384632,0.0
0.15,12,0.4,-0.1106839147413536,-0.2136581440914744,19.645827641733582,19.645827641733582
0.15,12,0.41,-0.1085544543712194,0.0646992456701642,15.32218579403844,15.32218579403844
0.15,12,0.42,-0.1093899298279504,0.0927855717892924,-3.3029836216366273,0.0
0.15,12,0.43,-0.1066987429354336,-0.0013604267625684,-22.55934789461442,0.0
0.15,12,0.44,-0.1094171383632017,-0.3584013861029964,-13.744196078208658,0.0
0.15,12,0.45,-0.1138667706574935,-0.2762443483267418,22.941523988435428,22.941523988435428
0.15,12,0.46,-0.1149420253297366,0.1004290936657126,13.555690164918381,13.555690164918381
0.15,12,0.47,-0.1118581887841793,-0.005130545028372,-16.650157533002336,0.0
0.15,12,0.48,-0.115044636230304,-0.2325740569943342,-7.229398700471984,0.0
0.15,12,0.49,-0.116509669924066,-0.1497185190378118,11.528896151678659,11.528896151678659
0.15,12,0.5,-0.1180390066110603,-0.0019961339607608,18.67153176496295,18.67153176496295
0.15,12,0.51,-0.1165495926032812,0.2237121162614475,-9.032660930093376,0.0
0.15,12,0.52,-0.1135647642858313,-0.1826493525626285,-22.094550167859623,0.0
0.15,12,0.53,-0.1202025796545337,-0.2181788870957453,5.372159003416675,5.372159003416675
0.15,12,0.54,-0.1179283420277462,-0.0752061724942949,10.7617124313001,10.7617124313001
0.15,12,0.55,-0.1217067031044196,-0.0029446384697431,2.1034254127032934,2.1034254127032934
0.15,12,0.56,-0.1179872347971411,-0.033137664240229,-0.9018396446424557,0.0
0.15,12,0.57,-0.1223694563892241,-0.0209814313625926,3.5573332554915353,3.5573332554915353
0.15,12,0.58,-0.1184068634243929,0.0380090008696019,-11.302142879795646,0.0
0.15,12,0.59,-0.1216092763718321,-0.2470242889585057,4.270843585658697,4.270843585658697
0.15,12,0.6,-0.123347349203563,0.1234258725827759,22.886643332716417,22.886643332716417
0.15,12,0.61,-0.1191407589201766,0.210708577695823,-21.055281384825733,0.0
0.15,12,0.62,-0.1191331776496465,-0.2976797551137391,-12.368641320193005,0.0
0.15,12,0.63,-0.1250943540224514,-0.0366642487080373,20.07916348321313,20.07916348321313
0.15,12,0.64,-0.1198664626238073,0.1039035145505238,-10.69311938965044,0.0
0.15,12,0.65,-0.1230162837314409,-0.2505266365010463,-11.566076908424915,0.0
0.15,12,0.66,-0.1248769953538282,-0.1274180236179747,15.284999488099185,15.284999488099185
0.15,12,0.67,-0.1255646442038004,0.0551733532609377,13.331435508230687,13.331435508230687
0.15,12,0.68,-0.1237735282886094,0.1392106865466393,-4.139860085856359,0.0
0.15,12,0.69,-0.1227804304728675,-0.0276238484561863,-12.868928721926363,0.0
0.15,12,0.7,-0.1243260052577332,-0.1181678878918859,1.7498302388672484,1.7498302388672484
0.15,12,0.71,-0.1251437882307053,0.0073727563211587,-0.3750796451943641,0.0
0.15,12,0.72,-0.12417855013131,-0.1256694807957732,-11.733366216095469,0.0
0.15,12,0.73,-0.1276571778466207,-0.2272945680007509,7.923186475187448,7.923186475187448
0.15,12,0.74,-0.1287244414913251,0.0327942487079759,10.974966503981056,10.974966503981056
0.15,12,0.75,-0.1270012928724612,-0.0077952379211296,-8.456921393916193,0.0
0.15,12,0.76,-0.1288803462497477,-0.1363441791703481,5.618038411325521,5.618038411325521
0.15,12,0.77,-0.1297281764558682,0.1045655303053809,28.243172836467927,28.243172836467927
0.15,12,0.78,-0.12678903564364,0.428519277559011,-11.341934894423861,0.0
0.15,12,0.79,-0.121157790904688,-0.1222731675830965,-37.496578800204276,0.0
0.15,12,0.8,-0.129234498995302,-0.3214122984450753,1.6293003096029288,1.6293003096029288
0.15,12,0.81,-0.1275860368735895,-0.0896871613910379,11.9541132666346,11.9541132666346
0.15,12,0.82,-0.1310282422231226,-0.0823300331123819,4.942163901440261,4.942163901440261
0.15,12,0.83,-0.1292326375358371,0.0091561166377678,0.77849716101501,0.77849716101501
0.15,12,0.84,-0.1308451198903673,-0.0667600898920817,10.72989490892232,10.72989490892232
0.15,12,0.85,-0.1305678393336787,0.2237540148162144,11.95840400272593,11.95840400272593
0.15,12,0.86,-0.126370039594043,0.1724079901624371,-24.07807475760768,0.0
0.15,12,0.87,-0.12711967953043,-0.2578074803359396,-19.44892296174727,0.0
0.15,12,0.88,-0.1315261892007618,-0.2165704690725087,11.998181662406129,11.998181662406129
0.15,12,0.89,-0.1314510889118801,-0.0178438470878168,12.67902161030235,12.67902161030235
0.15,12,0.9,-0.1318830661425181,0.0370099631335385,4.189683019058016,4.189683019058016
0.15,12,0.91,-0.1307108896492094,0.0659498132933436,-4.738615799461946,0.0
0.15,12,0.92,-0.1305640698766512,-0.0577623528557005,-10.396344843880936,0.0
0.15,12,0.93,-0.1318661367063234,-0.1419770835842753,14.754107330198096,14.754107330198096
0.15,12,0.94,-0.1334036115483367,0.2373197937482549,16.552217709067342,16.552217709067342
0.15,12,0.95,-0.1271197408313582,0.1890672705970653,-26.166913120521436,0.0
0.15,12,0.96,-0.1296222661363954,-0.2860184686621743,-27.39410529941903,0.0
0.15,12,0.97,-0.1328401102046017,-0.3588148353913158,16.320643559553876,16.320643559553876
0.15,12,0.98,-0.1367985628442218,0.0403944025289035,8.841147842662023,8.841147842662023
0.15,12,0.99,-0.1320322221540237,-0.1819918785380752,-44.050611431243105,0.0
0.15,12,1.0,-0.1404384004149833,-0.8406178260959594,-65.86259475578836,0.0
0.15,13,0.01,-0.0014814470713519,-0.030376537822649,-1.27246469217576,0.0
0.15,13,0.02,-0.0017852124495783,-0.0431011847444066,-2.172213796943911,0.0
0.15,13,0.03,-0.00234347076624,-0.0738208137615272,-3.4919908701466356,0.0
0.15,13,0.04,-0.0032616287248089,-0.1129410021473393,-4.012280847794509,0.0
0.15,13,0.05,-0.0046022908091868,-0.1540664307174174,-4.1940486471923375,0.0
0.15,13,0.06,-0.0063429573391572,-0.196821975091186,-2.5190429181942964,0.0
0.15,13,0.07,-0.0085387303110105,-0.2044472890813033,-2.141700155716741,0.0
0.15,13,0.08,-0.0104319031207833,-0.2396559782055208,-4.416789387224043,0.0
0.15,13,0.09,-0.0133318498751209,-0.2927830768257841,-6.372760694949093,0.0
0.15,13,0.1,-0.016287564657299,-0.3671111921045027,-4.969961353819688,0.0
0.15,13,0.11,-0.020674073717211,-0.3921823039021779,-1.1658406738637375,0.0
0.15,13,0.12,-0.0241312107353425,-0.3904280055817775,-1.1438797894402661,0.0
0.15,13,0.13,-0.0284826338288465,-0.4150598996909833,-3.7598504716221655,0.0
0.15,13,0.14,-0.0324324087291622,-0.4656250150142209,2.1004405114877365,2.1004405114877365
0.15,13,0.15,-0.0377951341291309,-0.3730510894612289,-5.709967898319,0.0
0.15,13,0.16,-0.0398934305183868,-0.5798243729806016,-1.8500506415690197,0.0
0.15,13,0.17,-0.049391621588743,-0.4100521022926093,8.85996618920139,8.85996618920139
0.15,13,0.18,-0.048094472564239,-0.4026250491965735,-16.1937445055348,0.0
0.15,13,0.19,-0.0574441225726745,-0.733926992403306,7.8960900946112496,7.8960900946112496
0.15,13,0.2,-0.0627730124123051,-0.2447032473043484,24.069161287597282,24.069161287597282
0.15,13,0.21,-0.0623381875187614,-0.2525437666513594,-17.499610773802765,0.0
0.15,13,0.22,-0.0678238877453323,-0.5946954627804044,-15.324929901262431,0.0
0.15,13,0.23,-0.0742320967743696,-0.5590423646766083,11.010453777412817,11.010453777412817
0.15,13,0.24,-0.0790047350388645,-0.3744863872321486,16.450929339562418,16.450929339562418
0.15,13,0.25,-0.0817218245190125,-0.2300237778853602,7.352387415963813,7.352387415963813
0.15,13,0.26,-0.0836052105965717,-0.2274386389128722,2.3833004856496522,2.3833004856496522
0.15,13,0.27,-0.08627059729727,-0.1823577681723671,12.58340311209255,12.58340311209255
0.15,13,0.28,-0.0872523659600191,0.024229423328979,-8.536111182755018,0.0
0.15,13,0.29,-0.0857860088306904,-0.3530799918274638,-32.90883988814341,0.0
0.15,13,0.3,-0.0943139657965684,-0.6339473744338875,11.114460075175526,11.114460075175526
0.15,13,0.31,-0.0984649563193681,-0.1307907903239531,31.977285695841232,31.977285695841232
0.15,13,0.32,-0.0969297816030474,0.0055983394829377,-15.960961584512201,0.0
0.15,13,0.33,-0.0983529895297094,-0.4500100220141974,-11.97034950025658,0.0
0.15,13,0.34,-0.1059299820433314,-0.2338086505221941,22.859380160463346,22.859380160463346
0.15,13,0.35,-0.1030291625401533,0.0071775811950685,-14.167934260165351,0.0
0.15,13,0.36,-0.1057864304194301,-0.5171673357255049,-3.848830937292597,0.0
0.15,13,0.37,-0.1133725092546634,-0.0697990375507835,33.11620228342275,33.11620228342275
0.15,13,0.38,-0.1071824111704458,0.1451567099429507,-6.99513712811876,0.0
0.15,13,0.39,-0.1104693750558044,-0.2097017801131588,-25.676564476700722,0.0
0.15,13,0.4,-0.1113764467727089,-0.3683745795910642,1.9457009449710956,1.9457009449710956
0.15,13,0.41,-0.1178368666476256,-0.1707877612137389,18.800734811004805,18.800734811004805
0.15,13,0.42,-0.1147922019969837,0.0076401166290311,12.565070079041648,12.565070079041648
0.15,13,0.43,-0.117684064315045,0.0805136403670943,1.0292770501862492,1.0292770501862492
0.15,13,0.44,-0.1131819291896418,0.0282256576327561,-21.943730829854704,0.0
0.15,13,0.45,-0.1171195511623899,-0.3583609762300002,-4.132491897829727,0.0
0.15,13,0.46,-0.1203491487142418,-0.0544241803238385,18.2895177020615,18.2895177020615
0.15,13,0.47,-0.1182080347688667,0.0074293778112304,13.69457203622917,13.69457203622917
0.15,13,0.48,-0.1202005611580172,0.2194672604007452,9.645250033781487,9.645250033781487
0.15,13,0.49,-0.1138186895608517,0.2003343784868603,-26.491338003695937,0.0
0.15,13,0.5,-0.11619387358828,-0.310359499673174,-22.1639552434745,0.0
0.15,13,0.51,-0.1200258795543152,-0.2429447263826301,10.107054888109698,10.107054888109698
0.15,13,0.52,-0.1210527681159326,-0.1082184019109799,0.48614107790845296,0.48614107790845296
0.15,13,0.53,-0.1221902475925348,-0.233221904824461,7.758375739987443,7.758375739987443
0.15,13,0.54,-0.1257172062124218,0.0469491128887691,29.415487363979206,29.415487363979206
0.15,13,0.55,-0.1212512653347595,0.3550878424551236,-6.7121207334327595,0.0
0.15,13,0.56,-0.1186154493633193,-0.0872933017798862,-33.89120947626063,0.0
0.15,13,0.57,-0.1229971313703571,-0.3227363470700881,2.916927714365455,2.916927714365455
0.15,13,0.58,-0.1250701763047211,-0.0289547474925715,23.58669904163888,23.58669904163888
0.15,13,0.59,-0.1235762263202085,0.1489976337626899,4.420261213282021,4.420261213282021
0.15,13,0.6,-0.1220902236294673,0.059450476773069,-14.678703345307593,0.0
0.15,13,0.61,-0.1223872167847471,-0.1445764331434622,1.9862527428672085,1.9862527428672085
0.15,13,0.62,-0.1249817522923365,0.0991755316304132,14.767726546526543,14.767726546526543
0.15,13,0.63,-0.1204037061521388,0.1507780977870689,-8.846956443203467,0.0
0.15,13,0.64,-0.1219661903365951,-0.0777635972336563,-16.862277968057953,0.0
0.15,13,0.65,-0.121958978096812,-0.1864674615740904,-0.5233851551219346,0.0
0.15,13,0.66,-0.1256955395680769,-0.088231300336095,11.556836953707425,11.556836953707425
0.15,13,0.67,-0.1237236041035339,0.0446692775000583,-10.215553153547308,0.0
0.15,13,0.68,-0.1248021540180758,-0.2925423634070414,-6.9952929051959165,0.0
0.15,13,0.69,-0.1295744513716746,-0.0952365806038653,22.386986424512383,22.386986424512383
0.15,13,0.7,-0.126706885630153,0.1551973650832048,17.262632609581882,17.262632609581882
0.15,13,0.71,-0.1264705040700105,0.2500160715877726,-18.93930711189576,0.0
0.15,13,0.72,-0.1217065641983975,-0.2235887771547107,-22.552365946215573,0.0
0.15,13,0.73,-0.1309422796131047,-0.2010312473365392,27.50199080004345,27.50199080004345
0.15,13,0.74,-0.1257271891451283,0.3264510388461588,-1.914281708545838,0.0
0.15,13,0.75,-0.1244132588361815,-0.239316881507456,-31.2862466735668,0.0
0.15,13,0.76,-0.1305135267752775,-0.2992738946251778,21.93017027650519,21.93017027650519
0.15,13,0.77,-0.1303987367286851,0.1992865240226482,27.249094638176235,27.249094638176235
0.15,13,0.78,-0.1265277962948245,0.2457079981383474,-14.298449546631693,0.0
0.15,13,0.79,-0.1254845767659181,-0.0866824669099859,-22.08197593872103,0.0
0.15,13,0.8,-0.1282614456330242,-0.1959315206360736,6.272440686333869,6.272440686333869
0.15,13,0.81,-0.1294032071786396,0.0387663468166916,1.703975624189166,1.703975624189166
0.15,13,0.82,-0.1274861186966904,-0.1618520081522856,-10.41755459868338,0.0
0.15,13,0.83,-0.1326402473416854,-0.1695847451569729,12.379168547965088,12.379168547965088
0.15,13,0.84,-0.1308778135998299,0.0857313628070164,12.691417773391475,12.691417773391475
0.15,13,0.85,-0.1309256200855451,0.0842436103108568,-10.276919837195331,0.0
0.15,13,0.86,-0.1291929413936127,-0.1198070339368904,-4.876691471529686,0.0
0.15,13,0.87,-0.1333217607642829,-0.013290219119737,11.61127183283391,11.61127183283391
0.15,13,0.88,-0.1294587457760075,0.112418402719788,-1.4200243498129437,0.0
0.15,13,0.89,-0.1310733927098871,-0.0416907061159959,7.973200777766638,7.973200777766638
0.15,13,0.9,-0.1302925598983274,0.2718824182751209,6.304257370789695,6.304257370789695
0.15,13,0.91,-0.1256357443443847,0.0843944412997981,-24.56611411262807,0.0
0.15,13,0.92,-0.1286046710723314,-0.219439863977441,-10.278303529949396,0.0
0.15,13,0.93,-0.1300245416239335,-0.12117162929919,9.345063398716118,9.345063398716118
0.15,13,0.94,-0.1310281036583152,-0.0325385960031194,-10.402492693634898,0.0
0.15,13,0.95,-0.1306753135439959,-0.3292214831718913,-5.296264400855665,0.0
0.15,13,0.96,-0.137612533321753,-0.1384638840202328,19.199801469045166,19.199801469045166
0.15,13,0.97,-0.1334445912244006,0.0547745462090123,3.329110711558637,3.329110711558637
0.15,13,0.98,-0.1365170423975728,-0.07188166978906,5.241115692113935,5.241115692113935
0.15,13,0.99,-0.1348822246201818,0.1595968600512911,11.37968060762707,11.37968060762707
0.15,13,1.0,-0.133325105196547,0.1557119423634816,-0.3884917687809488,0.0
0.15,14,0.01,-0.0024924665044187,-0.0395249140391225,-1.6435631809114601,0.0
0.15,14,0.02,-0.0028877156448099,-0.0559605458482371,-2.5964814298837764,0.0
0.15,14,0.03,-0.0036116774213835,-0.091454542636798,-3.8532247886007602,0.0
0.15,14,0.04,-0.0047168064975459,-0.1330250416202523,-3.954215155350794,0.0
0.15,14,0.05,-0.0062721782537885,-0.1705388457438139,-2.8852861528138503,0.0
0.15,14,0.06,-0.0081275834124222,-0.1907307646765293,-3.837504238109677,0.0
0.15,14,0.07,-0.0100867935473191,-0.2472889305060075,-5.495584359224395,0.0
0.15,14,0.08,-0.0130733620225423,-0.3006424518610172,-7.139851214028953,0.0
0.15,14,0.09,-0.0160996425845394,-0.3900859547865865,-2.331527150685531,0.0
0.15,14,0.1,-0.0208750811182741,-0.3472729948747277,4.218784310720448,4.218784310720448
0.15,14,0.11,-0.023045102482034,-0.3057102685721775,-7.506936874250723,0.0
0.15,14,0.12,-0.0269892864897176,-0.497411732359742,-9.392864197653273,0.0
0.15,14,0.13,-0.0329933371292288,-0.4935675525252427,5.5825162039072005,5.5825162039072005
0.15,14,0.14,-0.0368606375402225,-0.3857614082815979,9.283881576461937,9.283881576461937
0.15,14,0.15,-0.0407085652948608,-0.307889920996004,1.330941107053846,1.330941107053846
0.15,14,0.16,-0.0430184359601425,-0.3591425861405213,-7.370304117908251,0.0
0.15,14,0.17,-0.0478914170176712,-0.4552960033541691,-6.45372337114031,0.0
0.15,14,0.18,-0.0521243560272259,-0.4882170535633277,-5.222528549442913,0.0
0.15,14,0.19,-0.0576557580889378,-0.5597465743430274,2.9934386830292397,2.9934386830292397
0.15,14,0.2,-0.0633192875140865,-0.4283482799027429,16.30829501550687,16.30829501550687
0.15,14,0.21,-0.0662227236869926,-0.2335806740328903,-0.089310658036581,0.0
0.15,14,0.22,-0.0679909009947443,-0.4301344930634756,-15.38200664553869,0.0
0.15,14,0.23,-0.0748254135482622,-0.5412208069436644,4.168173522620908,4.168173522620908
0.15,14,0.24,-0.0788153171336176,-0.3467710226110583,11.655255814686791,11.655255814686791
0.15,14,0.25,-0.0817608340004833,-0.3081156906499291,12.661385650270764,12.661385650270764
0.15,14,0.26,-0.0849776309466162,-0.0935433096056428,3.690633974629293,3.690633974629293
0.15,14,0.27,-0.0836317001925962,-0.2343030111573432,-6.290050558513144,0.0
0.15,14,0.28,-0.089663691169763,-0.2193443207759058,4.286125348644658,4.286125348644658
0.15,14,0.29,-0.0880185866081143,-0.1485805041844505,-11.939530203677018,0.0
0.15,14,0.3,-0.0926353012534521,-0.4581349248494479,-2.6224080357006816,0.0
0.15,14,0.31,-0.0971812851051033,-0.2010286648984642,13.403978772362889,13.403978772362889
0.15,14,0.32,-0.0966558745514214,-0.1900553494021899,-4.741017049690921,0.0
0.15,14,0.33,-0.1009823920931471,-0.2958490058922827,-7.516467737984238,0.0
0.15,14,0.34,-0.102572854669267,-0.3403847041618748,2.63732078222065,2.63732078222065
0.15,14,0.35,-0.1077900861763846,-0.2431025902478705,13.119267494375872,13.119267494375872
0.15,14,0.36,-0.1074349064742244,-0.0779993542743575,3.3765383128834223,3.3765383128834223
0.15,14,0.37,-0.1093500732618717,-0.175571823990202,-7.085928911790998,0.0
0.15,14,0.38,-0.1109463429540284,-0.2197179325101776,8.769360685755197,8.769360685755197
0.15,14,0.39,-0.1137444319120753,-0.0001846102750979,13.283332034448383,13.283332034448383
0.15,14,0.4,-0.1109500351595304,0.0459487081787903,-6.842288153666668,0.0
0.15,14,0.41,-0.1128254577484994,-0.1370303733484297,-1.4319900855010612,0.0
0.15,14,0.42,-0.113690642626499,0.017308906468771,21.45182053192569,21.45182053192569
0.15,14,0.43,-0.112479279619124,0.2920060372900845,-14.238547759058157,0.0
0.15,14,0.44,-0.1078505218806973,-0.2674620487123924,-34.89082051807478,0.0
0.15,14,0.45,-0.1178285205933719,-0.4058103730714117,21.840404362475205,21.840404362475205
0.15,14,0.46,-0.1159667293421255,0.1693460385371121,18.998467495519034,18.998467495519034
0.15,14,0.47,-0.1144415998226296,-0.0258410231610275,-26.203304935383994,0.0
0.15,14,0.48,-0.1164835498053461,-0.3547200601705675,1.8463349404146134,1.8463349404146134
0.15,14,0.49,-0.121536001026041,0.0110856756472648,30.75053591278089,30.75053591278089
0.15,14,0.5,-0.1162618362924008,0.2602906580850508,-9.235578794503397,0.0
0.15,14,0.51,-0.1163301878643399,-0.1736259002428033,-24.431302606712826,0.0
0.15,14,0.52,-0.1197343542972569,-0.2283353940492061,8.960066102626817,8.960066102626817
0.15,14,0.53,-0.1208968957453241,0.0055754218097332,1.635290172411974,1.635290172411974
0.15,14,0.54,-0.1196228458610622,-0.1956295906009666,-6.398959028383709,0.0
0.15,14,0.55,-0.1248094875573434,-0.1224037587579411,30.38421763518688,30.38421763518688
0.15,14,0.56,-0.122070921036221,0.4120547621027715,10.256117360708712,10.256117360708712
0.15,14,0.57,-0.116568392315288,0.0827185884562418,-36.55119516003808,0.0
0.15,14,0.58,-0.1204165492670963,-0.3189691410979876,-8.261580044197359,0.0
0.15,14,0.59,-0.1229477751372478,-0.0825130124277055,16.33681637052387,16.33681637052387
0.15,14,0.6,-0.1220668095156504,0.0077671863124901,-5.549290575363485,0.0
0.15,14,0.61,-0.122792431410998,-0.1934988239349753,-4.7632112206036,0.0
0.15,14,0.62,-0.12593678599435,-0.087497038099582,20.6065144253172,20.6065144253172
0.15,14,0.63,-0.1245423721729896,0.2186314645713691,5.29235570759975,5.29235570759975
0.15,14,0.64,-0.1215641567029226,0.0183500760524131,-25.871074775824773,0.0
0.15,14,0.65,-0.1241753706519413,-0.2987900309451268,-6.810586477552274,0.0
0.15,14,0.66,-0.1275399573218251,-0.1178616534986325,21.17473696163168,21.17473696163168
0.15,14,0.67,-0.126532603721914,0.1247047082875072,12.674023599763268,12.674023599763268
0.15,14,0.68,-0.125045863156075,0.1356188184966331,-6.5178544777686245,0.0
0.15,14,0.69,-0.1238202273519813,-0.005652381267863,-15.48732254566026,0.0
0.15,14,0.7,-0.1251589107814323,-0.174127632416571,-2.6735254104415676,0.0
0.15,14,0.71,-0.1273027800003128,-0.0591228894766944,4.399136452160142,4.399136452160142
0.15,14,0.72,-0.1263413685709661,-0.0861449033733681,0.9802666035112491,0.9802666035112491
0.15,14,0.73,-0.1290256780677801,-0.0395175574064694,14.422600540114491,14.422600540114491
0.15,14,0.74,-0.1271317197190955,0.202307107428922,3.209689576379742,3.209689576379742
0.15,14,0.75,-0.1249795359192017,0.0246762341211255,-11.831453557193095,0.0
0.15,14,0.76,-0.126638195036673,-0.0343219637149401,-3.271047580642467,0.0
0.15,14,0.77,-0.1256659751935005,-0.0407447174917239,-5.4984096311223105,0.0
0.15,14,0.78,-0.1274530893865075,-0.1442901563373864,-13.933084848433529,0.0
0.15,14,0.79,-0.1285517783202482,-0.3194064144603947,8.727152608953972,8.727152608953972
0.15,14,0.8,-0.1338412176757154,0.0302528958416932,29.31090498956636,29.31090498956636
0.15,14,0.81,-0.1279467204034144,0.266811685330933,-6.079811954268523,0.0
0.15,14,0.82,-0.1285049839690967,-0.0913433432436701,-18.969950850977394,0.0
0.15,14,0.83,-0.1297735872682878,-0.1125873316886094,2.2931802999237587,2.2931802999237587
0.15,14,0.84,-0.1307567306028689,-0.0454797372451949,12.304210376860674,12.304210376860674
0.15,14,0.85,-0.1306831820131917,0.1334968758486043,-1.490979441658924,0.0
0.15,14,0.86,-0.1280867930858968,-0.0752993260783734,-18.70593578210296,0.0
0.15,14,0.87,-0.1321891685347591,-0.2406218397934552,0.5227172596283145,0.5227172596283145
0.15,14,0.88,-0.1328992298817659,-0.0648449808858071,8.281474704193622,8.281474704193622
0.15,14,0.89,-0.1334860681524753,-0.0749923457095826,5.641645301093005,5.641645301093005
0.15,14,0.9,-0.1343990767959575,0.0479879251360531,13.330670715310449,13.330670715310449
0.15,14,0.91,-0.1325263096497542,0.1916210685966266,-6.864310673885079,0.0
0.15,14,0.92,-0.130566655424025,-0.0892982883416486,-6.718596522702029,0.0
0.15,14,0.93,-0.1343122754165872,0.0572491381425859,9.913159069614283,9.913159069614283
0.15,14,0.94,-0.1294216726611734,0.1089648930506372,-0.6818017228737383,0.0
0.15,14,0.95,-0.1321329775555746,0.0436131036851099,-7.119296848412294,0.0
0.15,14,0.96,-0.1285494105874712,-0.0334210439176088,-22.78606516994259,0.0
0.15,14,0.97,-0.1328013984339267,-0.4121081997137423,1.9291872504191931,1.9291872504191931
0.15,14,0.98,-0.136791574581746,0.0051627010907751,26.71644179031875,26.71644179031875
0.15,14,0.99,-0.1326981444121112,0.1222206360926332,-8.503222293449337,0.0
0.15,14,1.0,-0.1343471618598934,-0.1649017447782118,-28.712238087084472,0.0
0.15,15,0.01,-0.0024696318557909,-0.0266098163130071,-1.6653576280281495,0.0
0.15,15,0.02,-0.002735730018921,-0.0432633925932886,-2.8512467845731164,0.0
0.15,15,0.03,-0.0033348997076567,-0.0836347520044694,-4.345915306255851,0.0
0.15,15,0.04,-0.0044084250590104,-0.1301816987184056,-4.420447534045238,0.0
0.15,15,0.05,-0.0059385336820248,-0.1720437026853742,-4.667523518954552,0.0
0.15,15,0.06,-0.0078492991127179,-0.2235321690974966,-4.587601064347913,0.0
0.15,15,0.07,-0.0104091770639747,-0.2637957239723325,-4.984855572864161,0.0
0.15,15,0.08,-0.0131252135921645,-0.3232292805547798,-1.806156703693727,0.0
0.15,15,0.09,-0.0168737626750703,-0.299918858046207,2.6448368516830456,2.6448368516830456
0.15,15,0.1,-0.0191235907530887,-0.2703325435211189,1.01990358862939,1.01990358862939
0.15,15,0.11,-0.0222804135454927,-0.2795207862736191,-11.560883607359107,0.0
0.15,15,0.12,-0.024714006478561,-0.5015502156683009,-16.84343418278466,0.0
0.15,15,0.13,-0.0323114178588588,-0.6163894699293122,3.9423724881037927,3.9423724881037927
0.15,15,0.14,-0.0370417958771473,-0.422702765906225,5.926248952706718,5.926248952706718
0.15,15,0.15,-0.0407654731769832,-0.4978644908751772,-0.8645582371555065,0.0
0.15,15,0.16,-0.0469990856946508,-0.4399939306493348,23.040476985947024,23.040476985947024
0.15,15,0.17,-0.04956535178997,-0.0370549511562363,-0.7665125355240896,0.0
0.15,15,0.18,-0.0477401847177756,-0.4553241813598143,-34.87258567581188,0.0
0.15,15,0.19,-0.0586718354171663,-0.7345066646724732,4.74249852507695,4.74249852507695
0.15,15,0.2,-0.0624303180112251,-0.3604742108582752,11.503412069719587,11.503412069719587
0.15,15,0.21,-0.0658813196343318,-0.5044384232780801,-12.17331631581228,0.0
0.15,15,0.22,-0.0725190864767867,-0.6039405371745206,3.84172689337203,3.84172689337203
0.15,15,0.23,-0.0779601303778222,-0.4276038854106394,14.23993162428616,14.23993162428616
0.15,15,0.24,-0.0810711641849995,-0.3191419046887973,14.823218618756897,14.823218618756897
0.15,15,0.25,-0.0843429684715981,-0.1311395130355013,13.369057280394712,13.369057280394712
0.15,15,0.26,-0.0836939544457095,-0.0517607590809028,5.769119711573811,5.769119711573811
0.15,15,0.27,-0.0853781836532162,-0.015757118804025,-23.59509358375729,0.0
0.15,15,0.28,-0.08400909682179,-0.523662630756049,-27.788651706217603,0.0
0.15,15,0.29,-0.095851436268337,-0.5715301529283785,24.733592451140243,24.733592451140243
0.15,15,0.3,-0.0954396998803575,-0.0289907817332419,5.708772939379919,5.708772939379919
0.15,15,0.31,-0.0964312519030019,-0.45735469414078,0.9348722064454092,0.9348722064454092
0.15,15,0.32,-0.1045867937631731,-0.0102933376043337,35.42385937422147,35.42385937422147
0.15,15,0.33,-0.0966371186550885,0.25112249334365,-25.092227921938704,0.0
0.15,15,0.34,-0.0995643438963001,-0.5121378960431082,-17.772243927726823,0.0
0.15,15,0.35,-0.1068798765759506,-0.1043223852108923,28.80372357376152,28.80372357376152
0.15,15,0.36,-0.1016507916005179,0.0639365754321197,-2.467539118732228,0.0
0.15,15,0.37,-0.1056011450673082,-0.1536731675855369,6.434132571457679,6.434132571457679
0.15,15,0.38,-0.1047242549522286,0.1926192268612734,-14.038110418363015,0.0
0.15,15,0.39,-0.1017487605300828,-0.4344353759527974,-38.54924450422549,0.0
0.15,15,0.4,-0.1134129624712846,-0.578365663223237,28.44790208139571,28.44790208139571
0.15,15,0.41,-0.1133160737945476,0.134522665675111,30.25805365715517,30.25805365715517
0.15,15,0.42,-0.1107225091577824,0.0267954099198606,-3.0500457471093374,0.0
0.15,15,0.43,-0.1127801655961503,0.0735217507329242,-3.0791971763151023,0.0
0.15,15,0.44,-0.1092520741431239,-0.0347885336064415,-1.1066186739820538,0.0
0.15,15,0.45,-0.1134759362682792,0.0513893772532831,-8.439618070327217,0.0
0.15,15,0.46,-0.1082242865980582,-0.203580895012986,-10.473156368031876,0.0
0.15,15,0.47,-0.1175475541685388,-0.1580737501073557,25.02357938355819,25.02357938355819
0.15,15,0.48,-0.1113857616002052,0.2968906926581791,-9.350235589772229,0.0
0.15,15,0.49,-0.1116097403153752,-0.3450784619028004,-25.247577152005114,0.0
0.15,15,0.5,-0.1182873308382613,-0.2080608503819236,17.314129960734963,17.314129960734963
0.15,15,0.51,-0.1157709573230137,0.0012041373118991,13.647468880518494,13.647468880518494
0.15,15,0.52,-0.1182632480920233,0.0648885272284465,-1.253392973525529,0.0
0.15,15,0.53,-0.1144731867784448,-0.0238637221586115,-15.287018540859638,0.0
0.15,15,0.54,-0.1187405225351955,-0.2408518435887465,7.559921961842289,7.559921961842289
0.15,15,0.55,-0.1192902236502197,0.1273347170782344,11.218135816784072,11.218135816784072
0.15,15,0.56,-0.1161938281936308,-0.0164891272530649,-14.224856627816978,0.0
0.15,15,0.57,-0.1196200061952809,-0.1571624154781039,14.265745330447437,14.265745330447437
0.15,15,0.58,-0.1193370765031929,0.2688257793558888,-0.6790538329556108,0.0
0.15,15,0.59,-0.1142434906081631,-0.1707434921372161,-19.77885735720795,0.0
0.15,15,0.6,-0.1227519463459372,-0.1267513677882705,13.19527052091843,13.19527052091843
0.15,15,0.61,-0.1167785179639285,0.0931619182811527,0.8947553712617093,0.8947553712617093
0.15,15,0.62,-0.1208887079803141,-0.1088562603630363,-7.514381443473438,0.0
0.15,15,0.63,-0.1189556431711893,-0.0571257105883162,9.677841703342061,9.677841703342061
0.15,15,0.64,-0.1220312221920805,0.0847005737038051,-1.4098720329461591,0.0
0.15,15,0.65,-0.1172616316971131,-0.0853231512472394,1.5354502973080795,1.5354502973080795
0.15,15,0.66,-0.1237376852170252,0.1154095796499667,14.345054891197847,14.345054891197847
0.15,15,0.67,-0.1149534401041138,0.2015779465767178,-29.803150624611973,0.0
0.15,15,0.68,-0.1197061262854909,-0.4806534328422733,-9.882407796722802,0.0
0.15,15,0.69,-0.1245665087609592,0.0039297906422497,16.335044226500973,16.335044226500973
0.15,15,0.7,-0.1196275304726458,-0.1539525483122625,-7.973726658968193,0.0
0.15,15,0.71,-0.1276455597272045,-0.1555447425371143,22.431233286319923,22.431233286319923
0.15,15,0.72,-0.1227384253233881,0.2946721174141364,7.390612656373814,7.390612656373814
0.15,15,0.73,-0.1217521173789218,-0.0077324894096379,-19.043910515727777,0.0
0.15,15,0.74,-0.1228930751115808,-0.0862060929004195,-5.96986907650412,0.0
0.15,15,0.75,-0.1234762392369302,-0.1271298709397204,1.9898434840472032,1.9898434840472032
0.15,15,0.76,-0.1254356725303753,-0.0464092232194754,5.480762975981745,5.480762975981745
0.15,15,0.77,-0.1244044237013197,-0.0175146114200854,-1.4348188824104837,0.0
0.15,15,0.78,-0.125785964758777,-0.0751056008676851,-4.765920575441161,0.0
0.15,15,0.79,-0.1259065357186734,-0.1128330229289087,6.10938918240808,6.10938918240808
0.15,15,0.8,-0.1280426252173551,0.0470821827804766,7.436932743114468,7.436932743114468
0.15,15,0.81,-0.1249648920630638,0.0359056319333808,-2.1244467162669056,0.0
0.15,15,0.82,-0.1273245125786875,0.0045932484551389,0.5722396669253917,0.5722396669253917
0.15,15,0.83,-0.124873027093961,0.0473504252718894,-7.520839889464558,0.0
0.15,15,0.84,-0.1263775040732496,-0.1458235493341524,6.629031453760434,6.629031453760434
0.15,15,0.85,-0.1277894980806441,0.1799310543470982,15.420086722957365,15.420086722957365
0.15,15,0.86,-0.1227788829863077,0.1625781851249952,-24.08557781439955,0.0
0.15,15,0.87,-0.1245379343781442,-0.3017805019408932,-23.515365968905336,0.0
0.15,15,0.88,-0.1288144930251256,-0.3077291342531119,12.247763589658367,12.247763589658367
0.15,15,0.89,-0.1306925170632064,-0.0568252301477256,15.852401221621177,15.852401221621177
0.15,15,0.9,-0.1299509976280801,0.0093188901793119,4.473672636926806,4.473672636926806
0.15,15,0.91,-0.1305061392596202,0.0326482225908106,10.39851871162573,10.39851871162573
0.15,15,0.92,-0.1292980331762639,0.2172892644118267,-5.414045605029861,0.0
0.15,15,0.93,-0.1261603539713836,-0.0756326895097867,-21.573298446186776,0.0
0.15,15,0.94,-0.1308106869664595,-0.2141767045119085,3.2609269481091157,3.2609269481091157
0.15,15,0.95,-0.1304438880616217,-0.0104141505476009,5.552277098328592,5.552277098328592
0.15,15,0.96,-0.1310189699774115,-0.1031311625453366,-5.653938200200546,0.0
0.15,15,0.97,-0.1325065113125285,-0.1234929145516119,10.049513827099721,10.049513827099721
0.15,15,0.98,-0.1334888282684438,0.097859113996658,22.78163818868515,22.78163818868515
0.15,15,0.99,-0.1305493290325953,0.3321398492220915,13.62353304313395,13.62353304313395
0.15,15,1.0,-0.1268460312840019,0.3703297748593372,3.818992563724568,3.818992563724568
0.15,16,0.01,-0.0006275415218899,-0.0146110195099664,-0.8835750117470198,0.0
0.15,16,0.02,-0.0007736517169896,-0.0234467696274366,-1.6658448343201404,0.0
0.15,16,0.03,-0.0010964769144387,-0.0479279161963692,-2.9119097064773154,0.0
0.15,16,0.04,-0.001732210040917,-0.0816849637569829,-3.2124138654685934,0.0
0.15,16,0.05,-0.0027301761895783,-0.1121761935057411,-3.830340110189926,0.0
0.15,16,0.06,-0.0039757339110318,-0.1582917659607814,-4.885735903570049,0.0
0.15,16,0.07,-0.0058960115087939,-0.2098909115771421,-3.268127664651427,0.0
0.15,16,0.08,-0.0081735521425746,-0.22365431925381,-2.7158713286897065,0.0
0.15,16,0.09,-0.0103690978938701,-0.2642083381509362,-5.312726008019414,0.0
0.15,16,0.1,-0.0134577189055934,-0.3299088394141983,-2.1926533766087637,0.0
0.15,16,0.11,-0.0169672746821541,-0.3080614056831116,-2.041555601846092,0.0
0.15,16,0.12,-0.0196189470192556,-0.3707399514511201,-6.448432483837575,0.0
0.15,16,0.13,-0.0243820737111765,-0.4370300553598631,6.75248858877864,6.75248858877864
0.15,16,0.14,-0.0283595481264529,-0.2356901796755472,9.603393600888516,9.603393600888516
0.15,16,0.15,-0.0290958773046875,-0.2449621833420923,-23.442138059344742,0.0
0.15,16,0.16,-0.0332587917932947,-0.704532940862443,-10.764214238585936,0.0
0.15,16,0.17,-0.0431865361219363,-0.4602464681138112,27.118777182013257,27.118777182013257
0.15,16,0.18,-0.042463721155571,-0.1621573972221783,14.050306823791402,14.050306823791402
0.15,16,0.19,-0.0464296840663799,-0.1792403316379842,-26.961125692084956,0.0
0.15,16,0.2,-0.0460485277883307,-0.7013799110638779,-22.721314394920153,0.0
0.15,16,0.21,-0.0604572822876574,-0.6336666195363887,24.078584289951273,24.078584289951273
0.15,16,0.22,-0.0587218601790584,-0.2198082252648516,3.798203875381187,3.798203875381187
0.15,16,0.23,-0.0648534467929545,-0.5577025420287649,-0.9862059430074908,0.0
0.15,16,0.24,-0.0698759110196337,-0.2395323441250032,-1.4326886669484757,0.0
0.15,16,0.25,-0.0696440936754545,-0.5863563153677362,-36.191550785376364,0.0
0.15,16,0.26,-0.0816030373269884,-0.9633633598325312,34.76255873414808,34.76255873414808
0.15,16,0.27,-0.0889113608721052,0.1088948593152259,49.27253519002526,49.27253519002526
0.15,16,0.28,-0.0794251401406839,0.0220873439679749,-30.425763186662678,0.0
0.15,16,0.29,-0.0884696139927456,-0.4996204044180241,-14.008849640531428,0.0
0.15,16,0.3,-0.0894175482290443,-0.2580896488426489,8.504405750249127,8.504405750249127
0.15,16,0.31,-0.0936314069695985,-0.3295322894130414,-8.70873421734801,0.0
0.15,16,0.32,-0.0960081940173052,-0.4322643331896092,10.666069124060616,10.666069124060616
0.15,16,0.33,-0.1022766936333907,-0.1162109069318289,21.44930098446961,21.44930098446961
0.15,16,0.34,-0.0983324121559417,-0.0032783135002167,-2.318344779791106,0.0
0.15,16,0.35,-0.102342259903395,-0.1625778025276494,-9.837622825945948,0.0
0.15,16,0.36,-0.1015839682064947,-0.2000307700191346,-9.989986359372999,0.0
0.15,16,0.37,-0.1063428753037777,-0.3623775297151095,14.266923962727493,14.266923962727493
0.15,16,0.38,-0.1088315188007969,0.0853077092354155,25.130339442820727,25.130339442820727
0.15,16,0.39,-0.1046367211190694,0.1402292591413054,-21.9982199532881,0.0
0.15,16,0.4,-0.1060269336179708,-0.3546566898303469,-24.13867221691065,0.0
0.15,16,0.41,-0.1117298549156763,-0.3425441851969095,19.116856102903302,19.116856102903302
0.15,16,0.42,-0.112877817321909,0.0276804322277204,14.636067604312318,14.636067604312318
0.15,16,0.43,-0.1111762462711219,-0.0498228331106629,-4.66340373980886,0.0
0.15,16,0.44,-0.1138742739841222,-0.0655876425684569,6.06680413296238,6.06680413296238
0.15,16,0.45,-0.112487999122491,0.0715132495485848,-0.39467206358718565,0.0
0.15,16,0.46,-0.1124440089931505,-0.0734810838402006,-8.494176038054068,0.0
0.15,16,0.47,-0.113957620799295,-0.0983702712124969,2.8454315957326717,2.8454315957326717
0.15,16,0.48,-0.1144114144174005,-0.0165724519255467,-4.985125290795087,0.0
0.15,16,0.49,-0.1142890698378059,-0.1980727770283987,-1.3700102436758241,0.0
0.15,16,0.5,-0.1183728699579684,-0.0439726567990632,13.553852141881679,13.553852141881679
0.15,16,0.51,-0.1151685229737872,0.0730042658092351,-0.8415697885390188,0.0
0.15,16,0.52,-0.1169127846417837,-0.0608040525698436,-0.5194629723972439,0.0
0.15,16,0.53,-0.1163846040251841,0.0626150063612902,6.159727576530015,6.159727576530015
0.15,16,0.54,-0.1156604845145579,0.0623904989607568,-11.386182575191734,0.0
0.15,16,0.55,-0.1151367940459689,-0.1651086451425447,-24.28717977534431,0.0
0.15,16,0.56,-0.1189626574174088,-0.4233530965461298,0.6231789589647807,0.6231789589647807
0.15,16,0.57,-0.1236038559768915,-0.152645065963255,19.405780593905227,19.405780593905227
0.15,16,0.58,-0.1220155587366738,-0.0352374846680287,17.57678737765141,17.57678737765141
0.15,16,0.59,-0.1243086056702521,0.1988906815897735,5.920939465296669,5.920939465296669
0.15,16,0.6,-0.1180377451048784,0.0831813046379048,-26.578996432840334,0.0
0.15,16,0.61,-0.122644979577494,-0.3326892470670337,-5.9767243503594445,0.0
0.15,16,0.62,-0.124691530046219,-0.0363531823692842,11.572111024462547,11.572111024462547
0.15,16,0.63,-0.1233720432248796,-0.1012470265777825,8.027131729762338,8.027131729762338
0.15,16,0.64,-0.1267164705777747,0.1241894522259627,13.247270294902808,13.247270294902808
0.15,16,0.65,-0.1208882541803604,0.1636983793202739,-16.21696597083149,0.0
0.15,16,0.66,-0.1234425029913692,-0.2001498671906674,-8.903616839071733,0.0
0.15,16,0.67,-0.1248912515241737,-0.0143739574611609,6.289651308019504,6.289651308019504
0.15,16,0.68,-0.1237299821405924,-0.0743568410302772,3.712106243965945,3.712106243965945
0.15,16,0.69,-0.1263783883447792,0.0598681674181555,-3.8142582874123794,0.0
0.15,16,0.7,-0.1225326187922293,-0.1506420067785283,-10.74719618028042,0.0
0.15,16,0.71,-0.1293912284803498,-0.1550757561874531,13.925919308419074,13.925919308419074
0.15,16,0.72,-0.1256341339159783,0.1278763793898534,12.059468399564185,12.059468399564185
0.15,16,0.73,-0.1268337008925527,0.0861136118038308,-6.179743512967035,0.0
0.15,16,0.74,-0.1239118616799017,0.0042815091305126,-9.891720983030115,0.0
0.15,16,0.75,-0.1267480707099425,-0.1117208078567717,1.5494131673373837,1.5494131673373837
0.15,16,0.76,-0.1261462778370372,0.0352697724772603,2.9271441176582824,2.9271441176582824
0.15,16,0.77,-0.1260426752603973,-0.053177925503606,-8.751447648846064,0.0
0.15,16,0.78,-0.1272098363471093,-0.1397591804996611,-1.5761926452152633,0.0
0.15,16,0.79,-0.1288378588703905,-0.0847017784079113,12.7325102149577,12.7325102149577
0.15,16,0.8,-0.1289038719152675,0.1148910237994931,4.84042569061115,4.84042569061115
0.15,16,0.81,-0.1265400383944006,0.0121067354043118,-10.171006763746336,0.0
0.15,16,0.82,-0.1286617372071812,-0.0885291114754327,0.808603740751018,0.808603740751018
0.15,16,0.83,-0.1283106206239093,0.0282788102193345,-0.2707211326475001,0.0
0.15,16,0.84,-0.1280961610027945,-0.0939435341283827,-15.858247661054552,0.0
0.15,16,0.85,-0.1301894913064769,-0.2888861430017568,13.49443018320725,13.49443018320725
0.15,16,0.86,-0.1338738838628297,0.1759450695357625,29.745185564590997,29.745185564590997
0.15,16,0.87,-0.1266705899157617,0.3060175682900636,-22.469712484782868,0.0
0.15,16,0.88,-0.1277535324970284,-0.2734491801598953,-16.885527315236207,0.0
0.15,16,0.89,-0.1321395735189596,-0.0316929780146608,8.275392889044745,8.275392889044745
0.15,16,0.9,-0.1283873920573216,-0.1079413223790002,-3.7152143285263466,0.0
0.15,16,0.91,-0.1342983999665396,-0.1059972645851878,13.059495485722014,13.059495485722014
0.15,16,0.92,-0.1305073373490254,0.1532485873354403,-2.7944435861929833,0.0
0.15,16,0.93,-0.1312334282198308,-0.1618861363090475,4.685415783112594,4.685415783112594
0.15,16,0.94,-0.1337450600752063,0.2469569029976837,22.209740545819784,22.209740545819784
0.15,16,0.95,-0.126294290159877,0.282308674607342,-27.506160958647172,0.0
0.15,16,0.96,-0.1280988865830594,-0.3031663161752602,-30.611849306260567,0.0
0.15,16,0.97,-0.1323576164833822,-0.3299283115178699,15.712424884887291,15.712424884887291
0.15,16,0.98,-0.1346974528134168,0.0110821815224859,13.399127610309312,13.399127610309312
0.15,16,0.99,-0.1321359728529325,-0.0619457593116834,-19.55608480971418,0.0
0.15,16,1.0,-0.1359363679996505,-0.380039514671798,-31.80937553601143,0.0
0.15,17,0.01,-0.0005086743658229,-0.0149234292839416,-0.8428057520380101,0.0
0.15,17,0.02,-0.0006579086586624,-0.0233514868043217,-1.6979852088522753,0.0
0.15,17,0.03,-0.0009757041019094,-0.0488831334609871,-3.082952521968555,0.0
0.15,17,0.04,-0.0016355713278821,-0.0850105372436928,-3.4466513237036893,0.0
0.15,17,0.05,-0.0026759148467832,-0.1178161599350609,-3.479297781131401,0.0
0.15,17,0.06,-0.0039918945265833,-0.1545964928663208,-4.833487257130663,0.0
0.15,17,0.07,-0.0057678447041097,-0.2144859050776742,-5.411789494006732,0.0
0.15,17,0.08,-0.0082816126281368,-0.2628322827464555,-1.379788282591262,0.0
0.15,17,0.09,-0.0110244903590388,-0.2420816707294994,-0.7681506509254152,0.0
0.15,17,0.1,-0.0131232460427268,-0.2781952957649639,-4.489680840183107,0.0
0.15,17,0.11,-0.016588396274338,-0.3318752875331615,-4.056974576777618,0.0
0.15,17,0.12,-0.01976075179339,-0.3593347873005162,-6.793567918414084,0.0
0.15,17,0.13,-0.0237750920203484,-0.4677466459014433,-2.260775316645198,0.0
0.15,17,0.14,-0.0291156847114189,-0.4045502936334202,14.032072113258312,14.032072113258312
0.15,17,0.15,-0.0318660978930168,-0.1871052036362777,5.784529376527383,5.784529376527383
0.15,17,0.16,-0.0328577887841444,-0.2888597061028735,-12.633812818471045,0.0
0.15,17,0.17,-0.0376432920150742,-0.4397814600056988,-12.813029996212663,0.0
0.15,17,0.18,-0.0416534179842584,-0.5451203060271268,-3.565655949721762,0.0
0.15,17,0.19,-0.0485456981356168,-0.5110945790001336,-3.9975660886533433,0.0
0.15,17,0.2,-0.0518753095642611,-0.6250716278001938,-4.950528912146339,0.0
0.15,17,0.21,-0.0610471306916206,-0.6101051572430607,16.644193997265567,16.644193997265567
0.15,17,0.22,-0.0640774127091223,-0.2921877478548818,8.569272684957923,8.569272684957923
0.15,17,0.23,-0.0668908856487183,-0.4387197035439021,-3.787656689620949,0.0
0.15,17,0.24,-0.0728518067800003,-0.3679408816473013,14.700360511917733,14.700360511917733
0.15,17,0.25,-0.0742497032816643,-0.1447124933055472,-12.54512006068208,0.0
0.15,17,0.26,-0.0757460566461113,-0.6188432828609431,-8.402042520426793,0.0
0.15,17,0.27,-0.0866265689388832,-0.3127533437140832,26.697529124720763,26.697529124720763
0.15,17,0.28,-0.0820011235203929,-0.0848927003665274,9.74465820914371,9.74465820914371
0.15,17,0.29,-0.0883244229462136,-0.1178601795312079,-11.097915897016609,0.0
0.15,17,0.3,-0.084358327111017,-0.30685101830686,-22.563136050831183,0.0
0.15,17,0.31,-0.0944614433123508,-0.569122900547832,3.5316040672838778,3.5316040672838778
0.15,17,0.32,-0.0957407851219737,-0.2362189369611824,13.795874397991602,13.795874397991602
0.15,17,0.33,-0.0991858220515745,-0.2932054125879997,8.377889532824984,8.377889532824984
0.15,17,0.34,-0.1016048933737337,-0.0686611463046826,13.49466093245477,13.49466093245477
0.15,17,0.35,-0.1005590449776681,-0.0233121939389038,-14.219036434850507,0.0
0.15,17,0.36,-0.1020711372525118,-0.3530418750016943,-16.769843530793946,0.0
0.15,17,0.37,-0.107619882477702,-0.358709064554783,6.532762858232603,6.532762858232603
0.15,17,0.38,-0.1092453185436075,-0.2223866178370421,5.193306690106157,5.193306690106157
0.15,17,0.39,-0.1120676148344429,-0.2548429307526598,20.273888114456337,20.273888114456337
0.15,17,0.4,-0.1143421771586607,0.183091144452085,10.355724873138747,10.355724873138747
0.15,17,0.41,-0.1084057919454012,-0.0477284332898815,-30.359161155756063,0.0
0.15,17,0.42,-0.1152967458244584,-0.424092078663036,5.656931333892725,5.656931333892725
0.15,17,0.43,-0.1168876335186619,0.0654101933879731,35.26222413990864,35.26222413990864
0.15,17,0.44,-0.1139885419566989,0.2811524041351374,-13.970787853462449,0.0
0.15,17,0.45,-0.1112645854359592,-0.2140055636812761,-31.26379102862466,0.0
0.15,17,0.46,-0.1182686532303244,-0.3441234164373563,19.40026059470287,19.40026059470287
0.15,17,0.47,-0.1181470537647063,0.173999648212777,16.17176569895125,16.17176569895125
0.15,17,0.48,-0.1147886602660689,-0.0206881024583358,-14.277576423779943,0.0
0.15,17,0.49,-0.118560815813873,-0.1115518802628221,14.705201282494802,14.705201282494802
0.15,17,0.5,-0.1170196978713254,0.2734159231915605,-1.251609153005659,0.0
0.15,17,0.51,-0.1130924973500418,-0.1365840633229353,-34.61674395503304,0.0
0.15,17,0.52,-0.1197513791377841,-0.4189189559091009,11.275289200429466,11.275289200429466
0.15,17,0.53,-0.1214708764682238,0.0889217206856542,8.537214098561112,8.537214098561112
0.15,17,0.54,-0.117972944724071,-0.2481746739378785,-15.989850237276107,0.0
0.15,17,0.55,-0.1264343699469814,-0.2308752840598682,21.09666550715066,21.09666550715066
0.15,17,0.56,-0.1225904504052683,0.1737586362051351,16.749342756658677,16.749342756658677
0.15,17,0.57,-0.1229591972228787,0.1041115710733091,-10.850456149012592,0.0
0.15,17,0.58,-0.1205082189838021,-0.0432504867751166,-12.25113891227035,0.0
0.15,17,0.59,-0.123824206958381,-0.1409112071720981,-0.7964333645583492,0.0
0.15,17,0.6,-0.1233264431272441,-0.0591791540662836,1.004893940403484,1.004893940403484
0.15,17,0.61,-0.1250077900397067,-0.1208133283640284,0.816294336440484,0.816294336440484
0.15,17,0.62,-0.1257427096945247,-0.0428532673374739,16.004093053506477,16.004093053506477
0.15,17,0.63,-0.1258648553864562,0.1992685327061014,2.9412163957442425,2.9412163957442425
0.15,17,0.64,-0.1217573390404026,0.015971060577411,-16.36603048289274,0.0
0.15,17,0.65,-0.125545434174908,-0.1280520769517537,-2.594994286352653,0.0
0.15,17,0.66,-0.1243183805794377,-0.0359288251496421,-3.316808881452623,0.0
0.15,17,0.67,-0.1262640106779008,-0.1943882545808062,-1.8484408610436083,0.0
0.15,17,0.68,-0.1282061456710539,-0.0728976423705143,13.815826667401812,13.815826667401812
0.15,17,0.69,-0.1277219635253111,0.0819282787672284,7.542102136308223,7.542102136308223
0.15,17,0.7,-0.1265675800957093,0.0779444003556477,-10.153852636482641,0.0
0.15,17,0.71,-0.1261630755181981,-0.1211487739624246,-12.572734804260783,0.0
0.15,17,0.72,-0.1289905555749578,-0.1735102957295682,5.303076614534281,5.303076614534281
0.15,17,0.73,-0.1296332814327895,-0.0150872416717389,16.981815405271462,16.981815405271462
0.15,17,0.74,-0.1292923004083926,0.1661260123758614,6.718818285423814,6.718818285423814
0.15,17,0.75,-0.1263107611852723,0.1192891240367375,-14.095811033294606,0.0
0.15,17,0.76,-0.1269065179276578,-0.115790208290031,-16.980543323445282,0.0
0.15,17,0.77,-0.1286265653510729,-0.2203217424321684,4.336339973396346,4.336339973396346
0.15,17,0.78,-0.1313129527763012,-0.029063408822104,10.208267180365997,10.208267180365997
0.15,17,0.79,-0.129207833527515,-0.0161563988248483,-1.7316455337579284,0.0
0.15,17,0.8,-0.1316360807527982,-0.0636963194972626,4.6965351044971415,4.6965351044971415
0.15,17,0.81,-0.1304817599174602,0.0777743032650946,4.173513896218044,4.173513896218044
0.15,17,0.82,-0.1300805946874963,0.0197739584271001,-10.62522001586065,0.0
0.15,17,0.83,-0.1300862807489182,-0.1347300970521185,-7.061452772483879,0.0
0.15,17,0.84,-0.1327751966285386,-0.1214550970225776,18.026984489208544,18.026984489208544
0.15,17,0.85,-0.1325153826893698,0.2258095927320527,15.746163368842296,15.746163368842296
0.15,17,0.86,-0.1282590047738976,0.1934681703542686,-23.519325204087217,0.0
0.15,17,0.87,-0.1286460192822844,-0.244576911349692,-22.81056470472389,0.0
0.15,17,0.88,-0.1331505430008914,-0.2627431237402096,14.762373219187833,14.762373219187833
0.15,17,0.89,-0.1339008817570886,0.0506705530340649,19.135355360661183,19.135355360661183
0.15,17,0.9,-0.1321371319402101,0.1199639834730144,-2.8650200619692177,0.0
0.15,17,0.91,-0.1315016020876283,-0.0066298482053195,-12.522040046211853,0.0
0.15,17,0.92,-0.1322697289043165,-0.1304768174512229,-17.02804956864704,0.0
0.15,17,0.93,-0.1341111384366528,-0.3471908395782606,10.55905285414038,10.55905285414038
0.15,17,0.94,-0.1392135456958817,0.0807042396315766,31.782157393914012,31.782157393914012
0.15,17,0.95,-0.1324970536440211,0.2884523083000143,-4.721577058871496,0.0
0.15,17,0.96,-0.1334444995298814,-0.0137273015458534,-18.806709689063865,0.0
0.15,17,0.97,-0.1327715996749382,-0.0876818854812633,5.34024740929583,5.34024740929583
0.15,17,0.98,-0.1351981372395067,0.0930776466400633,2.3179676930501727,2.3179676930501727
0.15,17,0.99,-0.1309100467421369,-0.0413225316202598,-30.22658798087768,0.0
0.15,17,1.0,-0.1360245878719118,-0.5114541129774909,-47.01315813572307,0.0
0.15,18,0.01,-0.0006487042041084,-0.018084013522191,-1.1319165625333798,0.0
0.15,18,0.02,-0.0008295443393303,-0.0294031791475248,-1.9114313469453752,0.0
0.15,18,0.03,-0.0012367677870589,-0.0563126404610985,-3.22891146736883,0.0
0.15,18,0.04,-0.0019557971485523,-0.0939814084949014,-3.50204364572833,0.0
0.15,18,0.05,-0.0031163959569569,-0.1263535133756651,-3.11083909421865,0.0
0.15,18,0.06,-0.0044828674160656,-0.1561981903792744,-3.435360191742416,0.0
0.15,18,0.07,-0.0062403597645424,-0.1950607172105135,-4.860653805628442,0.0
0.15,18,0.08,-0.0083840817602758,-0.2534112664918432,-7.100035562519741,0.0
0.15,18,0.09,-0.0113085850943793,-0.3370614284609082,-5.033876791301218,0.0
0.15,18,0.1,-0.015125310329494,-0.3540888023178675,2.9169186995451586,2.9169186995451586
0.15,18,0.11,-0.0183903611407366,-0.2787230544700051,-3.4645191784721625,0.0
0.15,18,0.12,-0.0206997714188941,-0.4233791858873107,-1.3589078497959513,0.0
0.15,18,0.13,-0.0268579448584828,-0.3059012114659238,9.399321302816952,9.399321302816952
0.15,18,0.14,-0.0268177956482126,-0.2353927598309715,-14.121336734221858,0.0
0.15,18,0.15,-0.0315658000551023,-0.5883279461503597,-6.96716451429711,0.0
0.15,18,0.16,-0.0385843545712198,-0.3747360501169121,3.998561330262124,3.998561330262124
0.15,18,0.17,-0.0390605210574405,-0.5083567195451171,-13.669357274962877,0.0
0.15,18,0.18,-0.0487514889621221,-0.6481231956161695,16.310171329198056,16.310171329198056
0.15,18,0.19,-0.0520229849697639,-0.1821532929611544,-0.6596663569582688,0.0
0.15,18,0.2,-0.0523945548213452,-0.6613165227553348,-26.726791241620496,0.0
0.15,18,0.21,-0.0652493154248705,-0.7166891177935653,27.820179184048257,27.820179184048257
0.15,18,0.22,-0.0667283371772165,-0.1049129390743681,6.660888460008824,6.660888460008824
0.15,18,0.23,-0.0673475742063579,-0.5834713485933887,-18.067873642865965,0.0
0.15,18,0.24,-0.0783977641490842,-0.4662704119316889,10.33305758087474,10.33305758087474
0.15,18,0.25,-0.0766729824449916,-0.3768101969758941,-7.719604240636752,0.0
0.15,18,0.26,-0.0859339680886021,-0.6206624967444241,6.291748113741976,6.291748113741976
0.15,18,0.27,-0.0890862323798801,-0.2509752347010545,16.028322328713656,16.028322328713656
0.15,18,0.28,-0.0909534727826232,-0.3000960501701506,0.5377507063745242,0.5377507063745242
0.15,18,0.29,-0.0950881533832831,-0.2402202205735646,16.65323155966673,16.65323155966673
0.15,18,0.3,-0.0957578771940945,0.0329685810231845,-5.694413708634322,0.0
0.15,18,0.31,-0.0944287817628194,-0.3541084947462511,-15.455404663898193,0.0
0.15,18,0.32,-0.1028400470890195,-0.2761395122547796,18.71767844285237,18.71767844285237
0.15,18,0.33,-0.099951572007915,0.0202450741107966,5.8173978806705895,5.8173978806705895
0.15,18,0.34,-0.1024351456068036,-0.1597915546413677,-15.337120863190421,0.0
0.15,18,0.35,-0.1031474031007424,-0.2864973431530115,-16.853078666162084,0.0
0.15,18,0.36,-0.1081650924698638,-0.4968531279646093,28.401571538091925,28.401571538091925
0.15,18,0.37,-0.1130844656600345,0.2815340876088275,36.845836997308155,36.845836997308155
0.15,18,0.38,-0.1025344107176873,0.2400636119815544,-43.54958592050254,0.0
0.15,18,0.39,-0.1082831934204035,-0.589457630801224,-42.08279648776907,0.0
0.15,18,0.4,-0.1143235633337117,-0.6015923177738278,32.861395726311464,32.861395726311464
0.15,18,0.41,-0.12031503977588,0.0677702837250002,51.576343759015685,51.576343759015685
0.15,18,0.42,-0.1129681576592117,0.4299345574064821,-26.85111161599726,0.0
0.15,18,0.43,-0.1117163486277503,-0.4692519485949455,-36.46517957675967,0.0
0.15,18,0.44,-0.1223531966311106,-0.2993690341287118,35.531410783161434,35.531410783161434
0.15,18,0.45,-0.1177037293103246,0.2413762670682837,12.348661571211604,12.348661571211604
0.15,18,0.46,-0.1175256712897449,-0.0523958027044795,-21.98930120104729,0.0
0.15,18,0.47,-0.1187516453644141,-0.1984097569526621,-3.4916427497383875,0.0
0.15,18,0.48,-0.1214938664287982,-0.1222286576992459,6.64769507941764,6.64769507941764
0.15,18,0.49,-0.1211962185183991,-0.0654558553643092,-8.351608558977912,0.0
0.15,18,0.5,-0.1228029835360844,-0.2892608288788043,10.421694067692258,10.421694067692258
0.15,18,0.51,-0.1269814350959751,0.1429780259895361,37.50216605168189,37.50216605168189
0.15,18,0.52,-0.1199434230162937,0.4607824921548342,-25.13815302799,0.0
0.15,18,0.53,-0.1177657852528784,-0.3597850345702644,-35.661561597186,0.0
0.15,18,0.54,-0.127139123707699,-0.2524487397888864,24.569110951601232,24.569110951601232
0.15,18,0.55,-0.1228147600486562,0.1315971844617607,-2.5244918183511693,0.0
0.15,18,0.56,-0.1245071800184638,-0.3029385761559098,-5.487147370449643,0.0
0.15,18,0.57,-0.1288735315717743,0.0218542370527599,35.109769777698396,35.109769777698396
0.15,18,0.58,-0.1240700952774085,0.3992568193980554,-22.630976296594184,0.0
0.15,18,0.59,-0.1208883951838132,-0.4307652888791242,-37.99663139163037,0.0
0.15,18,0.6,-0.132685401054991,-0.3606758084345527,55.99096585063789,55.99096585063789
0.15,18,0.61,-0.1281019113525043,0.6890540281336346,31.39709629316931,31.39709629316931
0.15,18,0.62,-0.1189043204923183,0.267266117428834,-66.84861742391271,0.0
0.15,18,0.63,-0.1227565890039276,-0.6479183203446208,-6.582080827867816,0.0
0.15,18,0.64,-0.1318626868992107,0.1356245008714776,45.74521124703348,45.74521124703348
0.15,18,0.65,-0.120044098986498,0.2669859045960496,-22.85749411623803,0.0
0.15,18,0.66,-0.1265229688072897,-0.3215253814532834,-18.142530875650188,0.0
0.15,18,0.67,-0.1264746066155637,-0.0958647129169545,9.588714235171592,9.588714235171592
0.15,18,0.68,-0.1284402630656288,-0.1297510967498514,13.670253045241793,13.670253045241793
0.15,18,0.69,-0.1290696285505607,0.1775403479878763,4.7112332696874315,4.7112332696874315
0.15,18,0.7,-0.1248894561058712,-0.035526431356109,-15.807984445184191,0.0
0.15,18,0.71,-0.1297801571776829,-0.1386193409158078,12.971656043101538,12.971656043101538
0.15,18,0.72,-0.1276618429241874,0.223906689505922,5.9543626314407945,5.9543626314407945
0.15,18,0.73,-0.1253020233875645,-0.0195320882869918,-21.731597399802034,0.0
0.15,18,0.74,-0.1280524846899272,-0.2107252584901191,-4.215232465250547,0.0
0.15,18,0.75,-0.1295165285573669,-0.1038367375920028,14.265236670515943,14.265236670515943
0.15,18,0.76,-0.1301292194417673,0.0745794749202,-0.4656020842844093,0.0
0.15,18,0.77,-0.1280249390589629,-0.113148779277691,-7.043465560134699,0.0
0.15,18,0.78,-0.1323921950273211,-0.0662898362824941,15.305458801766996,15.305458801766996
0.15,18,0.79,-0.1293507357846127,0.1929603967576492,-11.823795314475385,0.0
0.15,18,0.8,-0.1285329870921681,-0.302765742572002,-12.04605776451183,0.0
0.15,18,0.81,-0.1354060506360528,-0.0479607585325876,22.392996089753602,22.392996089753602
0.15,18,0.82,-0.12949220226282,0.1450941792230686,-3.355178385797049,0.0
0.15,18,0.83,-0.1325041670515915,-0.1150643262485333,-10.573586134130762,0.0
0.15,18,0.84,-0.1317934887877907,-0.0663775434595468,8.329504489945528,8.329504489945528
0.15,18,0.85,-0.1338317179207825,0.0515257635503774,10.462724380972055,10.462724380972055
0.15,18,0.86,-0.1307629735167831,0.1428769441598945,-3.9327273733429764,0.0
0.15,18,0.87,-0.1309741790375846,-0.0271287839164822,-15.108259595213212,0.0
0.15,18,0.88,-0.1313055491951128,-0.15928824774437,-0.04205836684678488,0.0
0.15,18,0.89,-0.134159943992472,-0.0279699512534179,7.197126355415669,7.197126355415669
0.15,18,0.9,-0.1318649482201811,-0.0153457206360565,-4.634362954041956,0.0
0.15,18,0.91,-0.1344668584051931,-0.1206572103342571,3.548031041976732,3.548031041976732
0.15,18,0.92,-0.1342780924268663,0.0556149002034782,15.287897041094636,15.287897041094636
0.15,18,0.93,-0.1333545604011236,0.1851007304876359,2.2505098345474472,2.2505098345474472
0.15,18,0.94,-0.1305760778171136,0.1006250968944293,-20.095284678578597,0.0
0.15,18,0.95,-0.131342058463235,-0.2168049630839368,-11.890768528567751,0.0
0.15,18,0.96,-0.1349121770787923,-0.1371902736769259,5.60821658416692,5.60821658416692
0.15,18,0.97,-0.1340858639367736,-0.1046406314005983,10.444308502794172,10.444308502794172
0.15,18,0.98,-0.1370049897068043,0.0716958963789577,-2.7225135908135885,0.0
0.15,18,0.99,-0.1326519460091944,-0.1590909032168701,-41.25910362868425,0.0
0.15,18,1.0,-0.1401868077711417,-0.753486176194728,-59.43952729778574,0.0
0.15,19,0.01,-0.0004101022610241,-0.0141409343092369,-0.89837514069133,0.0
0.15,19,0.02,-0.0005515116041165,-0.0231246857161502,-1.6361325268000555,0.0
0.15,19,0.03,-0.0008725959753471,-0.046863584845238,-3.0139607049235053,0.0
0.15,19,0.04,-0.0014887833010213,-0.0834038998146203,-3.775276509146114,0.0
0.15,19,0.05,-0.0025406739716396,-0.1223691150281603,-3.3841355391349888,0.0
0.15,19,0.06,-0.0039361656015845,-0.1510866105973201,-3.3153504500219793,0.0
0.15,19,0.07,-0.005562406183586,-0.1886761240285999,-4.049330602188536,0.0
0.15,19,0.08,-0.0077096880821565,-0.2320732226410908,-4.702803394614778,0.0
0.15,19,0.09,-0.0102038706364078,-0.2827321919208954,-5.092715377392697,0.0
0.15,19,0.1,-0.0133643319205744,-0.3339275301889448,-0.24512417028575406,0.0
0.15,19,0.11,-0.0168824212401867,-0.2876346753266106,-2.0109673371959076,0.0
0.15,19,0.12,-0.0191170254271066,-0.3741468769328629,-8.67287513924458,0.0
0.15,19,0.13,-0.0243653587788439,-0.4610921781115022,2.541489995375926,2.541489995375926
0.15,19,0.14,-0.0283388689893367,-0.3233170770253444,7.857246100929647,7.857246100929647
0.15,19,0.15,-0.0308317003193508,-0.303947256092909,-13.002963250401201,0.0
0.15,19,0.16,-0.0344178141111948,-0.5833763420333691,-14.73279166704855,0.0
0.15,19,0.17,-0.0424992271600182,-0.5986030894338803,13.230147979303249,13.230147979303249
0.15,19,0.18,-0.0463898758998724,-0.3187733824473051,14.128953978819451,14.128953978819451
0.15,19,0.19,-0.0488746948089643,-0.3160240098574922,-7.816315984087005,0.0
0.15,19,0.2,-0.0527103560970223,-0.4750997021290453,-3.4367969866796155,0.0
0.15,19,0.21,-0.0583766888515452,-0.3847599495910851,-2.119870910819948,0.0
0.15,19,0.22,-0.060405555088844,-0.5174971203454448,-9.729083081346296,0.0
0.15,19,0.23,-0.0687266312584541,-0.5793416112180112,3.8537002619474308,3.8537002619474308
0.15,19,0.24,-0.0719923873132042,-0.4404231151064968,7.181605501840796,7.181605501840796
0.15,19,0.25,-0.077535093560584,-0.4357095011811958,6.004308534228837,6.004308534228837
0.15,19,0.26,-0.0807065773368282,-0.3203369444219199,19.813363508654067,19.813363508654067
0.15,19,0.27,-0.0839418324490225,-0.0394422310081141,-9.559889714070128,0.0
0.15,19,0.28,-0.0814954219569904,-0.5115347387033227,-30.829449370095016,0.0
0.15,19,0.29,-0.0941725272230888,-0.656031218410015,12.394823204877316,12.394823204877316
0.15,19,0.3,-0.0946160463251907,-0.2636382746057739,17.070439477131877,17.070439477131877
0.15,19,0.31,-0.0994452927152043,-0.3146224288673771,-7.931675055739612,0.0
0.15,19,0.32,-0.1009084949025382,-0.4222717757205663,-0.9542011825697898,0.0
0.15,19,0.33,-0.1078907282296156,-0.3337064525187729,27.055765329594436,27.055765329594436
0.15,19,0.34,-0.1075826239529137,0.1188435308713229,21.29881291939889,21.29881291939889
0.15,19,0.35,-0.1055138576121891,0.0922698058692068,-0.15625471006292457,0.0
0.15,19,0.36,-0.1057372278355296,0.1157184366700647,-2.939890702265607,0.0
0.15,19,0.37,-0.1031994888787878,0.0334719918238946,-21.33092148189355,0.0
0.15,19,0.38,-0.1050677879990517,-0.3108999929678067,-17.754058490911483,0.0
0.15,19,0.39,-0.109417488738144,-0.3216091779943353,11.529193459730175,11.529193459730175
0.15,19,0.4,-0.1114999715589384,-0.080316123773203,0.7592998610128276,0.7592998610128276
0.15,19,0.41,-0.111023811213608,-0.3064231807740762,2.902308466605859,2.902308466605859
0.15,19,0.42,-0.11762843517442,-0.0222699544410831,14.474667488564993,14.474667488564993
0.15,19,0.43,-0.1114692103024297,-0.0169298310027761,2.022901905177568,2.022901905177568
0.15,19,0.44,-0.1179670317944755,0.0181880836624683,-1.5004766249123487,0.0
0.15,19,0.45,-0.1111054486291803,-0.0469393635010231,-22.491679515488336,0.0
0.15,19,0.46,-0.1189058190644959,-0.4316455066472988,5.977475633172333,5.977475633172333
0.15,19,0.47,-0.1197383587621263,0.0726101491624184,31.814752074464206,31.814752074464206
0.15,19,0.48,-0.1174536160812476,0.2046495348419821,-25.475182542267767,0.0
0.15,19,0.49,-0.1156453680652867,-0.4368935016829374,-37.170743011957676,0.0
0.15,19,0.5,-0.1261914861149063,-0.538765325397172,38.63660530166527,38.63660530166527
0.15,19,0.51,-0.1264206745732301,0.3358386043503687,39.753529208106386,39.753529208106386
0.15,19,0.52,-0.1194747140278989,0.2563052587649563,-28.635266780514904,0.0
0.15,19,0.53,-0.121294569397931,-0.2368667312599299,-20.35366802421661,0.0
0.15,19,0.54,-0.1242120486530975,-0.1507681017193762,25.583417841534633,25.583417841534633
0.15,19,0.55,-0.1243099314323185,0.2748016255707632,13.704269376054675,13.704269376054675
0.15,19,0.56,-0.1187160161416823,0.1233172858017175,-24.85685443495344,0.0
0.15,19,0.57,-0.121843585716284,-0.2223354631283012,-14.204479845531882,0.0
0.15,19,0.58,-0.1231627254042483,-0.1607723111089143,7.995466790430898,7.995466790430898
0.15,19,0.59,-0.1250590319384623,-0.0624261273196831,14.468279627451992,14.468279627451992
0.15,19,0.6,-0.124411247950642,0.1285932814401258,1.7424587201215331,1.7424587201215331
0.15,19,0.61,-0.1224871663096598,-0.0275769529172524,-14.264193004985852,0.0
0.15,19,0.62,-0.124962787008987,-0.1566905786595915,4.957473728913211,4.957473728913211
0.15,19,0.63,-0.1256209778828517,0.0715725216610119,13.044403333562054,13.044403333562054
0.15,19,0.64,-0.1235313365757668,0.1041974880116498,-2.708250899026108,0.0
0.15,19,0.65,-0.1235370281226187,0.0174075036804897,-2.6404688768994578,0.0
0.15,19,0.66,-0.123183186502157,0.0513881104736606,-13.253178757115723,0.0
0.15,19,0.67,-0.1225092659131454,-0.247656071461825,-12.67621969833866,0.0
0.15,19,0.68,-0.1281363079313935,-0.2021362834931128,9.292762172591479,9.292762172591479
0.15,19,0.69,-0.1265519915830077,-0.0618008280099973,9.596558562239293,9.596558562239293
0.15,19,0.7,-0.1293723244915935,-0.0102051122483288,-1.9964749858263784,0.0
0.15,19,0.71,-0.1267560938279743,-0.1017303277265249,0.7005553856390394,0.7005553856390394
0.15,19,0.72,-0.131406931046124,0.003805995464452,11.909246783785566,11.909246783785566
0.15,19,0.73,-0.1266799739186853,0.1364546079491866,-5.567895264627545,0.0
0.15,19,0.74,-0.1286778388871403,-0.107551909828099,-7.697071674595958,0.0
0.15,19,0.75,-0.1288310121152473,-0.0174868255427327,19.57675886586492,19.57675886586492
0.15,19,0.76,-0.1290275753979949,0.2839832674891998,-7.1848210791058,0.0
0.15,19,0.77,-0.1231513467654633,-0.1611832471248488,-28.214683475649434,0.0
0.15,19,0.78,-0.1322512403404919,-0.2803104020237894,16.432527584068726,16.432527584068726
0.15,19,0.79,-0.1287575548059391,0.167467304556526,10.035823342219656,10.035823342219656
0.15,19,0.8,-0.1289018942493614,-0.0795939351793961,-10.14363698425876,0.0
0.15,19,0.81,-0.130349433509527,-0.0354054351286494,6.371856343656866,6.371856343656866
0.15,19,0.82,-0.1296100029519344,0.0478431916937402,1.8828935393855655,1.8828935393855655
0.15,19,0.83,-0.1293925696756522,0.0022524356590603,-4.176525435464416,0.0
0.15,19,0.84,-0.1295649542387532,-0.0356873170155482,4.455432036732746,4.455432036732746
0.15,19,0.85,-0.1301063160159632,0.0913610763937153,17.47438139576756,17.47438139576756
0.15,19,0.86,-0.1277377327108789,0.3138003108998033,-14.569187940749753,0.0
0.15,19,0.87,-0.1238303097979671,-0.20002268242128,-33.402239431013406,0.0
0.15,19,0.88,-0.1317381863593045,-0.3542444777204654,2.9929130785871063,2.9929130785871063
0.15,19,0.89,-0.1309151993523764,-0.1401644208495378,11.93017470295258,11.93017470295258
0.15,19,0.9,-0.1345414747762952,-0.1156409836614136,8.842664012920743,8.842664012920743
0.15,19,0.91,-0.1332280190256047,0.0366888594088772,6.555462529862844,6.555462529862844
0.15,19,0.92,-0.1338076975881177,0.0154682669358434,2.7426002954063824,2.7426002954063824
0.15,19,0.93,-0.1329186536868878,0.0915408653170049,-5.039381308363279,0.0
0.15,19,0.94,-0.1319768802817776,-0.0853193592314189,-11.419020668017662,0.0
0.15,19,0.95,-0.1346250408715162,-0.1368395480433459,9.001984879609047,9.001984879609047
0.15,19,0.96,-0.1347136712426445,0.0947203383607622,2.9017076607789924,2.9017076607789924
0.15,19,0.97,-0.132730634104301,-0.078805394827766,-7.321907572486399,0.0
0.15,19,0.98,-0.1362897791391998,-0.0517178130889659,2.8905005574638922,2.8905005574638922
0.15,19,0.99,-0.1337649903660803,-0.0209953836784881,-12.13759157899801,0.0
0.15,19,1.0,-0.1367096868127696,-0.2944696446689263,-27.347426099043794,0.0
0.15,20,0.01,-0.0002845384731262,-0.0108725453383408,-0.8124384277125498,0.0
0.15,20,0.02,-0.0003932639265096,-0.0189969296154663,-1.4732111471420706,0.0
0.15,20,0.03,-0.0006644770654356,-0.0403367682811822,-2.6906576154758453,0.0
0.15,20,0.04,-0.0011999992921333,-0.0728100819249832,-3.6710936764519544,0.0
0.15,20,0.05,-0.0021206787039352,-0.1137586418102213,-4.095876462610475,0.0
0.15,20,0.06,-0.0034751721283377,-0.1547276111771927,-3.61697153301167,0.0
0.15,20,0.07,-0.0052152309274791,-0.1860980724704547,-2.3903724354393896,0.0
0.15,20,0.08,-0.0071971335777468,-0.2025350598859805,-4.744701005139877,0.0
0.15,20,0.09,-0.0092659321251987,-0.2809920925732522,-3.7573060129487583,0.0
0.15,20,0.1,-0.0128169754292119,-0.2776811801449556,-1.2101890267634836,0.0
0.15,20,0.11,-0.0148195557280978,-0.3051958731085218,-6.215218600988296,0.0
0.15,20,0.12,-0.0189208928913823,-0.4019855521647214,-0.6952260335748601,0.0
0.15,20,0.13,-0.0228592667713922,-0.3191003937800188,12.19461389121522,12.19461389121522
0.15,20,0.14,-0.0253029007669827,-0.1580932743404168,-3.019389503624506,0.0
0.15,20,0.15,-0.0260211322582006,-0.3794881838525079,-15.728527039371862,0.0
0.15,20,0.16,-0.0328926644440328,-0.4726638151278535,8.9523302118386,8.9523302118386
0.15,20,0.17,-0.0354744085607577,-0.2004415796157357,1.788488332747118,1.788488332747118
0.15,20,0.18,-0.0369014960363476,-0.4368940484729098,-16.727011462754696,0.0
0.15,20,0.19,-0.0442122895302159,-0.5349818088708291,5.04585552801446,5.04585552801446
0.15,20,0.2,-0.0476011322137642,-0.3359769379126205,4.813255975700994,4.813255975700994
0.15,20,0.21,-0.0509318282884683,-0.4387166893568084,-12.648289402418733,0.0
0.15,20,0.22,-0.0563754660009003,-0.5889427259609952,-9.239270141634051,0.0
0.15,20,0.23,-0.0627106828076882,-0.6235020921894896,22.949934874153154,22.949934874153154
0.15,20,0.24,-0.0688455078446901,-0.1299440284779338,27.03523409985117,27.03523409985117
0.15,20,0.25,-0.0653095633772468,-0.0827974101924677,-17.390895324293975,0.0
0.15,20,0.26,-0.0705014560485395,-0.4777619349638136,-16.916380880103198,0.0
0.15,20,0.27,-0.0748648020765231,-0.421125027794532,-3.83077854092841,0.0
0.15,20,0.28,-0.0789239566044301,-0.5543775057823819,13.193115274100137,13.193115274100137
0.15,20,0.29,-0.0859523521921707,-0.1572627223125327,24.883709246124884,24.883709246124884
0.15,20,0.3,-0.0820692110506807,-0.0567033208598868,-12.161402987724554,0.0
0.15,20,0.31,-0.0870864186093685,-0.400490782067024,-16.430597975212475,0.0
0.15,20,0.32,-0.0900790266920212,-0.3853152803641366,4.688684381211363,4.688684381211363
0.15,20,0.33,-0.0947927242166512,-0.3067170944427966,6.591837967273975,6.591837967273975
0.15,20,0.34,-0.0962133685808771,-0.253478521018657,6.891662682018021,6.891662682018021
0.15,20,0.35,-0.0998622946370243,-0.1688838408024366,-0.5294052440327714,0.0
0.15,20,0.36,-0.0995910453969259,-0.2640666258993134,-2.935854014583672,0.0
0.15,20,0.37,-0.1051436271550106,-0.2276009210941101,13.58137358078103,13.58137358078103
0.15,20,0.38,-0.1041430638188081,0.0075608457163074,17.034058614403577,17.034058614403577
0.15,20,0.39,-0.1049924102406844,0.1130802511939617,-8.168772232329047,0.0
0.15,20,0.4,-0.1018814587949288,-0.1558145989302737,-2.8560071975248214,0.0
0.15,20,0.41,-0.1081087022192898,0.0559601072434627,6.198150909132856,6.198150909132856
0.15,20,0.42,-0.1007622566500595,-0.0318515807476185,-24.755135643977574,0.0
0.15,20,0.43,-0.1087457338342422,-0.4391426056360892,2.132877561591678,2.132877561591678
0.15,20,0.44,-0.1095451087627813,0.0108059704842151,16.25754849615001,16.25754849615001
0.15,20,0.45,-0.1085296144245579,-0.1139916357130887,-8.612860418650069,0.0
0.15,20,0.46,-0.1118249414770431,-0.1614512378887864,14.987549411178325,14.987549411178325
0.15,20,0.47,-0.1117586391823336,0.185759352510475,2.8181953583270642,2.8181953583270642
0.15,20,0.48,-0.1081097544268336,-0.1050873307222488,-21.881879783311334,0.0
0.15,20,0.49,-0.1138603857967786,-0.251878243155752,14.433659866419053,14.433659866419053
0.15,20,0.5,-0.1131473192899486,0.1835858666061325,10.228157579457383,10.228157579457383
0.15,20,0.51,-0.110188668464656,-0.0473150915666042,-12.47464927160012,0.0
0.15,20,0.52,-0.1140936211212807,-0.0659071188258701,0.0722853351957653,0.0722853351957653
0.15,20,0.53,-0.1115068108411734,-0.0458693848626889,-12.994197399464719,0.0
0.15,20,0.54,-0.1150110088185345,-0.3257910668151647,3.5824455328023466,3.5824455328023466
0.15,20,0.55,-0.1180226321774767,0.0257795257933581,15.838708128428792,15.838708128428792
0.15,20,0.56,-0.1144954183026673,-0.0090169042465886,-5.307049484180519,0.0
0.15,20,0.57,-0.1182029702624083,-0.0803614638902514,-8.378268738927929,0.0
0.15,20,0.58,-0.1161026475804723,-0.1765822790251467,4.028109113927581,4.028109113927581
0.15,20,0.59,-0.1217346158429113,0.0002007183883003,13.115182802236827,13.115182802236827
0.15,20,0.6,-0.1160986332127063,0.0857213770195901,7.305406648994369,7.305406648994369
0.15,20,0.61,-0.1200201883025195,0.1463088513681878,-12.150820326674058,0.0
0.15,20,0.62,-0.1131724561853425,-0.1572950295138913,-25.232341336513482,0.0
0.15,20,0.63,-0.1231660888927973,-0.3583379753620823,13.345729032179218,13.345729032179218
0.15,20,0.64,-0.1203392156925842,0.1096195511296933,22.49343124037295,22.49343124037295
0.15,20,0.65,-0.1209736978702034,0.0915306494453771,-3.7894795677672715,0.0
0.15,20,0.66,-0.1185086027036766,0.0338299597743478,-6.143077632138895,0.0
0.15,20,0.67,-0.1202970986747165,-0.0313309031974009,-4.343963284740791,0.0
0.15,20,0.68,-0.1191352207676247,-0.0530493059204681,-4.38376893075372,0.0
0.15,20,0.69,-0.1213580847931258,-0.1190062818124744,-3.7160191774575493,0.0
0.15,20,0.7,-0.1215153464038741,-0.1273696894696181,-0.8052361512407291,0.0
0.15,20,0.71,-0.1239054785825182,-0.135111004837289,3.5631262036261515,3.5631262036261515
0.15,20,0.72,-0.1242175665006199,-0.056107165397095,14.872353505208553,14.872353505208553
0.15,20,0.73,-0.1250276218904601,0.1623360652668823,0.8376321016384296,0.8376321016384296
0.15,20,0.74,-0.1209708451952822,-0.0393545233643264,-7.3117486016694695,0.0
0.15,20,0.75,-0.1258147123577466,0.0161010932334928,11.13813804732454,11.13813804732454
0.15,20,0.76,-0.1206488233306124,0.1834082375821646,-19.955156736667877,0.0
0.15,20,0.77,-0.1221465476061033,-0.3830020414998651,-12.55754116900499,0.0
0.15,20,0.78,-0.1283088641606097,-0.0677425857979354,33.22345216655354,33.22345216655354
0.15,20,0.79,-0.123501399322062,0.2814670018312064,-8.126492382520693,0.0
0.15,20,0.8,-0.1226795241239856,-0.2302724334483494,-19.88214677170099,0.0
0.15,20,0.81,-0.128106847991029,-0.1161759336028138,22.487218322052403,22.487218322052403
0.15,20,0.82,-0.1250030427960419,0.2194719329926941,11.947999167970668,11.947999167970668
0.15,20,0.83,-0.1237174093311752,0.1227840497565937,-17.31457730047039,0.0
0.15,20,0.84,-0.12254736180091,-0.126819613016714,-20.47879545412725,0.0
0.15,20,0.85,-0.1262538015915095,-0.2867918593259517,1.8729452154360127,1.8729452154360127
0.15,20,0.86,-0.1282831989874291,-0.0893607087079937,18.004620055558384,18.004620055558384
0.15,20,0.87,-0.1280410157656693,0.0733005417852163,2.344425019470098,2.344425019470098
0.15,20,0.88,-0.1268171881517248,-0.0424722083185917,-12.131351405525175,0.0
0.15,20,0.89,-0.1288904599320412,-0.1693264863252874,1.5137328893676885,1.5137328893676885
0.15,20,0.9,-0.1302037178782305,-0.0121975505312379,21.70342882571814,21.70342882571814
0.15,20,0.91,-0.1291344109426659,0.2647420901890758,8.962336303834373,8.962336303834373
0.15,20,0.92,-0.124908876074449,0.1670491755454497,-19.65124990657066,0.0
0.15,20,0.93,-0.1257934274317569,-0.1282829079423377,-26.374486784158563,0.0
0.15,20,0.94,-0.1274745342332957,-0.3604405601377198,-3.493680774432544,0.0
0.15,20,0.95,-0.1330022386345114,-0.1981565234309839,24.61002292444345,24.61002292444345
0.15,20,0.96,-0.1314376647019154,0.1317598983511496,9.987697919864301,9.987697919864301
0.15,20,0.97,-0.1303670406674884,0.0015974349663023,-7.561059391322488,0.0
0.15,20,0.98,-0.1314057160025893,-0.0194612894753003,-8.495450702436568,0.0
0.15,20,0.99,-0.1307562664569944,-0.1683115790824292,-19.105341162452664,0.0
0.15,20,1.0,-0.1347719475842379,-0.4015681127243539,-23.325653364192448,0.0
0.15,21,0.01,-0.0005513927203013,-0.0135092560718246,-0.93457676723576,0.0
0.15,21,0.02,-0.0006864852810196,-0.0228550237441822,-1.7189475956582108,0.0
0.15,21,0.03,-0.001008493195185,-0.0478882079849888,-3.1146687091269096,0.0
0.15,21,0.04,-0.0016442494407194,-0.0851483979267204,-3.770892338350654,0.0
0.15,21,0.05,-0.0027114611537194,-0.1233060547520019,-3.8899260062681797,0.0
0.15,21,0.06,-0.0041103705357594,-0.162946918052084,-4.8015594096557965,0.0
0.15,21,0.07,-0.0059703995147611,-0.2193372429451179,-1.5901276423407253,0.0
0.15,21,0.08,-0.0084971153946618,-0.1947494708988986,-1.1806137606913811,0.0
0.15,21,0.09,-0.009865388932739,-0.2429495181589455,-8.432243988889873,0.0
0.15,21,0.1,-0.0133561057578407,-0.3633943506766962,-5.4421908715914125,0.0
0.15,21,0.11,-0.017133275946273,-0.3517933355907739,1.4756558690894934,1.4756558690894934
0.15,21,0.12,-0.0203919724696561,-0.3338812332949064,-1.6470879181297775,0.0
0.15,21,0.13,-0.0238109006121711,-0.3847350939533696,3.7429559334711264,3.7429559334711264
0.15,21,0.14,-0.0280866743487235,-0.2590221146254838,0.12076809298089586,0.12076809298089586
0.15,21,0.15,-0.0289913429046808,-0.382319732093751,-16.934588348683974,0.0
0.15,21,0.16,-0.0357330689905986,-0.5977138815991634,-1.0678849708307823,0.0
0.15,21,0.17,-0.0409456205366641,-0.4036774315103666,11.613664310108437,11.613664310108437
0.15,21,0.18,-0.0438066176208059,-0.3654405953969943,-11.881193073562091,0.0
0.15,21,0.19,-0.048254432444604,-0.6413012929816091,-6.905342743413389,0.0
0.15,21,0.2,-0.0566326434804381,-0.5035474502652622,17.142784630192345,17.142784630192345
0.15,21,0.21,-0.0583253814499092,-0.2984456003777627,4.004353588535267,4.004353588535267
0.15,21,0.22,-0.0626015554879934,-0.4234603784945578,3.373824666435876,3.373824666435876
0.15,21,0.23,-0.0667945890198004,-0.2309691070490451,-0.7116673466505254,0.0
0.15,21,0.24,-0.0672209376289743,-0.4376937254275672,-13.343273857176225,0.0
0.15,21,0.25,-0.0755484635283517,-0.4978345841925691,9.708921557436598,9.708921557436598
0.15,21,0.26,-0.0771776293128257,-0.243515294278835,2.918863622392397,2.918863622392397
0.15,21,0.27,-0.0804187694139284,-0.4394573117447211,-2.0399918363936482,0.0
0.15,21,0.28,-0.0859667755477201,-0.284315131006708,9.135646733510328,9.135646733510328
0.15,21,0.29,-0.0861050720340626,-0.2567443770745141,-21.392945390056845,0.0
0.15,21,0.3,-0.0911016630892104,-0.7121740388078468,13.793015013565608,13.793015013565608
0.15,21,0.31,-0.1003485528102196,0.0191159231967983,47.55067085847631,47.55067085847631
0.15,21,0.32,-0.0907193446252744,0.2388393783616802,-23.489122032996754,0.0
0.15,21,0.33,-0.095571765242986,-0.4506665174631372,-26.860201070171883,0.0
0.15,21,0.34,-0.0997326749745372,-0.2983646430417579,29.777684965558393,29.777684965558393
0.15,21,0.35,-0.1015390581038211,0.1448871818480279,10.057519122166337,10.057519122166337
0.15,21,0.36,-0.0968349313375766,-0.0972142605984354,-27.704554947051083,0.0
0.15,21,0.37,-0.1034833433157898,-0.4092039170929942,16.542867216605902,16.542867216605902
0.15,21,0.38,-0.1050190096794365,0.2336430837336829,7.007916113917684,7.007916113917684
0.15,21,0.39,-0.0988104816411161,-0.2690455948146404,-31.58559739635082,0.0
0.15,21,0.4,-0.1103999215757293,-0.3980688641933341,10.146005823625407,10.146005823625407
0.15,21,0.41,-0.1067718589249829,-0.0661254783421352,3.5191482870152946,3.5191482870152946
0.15,21,0.42,-0.1117224311425721,-0.3276858984530317,8.104777339039238,8.104777339039238
0.15,21,0.43,-0.1133255768940435,0.0959700684386497,33.27550612511839,33.27550612511839
0.15,21,0.44,-0.1098030297737991,0.3378242240493367,-17.84478735561559,0.0
0.15,21,0.45,-0.1065690924130568,-0.2609256786736624,-42.99169452681451,0.0
0.15,21,0.46,-0.1150215433472723,-0.5220096664869542,21.913947920668114,21.913947920668114
0.15,21,0.47,-0.1170092857427959,0.1773532797396937,31.632226311129774,31.632226311129774
0.15,21,0.48,-0.1114744777524784,0.1106348597356357,-28.452181235372606,0.0
0.15,21,0.49,-0.1147965885480832,-0.3916903449677589,-16.563865974979862,0.0
0.15,21,0.5,-0.1193082846518336,-0.2206424597639618,28.946087787381387,28.946087787381387
0.15,21,0.51,-0.1192094377433624,0.1872314107798693,15.071551859215433,15.071551859215433
0.15,21,0.52,-0.1155636564362362,0.0807885774203471,-20.71578099620865,0.0
0.15,21,0.53,-0.1175936661949555,-0.2270842091443041,1.2565281291946988,1.2565281291946988
0.15,21,0.54,-0.1201053406191223,0.1059191400042411,17.483953640073693,17.483953640073693
0.15,21,0.55,-0.1154752833948706,0.1225948636571701,-23.814796155004963,0.0
0.15,21,0.56,-0.1176534433459789,-0.3703767830958586,-17.816459925285244,0.0
0.15,21,0.57,-0.1228828190567877,-0.2337343348485401,30.242156930806047,30.242156930806047
0.15,21,0.58,-0.1223281300429496,0.2344663555202633,9.993272221163032,9.993272221163032
0.15,21,0.59,-0.1181934919463824,-0.0338688904252793,-26.89830022241926,0.0
0.15,21,0.6,-0.1230055078514552,-0.3034996489281223,-6.39919561642345,0.0
0.15,21,0.61,-0.1242634849249449,-0.1618528027537484,16.385053384760777,16.385053384760777
0.15,21,0.62,-0.1262425639065302,0.0242014187670935,8.506298754181238,8.506298754181238
0.15,21,0.63,-0.123779456549603,0.0082731723298765,4.343543233260626,4.343543233260626
0.15,21,0.64,-0.1260771004599327,0.1110722834323061,8.922174142595548,8.922174142595548
0.15,21,0.65,-0.1215580108809569,0.1867166551817876,-13.932350811331801,0.0
0.15,21,0.66,-0.1223427673562969,-0.1675747327943302,-17.011469498928452,0.0
0.15,21,0.67,-0.1249095055368435,-0.1535127347967817,2.1965153371632926,2.1965153371632926
0.15,21,0.68,-0.1254130220522326,-0.1236444260510643,10.351117562093565,10.351117562093565
0.15,21,0.69,-0.1273823940578648,0.053509616445087,13.742141278697257,13.742141278697257
0.15,21,0.7,-0.1243428297233308,0.1511983995228787,-7.433773802661959,0.0
0.15,21,0.71,-0.1243584260674072,-0.0951658596081523,-19.182558087801098,0.0
0.15,21,0.72,-0.1262461469154938,-0.2324527622331436,1.4650715902096736,1.4650715902096736
0.15,21,0.73,-0.1290074813120701,-0.0658644278039588,12.081065556895949,12.081065556895949
0.15,21,0.74,-0.127563435471573,0.0091685489047756,5.780600493179335,5.780600493179335
0.15,21,0.75,-0.1288241103339746,0.049747582059628,12.6450702803313,12.6450702803313
0.15,21,0.76,-0.1265684838303805,0.2620699545114018,-4.276560416896071,0.0
0.15,21,0.77,-0.1235827112437465,-0.0357836262782935,-32.472350638469706,0.0
0.15,21,0.78,-0.1272841563559463,-0.3873770582579929,6.24128332144881,6.24128332144881
0.15,21,0.79,-0.1313302524089064,0.0890420401506828,22.338877542844074,22.338877542844074
0.15,21,0.8,-0.1255033155529327,0.0594004925988889,-10.94844692740698,0.0
0.15,21,0.81,-0.1301422425569286,-0.129926898397457,-3.9291824457194764,0.0
0.15,21,0.82,-0.1281018535208819,-0.0191831563155036,0.012493760002863397,0.012493760002863397
0.15,21,0.83,-0.1305259056832387,-0.1296770231974022,4.1597830776919515,4.1597830776919515
0.15,21,0.84,-0.1306953939848299,0.0640125052383355,17.032927692378703,17.032927692378703
0.15,21,0.85,-0.129245655578472,0.2109815306501721,-6.044957527322914,0.0
0.15,21,0.86,-0.1264757633718265,-0.0568866453081229,-17.488180422698754,0.0
0.15,21,0.87,-0.1303833884846345,-0.1387820778038033,-6.88965152974434,0.0
0.15,21,0.88,-0.1292514049279025,-0.1946796759030098,3.410058454902252,3.410058454902252
0.15,21,0.89,-0.1342769820026947,-0.0705809087057582,20.063734104697573,20.063734104697573
0.15,21,0.9,-0.1306630231020177,0.206595006190942,4.609118263145486,4.609118263145486
0.15,21,0.91,-0.1301450818788758,0.0216014565571516,-11.54865426916903,0.0
0.15,21,0.92,-0.1302309939708747,-0.0243780791924388,-4.111147592424961,0.0
0.15,21,0.93,-0.1306326434627246,-0.0606214952913477,-5.8573532137280075,0.0
0.15,21,0.94,-0.1314434238767016,-0.1415251434669979,2.4269713198521297,2.4269713198521297
0.15,21,0.95,-0.1334631463320646,-0.012082068894303,1.6887499446422538,1.6887499446422538
0.15,21,0.96,-0.1316850652545877,-0.1077501445741528,0.5065966801117046,0.5065966801117046
0.15,21,0.97,-0.1356181492235477,-0.0019501352920689,14.140110316152457,14.140110316152457
0.15,21,0.98,-0.131724067960429,0.1750520617488966,-5.469254174876116,0.0
0.15,21,0.99,-0.1321171079885697,-0.1113352187895913,-17.920924825700517,0.0
0.15,21,1.0,-0.1339507723362209,-0.1833664347651141,-7.203121597552275,0.0
0.15,22,0.01,-0.0012149575756336,-0.0248613134807809,-1.1586975995995699,0.0
0.15,22,0.02,-0.0014635707104415,-0.0364482894767766,-1.8188173536004155,0.0
0.15,22,0.03,-0.0019439233651692,-0.0612376605527892,-2.9703787834497604,0.0
0.15,22,0.04,-0.0026883239214972,-0.0958558651457718,-3.7278581916029734,0.0
0.15,22,0.05,-0.0038610406680846,-0.1357948243848487,-4.194095312522119,0.0
0.15,22,0.06,-0.0054042204091942,-0.1797377713962142,-2.5356070103191017,0.0
0.15,22,0.07,-0.0074557960960089,-0.1865069645912307,-2.5698143436081544,0.0
0.15,22,0.08,-0.0091343597010188,-0.2311340582683772,-6.472460613593965,0.0
0.15,22,0.09,-0.0120784772613764,-0.3159561768631099,-3.816938948324859,0.0
0.15,22,0.1,-0.015453483238281,-0.3074728372348743,3.1544400659445078,3.1544400659445078
0.15,22,0.11,-0.0182279340060739,-0.2528673755442198,-2.47504757332773,0.0
0.15,22,0.12,-0.0205108307491654,-0.3569737887014289,-6.1379229611375195,0.0
0.15,22,0.13,-0.0253674097801025,-0.3756258347669701,-4.725461204049942,0.0
0.15,22,0.14,-0.0280233474445048,-0.4514830127824278,-5.5411800827470294,0.0
0.15,22,0.15,-0.0343970700357511,-0.4864494364219107,-0.5146455537278882,0.0
0.15,22,0.16,-0.037752336172943,-0.4617759238569854,3.34994465375231,3.34994465375231
0.15,22,0.17,-0.0436325885128908,-0.4194505433468645,6.89061373603549,6.89061373603549
0.15,22,0.18,-0.0461413470398803,-0.3239636491362758,2.744337636732265,2.744337636732265
0.15,22,0.19,-0.0501118614956163,-0.3645637906122196,-8.98505733025807,0.0
0.15,22,0.2,-0.0534326228521247,-0.5036647957414373,-2.5135194369191893,0.0
0.15,22,0.21,-0.060185157410445,-0.414834179350604,7.184285556452931,7.184285556452931
0.15,22,0.22,-0.0617293064391368,-0.3599790846123789,-0.031044428194594076,0.0
0.15,22,0.23,-0.0673847391026926,-0.4154550679144959,-9.464074639907235,0.0
0.15,22,0.24,-0.0700384077974267,-0.5492605774105233,-8.909887723687412,0.0
0.15,22,0.25,-0.0783699506509031,-0.5936528223882438,20.08058381901006,20.08058381901006
0.15,22,0.26,-0.0819114642451916,-0.1476489010303217,23.45479447938424,23.45479447938424
0.15,22,0.27,-0.0813229286715095,-0.1245569328005586,-19.344110543793597,0.0
0.15,22,0.28,-0.0844026029012028,-0.534531111906194,-17.709113054583447,0.0
0.15,22,0.29,-0.0920135509096333,-0.4787391938922294,45.06116833539102,45.06116833539102
0.15,22,0.3,-0.0939773867790473,0.3666922548016291,18.849238746256155,18.849238746256155
0.15,22,0.31,-0.0846797058136007,-0.101754418967106,-42.4817354958408,0.0
0.15,22,0.32,-0.0960124751583894,-0.4829424551151877,-1.960378678325898,0.0
0.15,22,0.33,-0.0943385549159045,-0.140961992533624,12.362712090896308,12.362712090896308
0.15,22,0.34,-0.0988317150090619,-0.2356882132972613,8.178203186228632,8.178203186228632
0.15,22,0.35,-0.0990523191818497,0.0226020711909464,-3.5525657993081783,0.0
0.15,22,0.36,-0.098379673585243,-0.306739529283428,-14.774744973304426,0.0
0.15,22,0.37,-0.1051871097675183,-0.2728928282751424,18.66938934918563,18.66938934918563
0.15,22,0.38,-0.1038375301507459,0.0666482577002849,9.415922972390327,9.415922972390327
0.15,22,0.39,-0.1038541446135126,-0.0845743688273357,-24.497083124177998,0.0
0.15,22,0.4,-0.1055290175272926,-0.4232934047832755,-5.210288248624491,0.0
0.15,22,0.41,-0.1123200127091781,-0.1887801337998285,31.96775243328786,31.96775243328786
0.15,22,0.42,-0.1093046202032891,0.2160616438824814,-6.58881166003739,0.0
0.15,22,0.43,-0.1079987798315284,-0.3205563670005764,-23.493896972539318,0.0
0.15,22,0.44,-0.1157157475433006,-0.2538162955683054,39.16623086111902,39.16623086111902
0.15,22,0.45,-0.1130751057428945,0.4627682502218047,28.07948566322411,28.07948566322411
0.15,22,0.46,-0.1064603825388646,0.3077734176961773,-48.43754815819522,0.0
0.15,22,0.47,-0.1069196373889709,-0.5059827129420942,-35.574961655387064,0.0
0.15,22,0.48,-0.1165800367977065,-0.4037258154115575,24.075982720865397,24.075982720865397
0.15,22,0.49,-0.1149941536972021,-0.0244630585247858,11.466411972431562,11.466411972431562
0.15,22,0.5,-0.1170692979682022,-0.1743975759629261,-4.692362769960116,0.0
0.15,22,0.51,-0.1184821052164606,-0.1183103139239882,23.598661075611787,23.598661075611787
0.15,22,0.52,-0.1194355042466819,0.2975756455493101,11.227139495801126,11.227139495801126
0.15,22,0.53,-0.1125305923054744,0.1062324759920345,-33.55264176234171,0.0
0.15,22,0.54,-0.1173108547268412,-0.3734771896975246,-2.0625331916423084,0.0
0.15,22,0.55,-0.1200001360994249,0.0649818121591883,17.078779988994416,17.078779988994416
0.15,22,0.56,-0.1160112184836575,-0.031901589917636,-19.48446538687471,0.0
0.15,22,0.57,-0.1206381678977775,-0.324707495578302,-11.44020036153342,0.0
0.15,22,0.58,-0.1225053683952235,-0.2607055971482994,21.05123093532828,21.05123093532828
0.15,22,0.59,-0.1258522798407435,0.096317123128264,20.50746708963704,20.50746708963704
0.15,22,0.6,-0.1205790259326582,0.1494437446444418,-9.626508639292542,0.0
0.15,22,0.61,-0.1228634049478547,-0.096213049657587,-12.138845472949793,0.0
0.15,22,0.62,-0.1225032869258099,-0.0933331648145543,0.7491610311934238,0.7491610311934238
0.15,22,0.63,-0.1247300682441458,-0.0812298290337185,4.698159267187566,4.698159267187566
0.15,22,0.64,-0.1241278835064843,0.0006300205291971,11.526273376118631,11.526273376118631
0.15,22,0.65,-0.1247174678335618,0.1492956384886543,13.772897043735489,13.772897043735489
0.15,22,0.66,-0.1211419707367112,0.2760879614039071,-24.14733905551445,0.0
0.15,22,0.67,-0.1191957086054837,-0.3336511426216351,-31.519378833056393,0.0
0.15,22,0.68,-0.1278149935891439,-0.3542996152572213,20.208558643322434,20.208558643322434
0.15,22,0.69,-0.1262817009106282,0.0705200302448068,21.740701567542438,21.740701567542438
0.15,22,0.7,-0.1264045929842479,0.0805144160936208,-10.68890284455145,0.0
0.15,22,0.71,-0.1246714125887558,-0.1432580266462224,-6.038177912494225,0.0
0.15,22,0.72,-0.1292697535171723,-0.0402491421562638,13.973180160947313,13.973180160947313
0.15,22,0.73,-0.1254763954318811,0.1362055765727241,-2.469846804437648,0.0
0.15,22,0.74,-0.1265456419857178,-0.0896460782450168,-3.324904886705933,0.0
0.15,22,0.75,-0.1272693169967814,0.0697074788386054,6.68915942816274,6.68915942816274
0.15,22,0.76,-0.1251514924089457,0.0441371103182381,-7.142448981844079,0.0
0.15,22,0.77,-0.1263865747904166,-0.0731415007982763,2.3444260621963577,2.3444260621963577
0.15,22,0.78,-0.1266143224249112,0.0910256315621653,-10.947284029086589,0.0
0.15,22,0.79,-0.1245660621591733,-0.2920871813800083,-24.46280523722566,0.0
0.15,22,0.8,-0.1324560660525114,-0.3982304731823483,20.28157712481022,20.28157712481022
0.15,22,0.81,-0.1325306716228203,0.1135443611161965,32.54895750352545,32.54895750352545
0.15,22,0.82,-0.1301851788301875,0.2527486768881619,5.6042877216417315,5.6042877216417315
0.15,22,0.83,-0.1274756980850571,0.2256301155490288,-20.29148802154139,0.0
0.15,22,0.84,-0.1256725765192069,-0.1530810835426663,-20.48564375447579,0.0
0.15,22,0.85,-0.1305373197559104,-0.1840827595404874,7.999649434636234,7.999649434636234
0.15,22,0.86,-0.1293542317100167,0.0069119051500585,5.62793685285849,5.62793685285849
0.15,22,0.87,-0.1303990816529092,-0.0715240224833175,4.578152363853281,4.578152363853281
0.15,22,0.88,-0.130784712159683,0.0984749524271242,11.906537349446804,11.906537349446804
0.15,22,0.89,-0.1284295826043668,0.1666067245056188,-11.560093178721004,0.0
0.15,22,0.9,-0.1274525776695707,-0.1327269111472961,-9.183426571933127,0.0
0.15,22,0.91,-0.1310841208273127,-0.0170618069330439,-1.6442965056707086,0.0
0.15,22,0.92,-0.1277938138082315,-0.1656128412607103,-19.663671389811004,0.0
0.15,22,0.93,-0.1343963776525269,-0.4103352347292643,11.136273491833435,11.136273491833435
0.15,22,0.94,-0.1360005185028168,0.0571126285759495,31.97208931680646,31.97208931680646
0.15,22,0.95,-0.1332541250810079,0.2291065516068586,-2.036521640967988,0.0
0.15,22,0.96,-0.1314183874706797,0.0163821957565897,-23.749071811125887,0.0
0.15,22,0.97,-0.1329264811658761,-0.2458748846156595,-1.6289783942594784,0.0
0.15,22,0.98,-0.1363358851629929,-0.0161973721285999,5.696207513527125,5.696207513527125
0.15,22,0.99,-0.1332504286084481,-0.1319507343451169,-27.81248760080542,0.0
0.15,22,1.0,-0.1389748998498952,-0.5724471241447088,-44.04963897995915,0.0
0.15,23,0.01,-0.0005072539354178,-0.0142913513054383,-0.9074342171179698,0.0
0.15,23,0.02,-0.0006501674484721,-0.023365693476618,-1.7260774854934906,0.0
0.15,23,0.03,-0.0009745678049501,-0.0488129010153081,-3.2100848844820407,0.0
0.15,23,0.04,-0.0016264254687783,-0.0875673911662588,-4.113795255056338,0.0
0.15,23,0.05,-0.0027259156282753,-0.1310888061164349,-3.262968990935769,0.0
0.15,23,0.06,-0.004248201591107,-0.1528267709849742,-4.071730402006386,0.0
0.15,23,0.07,-0.0057824510479748,-0.2125234141565627,-6.559914763593452,0.0
0.15,23,0.08,-0.0084986698742383,-0.2840250662568432,-4.622322332530542,0.0
0.15,23,0.09,-0.0114629523731116,-0.3049698608071735,-1.5021024114813244,0.0
0.15,23,0.1,-0.0145980670903817,-0.3140671144864697,0.5046101278317465,0.5046101278317465
0.15,23,0.11,-0.017744294662841,-0.2948776582505386,-5.975063170535483,0.0
0.15,23,0.12,-0.0204956202553925,-0.4335683778971793,-4.927413908662382,0.0
0.15,23,0.13,-0.0264156622207846,-0.393425936423786,-0.6227822347085592,0.0
0.15,23,0.14,-0.0283641389838682,-0.4460240225913505,-9.143418804254512,0.0
0.15,23,0.15,-0.0353361426726116,-0.576294312508876,3.9065023383044064,3.9065023383044064
0.15,23,0.16,-0.0398900252340457,-0.3678939758252615,6.244023366004367,6.244023366004367
0.15,23,0.17,-0.0426940221891169,-0.4514138451887886,-7.6972266991965945,0.0
0.15,23,0.18,-0.0489183021378215,-0.5218385098091933,9.585097555859448,9.585097555859448
0.15,23,0.19,-0.0531307923853007,-0.2597118940715988,3.7497055689483787,3.7497055689483787
0.15,23,0.2,-0.0541125400192535,-0.4468443984302257,-10.767978352728292,0.0
0.15,23,0.21,-0.0620676803539052,-0.475071461126165,3.0569183079038496,3.0569183079038496
0.15,23,0.22,-0.0636139692417768,-0.3857060322721484,3.5874975934382576,3.5874975934382576
0.15,23,0.23,-0.0697818009993482,-0.4033215092573998,1.536239823801747,1.536239823801747
0.15,23,0.24,-0.0716803994269248,-0.3549812357961137,-13.511370348773681,0.0
0.15,23,0.25,-0.0768814257152705,-0.6735489162328743,-19.09281080409465,0.0
0.15,23,0.26,-0.0851513777515823,-0.736837451878007,14.979320769138763,14.979320769138763
0.15,23,0.27,-0.0916181747528306,-0.3739625008500988,38.870546606777566,38.870546606777566
0.15,23,0.28,-0.0926306277685842,0.040573480257545,3.479302306160349,3.479302306160349
0.15,23,0.29,-0.0908067051476797,-0.3043764547268877,-4.613217145973129,0.0
0.15,23,0.3,-0.098718156863122,-0.0516908626619141,8.931344515878243,8.931344515878243
0.15,23,0.31,-0.091840522400918,-0.1257495644093227,-33.853782433880504,0.0
0.15,23,0.32,-0.1012331481513085,-0.7287665113395247,-1.0641992104648743,0.0
0.15,23,0.33,-0.1064158526277085,-0.1470335486186202,26.83228986852273,26.83228986852273
0.15,23,0.34,-0.1041738191236809,-0.1921207139690697,-0.9322948261772579,0.0
0.15,23,0.35,-0.1102582669070899,-0.1656794451421657,20.685158326491518,20.685158326491518
0.15,23,0.36,-0.1074874080265242,0.2215824525607619,-5.990981643995445,0.0
0.15,23,0.37,-0.1058266178558746,-0.2854990780220747,-31.044262298422804,0.0
0.15,23,0.38,-0.1131973895869657,-0.3993027934076947,4.345841059899987,4.345841059899987
0.15,23,0.39,-0.1138126737240285,-0.1985822568240749,9.257531895511969,9.257531895511969
0.15,23,0.4,-0.1171690347234472,-0.2141521554974552,3.725237550302956,3.725237550302956
0.15,23,0.41,-0.1180957168339776,-0.1240775058180165,27.137708990086686,27.137708990086686
0.15,23,0.42,-0.1196505848398075,0.3286020243042795,9.184871203039732,9.184871203039732
0.15,23,0.43,-0.111523676347892,0.0596199182427783,-41.18616637982085,0.0
0.15,23,0.44,-0.118458186474952,-0.4951213032921382,-16.569073468503674,0.0
0.15,23,0.45,-0.1214261024137348,-0.2717615511272955,30.076015939610798,30.076015939610798
0.15,23,0.46,-0.1238934174974979,0.1063990155000782,24.03050421361145,24.03050421361145
0.15,23,0.47,-0.1192981221037332,0.2088485331449341,-13.551787807346628,0.0
0.15,23,0.48,-0.1197164468345992,-0.1646367406468565,-15.038158759455982,0.0
0.15,23,0.49,-0.1225908569166704,-0.0919146420441858,22.14793469019829,22.14793469019829
0.15,23,0.5,-0.121554739675483,0.2783219531571097,-4.400893014669945,0.0
0.15,23,0.51,-0.1170244178535282,-0.1799325023375848,-24.7742048054701,0.0
0.15,23,0.52,-0.1251533897222347,-0.2171621429522927,6.257245958137899,6.257245958137899
0.15,23,0.53,-0.121367660712574,-0.0547875831748267,4.318758088457826,4.318758088457826
0.15,23,0.54,-0.1262491413857312,-0.1307869811831361,-6.373009912812174,0.0
0.15,23,0.55,-0.1239834003362367,-0.1822477814310703,7.382127707092133,7.382127707092133
0.15,23,0.56,-0.1298940970143526,0.0168555729587067,24.049666127712243,24.049666127712243
0.15,23,0.57,-0.1236462888770627,0.2987455411231714,-17.964129567086225,0.0
0.15,23,0.58,-0.1239191861918893,-0.3424270183830264,-25.36274123861848,0.0
0.15,23,0.59,-0.1304948292447233,-0.2085092836491986,36.98336387207145,36.98336387207145
0.15,23,0.6,-0.1280893718648733,0.3972402590584032,24.456336724052385,24.456336724052385
0.15,23,0.61,-0.1225500240635552,0.2806174508318495,-35.33800370377113,0.0
0.15,23,0.62,-0.1224770228482362,-0.30951981501702,-14.883859274349728,0.0
0.15,23,0.63,-0.1287404203638956,-0.0170597346551453,25.62738169745569,25.62738169745569
0.15,23,0.64,-0.1228182175413392,0.2030278189320942,-18.143850840129865,0.0
0.15,23,0.65,-0.1246798639852537,-0.3799367514577429,-13.599104713009588,0.0
0.15,23,0.66,-0.130416952570494,-0.0689542753280978,20.977413827026425,20.977413827026425
0.15,23,0.67,-0.1260589494918157,0.0396115250827859,-5.985727025188666,0.0
0.15,23,0.68,-0.1296247220688383,-0.1886688158318712,-0.9662209982815915,0.0
0.15,23,0.69,-0.1298323258084531,0.0202871051171493,15.050886657082605,15.050886657082605
0.15,23,0.7,-0.1292189799664953,0.1123489173097782,16.808074115324203,16.808074115324203
0.15,23,0.71,-0.1275853474622575,0.3564485874236336,-1.820169782914058,0.0
0.15,23,0.72,-0.1220900082180226,0.075945521651497,-39.3937498630324,0.0
0.15,23,0.73,-0.1260664370292276,-0.4314264098370151,-15.699686772697136,0.0
0.15,23,0.74,-0.130718536414763,-0.238048213802446,20.589007708348092,20.589007708348092
0.15,23,0.75,-0.1308274013052765,-0.0196462556700529,14.255396405456619,14.255396405456619
0.15,23,0.76,-0.131111461528164,0.0470597143066866,-1.4469472386970488,0.0
0.15,23,0.77,-0.1298862070191428,-0.0485852004439939,-17.46653071996647,0.0
0.15,23,0.78,-0.1320831655370439,-0.3022709000926431,-9.809799659979383,0.0
0.15,23,0.79,-0.1359316250209956,-0.2447811936435817,33.31170798936813,33.31170798936813
0.15,23,0.8,-0.1369787894099155,0.36396325969472,39.93820355743628,39.93820355743628
0.15,23,0.81,-0.1286523598271012,0.5539828775051445,-16.402382321927192,0.0
0.15,23,0.82,-0.1258991318598126,0.0359156132561855,-36.76367508819183,0.0
0.15,23,0.83,-0.1279340475619776,-0.1812906242586853,-13.578329273645137,0.0
0.15,23,0.84,-0.1295249443449863,-0.2356509722167175,1.105172999857059,1.105172999857059
0.15,23,0.85,-0.1326470670063119,-0.1591871642615441,19.266828407952797,19.266828407952797
0.15,23,0.86,-0.1327086876302172,0.1496855959423388,11.06831273220753,11.06831273220753
0.15,23,0.87,-0.1296533550874652,0.0621790903826067,-1.9491277712380528,0.0
0.15,23,0.88,-0.1314651058225651,0.1107030405175777,-6.83350747515167,0.0
0.15,23,0.89,-0.1274392942771136,-0.0744910591204268,-13.263687532695629,0.0
0.15,23,0.9,-0.1329549270049736,-0.1545707101363351,2.1688570427123883,2.1688570427123883
0.15,23,0.91,-0.1305307084798403,-0.031113918266179,-8.804775805726845,0.0
0.15,23,0.92,-0.1335772053702972,-0.3306662262508721,0.9317657459839243,0.9317657459839243
0.15,23,0.93,-0.1371440330048578,-0.0124786033465005,15.966239410200016,15.966239410200016
0.15,23,0.94,-0.1338267774372273,-0.0113414380468697,6.2813548984852945,6.2813548984852945
0.15,23,0.95,-0.1373708617657953,0.1131484946232062,6.090381706129915,6.090381706129915
0.15,23,0.96,-0.1315638075447631,0.1104661960757287,-15.78263591346672,0.0
0.15,23,0.97,-0.1351615378442807,-0.2025042236461285,-10.70417427628264,0.0
0.15,23,0.98,-0.1356138920176857,-0.1036172894499243,1.4107270684282636,1.4107270684282636
0.15,23,0.99,-0.1372338836332792,-0.1742896822775632,-4.148145677292843,0.0
0.15,23,1.0,-0.139099685663237,-0.1865802029957812,-1.2290520718218,0.0
0.15,24,0.01,-0.0003818586353494,-0.0103402770905812,-0.7730529012618899,0.0
0.15,24,0.02,-0.0004852614062552,-0.0180708061032001,-1.4560314673160255,0.0
0.15,24,0.03,-0.0007432747574134,-0.0394609064369017,-2.61216377547823,0.0
0.15,24,0.04,-0.0012744795349932,-0.0703140816127647,-3.557526695041879,0.0
0.15,24,0.05,-0.0021495563896687,-0.1106114403377393,-3.5734373659180854,0.0
0.15,24,0.06,-0.003486708341748,-0.1417828289311264,-3.4644829979975986,0.0
0.15,24,0.07,-0.0049852129682912,-0.1799011002976913,-3.821461841468225,0.0
0.15,24,0.08,-0.0070847303477018,-0.2182120657604909,-5.423982819796352,0.0
0.15,24,0.09,-0.009349454283501,-0.2883807566936183,-3.0608517621164957,0.0
0.15,24,0.1,-0.0128523454815742,-0.2794291010028207,3.0688590976666923,3.0688590976666923
0.15,24,0.11,-0.0149380363035574,-0.2270035747402845,2.0698820926374815,2.0698820926374815
0.15,24,0.12,-0.0173924169763799,-0.2380314591500711,-10.47139661711868,0.0
0.15,24,0.13,-0.0196986654865588,-0.4364315070826584,-14.322316038485864,0.0
0.15,24,0.14,-0.0261210471180331,-0.5244777799197886,10.05626820953341,10.05626820953341
0.15,24,0.15,-0.0301882210849546,-0.2353061428919913,4.1043196771294355,4.1043196771294355
0.15,24,0.16,-0.0308271699758729,-0.4423913863772013,-14.097548601191837,0.0
0.15,24,0.17,-0.0390360488124987,-0.5172571149158283,6.948007273096588,6.948007273096588
0.15,24,0.18,-0.0411723122741894,-0.3034312409152704,12.109318408486715,12.109318408486715
0.15,24,0.19,-0.0451046736308041,-0.2750707467460946,-4.387727796608791,0.0
0.15,24,0.2,-0.0466737272091113,-0.3911857968474463,-22.712928744557352,0.0
0.15,24,0.21,-0.052928389567753,-0.7293293216372407,-16.35707103132277,0.0
0.15,24,0.22,-0.0612603136418562,-0.7183272174739006,29.24527599332165,29.24527599332165
0.15,24,0.23,-0.067294933917231,-0.1444238017708072,39.422766842517966,39.422766842517966
0.15,24,0.24,-0.0641487896772723,0.0701281193764593,-23.079594256733586,0.0
0.15,24,0.25,-0.0658923715297018,-0.6060156869054811,-30.16837698847538,0.0
0.15,24,0.26,-0.076269103415382,-0.5332394203930488,33.20243974607854,33.20243974607854
0.15,24,0.27,-0.0765571599375628,0.0580331080160902,-7.595835526971086,0.0
0.15,24,0.28,-0.0751084412550602,-0.6851561309324707,-45.352929905087244,0.0
0.15,24,0.29,-0.0902602825562121,-0.8490254900856562,24.669454880653362,24.669454880653362
0.15,24,0.3,-0.0920889510567732,-0.1917670333194001,41.37165302659958,41.37165302659958
0.15,24,0.31,-0.0940956232226001,-0.0215924295536638,1.0372817407057386,1.0372817407057386
0.15,24,0.32,-0.0925207996478465,-0.1710213985052853,-12.132579126537726,0.0
0.15,24,0.33,-0.0975160511927058,-0.2642440120844185,4.267868728581977,4.267868728581977
0.15,24,0.34,-0.0978056798895348,-0.0856640239336457,-2.5967562207671904,0.0
0.15,24,0.35,-0.0992293316713787,-0.3161791364997599,-24.019568660428043,0.0
0.15,24,0.36,-0.10412926261953,-0.5660553971422058,19.76687629774079,19.76687629774079
0.15,24,0.37,-0.1105504396142228,0.0791583894550562,32.35621005860799,32.35621005860799
0.15,24,0.38,-0.1025460948304289,0.0810688040299547,-35.1379197832233,0.0
0.15,24,0.39,-0.1089290635336237,-0.6236000062094105,-4.1823091603513065,0.0
0.15,24,0.4,-0.1150180949546171,-0.0025773791770715,43.55602949393285,43.55602949393285
0.15,24,0.41,-0.1089806111171652,0.2475205836692469,-2.4263506271241173,0.0
0.15,24,0.42,-0.1100676832812322,-0.0511043917195568,-22.80397187779937,0.0
0.15,24,0.43,-0.1100026989515563,-0.2085588538867409,-19.402166241989185,0.0
0.15,24,0.44,-0.1142388603589671,-0.4391477165593409,1.3260235906293438,1.3260235906293438
0.15,24,0.45,-0.1187856532827432,-0.182038382074154,29.653754527041457,29.653754527041457
0.15,24,0.46,-0.1178796280004501,0.1539273739814888,-0.182433889671886,0.0
0.15,24,0.47,-0.1157071058031134,-0.1856870598675879,-5.539047370892849,0.0
0.15,24,0.48,-0.121593369197802,0.0431464265636352,2.077371926958895,2.077371926958895
0.15,24,0.49,-0.1148441772718407,-0.14413962132841,-9.472013612337616,0.0
0.15,24,0.5,-0.1244761616243702,-0.1462938456831173,12.826625023592424,12.826625023592424
0.15,24,0.51,-0.1177700541855031,0.1123928791434387,-2.428368859853868,0.0
0.15,24,0.52,-0.1222283040415014,-0.1948612228801947,2.2150088869123934,2.2150088869123934
0.15,24,0.53,-0.1216672786431069,0.1566930568816866,13.14611058612972,13.14611058612972
0.15,24,0.54,-0.1190944429038677,0.0680609888423999,-15.266599793363849,0.0
0.15,24,0.55,-0.1203060588662589,-0.1486389389855906,-13.679032060926072,0.0
0.15,24,0.56,-0.1220672216835795,-0.2055196523761218,26.265256009984245,26.265256009984245
0.15,24,0.57,-0.1244164519137813,0.3766661812140848,3.0533212578606905,3.0533212578606905
0.15,24,0.58,-0.1145338980592977,-0.1444532272189205,-47.68452113140604,0.0
0.15,24,0.59,-0.1273055164581598,-0.577024241414037,10.153567634349017,10.153567634349017
0.15,24,0.6,-0.1260743828875784,0.05861812546806,39.27926061561423,39.27926061561423
0.15,24,0.61,-0.1261331539487986,0.2085609708982483,3.495616753285262,3.495616753285262
0.15,24,0.62,-0.1219031634696134,0.1285304605337653,-7.775559025076798,0.0
0.15,24,0.63,-0.1235625447381232,0.0530497903967122,-18.885395249816803,0.0
0.15,24,0.64,-0.1208421676616792,-0.2491774444625711,-18.013177436973244,0.0
0.15,24,0.65,-0.1285460936273747,-0.307213758342753,22.21738859178035,22.21738859178035
0.15,24,0.66,-0.1269864428285343,0.1951703273730363,6.923120017052749,6.923120017052749
0.15,24,0.67,-0.1246426870799139,-0.1687513580016979,-0.6078749799524736,0.0
0.15,24,0.68,-0.1303614699885682,0.1830128277739868,21.563773530340967,21.563773530340967
0.15,24,0.69,-0.1209824305244344,0.2625241126051225,-17.613490204677944,0.0
0.15,24,0.7,-0.125110987736466,-0.1692569763195761,-9.375232002126966,0.0
0.15,24,0.71,-0.1243675700508259,0.075019472562583,-5.99888424199499,0.0
0.15,24,0.72,-0.1236105982852143,-0.289234661159476,-21.77168432919958,0.0
0.15,24,0.73,-0.1301522632740154,-0.360414214021409,13.710631819512587,13.710631819512587
0.15,24,0.74,-0.1308188825656425,-0.015022024769224,20.58437955324399,20.58437955324399
0.15,24,0.75,-0.1304527037693999,0.0512733770434712,-3.2991938136462267,0.0
0.15,24,0.76,-0.1297934150247731,-0.0810059010421486,-10.99405047963272,0.0
0.15,24,0.77,-0.1320728217902429,-0.1686076325491834,2.886845531038947,2.886845531038947
0.15,24,0.78,-0.1331655676757567,-0.0232689904213696,9.708967698471836,9.708967698471836
0.15,24,0.79,-0.1325382015986703,0.0255717214202535,15.22499115634835,15.22499115634835
0.15,24,0.8,-0.1326541332473517,0.2812308327055977,1.8231885793709586,1.8231885793709586
0.15,24,0.81,-0.1269135849445583,0.0620354930076727,-25.207619048929004,0.0
0.15,24,0.82,-0.1314134233871981,-0.2229215482729794,6.593102480021826,6.593102480021826
0.15,24,0.83,-0.1313720159100178,0.1938975426081164,16.98108509673582,16.98108509673582
0.15,24,0.84,-0.1275354725350358,0.1167001536617373,-26.133701796409817,0.0
0.15,24,0.85,-0.1290380128367831,-0.3287764933200803,-18.01768179134136,0.0
0.15,24,0.86,-0.1341110024014374,-0.2436534821650902,22.44370757645171,22.44370757645171
0.15,24,0.87,-0.1339110824800849,0.1200976582089543,13.080375545042498,13.080375545042498
0.15,24,0.88,-0.1317090492372583,0.01795402873576,-8.095865463385662,0.0
0.15,24,0.89,-0.1335520019053697,-0.0418196510587591,-1.7517738286903786,0.0
0.15,24,0.9,-0.1325454422584335,-0.0170814478380476,-12.21803389797093,0.0
0.15,24,0.91,-0.1338936308621306,-0.2861803290181779,7.685719240495538,7.685719240495538
0.15,24,0.92,-0.138269048838797,0.1366329369718633,25.13740591479705,25.13740591479705
0.15,24,0.93,-0.1311609721226934,0.2165677892777635,-13.961704334947672,0.0
0.15,24,0.94,-0.1339376930532416,-0.142601149727084,-19.70548889728132,0.0
0.15,24,0.95,-0.134012995117235,-0.1775419886678575,19.80796800935176,19.80796800935176
0.15,24,0.96,-0.1374885328265988,0.2535582104599516,19.952176571593117,19.952176571593117
0.15,24,0.97,-0.128941830908036,0.2215015427640052,-34.52399630814754,0.0
0.15,24,0.98,-0.1330585019713187,-0.4369217157029998,-23.798147805166998,0.0
0.15,24,0.99,-0.137680265222096,-0.2544614133393352,19.508760705103033,19.508760705103033
0.15,24,1.0,-0.1381477302381054,-0.0467465016009388,20.77149117383962,20.77149117383962
0.15,25,0.01,-0.0002220126116278,-0.0089178117049087,-0.6385185649301199,0.0
0.15,25,0.02,-0.0003111907286769,-0.0153029973542099,-1.160307642796785,0.0
0.15,25,0.03,-0.000528072558712,-0.0321239645608444,-2.16223548837637,0.0
0.15,25,0.04,-0.0009536700198938,-0.0585477071217373,-2.983317147865114,0.0
0.15,25,0.05,-0.0016990267011467,-0.0917903075181467,-3.241254460942246,0.0
0.15,25,0.06,-0.0027894761702567,-0.1233727963405822,-2.5906709860234907,0.0
0.15,25,0.07,-0.0041664826279584,-0.1436037272386165,-2.8273249752748812,0.0
0.15,25,0.08,-0.005661550715029,-0.1799192958460798,-5.014532371114369,0.0
0.15,25,0.09,-0.00776486854488,-0.2438943746609038,-4.7349646079834375,0.0
0.15,25,0.1,-0.0105394382082471,-0.2746185880057485,-3.2011148232143416,0.0
0.15,25,0.11,-0.013257240304995,-0.3079166711251906,-0.32779216371702447,0.0
0.15,25,0.12,-0.0166977716307509,-0.281174431280089,1.5307148793481122,1.5307148793481122
0.15,25,0.13,-0.0188807289305967,-0.2773023735382284,-1.8256712531782533,0.0
0.15,25,0.14,-0.0222438191015155,-0.3176878563436541,2.793958833796765,2.793958833796765
0.15,25,0.15,-0.0252344860574698,-0.2214231968622935,-8.092733518488556,0.0
0.15,25,0.16,-0.0266722830387614,-0.4795425267134261,-12.071104021429024,0.0
0.15,25,0.17,-0.0348253365917384,-0.4628452772908742,16.16310236279534,16.16310236279534
0.15,25,0.18,-0.0359291885845789,-0.1562804794575203,-0.8286112390889961,0.0
0.15,25,0.19,-0.0379509461808888,-0.4794175020726559,-25.552408703831276,0.0
0.15,25,0.2,-0.045517538626032,-0.6673286535341463,1.3625724147504172,1.3625724147504172
0.15,25,0.21,-0.0512975192515717,-0.4521660537776486,15.2895992051388,15.2895992051388
0.15,25,0.22,-0.054560859701585,-0.3615366694313708,-3.319088755398436,0.0
0.15,25,0.23,-0.0585282526401991,-0.5185478288856173,-2.4745566453914343,0.0
0.15,25,0.24,-0.0649318162792973,-0.4110278023392002,11.594844908673911,11.594844908673911
0.15,25,0.25,-0.0667488086869831,-0.2866509307121392,18.781911819804513,18.781911819804513
0.15,25,0.26,-0.0706648348935401,-0.0353895659431096,-14.59871431782932,0.0
0.15,25,0.27,-0.0674566000058453,-0.5786252170687258,-25.580192405663336,0.0
0.15,25,0.28,-0.0822373392349146,-0.5469934140563768,15.525924429927091,15.525924429927091
0.15,25,0.29,-0.0783964682869729,-0.2681067284701859,1.851409979034564,1.851409979034564
0.15,25,0.3,-0.0875994738043184,-0.5099652144756885,10.383575411621578,10.383575411621578
0.15,25,0.31,-0.0885957725764867,-0.0604352202377542,32.32527991890492,32.32527991890492
0.15,25,0.32,-0.0888081782090735,0.1365403839024104,-12.544068344641207,0.0
0.15,25,0.33,-0.0858649648984384,-0.3113165871305785,-25.072368743845463,0.0
0.15,25,0.34,-0.0950345099516851,-0.3649069909744993,25.00506311441501,25.00506311441501
0.15,25,0.35,-0.0931631047179285,0.1887846751577173,-2.5260029551016956,0.0
0.15,25,0.36,-0.0912588164485307,-0.4154270500765396,-41.3530477481563,0.0
0.15,25,0.37,-0.1014716457194593,-0.6382762798054094,9.80278156546616,9.80278156546616
0.15,25,0.38,-0.1040243420446389,-0.2193714187672162,28.803297275268605,28.803297275268605
0.15,25,0.39,-0.1058590740948036,-0.0622103343000368,4.436286694310396,4.436286694310396
0.15,25,0.4,-0.1052685487306397,-0.1306456848810082,-6.187250986769189,0.0
0.15,25,0.41,-0.1084719877924237,-0.1859553540354204,11.402619080043642,11.402619080043642
0.15,25,0.42,-0.1089876558113481,0.0974066967198661,10.656556034445897,10.656556034445897
0.15,25,0.43,-0.1065238538580264,0.0271757666534977,-16.555365862024136,0.0
0.15,25,0.44,-0.1084441404782781,-0.2337006205206169,-3.802899197790482,0.0
0.15,25,0.45,-0.1111978662684387,-0.048882217302312,13.00628723253262,13.00628723253262
0.15,25,0.46,-0.1094217848243244,0.0264251241300357,-13.14840096416586,0.0
0.15,25,0.47,-0.110669363785838,-0.3118502365856264,-8.83308999525087,0.0
0.15,25,0.48,-0.1156587895560369,-0.1502366757749786,27.624029704497286,27.624029704497286
0.15,25,0.49,-0.1136740973013376,0.2406303575043198,3.092144676710877,3.092144676710877
0.15,25,0.5,-0.1108461824059505,-0.088393782240761,-26.543198251995175,0.0
0.15,25,0.51,-0.1154419729461528,-0.2902336075355842,2.0565747800941585,2.0565747800941585
0.15,25,0.52,-0.1166508545566622,-0.0472622866388778,10.97621885731973,10.97621885731973
0.15,25,0.53,-0.1163872186789303,-0.0707092303891894,19.652595363709647,19.652595363709647
0.15,25,0.54,-0.118065039164446,0.3457896206353155,5.63109865680253,5.63109865680253
0.15,25,0.55,-0.109471426266224,0.0419127427468613,-39.78629859543875,0.0
0.15,25,0.56,-0.1172267843095088,-0.4499363512734602,-0.8584110582366771,0.0
0.15,25,0.57,-0.1184701532916933,0.0247445215821171,31.131672615452967,31.131672615452967
0.15,25,0.58,-0.1167318938778664,0.1726971010355926,-10.607092390594616,0.0
0.15,25,0.59,-0.1150162112709814,-0.1873973262297754,-23.863136803446913,0.0
0.15,25,0.6,-0.1204798404024619,-0.3045656350333461,3.2038981559785418,3.2038981559785418
0.15,25,0.61,-0.1211075239716483,-0.1233193631102045,15.343749500410892,15.343749500410892
0.15,25,0.62,-0.122946227664666,0.002309354974872,1.575328624719674,1.575328624719674
0.15,25,0.63,-0.1210613368721509,-0.091812790615811,-4.646105767432596,0.0
0.15,25,0.64,-0.1247824834769822,-0.09061276037378,14.844456645213661,14.844456645213661
0.15,25,0.65,-0.1228735920796265,0.2050763422884625,-4.431161385000146,0.0
0.15,25,0.66,-0.120680956631213,-0.179235988073783,-10.45551805073569,0.0
0.15,25,0.67,-0.1264583118411022,-0.0040340187262515,19.467397221136885,19.467397221136885
0.15,25,0.68,-0.120761637005738,0.210111956348955,3.482958810668882,3.482958810668882
0.15,25,0.69,-0.122256072714123,0.0656251574871298,-6.552929027611868,0.0
0.15,25,0.7,-0.1194491338559954,0.07905337579672,-8.841206141273608,0.0
0.15,25,0.71,-0.1206750051981886,-0.1111989653383425,-1.6692839878016388,0.0
0.15,25,0.72,-0.1216731131627622,0.0456676960406872,-0.23541593011930484,0.0
0.15,25,0.73,-0.1197616512773749,-0.1159072839407286,-5.33836161729492,0.0
0.15,25,0.74,-0.1239912588415768,-0.0610995363052113,3.5824838051322825,3.5824838051322825
0.15,25,0.75,-0.1209836420034791,-0.0442576078380829,-4.374965267367066,0.0
0.15,25,0.76,-0.1248764109983385,-0.1485988416525527,-4.294422594686462,0.0
0.15,25,0.77,-0.1239556188365301,-0.1301460597318122,5.42638723999071,5.42638723999071
0.15,25,0.78,-0.1274793321929747,-0.0400710968527384,9.729247735620417,9.729247735620417
0.15,25,0.79,-0.1247570407735849,0.0644388949805963,-0.8397734867259943,0.0
0.15,25,0.8,-0.1261905542933628,-0.0568665665872583,-12.149399881361575,0.0
0.15,25,0.81,-0.1258943721053301,-0.1785491026466354,-9.324451180568271,0.0
0.15,25,0.82,-0.1297615363462954,-0.2433555901986235,14.54353923362746,14.54353923362746
0.15,25,0.83,-0.1307614839093025,0.1123216820259171,21.50646563505856,21.50646563505856
0.15,25,0.84,-0.1275151027057771,0.1867737225025481,-10.63629436632117,0.0
0.15,25,0.85,-0.1270260094592515,-0.1004042053005065,-21.29807539655426,0.0
0.15,25,0.86,-0.1295231868117872,-0.2391877854285375,8.447092452487928,8.447092452487928
0.15,25,0.87,-0.1318097651678223,0.0685376437492522,6.259866887420254,6.259866887420254
0.15,25,0.88,-0.1281524339368021,-0.1139904476801323,-8.789234576577288,0.0
0.15,25,0.89,-0.1340895741214249,-0.1072470477822937,18.1082718853032,18.1082718853032
0.15,25,0.9,-0.130297374892448,0.248174990025932,1.234094794804804,1.234094794804804
0.15,25,0.91,-0.1291260743209063,-0.0825651518861976,-14.612487864355677,0.0
0.15,25,0.92,-0.131948677930172,-0.0440747672611818,11.705331440668129,11.705331440668129
0.15,25,0.93,-0.1300075696661299,0.1515414769271652,-7.901918926109488,0.0
0.15,25,0.94,-0.1289178483916287,-0.2021131457833647,-14.421601791719658,0.0
0.15,25,0.95,-0.1340498325817973,-0.136890558907222,8.309895911373118,8.309895911373118
0.15,25,0.96,-0.1316556595697731,-0.0359152275559022,1.502991398035558,1.502991398035558
0.15,25,0.97,-0.1347681371329153,-0.1068307309465108,16.35055894614446,16.35055894614446
0.15,25,0.98,-0.1337922741887033,0.2910959513669873,26.84767146117399,26.84767146117399
0.15,25,0.99,-0.1289462181055756,0.4301226982769695,4.227191843708946,4.227191843708946
0.15,25,1.0,-0.1251898202231639,0.3756397882411663,-5.448291003580314,0.0
0.15,26,0.01,-0.0010424397275541,-0.0220428871249691,-1.21563451146032,0.0
0.15,26,0.02,-0.0012628685988038,-0.0341992322395723,-2.1328123355336652,0.0
0.15,26,0.03,-0.0017264243723456,-0.0646991338356424,-3.39075464455314,0.0
0.15,26,0.04,-0.0025568512755166,-0.1020143251306351,-3.9612243400715585,0.0
0.15,26,0.05,-0.0037667108749583,-0.1439236206370736,-4.1677081277461765,0.0
0.15,26,0.06,-0.0054353236882581,-0.1853684876855586,-4.094156244821824,0.0
0.15,26,0.07,-0.0074740806286694,-0.2258067455335101,-0.737481328669551,0.0
0.15,26,0.08,-0.0099514585989283,-0.2001181142589497,-1.5240768518881342,0.0
0.15,26,0.09,-0.0114764429138484,-0.2562882825712728,-6.580509750356526,0.0
0.15,26,0.1,-0.0150772242503538,-0.3317283092660803,-2.1485093985446078,0.0
0.15,26,0.11,-0.01811100909917,-0.2992584705421651,-2.1574201053675353,0.0
0.15,26,0.12,-0.0210623936611971,-0.374876711373431,-6.375180765649128,0.0
0.15,26,0.13,-0.0256085433266387,-0.4267620858551477,0.9225423621071585,0.9225423621071585
0.15,26,0.14,-0.0295976353783,-0.3564258641312878,3.653877104205428,3.653877104205428
0.15,26,0.15,-0.0327370606092644,-0.353684543771039,3.2930993142080727,3.2930993142080727
0.15,26,0.16,-0.0366713262537208,-0.2905638778471262,-7.849946338418395,0.0
0.15,26,0.17,-0.0385483381662069,-0.510683470539407,-15.166673334495252,0.0
0.15,26,0.18,-0.0468849956645089,-0.5938973445370315,7.424578168200011,7.424578168200011
0.15,26,0.19,-0.0504262850569476,-0.362191907175406,22.32276184769289,22.32276184769289
0.15,26,0.2,-0.0541288338080171,-0.1474421075831733,7.067051466308428,7.067051466308428
0.15,26,0.21,-0.053375127208611,-0.2208508778492368,-25.01733338632744,0.0
0.15,26,0.22,-0.0585458513650018,-0.6477887753097229,-12.592976724288617,0.0
0.15,26,0.23,-0.0663309027148055,-0.4727104123350094,-2.0367754425440268,0.0
0.15,26,0.24,-0.068000059611702,-0.6885242841606023,3.3742078180754476,3.3742078180754476
0.15,26,0.25,-0.0801013883980176,-0.4052262559734991,45.83218259241377,45.83218259241377
0.15,26,0.26,-0.076104584731172,0.228119367687674,10.526195187402,10.526195187402
0.15,26,0.27,-0.0755390010442641,-0.1947023522254589,-31.44310647934533,0.0
0.15,26,0.28,-0.0799986317756812,-0.4007427618992332,14.892235998007774,14.892235998007774
0.15,26,0.29,-0.0835538562822487,0.1031423677346921,8.998214726068104,8.998214726068104
0.15,26,0.3,-0.0779357844209873,-0.2207784673778761,-37.87404468805346,0.0
0.15,26,0.31,-0.0879694256298063,-0.6543385260263777,-5.587261674521875,0.0
0.15,26,0.32,-0.0910225549415149,-0.3325237008683137,21.800836285539845,21.800836285539845
0.15,26,0.33,-0.0946198996471725,-0.2183218003155804,8.002274124352653,8.002274124352653
0.15,26,0.34,-0.0953889909478265,-0.1724782183812605,7.998285433241339,7.998285433241339
0.15,26,0.35,-0.0980694640147977,-0.0583560916507543,-13.22713357082017,0.0
0.15,26,0.36,-0.0965561127808416,-0.4370208897976662,-9.538168398038087,0.0
0.15,26,0.37,-0.106809881810751,-0.2491194596115162,30.22965609499206,30.22965609499206
0.15,26,0.38,-0.1015385019730719,0.1675722321021755,9.381316469241508,9.381316469241508
0.15,26,0.39,-0.1034584371687075,-0.0614931302266859,-4.405265179684601,0.0
0.15,26,0.4,-0.1027683645776056,0.0794669285084834,-9.445487977722836,0.0
0.15,26,0.41,-0.1018690985985378,-0.2504028897811396,-13.33005569811667,0.0
0.15,26,0.42,-0.1077764223732285,-0.1871341854538473,12.06870928572642,12.06870928572642
0.15,26,0.43,-0.1056117823076148,-0.009028704066611,7.502171289421829,7.502171289421829
0.15,26,0.44,-0.1079569964545607,-0.0370907596654106,-3.5508405510310714,0.0
0.15,26,0.45,-0.106353597500923,-0.0800455150872325,-2.2224347754785425,0.0
0.15,26,0.46,-0.1095579067563053,-0.0815394551749815,3.7938368867743333,3.7938368867743333
0.15,26,0.47,-0.1079843866044226,-0.0041687773517464,-11.37754851888553,0.0
0.15,26,0.48,-0.1096412823033403,-0.3090904255526938,-5.388836870515011,0.0
0.15,26,0.49,-0.1141661951154765,-0.1119455147620467,15.575401265735806,15.575401265735806
0.15,26,0.5,-0.1118801925985812,0.0024175997620226,-8.043779361435803,0.0
0.15,26,0.51,-0.1141178431202361,-0.2728211019907629,-5.016289801454916,0.0
0.15,26,0.52,-0.1173366146383965,-0.0979081962670758,15.763907277756168,15.763907277756168
0.15,26,0.53,-0.1160760070455776,0.0424570435643607,1.6343145057943889,1.6343145057943889
0.15,26,0.54,-0.1164874737671093,-0.065221906151188,5.035442253602926,5.035442253602926
0.15,26,0.55,-0.1173804451686013,0.1431658886364193,8.352201033068408,8.352201033068408
0.15,26,0.56,-0.1136241559943809,0.1018221145101803,-13.658328334323178,0.0
0.15,26,0.57,-0.1153440028783977,-0.1300006780500409,-5.853589694907275,0.0
0.15,26,0.58,-0.1162241695553817,-0.0152496793879608,0.3404210960130003,0.3404210960130003
0.15,26,0.59,-0.1156489964661569,-0.1231922561297809,-13.387529698767278,0.0
0.15,26,0.6,-0.1186880146779773,-0.2830002733633066,4.642056627869225,4.642056627869225
0.15,26,0.61,-0.121309001933423,-0.0303511235723963,10.42403846976327,10.42403846976327
0.15,26,0.62,-0.1192950371494253,-0.074519503968041,-4.995950962960635,0.0
0.15,26,0.63,-0.1227993920127838,-0.1302701428316091,6.914961168314878,6.914961168314878
0.15,26,0.64,-0.1219004400060575,0.0637797193982567,14.053914509675622,14.053914509675622
0.15,26,0.65,-0.1215237976248187,0.1508081473619036,-10.167361076440017,0.0
0.15,26,0.66,-0.1188842770588194,-0.1395675021305438,-16.709412132317677,0.0
0.15,26,0.67,-0.1243151476674296,-0.1833800952844502,10.312616236647532,10.312616236647532
0.15,26,0.68,-0.1225518789645084,0.066684822602407,5.63921707198357,5.63921707198357
0.15,26,0.69,-0.1229814512153814,-0.070595753844775,-1.0518167556808358,0.0
0.15,26,0.7,-0.1239637940414039,0.0456484874887932,0.13656895667000502,0.13656895667000502
0.15,26,0.71,-0.1220684814656055,-0.0678643747113749,-12.57570106070903,0.0
0.15,26,0.72,-0.1253210815356314,-0.2058655337253876,8.816815042643123,8.816815042643123
0.15,26,0.73,-0.1261857921401133,0.1084719261414877,12.122101267601323,12.122101267601323
0.15,26,0.74,-0.1231516430128017,0.0365764916266391,-6.41332371953495,0.0
0.15,26,0.75,-0.1254542623075805,-0.0197945482492114,9.154262251819159,9.154262251819159
0.15,26,0.76,-0.1235475339777859,0.2196617366630224,-7.2115744410800655,0.0
0.15,26,0.77,-0.1210610275743201,-0.1640260370708128,-31.54112850539083,0.0
0.15,26,0.78,-0.1268280547192022,-0.4111608334447947,21.318044152384516,21.318044152384516
0.15,26,0.79,-0.129284244243216,0.2623348459768779,34.74964704413443,34.74964704413443
0.15,26,0.8,-0.1215813577996646,0.2838321074378944,-30.361367846171085,0.0
0.15,26,0.81,-0.1236076020944581,-0.3448925109465444,-27.66696342230119,0.0
0.15,26,0.82,-0.1284792080185954,-0.2695071610081347,22.20348866515683,22.20348866515683
0.15,26,0.83,-0.1289977453146207,0.0991772623565934,9.498487116415292,9.498487116415292
0.15,26,0.84,-0.1264956627714635,-0.0795374186798287,-3.914449394674156,0.0
0.15,26,0.85,-0.1305884936882173,0.0208882744631102,3.632789693107912,3.632789693107912
0.15,26,0.86,-0.1260778972822013,-0.0068816248176704,-12.0222512218341,0.0
0.15,26,0.87,-0.1307261261845707,-0.219556749973572,5.19713824248406,5.19713824248406
0.15,26,0.88,-0.1304690322816728,0.0970611400320109,9.470788860948472,9.470788860948472
0.15,26,0.89,-0.1287849033839305,-0.0301409727546024,-8.347523413279124,0.0
0.15,26,0.9,-0.1310718517367648,-0.0698893282335717,11.41192298205403,11.41192298205403
0.15,26,0.91,-0.1301826899486019,0.1980974868864784,-2.6941695715998875,0.0
0.15,26,0.92,-0.1271099019990353,-0.1237727196655695,-27.12571837651098,0.0
0.15,26,0.93,-0.1326581443419133,-0.3444168806437417,16.585136514460935,16.585136514460935
0.15,26,0.94,-0.1339982396119101,0.207930010623639,20.526784138858233,20.526784138858233
0.15,26,0.95,-0.1284995441294405,0.0661188021334133,-19.29244123376177,0.0
0.15,26,0.96,-0.1326758635692418,-0.1779188140515968,1.0486034031365943,1.0486034031365943
0.15,26,0.97,-0.1320579204104724,0.0870908701961452,4.942869893377196,4.942869893377196
0.15,26,0.98,-0.1309340461653189,-0.0790614161840528,-21.323546766337234,0.0
0.15,26,0.99,-0.1336391487341535,-0.3393800651305998,-16.45942285968469,0.0
0.15,26,1.0,-0.1377216474679309,-0.4082498733777469,-6.8869808247146995,0.0
0.15,27,0.01,-0.0014831609715873,-0.0245137322232439,-1.1997767027480697,0.0
0.15,27,0.02,-0.0017282982938198,-0.0365114992507246,-1.9597460642361608,0.0
0.15,27,0.03,-0.0022133909566018,-0.0637086535079671,-3.0375922575907204,0.0
0.15,27,0.04,-0.0030024713639791,-0.097263344402539,-3.690760067029944,0.0
0.15,27,0.05,-0.0041586578446526,-0.137523854848566,-4.178020927261684,0.0
0.15,27,0.06,-0.0057529484609504,-0.1808237629477727,-3.684814767650934,0.0
0.15,27,0.07,-0.0077751331036081,-0.2112201502015847,-2.0482906418083733,0.0
0.15,27,0.08,-0.0099773514649821,-0.2217895757839402,-1.2578524043842112,0.0
0.15,27,0.09,-0.0122109246192869,-0.2363771982892689,-4.131540768272304,0.0
0.15,27,0.1,-0.0147048954307675,-0.3044203911493864,-6.629023461858791,0.0
0.15,27,0.11,-0.0182993324422746,-0.3689576675264447,-7.93419971090265,0.0
0.15,27,0.12,-0.0220840487812964,-0.4631043853674393,0.9749712165711593,0.9749712165711593
0.15,27,0.13,-0.0275614201496234,-0.3494582431950213,11.541117434842224,11.541117434842224
0.15,27,0.14,-0.0290732136451968,-0.2322820366705946,1.6256877290909628,1.6256877290909628
0.15,27,0.15,-0.0322070608830353,-0.3169444886132015,-0.007402477215883607,0.0
0.15,27,0.16,-0.0354121034174609,-0.2324300862149118,-10.510862403358438,0.0
0.15,27,0.17,-0.0368556626073335,-0.5271617366803705,-19.863439560605137,0.0
0.15,27,0.18,-0.0459553381510682,-0.6296988774270149,0.053397499025304995,0.053397499025304995
0.15,27,0.19,-0.0494496401558738,-0.5260937866998638,14.288039354180096,14.288039354180096
0.15,27,0.2,-0.0564772138850655,-0.3439380903434128,19.38294898689074,19.38294898689074
0.15,27,0.21,-0.0563284019627421,-0.1384348069620493,3.3637397371301816,3.3637397371301816
0.15,27,0.22,-0.0592459100243065,-0.2766632956008101,-5.478885133387076,0.0
0.15,27,0.23,-0.0618616678747583,-0.2480125096297909,-11.751389521595696,0.0
0.15,27,0.24,-0.0642061602169024,-0.5116910860327231,-13.170755157791847,0.0
0.15,27,0.25,-0.0720954895954127,-0.511427612785627,7.507041938116039,7.507041938116039
0.15,27,0.26,-0.0744347124726149,-0.3615502472704022,6.850598598106032,6.850598598106032
0.15,27,0.27,-0.0793264945408208,-0.3744156408235062,-1.9519716631805508,0.0
0.15,27,0.28,-0.081923025289085,-0.4005896805340132,1.3959255339178362,1.3959255339178362
0.15,27,0.29,-0.087338288151501,-0.34649713014515,14.533622923852253,14.533622923852253
0.15,27,0.3,-0.088852967891988,-0.1099172220569677,0.3205318656893219,0.3205318656893219
0.15,27,0.31,-0.0895366325926404,-0.3400864928313636,-9.384555129087863,0.0
0.15,27,0.32,-0.0956546977486153,-0.2976083246387251,30.920587785021663,30.920587785021663
0.15,27,0.33,-0.0954887990854149,0.2783252628690702,-0.48610614293460586,0.0
0.15,27,0.34,-0.0900881924912339,-0.3073304474974172,-39.93989505971751,0.0
0.15,27,0.35,-0.1016354080353631,-0.5204726383252805,14.474035137800465,14.474035137800465
0.15,27,0.36,-0.1004976452577394,-0.0178497447414045,30.27835506618929,30.27835506618929
0.15,27,0.37,-0.1019924029301912,0.0850944629985059,-7.307703407551799,0.0
0.15,27,0.38,-0.0987957559977693,-0.1640038128924406,-15.951746029066108,0.0
0.15,27,0.39,-0.10527247918804,-0.2339404575828165,4.659757703655961,4.659757703655961
0.15,27,0.4,-0.1034745651494256,-0.0708086588193213,14.678198855226624,14.678198855226624
0.15,27,0.41,-0.1066886523644264,0.0596235195217156,-10.040837345915563,0.0
0.15,27,0.42,-0.1022820947589913,-0.2716254057376348,-16.036205325162797,0.0
0.15,27,0.43,-0.1121211604791791,-0.2611005869815406,24.35974864651326,24.35974864651326
0.15,27,0.44,-0.1075041064986221,0.2155695671926309,10.399560742925377,10.399560742925377
0.15,27,0.45,-0.1078097691353265,-0.0531093721230329,-25.112939458810295,0.0
0.15,27,0.46,-0.1085662939410827,-0.2866892219835755,-8.359107166527014,0.0
0.15,27,0.47,-0.1135435535749979,-0.2202915154535745,11.062507655413349,11.062507655413349
0.15,27,0.48,-0.1129721242501542,-0.0654390688753085,10.493539358547416,10.493539358547416
0.15,27,0.49,-0.1148523349525041,-0.010420728282626,4.658262172911951,4.658262172911951
0.15,27,0.5,-0.1131805388158067,0.0277261745829306,-13.392264459908077,0.0
0.15,27,0.51,-0.1142978114608455,-0.2782660174807878,-9.487390475513399,0.0
0.15,27,0.52,-0.1187458591654225,-0.1620216349273375,10.6850530350341,10.6850530350341
0.15,27,0.53,-0.1175382441593922,-0.0645649567801056,18.822918272797587,18.822918272797587
0.15,27,0.54,-0.1200371583010246,0.2144367305286145,2.7437394166471827,2.7437394166471827
0.15,27,0.55,-0.11324950954882,-0.0096901684471619,-25.516632922652487,0.0
0.15,27,0.56,-0.1202309616699678,-0.2958959279244357,5.675253163975127,5.675253163975127
0.15,27,0.57,-0.1191674281073087,0.1038148948323325,18.25853156332263,18.25853156332263
0.15,27,0.58,-0.1181546637733212,0.0692747033420104,-5.10465546794698,0.0
0.15,27,0.59,-0.1177819340404685,0.0017217854733928,-18.97152754846914,0.0
0.15,27,0.6,-0.1181202280638534,-0.3101558476273727,-12.73732351658968,0.0
0.15,27,0.61,-0.123985050993016,-0.253024684858401,32.72859081353269,32.72859081353269
0.15,27,0.62,-0.1231807217610214,0.3444159686432817,24.866742514255446,24.866742514255446
0.15,27,0.63,-0.1170967316201503,0.2443101654267083,-24.776598787956523,0.0
0.15,27,0.64,-0.1182945184524872,-0.1511160071158492,-23.672331405076072,0.0
0.15,27,0.65,-0.1201190517624673,-0.2291364626748135,5.7143463233342695,5.7143463233342695
0.15,27,0.66,-0.1228772477059835,-0.0368290806491637,16.272743215324926,16.272743215324926
0.15,27,0.67,-0.1208556333754506,0.0963184016316853,-9.730589698474285,0.0
0.15,27,0.68,-0.1209508796733498,-0.2314408746186496,-8.903162490725773,0.0
0.15,27,0.69,-0.1254844508678235,-0.0817448481828346,13.363273163038416,13.363273163038416
0.15,27,0.7,-0.1225857766370064,0.0358245886421171,7.747693981514368,7.747693981514368
0.15,27,0.71,-0.1247679590949812,0.0732090314474529,2.2349621913642927,2.2349621913642927
0.15,27,0.72,-0.1211215960080573,0.080523832469403,-12.463479772029533,0.0
0.15,27,0.73,-0.1231574824455931,-0.176060563993138,-5.256877771678416,0.0
0.15,27,0.74,-0.1246428072879201,-0.0246137229641654,8.882390256840615,8.882390256840615
0.15,27,0.75,-0.1236497569048764,0.0015872411436745,-4.589274209161326,0.0
0.15,27,0.76,-0.1246110624650466,-0.116399207147392,-4.387637349299557,0.0
0.15,27,0.77,-0.1259777410478243,-0.0861655058423167,4.787099622617536,4.787099622617536
0.15,27,0.78,-0.1263343725818929,-0.0206572146950412,3.5745020466409776,3.5745020466409776
0.15,27,0.79,-0.1263908853417251,-0.0146754649094971,0.11923580192991978,0.11923580192991978
0.15,27,0.8,-0.1266278818800829,-0.0182724986564428,5.33328227255864,5.33328227255864
0.15,27,0.81,-0.126756335314854,0.0919901805416758,-8.549780309384618,0.0
0.15,27,0.82,-0.1247880782692494,-0.18926810484413,-6.670824350167944,0.0
0.15,27,0.83,-0.1305416974117366,-0.0414263064616777,10.561796020228252,10.561796020228252
0.15,27,0.84,-0.1256166043984829,0.0219678155604352,-3.035445414003403,0.0
0.15,27,0.85,-0.1301023411005279,-0.1021352147417458,-3.3877677591868274,0.0
0.15,27,0.86,-0.1276593086933178,-0.0457875396233014,3.1598966990117523,3.1598966990117523
0.15,27,0.87,-0.131018091892994,-0.0389372807615107,3.658834095717317,3.658834095717317
0.15,27,0.88,-0.1284380543085481,0.027389142291045,-7.520344008572392,0.0
0.15,27,0.89,-0.1304703090471731,-0.1893441609329587,-0.6525320554920693,0.0
0.15,27,0.9,-0.1322249375272072,0.0143385011812036,10.29125011750457,10.29125011750457
0.15,27,0.91,-0.130183539023549,0.0164808414171329,-4.525515047738251,0.0
0.15,27,0.92,-0.1318953206988646,-0.0761717997735615,5.48209460348023,5.48209460348023
0.15,27,0.93,-0.1317069750190202,0.1261227334867376,7.923081431697271,7.923081431697271
0.15,27,0.94,-0.1293728660291299,0.0822898288603859,-2.2613505466020296,0.0
0.15,27,0.95,-0.1300611784418125,0.0808957225546977,-3.8504147159686717,0.0
0.15,27,0.96,-0.1277549515780359,0.0052815345410124,-10.27415305670479,0.0
0.15,27,0.97,-0.1299555477509923,-0.1245873385793983,-6.266478409623569,0.0
0.15,27,0.98,-0.1302466983496239,-0.1200480336514591,-4.05807990798354,0.0
0.15,27,0.99,-0.1323565084240215,-0.2057489367390692,-4.023441619345918,0.0
0.15,27,1.0,-0.1343616770844053,-0.2005168660383775,0.5232070700691672,0.5232070700691672
0.15,28,0.01,-0.0004650599793465,-0.0147561311042819,-1.1164416671405302,0.0
0.15,28,0.02,-0.0006126212903893,-0.0259205477756872,-2.0314449862034705,0.0
0.15,28,0.03,-0.0009834709348603,-0.0553850308283513,-3.216031049795781,0.0
0.15,28,0.04,-0.0017203219069564,-0.0902411687716028,-3.7900568306647737,0.0
0.15,28,0.05,-0.0027882943102923,-0.1311861674416468,-3.7783026226148797,0.0
0.15,28,0.06,-0.0043440452557893,-0.1658072212239004,-5.328800608015542,0.0
0.15,28,0.07,-0.0061044387347703,-0.2377621796019577,-4.976746756291167,0.0
0.15,28,0.08,-0.0090992888478285,-0.2653421563497238,-1.5226759886212768,0.0
0.15,28,0.09,-0.0114112818617648,-0.2682156993743832,-6.123816518132731,0.0
0.15,28,0.1,-0.0144636028353161,-0.3878184867123786,-2.4002729219267707,0.0
0.15,28,0.11,-0.0191676515960124,-0.3162211578129189,0.8687820906794066,0.8687820906794066
0.15,28,0.12,-0.0207880259915745,-0.3704428448987905,-9.536298968484068,0.0
0.15,28,0.13,-0.0265765084939882,-0.5069471371826004,7.054786351394668,7.054786351394668
0.15,28,0.14,-0.0309269687352265,-0.229347117870897,2.730302057903611,2.730302057903611
0.15,28,0.15,-0.0311634508514061,-0.4523410960245269,-5.598282257940495,0.0
0.15,28,0.16,-0.0399737906557171,-0.3413127630297059,4.094849810354081,4.094849810354081
0.15,28,0.17,-0.0379897061120003,-0.3704440998174452,-11.283732207814687,0.0
0.15,28,0.18,-0.0473826726520659,-0.566987407185999,-0.5594166164173799,0.0
0.15,28,0.19,-0.0493294542557202,-0.3816324321457918,-2.094644170603175,0.0
0.15,28,0.2,-0.0550153212949818,-0.6088802905980626,-12.775509102814752,0.0
0.15,28,0.21,-0.0615070600676815,-0.6371426142020873,10.066071022425351,10.066071022425351
0.15,28,0.22,-0.0677581735790235,-0.4075588701495549,18.64832092173817,18.64832092173817
0.15,28,0.23,-0.0696582374706726,-0.2641761957673236,2.3795262448540377,2.3795262448540377
0.15,28,0.24,-0.07304169749437,-0.3599683452524735,3.344839090820095,3.344839090820095
0.15,28,0.25,-0.076857604375722,-0.197279413950921,3.048898337843138,3.048898337843138
0.15,28,0.26,-0.0769872857733884,-0.2989903784956107,-18.445750674600493,0.0
0.15,28,0.27,-0.0828374119456342,-0.5661944274429311,5.97363673959887,5.97363673959887
0.15,28,0.28,-0.0883111743222471,-0.1795176437036332,23.445632401083174,23.445632401083174
0.15,28,0.29,-0.0864277648197069,-0.0972817794212668,-3.4013567067399837,0.0
0.15,28,0.3,-0.0902568099106724,-0.2475447778384341,-1.2374805308658736,0.0
0.15,28,0.31,-0.0913786603764756,-0.1220313900385843,-11.744708954899549,0.0
0.15,28,0.32,-0.0926974377114441,-0.4824389569364253,-9.891861733841612,0.0
0.15,28,0.33,-0.1010274395152041,-0.3198686247154167,12.681553306207002,12.681553306207002
0.15,28,0.34,-0.0990948102057525,-0.228807890812285,-10.144018505908244,0.0
0.15,28,0.35,-0.1056035973314498,-0.5227489948335791,-5.230034454626825,0.0
0.15,28,0.36,-0.109549790102424,-0.3334085799048187,22.978068780616283,22.978068780616283
0.15,28,0.37,-0.1122717689295462,-0.063187619221253,21.81346392826449,21.81346392826449
0.15,28,0.38,-0.1108135424868491,0.1028606986604714,7.115381154406764,7.115381154406764
0.15,28,0.39,-0.1102145549563367,0.0791200038668824,-2.793576195693423,0.0
0.15,28,0.4,-0.1092311424095114,0.0469891747466029,-20.80048789229974,0.0
0.15,28,0.41,-0.1092747714614046,-0.3368897539791096,-6.19693167561387,0.0
0.15,28,0.42,-0.1159689374890937,-0.0769494587656707,16.672050374723426,16.672050374723426
0.15,28,0.43,-0.110813760636718,-0.0034487464846408,0.6498624407131,0.6498624407131
0.15,28,0.44,-0.1160379124187865,-0.0639522099514087,-1.947990142051248,0.0
0.15,28,0.45,-0.1120928048357462,-0.0424085493256658,-13.520751421942235,0.0
0.15,28,0.46,-0.1168860834052998,-0.3343672383902536,-1.6789846327372655,0.0
0.15,28,0.47,-0.1187801496035513,-0.0759882419804141,24.726817586111512,24.726817586111512
0.15,28,0.48,-0.1184058482449081,0.1601691133319756,-1.5599956412386935,0.0
0.15,28,0.49,-0.1155767673369118,-0.107188154805188,-15.443699423266231,0.0
0.15,28,0.5,-0.1205496113410119,-0.1487048751333493,5.63397868282477,5.63397868282477
0.15,28,0.51,-0.1185508648395788,0.0054914188513075,16.00772000395379,16.00772000395379
0.15,28,0.52,-0.1204397829639857,0.1714495249457268,-7.0496776594004436,0.0
0.15,28,0.53,-0.1151218743406642,-0.1355021343367015,-22.32143120615342,0.0
0.15,28,0.54,-0.1231498256507197,-0.274979099177342,23.165483935813945,23.165483935813945
0.15,28,0.55,-0.120621456324211,0.3278075443795778,29.54542444390304,29.54542444390304
0.15,28,0.56,-0.1165936747631282,0.3159293897007194,-31.190862036444134,0.0
0.15,28,0.57,-0.1143028685301967,-0.2960096963492953,-35.23928143319925,0.0
0.15,28,0.58,-0.1225138686901142,-0.3888562389632568,26.08665669206809,26.08665669206809
0.15,28,0.59,-0.1220799933094618,0.2257234374920669,22.740850939416354,22.740850939416354
0.15,28,0.6,-0.1179993999402729,0.0659607798250707,-23.275857592309343,0.0
0.15,28,0.61,-0.1207607777129604,-0.2397937143541204,-11.923212216738385,0.0
0.15,28,0.62,-0.1227952742273553,-0.1725034645096972,21.85329037973454,21.85329037973454
0.15,28,0.63,-0.1242108470031543,0.1972720932405707,4.486634829627966,4.486634829627966
0.15,28,0.64,-0.1188498323625439,-0.0827707679171378,-24.108387837960144,0.0
0.15,28,0.65,-0.1258662623614971,-0.2848956635186326,6.691901278205389,6.691901278205389
0.15,28,0.66,-0.1245477456329165,0.0510672576469701,10.305283395344215,10.305283395344215
0.15,28,0.67,-0.1248449172085577,-0.0787899956117481,-4.5840648648044615,0.0
0.15,28,0.68,-0.1261235455451515,-0.0406140396491192,-1.1472871947559158,0.0
0.15,28,0.69,-0.1256571980015401,-0.1017357395068652,-2.638406685209255,0.0
0.15,28,0.7,-0.1281582603352888,-0.0933821733533033,12.920400357317058,12.920400357317058
0.15,28,0.71,-0.1275248414686061,0.1566722676394762,15.169836342037197,15.169836342037197
0.15,28,0.72,-0.1250248149824993,0.2100145534874409,-13.05024418706962,0.0
0.15,28,0.73,-0.1233245503988573,-0.1043326161019164,-11.73542048384103,0.0
0.15,28,0.74,-0.1271114673045376,-0.0246938561893799,8.810787786413142,8.810787786413142
0.15,28,0.75,-0.1238184275226449,0.0718831396263466,-9.349220178706153,0.0
0.15,28,0.76,-0.1256738045120107,-0.2116782597635031,-2.3664516748654227,0.0
0.15,28,0.77,-0.128051992717915,0.0245541061290381,22.139666550255807,22.139666550255807
0.15,28,0.78,-0.1251827223894299,0.2311150712416134,-14.284673483935453,0.0
0.15,28,0.79,-0.1234296912930827,-0.2611393635496712,-29.91199870246583,0.0
0.15,28,0.8,-0.1304055096604234,-0.3671249028077037,13.148858966619263,13.148858966619263
0.15,28,0.81,-0.1307721893492368,0.0018378157827143,31.341694621249687,31.341694621249687
0.15,28,0.82,-0.1303687533447691,0.2597089896172884,-1.2153469066636857,0.0
0.15,28,0.83,-0.125578009556891,-0.0224691223505653,-21.39351017496083,0.0
0.15,28,0.84,-0.1308181357917804,-0.1681612138819286,-2.040313332438478,0.0
0.15,28,0.85,-0.1289412338345296,-0.0632753889993349,2.959338599137417,2.959338599137417
0.15,28,0.86,-0.1320836435717671,-0.1089744418991802,12.043556437261344,12.043556437261344
0.15,28,0.87,-0.1311207226725132,0.1775957397458922,2.3653746584150825,2.3653746584150825
0.15,28,0.88,-0.1285317287768492,-0.0616669487308785,-6.761918357859189,0.0
0.15,28,0.89,-0.1323540616471308,0.0423573725887083,0.74544538370467,0.74544538370467
0.15,28,0.9,-0.1276845813250751,-0.0467580410567851,-3.750103341819462,0.0
0.15,28,0.91,-0.1332892224682665,-0.032644694247681,6.844689068386634,6.844689068386634
0.15,28,0.92,-0.1283374752100287,0.0901357403109477,-5.753540419847474,0.0
0.15,28,0.93,-0.1314865076620475,-0.1477155026446306,-14.751428701630338,0.0
0.15,28,0.94,-0.1312917852629213,-0.2048928337216597,-0.5942939707732782,0.0
0.15,28,0.95,-0.1355843643364808,-0.159601382060095,17.655193818359713,17.655193818359713
0.15,28,0.96,-0.1344838129041232,0.1482110426455349,1.6773647057606338,1.6773647057606338
0.15,28,0.97,-0.1326201434835701,-0.1260540879448823,-17.269728991130528,0.0
0.15,28,0.98,-0.1370048946630209,-0.197183537177076,18.082614719768554,18.082614719768554
0.15,28,0.99,-0.1365638142271116,0.2355982064504891,31.213595324356376,31.213595324356376
0.15,28,1.0,-0.1322929305340111,0.427088369310052,19.149016285956275,19.149016285956275
0.15,29,0.01,-0.0008739047989032,-0.0225016054103877,-1.3057350729141302,0.0
0.15,29,0.02,-0.001098920853007,-0.035558956139529,-2.267959453298711,0.0
0.15,29,0.03,-0.0015850839216937,-0.0678607944763619,-3.6804200962675404,0.0
0.15,29,0.04,-0.0024561367425343,-0.1091673580648798,-3.6434019672617493,0.0
0.15,29,0.05,-0.0037684310829913,-0.1407288338215969,-4.028781636509751,0.0
0.15,29,0.06,-0.0052707134189662,-0.1897429907950748,-3.917497442856436,0.0
0.15,29,0.07,-0.0075632908988928,-0.2190787826787256,-4.597159399081274,0.0
0.15,29,0.08,-0.0096522890725407,-0.2816861787767002,-7.854138582213894,0.0
0.15,29,0.09,-0.0131970144744268,-0.3761615543230034,-0.5591068451740142,0.0
0.15,29,0.1,-0.0171755201590008,-0.2928683156801803,7.9230302995833615,7.9230302995833615
0.15,29,0.11,-0.0190543807880304,-0.2177009483313361,-6.824604897087017,0.0
0.15,29,0.12,-0.0215295391256275,-0.4293604136219205,-15.78316329464125,0.0
0.15,29,0.13,-0.0276415890604689,-0.533364214224161,7.111342792321439,7.111342792321439
0.15,29,0.14,-0.0321968234101107,-0.2871335577754916,14.40413237867662,14.40413237867662
0.15,29,0.15,-0.0333842602159787,-0.2452815666506282,-0.631096936467765,0.0
0.15,29,0.16,-0.0371024547431233,-0.2997554965048472,-8.834384973984895,0.0
0.15,29,0.17,-0.0393793701460757,-0.4219692661303262,-15.089567326334803,0.0
0.15,29,0.18,-0.0455418400657298,-0.6015468430315429,-10.390941789003879,0.0
0.15,29,0.19,-0.0514103070067065,-0.6297881019104032,7.685480458208119,7.685480458208119
0.15,29,0.2,-0.0581376021039379,-0.4478372338673804,10.822316438744085,10.822316438744085
0.15,29,0.21,-0.0603670516840541,-0.4133417731355213,-5.57795616615617,0.0
0.15,29,0.22,-0.0664044375666483,-0.5593963571905043,13.859109433284624,13.859109433284624
0.15,29,0.23,-0.0715549788278642,-0.1361595844698286,16.461200541556515,16.461200541556515
0.15,29,0.24,-0.0691276292560449,-0.2301723463593727,-21.846310456418564,0.0
0.15,29,0.25,-0.0761584257550517,-0.5730857935982003,-5.877762783524805,0.0
0.15,29,0.26,-0.0805893451280089,-0.3477276020298689,-0.9791760962619449,0.0
0.15,29,0.27,-0.0831129777956491,-0.5926693155234393,-10.139552954315274,0.0
0.15,29,0.28,-0.0924427314384777,-0.5505186611161745,19.128954002506163,19.128954002506163
0.15,29,0.29,-0.0941233510179726,-0.2100902354733183,29.223832153867715,29.223832153867715
0.15,29,0.3,-0.0966445361479441,0.0339579819611781,18.55253673647182,18.55253673647182
0.15,29,0.31,-0.093444191378749,0.1609604992561184,-21.39815315038562,0.0
0.15,29,0.32,-0.0934253261628217,-0.3940050810465347,-28.873537545831923,0.0
0.15,29,0.33,-0.1013242929996797,-0.4165102516605206,16.94594571486275,16.94594571486275
0.15,29,0.34,-0.1017555311960321,-0.0550861667492794,11.8383960611409,11.8383960611409
0.15,29,0.35,-0.1024260163346653,-0.1797423304377003,-9.155314997562314,0.0
0.15,29,0.36,-0.1053503778047862,-0.238192466700525,-4.685411188825261,0.0
0.15,29,0.37,-0.1071898656686758,-0.2734505542142056,5.826686602583115,5.826686602583115
0.15,29,0.38,-0.1108193888890703,-0.1216587346488626,17.04395348446915,17.04395348446915
0.15,29,0.39,-0.1096230403616531,0.0674285154751777,-6.4447710756089895,0.0
0.15,29,0.4,-0.1094708185795667,-0.2505541561610425,7.502515081088488,7.502515081088488
0.15,29,0.41,-0.1146341234848739,0.2174788170969428,20.86425184313621,20.86425184313621
0.15,29,0.42,-0.1051212422376278,0.166730880701678,-33.914795444083595,0.0
0.15,29,0.43,-0.1112995058708403,-0.4608170917847296,-21.100734079045647,0.0
0.15,29,0.44,-0.1143375840733224,-0.2552838008792353,36.743839990124236,36.743839990124236
0.15,29,0.45,-0.116405181888425,0.2740597080177558,9.464522999837437,9.464522999837437
0.15,29,0.46,-0.1088563899129673,-0.0659933408824864,-31.098008853878586,0.0
0.15,29,0.47,-0.1177250487060746,-0.3479004690598151,8.02886863536537,8.02886863536537
0.15,29,0.48,-0.1158143992941635,0.0945840318248247,10.655560802905384,10.655560802905384
0.15,29,0.49,-0.1158333680695781,-0.1347892530017072,3.5580298592489763,3.5580298592489763
0.15,29,0.5,-0.1185101843541977,0.1657446290098043,-1.287354160352324,0.0
0.15,29,0.51,-0.1125184754893821,-0.1605363362087537,-33.48525745711012,0.0
0.15,29,0.52,-0.1217209110783727,-0.5039605201323987,21.2564906209727,21.2564906209727
0.15,29,0.53,-0.12259768589203,0.2645934762107007,32.53541985951529,32.53541985951529
0.15,29,0.54,-0.1164290415541587,0.1467478770579076,-26.48300627494431,0.0
0.15,29,0.55,-0.1196627283508719,-0.2650666492881859,-17.338925612544493,0.0
0.15,29,0.56,-0.1217303745399224,-0.2000306351929826,22.933848648248944,22.933848648248944
0.15,29,0.57,-0.1236633410547315,0.1936103236767872,10.103542870893781,10.103542870893781
0.15,29,0.58,-0.1178581680663866,0.0020402222248856,-15.781589043335117,0.0
0.15,29,0.59,-0.1236225366102338,-0.1220214571899154,-0.8170141742920243,0.0
0.15,29,0.6,-0.1202985972101849,-0.0143000612609549,-4.729987818608575,0.0
0.15,29,0.61,-0.1239085378354529,-0.216621213562087,7.572073513127088,7.572073513127088
0.15,29,0.62,-0.1246310214814267,0.137141409001587,5.985630097174469,5.985630097174469
0.15,29,0.63,-0.1211657096554211,-0.0969086116185975,-16.411118014129652,0.0
0.15,29,0.64,-0.1265691937137986,-0.1910809512810063,14.004542228831195,14.004542228831195
0.15,29,0.65,-0.1249873286810412,0.1831822329580266,7.236407372354265,7.236407372354265
0.15,29,0.66,-0.1229055490546381,-0.0463528038339209,-9.750911334036017,0.0
0.15,29,0.67,-0.1259143847577197,-0.0118359937226939,6.21515303548067,6.21515303548067
0.15,29,0.68,-0.123142268929092,0.0779502568756926,-9.046609417964577,0.0
0.15,29,0.69,-0.1243553796202058,-0.1927681820819806,-9.721183513322817,0.0
0.15,29,0.7,-0.1269976325707316,-0.116473413390759,15.021654925809562,15.021654925809562
0.15,29,0.71,-0.126684847888021,0.1076649164342109,-6.4878270567807395,0.0
0.15,29,0.72,-0.1248443342420474,-0.2462299545263739,-17.67159438904622,0.0
0.15,29,0.73,-0.1316094469785484,-0.2457669713467138,25.91110107866414,25.91110107866414
0.15,29,0.74,-0.1297596736689817,0.2719920670469093,14.504148476811388,14.504148476811388
0.15,29,0.75,-0.1261696056376103,0.0443159981895142,-2.7993870948769874,0.0
0.15,29,0.76,-0.1288733537051914,0.2160043251493695,7.59015555468396,7.59015555468396
0.15,29,0.77,-0.1218495191346229,0.1961191092831935,-34.3188916534818,0.0
0.15,29,0.78,-0.1249509715195275,-0.4703735079202671,-3.814789743448398,0.0
0.15,29,0.79,-0.1312569892930282,0.1198233144142255,19.478625604669006,19.478625604669006
0.15,29,0.8,-0.122554505231243,-0.0808009958268867,-35.18416502174705,0.0
0.15,29,0.81,-0.132873009209566,-0.5838599860207161,13.574944137596493,13.574944137596493
0.15,29,0.82,-0.1342317049516574,0.1906978869250277,42.95716716039633,42.95716716039633
0.15,29,0.83,-0.1290590514710654,0.2752833571871989,-22.70986080959665,0.0
0.15,29,0.84,-0.1287260378079134,-0.2634993292669056,-30.582888794959842,0.0
0.15,29,0.85,-0.1343290380564035,-0.3363744187119986,24.229421714526886,24.229421714526886
0.15,29,0.86,-0.1354535261821534,0.2210891050236325,18.967430769386013,18.967430769386013
0.15,29,0.87,-0.1299072559559308,0.042974196675722,-18.251369997313184,0.0
0.15,29,0.88,-0.1345940422486389,-0.1439382949226315,14.426567539983532,14.426567539983532
0.15,29,0.89,-0.1327860218543834,0.3315055474753929,9.081992685137397,9.081992685137397
0.15,29,0.9,-0.127963931299131,0.0377015587801166,-31.176576118593072,0.0
0.15,29,0.91,-0.1320319906787811,-0.2920259748964691,5.498454606037391,5.498454606037391
0.15,29,0.92,-0.1338044507970604,0.1476706509008645,26.82967238554339,26.82967238554339
0.15,29,0.93,-0.1290785776607638,0.2445674728143991,-7.682104866593869,0.0
0.15,29,0.94,-0.1289131013407724,-0.0059714464310083,-22.550965908005377,0.0
0.15,29,0.95,-0.129198006589384,-0.2064518453457058,-16.901964437141082,0.0
0.15,29,0.96,-0.1330421382476865,-0.3440107351738302,15.567793054758045,15.567793054758045
0.15,29,0.97,-0.1360782212928606,0.1049040157494554,23.964429276839397,23.964429276839397
0.15,29,0.98,-0.1309440579326974,0.1352778503629581,-11.728632119331895,0.0
0.15,29,0.99,-0.1333726642856015,-0.1296686266371827,-7.587723417346024,0.0
0.15,29,1.0,-0.1335374304654411,-0.0164766179839625,11.319200865322012,11.319200865322012
0.25,0,0.01,-0.0002270915826729,-0.0148188950282474,-1.4289878215855498,0.0
0.25,0,0.02,-0.0003752805329554,-0.0291087732441029,-2.7776213984905462,0.0
0.25,0,0.03,-0.000809267047555,-0.0703713229980583,-4.511850237565045,0.0
0.25,0,0.04,-0.0017827069929166,-0.1193457779954038,-5.778263988768779,0.0
0.25,0,0.05,-0.0031961826074631,-0.1859366027734339,-6.309305649778521,0.0
0.25,0,0.06,-0.0055014390483853,-0.2455318909909742,-5.224918590089439,0.0
0.25,0,0.07,-0.0081068204272826,-0.2904349745752227,-0.44726426897929095,0.0
0.25,0,0.08,-0.0113101385398897,-0.2544771763705601,-1.7819212534907596,0.0
0.25,0,0.09,-0.0131963639546938,-0.3260733996450379,-16.125409822832957,0.0
0.25,0,0.1,-0.0178316065327905,-0.5769853728272196,-7.626261033922297,0.0
0.25,0,0.11,-0.0247360714112381,-0.4785986203234843,3.055089219503259,3.055089219503259
0.25,0,0.12,-0.0274035789392602,-0.5158835884371544,-13.175391836862627,0.0
0.25,0,0.13,-0.0350537431799812,-0.7421064570607372,-7.148825901993952,0.0
0.25,0,0.14,-0.0422457080804749,-0.6588601064770336,8.011825489683083,8.011825489683083
0.25,0,0.15,-0.0482309453095219,-0.5818699472670756,-1.0349572027413103,0.0
0.25,0,0.16,-0.0538831070258164,-0.6795592505318604,-2.50551246196677,0.0
0.25,0,0.17,-0.0618221303201591,-0.6319801965064111,27.02106993564336,27.02106993564336
0.25,0,0.18,-0.0665227109559447,-0.1391378518189947,2.4187405527428467,2.4187405527428467
0.25,0,0.19,-0.064604887356539,-0.5836053854515568,-20.777876310491664,0.0
0.25,0,0.2,-0.0781948186649758,-0.5546953780288284,-8.663298321656168,0.0
0.25,0,0.21,-0.0756987949171156,-0.7568713518846795,-22.251334452506182,0.0
0.25,0,0.22,-0.0933322457026694,-0.999722067078952,37.92332604043465,37.92332604043465
0.25,0,0.23,-0.0956932362586947,0.0015951689240143,52.99946097948394,52.99946097948394
0.25,0,0.24,-0.0933003423241892,0.060267152510729,-57.256786763268195,0.0
0.25,0,0.25,-0.0944878932084801,-1.1435405663413525,-38.65923650314712,0.0
0.25,0,0.26,-0.1161711536510162,-0.7129175775522141,60.629746089279735,60.629746089279735
0.25,0,0.27,-0.1087462447595244,0.0690543554442433,6.680716212368488,6.680716212368488
0.25,0,0.28,-0.1147900665421314,-0.5793032533048441,-13.317197131914867,0.0
0.25,0,0.29,-0.1203323098256212,-0.1972895871940592,2.3597787648756388,2.3597787648756388
0.25,0,0.3,-0.1187358582860125,-0.5321076780073355,-21.738906698484442,0.0
0.25,0,0.31,-0.130974463385768,-0.6320677211637484,26.614472206890458,26.614472206890458
0.25,0,0.32,-0.1313772127092875,0.0001817661304741,44.85025749490617,44.85025749490617
0.25,0,0.33,-0.1309708280631585,0.2649374287343757,13.709903514536927,13.709903514536927
0.25,0,0.34,-0.1260784641346,0.2743798364212129,-40.56567787617746,0.0
0.25,0,0.35,-0.1254832313347342,-0.5463761287891673,-36.70872835405753,0.0
0.25,0,0.36,-0.1370059867103834,-0.4597947306599312,31.253048587268555,31.253048587268555
0.25,0,0.37,-0.1346791259479328,0.0786848429562043,25.49598979467944,25.49598979467944
0.25,0,0.38,-0.1354322898512593,0.050125065233658,-6.0522014390022605,0.0
0.25,0,0.39,-0.1336766246432597,-0.042359185823841,-12.079699085497076,0.0
0.25,0,0.4,-0.1362794735677361,-0.1914689164762837,11.756395698273437,11.756395698273437
0.25,0,0.41,-0.1375060029727853,0.1927687281416243,-0.5375254477125981,0.0
0.25,0,0.42,-0.1324240990049036,-0.20221942543054,-30.596558588877414,0.0
0.25,0,0.43,-0.1415503914813961,-0.4191624436359245,8.068285274668954,8.068285274668954
0.25,0,0.44,-0.1408073478776221,-0.0408537199371608,33.177573754265595,33.177573754265595
0.25,0,0.45,-0.1423674658801394,0.2443890314493879,23.587395302270163,23.587395302270163
0.25,0,0.46,-0.1359195672486344,0.4308941861082429,-15.417773567193553,0.0
0.25,0,0.47,-0.1337495821579745,-0.0639664398944788,-29.592085514731348,0.0
0.25,0,0.48,-0.137198896046524,-0.1609475241863807,5.357440964899575,5.357440964899575
0.25,0,0.49,-0.1369685326417021,0.0431823794035128,4.80070326881372,4.80070326881372
0.25,0,0.5,-0.1363352484584537,-0.0649334588101062,-11.02696149411398,0.0
0.25,0,0.51,-0.1382672018179042,-0.177356850478767,-0.5998100273938891,0.0
0.25,0,0.52,-0.1398823854680291,-0.076929659357984,7.763121247130429,7.763121247130429
0.25,0,0.53,-0.1398057950050639,-0.0220944255361583,-1.692390879051994,0.0
0.25,0,0.54,-0.1403242739787522,-0.1107774769390239,-9.263597834808827,0.0
0.25,0,0.55,-0.1420213445438444,-0.207366382232335,11.01693859560585,11.01693859560585
0.25,0,0.56,-0.1444716016233989,0.1095612949730933,12.766083717244324,12.766083717244324
0.25,0,0.57,-0.1398301186443826,0.0479552921125545,-13.519799083989724,0.0
0.25,0,0.58,-0.143512495781148,-0.1608346867067016,4.417055397267642,4.417055397267642
0.25,0,0.59,-0.1430468123785166,0.1362964000579074,21.145787900361967,21.145787900361967
0.25,0,0.6,-0.1407865677799898,0.2620810713005381,-8.554997107417549,0.0
0.25,0,0.61,-0.1378051909525059,-0.0348035420904437,-21.738419995541513,0.0
0.25,0,0.62,-0.1414826386217987,-0.1726873286102925,15.099419071751077,15.099419071751077
0.25,0,0.63,-0.1412589375247117,0.2671848393445781,-3.0165068684642176,0.0
0.25,0,0.64,-0.1361389418349071,-0.2330174659795769,-30.609759178234313,0.0
0.25,0,0.65,-0.1459192868443033,-0.3450103442201087,33.446088291951675,33.446088291951675
0.25,0,0.66,-0.1430391487193093,0.4359042998594571,19.491779146364134,19.491779146364134
0.25,0,0.67,-0.1372012008471141,0.0448252387071743,-44.73500159178033,0.0
0.25,0,0.68,-0.1421426439451658,-0.4587957319761502,-5.453720665422702,0.0
0.25,0,0.69,-0.1463771154866371,-0.0642491746012892,30.731309756112974,30.731309756112974
0.25,0,0.7,-0.1434276274371915,0.1558304631461045,-7.762775752670364,0.0
0.25,0,0.71,-0.143260506223715,-0.2195046896546966,-11.901922696229924,0.0
0.25,0,0.72,-0.1478177212302855,-0.0822079907784942,17.681117066133496,17.681117066133496
0.25,0,0.73,-0.1449046660392849,0.1341176516679736,2.4682299838956627,2.4682299838956627
0.25,0,0.74,-0.145135368196926,-0.0328433911005809,-9.890322424502461,0.0
0.25,0,0.75,-0.1455615338612965,-0.0636887968220758,-1.1700648729182193,0.0
0.25,0,0.76,-0.1464091441333675,-0.0562446885589453,9.194696268979717,9.194696268979717
0.25,0,0.77,-0.1466864276324754,0.1202051285575187,-3.7052288637029465,0.0
0.25,0,0.78,-0.1440050415622171,-0.1303492658330043,-7.766036429264644,0.0
0.25,0,0.79,-0.1492934129491355,-0.0351156000277743,9.402079306552691,9.402079306552691
0.25,0,0.8,-0.1447073535627726,0.0576923202980497,-3.7678675917252917,0.0
0.25,0,0.81,-0.1481395665431745,-0.1104729518622802,5.715504481496902,5.715504481496902
0.25,0,0.82,-0.1469168126000182,0.1720024099279822,0.49641033202592144,0.49641033202592144
0.25,0,0.83,-0.1446995183446149,-0.100544745221768,-12.52037592044134,0.0
0.25,0,0.84,-0.1489277075044536,-0.0784051084808448,6.235788285476165,6.235788285476165
0.25,0,0.85,-0.1462676205142318,0.0241710204877554,-3.3763140190424568,0.0
0.25,0,0.86,-0.1484442870946985,-0.145931388861694,3.8142185783789317,3.8142185783789317
0.25,0,0.87,-0.1491862482914657,0.1004553920553341,12.404117099304454,12.404117099304454
0.25,0,0.88,-0.1464351792535918,0.1021509531243953,-14.546212645100526,0.0
0.25,0,0.89,-0.1471432292289778,-0.1904688608466767,-7.741508042024348,0.0
0.25,0,0.9,-0.1502445564705253,-0.0526792077160918,18.73635084471797,18.73635084471797
0.25,0,0.91,-0.1481968133832996,0.184258156047683,3.534606541152157,3.534606541152157
0.25,0,0.92,-0.1465593933495717,0.0180129231069514,-6.937016213452189,0.0
0.25,0,0.93,-0.1478365549211606,0.0455178317786391,-4.830129539211747,0.0
0.25,0,0.94,-0.1456490367139989,-0.0785896676772814,-8.441035244136632,0.0
0.25,0,0.95,-0.1494083482747063,-0.1233028731040919,-7.449716467507443,0.0
0.25,0,0.96,-0.1481150941760808,-0.2275839970274304,3.4983731106937173,3.4983731106937173
0.25,0,0.97,-0.1539600282152549,-0.0533354108902175,33.28891819468903,33.28891819468903
0.25,0,0.98,-0.1491818023938851,0.4381943668663508,5.021740796500341,5.021740796500341
0.25,0,0.99,-0.1451961408779279,0.0470994050397894,-37.12808541912479,0.0
0.25,0,1.0,-0.1482398142930893,-0.3043673415161455,-35.14667465559345,0.0
0.25,1,0.01,-0.0020249762415656,-0.0352280723872862,-1.9182976307912498,0.0
0.25,1,0.02,-0.0023772569654385,-0.0544110486951987,-2.9200614874732858,0.0
0.25,1,0.03,-0.0031131972154696,-0.0936293021367519,-4.462910403887581,0.0
0.25,1,0.04,-0.0042498430081735,-0.1436692567729503,-5.168762404370985,0.0
0.25,1,0.05,-0.0059865823509286,-0.1970045502241716,-6.615885667316312,0.0
0.25,1,0.06,-0.008189934012657,-0.2759869701192765,-5.684655085290336,0.0
0.25,1,0.07,-0.0115063217533142,-0.3106976519299783,-1.2655942353335288,0.0
0.25,1,0.08,-0.0144038870512565,-0.3012988548259471,-4.001700126389514,0.0
0.25,1,0.09,-0.0175322988498331,-0.3907316544577685,-10.354460735382748,0.0
0.25,1,0.1,-0.0222185201404119,-0.5083880695336022,-7.492776390531464,0.0
0.25,1,0.11,-0.0277000602405051,-0.5405871822683979,5.324140464855052,5.324140464855052
0.25,1,0.12,-0.0330302637857799,-0.4019052602365012,5.367732228014866,5.367732228014866
0.25,1,0.13,-0.0357381654452352,-0.4332325377081008,-9.639857847087875,0.0
0.25,1,0.14,-0.0416949145399419,-0.5947024171782589,-0.5224827591716945,0.0
0.25,1,0.15,-0.0476322137888003,-0.4436821928915355,3.6180544270809953,3.6180544270809953
0.25,1,0.16,-0.0505685583977726,-0.5223413286366396,-11.758902916031136,0.0
0.25,1,0.17,-0.0580790403615331,-0.6788602512121584,0.6155935943467341,0.6155935943467341
0.25,1,0.18,-0.0641457634220157,-0.5100294567497059,13.931446227164152,13.931446227164152
0.25,1,0.19,-0.0682796294965272,-0.4002313266688757,6.6403950456283845,6.6403950456283845
0.25,1,0.2,-0.0721503899553933,-0.3772215558371381,-22.939197487508434,0.0
0.25,1,0.21,-0.07582406061327,-0.8590152764190426,-14.463999397847452,0.0
0.25,1,0.22,-0.0893306954837741,-0.6665015437940851,45.448702115866986,45.448702115866986
0.25,1,0.23,-0.0891540914891517,0.0499587658982978,41.982512143426476,41.982512143426476
0.25,1,0.24,-0.0883315201658082,0.1731486990744457,-21.952461205147426,0.0
0.25,1,0.25,-0.0856911175076628,-0.3890904582046524,-52.430793444317416,0.0
0.25,1,0.26,-0.0961133293299013,-0.8754671698119036,3.255430410250245,3.255430410250245
0.25,1,0.27,-0.1032004609039009,-0.3239818499996474,46.75824961911395,46.75824961911395
0.25,1,0.28,-0.1025929663298942,0.0596978225703761,-1.3776354608939982,0.0
0.25,1,0.29,-0.1020065044524934,-0.3515345592175229,-26.94769008546499,0.0
0.25,1,0.3,-0.1096236575142447,-0.4792559791389212,-8.403954861859514,0.0
0.25,1,0.31,-0.1115916240352718,-0.5196136564547134,-8.906040107217137,0.0
0.25,1,0.32,-0.120015930643339,-0.657376781283264,11.066703572888093,11.066703572888093
0.25,1,0.33,-0.1247391596609371,-0.2982795849969513,39.129954793408004,39.129954793408004
0.25,1,0.34,-0.125981522343278,0.1252223145848967,-4.590564586073501,0.0
0.25,1,0.35,-0.1222347133692392,-0.3900908767184159,-28.479201052197922,0.0
0.25,1,0.36,-0.1337833398776464,-0.4443617064590581,28.060398129326387,28.060398129326387
0.25,1,0.37,-0.1311219474984203,0.1711170858681123,20.727319473853605,20.727319473853605
0.25,1,0.38,-0.1303609981602842,-0.0298153169819856,2.206297075751438,2.206297075751438
0.25,1,0.39,-0.1317182538380601,0.2152430273831411,15.65264714700454,15.65264714700454
0.25,1,0.4,-0.1260561376126213,0.2832376259581055,-23.730508392657725,0.0
0.25,1,0.41,-0.1260535013188979,-0.2593671404700091,-30.643913119059015,0.0
0.25,1,0.42,-0.1312434804220216,-0.329640636423071,2.345730865515973,2.345730865515973
0.25,1,0.43,-0.1326463140473593,-0.2124525231596896,16.702858816450153,16.702858816450153
0.25,1,0.44,-0.1354925308852154,0.0044165399059323,13.892719445905337,13.892719445905337
0.25,1,0.45,-0.1325579832492407,0.0654018657584174,3.6285522808896515,3.6285522808896515
0.25,1,0.46,-0.134184493570047,0.0769875855237254,-5.88286164049867,0.0
0.25,1,0.47,-0.1310182315387662,-0.052255367051555,-17.82658496038914,0.0
0.25,1,0.48,-0.1352296009110782,-0.2795441136840573,13.161365193981547,13.161365193981547
0.25,1,0.49,-0.1366091138124474,0.2109719368280762,27.50795298113215,27.50795298113215
0.25,1,0.5,-0.1310101621745167,0.2706149459385862,-27.753810708306286,0.0
0.25,1,0.51,-0.1311968148936756,-0.34410427733805,-25.9153042664362,0.0
0.25,1,0.52,-0.1378922477212777,-0.2476911393901382,17.12959441874896,17.12959441874896
0.25,1,0.53,-0.1361506376814784,-0.0015123889630705,7.750788092096434,7.750788092096434
0.25,1,0.54,-0.1379224955005391,-0.0926753775482094,-0.5036863092109846,0.0
0.25,1,0.55,-0.1380041452324426,-0.0115861151472902,-3.8201293221310664,0.0
0.25,1,0.56,-0.1381542178034849,-0.1690779639908308,-0.9067852905435695,0.0
0.25,1,0.57,-0.1413857045122591,-0.0297218209581648,11.068903341092753,11.068903341092753
0.25,1,0.58,-0.1387486542226481,0.0523001028310226,0.8583093643958544,0.8583093643958544
0.25,1,0.59,-0.1403397024556387,-0.0125556336702477,-11.031023078194956,0.0
0.25,1,0.6,-0.1389997668960531,-0.1683203587328767,-9.750563141692261,0.0
0.25,1,0.61,-0.1437061096302962,-0.2075668965040931,20.79206194821348,20.79206194821348
0.25,1,0.62,-0.1431511048261349,0.2475208802313933,25.43568544473407,25.43568544473407
0.25,1,0.63,-0.1387556920256684,0.3011468123905887,-21.374271168037033,0.0
0.25,1,0.64,-0.1371281685783232,-0.1799645431293477,-30.491692179468295,0.0
0.25,1,0.65,-0.1423549828882553,-0.3086870311987777,21.73947849455866,21.73947849455866
0.25,1,0.66,-0.1433019092022987,0.2548250267618259,24.360107033860537,24.360107033860537
0.25,1,0.67,-0.1372584823530188,0.1785151094784334,-18.657138192591628,0.0
0.25,1,0.68,-0.13973160701273,-0.118317737090007,-14.464436974327493,0.0
0.25,1,0.69,-0.139624837094819,-0.1107736300081185,1.9963632908016367,1.9963632908016367
0.25,1,0.7,-0.1419470796128924,-0.0783904712739742,7.155312294801984,7.155312294801984
0.25,1,0.71,-0.1411926465202984,0.0323326158879213,4.745964013858775,4.745964013858775
0.25,1,0.72,-0.141300427295134,0.0165288090032014,-7.993787690194178,0.0
0.25,1,0.73,-0.1408620703402344,-0.1275431379159624,-2.7084924515265527,0.0
0.25,1,0.74,-0.1438512900534533,-0.0376410400273297,5.959280014344825,5.959280014344825
0.25,1,0.75,-0.141614891140781,-0.0083575376290658,-0.5699109496272794,0.0
0.25,1,0.76,-0.1440184408060346,-0.0490392590198753,3.2841624931377122,3.2841624931377122
0.25,1,0.77,-0.1425956763211785,0.0573257122336885,-5.725909912587476,0.0
0.25,1,0.78,-0.1428719265613608,-0.1635574572716249,-9.076740164603413,0.0
0.25,1,0.79,-0.145866825466611,-0.1242090910583799,13.826627242376539,13.826627242376539
0.25,1,0.8,-0.1453561083825284,0.1129750875759061,9.674136358055463,9.674136358055463
0.25,1,0.81,-0.1436073237150929,0.0692736361027295,-4.7960642493678325,0.0
0.25,1,0.82,-0.1439706356604738,0.01705380258855,3.750612475947837,3.750612475947837
0.25,1,0.83,-0.1432662476633219,0.1442858856216879,-8.481158192728378,0.0
0.25,1,0.84,-0.14108491794804,-0.1525693612660177,-12.448645136816765,0.0
0.25,1,0.85,-0.1463176348886423,-0.1046870171146476,19.28821231684241,19.28821231684241
0.25,1,0.86,-0.143178658290333,0.2331948850708309,-2.469314753580452,0.0
0.25,1,0.87,-0.1416537371872256,-0.1540733121862567,-19.867093331649176,0.0
0.25,1,0.88,-0.1462601245340581,-0.164146981562153,7.020798733568328,7.020798733568328
0.25,1,0.89,-0.1449366768184687,-0.01365733751489,5.62985531874633,5.62985531874633
0.25,1,0.9,-0.1465332712843559,-0.0515498751872263,-9.82127605421569,0.0
0.25,1,0.91,-0.1459676743222132,-0.210082858599204,5.916417384382725,5.916417384382725
0.25,1,0.92,-0.15073492845634,0.0667784725004283,21.677667622961636,21.677667622961636
0.25,1,0.93,-0.1446321048722047,0.2234704938600291,-16.066446593053495,0.0
0.25,1,0.94,-0.1462655185791394,-0.2545504593606331,-11.82934784375203,0.0
0.25,1,0.95,-0.1497231140594173,-0.0131164630150024,22.531515437724998,22.531515437724998
0.25,1,0.96,-0.1465278478394394,0.1960798493938673,-8.570026881225562,0.0
0.25,1,0.97,-0.14580151707154,-0.1845170006395138,-15.718464007374891,0.0
0.25,1,0.98,-0.1502181878522297,-0.1182894307536308,10.164102016191366,10.164102016191366
0.25,1,0.99,-0.1481673056866126,0.0187650396843137,-2.463435321972317,0.0
0.25,1,1.0,-0.1498428870585434,-0.1675581371930772,-18.63231768773907,0.0
0.25,2,0.01,-0.0025477197017206,-0.0283589544369439,-1.3454736881580702,0.0
0.25,2,0.02,-0.00283130924609,-0.0418136913185246,-2.6163867710233712,0.0
0.25,2,0.03,-0.0033839935280911,-0.0806866898574113,-4.101911811489415,0.0
0.25,2,0.04,-0.0044450430432383,-0.1238519275483129,-5.325054327822502,0.0
0.25,2,0.05,-0.0058610320790573,-0.1871877764138614,-5.005888642053895,0.0
0.25,2,0.06,-0.0081887985715155,-0.2239697003893908,-3.4958806603078845,0.0
0.25,2,0.07,-0.0103404260868452,-0.2571053896200191,-2.612472391605694,0.0
0.25,2,0.08,-0.0133309063639159,-0.2762191482215047,-6.913387908157723,0.0
0.25,2,0.09,-0.0158648090512753,-0.3953731477831735,-10.332931193566367,0.0
0.25,2,0.1,-0.0212383693195793,-0.482877772092832,-2.6724552123805942,0.0
0.25,2,0.11,-0.0255223644931319,-0.4488222520307856,11.249291417419972,11.249291417419972
0.25,2,0.12,-0.0302148143601951,-0.2578919437444327,-6.223669785597629,0.0
0.25,2,0.13,-0.0306802033680205,-0.5732956477427389,-21.682806267840608,0.0
0.25,2,0.14,-0.0416807273150498,-0.6915480691012452,-2.423694444126177,0.0
0.25,2,0.15,-0.0445111647500455,-0.6217695366252629,-3.48901646999024,0.0
0.25,2,0.16,-0.0541161180475551,-0.7613283985010506,10.789336266873722,10.789336266873722
0.25,2,0.17,-0.0597377327200665,-0.4059828112877883,17.710991544100327,17.710991544100327
0.25,2,0.18,-0.0622357742733109,-0.4071085676190433,-18.096375371825516,0.0
0.25,2,0.19,-0.0678799040724474,-0.7679103187242995,-21.59578279434367,0.0
0.25,2,0.2,-0.0775939806477969,-0.8390242235059171,23.392826266605027,23.392826266605027
0.25,2,0.21,-0.0846603885425657,-0.3000537933922009,42.732341516158996,42.732341516158996
0.25,2,0.22,-0.0835950565156409,0.0156226068172617,-3.7243616307406135,0.0
0.25,2,0.23,-0.0843479364062205,-0.3745410260070132,-35.84557968526974,0.0
0.25,2,0.24,-0.0910858770357811,-0.7012889868881329,-7.4762130665014865,0.0
0.25,2,0.25,-0.0983737161439831,-0.5240652873370415,30.539257459373673,30.539257459373673
0.25,2,0.26,-0.101567182782522,-0.090503837700659,-1.3648236203498847,0.0
0.25,2,0.27,-0.1001837928979963,-0.5513617597440392,-26.781802113934972,0.0
0.25,2,0.28,-0.1125944179774027,-0.6261398799793589,25.30745839096805,25.30745839096805
0.25,2,0.29,-0.1127065904975835,-0.0452125919246828,25.475514772172684,25.475514772172684
0.25,2,0.3,-0.1134986698158964,-0.1166295845359099,-15.844739156929977,0.0
0.25,2,0.31,-0.1150391821883017,-0.3621073750632826,-7.405527817915742,0.0
0.25,2,0.32,-0.1207408173171621,-0.2647401408942249,-1.4678043861924266,0.0
0.25,2,0.33,-0.1203339850061862,-0.3914634627871312,1.9281409879783773,1.9281409879783773
0.25,2,0.34,-0.1285700865729047,-0.2261773211346573,23.768354264959864,23.768354264959864
0.25,2,0.35,-0.1248575314288794,0.0839036225120644,2.823024318607663,2.823024318607663
0.25,2,0.36,-0.1268920141226635,-0.1697168347625073,-14.841836765915582,0.0
0.25,2,0.37,-0.1282518681241296,-0.2129331128062475,-8.061288745775288,0.0
0.25,2,0.38,-0.1311506763787884,-0.3309426096780132,14.367026400102153,14.367026400102153
0.25,2,0.39,-0.1348707203176898,0.0744074151957958,14.987858903476857,14.987858903476857
0.25,2,0.4,-0.1296625280748725,-0.0311854316084758,-14.207977207107223,0.0
0.25,2,0.41,-0.1354944289498593,-0.2097521289463477,3.7413421929125925,3.7413421929125925
0.25,2,0.42,-0.1338575706537994,0.0436414122497783,11.980458608540474,11.980458608540474
0.25,2,0.43,-0.1346216007048637,0.029857043224462,-4.899455757143336,0.0
0.25,2,0.44,-0.1332604297893102,-0.0543477028930885,-10.139295430075975,0.0
0.25,2,0.45,-0.1357085547627255,-0.1729288653770577,4.153748096286851,4.153748096286851
0.25,2,0.46,-0.1367190070968514,0.0287272590326486,14.027892770060012,14.027892770060012
0.25,2,0.47,-0.1351340095820725,0.1076289900241427,-8.964027496202544,0.0
0.25,2,0.48,-0.1345664272963685,-0.1505532908914038,-7.4599131428834475,0.0
0.25,2,0.49,-0.1381450753999006,-0.0415692728335264,6.584843414515749,6.584843414515749
0.25,2,0.5,-0.1353978127530391,-0.0188564226010887,9.91587695469448,9.91587695469448
0.25,2,0.51,-0.1385222038519223,0.1567482662603634,15.407818885143982,15.407818885143982
0.25,2,0.52,-0.1322628474278318,0.2892999551017912,-22.390463635772416,0.0
0.25,2,0.53,-0.1327362047498865,-0.2910610064550853,-26.51865267525031,0.0
0.25,2,0.54,-0.1380840675569335,-0.2410730984032154,19.696858319083145,19.696858319083145
0.25,2,0.55,-0.1375576667179508,0.1028761599265779,8.071071982721003,8.071071982721003
0.25,2,0.56,-0.136026544358402,-0.0796516587487952,-12.150480462299104,0.0
0.25,2,0.57,-0.1391506998929267,-0.1401334493194044,5.423585709689668,5.423585709689668
0.25,2,0.58,-0.13882921334479,0.0288200554450002,15.706877620670472,15.706877620670472
0.25,2,0.59,-0.1385742987840267,0.1740041030940053,-4.2686324433220015,0.0
0.25,2,0.6,-0.1353491312829099,-0.0565525934214399,-14.066530893468546,0.0
0.25,2,0.61,-0.1397053506524554,-0.1073265147753659,1.0223377918496392,1.0223377918496392
0.25,2,0.62,-0.1374956615784172,-0.0361058375844471,-7.823112755844078,0.0
0.25,2,0.63,-0.1404274674041444,-0.2637887698922476,11.34809105344686,11.34809105344686
0.25,2,0.64,-0.1427714369762622,0.1908559834844903,8.312729492009332,8.312729492009332
0.25,2,0.65,-0.1366103477344546,-0.0975341800520608,-15.288066775726636,0.0
0.25,2,0.66,-0.1447221205773034,-0.1149053520300427,11.146406583084445,11.146406583084445
0.25,2,0.67,-0.1389084547750554,0.1253939516096283,-5.607566820647795,0.0
0.25,2,0.68,-0.1422142415451109,-0.2270566884429987,-13.402405654191835,0.0
0.25,2,0.69,-0.1434495885439154,-0.142654161474212,21.439779677563116,21.439779677563116
0.25,2,0.7,-0.1450673247745951,0.2017389051082645,12.04542352031884,12.04542352031884
0.25,2,0.71,-0.1394148104417501,0.098254308932165,-21.45923295461445,0.0
0.25,2,0.72,-0.1431022385959518,-0.2274457539840249,-1.9014132522019884,0.0
0.25,2,0.73,-0.1439637255214306,0.0602260438881252,15.289892999393947,15.289892999393947
0.25,2,0.74,-0.1418977177181893,0.0783521060038543,-15.075517918142838,0.0
0.25,2,0.75,-0.1423966834013535,-0.2412843144747318,-13.403212590539523,0.0
0.25,2,0.76,-0.1467234040076839,-0.1897121458069364,23.38182767807326,23.38182767807326
0.25,2,0.77,-0.1461909263174923,0.2263522390867338,13.823834518530983,13.823834518530983
0.25,2,0.78,-0.1421963592259492,0.0867645445636835,-13.524590158886058,0.0
0.25,2,0.79,-0.1444556354262186,-0.0441395640909876,-4.555848159445601,0.0
0.25,2,0.8,-0.143079150507769,-0.0043524186252286,6.89878927605702,6.89878927605702
0.25,2,0.81,-0.1445426837987232,0.0938362214301529,3.4393646910483406,3.4393646910483406
0.25,2,0.82,-0.141202426079166,0.0644348751957393,-22.263380741381873,0.0
0.25,2,0.83,-0.1432539862948084,-0.3514313933974868,-0.8999579938593794,0.0
0.25,2,0.84,-0.1482310539471157,0.0464357153185517,16.458201899982537,16.458201899982537
0.25,2,0.85,-0.1423252719884374,-0.0222673553978358,-10.91527605316068,0.0
0.25,2,0.86,-0.1486764010550725,-0.1718698057446621,1.1033631789230092,1.1033631789230092
0.25,2,0.87,-0.1457626681033307,-0.0002000918193756,3.875414532035701,3.875414532035701
0.25,2,0.88,-0.14868040289146,-0.094361515103948,9.313206378308692,9.313206378308692
0.25,2,0.89,-0.1476498984054096,0.1860640357467984,13.934078298537305,13.934078298537305
0.25,2,0.9,-0.144959122176524,0.1843200508667983,-19.0730861039832,0.0
0.25,2,0.91,-0.1439634973880736,-0.1953976863328659,-15.211501480695748,0.0
0.25,2,0.92,-0.1488670759031813,-0.1199099787471169,14.780514456146129,14.780514456146129
0.25,2,0.93,-0.146361696963016,0.1002126027900569,1.607397017650806,1.607397017650806
0.25,2,0.94,-0.1468628238473801,-0.0877620383940964,-16.872364398065862,0.0
0.25,2,0.95,-0.1481169377308979,-0.2372346851712583,-1.2192094227243535,0.0
0.25,2,0.96,-0.1516075175508053,-0.1121462268485835,15.794205030725443,15.794205030725443
0.25,2,0.97,-0.1503598622678696,0.0786494154432508,6.565530912112549,6.565530912112549
0.25,2,0.98,-0.1500345292419403,0.0191643913936676,10.607530861135475,10.607530861135475
0.25,2,0.99,-0.1499765744399962,0.2908000326659605,27.83200968719234,27.83200968719234
0.25,2,1.0,-0.1442185285886211,0.5758045851375149,28.50045524715541,28.50045524715541
0.25,3,0.01,-0.0005806186930625,-0.0173839494936693,-1.18693947937238,0.0
0.25,3,0.02,-0.0007544581879992,-0.0292533442873931,-2.2386634561192658,0.0
0.25,3,0.03,-0.0011656855788103,-0.0621572186160546,-3.548517926152095,0.0
0.25,3,0.04,-0.0019976025603203,-0.100223702810435,-4.413821121008938,0.0
0.25,3,0.05,-0.003170159635019,-0.1504336410362334,-5.495770838770797,0.0
0.25,3,0.06,-0.0050062753810449,-0.2101391195858509,-5.887446817427356,0.0
0.25,3,0.07,-0.0073729420267361,-0.2681825773847806,-2.8731287921075452,0.0
0.25,3,0.08,-0.0103699269287405,-0.2676016954280019,-2.9785434535770925,0.0
0.25,3,0.09,-0.0127249759352961,-0.3277534464563224,-1.9293571700971501,0.0
0.25,3,0.1,-0.016924995857867,-0.3061888388299448,-0.1530814890279082,0.0
0.25,3,0.11,-0.018848752711895,-0.3308150762368805,-7.434866129708066,0.0
0.25,3,0.12,-0.0235412973826046,-0.454886161424106,-6.359288032537165,0.0
0.25,3,0.13,-0.0279464759403771,-0.4580008368876236,-8.484353606376942,0.0
0.25,3,0.14,-0.0327013141203571,-0.624573233551645,-1.3731298077080432,0.0
0.25,3,0.15,-0.04043794061141,-0.4854634330417853,12.20710413939717,12.20710413939717
0.25,3,0.16,-0.0424105827811928,-0.3804311507637017,-7.173084483680544,0.0
0.25,3,0.17,-0.048046563626684,-0.6289251227153962,-4.4532202251837205,0.0
0.25,3,0.18,-0.0549890852355007,-0.4694955552673772,-3.8276801008378634,0.0
0.25,3,0.19,-0.0574364747320316,-0.7054787247321546,-7.977445308093007,0.0
0.25,3,0.2,-0.0690986597301438,-0.6290444614292374,10.911694748671149,10.911694748671149
0.25,3,0.21,-0.0700173639606163,-0.4872448297587319,-8.00418707535276,0.0
0.25,3,0.22,-0.0788435563253184,-0.7891282029362938,12.047761706400442,12.047761706400442
0.25,3,0.23,-0.0857999280193422,-0.2462895956307229,22.364052381038658,22.364052381038658
0.25,3,0.24,-0.0837693482379329,-0.3418471553155191,-13.098692304528269,0.0
0.25,3,0.25,-0.0926368711256526,-0.5082634417212883,-10.969292980443772,0.0
0.25,3,0.26,-0.0939346170723587,-0.5612330149243947,8.246259568782438,8.246259568782438
0.25,3,0.27,-0.1038615314241405,-0.3433382503456395,48.66844924955194,48.66844924955194
0.25,3,0.28,-0.1008013820792715,0.4121359700666449,-5.5723509120455255,0.0
0.25,3,0.29,-0.0956188120228077,-0.4547852685865408,-61.94813655393395,0.0
0.25,3,0.3,-0.1098970874510024,-0.826826761012029,8.956103561639445,8.956103561639445
0.25,3,0.31,-0.1121553472430482,-0.2756631973537518,22.188590229353427,22.188590229353427
0.25,3,0.32,-0.1154103513980775,-0.3830549564249601,-6.35866410118874,0.0
0.25,3,0.33,-0.1198164463715475,-0.4028364793775267,3.5935224989596506,3.5935224989596506
0.25,3,0.34,-0.123467080985628,-0.311184506445767,-5.25876879926815,0.0
0.25,3,0.35,-0.1260401365004628,-0.5080118553628878,2.6356030847853162,2.6356030847853162
0.25,3,0.36,-0.1336273180928858,-0.2584724447500583,52.30846887942562,52.30846887942562
0.25,3,0.37,-0.131209585395464,0.5381575222256254,8.255500422472643,8.255500422472643
0.25,3,0.38,-0.1228641676483732,-0.0933624363006053,-35.14147104144182,0.0
0.25,3,0.39,-0.1330768341214761,-0.1646718986032116,-5.8775683034268,0.0
0.25,3,0.4,-0.1261576056204375,-0.2109138023691414,-13.945487057929629,0.0
0.25,3,0.41,-0.1372951101688588,-0.4435816397618026,19.81629630002245,19.81629630002245
0.25,3,0.42,-0.1350292384156735,0.1854121236313117,19.03882339068857,19.03882339068857
0.25,3,0.43,-0.1335868676962325,-0.0628051719480309,-11.538391769760931,0.0
0.25,3,0.44,-0.1362853418546341,-0.0453557117639071,4.110785142790702,4.110785142790702
0.25,3,0.45,-0.1344939819315107,0.0194105309077832,-2.4247553570650986,0.0
0.25,3,0.46,-0.1358971312364784,-0.0938508189052091,2.1192330099081835,2.1192330099081835
0.25,3,0.47,-0.1363709983096148,0.0617951911059453,-17.43681150972692,0.0
0.25,3,0.48,-0.1346612274143595,-0.4425870490997505,0.5016961349447944,0.5016961349447944
0.25,3,0.49,-0.1452227392916099,0.0718291138048412,36.98621225712353,36.98621225712353
0.25,3,0.5,-0.1332246451382627,0.2971371960427209,-25.10921940873596,0.0
0.25,3,0.51,-0.1392799953707554,-0.4303552743698784,-3.76698865239646,0.0
0.25,3,0.52,-0.1418317506256602,0.2217974229947916,28.95237010656115,28.95237010656115
0.25,3,0.53,-0.1348440469108596,0.1486921277613451,-25.96979199371836,0.0
0.25,3,0.54,-0.1388579080704333,-0.297598416879576,-14.782145391896139,0.0
0.25,3,0.55,-0.1407960152484511,-0.1469507800765779,8.492717461024883,8.492717461024883
0.25,3,0.56,-0.1417969236719649,-0.1277440676590782,10.699424877396803,10.699424877396803
0.25,3,0.57,-0.1433508966016327,0.0670377174713552,16.998361447384106,16.998361447384106
0.25,3,0.58,-0.1404561693225378,0.2122231612886018,6.219827694842009,6.219827694842009
0.25,3,0.59,-0.1391064333758606,0.1914342713681955,-21.011738870407527,0.0
0.25,3,0.6,-0.1366274838951739,-0.2080116161195491,-26.166521095026965,0.0
0.25,3,0.61,-0.1432666656982516,-0.3318961505323443,10.897332892032395,10.897332892032395
0.25,3,0.62,-0.1432654069058208,0.009935041721099,21.565736387053235,21.565736387053235
0.25,3,0.63,-0.1430679648638296,0.0994185772087208,1.239335606425839,1.239335606425839
0.25,3,0.64,-0.1412770353616463,0.0347217538496158,-16.039907572871023,0.0
0.25,3,0.65,-0.1423735297868373,-0.2213795742486999,0.9299212609292344,0.9299212609292344
0.25,3,0.66,-0.1457046268466204,0.0533201790682005,16.15663765236815,16.15663765236815
0.25,3,0.67,-0.1413071262054733,0.1017531787986634,-5.094450515298281,0.0
0.25,3,0.68,-0.1436695632706471,-0.0485688312377652,-6.360914773512613,0.0
0.25,3,0.69,-0.1422785028302286,-0.0254651166715902,-4.6687762173368235,0.0
0.25,3,0.7,-0.1441788656040789,-0.1419443555845028,8.308695192276382,8.308695192276382
0.25,3,0.71,-0.1451173899419187,0.1407087871739376,19.01466944052979,19.01466944052979
0.25,3,0.72,-0.1413646898606002,0.2383490332260933,-23.42071066192586,0.0
0.25,3,0.73,-0.1403504092773968,-0.32770542606458,-22.24284743875546,0.0
0.25,3,0.74,-0.1479187983818918,-0.2065079155490163,32.785519788673255,32.785519788673255
0.25,3,0.75,-0.1444805675883771,0.3280049697088856,16.17325153191318,16.17325153191318
0.25,3,0.76,-0.1413586989877141,0.1169571150892476,-23.55238368477066,0.0
0.25,3,0.77,-0.1421414252865922,-0.143042703986528,-16.60708846070043,0.0
0.25,3,0.78,-0.1442195530674446,-0.2151846541247613,0.7216648914030586,0.7216648914030586
0.25,3,0.79,-0.1464451183690874,-0.1286094061584668,8.682283716715663,8.682283716715663
0.25,3,0.8,-0.146791741190614,-0.0415389797904479,4.472297951625621,4.472297951625621
0.25,3,0.81,-0.1472758979648964,-0.0391634471259543,2.3186659389006734,2.3186659389006734
0.25,3,0.82,-0.147575010133133,0.0048343389875649,0.3787040767387262,0.3787040767387262
0.25,3,0.83,-0.1471792111851451,-0.0315893655911807,0.916220367082719,0.916220367082719
0.25,3,0.84,-0.1482067974449566,0.0231587463292193,-3.6817174780041615,0.0
0.25,3,0.85,-0.1467160362585607,-0.105223715151264,-4.321551780934157,0.0
0.25,3,0.86,-0.1503112717479819,-0.0632722892894639,12.596930151944079,12.596930151944079
0.25,3,0.87,-0.14798148204435,0.1467148878876178,-1.1908579010657188,0.0
0.25,3,0.88,-0.1473769739902296,-0.0870894473107783,-10.259592763067522,0.0
0.25,3,0.89,-0.1497232709905656,-0.0584769673737328,13.356712905598414,13.356712905598414
0.25,3,0.9,-0.1485465133377042,0.1800448108011902,5.201982567014241,5.201982567014241
0.25,3,0.91,-0.1461223747745418,0.0455626839665521,-13.751200076155474,0.0
0.25,3,0.92,-0.1476352596583732,-0.0949791907219195,0.4801603700856041,0.4801603700856041
0.25,3,0.93,-0.1480219585889802,0.0551658913682642,-0.45906105212653436,0.0
0.25,3,0.94,-0.1465319418310079,-0.1041604117644467,-11.229657030680828,0.0
0.25,3,0.95,-0.1501051668242692,-0.1694272492453503,9.824528923226056,9.824528923226056
0.25,3,0.96,-0.1499204868159149,0.0923301667000746,3.956167802043261,3.956167802043261
0.25,3,0.97,-0.1482585634902677,-0.090303893204485,-5.133965770734715,0.0
0.25,3,0.98,-0.1517265646800046,-0.0103491487146198,17.810029000405496,17.810029000405496
0.25,3,0.99,-0.1484655464645601,0.2658966868036252,10.80203503887072,10.80203503887072
0.25,3,1.0,-0.1464086309439321,0.2056915520627948,-6.020513474083036,0.0
0.25,4,0.01,-0.0007950418839147,-0.0317828326725725,-2.1367208736479,0.0
0.25,4,0.02,-0.0011128702106405,-0.0531500414090515,-3.504878475645052,0.0
0.25,4,0.03,-0.0018580427120958,-0.1018804021854735,-4.8008267341199655,0.0
0.25,4,0.04,-0.0031504782543499,-0.1491665760914508,-5.291543092140903,0.0
0.25,4,0.05,-0.0048413742339248,-0.2077112640282916,-5.172644508249286,0.0
0.25,4,0.06,-0.0073047035349158,-0.2526194662564365,-6.2325955805974065,0.0
0.25,4,0.07,-0.0098937635590535,-0.3323631756402398,-7.91920099914984,0.0
0.25,4,0.08,-0.0139519670477206,-0.4110034862394333,-2.9821469062169257,0.0
0.25,4,0.09,-0.0181138332838422,-0.3920061137645783,-0.5476441936285106,0.0
0.25,4,0.1,-0.0217920893230121,-0.4219563701120036,-2.394666260131853,0.0
0.25,4,0.11,-0.0265529606860823,-0.4398994389672153,-4.527354404245152,0.0
0.25,4,0.12,-0.0305900781023564,-0.5125034581969066,-3.968333496443801,0.0
0.25,4,0.13,-0.0368030298500204,-0.5192661088960913,1.1964723620670483,1.1964723620670483
0.25,4,0.14,-0.0409754002802783,-0.4885740109555656,3.2905816822019993,3.2905816822019993
0.25,4,0.15,-0.0465745100691317,-0.4534544752520513,-9.5739760938932,0.0
0.25,4,0.16,-0.0500444897853193,-0.6800535328334303,-4.655128405704808,0.0
0.25,4,0.17,-0.0601755807258003,-0.5465570433661475,17.505473393584275,17.505473393584275
0.25,4,0.18,-0.0609756306526423,-0.3299440649617451,0.8469890587842315,0.8469890587842315
0.25,4,0.19,-0.0667744620250352,-0.529617262190464,-29.023553126275313,0.0
0.25,4,0.2,-0.0715679758964516,-0.9104151274872518,-26.68569766504608,0.0
0.25,4,0.21,-0.0849827645747802,-1.063331215491386,34.32856690219522,34.32856690219522
0.25,4,0.22,-0.0928346002062792,-0.2238437894433449,49.61598790244093,49.61598790244093
0.25,4,0.23,-0.0894596403636471,-0.0710114574425668,-31.450293045034588,0.0
0.25,4,0.24,-0.0942548293551306,-0.8528496503440337,-20.48866351124596,0.0
0.25,4,0.25,-0.1065166333705278,-0.4807847276674826,35.27367931629614,35.27367931629614
0.25,4,0.26,-0.1038705239084802,-0.1473760640181103,1.6994729758007736,1.6994729758007736
0.25,4,0.27,-0.10946415465089,-0.4467952681514671,-23.035426783116968,0.0
0.25,4,0.28,-0.1128064292715096,-0.60808459968045,0.2352271876613372,0.2352271876613372
0.25,4,0.29,-0.121625846644499,-0.4420907243982421,22.625113370236576,22.625113370236576
0.25,4,0.3,-0.1216482437594744,-0.1555823322757188,-9.092321214961306,0.0
0.25,4,0.31,-0.1247374932900134,-0.6239371486974683,-7.5591419851573205,0.0
0.25,4,0.32,-0.1341269867334238,-0.3067651719788653,51.55079271628957,51.55079271628957
0.25,4,0.33,-0.1308727967295907,0.407078705628324,-15.912299652553616,0.0
0.25,4,0.34,-0.1259854126208573,-0.6250111650299379,-30.54104249595322,0.0
0.25,4,0.35,-0.1433730200301893,-0.2037421442907474,35.83965564073838,35.83965564073838
0.25,4,0.36,-0.130060255506672,0.0917819477848276,-6.176933823069804,0.0
0.25,4,0.37,-0.1415373810744927,-0.3272808207521436,0.0200277059667604,0.0200277059667604
0.25,4,0.38,-0.1366058719217149,0.0921825019041628,-10.68037281916449,0.0
0.25,4,0.39,-0.1396937310364095,-0.5408882771354335,-22.576180143971108,0.0
0.25,4,0.4,-0.1474236374644236,-0.3593411009752598,45.93967742614417,45.93967742614417
0.25,4,0.41,-0.1468805530559147,0.3779052713874451,26.417989137025888,26.417989137025888
0.25,4,0.42,-0.1398655320366747,0.1690186817652517,-53.48927156147853,0.0
0.25,4,0.43,-0.1435001794206096,-0.6918801598421265,-18.500934204862432,0.0
0.25,4,0.44,-0.1537031352335172,-0.2010000023319973,57.19552281231803,57.19552281231803
0.25,4,0.45,-0.1475201794672496,0.4520302964042351,3.9838622653741913,3.9838622653741913
0.25,4,0.46,-0.1446625293054325,-0.1213227570245134,-25.343942554863872,0.0
0.25,4,0.47,-0.1499466346077398,-0.054848554693045,19.138553780035757,19.138553780035757
0.25,4,0.48,-0.1457595003992934,0.2614483185762024,-1.9749580500371335,0.0
0.25,4,0.49,-0.1447176682362157,-0.0943477156937877,-21.708952755212138,0.0
0.25,4,0.5,-0.1476464547131692,-0.1727307365280408,13.327559486123015,13.327559486123015
0.25,4,0.51,-0.1481722829667766,0.1722034740286728,11.64243193892432,11.64243193892432
0.25,4,0.52,-0.1442023852325957,0.0601179022504458,-5.472547824104216,0.0
0.25,4,0.53,-0.1469699249217676,0.0627525175465884,-6.337785452570785,0.0
0.25,4,0.54,-0.1429473348816639,-0.06663780680097,-17.637369956319862,0.0
0.25,4,0.55,-0.148302681057787,-0.2899948815798092,-4.606161679750941,0.0
0.25,4,0.56,-0.1487472325132601,-0.1587610403959889,28.552347629918394,28.552347629918394
0.25,4,0.57,-0.1514779018657068,0.2810520710185527,21.879582344252565,21.879582344252565
0.25,4,0.58,-0.143126191092889,0.2788306064890555,-16.681879943187578,0.0
0.25,4,0.59,-0.1459012897359257,-0.0525855278451992,-28.335921146670024,0.0
0.25,4,0.6,-0.144177901649793,-0.2878878164443454,-5.125370163543371,0.0
0.25,4,0.61,-0.1516590460648126,-0.1550929311160667,22.90778831328872,22.90778831328872
0.25,4,0.62,-0.1472797602721143,0.1702679498214294,9.105950793557037,9.105950793557037
0.25,4,0.63,-0.148253687068384,0.0270260847550742,-4.545578674602165,0.0
0.25,4,0.64,-0.1467392385770128,0.079356376329386,-7.454202324234179,0.0
0.25,4,0.65,-0.1466665595417963,-0.1220579617296095,-13.69262467108004,0.0
0.25,4,0.66,-0.149180397811605,-0.194496117092215,26.43500865594698,26.43500865594698
0.25,4,0.67,-0.1505564818836406,0.4066422113893306,4.557734236955377,4.557734236955377
0.25,4,0.68,-0.1410475535838184,-0.1033414323531074,-40.685208958817555,0.0
0.25,4,0.69,-0.1526233105307024,-0.4070619677870191,22.513035209500075,22.513035209500075
0.25,4,0.7,-0.1491887929395586,0.3469192718369038,4.290777387533005,4.290777387533005
0.25,4,0.71,-0.1456849250939643,-0.3212464200363589,-21.630331571277253,0.0
0.25,4,0.72,-0.1556137213402858,-0.0856873595886416,22.262475332060536,22.262475332060536
0.25,4,0.73,-0.1473986722857372,0.1240030866048522,-4.663845172346631,0.0
0.25,4,0.74,-0.1531336596081887,-0.1789642630355743,7.206219504974374,7.206219504974374
0.25,4,0.75,-0.1509779575464487,0.2681274767043398,14.164379376734033,14.164379376734033
0.25,4,0.76,-0.1477711100741019,0.1043233244991066,-27.404045372825145,0.0
0.25,4,0.77,-0.1488914910564665,-0.2799534307521636,-16.374498721591497,0.0
0.25,4,0.78,-0.1533701786891452,-0.2231666499327236,26.411857347002663,26.411857347002663
0.25,4,0.79,-0.153354824055121,0.2482837161878901,17.20921738561059,17.20921738561059
0.25,4,0.8,-0.1484045043653874,0.1210176977794885,-19.47641430019116,0.0
0.25,4,0.81,-0.1509344700995313,-0.1412445698159334,-10.405032274012662,0.0
0.25,4,0.82,-0.1512293957617061,-0.0870829477007673,13.98943065785053,13.98943065785053
0.25,4,0.83,-0.1526761290535466,0.1385440433410778,4.480028509119896,4.480028509119896
0.25,4,0.84,-0.1484585148948845,0.0025176224816307,-8.841973700530913,0.0
0.25,4,0.85,-0.152625776603914,-0.0382954306695406,6.460745670949829,6.460745670949829
0.25,4,0.86,-0.1492244235082754,0.1317325359006274,-0.5110295701153944,0.0
0.25,4,0.87,-0.1499911258859015,-0.0485160220718485,-10.689195559388756,0.0
0.25,4,0.88,-0.1501947439497123,-0.0820513752871479,-12.698518971283724,0.0
0.25,4,0.89,-0.1516321533916444,-0.3024864014975232,-0.6021753013356594,0.0
0.25,4,0.9,-0.1562444719796628,-0.0940948813138611,30.084795920489086,30.084795920489086
0.25,4,0.91,-0.1535140510179216,0.299209516912259,6.16285152804749,6.16285152804749
0.25,4,0.92,-0.1502602816414176,0.0291621492470888,-20.610340158234198,0.0
0.25,4,0.93,-0.1529308080329799,-0.1129972862524253,10.063965938365634,10.063965938365634
0.25,4,0.94,-0.1525202273664661,0.2304414680143951,12.73190165158929,12.73190165158929
0.25,4,0.95,-0.1483219786726919,0.1416407467793545,-26.56343912608203,0.0
0.25,4,0.96,-0.149687412430879,-0.300827314507246,-28.29966597370587,0.0
0.25,4,0.97,-0.1543385249628369,-0.4243525726947634,42.56488404322437,42.56488404322437
0.25,4,0.98,-0.1581744638847743,0.5504703663572421,36.69134019195482,36.69134019195482
0.25,4,0.99,-0.143329117635692,0.3094742311443337,-70.80282644883992,0.0
0.25,4,1.0,-0.1519849792618876,-0.8655861626195575,-117.506039376389,0.0
0.25,5,0.01,-0.0004724727195666,-0.0200070202464117,-1.1804204137804,0.0
0.25,5,0.02,-0.0006725429220307,-0.0318112243842157,-2.243215949630721,0.0
0.25,5,0.03,-0.0011086972072509,-0.0648713392390261,-3.890822871788795,0.0
0.25,5,0.04,-0.0019699697068113,-0.1096276818199916,-5.031862144512278,0.0
0.25,5,0.05,-0.0033012508436508,-0.1655085821292717,-4.641398396460027,0.0
0.25,5,0.06,-0.0052801413493967,-0.2024556497491921,-4.008417023718744,0.0
0.25,5,0.07,-0.0073503638386346,-0.2456769226036466,-6.014166810269035,0.0
0.25,5,0.08,-0.0101936798014696,-0.3227389859545728,-3.693195678660013,0.0
0.25,5,0.09,-0.0138051435577261,-0.3195408361768468,-3.041602021534988,0.0
0.25,5,0.1,-0.0165844965250066,-0.3835710263852727,-0.8880554138882282,0.0
0.25,5,0.11,-0.0214765640854315,-0.3373019444546115,2.3356389425734463,2.3356389425734463
0.25,5,0.12,-0.0233305354140988,-0.3368582475338038,-15.07541214042702,0.0
0.25,5,0.13,-0.0282137290361076,-0.6388101872631524,-15.308240669083855,0.0
0.25,5,0.14,-0.0361067391593619,-0.6430230609154812,0.45818409398259874,0.45818409398259874
0.25,5,0.15,-0.0410741902544172,-0.6296465053835005,7.65258704418412,7.65258704418412
0.25,5,0.16,-0.0486996692670319,-0.4899713200317985,0.8453054918660534,0.8453054918660534
0.25,5,0.17,-0.0508736166550532,-0.6127403955461794,5.46995278613354,5.46995278613354
0.25,5,0.18,-0.0609544771779554,-0.3805722643091287,17.216437987158017,17.216437987158017
0.25,5,0.19,-0.0584850619412357,-0.2684116358030195,-15.375706659051712,0.0
0.25,5,0.2,-0.0663227098940158,-0.6880863974901632,-22.657973714141775,0.0
0.25,5,0.21,-0.072246789891039,-0.721571110085856,3.295554575496716,3.295554575496716
0.25,5,0.22,-0.0807541320957329,-0.6221753059802286,15.625826765533887,15.625826765533887
0.25,5,0.23,-0.0846902960106436,-0.4090545747751779,16.773669166235393,16.773669166235393
0.25,5,0.24,-0.0889352235912365,-0.2867019226555207,-18.882710139734606,0.0
0.25,5,0.25,-0.090424334463754,-0.7867087775698716,-7.4581744553351115,0.0
0.25,5,0.26,-0.104669399142634,-0.4358654117622231,20.864735495960073,20.864735495960073
0.25,5,0.27,-0.0991416426989985,-0.3694140676506698,1.137611001816147,1.137611001816147
0.25,5,0.28,-0.1120576804956474,-0.4131131917259001,7.51787814737609,7.51787814737609
0.25,5,0.29,-0.1074039065335165,-0.2190565047031496,-7.388647656428343,0.0
0.25,5,0.3,-0.1164388105897104,-0.5608861448544697,3.505354978576312,3.505354978576312
0.25,5,0.31,-0.1186216294306059,-0.1489494051316233,12.49486144884736,12.49486144884736
0.25,5,0.32,-0.1194177986923429,-0.3109889158775223,-11.986945185205524,0.0
0.25,5,0.33,-0.1248414077481564,-0.388688308835734,23.30214204752623,23.30214204752623
0.25,5,0.34,-0.1271915648690576,0.1550539250730027,12.596313447590308,12.596313447590308
0.25,5,0.35,-0.1217403292466964,-0.1367620398839237,-32.269745080675385,0.0
0.25,5,0.36,-0.1299268056667362,-0.4903409765405042,-23.07248740908843,0.0
0.25,5,0.37,-0.1315471487775064,-0.5982117880656928,19.35457745105296,19.35457745105296
0.25,5,0.38,-0.14189104142805,-0.1032494275194446,51.181332972905565,51.181332972905565
0.25,5,0.39,-0.1336121373278953,0.4254148713924195,9.635332548410013,9.635332548410013
0.25,5,0.4,-0.1333827440002016,0.0894572234487558,-5.2975760092078925,0.0
0.25,5,0.41,-0.1318229928589202,0.3194633512082587,-11.904645210407729,0.0
0.25,5,0.42,-0.1269934769760365,-0.1486356807594022,-49.955274654365,0.0
0.25,5,0.43,-0.1347957064741083,-0.6796421418790421,-15.963259157830155,0.0
0.25,5,0.44,-0.1405863198136173,-0.4679008639160056,55.060957139490085,55.060957139490085
0.25,5,0.45,-0.1441537237524284,0.4215770009107604,48.34073433627064,48.34073433627064
0.25,5,0.46,-0.1321547797954021,0.4989138228094081,-36.04399463183019,0.0
0.25,5,0.47,-0.1341754472962401,-0.2993028917258371,-52.522577191378105,0.0
0.25,5,0.48,-0.1381408376299189,-0.5515377210181489,21.02523763736237,21.02523763736237
0.25,5,0.49,-0.1452062017166031,0.1212018610214107,46.73056266993356,46.73056266993356
0.25,5,0.5,-0.1357168004094907,0.3830735323805232,-14.856562415035619,0.0
0.25,5,0.51,-0.1375447310689926,-0.1759293872793019,-20.62307024668366,0.0
0.25,5,0.52,-0.1392353881550767,-0.0293878725531504,12.033760136925924,12.033760136925924
0.25,5,0.53,-0.1381324885200557,0.0647458154592168,-7.290666357662664,0.0
0.25,5,0.54,-0.1379404718458924,-0.1752011997064038,-9.452309512239307,0.0
0.25,5,0.55,-0.1416365125141837,-0.1243003747855695,3.6960272808789867,3.6960272808789867
0.25,5,0.56,-0.1404264793416038,-0.101280654088824,15.761897347091697,15.761897347091697
0.25,5,0.57,-0.1436621255959602,0.19093757215626,5.849438010979362,5.849438010979362
0.25,5,0.58,-0.1366077278984785,0.0157081061307575,-22.09943244720602,0.0
0.25,5,0.59,-0.143347963473345,-0.2510510767878608,2.273587232917193,2.273587232917193
0.25,5,0.6,-0.1416287494342357,0.0611798507891014,13.425399621765859,13.425399621765859
0.25,5,0.61,-0.142124366457563,0.0174569156474566,-8.299284644853154,0.0
0.25,5,0.62,-0.1412796111212866,-0.1048058421079618,-4.822546332004796,0.0
0.25,5,0.63,-0.1442204832997222,-0.0789940109926394,3.4396537127282727,3.4396537127282727
0.25,5,0.64,-0.1428594913411393,-0.0360127678533963,4.099384113237192,4.099384113237192
0.25,5,0.65,-0.1449407386567902,0.0029936712721045,6.850734866729569,6.850734866729569
0.25,5,0.66,-0.1427996179156972,0.1010019294811952,7.8524188063477025,7.8524188063477025
0.25,5,0.67,-0.1429207000671662,0.1600420473990587,-11.16144590059179,0.0
0.25,5,0.68,-0.1395987769677161,-0.1222269885306408,-18.531229983476983,0.0
0.25,5,0.69,-0.1453652398377789,-0.2105825522704814,7.29199044909404,7.29199044909404
0.25,5,0.7,-0.1438104280131256,0.0236128204512429,1.8614315175097929,1.8614315175097929
0.25,5,0.71,-0.1448929834287541,-0.1733539219202855,7.091627276536753,7.091627276536753
0.25,5,0.72,-0.1472775064515313,0.1654453659819781,13.415143878322349,13.415143878322349
0.25,5,0.73,-0.1415840761091145,0.0949489556461617,-32.319423133799376,0.0
0.25,5,0.74,-0.1453785273386081,-0.48094309669401,-5.575027425829835,0.0
0.25,5,0.75,-0.1512029380429947,-0.0165515928704351,43.002829775267244,43.002829775267244
0.25,5,0.76,-0.1457095591960168,0.3791134988113356,-5.63099663159989,0.0
0.25,5,0.77,-0.143620668066768,-0.129171525502433,-33.25105139013013,0.0
0.25,5,0.78,-0.1482929897060655,-0.2859075289912676,7.117679718309354,7.117679718309354
0.25,5,0.79,-0.1493388186465934,0.0131820688637542,27.946222616153648,27.946222616153648
0.25,5,0.8,-0.1480293483287904,0.2730169233318058,-2.1845896128864233,0.0
0.25,5,0.81,-0.1438784801799572,-0.0305097233939743,-23.102655029659246,0.0
0.25,5,0.82,-0.1486395427966698,-0.1890361772613786,17.924066305991516,17.924066305991516
0.25,5,0.83,-0.1476592037251848,0.3279716027258619,13.680809432243663,13.680809432243663
0.25,5,0.84,-0.1420801107421525,0.0845800113834949,-23.97651547992512,0.0
0.25,5,0.85,-0.1459676034975149,-0.1515587068726409,-7.978531339069663,0.0
0.25,5,0.86,-0.1451112848796053,-0.0749906153978985,-0.848010670252684,0.0
0.25,5,0.87,-0.1474674158054728,-0.1685189202776946,2.169841075427878,2.169841075427878
0.25,5,0.88,-0.1484816632851592,-0.0315937938893409,17.847393361238574,17.847393361238574
0.25,5,0.89,-0.1480992916832597,0.1884289469470772,0.7301460155653594,0.7301460155653594
0.25,5,0.9,-0.1447130843462177,-0.0169908735780337,-24.132399872174904,0.0
0.25,5,0.91,-0.1484391091548203,-0.2942190504964213,6.239553482040785,6.239553482040785
0.25,5,0.92,-0.1505974653561461,0.1078001960627821,22.035453065147095,22.035453065147095
0.25,5,0.93,-0.1462831052335647,0.146490010806521,-4.762783818336422,0.0
0.25,5,0.94,-0.1476676651400156,0.012544519696056,-2.999817121862055,0.0
0.25,5,0.95,-0.1460322148396435,0.0864936683692825,-15.76997561297329,0.0
0.25,5,0.96,-0.14593779177263,-0.3028549925634101,-13.905380968063582,0.0
0.25,5,0.97,-0.1520893146909117,-0.1916139509919894,25.85419736542314,25.85419736542314
0.25,5,0.98,-0.1497700707924698,0.2142289547450531,9.838239453841776,9.838239453841776
0.25,5,0.99,-0.1478047355960107,0.0051508380848463,-20.02303991106349,0.0
0.25,5,1.0,-0.1496670540307728,-0.186231843476217,-19.13826815610631,0.0
0.25,6,0.01,-0.0007138546438738,-0.02658252231551,-1.7790178291794596,0.0
0.25,6,0.02,-0.0009796798670289,-0.0443727006073046,-2.777093653238021,0.0
0.25,6,0.03,-0.0016013086560199,-0.0821243953802704,-4.407054544347481,0.0
0.25,6,0.04,-0.0026221677746343,-0.1325137914942542,-5.6149481094861535,0.0
0.25,6,0.05,-0.0042515844859049,-0.1944233575699935,-3.264169047506509,0.0
0.25,6,0.06,-0.0065106349260341,-0.1977971724443844,-3.8194351782966933,0.0
0.25,6,0.07,-0.0082075279347926,-0.2708120611359275,-8.988491807883344,0.0
0.25,6,0.08,-0.0119268761487527,-0.3775670086020512,-8.37150574143099,0.0
0.25,6,0.09,-0.0157588681068336,-0.4382421759645472,6.049925449821231,6.049925449821231
0.25,6,0.1,-0.0206917196680436,-0.2565684996056263,-1.5369424588923337,0.0
0.25,6,0.11,-0.0208902380989462,-0.4689810251423933,-10.972018717526671,0.0
0.25,6,0.12,-0.0300713401708915,-0.4760088739561596,1.3474194508171387,1.3474194508171387
0.25,6,0.13,-0.0304104155780694,-0.4420326361260505,-11.768439925035008,0.0
0.25,6,0.14,-0.0389119928934125,-0.7113776724568599,-12.528601213126553,0.0
0.25,6,0.15,-0.0446379690272066,-0.6926046603885823,5.894468080495521,5.894468080495521
0.25,6,0.16,-0.0527640861011842,-0.5934883108469493,31.0358367606951,31.0358367606951
0.25,6,0.17,-0.0565077352441456,-0.0718879251746797,14.825026740562826,14.825026740562826
0.25,6,0.18,-0.0542018446046778,-0.2969877760356909,-51.63148815989184,0.0
0.25,6,0.19,-0.0624474907648594,-1.1045176883725176,-39.28287585266199,0.0
0.25,6,0.2,-0.0762921983721282,-1.0826452930889312,40.20447207511756,40.20447207511756
0.25,6,0.21,-0.084100396626638,-0.3004282468701689,51.87308197588646,51.87308197588646
0.25,6,0.22,-0.0823007633095315,-0.045183653571204,-13.110175259318245,0.0
0.25,6,0.23,-0.0850040696980621,-0.562631752056534,-5.130305514542239,0.0
0.25,6,0.24,-0.0935533983506622,-0.1477897638620513,24.706358943793756,24.706358943793756
0.25,6,0.25,-0.0879598649753031,-0.0685045731806601,-57.865703626226995,0.0
0.25,6,0.26,-0.0949234898142754,-1.305103836386592,-53.472310111279334,0.0
0.25,6,0.27,-0.1140619417030349,-1.1379507754062477,64.66607648121281,64.66607648121281
0.25,6,0.28,-0.1176825053224004,-0.0117823067623348,49.54458400687712,49.54458400687712
0.25,6,0.29,-0.1142975878382817,-0.1470590952687001,-16.358300568058638,0.0
0.25,6,0.3,-0.1206236872277744,-0.3389483181235073,1.7262193780423836,1.7262193780423836
0.25,6,0.31,-0.1210765542007518,-0.1125347077078524,-3.058429047765454,0.0
0.25,6,0.32,-0.1228743813819315,-0.4001168990788164,-20.975414316670435,0.0
0.25,6,0.33,-0.1290788921823282,-0.5320429940412614,-5.71987539842182,0.0
0.25,6,0.34,-0.1335152412627567,-0.5145144070472529,11.768475241764376,11.768475241764376
0.25,6,0.35,-0.1393691803232732,-0.2966734892059754,23.835223593720567,23.835223593720567
0.25,6,0.36,-0.1394487110468762,-0.0378099351728424,10.649746678269647,10.649746678269647
0.25,6,0.37,-0.14012537902673,-0.0836785556405823,4.338175502879997,4.338175502879997
0.25,6,0.38,-0.1411222821596879,0.0489535748847576,23.07759460567593,23.07759460567593
0.25,6,0.39,-0.1391463075290349,0.3778733364729367,-6.2030616313327,0.0
0.25,6,0.4,-0.1335648154302291,-0.0751076577418965,-24.861143867576157,0.0
0.25,6,0.41,-0.1406484606838727,-0.1193495408785878,1.4907960012638002,1.4907960012638002
0.25,6,0.42,-0.1359518062478008,-0.0452917377166199,-25.65808884587264,0.0
0.25,6,0.43,-0.1415542954382051,-0.6325113177960411,-17.0769281582522,0.0
0.25,6,0.44,-0.1486020326037217,-0.3868303008816642,57.33733197020089,57.33733197020089
0.25,6,0.45,-0.1492909014558384,0.5142353216079778,31.013183612054377,31.013183612054377
0.25,6,0.46,-0.1383173261715621,0.2334333713594238,-24.411742981040454,0.0
0.25,6,0.47,-0.1446222340286498,0.0260004619871692,6.693916423128638,6.693916423128638
0.25,6,0.48,-0.1377973169318187,0.3673116998219994,-5.71664341664219,0.0
0.25,6,0.49,-0.1372760000322098,-0.0883324063456747,-21.34742962185794,0.0
0.25,6,0.5,-0.1395639650587322,-0.0596368926151598,-0.43270491403677536,0.0
0.25,6,0.51,-0.138468737884513,-0.0969865046264102,-19.899542652877347,0.0
0.25,6,0.52,-0.1415036951512604,-0.4576277456727071,-19.59983353406399,0.0
0.25,6,0.53,-0.1476212927979672,-0.4889831753076903,43.65028980540498,43.65028980540498
0.25,6,0.54,-0.1512833586574142,0.4153780504353932,44.249681244293456,44.249681244293456
0.25,6,0.55,-0.1393137317892593,0.3960104495781795,-20.666617518786655,0.0
0.25,6,0.56,-0.1433631496658506,0.0020457000596598,-21.152102450791535,0.0
0.25,6,0.57,-0.1392728177880662,-0.0270315994376533,-10.148191229701325,0.0
0.25,6,0.58,-0.1439037816546038,-0.2009181245343674,-6.127458164542425,0.0
0.25,6,0.59,-0.1432911802787535,-0.1495807627285019,-1.766797812238341,0.0
0.25,6,0.6,-0.1468953969091738,-0.2362540807791342,3.6096480709682828,3.6096480709682828
0.25,6,0.61,-0.1480162618943362,-0.0773878013091362,15.904591910724957,15.904591910724957
0.25,6,0.62,-0.1484431529353565,0.0818377574353652,15.572458639285607,15.572458639285607
0.25,6,0.63,-0.1463795067456289,0.2340613714765762,-3.550192460954802,0.0
0.25,6,0.64,-0.143761925505825,0.0108339082162691,-15.851561629721173,0.0
0.25,6,0.65,-0.1461628285813035,-0.0829698611178475,-4.167188334950766,0.0
0.25,6,0.66,-0.1454213227281819,-0.0725098584827463,14.351909389973889,14.351909389973889
0.25,6,0.67,-0.1476130257509585,0.2040683266816305,8.678516485491167,8.678516485491167
0.25,6,0.68,-0.1413399561945493,0.1010604712270772,-18.13918398651565,0.0
0.25,6,0.69,-0.1455918163264168,-0.1587153530486791,-13.365210112896236,0.0
0.25,6,0.7,-0.1445142632555228,-0.1662437310308435,0.6661253738925685,0.6661253738925685
0.25,6,0.71,-0.1489166909470337,-0.1453928455708277,17.858465426781557,17.858465426781557
0.25,6,0.72,-0.1474221201669394,0.190925577504788,17.363022396047462,17.363022396047462
0.25,6,0.73,-0.1450981793969379,0.2018676023501218,-10.324645610445891,0.0
0.25,6,0.74,-0.143384768119937,-0.01556733470413,-10.679580196949555,0.0
0.25,6,0.75,-0.1454095260910205,-0.0117240015888695,-18.959394614369156,0.0
0.25,6,0.76,-0.1436192481517144,-0.3947552269915135,-7.793622816741489,0.0
0.25,6,0.77,-0.1533046306308508,-0.1675964579236994,36.25822358576639,36.25822358576639
0.25,6,0.78,-0.1469711773101883,0.3304092447238149,4.685090692792567,4.685090692792567
0.25,6,0.79,-0.1466964457363745,-0.073894644067848,-18.21605984003758,0.0
0.25,6,0.8,-0.1484490701915453,-0.033911952076937,-2.013990512492468,0.0
0.25,6,0.81,-0.1473746847779132,-0.1141744543176974,-4.886263711520158,0.0
0.25,6,0.82,-0.1507325592778992,-0.1316372263073404,5.834127081847853,5.834127081847853
0.25,6,0.83,-0.15000742930406,0.0025080873192608,9.606910836983516,9.606910836983516
0.25,6,0.84,-0.150682397531514,0.0605009904323301,4.709114896551766,4.709114896551766
0.25,6,0.85,-0.1487974094954134,0.0966903852502962,-1.6034817056043589,0.0
0.25,6,0.86,-0.148748589826508,0.0284313563202429,-5.0357066388329805,0.0
0.25,6,0.87,-0.1482287823690085,-0.0040237475263635,-7.317644196178139,0.0
0.25,6,0.88,-0.1488290647770353,-0.11792152760332,1.8537576374555782,1.8537576374555782
0.25,6,0.89,-0.1505872129210749,0.0330514052227481,14.146599511091368,14.146599511091368
0.25,6,0.9,-0.1481680366725803,0.1650104626185076,-8.357158426252454,0.0
0.25,6,0.91,-0.1472870036687048,-0.1340917633023011,1.036525877419244,1.036525877419244
0.25,6,0.92,-0.1508498719386264,0.1857409801668925,22.515098846998317,22.515098846998317
0.25,6,0.93,-0.1435721840653669,0.3162102136376656,-28.669071935535158,0.0
0.25,6,0.94,-0.144525667665873,-0.3876404585437987,-24.469955480635438,0.0
0.25,6,0.95,-0.1513249932362429,-0.1731888959750307,29.450297865467576,29.450297865467576
0.25,6,0.96,-0.1479894455853736,0.2013654987655533,6.928935785089904,6.928935785089904
0.25,6,0.97,-0.1472976832609319,-0.0346101802732325,-11.231329884623504,0.0
0.25,6,0.98,-0.1486816491908382,-0.023261098926917,-9.508675578353191,0.0
0.25,6,0.99,-0.1477629052394702,-0.2247836918402965,-25.909033994523842,0.0
0.25,6,1.0,-0.1531773230276442,-0.5414417788173943,-31.665808697709753,0.0
0.25,7,0.01,-0.0002942421839059,-0.0160609543475893,-1.53545253277391,0.0
0.25,7,0.02,-0.0004548517273818,-0.0314154796753284,-3.0007197668500463,0.0
0.25,7,0.03,-0.0009225517774125,-0.0760753496845902,-5.437973594612091,0.0
0.25,7,0.04,-0.0019763587210736,-0.1401749515675702,-6.614768885357963,0.0
0.25,7,0.05,-0.0037260508087639,-0.2083707273917495,-5.55274513535507,0.0
0.25,7,0.06,-0.0061437732689086,-0.2512298542746716,-3.9328484302614335,0.0
0.25,7,0.07,-0.0087506478942573,-0.2870276959969782,-7.651636663273692,0.0
0.25,7,0.08,-0.0118843271888482,-0.4042625875401453,-4.301962365439708,0.0
0.25,7,0.09,-0.0168358996450602,-0.3730669433057723,1.863567410963146,1.863567410963146
0.25,7,0.1,-0.0193456660549636,-0.3669912393208824,-9.004424899518543,0.0
0.25,7,0.11,-0.0241757244314779,-0.5531554412961429,-21.823038734914807,0.0
0.25,7,0.12,-0.0304087748808865,-0.8034520140191783,-11.29076615740162,0.0
0.25,7,0.13,-0.0402447647118615,-0.778970764444175,21.632483374920678,21.632483374920678
0.25,7,0.14,-0.04598819016977,-0.3708023465207644,27.6969360878562,27.6969360878562
0.25,7,0.15,-0.0476608116422768,-0.2250320426870504,-7.897130396928883,0.0
0.25,7,0.16,-0.050488831023511,-0.5287449544593432,-32.214932100920635,0.0
0.25,7,0.17,-0.0582357107314636,-0.8693306847054636,3.8188590501961635,3.8188590501961635
0.25,7,0.18,-0.0678754447176203,-0.4523677734554221,9.752355708030862,9.752355708030862
0.25,7,0.19,-0.0672830662005721,-0.6742835705448482,-28.8388059433176,0.0
0.25,7,0.2,-0.0813611161285172,-1.0291438923217746,24.87012303385827,24.87012303385827
0.25,7,0.21,-0.0878659440470076,-0.1768811098676863,19.69262199393972,19.69262199393972
0.25,7,0.22,-0.084898738325871,-0.635291452442984,-11.16743352420352,0.0
0.25,7,0.23,-0.1005717730958673,-0.4002297803517569,5.081434646076925,5.081434646076925
0.25,7,0.24,-0.0929033339329062,-0.5336627595214445,-21.181440487392717,0.0
0.25,7,0.25,-0.1112450282862962,-0.8238585900996114,31.417111826864478,31.417111826864478
0.25,7,0.26,-0.1093805057348984,0.0946794770158456,-4.671124428910765,0.0
0.25,7,0.27,-0.1093514387459793,-0.9172810786778268,-55.82554268665011,0.0
0.25,7,0.28,-0.127726127308455,-1.0218313767171576,27.302838280191942,27.302838280191942
0.25,7,0.29,-0.1297880662803225,-0.3712243130739932,79.74670798627031,79.74670798627031
0.25,7,0.3,-0.1351506135699348,0.5731027830082471,19.505068572939148,19.505068572939148
0.25,7,0.31,-0.1183260106201575,0.0188770583847901,-65.63977536385578,0.0
0.25,7,0.32,-0.134773072402239,-0.7396927242688696,-24.451214203201197,0.0
0.25,7,0.33,-0.1331198651055349,-0.4701472256792343,30.05743608039861,30.05743608039861
0.25,7,0.34,-0.1441760169158237,-0.1385440026608968,52.44181720886657,52.44181720886657
0.25,7,0.35,-0.135890745158753,0.5786891184980929,-22.547075932339673,0.0
0.25,7,0.36,-0.1326022345458619,-0.5894855213076999,-55.85329448167147,0.0
0.25,7,0.37,-0.147680455584907,-0.5383767711353373,47.88043935278918,47.88043935278918
0.25,7,0.38,-0.1433697699685687,0.3681232657480846,41.022856050427244,41.022856050427244
0.25,7,0.39,-0.1403179902699453,0.2820803498732083,-41.459915412251654,0.0
0.25,7,0.4,-0.1377281629711045,-0.4610750424969492,-38.81699143146419,0.0
0.25,7,0.41,-0.1495394911198841,-0.4942594787560779,48.91082202202435,48.91082202202435
0.25,7,0.42,-0.147613352546226,0.5171413979435417,41.749571509413656,41.749571509413656
0.25,7,0.43,-0.1391966631610133,0.340731951432196,-47.28885059900568,0.0
0.25,7,0.44,-0.1407987135175821,-0.4286356140365726,-19.164583834368567,0.0
0.25,7,0.45,-0.1477693754417447,-0.0425597252551757,29.440231914487544,29.440231914487544
0.25,7,0.46,-0.1416499080226856,0.1601690242531788,-11.53459535835928,0.0
0.25,7,0.47,-0.1445659949566811,-0.2732516324223573,-20.32754758088216,0.0
0.25,7,0.48,-0.1471149406711328,-0.2463819273644611,12.158476346281503,12.158476346281503
0.25,7,0.49,-0.1494936335039703,-0.030082105496727,27.262293997840878,27.262293997840878
0.25,7,0.5,-0.1477165827810673,0.2988639525923569,-1.3568936222972736,0.0
0.25,7,0.51,-0.1435163544521232,-0.0572199779426725,-9.833285975264332,0.0
0.25,7,0.52,-0.1488609823399208,0.1021982330870701,2.353900758466263,2.353900758466263
0.25,7,0.53,-0.1414723897903818,-0.0101419627733472,-27.38068089090022,0.0
0.25,7,0.54,-0.1490638215953877,-0.4454153847309348,-6.19456053877618,0.0
0.25,7,0.55,-0.1503806974850005,-0.1340331735488709,51.522945554820154,51.522945554820154
0.25,7,0.56,-0.1517444850663651,0.5850435263654692,25.062016045294605,25.062016045294605
0.25,7,0.57,-0.1386798269576913,0.3672071473570293,-50.18735319789518,0.0
0.25,7,0.58,-0.1444003421192248,-0.4187035375924361,-23.325443431687784,0.0
0.25,7,0.59,-0.14705389770954,-0.0993017212767268,32.58477928528701,32.58477928528701
0.25,7,0.6,-0.1463863765447594,0.2329920481133047,0.7707548766278993,0.7707548766278993
0.25,7,0.61,-0.1423940567472739,-0.0838866237441688,-17.516767517360666,0.0
0.25,7,0.62,-0.1480641090196428,-0.1173433022339089,1.3029769676720488,1.3029769676720488
0.25,7,0.63,-0.1447409227919521,-0.0578270843907278,0.676122667549615,0.676122667549615
0.25,7,0.64,-0.1492206507074573,-0.1038208488829166,16.78960944727111,16.78960944727111
0.25,7,0.65,-0.1468173397696105,0.2779651045546947,3.8666953674288917,3.8666953674288917
0.25,7,0.66,-0.1436613486163634,-0.0264869415343387,-19.298128463555415,0.0
0.25,7,0.67,-0.1473470786002972,-0.1079974647164139,12.17377875054829,12.17377875054829
0.25,7,0.68,-0.1458212979106917,0.2169886334766273,4.693248736253323,4.693248736253323
0.25,7,0.69,-0.1430073059307647,-0.0141324899913417,-16.96342906979297,0.0
0.25,7,0.7,-0.1461039477105186,-0.1222799479192291,-10.268587515158146,0.0
0.25,7,0.71,-0.1454529048891493,-0.2195042402945048,-2.391244720204707,0.0
0.25,7,0.72,-0.1504940325164087,-0.1701048423233233,13.755028502759073,13.755028502759073
0.25,7,0.73,-0.1488550017356158,0.0555963297606769,5.9078724262281135,5.9078724262281135
0.25,7,0.74,-0.1493821059211952,-0.0519473937987609,-1.4646135123773891,0.0
0.25,7,0.75,-0.149893949611591,0.0263040595131291,0.01081388784225501,0.01081388784225501
0.25,7,0.76,-0.1488560247309326,-0.0517311160419158,-3.0313292386767623,0.0
0.25,7,0.77,-0.1509285719324293,-0.0343225252604062,12.232416714448064,12.232416714448064
0.25,7,0.78,-0.1495424752361407,0.1929172182470457,-0.9308267483203441,0.0
0.25,7,0.79,-0.1470702275674884,-0.0529390602268131,-16.47776864097652,0.0
0.25,7,0.8,-0.150601256440677,-0.136638154572485,9.332734723570402,9.332734723570402
0.25,7,0.81,-0.1498029906589381,0.1337156342445951,13.95264584497227,13.95264584497227
0.25,7,0.82,-0.1479269437557851,0.142414762326962,-14.690724862716234,0.0
0.25,7,0.83,-0.1469546954123989,-0.1600988630097317,-10.911951235769813,0.0
0.25,7,0.84,-0.1511289210159797,-0.0758242623884344,18.326685826257297,18.326685826257297
0.25,7,0.85,-0.1484711806601676,0.2064348535154145,-3.514157143390002,0.0
0.25,7,0.86,-0.1470002239456714,-0.1461074052562345,-17.627177724307487,0.0
0.25,7,0.87,-0.1513933287652923,-0.1461087009707355,8.198968373871718,8.198968373871718
0.25,7,0.88,-0.1499223979650861,0.0178719622212,19.20375166413504,19.20375166413504
0.25,7,0.89,-0.1510358895208683,0.2379663323119656,0.9577091449007191,0.9577091449007191
0.25,7,0.9,-0.1451630713188468,0.0370261451192144,-16.171823618814493,0.0
0.25,7,0.91,-0.150295366618484,-0.0854701400643245,-0.9482639210998592,0.0
0.25,7,0.92,-0.1468724741201333,0.0180608666972172,2.9505734077061225,2.9505734077061225
0.25,7,0.93,-0.1499341492845396,-0.026458671910202,6.954577904648289,6.954577904648289
0.25,7,0.94,-0.1474016475583374,0.1571524247901798,-9.950651966455075,0.0
0.25,7,0.95,-0.1467911007887361,-0.2254717112393089,-25.224033946354368,0.0
0.25,7,0.96,-0.1519110817831236,-0.347328254136908,15.829652556068456,15.829652556068456
0.25,7,0.97,-0.1537376658714742,0.0911213398820605,16.69626482808651,16.69626482808651
0.25,7,0.98,-0.1500886549854823,-0.0134029575751775,-6.05641183653351,0.0
0.25,7,0.99,-0.1540057250229778,-0.0300068968486098,17.254808381375103,17.254808381375103
0.25,7,1.0,-0.1506887929224545,0.3316932100523248,36.17001069009343,36.17001069009343
0.25,8,0.01,-0.0029711145051691,-0.0384676055665453,-1.8956525052309,0.0
0.25,8,0.02,-0.0033557905608346,-0.0574241306188543,-2.8801593435386907,0.0
0.25,8,0.03,-0.0041195971175462,-0.0960707924373191,-4.076085274713831,0.0
0.25,8,0.04,-0.005277206409581,-0.1389458361131309,-5.625411848587294,0.0
0.25,8,0.05,-0.0068985138398088,-0.208579029409065,-5.17050903998119,0.0
0.25,8,0.06,-0.0094487869977623,-0.2423560169127547,-4.363787204118518,0.0
0.25,8,0.07,-0.0117456341780639,-0.2958547734914354,-2.336503858634316,0.0
0.25,8,0.08,-0.015365882467591,-0.2890860940854411,-0.02578258866678418,0.0
0.25,8,0.09,-0.0175273560597728,-0.2963704252647711,-7.478700019818092,0.0
0.25,8,0.1,-0.0212932909728864,-0.4386600944818032,-13.682003058280971,0.0
0.25,8,0.11,-0.0263005579494088,-0.5700104864303905,-5.982357592351448,0.0
0.25,8,0.12,-0.0326935007014942,-0.5583072463288321,3.99520770915397,3.99520770915397
0.25,8,0.13,-0.0374667028759855,-0.4901063322473111,11.710293601821391,11.710293601821391
0.25,8,0.14,-0.0424956273464404,-0.3241013742924041,7.012550524366983,7.012550524366983
0.25,8,0.15,-0.0439487303618336,-0.3498553217599709,-16.180812888806265,0.0
0.25,8,0.16,-0.0494927337816399,-0.6477176320685301,-1.580191144157812,0.0
0.25,8,0.17,-0.0569030830032042,-0.3814591446431272,8.920641659079507,8.920641659079507
0.25,8,0.18,-0.0571219166745024,-0.469304798886939,-4.681469106550622,0.0
0.25,8,0.19,-0.066289178980943,-0.4750885267741394,11.74118562415888,11.74118562415888
0.25,8,0.2,-0.0666236872099852,-0.2344810864037612,-11.999726889468974,0.0
0.25,8,0.21,-0.0709788007090182,-0.7150830645635167,-25.12472578587884,0.0
0.25,8,0.22,-0.0809253485012556,-0.7369756021213365,20.42467331595335,20.42467331595335
0.25,8,0.23,-0.0857183127514449,-0.3065895982444493,3.513201720923668,3.513201720923668
0.25,8,0.24,-0.0870571404661446,-0.666711567702861,-5.732690744622635,0.0
0.25,8,0.25,-0.0990525441055022,-0.4212434131369003,28.717669344096187,28.717669344096187
0.25,8,0.26,-0.0954820087288826,-0.0923581808209368,12.116904708556923,12.116904708556923
0.25,8,0.27,-0.1008997077219209,-0.1789053189657616,-8.609671305288419,0.0
0.25,8,0.28,-0.0990601151081978,-0.2645516069267053,-17.54481470677667,0.0
0.25,8,0.29,-0.1061907398604549,-0.5298016131012933,-10.39629284241503,0.0
0.25,8,0.3,-0.1096561473702237,-0.4724774637750037,21.490830180348816,21.490830180348816
0.25,8,0.31,-0.115640289135955,-0.0999850094943166,19.135978030384877,19.135978030384877
0.25,8,0.32,-0.11165584756011,-0.0897579031673059,-12.925382441525759,0.0
0.25,8,0.33,-0.1174354471993011,-0.358492658324832,-1.5163016300290684,0.0
0.25,8,0.34,-0.1188257007266066,-0.1200839357678873,11.04626067772449,11.04626067772449
0.25,8,0.35,-0.1198371259146589,-0.1375674447703412,-12.231035744506933,0.0
0.25,8,0.36,-0.1215770496220135,-0.3647046506580267,5.90579454105104,5.90579454105104
0.25,8,0.37,-0.1271312189278194,-0.0194515539493203,34.570596262765214,34.570596262765214
0.25,8,0.38,-0.1219660807009999,0.3267072745972781,-3.8302780572154713,0.0
0.25,8,0.39,-0.1205970734358738,-0.0960571150936298,-37.23252917303649,0.0
0.25,8,0.4,-0.1238872230028725,-0.4179433088634523,-10.239980947502126,0.0
0.25,8,0.41,-0.1289559396131429,-0.3008567340436743,22.699012682466815,22.699012682466815
0.25,8,0.42,-0.1299043576837459,0.0360369447858843,10.548419827427262,10.548419827427262
0.25,8,0.43,-0.1282352007174252,-0.0898883374951289,-5.819776762629025,0.0
0.25,8,0.44,-0.1317021244336485,-0.0803585904666963,16.340860787088367,16.340860787088367
0.25,8,0.45,-0.1298423725267591,0.2369288782466387,4.770575810138391,4.770575810138391
0.25,8,0.46,-0.1269635468687157,0.0150529257360716,-26.75420910480793,0.0
0.25,8,0.47,-0.1295413140120376,-0.2981553038495184,-10.804665915395613,0.0
0.25,8,0.48,-0.1329266529457061,-0.201040392571838,15.936746974411061,15.936746974411061
0.25,8,0.49,-0.1335621218634744,0.0205796356387031,5.137110041585784,5.137110041585784
0.25,8,0.5,-0.132515060232932,-0.0982981917401222,-12.07589817641027,0.0
0.25,8,0.51,-0.1355280856982768,-0.2209383278895025,0.15829961314111074,0.15829961314111074
0.25,8,0.52,-0.1369338267907221,-0.0951321994773,15.245680643665722,15.245680643665722
0.25,8,0.53,-0.1374307296878228,0.0839752849838122,1.7099030983886085,1.7099030983886085
0.25,8,0.54,-0.1352543210910459,-0.0609341375095278,-4.200367174304848,0.0
0.25,8,0.55,-0.1386494124380134,-3.205850228482632e-05,10.44380943103603,10.44380943103603
0.25,8,0.56,-0.1352549622610916,0.147942051111193,-2.9204035232460392,0.0
0.25,8,0.57,-0.1356905714157895,-0.0584401289672014,-3.780453596143675,0.0
0.25,8,0.58,-0.1364237648404356,0.0723329791883236,-10.631733826542291,0.0
0.25,8,0.59,-0.134243911832023,-0.2710748054980474,-10.886668306966195,0.0
0.25,8,0.6,-0.1418452609503966,-0.1454003869510005,23.91534129201991,23.91534129201991
0.25,8,0.61,-0.137151919571043,0.2072320203423512,3.900544631377876,3.900544631377876
0.25,8,0.62,-0.1377006205435495,-0.0673894943234429,-13.577001542538522,0.0
0.25,8,0.63,-0.1384997094575119,-0.0643080105084195,-5.274144378276931,0.0
0.25,8,0.64,-0.1389867807537179,-0.1728723818889816,0.8107640684245543,0.8107640684245543
0.25,8,0.65,-0.1419571570952915,-0.0480927291399284,9.575059762277757,9.575059762277757
0.25,8,0.66,-0.1399486353365165,0.0186288133565737,-4.0826499344910765,0.0
0.25,8,0.67,-0.14158458082816,-0.12974572782975,1.8286227828589134,1.8286227828589134
0.25,8,0.68,-0.1425435498931115,0.055201269013752,7.895757960705478,7.895757960705478
0.25,8,0.69,-0.140480555447885,0.0281694313843612,-14.944198191564137,0.0
0.25,8,0.7,-0.1419801612654243,-0.2436826948175321,-3.052996217956623,0.0
0.25,8,0.71,-0.1453542093442356,-0.0328904929747713,17.905324781782973,17.905324781782973
0.25,8,0.72,-0.1426379711249197,0.1144238008181277,-4.644797955804051,0.0
0.25,8,0.73,-0.1430657333278731,-0.1257864520908524,1.6601777362803096,1.6601777362803096
0.25,8,0.74,-0.1451537001667368,0.1476273555437339,7.606284772437088,7.606284772437088
0.25,8,0.75,-0.1401131862169984,0.0263392433578895,-7.971528469860699,0.0
0.25,8,0.76,-0.144626915299579,-0.0118032138534802,1.5868689953946136,1.5868689953946136
0.25,8,0.77,-0.140349250494068,0.0580766232657818,-13.223028366625378,0.0
0.25,8,0.78,-0.1434653828342633,-0.276263781185988,-3.9924392571174665,0.0
0.25,8,0.79,-0.1458745261177878,-0.0217721618765676,12.296388395379575,12.296388395379575
0.25,8,0.8,-0.1439008260717947,-0.0303360132783963,-3.9120472064655814,0.0
0.25,8,0.81,-0.1464812463833557,-0.1000131060058793,13.615282179176338,13.615282179176338
0.25,8,0.82,-0.1459010881919123,0.2419696303051246,8.4011061171836,8.4011061171836
0.25,8,0.83,-0.1416418537772532,0.0680090163377862,-21.479355269999914,0.0
0.25,8,0.84,-0.1445409078651566,-0.187617475094874,-9.665591161107248,0.0
0.25,8,0.85,-0.1453942032791507,-0.1253028068843589,10.102454463253608,10.102454463253608
0.25,8,0.86,-0.1470469640028437,0.0144316141701983,11.827764547510256,11.827764547510256
0.25,8,0.87,-0.1451055709957467,0.1112524840658464,-5.307161939990736,0.0
0.25,8,0.88,-0.1448219143215268,-0.0917116246296165,-18.580879745835094,0.0
0.25,8,0.89,-0.1469398034883391,-0.2603651108508558,4.862812057197312,4.862812057197312
0.25,8,0.9,-0.1500292165385439,0.0055446165143298,22.610306048988015,22.610306048988015
0.25,8,0.91,-0.1468289111580525,0.1918410101289049,5.13774610907544,5.13774610907544
0.25,8,0.92,-0.1461923963359658,0.1082995386958387,-13.976286590018177,0.0
0.25,8,0.93,-0.1446629203841357,-0.0876847216714589,-15.228375390347512,0.0
0.25,8,0.94,-0.1479460907693949,-0.1962679691111111,10.119233546045239,10.119233546045239
0.25,8,0.95,-0.1485882797663579,0.1146999492494496,8.575943023667417,8.575943023667417
0.25,8,0.96,-0.1456520917844059,-0.0247491086377626,-6.915735146228198,0.0
0.25,8,0.97,-0.1490832619391131,-0.0236147536751145,-1.625988074489859,0.0
0.25,8,0.98,-0.1461243868579082,-0.0572688701275598,-4.619267259768821,0.0
0.25,8,0.99,-0.1502286393416643,-0.116000098870491,11.784696038109395,11.784696038109395
0.25,8,1.0,-0.148444388835318,0.1784250506346283,29.442514950511903,29.442514950511903
0.25,9,0.01,-0.000816220162305,-0.0229685973270259,-1.6009757341240798,0.0
0.25,9,0.02,-0.0010459061355753,-0.0389783546682667,-2.769098156742006,0.0
0.25,9,0.03,-0.0015957872556704,-0.078350560461866,-4.607625359585185,0.0
0.25,9,0.04,-0.0026129173448126,-0.1311308618599704,-4.762616514646174,0.0
0.25,9,0.05,-0.0042184044928698,-0.1736028907547895,-6.784001408163044,0.0
0.25,9,0.06,-0.0060849751599084,-0.2668108900232312,-6.3631282195124275,0.0
0.25,9,0.07,-0.0095546222933344,-0.300865455145038,-0.901897784283495,0.0
0.25,9,0.08,-0.0121022842628092,-0.2848488457089012,-5.284228392599401,0.0
0.25,9,0.09,-0.0152515992075124,-0.4065500229970259,-10.857647318188038,0.0
0.25,9,0.1,-0.0202332847227497,-0.5020017920726619,-3.3773513364480685,0.0
0.25,9,0.11,-0.0252916350489657,-0.4740970497259875,3.603035330832114,3.603035330832114
0.25,9,0.12,-0.0297152257172694,-0.4299410854560197,6.693684682737739,6.693684682737739
0.25,9,0.13,-0.0338904567580861,-0.3402233560712326,-9.859676682387988,0.0
0.25,9,0.14,-0.0365196928386941,-0.6271346191037797,-10.939583630548348,0.0
0.25,9,0.15,-0.0464331491401616,-0.5590150286822004,12.807290083203306,12.807290083203306
0.25,9,0.16,-0.0476999934123381,-0.3709888174397133,-10.98483009790634,0.0
0.25,9,0.17,-0.0538529254889559,-0.7787116306403274,-17.07280442402782,0.0
0.25,9,0.18,-0.0632742260251446,-0.7124449059202709,16.91496087674107,16.91496087674107
0.25,9,0.19,-0.0681018236073613,-0.4404124131055056,13.004295949089904,13.004295949089904
0.25,9,0.2,-0.0720824742872547,-0.4523589869384725,-2.440155830860995,0.0
0.25,9,0.21,-0.0771490033461307,-0.4892155297227254,0.6989944715516039,0.6989944715516039
0.25,9,0.22,-0.0818667848817092,-0.4383790975074402,5.026337198668937,5.026337198668937
0.25,9,0.23,-0.0859165852962795,-0.3886887857493466,-18.95171558042167,0.0
0.25,9,0.24,-0.0896405605966962,-0.817413409115872,-13.590413082381001,0.0
0.25,9,0.25,-0.102264853478597,-0.6604970473969649,30.138989814887314,30.138989814887314
0.25,9,0.26,-0.1028505015446355,-0.2146336128181252,25.140370724826806,25.140370724826806
0.25,9,0.27,-0.1065575257349595,-0.1576896329004284,-14.199613958609614,0.0
0.25,9,0.28,-0.106004294202644,-0.4986258919903177,-18.37870972737936,0.0
0.25,9,0.29,-0.1165300435747657,-0.5252638274480166,32.15560583244179,32.15560583244179
0.25,9,0.3,-0.1165095707516043,0.1444862246585208,0.2485269473265106,0.2485269473265106
0.25,9,0.31,-0.1136403190815953,-0.5202932885014864,-27.75223268201412,0.0
0.25,9,0.32,-0.1269154365216341,-0.4105584289817621,16.374194880207803,16.374194880207803
0.25,9,0.33,-0.1218514876612306,-0.19280939089733,4.872926131341645,4.872926131341645
0.25,9,0.34,-0.1307716243395807,-0.3130999063549291,7.79003184686159,7.79003184686159
0.25,9,0.35,-0.1281134857883292,-0.0370087539601007,1.5787857188665555,1.5787857188665555
0.25,9,0.36,-0.1315117994187827,-0.281524191977601,-8.2894137065518,0.0
0.25,9,0.37,-0.1337439696278812,-0.2027970280911368,5.70046632406615,5.70046632406615
0.25,9,0.38,-0.1355677399806055,-0.1675148654962779,14.292856720812733,14.292856720812733
0.25,9,0.39,-0.1370942669378068,0.0830601063251181,13.292048821297694,13.292048821297694
0.25,9,0.4,-0.1339065378541031,0.0983261109296762,-10.501363674871016,0.0
0.25,9,0.41,-0.1351277447192132,-0.1269671671723005,-12.832089906388408,0.0
0.25,9,0.42,-0.1364458811975491,-0.1583156871980904,-17.929688192525525,0.0
0.25,9,0.43,-0.138294058463175,-0.4855609310228113,14.221149613106682,14.221149613106682
0.25,9,0.44,-0.1461570998180054,0.1261073050640435,31.91683373400297,31.91683373400297
0.25,9,0.45,-0.1357719123618942,0.1527757436572487,-16.665658184129285,0.0
0.25,9,0.46,-0.1431015849448604,-0.2072058586185425,4.289770898228763,4.289770898228763
0.25,9,0.47,-0.139916029534265,0.2385711616218193,-1.410017809453926,0.0
0.25,9,0.48,-0.138330161712424,-0.2354062148076261,-17.32578440222035,0.0
0.25,9,0.49,-0.1446241538304176,-0.107944526422588,9.671854089540982,9.671854089540982
0.25,9,0.5,-0.1404890522408758,-0.0419691330168063,-10.319547018456046,0.0
0.25,9,0.51,-0.1454635364907537,-0.3143354667917091,-1.6272000774117483,0.0
0.25,9,0.52,-0.14677576157671,-0.0745131345650413,25.34615005988374,25.34615005988374
0.25,9,0.53,-0.1469537991820545,0.1925875344059662,16.18672748580672,16.18672748580672
0.25,9,0.54,-0.1429240108885907,0.2492214151510934,-14.624138574718103,0.0
0.25,9,0.55,-0.1419693708790327,-0.0998952370883961,-28.492242517022355,0.0
0.25,9,0.56,-0.1449219156303586,-0.3206234351893542,-7.141076780303958,0.0
0.25,9,0.57,-0.1483818395828197,-0.2427167726944779,33.93908199730737,33.93908199730737
0.25,9,0.58,-0.1497762510842481,0.3581582047567959,15.9498220229277,15.9498220229277
0.25,9,0.59,-0.1412186754876838,0.0762796677640764,-32.37355926509104,0.0
0.25,9,0.6,-0.1482506577289666,-0.2893129805450254,-4.607358332477886,0.0
0.25,9,0.61,-0.1470049350985843,-0.0158674988854814,2.1426877811857388,2.1426877811857388
0.25,9,0.62,-0.1485680077066762,-0.2464592249213106,0.14672222119127498,0.14672222119127498
0.25,9,0.63,-0.1519341195970105,-0.0129330544616559,18.966993175361615,18.966993175361615
0.25,9,0.64,-0.1488266687959093,0.132880638585922,10.37578695187501,10.37578695187501
0.25,9,0.65,-0.1492765068252921,0.1945826845758445,-8.328450914419017,0.0
0.25,9,0.66,-0.1449350151043924,-0.0336883797024585,-8.867035692659137,0.0
0.25,9,0.67,-0.1499502744193412,0.0172419707226616,12.513125422080613,12.513125422080613
0.25,9,0.68,-0.1445901756899392,0.216574128739154,-1.4219497559875887,0.0
0.25,9,0.69,-0.1456187918445581,-0.0111970243970853,-23.820515004963653,0.0
0.25,9,0.7,-0.1448141161778809,-0.2598361713601171,-16.661994002845304,0.0
0.25,9,0.71,-0.1508155152717604,-0.3444369044539916,16.094106876909176,16.094106876909176
0.25,9,0.72,-0.1517028542669607,0.0620459661780667,22.603901085984845,22.603901085984845
0.25,9,0.73,-0.1495745959481991,0.1076411172657056,-7.435364569076503,0.0
0.25,9,0.74,-0.1495500319216466,-0.0866613252034635,-2.0915394773508535,0.0
0.25,9,0.75,-0.1513078224522684,0.0658103277186885,18.662493575032777,18.662493575032777
0.25,9,0.76,-0.1482338253672728,0.2865885462971924,-4.297163516843031,0.0
0.25,9,0.77,-0.1455760515263245,-0.0201329426181722,-21.989887829521646,0.0
0.25,9,0.78,-0.1486364842196363,-0.1532092102932409,2.4475903761091926,2.4475903761091926
0.25,9,0.79,-0.1486402357321893,0.0288188649040117,2.281230658013243,2.281230658013243
0.25,9,0.8,-0.148060106921556,-0.107584597132976,-8.862570754954103,0.0
0.25,9,0.81,-0.1507919276748489,-0.1484325501950705,-5.09853088909157,0.0
0.25,9,0.82,-0.1510287579254574,-0.2095552149148067,12.643155978353331,12.643155978353331
0.25,9,0.83,-0.154983031973145,0.1044305693719991,17.958342377415516,17.958342377415516
0.25,9,0.84,-0.1489401465380175,0.1496116326335039,-4.943203123890646,0.0
0.25,9,0.85,-0.1519907993204749,0.0055665068941861,-0.2593883995087847,0.0
0.25,9,0.86,-0.1488288164001337,0.1444238646433282,-12.567826936527455,0.0
0.25,9,0.87,-0.1491023220276084,-0.2457900318363632,-9.613391782075087,0.0
0.25,9,0.88,-0.153744617036861,-0.0478439709981737,23.889678892514986,23.889678892514986
0.25,9,0.89,-0.1500592014475718,0.2320035460139369,-5.27106558474903,0.0
0.25,9,0.9,-0.1491045461165823,-0.1532652826931544,-19.82578112217859,0.0
0.25,9,0.91,-0.1531245071014349,-0.1645120764296352,15.32648624357791,15.32648624357791
0.25,9,0.92,-0.152394787645175,0.1532644421784041,13.668499009969429,13.668499009969429
0.25,9,0.93,-0.1500592182578669,0.1088579037697536,-13.68137320623502,0.0
0.25,9,0.94,-0.1502176295697799,-0.120363021946293,2.323937859170445,2.323937859170445
0.25,9,0.95,-0.1524664786967927,0.1553366609531679,1.3396384472322183,1.3396384472322183
0.25,9,0.96,-0.1471108963507165,-0.0935702530016486,-23.9059626251261,0.0
0.25,9,0.97,-0.1543378837568257,-0.3227825915493545,20.43197069501408,20.43197069501408
0.25,9,0.98,-0.1535665481817036,0.3150691608986333,25.752725104673083,25.752725104673083
0.25,9,0.99,-0.1480365005388531,0.1922719105441075,-24.17650520477368,0.0
0.25,9,1.0,-0.1497211099708215,-0.1684609431968407,-36.07328537409479,0.0
0.25,10,0.01,-0.0004348459294001,-0.0178763924721384,-1.25732177645984,0.0
0.25,10,0.02,-0.0006136098541215,-0.0304496102367368,-2.442829146491541,0.0
0.25,10,0.03,-0.0010438381341349,-0.0667329754019692,-4.16898030475382,0.0
0.25,10,0.04,-0.0019482693621609,-0.1138292163318132,-4.699859107454014,0.0
0.25,10,0.05,-0.0033204224607711,-0.1607301575510495,-7.049600881123066,0.0
0.25,10,0.06,-0.0051628725131819,-0.2548212339542745,-6.3735358744883275,0.0
0.25,10,0.07,-0.0084168471398566,-0.288200875040816,-1.2131021416606877,0.0
0.25,10,0.08,-0.0109268900139982,-0.2790832767874883,-2.843595326963017,0.0
0.25,10,0.09,-0.0139985126756064,-0.3450727815800763,-4.710034681889066,0.0
0.25,10,0.1,-0.0178283456455997,-0.3732839704252696,-6.0437703708924815,0.0
0.25,10,0.11,-0.0214641920841118,-0.4659481889979259,-8.77740824999075,0.0
0.25,10,0.12,-0.0271473094255583,-0.5488321354250845,-1.6164957954834875,0.0
0.25,10,0.13,-0.0324408347926135,-0.4982781049075955,0.43248626746218477,0.43248626746218477
0.25,10,0.14,-0.0371128715237102,-0.5401824100758408,6.633914512381558,6.633914512381558
0.25,10,0.15,-0.0432444829941303,-0.365599814659965,-1.2208152723878491,0.0
0.25,10,0.16,-0.0444248678169095,-0.5645987155235987,-17.58702285872349,0.0
0.25,10,0.17,-0.0545364573046023,-0.717340271834435,-17.467031535426543,0.0
0.25,10,0.18,-0.0587716732535982,-0.9139393462321292,13.809851869508385,13.809851869508385
0.25,10,0.19,-0.0728152442292449,-0.4411432344442656,23.05933981299362,23.05933981299362
0.25,10,0.2,-0.0675945379424835,-0.4527525499722564,-25.91481551157432,0.0
0.25,10,0.21,-0.08187029522869,-0.9594395446757504,-6.081625948234091,0.0
0.25,10,0.22,-0.0867833288359985,-0.5743850689369356,31.581870609648472,31.581870609648472
0.25,10,0.23,-0.0933579966074287,-0.3278021324827804,-3.0371153443097363,0.0
0.25,10,0.24,-0.0933393714856541,-0.6351273758231288,-11.824310782580458,0.0
0.25,10,0.25,-0.1060605441238913,-0.5642883481343883,39.26832043706941,39.26832043706941
0.25,10,0.26,-0.1046251384483419,0.1502390329182601,3.8315261685470468,3.8315261685470468
0.25,10,0.27,-0.1030557634655261,-0.4876578247634473,-41.24744675622357,0.0
0.25,10,0.28,-0.1143782949436108,-0.674709902206212,19.73449162456074,19.73449162456074
0.25,10,0.29,-0.1165499615096503,-0.0929679922722375,24.105288767913997,24.105288767913997
0.25,10,0.3,-0.1162376547890556,-0.1926041268479368,-21.22959879272937,0.0
0.25,10,0.31,-0.120402044046609,-0.5175599681268253,-9.222780080508823,0.0
0.25,10,0.32,-0.1265888541515921,-0.3770597284581134,28.13853143704514,28.13853143704514
0.25,10,0.33,-0.1279432386157713,0.045210660614078,14.067080708169435,14.067080708169435
0.25,10,0.34,-0.1256846409393105,-0.0957181142947245,-34.6957050534753,0.0
0.25,10,0.35,-0.1298576009016658,-0.6487034404554244,-6.6205166636256125,0.0
0.25,10,0.36,-0.138658709748419,-0.2281284475672311,44.10142160917796,44.10142160917796
0.25,10,0.37,-0.1344201698530104,0.2333249917281357,6.90643202123166,6.90643202123166
0.25,10,0.38,-0.1339922099138563,-0.0899998071425978,-12.765834387478078,0.0
0.25,10,0.39,-0.1362201659958624,-0.0219916960214261,6.359678480027535,6.359678480027535
0.25,10,0.4,-0.1344320438342848,0.037193762457953,6.251377679851099,6.251377679851099
0.25,10,0.41,-0.1354762907467033,0.1030358575755956,-21.161025539653014,0.0
0.25,10,0.42,-0.1323713266827729,-0.3860267483351096,-16.4351737181397,0.0
0.25,10,0.43,-0.1431968257134055,-0.2256676167871987,26.6528221087489,26.6528221087489
0.25,10,0.44,-0.1368846790185169,0.1470296938398689,4.165139000908804,4.165139000908804
0.25,10,0.45,-0.1402562318366081,-0.1423648367690226,-3.361618059932553,0.0
0.25,10,0.46,-0.1397319757538973,0.0797973326412178,-4.757002021090381,0.0
0.25,10,0.47,-0.1386602851837837,-0.237504877190827,5.5980396786212925,5.5980396786212925
0.25,10,0.48,-0.1444820732977139,0.1917581262136476,21.030364562171158,21.030364562171158
0.25,10,0.49,-0.1348251226595108,0.1831024140525965,-11.792969336755496,0.0
0.25,10,0.5,-0.140820025016662,-0.0441012605214625,-10.222132341977451,0.0
0.25,10,0.51,-0.13570714786994,-0.0213402327869527,-8.379589493152777,0.0
0.25,10,0.52,-0.141246829672401,-0.2116930503845182,5.726698274455745,5.726698274455745
0.25,10,0.53,-0.1399410088776304,0.0931937327021623,13.349270913220963,13.349270913220963
0.25,10,0.54,-0.1393829550183578,0.0552923678799013,-14.491355178794523,0.0
0.25,10,0.55,-0.1388351615200324,-0.1966333708737284,1.8507836425261077,1.8507836425261077
0.25,10,0.56,-0.1433156224358323,0.0923080407304235,18.302049495658153,18.302049495658153
0.25,10,0.57,-0.136989000705424,0.1694076190394353,-17.18262102655939,0.0
0.25,10,0.58,-0.1399274700550438,-0.2513443798007682,-10.426222428900175,0.0
0.25,10,0.59,-0.1420158883014394,-0.0391168295385684,10.90954186746406,10.90954186746406
0.25,10,0.6,-0.1407098066458151,-0.0331535424514868,2.2182233663571482,2.2182233663571482
0.25,10,0.61,-0.1426789591504691,0.0052476377885746,16.69273685873283,16.69273685873283
0.25,10,0.62,-0.1406048538900436,0.3007011947231701,-13.973198898449619,0.0
0.25,10,0.63,-0.1366649352560057,-0.274216340180418,-43.83324899159314,0.0
0.25,10,0.64,-0.146089180693652,-0.5759637851086934,29.144558798104132,29.144558798104132
0.25,10,0.65,-0.1481842109581796,0.3086748357816651,38.57168049512772,38.57168049512772
0.25,10,0.66,-0.1399156839780187,0.1954698247938617,-18.37414531398898,0.0
0.25,10,0.67,-0.1442748144623023,-0.0588080704981148,-16.468890870981607,0.0
0.25,10,0.68,-0.141091845387981,-0.1339079926257707,-7.4413288505099136,0.0
0.25,10,0.69,-0.1469529743148176,-0.2076346475083124,18.794922222187985,18.794922222187985
0.25,10,0.7,-0.1452445383381471,0.2419904518179931,4.801020616436521,4.801020616436521
0.25,10,0.71,-0.1421131652784578,-0.1116142351795819,-7.926790324696315,0.0
0.25,10,0.72,-0.1474768230417388,0.0834546453240667,19.442552645933176,19.442552645933176
0.25,10,0.73,-0.1404440723719764,0.277236817739082,-19.01414401268731,0.0
0.25,10,0.74,-0.1419320866869571,-0.2968282349296798,-25.24996226110494,0.0
0.25,10,0.75,-0.14638063707057,-0.2277624274830172,17.11803947073414,17.11803947073414
0.25,10,0.76,-0.1464873352366175,0.0455325544850033,12.339313607724275,12.339313607724275
0.25,10,0.77,-0.14546998598087,0.0190238446714685,-5.184400006172876,0.0
0.25,10,0.78,-0.1461068583431881,-0.0581554456384543,1.111835976030129,1.111835976030129
0.25,10,0.79,-0.146633094893639,0.0412605641920711,-0.37570843167124934,0.0
0.25,10,0.8,-0.1452816470593467,-0.0656696142718793,2.1893384881066034,2.1893384881066034
0.25,10,0.81,-0.1479464871790766,0.0850473339542032,14.931232792926316,14.931232792926316
0.25,10,0.82,-0.1435807003802627,0.2329550415866457,-9.352398640626525,0.0
0.25,10,0.83,-0.1432873863473438,-0.1020006388583318,-19.655354515461035,0.0
0.25,10,0.84,-0.1456207131574294,-0.1601520487225753,3.224916375236517,3.224916375236517
0.25,10,0.85,-0.1464904273217953,-0.0375023113536014,14.348515694507908,14.348515694507908
0.25,10,0.86,-0.1463707593845014,0.1268182651675831,2.0937923386480484,2.0937923386480484
0.25,10,0.87,-0.1439540620184436,0.0043735354193596,-12.502226140216685,0.0
0.25,10,0.88,-0.1462832886761142,-0.1232262576367508,-2.7231334053316028,0.0
0.25,10,0.89,-0.1464185871711787,-0.0500891326872725,3.7844698889336366,3.7844698889336366
0.25,10,0.9,-0.1472850713298596,-0.047536859858078,-2.8296164127819874,0.0
0.25,10,0.91,-0.1473693243683402,-0.1066814609429123,-6.08834352328271,0.0
0.25,10,0.92,-0.1494187005487179,-0.1693037303237323,7.262349762038048,7.262349762038048
0.25,10,0.93,-0.1507553989748149,0.0385655342978488,16.85639297494091,16.85639297494091
0.25,10,0.94,-0.1486473898627609,0.1678241291750852,3.5976247925260845,3.5976247925260845
0.25,10,0.95,-0.1473989163913132,0.1105180301483681,-14.875802239121132,0.0
0.25,10,0.96,-0.1464370292597936,-0.1296919156073377,-9.681105467909111,0.0
0.25,10,0.97,-0.14999275470346,-0.0831040792098143,2.7337394824536774,2.7337394824536774
0.25,10,0.98,-0.1480991108439898,-0.0750171259582641,11.385555107335264,11.385555107335264
0.25,10,0.99,-0.1514930972226253,0.1446070229368912,35.181490484779296,35.181490484779296
0.25,10,1.0,-0.145206970385252,0.6286126837373224,48.40056608004308,48.40056608004308
0.25,11,0.01,-0.0002928983243162,-0.0171449519196151,-1.5210391351151997,0.0
0.25,11,0.02,-0.0004643478435124,-0.0323553432707671,-2.6290044721231514,0.0
0.25,11,0.03,-0.0009400051897316,-0.0697250413620781,-4.2610621683932965,0.0
0.25,11,0.04,-0.0018588486707539,-0.117576586638633,-4.993408420666454,0.0
0.25,11,0.05,-0.0032915369225042,-0.1695932097754072,-5.251112807470941,0.0
0.25,11,0.06,-0.0052507128662621,-0.2225988427880518,-5.641155373532422,0.0
0.25,11,0.07,-0.0077435137782653,-0.2824163172460557,-5.464221398436216,0.0
0.25,11,0.08,-0.0108990392111832,-0.3318832707567761,-3.454709833492947,0.0
0.25,11,0.09,-0.0143811791934008,-0.3515105139159146,-3.4418773224698995,0.0
0.25,11,0.1,-0.0179292494895015,-0.4007208172061742,-4.480268851935122,0.0
0.25,11,0.11,-0.0223955955375243,-0.441115890954617,-1.2966553454594028,0.0
0.25,11,0.12,-0.0267515673085938,-0.4266539241153622,-12.203959043111603,0.0
0.25,11,0.13,-0.0309286740198315,-0.6851950718168496,3.923136095526967,3.923136095526967
0.25,11,0.14,-0.0404554687449308,-0.3481912022048228,7.708541726152873,7.708541726152873
0.25,11,0.15,-0.037892498063928,-0.5310242372937908,-34.306595127259314,0.0
0.25,11,0.16,-0.0510759534908067,-1.0343231047500097,-0.8905530170181919,0.0
0.25,11,0.17,-0.0585789601589282,-0.5488352976341546,33.51035151757017,33.51035151757017
0.25,11,0.18,-0.0620526594434898,-0.3641160743986056,8.417559332679705,8.417559332679705
0.25,11,0.19,-0.0658612816469003,-0.3804841109805612,-14.13979819130352,0.0
0.25,11,0.2,-0.069662341663101,-0.6469120382246762,10.873950436496104,10.873950436496104
0.25,11,0.21,-0.0787995224113938,-0.1630051022506413,-8.174497058639126,0.0
0.25,11,0.22,-0.0729224437081138,-0.810401979397462,-23.622752069125855,0.0
0.25,11,0.23,-0.0950075619993431,-0.6354601436331588,37.02670392365431,37.02670392365431
0.25,11,0.24,-0.0856316465807771,-0.0698679009243772,-12.1414963059073,0.0
0.25,11,0.25,-0.0964049200178307,-0.8782900697513085,-23.21363826315859,0.0
0.25,11,0.26,-0.1031974479758032,-0.5341406661875494,18.248859405446304,18.248859405446304
0.25,11,0.27,-0.1070877333415817,-0.5133128816423822,15.515201808982882,15.515201808982882
0.25,11,0.28,-0.1134637056086509,-0.2238366300078915,16.644791458620624,16.644791458620624
0.25,11,0.29,-0.1115644659417395,-0.180417052469969,-12.345357108341279,0.0
0.25,11,0.3,-0.1170720466580503,-0.4707437721747185,-15.858730618397924,0.0
0.25,11,0.31,-0.1209793413852339,-0.4975916648379277,28.194294179875953,28.194294179875953
0.25,11,0.32,-0.1270238799548089,0.093142111422801,25.74493385941172,25.74493385941172
0.25,11,0.33,-0.1191164991567779,0.0173070123503071,-25.139804975774616,0.0
0.25,11,0.34,-0.1266777397078027,-0.4096539880926917,-24.000284002124843,0.0
0.25,11,0.35,-0.1273095789186317,-0.4626986676921909,14.98478626953218,14.98478626953218
0.25,11,0.36,-0.1359317130616466,-0.1099582627020465,35.62577691042176,35.62577691042176
0.25,11,0.37,-0.1295087441726726,0.2498168705162449,-7.426184720286418,0.0
0.25,11,0.38,-0.1309353756513217,-0.258481957107775,-15.743951836380383,0.0
0.25,11,0.39,-0.1346783833148281,-0.065062166211363,15.586812200788131,15.586812200788131
0.25,11,0.4,-0.1322366189755489,0.0532542869079879,3.104923910370337,3.104923910370337
0.25,11,0.41,-0.1336132975766683,-0.0029636880039554,8.486168431179202,8.486168431179202
0.25,11,0.42,-0.132295892735628,0.2229776555315732,-15.927747469527926,0.0
0.25,11,0.43,-0.1291537444660369,-0.3215186373945142,-18.13676444085928,0.0
0.25,11,0.44,-0.1387262654835183,-0.1397576332856127,19.155263881881023,19.155263881881023
0.25,11,0.45,-0.1319488971317491,0.0615866402431066,-17.836594706194685,0.0
0.25,11,0.46,-0.1374945326786562,-0.4964895274095067,-6.765520271103755,0.0
0.25,11,0.47,-0.1418786876799392,-0.0737237651789737,38.522410753581674,38.522410753581674
0.25,11,0.48,-0.1389690079822357,0.2739586876621249,1.758659259109008,1.758659259109008
0.25,11,0.49,-0.1363995139266967,-0.0385505799967935,-18.78930397073944,0.0
0.25,11,0.5,-0.1397400195821715,-0.1018273917526642,4.457393589320791,4.457393589320791
0.25,11,0.51,-0.13843606176175,0.0505972917896224,-6.993050687974594,0.0
0.25,11,0.52,-0.1387280737463791,-0.2416884055121562,-1.9367999778213432,0.0
0.25,11,0.53,-0.1432698298719932,0.0118612922331955,27.99004431700973,27.99004431700973
0.25,11,0.54,-0.1384908479017152,0.3181124808280389,10.28918367811932,10.28918367811932
0.25,11,0.55,-0.1369075802554324,0.2176449657955821,-14.886469589045326,0.0
0.25,11,0.56,-0.1341379485858035,0.0203830890471321,-32.750610195022816,0.0
0.25,11,0.57,-0.1364999184744897,-0.4373672381048683,-19.073985954207842,0.0
0.25,11,0.58,-0.1428852933479009,-0.3610966300370171,21.739801609519677,21.739801609519677
0.25,11,0.59,-0.14372185107523,-0.0025712059144744,22.320204934231544,22.320204934231544
0.25,11,0.6,-0.1429367174661904,0.0853074686476142,13.760020281241774,13.760020281241774
0.25,11,0.61,-0.1420157017022777,0.2726291997103613,-4.173403114872791,0.0
0.25,11,0.62,-0.1374841334719831,0.0018394063501583,-22.26950825205745,0.0
0.25,11,0.63,-0.1419789135752746,-0.172760965330788,0.8600902453506942,0.8600902453506942
0.25,11,0.64,-0.1409393527785989,0.0190412112571722,12.523127190488498,12.523127190488498
0.25,11,0.65,-0.1415980893501311,0.0777015784789822,3.577265361368153,3.577265361368153
0.25,11,0.66,-0.1393853212090193,0.0905865184845353,-12.686232189749873,0.0
0.25,11,0.67,-0.1397863589804404,-0.1760230653160155,-10.464211116035292,0.0
0.25,11,0.68,-0.1429057825153396,-0.1186977038361707,21.43045781248106,21.43045781248106
0.25,11,0.69,-0.1421603130571638,0.2525860909336002,5.438221130410858,5.438221130410858
0.25,11,0.7,-0.1378540606966676,-0.0099332812279611,-24.442945601758638,0.0
0.25,11,0.71,-0.1423589786817231,-0.236272821101573,5.49455650464718,5.49455650464718
0.25,11,0.72,-0.142579517118699,0.0999578488649826,4.048154263472356,4.048154263472356
0.25,11,0.73,-0.1403598217044234,-0.1553097358321258,-16.95595035341498,0.0
0.25,11,0.74,-0.1456857118353416,-0.2391611582033173,20.60145979069235,20.60145979069235
0.25,11,0.75,-0.1451430448684897,0.2567194599817215,15.217114081690962,15.217114081690962
0.25,11,0.76,-0.1405513226357071,0.0651811234305022,-22.330237124789477,0.0
0.25,11,0.77,-0.1438394223998797,-0.1898852825140684,-4.300984912516931,0.0
0.25,11,0.78,-0.1443490282859885,-0.0208385748198365,5.031479159014736,5.031479159014736
0.25,11,0.79,-0.1442561938962764,-0.0892556993337736,-3.272197248460527,0.0
0.25,11,0.8,-0.146134142272664,-0.0862825197890471,3.5924698955880765,3.5924698955880765
0.25,11,0.81,-0.1459818442920574,-0.017406301422012,0.15161256676551993,0.15161256676551993
0.25,11,0.82,-0.1464822683011042,-0.0832502684537352,8.247548204694157,8.247548204694157
0.25,11,0.83,-0.1476468496611321,0.1475446626718737,15.633740274100543,15.633740274100543
0.25,11,0.84,-0.1435313750476667,0.2294245370282759,-16.18326725669708,0.0
0.25,11,0.85,-0.1430583589205666,-0.1761206824620682,-15.004723904413392,0.0
0.25,11,0.86,-0.147053788696908,-0.0706699410599922,12.196658649432099,12.196658649432099
0.25,11,0.87,-0.1444717577417664,0.067812490526574,-2.7558162148590966,0.0
0.25,11,0.88,-0.1456975388863766,-0.1257862653571742,-7.550058942738094,0.0
0.25,11,0.89,-0.1469874830489099,-0.083188688328188,7.9294045880488175,7.9294045880488175
0.25,11,0.9,-0.1473613126529403,0.0328018264038023,7.8546508381713736,7.8546508381713736
0.25,11,0.91,-0.1463314465208338,0.0739043284352396,-5.85315074447922,0.0
0.25,11,0.92,-0.1458832260842355,-0.0842611884857822,-20.932905860941343,0.0
0.25,11,0.93,-0.1480166702905495,-0.3447537887835876,8.398734919827541,8.398734919827541
0.25,11,0.94,-0.1527783018599072,0.0837135099107602,23.526341568298744,23.526341568298744
0.25,11,0.95,-0.1463424000923342,0.1257730425823808,-8.675542332196507,0.0
0.25,11,0.96,-0.1502628410082596,-0.0897973367331701,-2.7876039803332184,0.0
0.25,11,0.97,-0.1481383468269976,0.0700209629757164,2.6769191740545923,2.6769191740545923
0.25,11,0.98,-0.1488624217487452,-0.0362589532520782,-3.769611004282802,0.0
0.25,11,0.99,-0.1488635258920392,-0.0053712571099397,1.281342668079429,1.281342668079429
0.25,11,1.0,-0.148969846890944,-0.0106320998904896,-0.5260842780549895,0.0
0.25,12,0.01,-0.000722320640567,-0.0201968338615759,-1.2183393604521302,0.0
0.25,12,0.02,-0.0009242889791827,-0.0323802274660972,-2.223153053341096,0.0
0.25,12,0.03,-0.0013699251898889,-0.0646598949283978,-4.01343273525758,0.0
0.25,12,0.04,-0.0022174868777507,-0.1126488821712488,-5.007197957141148,0.0
0.25,12,0.05,-0.0036229028333139,-0.1648038540712208,-4.667355787104536,0.0
0.25,12,0.06,-0.0055135639591751,-0.2059959979133395,-0.9489076792366138,0.0
0.25,12,0.07,-0.0077428227915807,-0.183782007655953,-3.808776556902263,0.0
0.25,12,0.08,-0.0091892041122942,-0.2821715290513846,-12.451876475644939,0.0
0.25,12,0.09,-0.0133862533726084,-0.4328195371688517,-7.187077039359346,0.0
0.25,12,0.1,-0.0178455948556712,-0.4259130698385713,0.502228459123149,0.502228459123149
0.25,12,0.11,-0.0219045147693798,-0.4227749679863887,-2.5126344556115328,0.0
0.25,12,0.12,-0.026301094215399,-0.4761657589508019,-8.20094696238656,0.0
0.25,12,0.13,-0.0314278299483959,-0.58679390723412,0.7700944153506732,0.7700944153506732
0.25,12,0.14,-0.0380369723600814,-0.4607638706437884,5.067517192909907,5.067517192909907
0.25,12,0.15,-0.0406431073612716,-0.4854435633759215,-9.837600784478767,0.0
0.25,12,0.16,-0.0477458436275998,-0.6575158863333641,-8.168242532055189,0.0
0.25,12,0.17,-0.0537934250879389,-0.6488084140170254,8.562185315205515,8.562185315205515
0.25,12,0.18,-0.0607220119079403,-0.4862721800292542,18.44450224807133,18.44450224807133
0.25,12,0.19,-0.063518868688524,-0.2799183690555988,10.372117393320439,10.372117393320439
0.25,12,0.2,-0.0663203792890523,-0.2788298321628453,-28.738595650510447,0.0
0.25,12,0.21,-0.0690954653317809,-0.854690282065806,-29.51141321450895,0.0
0.25,12,0.22,-0.0834141849303685,-0.8690580964530223,21.57649632245827,21.57649632245827
0.25,12,0.23,-0.0864766272608414,-0.4231603556166403,5.50288862606746,5.50288862606746
0.25,12,0.24,-0.0918773920427013,-0.7590003239316712,-4.162525655983625,0.0
0.25,12,0.25,-0.1016566337394748,-0.5064108687363111,32.63530151980147,32.63530151980147
0.25,12,0.26,-0.1020056094174275,-0.1062942935356412,-13.159771391395516,0.0
0.25,12,0.27,-0.1037825196101876,-0.7696062965642216,-4.10174773163656,0.0
0.25,12,0.28,-0.1173977353487119,-0.1883292481683725,51.27026023620874,51.27026023620874
0.25,12,0.29,-0.1075491045735552,0.2557989081599521,-7.946304971852257,0.0
0.25,12,0.3,-0.112281757185513,-0.3472553476054232,-34.248677995929114,0.0
0.25,12,0.31,-0.1144942115256636,-0.4291746517586308,-11.90219819209787,0.0
0.25,12,0.32,-0.1208652502206856,-0.5852993114473808,-1.5658759310817025,0.0
0.25,12,0.33,-0.1262001977546113,-0.4604921703802649,31.061183341763346,31.061183341763346
0.25,12,0.34,-0.1300750936282909,0.0359243553878867,13.366111065465882,13.366111065465882
0.25,12,0.35,-0.1254817106468536,-0.1931699490709437,-14.918529500383464,0.0
0.25,12,0.36,-0.1339384926097099,-0.2624462346197811,2.1506437644078735,2.1506437644078735
0.25,12,0.37,-0.1307306353392492,-0.1501570737827862,19.842780091587045,19.842780091587045
0.25,12,0.38,-0.1369416340853656,0.1344093672119601,0.8433197071056044,0.8433197071056044
0.25,12,0.39,-0.12804244799501,-0.1332906796406741,-5.550622796957009,0.0
0.25,12,0.4,-0.1396074476781791,0.0233969112728198,21.296554478283515,21.296554478283515
0.25,12,0.41,-0.1275745097695537,0.2926404099249948,-18.354112863987027,0.0
0.25,12,0.42,-0.1337546394796794,-0.3436853460069251,-16.419974037353114,0.0
0.25,12,0.43,-0.1344482166896922,-0.0357590708220678,11.911381249323302,11.911381249323302
0.25,12,0.44,-0.1344698208961207,-0.1054577210204588,-2.9590214989548578,0.0
0.25,12,0.45,-0.1365573711101014,-0.094939500801165,12.3553180895004,12.3553180895004
0.25,12,0.46,-0.136368610912144,0.1416486407695494,18.909732851645305,18.909732851645305
0.25,12,0.47,-0.1337243982947104,0.2832551562317409,-25.27990503494717,0.0
0.25,12,0.48,-0.1307035077875092,-0.3639494599293975,-30.869691982828556,0.0
0.25,12,0.49,-0.1410033874932983,-0.3341386834248308,25.72861712191454,25.72861712191454
0.25,12,0.5,-0.1373862814560058,0.1506228825088937,16.953872849064073,16.953872849064073
0.25,12,0.51,-0.1379909298431205,0.004938773556451,-17.25611451686644,0.0
0.25,12,0.52,-0.1372875059848768,-0.1944994078284354,8.459337929458803,8.459337929458803
0.25,12,0.53,-0.1418809179996892,0.1741255321456272,7.416917014288673,7.416917014288673
0.25,12,0.54,-0.1338049953419643,-0.0461610675426618,-12.545414001722165,0.0
0.25,12,0.55,-0.1428041393505424,-0.0767827478888163,-1.8716568755769534,0.0
0.25,12,0.56,-0.1353406502997406,-0.0835942050542009,-10.01246048755264,0.0
0.25,12,0.57,-0.1444760234516262,-0.2770319576398661,12.709064737247123,12.709064737247123
0.25,12,0.58,-0.1408812894525377,0.1705870896907475,11.6957642563459,11.6957642563459
0.25,12,0.59,-0.1410642816578113,-0.0431166725129479,-8.977249958323327,0.0
0.25,12,0.6,-0.1417436229027967,-0.0089579094757192,5.71462012957661,5.71462012957661
0.25,12,0.61,-0.1412434398473257,0.0711757300785844,-5.972343691691989,0.0
0.25,12,0.62,-0.140320108301225,-0.1284047833095591,-16.628908639757945,0.0
0.25,12,0.63,-0.1438115355135168,-0.2614024427165748,4.545717747265636,4.545717747265636
0.25,12,0.64,-0.1455481571555565,-0.0374904283642463,13.659258389515678,13.659258389515678
0.25,12,0.65,-0.1445613440808018,0.011782725073739,10.306064104237787,10.306064104237787
0.25,12,0.66,-0.1453125026540817,0.1686308537205096,-1.0228479374330992,0.0
0.25,12,0.67,-0.1411887270063916,-0.008674233674923,-20.002514317717402,0.0
0.25,12,0.68,-0.1454859873275802,-0.2314194326338388,-1.1782507926598214,0.0
0.25,12,0.69,-0.1458171156590684,-0.032239249528124,18.388069582903658,18.388069582903658
0.25,12,0.7,-0.1461307723181427,0.1363419590242323,1.316551100851269,1.316551100851269
0.25,12,0.71,-0.1430902764785837,-0.0059082275110986,-8.774117853839137,0.0
0.25,12,0.72,-0.1462489368683647,-0.0391403980525506,11.37087774015509,11.37087774015509
0.25,12,0.73,-0.1438730844396347,0.2215093272920034,-0.4360985450010193,0.0
0.25,12,0.74,-0.1418187503225246,-0.047862368952571,-17.870363001850343,0.0
0.25,12,0.75,-0.1448303318186862,-0.1358979327450038,2.9807454808730975,2.9807454808730975
0.25,12,0.76,-0.1445367089774247,0.011752540664891,14.033486032067339,14.033486032067339
0.25,12,0.77,-0.1445952810053883,0.1447717878963432,-10.84218844739325,0.0
0.25,12,0.78,-0.1416412732194978,-0.2050912282829742,-15.970689922729367,0.0
0.25,12,0.79,-0.1486971055710478,-0.1746420105582444,13.066395886104663,13.066395886104663
0.25,12,0.8,-0.1451341134306627,0.0562366894391193,12.419624987968653,12.419624987968653
0.25,12,0.81,-0.1475723717822654,0.0737504892011289,-10.57815687821431,0.0
0.25,12,0.82,-0.1436591036466402,-0.1553264481251632,-19.709377722059195,0.0
0.25,12,0.83,-0.1506789007447688,-0.3204370652400525,8.867978418179307,8.867978418179307
0.25,12,0.84,-0.1500678449514413,0.0220331202384231,16.812354509085406,16.812354509085406
0.25,12,0.85,-0.1502382383400003,0.0158100249416559,6.40070109923436,6.40070109923436
0.25,12,0.86,-0.1497516444526081,0.1500471422231104,-2.025884570774388,0.0
0.25,12,0.87,-0.1472372954955381,-0.0247076664738319,-6.449146495659705,0.0
0.25,12,0.88,-0.1502457977820848,0.0210642123099162,6.2402678605848845,6.2402678605848845
0.25,12,0.89,-0.1468160112493398,0.1000976907378659,-5.355662287158215,0.0
0.25,12,0.9,-0.1482438439673274,-0.0860490334332482,4.878253187015596,4.878253187015596
0.25,12,0.91,-0.1485369919180048,0.1976627544781779,-1.287937498705504,0.0
0.25,12,0.92,-0.1442905888777639,-0.1118077834073583,-24.727340598693033,0.0
0.25,12,0.93,-0.1507731475861519,-0.2968840574956832,23.113825997361594,23.113825997361594
0.25,12,0.94,-0.1502282700276776,0.3504687365398622,11.163239990302447,11.163239990302447
0.25,12,0.95,-0.1437637728553547,-0.0736192576896472,-28.015882351837245,0.0
0.25,12,0.96,-0.1517006551814705,-0.2098489104968832,7.071800336683763,7.071800336683763
0.25,12,0.97,-0.1479607510652923,0.0678167490440282,12.07315972713173,12.07315972713173
0.25,12,0.98,-0.15034432020059,0.0316142840457516,-8.200805556770328,0.0
0.25,12,0.99,-0.1473284653843773,-0.0961993620913785,-26.27992449248859,0.0
0.25,12,1.0,-0.1522683074424175,-0.4939842058040207,-39.778484371264184,0.0
0.25,13,0.01,-0.0006326482780023,-0.0215350211986083,-1.4570497275074996,0.0
0.25,13,0.02,-0.0008479984899884,-0.0361055184736833,-2.6749315822652813,0.0
0.25,13,0.03,-0.0013547586474759,-0.0750336528439139,-4.478753287975386,0.0
0.25,13,0.04,-0.0023486715468666,-0.125680584233191,-5.083110990542677,0.0
0.25,13,0.05,-0.0038683703321398,-0.1766958726547675,-5.654743202886181,0.0
0.25,13,0.06,-0.005882588999962,-0.2387754482909146,-3.33315191449468,0.0
0.25,13,0.07,-0.0086438792979581,-0.243358910944661,-4.633475205834664,0.0
0.25,13,0.08,-0.0107497672188552,-0.3314449524076078,-9.243709459296053,0.0
0.25,13,0.09,-0.0152727783461102,-0.4282331001305819,-1.9632703893609076,0.0
0.25,13,0.1,-0.0193144292214669,-0.3707103601948257,-1.849444243685955,0.0
0.25,13,0.11,-0.0226869855500067,-0.4652219850043008,-9.988478670173386,0.0
0.25,13,0.12,-0.0286188689215529,-0.5704799335982933,2.6552097083488277,2.6552097083488277
0.25,13,0.13,-0.0340965842219726,-0.4121177908373239,10.662708379299328,10.662708379299328
0.25,13,0.14,-0.0368612247382994,-0.3572257660123066,-13.603973025566269,0.0
0.25,13,0.15,-0.0412410995422187,-0.6841972513486481,-20.02300977714939,0.0
0.25,13,0.16,-0.0505451697652723,-0.7576859615552936,11.952863524491878,11.952863524491878
0.25,13,0.17,-0.0563948187733246,-0.4451399808588103,4.609712636946689,4.609712636946689
0.25,13,0.18,-0.0594479693824485,-0.6654917088163583,5.470503510298332,5.470503510298332
0.25,13,0.19,-0.0697046529496518,-0.3357299106528422,7.816566656720852,7.816566656720852
0.25,13,0.2,-0.0661625675955054,-0.5091603756819412,-30.948445032337304,0.0
0.25,13,0.21,-0.0798878604632906,-0.9546988112995872,20.460629138922048,20.460629138922048
0.25,13,0.22,-0.0852565438214971,-0.0999477929034968,27.048897418398827,27.048897418398827
0.25,13,0.23,-0.0818868163213605,-0.4137208629316102,-22.00698572845802,0.0
0.25,13,0.24,-0.0935309610801292,-0.5400875074726574,-3.9084946783427412,0.0
0.25,13,0.25,-0.0926885664708136,-0.4918907564984645,7.885769658855452,7.885769658855452
0.25,13,0.26,-0.1033687762100985,-0.3823721142955483,14.447219589746432,14.447219589746432
0.25,13,0.27,-0.1003360087567246,-0.2029463647035356,-4.431071274672586,0.0
0.25,13,0.28,-0.1074277035041693,-0.4709935397890001,-17.47735801918656,0.0
0.25,13,0.29,-0.1097558795525046,-0.5524935250872671,-6.427144936842151,0.0
0.25,13,0.3,-0.1184775740059146,-0.5995364385258428,16.444047881214217,16.444047881214217
0.25,13,0.31,-0.1217466083230214,-0.2236125674629825,17.964972051426983,17.964972051426983
0.25,13,0.32,-0.1229498253551743,-0.2402369974973028,2.8735339096864987,2.8735339096864987
0.25,13,0.33,-0.1265513482729675,-0.1661418892692525,33.43904354434281,33.43904354434281
0.25,13,0.34,-0.1262726631405593,0.4285438733895539,9.895594923544417,9.895594923544417
0.25,13,0.35,-0.1179804708051765,0.031770009201641,-47.8234367186138,0.0
0.25,13,0.36,-0.1256372629565266,-0.5279248609827212,6.434682838755808,6.434682838755808
0.25,13,0.37,-0.1285389680248309,0.1604636659767573,21.554746748634894,21.554746748634894
0.25,13,0.38,-0.1224279896369915,-0.0968299260100229,-16.02890695517652,0.0
0.25,13,0.39,-0.1304755665450314,-0.1601144731267734,8.083399252286663,8.083399252286663
0.25,13,0.4,-0.1256302790995269,0.0648380590357105,1.896787183821738,1.896787183821738
0.25,13,0.41,-0.1291788053643171,-0.1221787294503364,1.5042440684508858,1.5042440684508858
0.25,13,0.42,-0.1280738536885337,0.0949229404047304,-13.655701566261493,0.0
0.25,13,0.43,-0.1272803465562225,-0.3952927607755665,-21.57134317253371,0.0
0.25,13,0.44,-0.135979708904045,-0.3365039230459441,46.2445469816486,46.2445469816486
0.25,13,0.45,-0.1340104250171414,0.5295981788574062,31.49076218306896,31.49076218306896
0.25,13,0.46,-0.1253877453268969,0.2933113206154356,-58.78167309368689,0.0
0.25,13,0.47,-0.1281441986048326,-0.6460352830163254,-28.974487814522934,0.0
0.25,13,0.48,-0.1383084509872234,-0.2861784356750148,37.014423514432394,37.014423514432394
0.25,13,0.49,-0.1338677673183329,0.0942531872723231,4.463563464277565,4.463563464277565
0.25,13,0.5,-0.1364233872417769,-0.1969071663894634,-6.8601647342581344,0.0
0.25,13,0.51,-0.1378059106461222,-0.0429501074128397,11.507846380408786,11.507846380408786
0.25,13,0.52,-0.1372823893900337,0.0332497612187125,9.692673091050782,9.692673091050782
0.25,13,0.53,-0.1371409154217479,0.1509033544081761,-4.072235341207212,0.0
0.25,13,0.54,-0.1342643223018702,-0.0481949456054318,-26.466789239956487,0.0
0.25,13,0.55,-0.1381048143338566,-0.3784324303909541,6.585662081769909,6.585662081769909
0.25,13,0.56,-0.1418329709096893,0.0835182960299665,34.72311431751541,34.72311431751541
0.25,13,0.57,-0.1364344484132573,0.3160298559593535,-0.4229941255278695,0.0
0.25,13,0.58,-0.1355123737905023,0.0750584135194039,-35.61872929698221,0.0
0.25,13,0.59,-0.1349332801428693,-0.3963447299802913,-10.31763529912072,0.0
0.25,13,0.6,-0.1434392683901081,-0.1312942924630107,29.70767445395174,29.70767445395174
0.25,13,0.61,-0.1375591659921295,0.197808759098744,-2.4350033733414786,0.0
0.25,13,0.62,-0.1394830932081333,-0.1799943599298403,-5.245316776439552,0.0
0.25,13,0.63,-0.1411590531907263,0.0929024235699529,8.395489758925294,8.395489758925294
0.25,13,0.64,-0.1376250447367342,-0.0120845647513343,-9.870922806871882,0.0
0.25,13,0.65,-0.141400744485753,-0.1045160325674849,-7.822764400336928,0.0
0.25,13,0.66,-0.1397153653880839,-0.168539852758073,8.369442445111448,8.369442445111448
0.25,13,0.67,-0.1447715415409144,0.0628728163347442,18.679838425213703,18.679838425213703
0.25,13,0.68,-0.138457909061389,0.2050569157462014,-1.4405460257073353,0.0
0.25,13,0.69,-0.1406704032259903,0.0340618958206011,-11.730465588005345,0.0
0.25,13,0.7,-0.137776671144977,-0.0295523960139032,-17.51111206311407,0.0
0.25,13,0.71,-0.1412614511462684,-0.3161603454416806,-9.968069731820332,0.0
0.25,13,0.72,-0.1440998780538106,-0.22891379065031,21.928831804909766,21.928831804909766
0.25,13,0.73,-0.1458397269592746,0.1224162906565151,15.320666077095773,15.320666077095773
0.25,13,0.74,-0.1416515522406803,0.0774995308916057,-18.615503511064205,0.0
0.25,13,0.75,-0.1442897363414425,-0.2498937795647693,-3.0881238120079577,0.0
0.25,13,0.76,-0.1466494278319756,0.0157370546514465,16.50721454674991,16.50721454674991
0.25,13,0.77,-0.1439749952484135,0.0802505113702292,-5.59216517970785,0.0
0.25,13,0.78,-0.1450444176045711,-0.0961062489427106,-3.666798167519222,0.0
0.25,13,0.79,-0.1458971202272677,0.0069145480198447,1.7539802829236582,1.7539802829236582
0.25,13,0.8,-0.1449061266441742,-0.0610266432842374,-7.109862814402659,0.0
0.25,13,0.81,-0.1471176530929525,-0.1352827082682086,9.034204295747815,9.034204295747815
0.25,13,0.82,-0.1476117808095383,0.1196574426307144,15.653665620882773,15.653665620882773
0.25,13,0.83,-0.1447245042403382,0.1777906041494432,-15.642722868822098,0.0
0.25,13,0.84,-0.1440559687265495,-0.1931970147457278,-17.092304423397422,0.0
0.25,13,0.85,-0.1485884445352528,-0.1640554843185055,9.832892863424757,9.832892863424757
0.25,13,0.86,-0.1473370784129196,0.0034608425227675,6.719223036560464,6.719223036560464
0.25,13,0.87,-0.1485192276847974,-0.0296710235872961,8.836503260046188,8.836503260046188
0.25,13,0.88,-0.1479304988846655,0.1801909077236914,16.783038422798565,16.783038422798565
0.25,13,0.89,-0.1449154095303236,0.3059897448686755,-17.870057860132455,0.0
0.25,13,0.9,-0.141810703987292,-0.177210249478958,-29.790459193354188,0.0
0.25,13,0.91,-0.1484596145199027,-0.2898194389984088,6.455878309034354,6.455878309034354
0.25,13,0.92,-0.1476070927672602,-0.0480926832982708,14.011674385350748,14.011674385350748
0.25,13,0.93,-0.1494214681858681,-0.0095859512913936,1.0378216089998735,1.0378216089998735
0.25,13,0.94,-0.1477988117930881,-0.0273362511182728,2.799536992715182,2.799536992715182
0.25,13,0.95,-0.1499681932082336,0.0464047885629108,11.0457415110046,11.0457415110046
0.25,13,0.96,-0.1468707160218299,0.1935785791018194,-8.377961875588177,0.0
0.25,13,0.97,-0.1460966216261973,-0.1211544489488529,-22.10954942181036,0.0
0.25,13,0.98,-0.1492938050008069,-0.2486124093343882,7.848635849399418,7.848635849399418
0.25,13,0.99,-0.151068869812885,0.0358182680391356,24.887771331023362,24.887771331023362
0.25,13,1.0,-0.1485774396400242,0.2491430172860795,21.33247492469437,21.33247492469437
0.25,14,0.01,-0.0012786757182782,-0.019686485209584,-1.05747769710655,0.0
0.25,14,0.02,-0.0014755405703741,-0.0302612621806495,-1.9168506167182007,0.0
0.25,14,0.03,-0.0018839009618912,-0.058023497543948,-3.41148323419792,0.0
0.25,14,0.04,-0.002636010521253,-0.0984909268646079,-4.3165928115223,0.0
0.25,14,0.05,-0.0038537194991834,-0.144355353774394,-5.3737663777781774,0.0
0.25,14,0.06,-0.0055231175967409,-0.2059662544201714,-5.249114420005143,0.0
0.25,14,0.07,-0.0079730445875868,-0.2493376421744969,-3.352814660079952,0.0
0.25,14,0.08,-0.0105098704402309,-0.2730225476217705,-4.03562872052912,0.0
0.25,14,0.09,-0.0134334955400222,-0.3300502165850792,-3.1438048292784533,0.0
0.25,14,0.1,-0.0171108747719324,-0.3358986442073395,-0.9687465519412299,0.0
0.25,14,0.11,-0.020151468424169,-0.3494251476239038,-6.977425423238785,0.0
0.25,14,0.12,-0.0240993777244105,-0.4754471526721151,-3.849200001933422,0.0
0.25,14,0.13,-0.0296604114776113,-0.426409147662572,-0.7339384731258463,0.0
0.25,14,0.14,-0.032627560677662,-0.4901259221346321,-11.274484798297213,0.0
0.25,14,0.15,-0.0394629299203039,-0.6518988436285158,-0.5195240426544743,0.0
0.25,14,0.16,-0.0456655375502323,-0.5005164029877207,17.706718041646297,17.706718041646297
0.25,14,0.17,-0.0494732579800584,-0.2977644827955896,9.65923991406543,9.65923991406543
0.25,14,0.18,-0.0516208272061441,-0.3073316047064116,-20.5456231327402,0.0
0.25,14,0.19,-0.0556198900741866,-0.7086769454503945,-13.64973203788388,0.0
0.25,14,0.2,-0.065794366115152,-0.5803262454640894,21.117791062414263,21.117791062414263
0.25,14,0.21,-0.0672264149834684,-0.28632112420211,26.64273173773389,26.64273173773389
0.25,14,0.22,-0.0715207885991942,-0.0474716107094121,6.056341938338589,6.056341938338589
0.25,14,0.23,-0.0681758471976567,-0.1651942854353381,-31.476388611925465,0.0
0.25,14,0.24,-0.0748246743079009,-0.67699938294792,-28.13453438456349,0.0
0.25,14,0.25,-0.081715834856615,-0.7278849731266064,-3.528051708946208,0.0
0.25,14,0.26,-0.0893823737704331,-0.7475604171268442,22.925289411179357,22.925289411179357
0.25,14,0.27,-0.0966670431991519,-0.2693791849030189,14.92388931846137,14.92388931846137
0.25,14,0.28,-0.0947699574684934,-0.4490826307576165,-21.193656422085127,0.0
0.25,14,0.29,-0.1056486958143042,-0.6932523133447202,9.256263593121624,9.256263593121624
0.25,14,0.3,-0.1086350037353878,-0.2639573588951807,32.61723552005195,32.61723552005195
0.25,14,0.31,-0.1109278429922078,-0.0409076029436805,-1.7268680169119737,0.0
0.25,14,0.32,-0.1094531557942614,-0.2984947192334202,-4.8931441625170695,0.0
0.25,14,0.33,-0.1168977373768762,-0.138770486194022,-6.805598878267499,0.0
0.25,14,0.34,-0.1122285655181418,-0.4346066967987703,-17.383301901714546,0.0
0.25,14,0.35,-0.1255898713128515,-0.4864365242283135,23.146752973793713,23.146752973793713
0.25,14,0.36,-0.121957296002708,0.0283283626771062,4.142911272324085,4.142911272324085
0.25,14,0.37,-0.1250233040593093,-0.4035782987818317,-17.720934848899656,0.0
0.25,14,0.38,-0.1300288619783447,-0.3260903343008872,22.44567537629341,22.44567537629341
0.25,14,0.39,-0.1315451107453271,0.0453352087440368,17.83089619122789,17.83089619122789
0.25,14,0.4,-0.1291221578034639,0.0305275895236709,-21.790025026591326,0.0
0.25,14,0.41,-0.1309345589548536,-0.3904652917877866,-14.181418159388446,0.0
0.25,14,0.42,-0.1369314636392197,-0.2531007736640944,16.02638059437143,16.02638059437143
0.25,14,0.43,-0.1359965744281355,-0.0699376799003577,1.8854081817162918,1.8854081817162918
0.25,14,0.44,-0.1383302172372268,-0.2153926100297685,5.816106285471214,5.816106285471214
0.25,14,0.45,-0.1403044266287309,0.0463844458090667,15.618930030354178,15.618930030354178
0.25,14,0.46,-0.1374025283210455,0.0969859905773153,-13.428468379628269,0.0
0.25,14,0.47,-0.1383647068171845,-0.2221849217834961,-3.7879367992099082,0.0
0.25,14,0.48,-0.1418462267567155,0.0212272545931204,11.001037731480507,11.001037731480507
0.25,14,0.49,-0.1379401617253221,-0.0021641671538858,-29.684939782043354,0.0
0.25,14,0.5,-0.1418895100997932,-0.5724715410477472,9.26256261508052,9.26256261508052
0.25,14,0.51,-0.1493895925462771,0.1830870851477248,30.43810463707072,30.43810463707072
0.25,14,0.52,-0.1382277683968387,0.0362905516936677,-21.234319379426722,0.0
0.25,14,0.53,-0.1486637815124037,-0.24159930244081,9.592780875590764,9.592780875590764
0.25,14,0.54,-0.1430597544456549,0.2281461692054831,28.34908296418225,28.34908296418225
0.25,14,0.55,-0.1441008581282941,0.3253823568428355,-23.919304032373454,0.0
0.25,14,0.56,-0.1365521073087982,-0.2502399114419864,-33.347740490076575,0.0
0.25,14,0.57,-0.1491056563571335,-0.3415724529586983,21.255404611481744,21.255404611481744
0.25,14,0.58,-0.1433835563679719,0.1748681807876533,27.157604632767658,27.157604632767658
0.25,14,0.59,-0.1456082927413805,0.2015796396966553,-10.264285791134485,0.0
0.25,14,0.6,-0.1393519635740388,-0.0304175350350366,-34.48591163957536,0.0
0.25,14,0.61,-0.1462166434420812,-0.4881385930948525,7.4435695782336335,7.4435695782336335
0.25,14,0.62,-0.1491147354359359,0.1184538565296362,35.312378275830945,35.312378275830945
0.25,14,0.63,-0.1438475663114885,0.218108972421767,-22.916490005017806,0.0
0.25,14,0.64,-0.1447525559875006,-0.3398759435707204,-17.623110524942945,0.0
0.25,14,0.65,-0.1506450851829029,-0.1343532380770922,29.984852062531495,29.984852062531495
0.25,14,0.66,-0.1474396207490424,0.25982109767991,6.0249442859406255,6.0249442859406255
0.25,14,0.67,-0.1454486632293047,-0.0138543523582796,-22.00027575395878,0.0
0.25,14,0.68,-0.147716707796208,-0.1801844173992659,7.055239202316146,7.055239202316146
0.25,14,0.69,-0.14905235157729,0.1272504316880374,5.307117447902553,5.307117447902553
0.25,14,0.7,-0.1451716991624472,-0.074042068441221,-0.4204649720971343,0.0
0.25,14,0.71,-0.1505331929461144,0.1188411322460947,5.408552311592175,5.408552311592175
0.25,14,0.72,-0.1427948765175253,0.0341289777906226,-16.036183283252633,0.0
0.25,14,0.73,-0.149850613390302,-0.2018825334189582,8.403237613269793,8.403237613269793
0.25,14,0.74,-0.1468325271859045,0.2021937300560186,8.680484725413868,8.680484725413868
0.25,14,0.75,-0.1458067387891816,-0.0282728389106807,-14.068796904076107,0.0
0.25,14,0.76,-0.1473979839641181,-0.0791822080255038,-7.891774212391175,0.0
0.25,14,0.77,-0.1473903829496917,-0.1861083231585043,-5.355306088372421,0.0
0.25,14,0.78,-0.1511201504272882,-0.1862883297929523,17.644494303570184,17.644494303570184
0.25,14,0.79,-0.1511161495455507,0.1667815629128997,9.655490178919948,9.655490178919948
0.25,14,0.8,-0.1477845191690302,0.0068214737854468,-12.910293668763185,0.0
0.25,14,0.81,-0.1509797200698418,-0.0914243104623642,0.11503313418710093,0.11503313418710093
0.25,14,0.82,-0.1496130053782775,0.0091221364691866,1.3401367783678326,1.3401367783678326
0.25,14,0.83,-0.1507972773404581,-0.0646215748950096,-1.444952850534024,0.0
0.25,14,0.84,-0.1509054368761777,-0.0197769205414939,-7.4450012985475436,0.0
0.25,14,0.85,-0.1511928157512879,-0.2135216008659606,11.292814506943872,11.292814506943872
0.25,14,0.86,-0.1551758688934969,0.2060793695973837,14.073144694961156,14.073144694961156
0.25,14,0.87,-0.1470712283593403,0.0679412930332628,-28.33599899050629,0.0
0.25,14,0.88,-0.1538170430328316,-0.3606406102127426,2.435345171774944,2.435345171774944
0.25,14,0.89,-0.1542840405635951,0.1166481964687617,37.9181346996802,37.9181346996802
0.25,14,0.9,-0.1514840791034564,0.3977220837808621,-6.642496778774185,0.0
0.25,14,0.91,-0.1463295988879779,-0.0162017391067221,-19.1430384402086,0.0
0.25,14,0.92,-0.1518081138855908,0.0148613149766898,10.71447896802969,10.71447896802969
0.25,14,0.93,-0.1460323725884441,0.1980878402538719,-26.151225455790065,0.0
0.25,14,0.94,-0.1478463570805133,-0.5081631941390992,-24.44166615276844,0.0
0.25,14,0.95,-0.1561956364712261,-0.2907454828014844,42.30401011968051,42.30401011968051
0.25,14,0.96,-0.153661266736543,0.3379170082545117,22.5148856323375,22.5148856323375
0.25,14,0.97,-0.1494372963061359,0.159552229845266,-29.527543127118175,0.0
0.25,14,0.98,-0.1504702221396377,-0.2526338542878523,-8.144297941124089,0.0
0.25,14,0.99,-0.1544899733918929,-0.0033337289772159,32.397076077947006,32.397076077947006
0.25,14,1.0,-0.150536896719182,0.3953076672710883,39.864139624830386,39.864139624830386
0.25,15,0.01,-0.0007348280469012,-0.0313919304702093,-2.2730981954512,0.0
0.25,15,0.02,-0.0010487473516033,-0.0541229124247213,-3.539275369169421,0.0
0.25,15,0.03,-0.0018172862953957,-0.1021774378535977,-5.224467848715804,0.0
0.25,15,0.04,-0.0030922961086753,-0.1586122693990374,-6.497561208927633,0.0
0.25,15,0.05,-0.0049895316833764,-0.2321286620321504,-5.953293401162641,0.0
0.25,15,0.06,-0.0077348693493183,-0.2776781374222902,-4.15619217267437,0.0
0.25,15,0.07,-0.0105430944318222,-0.3152525054856378,-3.6930362560131584,0.0
0.25,15,0.08,-0.014039919459031,-0.3515388625425534,-3.5328337191346915,0.0
0.25,15,0.09,-0.0175738716826733,-0.3859091798683316,-8.281255459343008,0.0
0.25,15,0.1,-0.0217581030563977,-0.5171639717294138,-6.893001992079476,0.0
0.25,15,0.11,-0.0279171511172615,-0.5237692197099213,2.9219517138175704,2.9219517138175704
0.25,15,0.12,-0.0322334874505961,-0.4587249374530624,8.647278699347094,8.647278699347094
0.25,15,0.13,-0.0370916498663228,-0.3508236457229794,-9.413217698829548,0.0
0.25,15,0.14,-0.0392499603650557,-0.6469892914296536,-22.649657324082515,0.0
0.25,15,0.15,-0.0500314356949158,-0.80381679220463,3.5284526946392027,3.5284526946392027
0.25,15,0.16,-0.0553262962091483,-0.5764202375368686,13.80201002611927,13.80201002611927
0.25,15,0.17,-0.0615598404456532,-0.5277765916822443,8.107961977020164,8.107961977020164
0.25,15,0.18,-0.0658818280427932,-0.4142609979964655,1.7426822418740926,1.7426822418740926
0.25,15,0.19,-0.0698450604055825,-0.4929229468447631,-5.784396152995772,0.0
0.25,15,0.2,-0.0757402869796884,-0.529948921056381,-5.9092247571958545,0.0
0.25,15,0.21,-0.0804440388267101,-0.61110744198868,-11.032588931294217,0.0
0.25,15,0.22,-0.087962435819462,-0.7506006996822654,-8.70542991376237,0.0
0.25,15,0.23,-0.0954560528203555,-0.7852160402639274,34.112059187019646,34.112059187019646
0.25,15,0.24,-0.1036667566247406,-0.068359515941875,27.57700099576828,27.57700099576828
0.25,15,0.25,-0.0968232431391929,-0.2336760203485646,-19.69325310970776,0.0
0.25,15,0.26,-0.1083402770317119,-0.4622245781360306,7.333529694444558,7.333529694444558
0.25,15,0.27,-0.1060677347019136,-0.0870054264596733,-14.598363004835043,0.0
0.25,15,0.28,-0.1100803855609053,-0.7541918382327317,-39.44268665035062,0.0
0.25,15,0.29,-0.1211515714665681,-0.8758591594666871,56.96944162748147,56.96944162748147
0.25,15,0.3,-0.1275975687502391,0.3851969943169031,43.478847408763606,43.478847408763606
0.25,15,0.31,-0.1134476315802301,-0.0062822112914142,-60.256482686684706,0.0
0.25,15,0.32,-0.1277232129760673,-0.8199326594167919,-11.577272744406375,0.0
0.25,15,0.33,-0.1298462847685659,-0.2378276661795419,31.722980618706643,31.722980618706643
0.25,15,0.34,-0.1324797662996582,-0.1854730470426586,10.487775987943818,10.487775987943818
0.25,15,0.35,-0.1335557457094191,-0.0280721464206665,5.531506888980633,5.531506888980633
0.25,15,0.36,-0.1330412092280715,-0.0748429092630473,12.49578451770311,12.49578451770311
0.25,15,0.37,-0.13505260389468,0.2218435439333959,20.39117345567949,20.39117345567949
0.25,15,0.38,-0.1286043383494036,0.3329805598505428,-34.81288431167614,0.0
0.25,15,0.39,-0.1283929926976691,-0.4744141423001276,-38.24961421035128,0.0
0.25,15,0.4,-0.1380926211954062,-0.4320117243564834,18.046243161526725,18.046243161526725
0.25,15,0.41,-0.1370332271847988,-0.1134892790695953,23.761535430527083,23.761535430527083
0.25,15,0.42,-0.1403624067767981,0.0432189842540564,1.8858306990535887,1.8858306990535887
0.25,15,0.43,-0.1361688474997177,-0.0757726650885235,-11.564528579633109,0.0
0.25,15,0.44,-0.1418778600785686,-0.188071587338606,-1.804033918495838,0.0
0.25,15,0.45,-0.1399302792464898,-0.1118533434584403,5.8859500120180295,5.8859500120180295
0.25,15,0.46,-0.1441149269477374,-0.0703525870982453,-2.7854107052469157,0.0
0.25,15,0.47,-0.1413373309884548,-0.1675615575633777,3.07055603914368,3.07055603914368
0.25,15,0.48,-0.147466158099005,-0.0089414663153704,16.51083085724976,16.51083085724976
0.25,15,0.49,-0.1415161603147622,0.1626550595816178,-8.381254761518512,0.0
0.25,15,0.5,-0.1442130569073726,-0.1765665615457408,-8.747655508499484,0.0
0.25,15,0.51,-0.145047491545677,-0.012298050588372,21.716590362349013,21.716590362349013
0.25,15,0.52,-0.1444590179191401,0.2577652457012398,10.809620197221765,10.809620197221765
0.25,15,0.53,-0.1398921866316522,0.2038943533560635,-15.984915234346602,0.0
0.25,15,0.54,-0.1403811308520188,-0.0619330589856925,-11.621264863946465,0.0
0.25,15,0.55,-0.1411308478113661,-0.028530943922866,-11.670689455578245,0.0
0.25,15,0.56,-0.1409517497304761,-0.2953468480972576,-8.368394406106207,0.0
0.25,15,0.57,-0.1470377847733111,-0.1958988320449934,27.004415950560887,27.004415950560887
0.25,15,0.58,-0.1448697263713759,0.2447414709139614,22.698049958298377,22.698049958298377
0.25,15,0.59,-0.1421429553550318,0.2580621671209746,-16.910972901770215,0.0
0.25,15,0.6,-0.1397084830289564,-0.0934779871214432,-24.517395119783295,0.0
0.25,15,0.61,-0.1440125150974607,-0.2322857352746918,-4.057506612810301,0.0
0.25,15,0.62,-0.1443541977344502,-0.1746281193776493,27.551460492644622,27.551460492644622
0.25,15,0.63,-0.1475050774850137,0.3187434745782012,19.27807056835904,19.27807056835904
0.25,15,0.64,-0.1379793282428862,0.2109332919895319,-26.099957182028284,0.0
0.25,15,0.65,-0.1432864116452231,-0.203255669062365,-3.0436125288607823,0.0
0.25,15,0.66,-0.1420444416241335,0.1500610414123162,7.7457192263766075,7.7457192263766075
0.25,15,0.67,-0.1402851908169767,-0.0483412845348327,-14.471314490260783,0.0
0.25,15,0.68,-0.1430112673148302,-0.1393652483928997,-6.036030545364209,0.0
0.25,15,0.69,-0.1430724957848347,-0.169061895442117,-5.514283640952785,0.0
0.25,15,0.7,-0.1463925052236725,-0.2496509212119555,11.540198000212675,11.540198000212675
0.25,15,0.71,-0.1480655142090739,0.0617420645621367,18.94076625119621,18.94076625119621
0.25,15,0.72,-0.1451576639324298,0.129164403811969,4.473665110023621,4.473665110023621
0.25,15,0.73,-0.1454822261328345,0.1512153667626092,0.3660591192789395,0.3660591192789395
0.25,15,0.74,-0.1421333565971776,0.1364855861975478,-24.711023393433003,0.0
0.25,15,0.75,-0.1427525144088835,-0.3430051011060513,-17.664608190322298,0.0
0.25,15,0.76,-0.1489934586192986,-0.2168065776088985,27.42202027776323,27.42202027776323
0.25,15,0.77,-0.1470886459610615,0.2054353044492138,10.036037427649706,10.036037427649706
0.25,15,0.78,-0.1448847525303143,-0.0160858290559042,-14.549513607945057,0.0
0.25,15,0.79,-0.1474103625421796,-0.0855549677096876,10.611388081654146,10.611388081654146
0.25,15,0.8,-0.1465958518845081,0.1961419325771789,0.9227406649616738,0.9227406649616738
0.25,15,0.81,-0.143487523890636,-0.0671001544104541,-9.311894800932828,0.0
0.25,15,0.82,-0.1479378549727171,0.0099040365585194,2.203627481715416,2.203627481715416
0.25,15,0.83,-0.1432894431594655,-0.0230276047761472,-12.477425346535428,0.0
0.25,15,0.84,-0.14839840706824,-0.2396444703721894,-0.127318079652605,0.0
0.25,15,0.85,-0.1480823325669093,-0.0255739663691993,6.038448643713589,6.038448643713589
0.25,15,0.86,-0.148909886395624,-0.1188754974979175,-0.8783035030502744,0.0
0.25,15,0.87,-0.1504598425168677,-0.0431400364302048,17.952385128375003,17.952385128375003
0.25,15,0.88,-0.1497726871242281,0.2401722050695829,11.5199437348766,11.5199437348766
0.25,15,0.89,-0.145656398415476,0.1872588382673274,-12.567328514608073,0.0
0.25,15,0.9,-0.1460275103588816,-0.0111743652225788,-17.293835593631425,0.0
0.25,15,0.91,-0.1458798857199276,-0.1586178736053014,-1.172567046943704,0.0
0.25,15,0.92,-0.1491998678309876,-0.0346257061614529,3.654241925141033,3.654241925141033
0.25,15,0.93,-0.1465723998431567,-0.0855330351024807,-5.501304468885005,0.0
0.25,15,0.94,-0.1509105285330371,-0.1446517955391524,4.172265853418762,4.172265853418762
0.25,15,0.95,-0.1494654357539397,-0.0020877180341036,15.086660281903427,15.086660281903427
0.25,15,0.96,-0.1509522828937192,0.1570814100989164,5.28210225774014,5.28210225774014
0.25,15,0.97,-0.1463238075519613,0.1035543271206993,-8.110423666896283,0.0
0.25,15,0.98,-0.1488811963513052,-0.0051270632390094,-1.9593172299137587,0.0
0.25,15,0.99,-0.1464263488167415,0.0643679825224241,-5.58108625862548,0.0
0.25,15,1.0,-0.1475938367008567,-0.1167487884115191,-18.111677093394302,0.0
0.25,16,0.01,-0.0002451530199995,-0.0176442125878829,-1.4874143904104402,0.0
0.25,16,0.02,-0.0004215951458783,-0.0325183564919873,-2.782535265662811,0.0
0.25,16,0.03,-0.0008955201498392,-0.0732949179011391,-4.93615752773171,0.0
0.25,16,0.04,-0.0018874935039011,-0.1312415070466215,-5.758204355384703,0.0
0.25,16,0.05,-0.0035203502907716,-0.1884590050088332,-6.123771962275426,0.0
0.25,16,0.06,-0.0056566736040777,-0.25371694629213,-4.9755788008848985,0.0
0.25,16,0.07,-0.0085946892166142,-0.2879705810265311,-3.9629954928328814,0.0
0.25,16,0.08,-0.0114160852246084,-0.3329768561487876,-1.9237710190873951,0.0
0.25,16,0.09,-0.01525422633959,-0.326446001408279,-1.2102252100192388,0.0
0.25,16,0.1,-0.0179450052527739,-0.3571813603491724,-1.3508400050664378,0.0
0.25,16,0.11,-0.0223978535465734,-0.3534628015096078,-12.134261320334279,0.0
0.25,16,0.12,-0.0250142612829661,-0.5998665867558579,-22.65302835198791,0.0
0.25,16,0.13,-0.0343951852816906,-0.806523368549366,-3.6236410285466754,0.0
0.25,16,0.14,-0.0411447286539534,-0.6723394073267914,4.7302493811179716,4.7302493811179716
0.25,16,0.15,-0.0478419734282264,-0.7119183809270062,-0.38497245746404474,0.0
0.25,16,0.16,-0.0553830962724936,-0.680038856476072,8.407925822380964,8.407925822380964
0.25,16,0.17,-0.0614427505577479,-0.5437598644793868,25.569576671749267,25.569576671749267
0.25,16,0.18,-0.0662582935620813,-0.1686473230410876,-2.6904238620641507,0.0
0.25,16,0.19,-0.0648156970185696,-0.5975683417206721,-22.889527821859005,0.0
0.25,16,0.2,-0.0782096603964948,-0.6264378794782681,-0.5709381980374353,0.0
0.25,16,0.21,-0.077344454608135,-0.6089871056814209,-20.655151021407395,0.0
0.25,16,0.22,-0.0903894025101232,-1.039540899906417,-2.917519122458721,0.0
0.25,16,0.23,-0.0981352726062634,-0.6673374881305953,56.11166987093883,56.11166987093883
0.25,16,0.24,-0.1037361522727351,0.0826924975123581,8.133869327320571,8.133869327320571
0.25,16,0.25,-0.0964814226560162,-0.5046601015841876,-63.78948144493577,0.0
0.25,16,0.26,-0.1138293543044189,-1.1930971313863583,19.36608526843527,19.36608526843527
0.25,16,0.27,-0.1203433652837434,-0.1173383962154819,55.92701622673405,55.92701622673405
0.25,16,0.28,-0.1161761222287285,-0.0745568068516764,-22.38458974576411,0.0
0.25,16,0.29,-0.1218345014207769,-0.5650301911307603,-17.18530657957652,0.0
0.25,16,0.3,-0.1274767260513437,-0.4182629384432026,42.78488131146099,42.78488131146099
0.25,16,0.31,-0.1301997601896409,0.2906674350984604,16.81824898541809,16.81824898541809
0.25,16,0.32,-0.1216633773493745,-0.0818979587348405,-16.667461547265663,0.0
0.25,16,0.33,-0.1318377193643377,-0.0426817958468532,-7.213062395969364,0.0
0.25,16,0.34,-0.1225170132663116,-0.2261592066542279,-4.490043943649912,0.0
0.25,16,0.35,-0.1363609034974222,-0.1324826747198528,20.50539683558796,20.50539683558796
0.25,16,0.36,-0.1251666667607085,0.1839487300575317,-43.452062213892894,0.0
0.25,16,0.37,-0.1326819288962715,-1.0015239189977114,-18.528243450314562,0.0
0.25,16,0.38,-0.1451971451406628,-0.1866161389487599,77.2988743308711,77.2988743308711
0.25,16,0.39,-0.1364142516752467,0.544453567619712,14.208428408206847,14.208428408206847
0.25,16,0.4,-0.1343080737882685,0.0975524292153773,-35.13698270211361,0.0
0.25,16,0.41,-0.1344632030909391,-0.1582860864225601,-19.291020394013824,0.0
0.25,16,0.42,-0.1374737955167198,-0.2882679786648978,11.630631024326714,11.630631024326714
0.25,16,0.43,-0.1402285626642371,0.0743265340639744,20.650546427318318,20.650546427318318
0.25,16,0.44,-0.1359872648354403,0.1247429498814689,-15.106086919440003,0.0
0.25,16,0.45,-0.1377337036666077,-0.2277952043248259,-15.171127877518158,0.0
0.25,16,0.46,-0.1405431689219368,-0.1786796076688945,12.932181685381549,12.932181685381549
0.25,16,0.47,-0.1413072958199856,0.0308484293828037,10.148929518623572,10.148929518623572
0.25,16,0.48,-0.1399262003342807,0.0242989827035753,-18.01569401223853,0.0
0.25,16,0.49,-0.1408213161659141,-0.3294654508619672,-2.2102483970819184,0.0
0.25,16,0.5,-0.1465155093515201,-0.0199059852380631,29.69070547640908,29.69070547640908
0.25,16,0.51,-0.1412194358706754,0.2643486586662149,11.764316437909965,11.764316437909965
0.25,16,0.52,-0.1412285361781958,0.2153803435201364,3.5609436849253626,3.5609436849253626
0.25,16,0.53,-0.1369118290002726,0.3355675323647222,-21.920967893893035,0.0
0.25,16,0.54,-0.1345171855309013,-0.2230390143577247,-43.86860061261873,0.0
0.25,16,0.55,-0.1413726092874271,-0.5418044798876531,9.467938506833375,9.467938506833375
0.25,16,0.56,-0.1453532751286544,-0.033680244221057,35.068890128274155,35.068890128274155
0.25,16,0.57,-0.1420462141718483,0.1595733226778302,1.3452781598352557,1.3452781598352557
0.25,16,0.58,-0.1421618086750979,-0.006774681024356,-19.476950804644822,0.0
0.25,16,0.59,-0.1421817077923354,-0.2299656934150666,-8.819742872102802,0.0
0.25,16,0.6,-0.1467611225433992,-0.1831695384664122,18.905857892153733,18.905857892153733
0.25,16,0.61,-0.1458450985616637,0.1481514644280084,4.577421605380967,4.577421605380967
0.25,16,0.62,-0.143798093254839,-0.0916211063587928,-2.290995805583492,0.0
0.25,16,0.63,-0.1476775206888395,0.1023315483163385,16.58684969319742,16.58684969319742
0.25,16,0.64,-0.1417514622885123,0.2401158875051559,-10.240492460594588,0.0
0.25,16,0.65,-0.1428752029387364,-0.1024783008955534,-9.16799259643643,0.0
0.25,16,0.66,-0.1438010283064233,0.0567560355764271,-5.52439476175652,0.0
0.25,16,0.67,-0.1417400822272079,-0.2129661961306839,-18.67680700577432,0.0
0.25,16,0.68,-0.148060352229037,-0.3167801045390597,18.44924159266217,18.44924159266217
0.25,16,0.69,-0.1480756843179891,0.1560186357225514,20.470123785482336,20.470123785482336
0.25,16,0.7,-0.144939979514586,0.0926223711705791,-10.73507011167661,0.0
0.25,16,0.71,-0.1462232368945775,-0.058682766510981,-1.9061681198405434,0.0
0.25,16,0.72,-0.1461136348448056,0.0544990087737682,14.206249860956337,14.206249860956337
0.25,16,0.73,-0.1451332567191021,0.225442230708146,-9.699041689572308,0.0
0.25,16,0.74,-0.1416047902306427,-0.1394818250176781,-32.69280584169337,0.0
0.25,16,0.75,-0.1479228932194557,-0.428413886125722,18.591673233497218,18.591673233497218
0.25,16,0.76,-0.1501730679531571,0.2323516396522666,20.944367995045603,20.944367995045603
0.25,16,0.77,-0.1432758604264103,-0.0095265262248096,-25.090241754549965,0.0
0.25,16,0.78,-0.1503635984776533,-0.2694531954387331,8.989158749140222,8.989158749140222
0.25,16,0.79,-0.148664924335185,0.170256648757995,24.725405034666515,24.725405034666515
0.25,16,0.8,-0.1469584655024934,0.2250549052545976,-12.494003539957603,0.0
0.25,16,0.81,-0.1441638262300931,-0.0796234220411573,-22.957042921891468,0.0
0.25,16,0.82,-0.1485509339433164,-0.2340859531832313,11.1985454959252,11.1985454959252
0.25,16,0.83,-0.1488455452937576,0.1443474878773516,16.13767784043259,16.13767784043259
0.25,16,0.84,-0.1456639841857694,0.0886676036254208,2.318402349781577,2.318402349781577
0.25,16,0.85,-0.1470721932212492,0.1907155348729832,-8.410617561534863,0.0
0.25,16,0.86,-0.1418496734883097,-0.0795447476052766,-27.291554645726784,0.0
0.25,16,0.87,-0.1486630881733548,-0.355115558041553,16.458600954340355,16.458600954340355
0.25,16,0.88,-0.1489519846491408,0.2496272714815308,10.860445276660247,10.860445276660247
0.25,16,0.89,-0.1436705427437241,-0.1379066525083478,-20.116164012138093,0.0
0.25,16,0.9,-0.1517101176993077,-0.1526960087612314,19.72936610670122,19.72936610670122
0.25,16,0.91,-0.1467244629189488,0.2566806696256769,-2.8281094361513013,0.0
0.25,16,0.92,-0.1465765043067942,-0.2092581974842575,-19.542982415744504,0.0
0.25,16,0.93,-0.1509096268686339,-0.1341789786892135,13.414716578962729,13.414716578962729
0.25,16,0.94,-0.1492600838805785,0.0590361340949945,12.563108489723342,12.563108489723342
0.25,16,0.95,-0.1497289041867341,0.1170831911052507,-2.8078203234250125,0.0
0.25,16,0.96,-0.1469184200584735,0.0028797276264942,-12.757833935661928,0.0
0.25,16,0.97,-0.1496713096342042,-0.1380734876079881,5.598867754777046,5.598867754777046
0.25,16,0.98,-0.1496798898106333,0.1148570827220352,-0.11261732100211486,0.0
0.25,16,0.99,-0.1473741679797635,-0.1403258340280304,-31.304046693253795,0.0
0.25,16,1.0,-0.1524864064911939,-0.5112238511430413,-37.08980171150105,0.0
0.25,17,0.01,-0.0021525182824463,-0.0268553343257472,-1.4363955489501394,0.0
0.25,17,0.02,-0.0024210716257037,-0.0412192898152486,-2.499280753067651,0.0
0.25,17,0.03,-0.0029769040787512,-0.0768409493871002,-3.8503652122415404,0.0
0.25,17,0.04,-0.0039578906134457,-0.1182265940600794,-4.197464280300698,0.0
0.25,17,0.05,-0.0053414359599528,-0.1607902349931142,-4.38589773889828,0.0
0.25,17,0.06,-0.007173695313308,-0.205944548838045,-4.471472419294198,0.0
0.25,17,0.07,-0.0094603269367137,-0.2502196833789982,-4.764505885728282,0.0
0.25,17,0.08,-0.012178088980888,-0.3012346665526106,-6.332959201407268,0.0
0.25,17,0.09,-0.0154850202677659,-0.3768788674071435,-7.84503243991708,0.0
0.25,17,0.1,-0.0197156663290309,-0.4581353153509523,1.4078572540484195,1.4078572540484195
0.25,17,0.11,-0.024647726574785,-0.3487217223261754,4.0203631740514645,4.0203631740514645
0.25,17,0.12,-0.0266901007755544,-0.3777280518699231,2.0850939850022456,2.0850939850022456
0.25,17,0.13,-0.0322022876121834,-0.3070198426261303,2.617799373679542,2.617799373679542
0.25,17,0.14,-0.032830497628077,-0.3253720643963322,-13.973374796346947,0.0
0.25,17,0.15,-0.0387097289001101,-0.5864873385530684,-22.72403826111481,0.0
0.25,17,0.16,-0.0445602443991383,-0.779852829618628,-6.398003819499518,0.0
0.25,17,0.17,-0.0543067854924827,-0.7144474149430589,22.251944051992854,22.251944051992854
0.25,17,0.18,-0.0588491926979995,-0.334813948578772,28.833851696801148,28.833851696801148
0.25,17,0.19,-0.0610030644640581,-0.1377703810070367,1.2847352757004327,1.2847352757004327
0.25,17,0.2,-0.0616046003181403,-0.3091192430647633,-17.912093568629075,0.0
0.25,17,0.21,-0.0671854493253533,-0.496012252379618,-4.116435275821328,0.0
0.25,17,0.22,-0.0715248453657326,-0.391447948581189,-4.219238394630384,0.0
0.25,17,0.23,-0.0750144082969771,-0.5803970202722257,-23.696627078747234,0.0
0.25,17,0.24,-0.0831327857711771,-0.865380490156133,8.651099924465253,8.651099924465253
0.25,17,0.25,-0.0923220181000998,-0.4073750217829186,12.053053550478861,12.053053550478861
0.25,17,0.26,-0.0912802862068355,-0.6243194191465555,-19.69154770704245,0.0
0.25,17,0.27,-0.1048084064830309,-0.801205975923768,36.93144618329601,36.93144618329601
0.25,17,0.28,-0.1073044057253109,0.1143095045193653,35.81121544844683,35.81121544844683
0.25,17,0.29,-0.1025222163926436,-0.0849816669548264,-26.229487152412073,0.0
0.25,17,0.3,-0.1090040390644075,-0.4102802385288759,-20.558114457289438,0.0
0.25,17,0.31,-0.1107278211632211,-0.4961439561006155,-1.021396948231022,0.0
0.25,17,0.32,-0.1189269181864198,-0.4307081774934964,17.155486019085036,17.155486019085036
0.25,17,0.33,-0.1193419847130911,-0.1530342357189145,19.104579825894266,19.104579825894266
0.25,17,0.34,-0.1219876029007981,-0.0486165809756107,19.833890564067097,19.833890564067097
0.25,17,0.35,-0.1203143163326033,0.2436435755624257,-13.282362019728133,0.0
0.25,17,0.36,-0.1171147313895496,-0.3142638213701776,-49.37254028251412,0.0
0.25,17,0.37,-0.1265995927600069,-0.7438072300878575,0.40951464655463,0.40951464655463
0.25,17,0.38,-0.1319908759913068,-0.306073528439085,43.08569334347699,43.08569334347699
0.25,17,0.39,-0.1327210633287886,0.117906636781683,15.786224756376196,15.786224756376196
0.25,17,0.4,-0.1296327432556731,0.0096509666884392,-2.752659860615175,0.0
0.25,17,0.41,-0.1325280439950197,0.0628534395693787,-1.0848685615334115,0.0
0.25,17,0.42,-0.1283756744642855,-0.0120464045422297,-14.332894180359217,0.0
0.25,17,0.43,-0.1327689720858643,-0.2238044440378059,-2.459491358233108,0.0
0.25,17,0.44,-0.1328517633450416,-0.0612362317068919,-1.030348893376944,0.0
0.25,17,0.45,-0.1339936967200022,-0.2444114219053448,-8.055298211596758,0.0
0.25,17,0.46,-0.1377399917831485,-0.2223421959388272,17.57079113252041,17.57079113252041
0.25,17,0.47,-0.1384405406387787,0.107004400745061,6.633850496938039,6.633850496938039
0.25,17,0.48,-0.1355999037682473,-0.0896651860000696,-16.9535189518107,0.0
0.25,17,0.49,-0.1402338443587801,-0.2320659782911533,16.496824097105137,16.496824097105137
0.25,17,0.5,-0.1402412233340703,0.2402712959420334,17.883411493311456,17.883411493311456
0.25,17,0.51,-0.1354284184399394,0.1256022515750761,-26.97109129950117,0.0
0.25,17,0.52,-0.1377291783025688,-0.2991505300479904,-8.945727449110876,0.0
0.25,17,0.53,-0.1414114290408993,-0.0533122974071416,13.415059804941254,13.415059804941254
0.25,17,0.54,-0.1387954242507117,-0.0308493339491651,4.572792376545856,4.572792376545856
0.25,17,0.55,-0.1420284157198826,0.0381435501237756,15.408469906939876,15.408469906939876
0.25,17,0.56,-0.1380325532482361,0.2773200641896327,-7.777664205793158,0.0
0.25,17,0.57,-0.1364820144360899,-0.1174097339920798,-32.38416041226482,0.0
0.25,17,0.58,-0.1403807479280778,-0.3703631440556592,10.128950485642445,10.128950485642445
0.25,17,0.59,-0.1438892773172031,0.0851692757207693,23.69240064047429,23.69240064047429
0.25,17,0.6,-0.1386773624136624,0.103484868753827,-4.189051573474061,0.0
0.25,17,0.61,-0.1418195799421265,0.001388244251288,-2.0022940316885673,0.0
0.25,17,0.62,-0.1386495975286366,0.0634389881200556,-7.855176668221408,0.0
0.25,17,0.63,-0.1405508001797254,-0.1557152891131403,-8.13932565508274,0.0
0.25,17,0.64,-0.1417639033108995,-0.0993475249815993,12.363182100967745,12.363182100967745
0.25,17,0.65,-0.1425377506793574,0.0915483529062148,3.2723789344744922,3.2723789344744922
0.25,17,0.66,-0.1399329362527752,-0.0338999462921094,-23.491027438931027,0.0
0.25,17,0.67,-0.1432157496051996,-0.3782721958724062,-5.83120399140231,0.0
0.25,17,0.68,-0.1474983801702233,-0.1505240261201557,24.342840066020468,24.342840066020468
0.25,17,0.69,-0.1462262301276027,0.1085846054480006,8.782500417164801,8.782500417164801
0.25,17,0.7,-0.1453266880612633,0.0251259822231357,-7.000263827233323,0.0
0.25,17,0.71,-0.14572371048314,-0.031420671096666,2.0836974064510034,2.0836974064510034
0.25,17,0.72,-0.1459551014831966,0.0667999303521558,1.055967139999849,1.055967139999849
0.25,17,0.73,-0.1443877118760969,-0.010301328296669,-5.729506361077335,0.0
0.25,17,0.74,-0.14616112804913,-0.047790196869391,2.7116807604325475,2.7116807604325475
0.25,17,0.75,-0.1453435158134847,0.043932286911982,8.088760664862209,8.088760664862209
0.25,17,0.76,-0.1452824823108904,0.1139850164278533,-13.551622539811424,0.0
0.25,17,0.77,-0.1430638154849277,-0.2271001638842467,-16.248459836661752,0.0
0.25,17,0.78,-0.1498244855885753,-0.210984180305382,19.370141728058933,19.370141728058933
0.25,17,0.79,-0.1472834990910353,0.1603026706769323,11.503915007074625,11.503915007074625
0.25,17,0.8,-0.1466184321750366,0.0190941198361107,-4.526781106509897,0.0
0.25,17,0.81,-0.1469016166943131,0.0697670485467343,-0.7586152018275383,0.0
0.25,17,0.82,-0.145223091204102,0.0039218157995613,-10.43241232751533,0.0
0.25,17,0.83,-0.1468231803783219,-0.1388811980035722,-0.36585119382141973,0.0
0.25,17,0.84,-0.1480007151641734,-0.0033952080768671,4.094277600747898,4.094277600747898
0.25,17,0.85,-0.1468910845398592,-0.0569956459886142,-11.028597382988616,0.0
0.25,17,0.86,-0.1491406280839457,-0.2239671557366396,13.496382824142232,13.496382824142232
0.25,17,0.87,-0.151370427654592,0.2129320104942307,16.98376776292412,16.98376776292412
0.25,17,0.88,-0.1448819878740611,0.1157081995218431,-24.37449409692791,0.0
0.25,17,0.89,-0.1490562636641552,-0.2745578714443279,9.274926796652313,9.274926796652313
0.25,17,0.9,-0.1503731453029476,0.3012067354548895,15.546825897464194,15.546825897464194
0.25,17,0.91,-0.1430321289550574,0.0363786465049562,-16.70779138774388,0.0
0.25,17,0.92,-0.1496455723728485,-0.0329490922999884,2.687001093588968,2.687001093588968
0.25,17,0.93,-0.1436911108010571,0.0901186683767356,-14.768032585585514,0.0
0.25,17,0.94,-0.1478431990053137,-0.3283097440116913,1.3719897997124866,1.3719897997124866
0.25,17,0.95,-0.1502573056812909,0.1175584643709948,20.420384391729243,20.420384391729243
0.25,17,0.96,-0.1454920297178938,0.0800979438228939,-15.983257126716692,0.0
0.25,17,0.97,-0.148655346804833,-0.2021066781633393,-9.847303088433346,0.0
0.25,17,0.98,-0.1495341632811606,-0.1168481179457732,11.652454185568736,11.652454185568736
0.25,17,0.99,-0.1509923091637485,0.0309424055480356,16.22737586503179,16.22737586503179
0.25,17,1.0,-0.1489153151701999,0.2076993993548629,17.675699380682715,17.675699380682715
0.25,18,0.01,-0.0004387471162268,-0.0150806315077602,-1.3639636416874499,0.0
0.25,18,0.02,-0.0005895534313044,-0.0287202679246347,-2.215567941935711,0.0
0.25,18,0.03,-0.0010131524747195,-0.0593919903464744,-3.696636876776444,0.0
0.25,18,0.04,-0.0017773932382339,-0.1026530054601636,-4.713986828364589,0.0
0.25,18,0.05,-0.0030662125839228,-0.1536717269137662,-5.061243731535625,0.0
0.25,18,0.06,-0.0048508277765092,-0.2038778800908761,-6.135084777922815,0.0
0.25,18,0.07,-0.0071437701857403,-0.2763734224722226,-7.014465947752427,0.0
0.25,18,0.08,-0.0103782962259537,-0.3441671990459247,-6.015057649725023,0.0
0.25,18,0.09,-0.0140271141666588,-0.3966745754667229,0.1402907122634005,0.1402907122634005
0.25,18,0.1,-0.0183117877352881,-0.3413613848006566,1.2392643949761855,1.2392643949761855
0.25,18,0.11,-0.0208543418626719,-0.3718892875671991,-9.814052058194722,0.0
0.25,18,0.12,-0.0257495734866321,-0.5376424259645509,-7.809481712067189,0.0
0.25,18,0.13,-0.0316071903819629,-0.5280789218085427,1.1582526408269196,1.1582526408269196
0.25,18,0.14,-0.036311151922803,-0.5144773731480126,11.804773616654778,11.804773616654778
0.25,18,0.15,-0.0418967378449232,-0.2919834494754478,-7.5646502162231215,0.0
0.25,18,0.16,-0.0421508209123119,-0.6657703774724766,-22.66764403459713,0.0
0.25,18,0.17,-0.0552121453943727,-0.7453363301673908,13.047482997011812,13.047482997011812
0.25,18,0.18,-0.0570575475156598,-0.4048207175322416,2.7438620479761155,2.7438620479761155
0.25,18,0.19,-0.0633085597450176,-0.6904590892078701,-2.0988823721138843,0.0
0.25,18,0.2,-0.0708667292998172,-0.4467983649745193,8.466222492687539,8.466222492687539
0.25,18,0.21,-0.072244527044508,-0.5211346393541185,-20.352442113117192,0.0
0.25,18,0.22,-0.0812894220868996,-0.8538472072368637,12.821676422785725,12.821676422785725
0.25,18,0.23,-0.0893214711892453,-0.2647011108984038,3.0715345192132446,3.0715345192132446
0.25,18,0.24,-0.0865834443048677,-0.7924165168525956,-47.02514671773982,0.0
0.25,18,0.25,-0.1051698015262972,-1.2052040452531996,25.91017273142036,25.91017273142036
0.25,18,0.26,-0.1106875252099317,-0.274213062224188,53.77212815453279,53.77212815453279
0.25,18,0.27,-0.110654062770781,-0.129761482162543,-5.780797550250757,0.0
0.25,18,0.28,-0.1132827548531826,-0.3898290132292032,-24.62840468134275,0.0
0.25,18,0.29,-0.118450643035365,-0.6223295757893972,37.53750535269997,37.53750535269997
0.25,18,0.3,-0.1257293463689705,0.3609210938248015,42.68456578813363,42.68456578813363
0.25,18,0.31,-0.111232221158869,0.2313617399732761,-75.91607494515375,0.0
0.25,18,0.32,-0.121102111569505,-1.157400405078275,-22.59164553214845,0.0
0.25,18,0.33,-0.1343802292604345,-0.2204711706696933,75.10609790502379,75.10609790502379
0.25,18,0.34,-0.1255115349828988,0.3447215530222021,-19.2346994641259,0.0
0.25,18,0.35,-0.1274857981999904,-0.6051651599522021,-43.20356163114806,0.0
0.25,18,0.36,-0.1376148381819429,-0.5193496796007517,48.543096167638524,48.543096167638524
0.25,18,0.37,-0.1378727917920054,0.3656967634005692,35.8091705324391,35.8091705324391
0.25,18,0.38,-0.1303009029139315,0.1968337310480308,-34.55060958196536,0.0
0.25,18,0.39,-0.1339361171710448,-0.3253154282387385,-31.91604706530324,0.0
0.25,18,0.4,-0.1368072114787063,-0.4414872102580345,1.0099395880308641,1.0099395880308641
0.25,18,0.41,-0.1427658613762054,-0.3051166364781226,33.36468384046415,33.36468384046415
0.25,18,0.42,-0.1429095442082687,0.2258064665512495,25.4503273034693,25.4503273034693
0.25,18,0.43,-0.1382497320451804,0.2038899095912638,-27.575343652050336,0.0
0.25,18,0.44,-0.1388317460164435,-0.3257004064897577,-4.036290110666657,0.0
0.25,18,0.45,-0.1447637401749756,0.1231641073779306,9.47898320184403,9.47898320184403
0.25,18,0.46,-0.1363684638688848,-0.1361207424528769,-37.18964605229216,0.0
0.25,18,0.47,-0.147486155024033,-0.6206288136679099,16.852946180727074,16.852946180727074
0.25,18,0.48,-0.148781040142243,0.2009381811616712,44.85636944390433,44.85636944390433
0.25,18,0.49,-0.1434673914007996,0.2764985752101774,-16.934406644807055,0.0
0.25,18,0.5,-0.1432510686380394,-0.1377499517344702,-18.297260248878878,0.0
0.25,18,0.51,-0.146222390435489,-0.0894466297674005,19.255125743291735,19.255125743291735
0.25,18,0.52,-0.1450400012333874,0.2473525631313649,0.7008867204745646,0.7008867204745646
0.25,18,0.53,-0.1412753391728617,-0.0754288953579092,-24.31422125371634,0.0
0.25,18,0.54,-0.1465485791405456,-0.2389318619429623,11.517321670075056,11.517321670075056
0.25,18,0.55,-0.1460539764117209,0.1549175380435921,11.161402340308635,11.161402340308635
0.25,18,0.56,-0.1434502283796738,-0.0157038151367894,-13.884925736962323,0.0
0.25,18,0.57,-0.1463680527144566,-0.1227809766956538,-10.904740635270741,0.0
0.25,18,0.58,-0.1459058479135868,-0.2337986278422033,11.148982181254386,11.148982181254386
0.25,18,0.59,-0.1510440252713007,0.1001986669294341,28.944186731740704,28.944186731740704
0.25,18,0.6,-0.1439018745749982,0.3450851067926113,-10.718029358118772,0.0
0.25,18,0.61,-0.1441423231354485,-0.1141619202329415,-18.69552122411074,0.0
0.25,18,0.62,-0.146185112979657,-0.0288253176896038,11.70241405401769,11.70241405401769
0.25,18,0.63,-0.1447188294892405,0.1198863608474125,8.236737286197283,8.236737286197283
0.25,18,0.64,-0.1437873857627087,0.135909428034342,-10.36567741198254,0.0
0.25,18,0.65,-0.1420006409285537,-0.0874271873922385,-11.998678932728865,0.0
0.25,18,0.66,-0.1455359295105535,-0.1040641506202355,7.352174975175963,7.352174975175963
0.25,18,0.67,-0.1440819239409584,0.0596163121112809,8.063253057776079,8.063253057776079
0.25,18,0.68,-0.1443436032683279,0.0572009105352862,0.7465168140187952,0.7465168140187952
0.25,18,0.69,-0.1429379057302527,0.0745466483916565,-9.000102956302943,0.0
0.25,18,0.7,-0.1428526703004948,-0.1228011485907742,-20.19849153044213,0.0
0.25,18,0.71,-0.1453939287020682,-0.3294231822171864,-6.434659110682305,0.0
0.25,18,0.72,-0.1494411339448385,-0.2514943308044204,27.959918099881584,27.959918099881584
0.25,18,0.73,-0.1504238153181566,0.2297751797804457,19.329459532648553,19.329459532648553
0.25,18,0.74,-0.1448456303492296,0.135094859848551,-28.57338461820011,0.0
0.25,18,0.75,-0.1477219181211856,-0.341692512583557,-15.686645249255161,0.0
0.25,18,0.76,-0.1516794806009008,-0.1786380451365525,14.823648797774503,14.823648797774503
0.25,18,0.77,-0.1512946790239166,-0.0452195366280667,16.38539906799499,16.38539906799499
0.25,18,0.78,-0.1525838713334621,0.1490699362233476,10.690294243129046,10.690294243129046
0.25,18,0.79,-0.1483132802994497,0.1685863482345144,-9.766198523680757,0.0
0.25,18,0.8,-0.1492121443687718,-0.0462540342502677,-3.667451285696271,0.0
0.25,18,0.81,-0.149238360984455,0.0952373225205889,-1.4392360929488048,0.0
0.25,18,0.82,-0.1473073979183601,-0.0750387561092402,-7.1057040025351235,0.0
0.25,18,0.83,-0.1507391361066399,-0.0468767575301107,-7.265292704060265,0.0
0.25,18,0.84,-0.1482449330689623,-0.2203446101904456,-13.046392756771079,0.0
0.25,18,0.85,-0.1551460283104488,-0.3078046126655325,14.531098897177303,14.531098897177303
0.25,18,0.86,-0.1544010253222729,0.0702773677531007,25.220303716363297,25.220303716363297
0.25,18,0.87,-0.1537404809553868,0.1966014616617339,7.820807127965818,7.820807127965818
0.25,18,0.88,-0.1504689960890382,0.2266935103124172,-12.39083138765012,0.0
0.25,18,0.89,-0.1492066107491385,-0.0512151660912687,-16.584812876804982,0.0
0.25,18,0.9,-0.1514932994108636,-0.1050027472236827,16.928728333753302,16.928728333753302
0.25,18,0.91,-0.1513066656936121,0.2873594005837976,-0.7063099145870186,0.0
0.25,18,0.92,-0.1457461113991877,-0.1191289455154231,-28.046134015171837,0.0
0.25,18,0.93,-0.1536892446039206,-0.2735632797196397,9.195446190718211,9.195446190718211
0.25,18,0.94,-0.1512173769935805,0.0647799782989348,16.627821548874522,16.627821548874522
0.25,18,0.95,-0.1523936450379419,0.0589931512578454,4.0275698228068055,4.0275698228068055
0.25,18,0.96,-0.1500375139684236,0.145331374755071,-5.59565571382911,0.0
0.25,18,0.97,-0.1494870175428405,-0.0529199630187369,-18.84336524983452,0.0
0.25,18,0.98,-0.1510959132287984,-0.2315359302416197,5.841612389435625,5.841612389435625
0.25,18,0.99,-0.1541177361476729,0.0639122847699757,33.07713958345141,33.07713958345141
0.25,18,1.0,-0.1498176675333988,0.430006861427409,36.6094576657433,36.6094576657433
0.25,19,0.01,-0.0006966753695684,-0.0179565944663309,-1.07747737369038,0.0
0.25,19,0.02,-0.0008762413142317,-0.0287313682032347,-1.8174722402062904,0.0
0.25,19,0.03,-0.001271302733633,-0.0543060392704567,-3.1202788517572397,0.0
0.25,19,0.04,-0.0019623620996408,-0.0911369452383795,-3.839977977027848,0.0
0.25,19,0.05,-0.0030940416384006,-0.1311055988110137,-3.8875953040167763,0.0
0.25,19,0.06,-0.0045844740758611,-0.168888851318715,-5.614539585011587,0.0
0.25,19,0.07,-0.0064718186647749,-0.2433963905112455,-5.438184733474445,0.0
0.25,19,0.08,-0.009452401886086,-0.277652545988204,-2.347930016263895,0.0
0.25,19,0.09,-0.012024869584539,-0.2903549908365234,-4.830057744314077,0.0
0.25,19,0.1,-0.0152595017028165,-0.3742537008744857,-8.17140609920785,0.0
0.25,19,0.11,-0.0195099436020287,-0.4537831128206804,-0.7313325645861575,0.0
0.25,19,0.12,-0.0243351639592301,-0.3888803521662088,-1.5995241829342248,0.0
0.25,19,0.13,-0.0272875506453529,-0.4857735964793652,0.15306117695795152,0.15306117695795152
0.25,19,0.14,-0.0340506358888174,-0.3858191286270498,2.4172005894776767,2.4172005894776767
0.25,19,0.15,-0.0350039332178939,-0.4374295846898113,-13.498159212898592,0.0
0.25,19,0.16,-0.0427992275826136,-0.655782312885022,-6.78460100795844,0.0
0.25,19,0.17,-0.0481195794755944,-0.5731216048489802,10.068615849512355,10.068615849512355
0.25,19,0.18,-0.0542616596795932,-0.4544099958947751,-2.2788737735197735,0.0
0.25,19,0.19,-0.0572077793934899,-0.6186990803193764,-12.687878691837177,0.0
0.25,19,0.2,-0.0666356412859807,-0.7081675697315188,12.025687609202617,12.025687609202617
0.25,19,0.21,-0.0713711307881203,-0.3781853281353253,27.144044162902333,27.144044162902333
0.25,19,0.22,-0.0741993478486872,-0.1652866864734727,10.445592297831256,10.445592297831256
0.25,19,0.23,-0.0746768645175897,-0.1692734821787,-35.316061697863546,0.0
0.25,19,0.24,-0.0775848174922612,-0.8716079204307414,-37.160536347474434,0.0
0.25,19,0.25,-0.0921090229262046,-0.9124842091281864,32.26798809501787,32.26798809501787
0.25,19,0.26,-0.095834501674825,-0.2262481585303835,22.9567664509466,22.9567664509466
0.25,19,0.27,-0.0966339860968122,-0.453348880109254,-14.362616657346004,0.0
0.25,19,0.28,-0.1049014792770101,-0.5135004916773038,21.82092478593411,21.82092478593411
0.25,19,0.29,-0.1069039959303583,-0.0169303843905757,16.489908825860006,16.489908825860006
0.25,19,0.3,-0.1052400869648216,-0.183702315160108,-30.835023830430703,0.0
0.25,19,0.31,-0.1105780422335605,-0.6336308609991903,-8.318076415438775,0.0
0.25,19,0.32,-0.1179127041848054,-0.3500638434688836,22.98837857625367,22.98837857625367
0.25,19,0.33,-0.1175793191029382,-0.1738632894741165,2.1278317862537275,2.1278317862537275
0.25,19,0.34,-0.1213899699742877,-0.307507207743809,2.732794994864788,2.732794994864788
0.25,19,0.35,-0.1237294632578143,-0.1192073895768226,-2.8336689640138424,0.0
0.25,19,0.36,-0.1237741177658242,-0.3641805870240882,-9.601071116318707,0.0
0.25,19,0.37,-0.1310130749982961,-0.3112288119031969,25.75164056370449,25.75164056370449
0.25,19,0.38,-0.1299986940038881,0.1508522242500021,14.843800891357473,14.843800891357473
0.25,19,0.39,-0.1279960305132961,-0.0143527940760472,-25.45755837795271,0.0
0.25,19,0.4,-0.1302857498854091,-0.3582989433090526,7.5003215220953425,7.5003215220953425
0.25,19,0.41,-0.1351620093794771,0.1356536363658547,31.372675012133325,31.372675012133325
0.25,19,0.42,-0.1275726771580919,0.2691545569336107,-18.835832421639534,0.0
0.25,19,0.43,-0.1297789182408049,-0.2410630120669363,-49.64205879670875,0.0
0.25,19,0.44,-0.1323939373994307,-0.7236866190005653,15.098218347229178,15.098218347229178
0.25,19,0.45,-0.1442526506208162,0.0609013548776475,58.1404748237325,58.1404748237325
0.25,19,0.46,-0.1311759103018777,0.4391228774740856,-17.80088940485512,0.0
0.25,19,0.47,-0.1354701930713344,-0.295116433219448,-39.75521271459592,0.0
0.25,19,0.48,-0.1370782389662667,-0.3559813768178275,6.212605968735561,6.212605968735561
0.25,19,0.49,-0.1425898206076909,-0.1708643138447367,26.569608760706597,26.569608760706597
0.25,19,0.5,-0.1404955252431614,0.1754107983963049,11.44134367839154,11.44134367839154
0.25,19,0.51,-0.1390816046397648,0.0579625597230943,-10.340846529486782,0.0
0.25,19,0.52,-0.1393362740486995,-0.0314061321934309,-6.721199813449038,0.0
0.25,19,0.53,-0.1397097272836334,-0.0764614365458866,7.161190033839964,7.161190033839964
0.25,19,0.54,-0.1408655027796173,0.1118176684833685,-13.305640222910624,0.0
0.25,19,0.55,-0.1374733739139661,-0.3425742410040993,-10.117802118243882,0.0
0.25,19,0.56,-0.1477169875996992,-0.0905383738815093,34.57342667603659,34.57342667603659
0.25,19,0.57,-0.1392841413915964,0.3488942925166274,-11.555812686668222,0.0
0.25,19,0.58,-0.1407391017493669,-0.321654627614885,-21.465152026787518,0.0
0.25,19,0.59,-0.1457172339438942,-0.0804087480191233,14.349244282693517,14.349244282693517
0.25,19,0.6,-0.1423472767097493,-0.0346697419610144,9.465574089942162,9.465574089942162
0.25,19,0.61,-0.1464106287831144,0.1089027337797201,23.94943617677312,23.94943617677312
0.25,19,0.62,-0.1401692220341549,0.4443189815744484,-5.216990865280911,0.0
0.25,19,0.63,-0.1375242491516255,0.0045629164741018,-35.56071946907312,0.0
0.25,19,0.64,-0.1400779637046729,-0.2668954078070147,-16.790220829229277,0.0
0.25,19,0.65,-0.1428621573077658,-0.331241500110484,9.580941462812072,9.580941462812072
0.25,19,0.66,-0.1467027937068826,-0.0752765785507731,25.08038441542355,25.08038441542355
0.25,19,0.67,-0.1443676888787812,0.1703661881979874,1.8762648509900584,1.8762648509900584
0.25,19,0.68,-0.1432954699429228,-0.0377512815309719,-6.513623985170685,0.0
0.25,19,0.69,-0.1451227145094006,0.0400937084945711,8.298316522880873,8.298316522880873
0.25,19,0.7,-0.1424935957730314,0.1282150489266449,-11.363275951625726,0.0
0.25,19,0.71,-0.1425584135308677,-0.1871718105379436,-18.490305630424754,0.0
0.25,19,0.72,-0.1462370319837903,-0.2415910636818505,9.891800433675247,9.891800433675247
0.25,19,0.73,-0.1473902348045047,0.0106641981355615,16.39225091144516,16.39225091144516
0.25,19,0.74,-0.146023748021079,0.086253954547053,3.190743987274967,3.190743987274967
0.25,19,0.75,-0.1456651557135637,0.0744790778810609,-17.03775743315139,0.0
0.25,19,0.76,-0.1445341664634578,-0.2545011941159751,-9.214285608210508,0.0
0.25,19,0.77,-0.1507551795958832,-0.1098066342831494,31.74150503063916,31.74150503063916
0.25,19,0.78,-0.1467302991491208,0.3803289064968087,-2.293210069290147,0.0
0.25,19,0.79,-0.143148601465947,-0.1556708356689524,-34.74582271120458,0.0
0.25,19,0.8,-0.1498437158624999,-0.3145875477272835,13.606377027013952,13.606377027013952
0.25,19,0.81,-0.1494403524204927,0.1164567048713269,23.245211832961772,23.245211832961772
0.25,19,0.82,-0.1475145817650733,0.1503166889319542,-15.475189417939582,0.0
0.25,19,0.83,-0.1464340186418536,-0.1930470834874675,-12.182200629677705,0.0
0.25,19,0.84,-0.1513755234348227,-0.0933273236616001,22.94787152483086,22.94787152483086
0.25,19,0.85,-0.1483005651150856,0.2659103470091501,-8.104743916700388,0.0
0.25,19,0.86,-0.1460573164946397,-0.255422201995608,-18.156345007091424,0.0
0.25,19,0.87,-0.1534090091549978,-0.0972165531326787,27.338963864669694,27.338963864669694
0.25,19,0.88,-0.1480016475572932,0.2913570752977863,-2.1842540414866987,0.0
0.25,19,0.89,-0.1475818676490421,-0.1409016339624127,-15.015037662627758,0.0
0.25,19,0.9,-0.1508196802365415,-0.0089436779547691,5.752389290529475,5.752389290529475
0.25,19,0.91,-0.1477607412081374,-0.0258538481518231,-8.361898123150663,0.0
0.25,19,0.92,-0.151336757199578,-0.1761816404177825,10.265572551162482,10.265572551162482
0.25,19,0.93,-0.1512843740164931,0.1794576028714267,3.0716575487477744,3.0716575487477744
0.25,19,0.94,-0.1477476051421495,-0.1147484894428201,-15.324910981227413,0.0
0.25,19,0.95,-0.1535793438053496,-0.127040616753117,12.724636899780414,12.724636899780414
0.25,19,0.96,-0.1502884174772118,0.1397442485527884,8.678187129952729,8.678187129952729
0.25,19,0.97,-0.1507844588342939,0.0465231258459377,-2.664973425017659,0.0
0.25,19,0.98,-0.1493579549602931,0.0864447800524352,-7.8585742458999395,0.0
0.25,19,0.99,-0.1490555632332451,-0.1106483590720612,-16.899033545067574,0.0
0.25,19,1.0,-0.1515709221417343,-0.2515358908489166,-14.088753177685524,0.0
0.25,20,0.01,-0.000359958632685,-0.0200887755299042,-1.7953789653649097,0.0
0.25,20,0.02,-0.0005608463879841,-0.0380425651835533,-3.2437243047134308,0.0
0.25,20,0.03,-0.0011208099363561,-0.0849632616241728,-5.146679603066285,0.0
0.25,20,0.04,-0.0022601116204675,-0.140976157244879,-4.958369870014844,0.0
0.25,20,0.05,-0.0039403330812537,-0.1841306590244697,-4.2730284439101816,0.0
0.25,20,0.06,-0.0059427248009569,-0.2264367261230826,-7.396788924942264,0.0
0.25,20,0.07,-0.0084690676037153,-0.3320664375233151,-5.299432472187531,0.0
0.25,20,0.08,-0.0125840535514232,-0.3324253755668334,-5.171062200612496,0.0
0.25,20,0.09,-0.015117575115052,-0.435487681535565,-5.33891944051738,0.0
0.25,20,0.1,-0.0212938071821346,-0.4392037643771809,1.5268294368665707,1.5268294368665707
0.25,20,0.11,-0.0239016504025956,-0.4049510927982336,-2.0833466383755272,0.0
0.25,20,0.12,-0.0293928290380992,-0.4808706971446914,-7.020306587253721,0.0
0.25,20,0.13,-0.0335190643454895,-0.545357224543308,-0.4584585441661524,0.0
0.25,20,0.14,-0.0402999735289654,-0.4900398680280144,7.112875194945019,7.112875194945019
0.25,20,0.15,-0.0433198617060498,-0.4030997206444078,-28.24703899812765,0.0
0.25,20,0.16,-0.0483619679418535,-1.0549806479905692,-9.322768334226133,0.0
0.25,20,0.17,-0.0644194746658612,-0.5895550873289306,33.3777348270528,33.3777348270528
0.25,20,0.18,-0.0601530696884322,-0.3874259514495128,-37.58316066622493,0.0
0.25,20,0.19,-0.0721679936948515,-1.341218300653432,-11.602483457235685,0.0
0.25,20,0.2,-0.0869774357015009,-0.6194756205942267,72.95789980717419,72.95789980717419
0.25,20,0.21,-0.084557506106736,0.1179396954900511,-1.5834122125278611,0.0
0.25,20,0.22,-0.0846186417916999,-0.651143864844788,-49.11162089899004,0.0
0.25,20,0.23,-0.0975803834036318,-0.8642927224897505,11.800972685012983,11.800972685012983
0.25,20,0.24,-0.1019044962414949,-0.4151244111445304,32.751075579823365,32.751075579823365
0.25,20,0.25,-0.1058828716265224,-0.2092712108932843,8.073864852192248,8.073864852192248
0.25,20,0.26,-0.1060899204593606,-0.2536471141006853,-21.831425910392966,0.0
0.25,20,0.27,-0.1109558139085361,-0.6458997291011439,-6.7262887808545635,0.0
0.25,20,0.28,-0.1190079150413835,-0.3881728897177767,5.604279487360824,5.604279487360824
0.25,20,0.29,-0.1187192717028916,-0.5338141393539253,9.699284843190867,9.699284843190867
0.25,20,0.3,-0.129684197828462,-0.1941871928539571,47.333136409096184,47.333136409096184
0.25,20,0.31,-0.1226030155599708,0.4128485888279991,-0.3699834476230883,0.0
0.25,20,0.32,-0.121427226051902,-0.2015868618064189,-49.157676404178915,0.0
0.25,20,0.33,-0.1266347527960992,-0.5703049392555801,-9.022748916417047,0.0
0.25,20,0.34,-0.1328333248370137,-0.38204184013476,8.250703349803999,8.250703349803999
0.25,20,0.35,-0.1342755895987944,-0.4052908722594992,34.496348187438024,34.496348187438024
0.25,20,0.36,-0.1409391422822037,0.3078851236140032,54.59592970939852,54.59592970939852
0.25,20,0.37,-0.1281178871265143,0.6866277219284722,-27.86252695754061,0.0
0.25,20,0.38,-0.1272065878436342,-0.2493654155368094,-64.08792668257595,0.0
0.25,20,0.39,-0.1331051954372505,-0.595130811723048,2.1577832102085175,2.1577832102085175
0.25,20,0.4,-0.1391092040780952,-0.206209751332639,36.274952057182,36.274952057182
0.25,20,0.41,-0.1372293904639033,0.1303682294205908,4.8928940689858,4.8928940689858
0.25,20,0.42,-0.1365018394896834,-0.1083518699529264,-3.4758101561392265,0.0
0.25,20,0.43,-0.1393964278629618,0.0608520262978062,12.36082308275591,12.36082308275591
0.25,20,0.44,-0.1352847989637273,0.138864591702192,-9.708954628148387,0.0
0.25,20,0.45,-0.136619136028918,-0.1333270662651617,-26.089254674250448,0.0
0.25,20,0.46,-0.1379513402890305,-0.3829205017828174,9.459299914291623,9.459299914291623
0.25,20,0.47,-0.1442775460645743,0.0558589320206666,31.1996732901242,31.1996732901242
0.25,20,0.48,-0.1368341616486171,0.241072964019664,-8.520341924795263,0.0
0.25,20,0.49,-0.139456086784181,-0.1145479064752388,-8.159739543212469,0.0
0.25,20,0.5,-0.1391251197781219,0.0778781731554145,4.802800815487361,4.802800815487361
0.25,20,0.51,-0.1378985233210727,-0.0184918901654915,-11.555612961243904,0.0
0.25,20,0.52,-0.1394949575814318,-0.1532340860694638,-9.626510353824752,0.0
0.25,20,0.53,-0.140963205042462,-0.2110220972419867,5.256876484867584,5.256876484867584
0.25,20,0.54,-0.1437153995262715,-0.048096556372112,12.088642261113844,12.088642261113844
0.25,20,0.55,-0.1419251361699042,0.0307507479802904,3.1419418669101624,3.1419418669101624
0.25,20,0.56,-0.1431003845666657,0.0147422809660913,11.363852924990313,11.363852924990313
0.25,20,0.57,-0.1416302905505824,0.2580278064800927,-0.05019407576924961,0.0
0.25,20,0.58,-0.1379398284370638,0.0137383994507009,-23.796000018073496,0.0
0.25,20,0.59,-0.1413555225615684,-0.2178921938813776,6.04275767520392,6.04275767520392
0.25,20,0.6,-0.1422976723146914,0.1345935529547794,14.137812696600824,14.137812696600824
0.25,20,0.61,-0.1386636515024728,0.0648640600506391,-6.935686225462799,0.0
0.25,20,0.62,-0.1410003911136786,-0.0041201715544767,2.884950157835852,2.884950157835852
0.25,20,0.63,-0.1387460549335623,0.1225630632073562,-11.02439488938466,0.0
0.25,20,0.64,-0.1385491298495315,-0.2246080693421701,-22.86705001782854,0.0
0.25,20,0.65,-0.1432382163204058,-0.334777937149215,9.686439459797336,9.686439459797336
0.25,20,0.66,-0.1452446885925158,-0.0308792801462232,19.414075666773,19.414075666773
0.25,20,0.67,-0.1438558019233302,0.0535035761862454,5.899944169308824,5.899944169308824
0.25,20,0.68,-0.1441746170687909,0.0871196032399534,4.136401256270248,4.136401256270248
0.25,20,0.69,-0.1421134098585312,0.1362316013116498,-4.8696081223689145,0.0
0.25,20,0.7,-0.1414499850425579,-0.0102725592074266,-17.564266837723988,0.0
0.25,20,0.71,-0.1423188610426797,-0.2150537354428303,-6.921118676320409,0.0
0.25,20,0.72,-0.1457510597514145,-0.1486949327338349,15.362695836212641,15.362695836212641
0.25,20,0.73,-0.1452927596973564,0.0922001812814228,5.775968029925455,5.775968029925455
0.25,20,0.74,-0.1439070561257861,-0.0331755721353257,-5.558693927113405,0.0
0.25,20,0.75,-0.1459562711400629,-0.0189736972608454,3.944529303437952,3.944529303437952
0.25,20,0.76,-0.144286530071003,0.0457150139334334,7.300607820297279,7.300607820297279
0.25,20,0.77,-0.1450419708613942,0.1270384591451003,7.839056566650088,7.839056566650088
0.25,20,0.78,-0.141745760888101,0.2024961452664353,-18.094865766236914,0.0
0.25,20,0.79,-0.1409920479560655,-0.2348588561796383,-21.60330114813329,0.0
0.25,20,0.8,-0.1464429380116937,-0.2295698776962309,12.382733195155799,12.382733195155799
0.25,20,0.81,-0.1455834455099901,0.0127958077234779,6.287488303907025,6.287488303907025
0.25,20,0.82,-0.1461870218572241,-0.103820111618087,2.4885249819677093,2.4885249819677093
0.25,20,0.83,-0.1476598477423519,0.062566307362835,9.218236979055737,9.218236979055737
0.25,20,0.84,-0.1449356957099674,0.0805446279630279,-16.157275500952366,0.0
0.25,20,0.85,-0.1460489551830913,-0.2605792026562126,0.9440683626114046,0.9440683626114046
0.25,20,0.86,-0.1501472797630917,0.099425995215256,15.240961356725068,15.240961356725068
0.25,20,0.87,-0.1440604352787862,0.044240024478289,-10.427919788257151,0.0
0.25,20,0.88,-0.1492624792735259,-0.1091324005498872,1.3361834251364137,1.3361834251364137
0.25,20,0.89,-0.1462430832897839,0.0709636929810173,4.131529765433621,4.131529765433621
0.25,20,0.9,-0.1478432054139056,-0.0265018052412147,-10.85299232446991,0.0
0.25,20,0.91,-0.1467731193946082,-0.1460961535083811,-11.42556626955432,0.0
0.25,20,0.92,-0.1507651284840732,-0.2550131306323013,13.161154030453552,13.161154030453552
0.25,20,0.93,-0.1518733820072543,0.1171269271006902,22.285930088499864,22.285930088499864
0.25,20,0.94,-0.1484225899420594,0.1907054711376972,-0.9633834877392973,0.0
0.25,20,0.95,-0.1480592725845004,0.0978592573459025,-14.738663167025862,0.0
0.25,20,0.96,-0.1464654047951414,-0.1040677922028203,-9.261072261548787,0.0
0.25,20,0.97,-0.1501406284285568,-0.0873621878850734,4.801415692015616,4.801415692015616
0.25,20,0.98,-0.1482126485528428,-0.0080394783625079,-2.827225973547919,0.0
0.25,20,0.99,-0.150301417995807,-0.1439067073560318,-3.5448496026572216,0.0
0.25,20,1.0,-0.1510907826999635,-0.0789364704156524,6.497023694037936,6.497023694037936
0.25,21,0.01,-0.0006931543877796,-0.0199505059165045,-1.2862832778249098,0.0
0.25,21,0.02,-0.0008926594469447,-0.0328133386947536,-2.2675676194098857,0.0
0.25,21,0.03,-0.0013494211616747,-0.0653018583047022,-3.8989884915390256,0.0
0.25,21,0.04,-0.0021986966130387,-0.1107931085255341,-3.9228869024636044,0.0
0.25,21,0.05,-0.0035652833321854,-0.1437595963539743,-4.03831447598373,0.0
0.25,21,0.06,-0.0050738885401182,-0.1915593980452087,-6.325973505609792,0.0
0.25,21,0.07,-0.0073964712930896,-0.2702790664661702,-5.100702860083867,0.0
0.25,21,0.08,-0.0104794698694416,-0.2935734552468861,-1.1667953134008933,0.0
0.25,21,0.09,-0.0132679403980273,-0.2936149727341881,-3.979426683271802,0.0
0.25,21,0.1,-0.0163517693241254,-0.3731619889123223,-8.644492472250208,0.0
0.25,21,0.11,-0.0207311801762737,-0.4665048221791922,-3.4812160107359134,0.0
0.25,21,0.12,-0.0256818657677092,-0.4427863091270405,-4.636130883449255,0.0
0.25,21,0.13,-0.0295869063588145,-0.5592274398481776,5.603062222379567,5.603062222379567
0.25,21,0.14,-0.0368664145646728,-0.330725064679449,9.211979156858895,9.211979156858895
0.25,21,0.15,-0.0362014076524035,-0.374987856710999,-24.73407193964279,0.0
0.25,21,0.16,-0.0443661716988928,-0.8254065034723057,-19.903569081939892,0.0
0.25,21,0.17,-0.0527095377218497,-0.7730592383497972,11.491877174807374,11.491877174807374
0.25,21,0.18,-0.0598273564658887,-0.5955689599761587,28.360347256130666,28.360347256130666
0.25,21,0.19,-0.0646209169213728,-0.2058522932271835,2.1068503988989526,2.1068503988989526
0.25,21,0.2,-0.0639444023304324,-0.5534319519981796,-11.198965490600788,0.0
0.25,21,0.21,-0.0756895559613364,-0.4298316030392004,6.396675230951903,6.396675230951903
0.25,21,0.22,-0.0725410343912164,-0.4254984473791419,-39.45669333604519,0.0
0.25,21,0.23,-0.0841995249089192,-1.218965469760105,-2.227386326258703,0.0
0.25,21,0.24,-0.0969203437864184,-0.4700461739043202,66.49848620184584,66.49848620184584
0.25,21,0.25,-0.0936004483870056,0.1110042542768106,6.8854705454198495,6.8854705454198495
0.25,21,0.26,-0.0947002587008822,-0.3323367629959231,-33.239902518457114,0.0
0.25,21,0.27,-0.1002471836469241,-0.5537937960923323,-19.392066958414514,0.0
0.25,21,0.28,-0.1057761346227289,-0.7201781021642137,-9.530873105609473,0.0
0.25,21,0.29,-0.1146507456902083,-0.7444112582045221,49.249876370437065,49.249876370437065
0.25,21,0.3,-0.1206643597868193,0.2648194252445313,30.907360811973405,30.907360811973405
0.25,21,0.31,-0.1093543571853177,-0.1262640419650536,-48.824414218263044,0.0
0.25,21,0.32,-0.1231896406261204,-0.7116688591207305,3.237108221461862,3.237108221461862
0.25,21,0.33,-0.1235877343677323,-0.0615218775358163,20.481376667198585,20.481376667198585
0.25,21,0.34,-0.1244200781768367,-0.3020413257767584,-5.871740175022746,0.0
0.25,21,0.35,-0.1296285608832674,-0.178956681036273,39.8809808498593,39.8809808498593
0.25,21,0.36,-0.1279992117975621,0.4955782912204292,-3.323565960447583,0.0
0.25,21,0.37,-0.1197169950588588,-0.2454280002452247,-68.9567862800068,0.0
0.25,21,0.38,-0.1329077718024666,-0.8835574343797079,17.78349217860791,17.78349217860791
0.25,21,0.39,-0.137388143746453,0.1102418433269338,63.317072713548356,63.317072713548356
0.25,21,0.4,-0.1307029349359279,0.3827840198912602,-2.1836867747644675,0.0
0.25,21,0.41,-0.1297324633486277,0.0665681078316478,-41.22102048569765,0.0
0.25,21,0.42,-0.129371572779295,-0.4416363898226922,-10.71595617997322,0.0
0.25,21,0.43,-0.1385651911450816,-0.1477510157678168,29.014797158607635,29.014797158607635
0.25,21,0.44,-0.1323265930946513,0.138659553349461,2.927093659084612,2.927093659084612
0.25,21,0.45,-0.1357920000780924,-0.0892091425861245,-11.186771458693457,0.0
0.25,21,0.46,-0.1341107759463738,-0.0850758758244083,3.4097385848765223,3.4097385848765223
0.25,21,0.47,-0.1374935175945805,-0.0210143708885945,10.234595254033334,10.234595254033334
0.25,21,0.48,-0.1345310633641457,0.1196160292562584,-12.063953130385391,0.0
0.25,21,0.49,-0.1351011970094553,-0.2622934334963025,-6.681617764084214,0.0
0.25,21,0.5,-0.1397769320340717,-0.014016326025426,19.88377867871989,19.88377867871989
0.25,21,0.51,-0.1353815235299638,0.1353821400780956,0.8061870072824944,0.8061870072824944
0.25,21,0.52,-0.1370692892325098,0.0021074141202239,-0.6205993574896995,0.0
0.25,21,0.53,-0.1353393752475594,0.1229701529283016,-5.063192836089791,0.0
0.25,21,0.54,-0.1346098861739438,-0.099156442601572,-17.130226780412436,0.0
0.25,21,0.55,-0.1373225040995908,-0.2196343826799474,-4.3016889426824365,0.0
0.25,21,0.56,-0.1390025738275427,-0.1851902214552208,11.734213256238236,11.734213256238236
0.25,21,0.57,-0.1410263085286952,0.0150498824448144,7.612202445995782,7.612202445995782
0.25,21,0.58,-0.1387015761786464,-0.0329461725353086,-0.14857819365516978,0.0
0.25,21,0.59,-0.1416852319794014,0.012078318571711,10.47450794556942,10.47450794556942
0.25,21,0.6,-0.1384600098072122,0.17654398637608,-2.212026333088783,0.0
0.25,21,0.61,-0.1381543522518798,-0.0321622080900647,-15.48941509107367,0.0
0.25,21,0.62,-0.1391032539690135,-0.1332443154453937,-0.38138746761106934,0.0
0.25,21,0.63,-0.1408192385607876,-0.0397899574422861,9.872064645351205,9.872064645351205
0.25,21,0.64,-0.1398990531178592,0.0641969774616306,4.152393319782002,4.152393319782002
0.25,21,0.65,-0.139535299011555,0.043257908953354,-16.720860048504733,0.0
0.25,21,0.66,-0.1390338949387921,-0.2702202235084643,-8.502661032211456,0.0
0.25,21,0.67,-0.1449397034817243,-0.1267953116908753,18.36292394963686,18.36292394963686
0.25,21,0.68,-0.1415698011726096,0.0970382554842732,-0.45261120683991685,0.0
0.25,21,0.69,-0.1429989383720388,-0.1358475358276685,-15.707504496914176,0.0
0.25,21,0.7,-0.144286751889163,-0.2171118344540072,8.633430133872132,8.633430133872132
0.25,21,0.71,-0.147341175061119,0.0368210668497743,18.609421805643734,18.609421805643734
0.25,21,0.72,-0.1435503305521675,0.1550766016588678,3.2137407691462867,3.2137407691462867
0.25,21,0.73,-0.1442396430279416,0.1010958822327001,-2.202293627134954,0.0
0.25,21,0.74,-0.1415284129075135,0.1110307291161687,-7.399120968665763,0.0
0.25,21,0.75,-0.1420190284456182,-0.0468865371406153,-7.7054125646926925,0.0
0.25,21,0.76,-0.1424661436503258,-0.0430775221776853,3.053046837683432,3.053046837683432
0.25,21,0.77,-0.1428805788891719,0.0141743996130534,-8.645855778462323,0.0
0.25,21,0.78,-0.1421826556580648,-0.2159946377469319,-10.143017478054604,0.0
0.25,21,0.79,-0.1472004716441106,-0.1886859499480389,18.87262225453037,18.87262225453037
0.25,21,0.8,-0.1459563746570255,0.1614578073436758,6.018576184243324,6.018576184243324
0.25,21,0.81,-0.143971315497237,-0.0683144262631723,-13.745980962168279,0.0
0.25,21,0.82,-0.1473226631822889,-0.1134618118996906,14.613826413676264,14.613826413676264
0.25,21,0.83,-0.1462405517352308,0.2239621020103559,11.43147784603212,11.43147784603212
0.25,21,0.84,-0.1428434211420818,0.115167745020952,-17.35515477691834,0.0
0.25,21,0.85,-0.1439371968348118,-0.1231409935280112,-15.928276614247252,0.0
0.25,21,0.86,-0.145306241012642,-0.2033977872639933,4.865981052026131,4.865981052026131
0.25,21,0.87,-0.1480051525800916,-0.0258213724874885,14.865511162077752,14.865511162077752
0.25,21,0.88,-0.1458226684623918,0.093912435977562,6.321871577130125,6.321871577130125
0.25,21,0.89,-0.1461269038605404,0.1006160590551141,-7.814518770773649,0.0
0.25,21,0.9,-0.1438103472812895,-0.0623779394379111,-20.860200780516067,0.0
0.25,21,0.91,-0.1473744626492986,-0.3165879565552076,7.508146340058708,7.508146340058708
0.25,21,0.92,-0.1501421064123936,0.0877849873632632,21.582635242908466,21.582635242908466
0.25,21,0.93,-0.1456187629020333,0.1150647483029621,-7.5403694801024495,0.0
0.25,21,0.94,-0.1478408114463343,-0.0630224022387828,-4.644879769001558,0.0
0.25,21,0.95,-0.146879210946809,0.0221671529229343,3.2512607876668578,3.2512607876668578
0.25,21,0.96,-0.1473974683878756,0.0020028135145544,-0.12745653722609995,0.0
0.25,21,0.97,-0.1468391546765179,0.0196180221784123,-7.594440865700083,0.0
0.25,21,0.98,-0.1470051079443074,-0.1498860037994474,-6.724665430267764,0.0
0.25,21,0.99,-0.1498368747525068,-0.1148752864269431,10.165605588275316,10.165605588275316
0.25,21,1.0,-0.1493026136728462,0.0534261079660591,16.830139439300204,16.830139439300204
0.25,22,0.01,-0.0004062828510229,-0.0212896260817862,-1.55870027554272,0.0
0.25,22,0.02,-0.0006191791118408,-0.0368766288372134,-2.702240249683081,0.0
0.25,22,0.03,-0.0011438154277672,-0.0753344310754478,-4.355105382057006,0.0
0.25,22,0.04,-0.0021258677333497,-0.1239787364783535,-5.23846128028851,0.0
0.25,22,0.05,-0.0036233901573342,-0.180103656681218,-7.146145076583194,0.0
0.25,22,0.06,-0.0057279408669741,-0.2669016380100173,-5.380201965235157,0.0
0.25,22,0.07,-0.0089614229175346,-0.2877076959859211,-4.515483555972649,0.0
0.25,22,0.08,-0.0114820947866925,-0.3572113091294702,-6.523432465191393,0.0
0.25,22,0.09,-0.016105649100124,-0.4181763452897489,-1.307421837482714,0.0
0.25,22,0.1,-0.0198456216924875,-0.3833597458791244,-4.763505380152441,0.0
0.25,22,0.11,-0.0237728440177065,-0.5134464528927974,-6.002128810997771,0.0
0.25,22,0.12,-0.0301145507503434,-0.5034023220990798,1.2046069052113673,1.2046069052113673
0.25,22,0.13,-0.0338408904596881,-0.4893543147885701,3.2187170535628873,3.2187170535628873
0.25,22,0.14,-0.0399016370461148,-0.4390279810278219,-15.58387748110821,0.0
0.25,22,0.15,-0.0426214500802445,-0.801031864410733,-29.590885372253616,0.0
0.25,22,0.16,-0.0559222743343295,-1.0308456884728936,10.863592791385493,10.863592791385493
0.25,22,0.17,-0.0632383638497024,-0.583760008583023,38.156418517222406,38.156418517222406
0.25,22,0.18,-0.06759747450599,-0.2677173181284455,-0.27495225715903615,0.0
0.25,22,0.19,-0.0685927102122713,-0.5892590537262055,-27.464393137148857,0.0
0.25,22,0.2,-0.0793826555805141,-0.8170051808714232,4.1636253063232935,4.1636253063232935
0.25,22,0.21,-0.0849328138296998,-0.5059865475997412,18.85510421507248,18.85510421507248
0.25,22,0.22,-0.0895023865325089,-0.4399030965699744,-8.0689278887106,0.0
0.25,22,0.23,-0.0937308757610993,-0.6673651053739533,-25.462029372040696,0.0
0.25,22,0.24,-0.102849688639988,-0.949143684010788,22.998790362812784,22.998790362812784
0.25,22,0.25,-0.112713749441315,-0.207389298117695,17.863171165266536,17.863171165266536
0.25,22,0.26,-0.1069974746023419,-0.591880260705457,-0.18119843439827577,0.0
0.25,22,0.27,-0.1245513546554242,-0.2110132668056605,37.444123086817804,37.444123086817804
0.25,22,0.28,-0.1112177399384551,0.1570022010308998,-27.862064316248844,0.0
0.25,22,0.29,-0.1214113106348061,-0.7682545531306291,-35.357415322131246,0.0
0.25,22,0.3,-0.1265828310010676,-0.5501461054117174,44.73974213615333,44.73974213615333
0.25,22,0.31,-0.1324142327430404,0.1265402895924383,5.425139853229766,5.425139853229766
0.25,22,0.32,-0.1240520252092189,-0.441643308347122,-51.354319343351484,0.0
0.25,22,0.33,-0.1412470989099829,-0.9005460972745922,8.769405636062665,8.769405636062665
0.25,22,0.34,-0.1420629471547107,-0.2662551956258685,55.11134062152655,55.11134062152655
0.25,22,0.35,-0.1465722028225002,0.2016807151559376,25.292551760902338,25.292551760902338
0.25,22,0.36,-0.1380293328515919,0.2395958395921749,24.479083966356125,24.479083966356125
0.25,22,0.37,-0.1417802860306567,0.6912623944830605,-24.526924126424916,0.0
0.25,22,0.38,-0.1242040849619307,-0.2509426429363239,-91.30390169248682,0.0
0.25,22,0.39,-0.1467991388893832,-1.1348156393666775,15.825943884992126,15.825943884992126
0.25,22,0.4,-0.1469003977492643,0.0655762347635189,64.19397258727976,64.19397258727976
0.25,22,0.41,-0.1454876141941128,0.1490638123789214,3.384341552569513,3.384341552569513
0.25,22,0.42,-0.1439191215016859,0.1332630658149085,-12.53166031680285,0.0
0.25,22,0.43,-0.1428223528778146,-0.1015693939571358,-10.7476267427688,0.0
0.25,22,0.44,-0.1459505093808286,-0.0816894690404677,8.515788058720762,8.515788058720762
0.25,22,0.45,-0.144456142258624,0.0687463672172796,3.335479000507257,3.335479000507257
0.25,22,0.46,-0.144575582036483,-0.0149798890303225,-5.683883346687001,0.0
0.25,22,0.47,-0.1447557400392304,-0.0449312997164605,-2.337603779534943,0.0
0.25,22,0.48,-0.1454742080308122,-0.0617319646210212,3.861715818409807,3.861715818409807
0.25,22,0.49,-0.1459903793316508,0.0323030166517357,7.104418684020819,7.104418684020819
0.25,22,0.5,-0.1448281476977775,0.0803564090593953,9.311069378524762,9.311069378524762
0.25,22,0.51,-0.1443832511504629,0.2185244042222311,-7.597402095544439,0.0
0.25,22,0.52,-0.1404576596133329,-0.0715916328514936,-37.49480284848353,0.0
0.25,22,0.53,-0.1458150838074928,-0.5313716527474401,1.141387026094519,1.141387026094519
0.25,22,0.54,-0.1510850926682817,-0.0487638923296032,47.80061796226774,47.80061796226774
0.25,22,0.55,-0.1467903616540849,0.4246407064979154,19.660137560934277,19.660137560934277
0.25,22,0.56,-0.1425922785383234,0.3444388588890827,-34.822579071805535,0.0
0.25,22,0.57,-0.1399015844763032,-0.2718108749381862,-40.43348326349722,0.0
0.25,22,0.58,-0.1480284960370872,-0.4642308063808533,13.407524213237908,13.407524213237908
0.25,22,0.59,-0.1491862006039203,-0.0036603906734278,21.33440241845086,21.33440241845086
0.25,22,0.6,-0.1481017038505558,-0.0375427580118357,-1.134417063870119,0.0
0.25,22,0.61,-0.149937055764157,-0.0263487319508302,12.07781934707198,12.07781934707198
0.25,22,0.62,-0.1486286784895724,0.2040136289296041,12.201307547952155,12.201307547952155
0.25,22,0.63,-0.1458567831855649,0.2176774190082131,-13.54933661366043,0.0
0.25,22,0.64,-0.1442751301094081,-0.0669731033436047,-18.875068895407423,0.0
0.25,22,0.65,-0.147196245252437,-0.1598239588999357,16.359133485644712,16.359133485644712
0.25,22,0.66,-0.1474716092874068,0.2602095663692898,12.935145233336904,12.935145233336904
0.25,22,0.67,-0.1419920539250512,0.0988789457668026,-10.364601713364193,0.0
0.25,22,0.68,-0.1454940303720708,0.0529175321020058,-7.663803635452624,0.0
0.25,22,0.69,-0.1409337032830112,-0.0543971269422485,-16.351409727428845,0.0
0.25,22,0.7,-0.1465819729109159,-0.2741106624465708,13.285633125986458,13.285633125986458
0.25,22,0.71,-0.1464159165319426,0.2113155355774809,19.349543273300387,19.349543273300387
0.25,22,0.72,-0.1423556621993662,0.1128802030194373,-24.59892666936245,0.0
0.25,22,0.73,-0.1441583124715538,-0.2806629978097685,1.7470014795258244,1.7470014795258244
0.25,22,0.74,-0.1479689221555616,0.1478202326099538,17.921066770562334,17.921066770562334
0.25,22,0.75,-0.1412019078193548,0.0777583376014785,-28.53572723034416,0.0
0.25,22,0.76,-0.146413755403532,-0.4228943119969299,-17.683742696546805,0.0
0.25,22,0.77,-0.1496597940592934,-0.2759165163294579,21.985722733549572,21.985722733549572
0.25,22,0.78,-0.1519320857301212,0.0168201426740619,23.37058987956764,23.37058987956764
0.25,22,0.79,-0.1493233912058121,0.1914952812618953,-12.72014009107439,0.0
0.25,22,0.8,-0.1481021801048833,-0.2375826591474261,-14.601692919234996,0.0
0.25,22,0.81,-0.1540750443887606,-0.1005385771228049,19.089851563927695,19.089851563927695
0.25,22,0.82,-0.1501129516473395,0.1442143721311248,8.993454265858812,8.993454265858812
0.25,22,0.83,-0.1511907569461382,0.0793305081943671,2.671699523955292,2.671699523955292
0.25,22,0.84,-0.1485263414834521,0.1976483626102307,-7.354634832754524,0.0
0.25,22,0.85,-0.1472377896939336,-0.0677621884607235,-10.79304320038122,0.0
0.25,22,0.86,-0.1498815852526666,-0.0182125013973939,13.212434014679378,13.212434014679378
0.25,22,0.87,-0.1476020397218815,0.1964864918328643,-12.20960146184188,0.0
0.25,22,0.88,-0.1459518554160093,-0.2624045306342317,-28.946443500517354,0.0
0.25,22,0.89,-0.1528501303345661,-0.3824423781774833,15.559526078962076,15.559526078962076
0.25,22,0.9,-0.153600702979559,0.0487859909450101,26.086403909634434,26.086403909634434
0.25,22,0.91,-0.1518744105156659,0.1392857000152059,0.7276285424309146,0.7276285424309146
0.25,22,0.92,-0.1508149889792549,0.0633385617936284,-11.59769777091769,0.0
0.25,22,0.93,-0.1506076392797933,-0.0926682554031481,-3.8836024509273774,0.0
0.25,22,0.94,-0.1526683540873178,-0.0143334872249214,12.582402088089186,12.582402088089186
0.25,22,0.95,-0.1508943090242917,0.1589797863586355,3.389695660379202,3.389695660379202
0.25,22,0.96,-0.1494887583601451,0.0534604259826627,-18.13167248896404,0.0
0.25,22,0.97,-0.1498251005046385,-0.2036536634206456,-0.7055469820418345,0.0
0.25,22,0.98,-0.153561831628558,0.039349486341826,13.991051948356132,13.991051948356132
0.25,22,0.99,-0.149038110777802,0.0761673755464773,-16.969341016223634,0.0
0.25,22,1.0,-0.1520384841176284,-0.300037333982647,-37.62047095291239,0.0
0.25,23,0.01,-0.0017624239270822,-0.0393387339614509,-1.79867716482413,0.0
0.25,23,0.02,-0.0021558112666967,-0.0573255056096922,-3.0519896515831455,0.0
0.25,23,0.03,-0.002908934039276,-0.1003785269931138,-4.748956166897611,0.0
0.25,23,0.04,-0.004163381806559,-0.1523046289476444,-4.536707936769323,0.0
0.25,23,0.05,-0.0059550266182289,-0.1911126857285003,-5.379755490110418,0.0
0.25,23,0.06,-0.007985635521129,-0.2598997387498527,-3.4339105946852477,0.0
0.25,23,0.07,-0.011153021393226,-0.2597908976222052,0.08758067366167666,0.08758067366167666
0.25,23,0.08,-0.0131814534735731,-0.2581481252766192,-8.49945069598641,0.0
0.25,23,0.09,-0.0163159838987584,-0.4297799115419333,-12.608617075948892,0.0
0.25,23,0.1,-0.0217770517044118,-0.510320466795597,0.43699161787098006,0.43699161787098006
0.25,23,0.11,-0.0265223932346703,-0.4210400791845139,5.475048640984454,5.475048640984454
0.25,23,0.12,-0.030197853288102,-0.400819493975908,-12.874945013280069,0.0
0.25,23,0.13,-0.0345387831141885,-0.6785389794501158,-6.85997144619321,0.0
0.25,23,0.14,-0.0437686328771044,-0.5380189228997723,24.216027109144832,24.216027109144832
0.25,23,0.15,-0.0452991615721839,-0.19421843726722,-3.9096958978788905,0.0
0.25,23,0.16,-0.0476530016224488,-0.6162128408573522,-29.124171583059177,0.0
0.25,23,0.17,-0.057623418389331,-0.776701868928404,-0.5190580533653417,0.0
0.25,23,0.18,-0.0631870390010169,-0.6265940019246599,1.7332086495024086,1.7332086495024086
0.25,23,0.19,-0.0701552984278242,-0.7420376959383566,11.273819922337392,11.273819922337392
0.25,23,0.2,-0.078027792919784,-0.4011176034779118,19.164290478818085,19.164290478818085
0.25,23,0.21,-0.0781776504973825,-0.3587518863619943,-7.76645760848313,0.0
0.25,23,0.22,-0.0852028306470239,-0.556446755647575,-16.455600221791563,0.0
0.25,23,0.23,-0.089306585610334,-0.6878638907978258,19.1912944268046,19.1912944268046
0.25,23,0.24,-0.0989601084629804,-0.172620867111485,19.484504175184824,19.484504175184824
0.25,23,0.25,-0.0927590029525636,-0.2981738072941313,-29.72314356109804,0.0
0.25,23,0.26,-0.104923584608863,-0.7670837383334463,8.113297090868112,8.113297090868112
0.25,23,0.27,-0.1081006777192326,-0.1359078654767689,37.406517654858334,37.406517654858334
0.25,23,0.28,-0.1076417419183984,-0.018953385236279,-10.545444245870884,0.0
0.25,23,0.29,-0.1084797454239581,-0.3468167503941837,-23.643044626340846,0.0
0.25,23,0.3,-0.1145780769262821,-0.491814277763094,-3.787628843909502,0.0
0.25,23,0.31,-0.11831603097922,-0.4225693272723738,18.55615573832699,18.55615573832699
0.25,23,0.32,-0.1230294634717296,-0.1206911629965539,12.607970440039107,12.607970440039107
0.25,23,0.33,-0.1207298542391511,-0.1704099184715914,-3.7171233638033625,0.0
0.25,23,0.34,-0.1264376618411614,-0.1950336302726212,14.748419992783939,14.748419992783939
0.25,23,0.35,-0.1246305268446035,0.1245584813840849,5.342856146276749,5.342856146276749
0.25,23,0.36,-0.1239464922134798,-0.0881765073470894,-32.925321510634134,0.0
0.25,23,0.37,-0.1263940569915453,-0.5339479488285983,-8.094409947351664,0.0
0.25,23,0.38,-0.1346254511900518,-0.2500647062941228,35.835304179008055,35.835304179008055
0.25,23,0.39,-0.1313953511174278,0.1827581347515634,4.594271831057072,4.594271831057072
0.25,23,0.4,-0.1309702884950205,-0.1581792696729813,-15.348248312286525,0.0
0.25,23,0.41,-0.1345589365108874,-0.1242068314941686,0.7565364128971614,0.7565364128971614
0.25,23,0.42,-0.1334544251249038,-0.1430485414150384,-2.0393605414433136,0.0
0.25,23,0.43,-0.1374199073391881,-0.1649940423230349,5.7868772761786555,5.7868772761786555
0.25,23,0.44,-0.1367543059713646,-0.0273109958914652,10.811661807697426,10.811661807697426
0.25,23,0.45,-0.1379661272570174,0.0512391938309138,-0.933972095216749,0.0
0.25,23,0.46,-0.1357295220947463,-0.0459904377958002,5.2751541871588294,5.2751541871588294
0.25,23,0.47,-0.1388859360129334,0.1567422775740885,12.902595148754619,12.902595148754619
0.25,23,0.48,-0.1325946765432645,0.2120614651792909,-14.323747581055128,0.0
0.25,23,0.49,-0.1346447067093476,-0.1297326740470143,-28.482303656752634,0.0
0.25,23,0.5,-0.1351893300242048,-0.3575846079557623,-4.371135541178936,0.0
0.25,23,0.51,-0.1417963988684628,-0.2171553848705931,26.718157870842482,26.718157870842482
0.25,23,0.52,-0.1395324377216166,0.1767785494610878,5.304884874783285,5.304884874783285
0.25,23,0.53,-0.1382608278792411,-0.1110576873749273,-12.05763647496697,0.0
0.25,23,0.54,-0.1417535914691152,-0.0643741800382518,18.60737095810598,18.60737095810598
0.25,23,0.55,-0.1395483114800061,0.2610897317871927,-14.069570910074468,0.0
0.25,23,0.56,-0.1365317968333713,-0.3457655982397414,-12.722216859487435,0.0
0.25,23,0.57,-0.1464636234448008,0.0066453945974345,27.93808082365968,27.93808082365968
0.25,23,0.58,-0.1363988889414224,0.212996018233448,-0.6891851438801193,0.0
0.25,23,0.59,-0.1422037030801318,-0.0071383082801679,-8.574609789234291,0.0
0.25,23,0.6,-0.1365416551070258,0.041503822448762,-16.916312628149374,0.0
0.25,23,0.61,-0.1413736266311566,-0.3454645608431557,-10.146634079012827,0.0
0.25,23,0.62,-0.1434509463238889,-0.1614288591314947,30.22432770404879,30.22432770404879
0.25,23,0.63,-0.1446022038137865,0.2590219932378206,23.543869351885125,23.543869351885125
0.25,23,0.64,-0.1382705064591325,0.3094485279062082,-30.556946318201582,0.0
0.25,23,0.65,-0.1384132332556623,-0.3521169331262115,-21.64866719520597,0.0
0.25,23,0.66,-0.1453128451216567,-0.1235248159979116,19.013693439600736,19.013693439600736
0.25,23,0.67,-0.1408837295756205,0.0281569356658035,7.869454552851293,7.869454552851293
0.25,23,0.68,-0.1447497064083407,0.0338642750591144,3.950196058870606,3.950196058870606
0.25,23,0.69,-0.1402064440744383,0.1071608568432145,-19.456934076321684,0.0
0.25,23,0.7,-0.1426064892714765,-0.3552744064673234,-6.484059398905139,0.0
0.25,23,0.71,-0.1473119322037848,-0.0225203311348884,16.87791437920579,16.87791437920579
0.25,23,0.72,-0.1430568958941742,-0.0177161188832073,-3.591578305860077,0.0
0.25,23,0.73,-0.1476662545814489,-0.09435189725209,5.7657837031602455,5.7657837031602455
0.25,23,0.74,-0.144943933839216,0.0975995551799977,-2.5824096904394773,0.0
0.25,23,0.75,-0.145714263477849,-0.1460000910608796,-6.518020158355135,0.0
0.25,23,0.76,-0.1478639356604336,-0.0327608479871051,9.210532463297337,9.210532463297337
0.25,23,0.77,-0.1463694804375911,0.0382105582050673,-6.652392079692364,0.0
0.25,23,0.78,-0.1470997244963323,-0.1658086895809525,-3.896107239467642,0.0
0.25,23,0.79,-0.1496856542292101,-0.0397115865842856,16.53489739305261,16.53489739305261
0.25,23,0.8,-0.147893956228018,0.1648892582801,-5.983400155359269,0.0
0.25,23,0.81,-0.1463878690636081,-0.1593795896914711,-10.300413367292256,0.0
0.25,23,0.82,-0.1510815480218473,-0.0411190090657491,13.189902087834454,13.189902087834454
0.25,23,0.83,-0.147210249244923,0.1044184520652171,-1.546973343688809,0.0
0.25,23,0.84,-0.148993178980543,-0.0720584759395253,0.5264418837850542,0.5264418837850542
0.25,23,0.85,-0.1486514187637135,0.1149472897409182,7.816156822943114,7.816156822943114
0.25,23,0.86,-0.1466942331857246,0.0842646605193371,-11.063621918667526,0.0
0.25,23,0.87,-0.1469661255533268,-0.1063251486324325,-8.612958063851993,0.0
0.25,23,0.88,-0.1488207361583733,-0.0879945007577029,4.106939313360721,4.106939313360721
0.25,23,0.89,-0.1487260155684809,-0.024186362365218,5.510680699253165,5.510680699253165
0.25,23,0.9,-0.1493044634056776,0.0222191132273605,9.681280927482867,9.681280927482867
0.25,23,0.91,-0.1482816333039336,0.1694392561844395,0.9310795634392739,0.9310795634392739
0.25,23,0.92,-0.1459156782819888,0.040840704496146,-10.241041122236126,0.0
0.25,23,0.93,-0.1474648192140107,-0.0353815662602832,-8.706644091589013,0.0
0.25,23,0.94,-0.1466233096071945,-0.1332921773356332,-1.3289671152565046,0.0
0.25,23,0.95,-0.1501306627607234,-0.0619609085654113,16.09359049442356,16.09359049442356
0.25,23,0.96,-0.1478625277785027,0.1885796325528383,-0.13770250659059968,0.0
0.25,23,0.97,-0.1463590701096667,-0.0647149586972233,-20.52197154356829,0.0
0.25,23,0.98,-0.1491568269524472,-0.2218597983185279,0.17889119482821458,0.17889119482821458
0.25,23,0.99,-0.1507962660760372,-0.061137134800659,13.176472053810663,13.176472053810663
0.25,23,1.0,-0.1503795696484604,0.0416696427576856,10.280677755834452,10.280677755834452
0.25,24,0.01,-0.0016550025258127,-0.0352554215257357,-1.3495101281167599,0.0
0.25,24,0.02,-0.0020075567410701,-0.0487505228069033,-2.682964438970476,0.0
0.25,24,0.03,-0.0026300129819508,-0.0889147103051452,-4.131506500945145,0.0
0.25,24,0.04,-0.003785850947173,-0.1313806528258062,-4.179041329826454,0.0
0.25,24,0.05,-0.0052576260384669,-0.1724955369016743,-4.641100247609549,0.0
0.25,24,0.06,-0.0072357616852064,-0.2242026577779971,-3.9891052474490216,0.0
0.25,24,0.07,-0.0097416791940268,-0.2522776418506547,-8.145347313593138,0.0
0.25,24,0.08,-0.0122813145222195,-0.3871096040498598,-9.419785963351314,0.0
0.25,24,0.09,-0.017483871275024,-0.4406733611176809,6.498730051934922,6.498730051934922
0.25,24,0.1,-0.0210947817445732,-0.257135003011161,1.885613305823835,1.885613305823835
0.25,24,0.11,-0.0226265713352472,-0.4029610950012037,-14.629196662525498,0.0
0.25,24,0.12,-0.0291540036445972,-0.5497189362616708,-7.7378051947893525,0.0
0.25,24,0.13,-0.0336209500604807,-0.5577171988969907,-0.38164884367922625,0.0
0.25,24,0.14,-0.0403083476225371,-0.5573519131352553,10.2752238460386,10.2752238460386
0.25,24,0.15,-0.0447679883231858,-0.3522127219762194,-5.399213507387799,0.0
0.25,24,0.16,-0.0473526020620614,-0.6653361832830127,-26.88954184228079,0.0
0.25,24,0.17,-0.058074711988846,-0.8900035588218356,11.973557827197261,11.973557827197261
0.25,24,0.18,-0.0651526732384981,-0.4258650267390695,26.993941274875336,26.993941274875336
0.25,24,0.19,-0.0665920125236274,-0.3501247333243302,3.1645472795602316,3.1645472795602316
0.25,24,0.2,-0.0721551679049848,-0.3625740811478648,-8.417781417322352,0.0
0.25,24,0.21,-0.0738434941465847,-0.5184803616707767,-16.333132594247008,0.0
0.25,24,0.22,-0.0825247751384003,-0.6892367330328049,-1.7089352262896718,0.0
0.25,24,0.23,-0.0876282288072408,-0.5526590661965702,15.612346117166037,15.612346117166037
0.25,24,0.24,-0.0935779564623317,-0.3769898106894844,18.57564811070734,18.57564811070734
0.25,24,0.25,-0.0951680250210305,-0.1811461039824236,-0.6094051548628556,0.0
0.25,24,0.26,-0.0972008785419802,-0.3891779137867415,-14.608076651240806,0.0
0.25,24,0.27,-0.1029515832967653,-0.47330763700724,2.883703782995582,2.883703782995582
0.25,24,0.28,-0.106667031282125,-0.3315038381268298,18.229798851772976,18.229798851772976
0.25,24,0.29,-0.1095816600593019,-0.1087116599717816,-2.3763596165097916,0.0
0.25,24,0.3,-0.1088412644815606,-0.3790310304570283,-25.201282371459957,0.0
0.25,24,0.31,-0.1171622806684425,-0.6127373074009812,6.889403828989545,6.889403828989545
0.25,24,0.32,-0.1210960106295802,-0.2412429538772373,30.031183232073317,30.031183232073317
0.25,24,0.33,-0.1219871397459872,-0.0121136427595143,4.654181691039075,4.654181691039075
0.25,24,0.34,-0.1213382834847705,-0.1481593200564557,-10.253821639332417,0.0
0.25,24,0.35,-0.1249503261471163,-0.2171900755461626,-1.3604387903998072,0.0
0.25,24,0.36,-0.1256820849956938,-0.1753680958644512,1.0000125822702248,1.0000125822702248
0.25,24,0.37,-0.1284576880644053,-0.1971898239007581,6.666964124450065,6.666964124450065
0.25,24,0.38,-0.1296258814737089,-0.0420288133754498,7.254149161243003,7.254149161243003
0.25,24,0.39,-0.1292982643319143,-0.0521068406758979,-8.745611752011223,0.0
0.25,24,0.4,-0.1306680182872269,-0.2169410484156744,3.0734934207595743,3.0734934207595743
0.25,24,0.41,-0.1336370853002278,0.0093630277392913,9.122337286984823,9.122337286984823
0.25,24,0.42,-0.130480757732441,-0.0344943026759798,-14.722457559053467,0.0
0.25,24,0.43,-0.1343269713537474,-0.2850861234417783,-11.567422571475285,0.0
0.25,24,0.44,-0.1361824802012766,-0.2658427541054857,20.412870928171884,20.412870928171884
0.25,24,0.45,-0.1396438264358571,0.1231712951216597,16.83108877803259,16.83108877803259
0.25,24,0.46,-0.1337190542988434,0.0707790214551664,-19.42652272182486,0.0
0.25,24,0.47,-0.1382282460067537,-0.2653591593148352,0.7085272244343397,0.7085272244343397
0.25,24,0.48,-0.1390262374851401,0.084949565943857,20.606816883461605,20.606816883461605
0.25,24,0.49,-0.1365292546878766,0.1467771783543972,-2.798971445564468,0.0
0.25,24,0.5,-0.1360906939180522,0.0289701370325676,-15.919920610095492,0.0
0.25,24,0.51,-0.1359498519472252,-0.1716212338475129,-5.217568246484196,0.0
0.25,24,0.52,-0.1395231185950024,-0.0753812278971164,2.4587359197200778,2.4587359197200778
0.25,24,0.53,-0.1374574765051675,-0.1224465154531113,-0.08406599490955413,0.0
0.25,24,0.54,-0.1419720489040647,-0.0770625477953075,12.199661028722215,12.199661028722215
0.25,24,0.55,-0.1389987274610737,0.1215467051213332,9.849863478885402,9.849863478885402
0.25,24,0.56,-0.139541114801638,0.1199347217824007,2.562229219106312,2.562229219106312
0.25,24,0.57,-0.1366000330254257,0.1727912895034586,-9.67789761351164,0.0
0.25,24,0.58,-0.1360852890115689,-0.0736232304878345,-15.254721891342788,0.0
0.25,24,0.59,-0.1380724976351824,-0.1323031483233974,-7.584146821037267,0.0
0.25,24,0.6,-0.1387313519780368,-0.22530616690858,-0.9334098116034797,0.0
0.25,24,0.61,-0.142578620973354,-0.150971344555467,6.874262976444568,6.874262976444568
0.25,24,0.62,-0.1417507788691462,-0.0878209073796885,17.197992750731423,17.197992750731423
0.25,24,0.63,-0.1443350391209478,0.1929885104591617,8.715088359306602,8.715088359306602
0.25,24,0.64,-0.1378910086599629,0.0864808598064437,-22.154508571813626,0.0
0.25,24,0.65,-0.1426054219248189,-0.2501016609771112,2.9092033860663467,2.9092033860663467
0.25,24,0.66,-0.1428930418795052,0.1446649275277707,19.645187370259737,19.645187370259737
0.25,24,0.67,-0.1397121233742635,0.1428020864280839,-10.49225896642446,0.0
0.25,24,0.68,-0.1400370001509435,-0.0651802518007187,-14.48087819506378,0.0
0.25,24,0.69,-0.1410157284102778,-0.1468154774731918,0.07919630800703414,0.07919630800703414
0.25,24,0.7,-0.1429733097004073,-0.0635963256405762,9.764495976563426,9.764495976563426
0.25,24,0.71,-0.1422876549230893,0.0484744420580769,-2.727342487797558,0.0
0.25,24,0.72,-0.1420038208592458,-0.1181431753965274,-9.098440046935817,0.0
0.25,24,0.73,-0.1446505184310199,-0.1334943588806396,12.170304712587875,12.170304712587875
0.25,24,0.74,-0.1446737080368586,0.1252629188552303,12.034849267212149,12.034849267212149
0.25,24,0.75,-0.1421452600539153,0.1072026264636036,-11.093107823239901,0.0
0.25,24,0.76,-0.1425296555075865,-0.0965992376095679,-9.814568340844142,0.0
0.25,24,0.77,-0.1440772448061066,-0.0890887403532794,2.5561890393560374,2.5561890393560374
0.25,24,0.78,-0.1443114303146521,-0.0454754568224471,0.06550640223764059,0.06550640223764059
0.25,24,0.79,-0.1449867539425556,-0.0877786123085266,2.7525117483350776,2.7525117483350776
0.25,24,0.8,-0.1460670025608226,0.0095747781442545,2.6340336165138174,2.6340336165138174
0.25,24,0.81,-0.1447952583796705,-0.0350979399782502,4.306943568509853,4.306943568509853
0.25,24,0.82,-0.1467689613603876,0.0957136495144492,6.9544320746108,6.9544320746108
0.25,24,0.83,-0.1428809853893815,0.1039907015139638,-9.149871974982993,0.0
0.25,24,0.84,-0.1446891473301083,-0.0872837899852108,-7.399258226675078,0.0
0.25,24,0.85,-0.1446266611890857,-0.0439944630195379,5.646272506649366,5.646272506649366
0.25,24,0.86,-0.1455690365904991,0.0256416601477766,0.5069944397219295,0.5069944397219295
0.25,24,0.87,-0.1441138279861302,-0.0338545742250993,-10.255894283169452,0.0
0.25,24,0.88,-0.1462461280750011,-0.1794762255156126,-0.7635688320305245,0.0
0.25,24,0.89,-0.1477033524964424,-0.0491259508657098,7.839814567000088,7.839814567000088
0.25,24,0.9,-0.1472286470923152,-0.0226799341756107,19.032658938412645,19.032658938412645
0.25,24,0.91,-0.1481569511799546,0.3315272279025434,2.8119115306612876,2.8119115306612876
0.25,24,0.92,-0.1405981025342644,0.0335582964376151,-30.297307257700652,0.0
0.25,24,0.93,-0.1474857852512023,-0.2744189172514701,-6.811414885922881,0.0
0.25,24,0.94,-0.1460864808792938,-0.1026700012808472,13.503674110132394,13.503674110132394
0.25,24,0.95,-0.1495391852768193,-0.0043454350488243,0.2798233788230853,0.2798233788230853
0.25,24,0.96,-0.1461733895802703,-0.0970735337043855,-14.148303485711043,0.0
0.25,24,0.97,-0.151480655950907,-0.2873115047630454,9.017422109299378,9.017422109299378
0.25,24,0.98,-0.1519196196755312,0.0832749084816022,13.618773885122414,13.618773885122414
0.25,24,0.99,-0.149815157781275,-0.0149360270605969,-16.179657601420914,0.0
0.25,24,1.0,-0.1522183402167432,-0.2403182435468163,-22.53822164862192,0.0
0.25,25,0.01,-0.0006192585580479,-0.0413100549787556,-2.6082458084920295,0.0
0.25,25,0.02,-0.0010323591078354,-0.0673925130636759,-4.490146782822632,0.0
0.25,25,0.03,-0.0019671088193214,-0.1311129906352082,-6.846573631404271,0.0
0.25,25,0.04,-0.0036546189205396,-0.2043239856917613,-5.436186569391965,0.0
0.25,25,0.05,-0.0060535885331566,-0.2398367220230475,-6.258656703452406,0.0
0.25,25,0.06,-0.0084513533610006,-0.3294971197608093,-7.927378312320908,0.0
0.25,25,0.07,-0.0126435309283728,-0.3983842882694657,-5.421033892696332,0.0
0.25,25,0.08,-0.0164190391263899,-0.437917797614736,-6.672971125499288,0.0
0.25,25,0.09,-0.0214018868806675,-0.5318437107794514,1.844976140790191,1.844976140790191
0.25,25,0.1,-0.0270559133419789,-0.4010182747989319,-10.723371041378439,0.0
0.25,25,0.11,-0.0294222523766462,-0.7463111316070195,-20.27850341875323,0.0
0.25,25,0.12,-0.0419821359741193,-0.8065883431739962,15.74168989950794,15.74168989950794
0.25,25,0.13,-0.0455540192401261,-0.43147733361686,18.83664234154776,18.83664234154776
0.25,25,0.14,-0.0506116826464565,-0.4298554963430407,-13.464324477545755,0.0
0.25,25,0.15,-0.0541511291669869,-0.7007638231677742,4.020478107771446,4.020478107771446
0.25,25,0.16,-0.064626959109812,-0.3494459341876101,-4.540959280442642,0.0
0.25,25,0.17,-0.0611400478507391,-0.7915830087766271,-73.47242614497283,0.0
0.25,25,0.18,-0.0804586192853445,-1.8188944570870644,1.6655608887466258,1.6655608887466258
0.25,25,0.19,-0.0975179369924804,-0.7582717910016887,89.51916829582733,89.51916829582733
0.25,25,0.2,-0.0956240551053782,-0.0285110911705164,15.922268706707666,15.922268706707666
0.25,25,0.21,-0.0980881588158907,-0.4398264168675325,-29.319590877871175,0.0
0.25,25,0.22,-0.1044205834427289,-0.614902908727939,-7.5592146604271235,0.0
0.25,25,0.23,-0.1103862169904495,-0.5910107100760751,7.3883446530595265,7.3883446530595265
0.25,25,0.24,-0.1162407976442504,-0.4671360156667488,8.911723627398665,8.911723627398665
0.25,25,0.25,-0.1197289373037845,-0.4127762375281021,3.5524715270016216,3.5524715270016216
0.25,25,0.26,-0.1244963223948124,-0.3960865851267163,-9.779228387776175,0.0
0.25,25,0.27,-0.1276506690063188,-0.6083608052836258,-14.77320006924269,0.0
0.25,25,0.28,-0.136663538500485,-0.6915505865115703,39.962839753702795,39.962839753702795
0.25,25,0.29,-0.1414816807365502,0.1908959897904232,41.94535602476439,41.94535602476439
0.25,25,0.3,-0.1328456187046764,0.1473565339837108,-36.15794112737293,0.0
0.25,25,0.31,-0.138534550056876,-0.532262832757036,3.7477060712144628,3.7477060712144628
0.25,25,0.32,-0.1434908753598172,0.2223106554080001,21.63109433271021,21.63109433271021
0.25,25,0.33,-0.134088336948716,-0.0996409461028315,-39.765857384059146,0.0
0.25,25,0.34,-0.1454836942818738,-0.5730064922731835,1.7291413206175754,1.7291413206175754
0.25,25,0.35,-0.1455484667941796,-0.0650581196904855,29.40418981529249,29.40418981529249
0.25,25,0.36,-0.1467848566756835,0.0150773040326628,-2.8406249030703528,0.0
0.25,25,0.37,-0.1452469207135264,-0.1218706177518926,-5.157478302555321,0.0
0.25,25,0.38,-0.1492222690307214,-0.0880722620184437,3.193488363428007,3.193488363428007
0.25,25,0.39,-0.1470083659538953,-0.0580008504833324,-0.7634554461561036,0.0
0.25,25,0.4,-0.150382286040388,-0.1033413709415658,7.500497999037257,7.500497999037257
0.25,25,0.41,-0.1490751933727266,0.0920091094974111,32.478661158205384,32.478661158205384
0.25,25,0.42,-0.1485421038504399,0.546231852222542,-0.9030511273790043,0.0
0.25,25,0.43,-0.1381505563282757,0.073948086949831,-22.04769464577641,0.0
0.25,25,0.44,-0.1470631421114432,0.1052779593070134,14.477445387526787,14.477445387526787
0.25,25,0.45,-0.1360449971421355,0.363496994700367,-11.690064891306207,0.0
0.25,25,0.46,-0.1397932022174359,-0.1285233385191109,-38.09622762119452,0.0
0.25,25,0.47,-0.1386154639125177,-0.3984275577235232,-4.157970436777078,0.0
0.25,25,0.48,-0.1477617533719064,-0.2116827472546498,26.1245703029284,26.1245703029284
0.25,25,0.49,-0.1428491188576107,0.1240638483350453,3.799746897684381,3.799746897684381
0.25,25,0.5,-0.1452804764052055,-0.1356878093009621,10.094593943724998,10.094593943724998
0.25,25,0.51,-0.1455628750436299,0.3259557272095454,4.090986231165502,4.090986231165502
0.25,25,0.52,-0.1387613618610146,-0.053868084677652,-30.9873502469389,0.0
0.25,25,0.53,-0.146640236737183,-0.2937912777292331,15.445750261033435,15.445750261033435
0.25,25,0.54,-0.1446371874155992,0.255046920543017,24.374915835075203,24.374915835075203
0.25,25,0.55,-0.1415392983263226,0.1937070389722714,-22.476303477041633,0.0
0.25,25,0.56,-0.1407630466361538,-0.1944791489978161,-20.268952426030896,0.0
0.25,25,0.57,-0.1454288813062789,-0.2116720095483488,13.850763706154922,13.850763706154922
0.25,25,0.58,-0.1449964868271207,0.0825361251252845,6.079824422523344,6.079824422523344
0.25,25,0.59,-0.1437781588037732,-0.0900755210978818,-2.2136087413541885,0.0
0.25,25,0.6,-0.1467979972490784,0.0382639502982007,12.542682815924149,12.542682815924149
0.25,25,0.61,-0.1430128797978092,0.1607781352206014,-2.806324331623103,0.0
0.25,25,0.62,-0.1435824345446663,-0.0178625363342614,-14.667068685870827,0.0
0.25,25,0.63,-0.1433701305244944,-0.1325632384968154,-9.349912331250106,0.0
0.25,25,0.64,-0.1462336993146027,-0.2048607829592637,-0.04272712512367427,0.0
0.25,25,0.65,-0.1474673461836797,-0.1334177809992889,15.47289459774171,15.47289459774171
0.25,25,0.66,-0.1489020549345884,0.1045971089955708,12.684301590404909,12.684301590404909
0.25,25,0.67,-0.1453754040037682,0.1202682508088095,-4.573545896267857,0.0
0.25,25,0.68,-0.1464966899184122,0.0131261910702136,4.937122917616828,4.937122917616828
0.25,25,0.69,-0.145112880182364,0.2190107091611421,8.313183853257785,8.313183853257785
0.25,25,0.7,-0.1421164757351894,0.1793898681353658,-30.381647936254566,0.0
0.25,25,0.71,-0.1415250828196567,-0.3886222495639497,-13.60448387691292,0.0
0.25,25,0.72,-0.1498889207264684,-0.0926998094028928,26.74821264990197,26.74821264990197
0.25,25,0.73,-0.1433790790077145,0.1463420034340901,0.7449244544615947,0.7449244544615947
0.25,25,0.74,-0.1469620806577866,-0.0778013203136609,-1.7358411636902131,0.0
0.25,25,0.75,-0.1449351054139877,0.1116251801602858,2.116916449530893,2.116916449530893
0.25,25,0.76,-0.1447295770545809,-0.035462991323043,5.64068579461545,5.64068579461545
0.25,25,0.77,-0.1456443652404486,0.2244388960525949,-9.104648338294338,0.0
0.25,25,0.78,-0.140240799133529,-0.2175559580889299,-23.7339608411008,0.0
0.25,25,0.79,-0.1499954844022272,-0.2502403207694215,23.760036040554482,23.760036040554482
0.25,25,0.8,-0.1452456055489174,0.2576447627221601,3.130976117902362,3.130976117902362
0.25,25,0.81,-0.144842589147784,-0.1876207984113742,-9.231080212902004,0.0
0.25,25,0.82,-0.1489980215171448,0.073023158464113,5.44877211847704,5.44877211847704
0.25,25,0.83,-0.1433821259785017,-0.0786453560418385,-15.692819324823521,0.0
0.25,25,0.84,-0.1505709286379816,-0.2408332280323577,6.28618979698018,6.28618979698018
0.25,25,0.85,-0.1481987905391488,0.0470784398977652,17.630153892255663,17.630153892255663
0.25,25,0.86,-0.1496293598400263,0.1117698498127559,-4.162003351207212,0.0
0.25,25,0.87,-0.1459633935428937,-0.0361616271263791,-13.877591206282098,0.0
0.25,25,0.88,-0.1503525923825539,-0.1657819743128863,0.8104371141646646,0.8104371141646646
0.25,25,0.89,-0.1492790330291514,-0.0199528848430858,12.730447070832557,12.730447070832557
0.25,25,0.9,-0.1507516500794156,0.0888269671037651,2.8029078419845277,2.8029078419845277
0.25,25,0.91,-0.1475024936870761,0.0361052719966048,-8.191567968611123,0.0
0.25,25,0.92,-0.1500295446394835,-0.0750043922684575,-0.8263136620520143,0.0
0.25,25,0.93,-0.1490025815324453,0.0195789987555645,0.04304731845191023,0.04304731845191023
0.25,25,0.94,-0.1496379646643722,-0.0741434458994172,-0.8996023510568932,0.0
0.25,25,0.95,-0.1504854504504336,0.0015869517344286,1.5215071890457534,1.5215071890457534
0.25,25,0.96,-0.1496062256296836,-0.0437133021185021,-5.7220553869345006,0.0
0.25,25,0.97,-0.1513597164928037,-0.1128541560042615,16.576639936138346,16.576639936138346
0.25,25,0.98,-0.1518633087497688,0.2878194966042651,13.024594595237044,13.024594595237044
0.25,25,0.99,-0.1456033265607184,0.1476377359004796,-30.92711218541756,0.0
0.25,25,1.0,-0.1489105540317592,-0.3307227471040866,-47.83604830045658,0.0
0.25,26,0.01,-0.0013455035459753,-0.0385443694182051,-2.0850349794608607,0.0
0.25,26,0.02,-0.0017309472401574,-0.0593947192128137,-3.321596807305806,0.0
0.25,26,0.03,-0.0025333979302316,-0.1049763055643212,-5.083477401247804,0.0
0.25,26,0.04,-0.0038304733514438,-0.1610642672377698,-6.035172423817373,0.0
0.25,26,0.05,-0.005754683274987,-0.2256797540406687,-4.255467639573579,0.0
0.25,26,0.06,-0.0083440684322572,-0.2461736200292414,-4.431634850026054,0.0
0.25,26,0.07,-0.0106781556755718,-0.3143124510411899,-5.871051965893042,0.0
0.25,26,0.08,-0.014630317453081,-0.3635946593471022,-4.740684142982399,0.0
0.25,26,0.09,-0.0179500488625138,-0.4091261339008378,-0.6079213851486003,0.0
0.25,26,0.1,-0.0228128401310977,-0.3757530870500742,-6.489049608999327,0.0
0.25,26,0.11,-0.0254651106035153,-0.538907126080824,-18.111308087782866,0.0
0.25,26,0.12,-0.0335909826527142,-0.7379792488057313,-1.369876559269656,0.0
0.25,26,0.13,-0.04022469557963,-0.5663046572662167,20.3571104624837,20.3571104624837
0.25,26,0.14,-0.0449170757980385,-0.3308370395560569,11.746030377546223,11.746030377546223
0.25,26,0.15,-0.0468414363707511,-0.3313840497152918,-19.930005471474324,0.0
0.25,26,0.16,-0.0515447567923444,-0.7294371489855442,-27.479236315545382,0.0
0.25,26,0.17,-0.061430179350462,-0.8809687760261999,20.70825329529622,20.70825329529622
0.25,26,0.18,-0.0691641323128684,-0.315272083079622,27.521341068192427,27.521341068192427
0.25,26,0.19,-0.0677356210120544,-0.3305419546623533,-1.0326101413257636,0.0
0.25,26,0.2,-0.0757749714061154,-0.3359242859061373,-10.218126800650698,0.0
0.25,26,0.21,-0.0744541067301772,-0.5349044906753666,-8.89621585492825,0.0
0.25,26,0.22,-0.0864730612196228,-0.5138486030047016,0.1873807983361111,0.1873807983361111
0.25,26,0.23,-0.0847310787902712,-0.5311568747086444,-4.960812627253265,0.0
0.25,26,0.24,-0.0970961987137956,-0.6130648555497666,21.291154006873974,21.291154006873974
0.25,26,0.25,-0.0969923759012665,-0.1053337945711634,5.122627621679982,5.122627621679982
0.25,26,0.26,-0.0992028746052189,-0.5106123031161669,-20.33469953438581,0.0
0.25,26,0.27,-0.1072046219635899,-0.5120277852588799,13.08023027669182,13.08023027669182
0.25,26,0.28,-0.1094434303103965,-0.2490076975823303,2.908975192204103,2.908975192204103
0.25,26,0.29,-0.1121847759152365,-0.4538482814147953,-16.24519181261853,0.0
0.25,26,0.3,-0.1185203959386924,-0.5739115338346998,13.884551356222362,13.884551356222362
0.25,26,0.31,-0.1236630065919305,-0.1761572542903478,29.496587833830972,29.496587833830972
0.25,26,0.32,-0.1220435410244994,0.0160202228419201,6.613676355389584,6.613676355389584
0.25,26,0.33,-0.1233426021350921,-0.043883727182556,-11.979270431107631,0.0
0.25,26,0.34,-0.1229212155681505,-0.2235651857802327,-5.708849658488133,0.0
0.25,26,0.35,-0.1278139058506967,-0.1580607203523198,7.403910295243243,7.403910295243243
0.25,26,0.36,-0.1260824299751969,-0.0754869798753681,-5.746390697339574,0.0
0.25,26,0.37,-0.129323645448204,-0.2729885342991114,0.864688625867104,0.864688625867104
0.25,26,0.38,-0.1315422006611791,-0.058193207358026,8.648137841272646,8.648137841272646
0.25,26,0.39,-0.1304875095953646,-0.1000257774736583,-1.3885976125136388,0.0
0.25,26,0.4,-0.1335427162106523,-0.0859651596082988,2.1304018221020975,2.1304018221020975
0.25,26,0.41,-0.1322068127875305,-0.0574177410316165,-3.8571222823834797,0.0
0.25,26,0.42,-0.1346910710312847,-0.163107605255969,-0.4464472931343897,0.0
0.25,26,0.43,-0.1354689648926499,-0.0663466868943043,10.865791119111446,10.865791119111446
0.25,26,0.44,-0.1360180047691707,0.0542082171262601,8.791370024597258,8.791370024597258
0.25,26,0.45,-0.1343848005501247,0.109480713597641,-8.626583009278823,0.0
0.25,26,0.46,-0.1338283904972179,-0.1183234430593165,-14.230819114211116,0.0
0.25,26,0.47,-0.136751269411311,-0.1751356686865817,11.442718625945872,11.442718625945872
0.25,26,0.48,-0.1373311038709496,0.1105309294596024,10.523836783788711,10.523836783788711
0.25,26,0.49,-0.134540650822119,0.0353410669891927,-19.44894212280819,0.0
0.25,26,0.5,-0.1366242825311657,-0.2784479129965618,-8.716340331038442,0.0
0.25,26,0.51,-0.1401096090820502,-0.1389857396315763,17.99856209716258,17.99856209716258
0.25,26,0.52,-0.1394039973237972,0.0815233289466901,9.715946683298101,9.715946683298101
0.25,26,0.53,-0.1384791425031164,0.0553331940343859,-8.745834505373598,0.0
0.25,26,0.54,-0.1382973334431095,-0.093393361160782,-5.992935544331814,0.0
0.25,26,0.55,-0.140347009726332,-0.0645255168522505,0.6381607940546106,0.6381607940546106
0.25,26,0.56,-0.1395878437801545,-0.0806301452796898,-3.577519879928109,0.0
0.25,26,0.57,-0.1419596126319258,-0.1360759144508119,20.276207456351816,20.276207456351816
0.25,26,0.58,-0.1423093620691708,0.3248940038473504,10.198350871043472,10.198350871043472
0.25,26,0.59,-0.1354617325549788,0.0678911029700577,-28.50363850020547,0.0
0.25,26,0.6,-0.1409515400097696,-0.2451787661567595,-1.310791944998659,0.0
0.25,26,0.61,-0.140365307878114,0.0416752640700845,15.249872303401077,15.249872303401077
0.25,26,0.62,-0.1401180347283679,0.0598186799112623,-4.223801916491111,0.0
0.25,26,0.63,-0.1391689342798887,-0.0428007742597378,-6.293645003964735,0.0
0.25,26,0.64,-0.1409740502135627,-0.0660542201680325,-0.06250538602654476,0.0
0.25,26,0.65,-0.1404900186832494,-0.0440508819802687,-1.908844588180298,0.0
0.25,26,0.66,-0.1418550678531681,-0.1042311119316385,-2.954644323482642,0.0
0.25,26,0.67,-0.1425746409218821,-0.1031437684499216,2.074112733226923,2.074112733226923
0.25,26,0.68,-0.1439179432221665,-0.0627488572671,10.605184190453247,10.605184190453247
0.25,26,0.69,-0.1438296180672241,0.1089599153591409,7.3541634978463275,7.3541634978463275
0.25,26,0.7,-0.1417387449149837,0.0843344126898237,-3.6680477521985524,0.0
0.25,26,0.71,-0.1421429298134277,0.0355989603151698,-10.14074607692919,0.0
0.25,26,0.72,-0.1410267657086803,-0.1184805088487603,-8.333440803772863,0.0
0.25,26,0.73,-0.1445125399904029,-0.1310698557602876,12.50643816701798,12.50643816701798
0.25,26,0.74,-0.143648162823886,0.1316482544915995,3.165883268231347,3.165883268231347
0.25,26,0.75,-0.1418795749005709,-0.0677521903956606,2.5573449871612484,2.5573449871612484
0.25,26,0.76,-0.1450032066317992,0.1827951542348245,-2.445900351667603,0.0
0.25,26,0.77,-0.1382236718158744,-0.1166701974290127,-35.14997634406113,0.0
0.25,26,0.78,-0.1473366105803795,-0.5202043726463987,16.2371672744013,16.2371672744013
0.25,26,0.79,-0.1486277592688024,0.2080731480590136,48.00465111386503,48.00465111386503
0.25,26,0.8,-0.1431751476191992,0.4398886496309027,-12.000496121268595,0.0
0.25,26,0.81,-0.1398299862761843,-0.0319367743663585,-32.06504205351648,0.0
0.25,26,0.82,-0.1438138831065263,-0.2014121914394273,-4.365445096921434,0.0
0.25,26,0.83,-0.1438582301049728,-0.119245676304784,5.688682350972216,5.688682350972216
0.25,26,0.84,-0.146198796632622,-0.0876385444199829,-1.3624839658586687,0.0
0.25,26,0.85,-0.1456110009933724,-0.1464953556219574,1.0570670539966587,1.0570670539966587
0.25,26,0.86,-0.1491287037450611,-0.0664972033400497,5.69787368891558,5.69787368891558
0.25,26,0.87,-0.1469409450601735,-0.0325378818436457,-1.7352793934776383,0.0
0.25,26,0.88,-0.149779461381934,-0.1012027912096025,3.6927443580793318,3.6927443580793318
0.25,26,0.89,-0.1489650008843655,0.041317005317941,18.851830346032486,18.851830346032486
0.25,26,0.9,-0.1489531212755752,0.2758338157110476,-6.531878807964279,0.0
0.25,26,0.91,-0.1434483245701446,-0.0893205708413447,-18.45114068593181,0.0
0.25,26,0.92,-0.1507395326924021,-0.093188998007589,11.82118985290884,11.82118985290884
0.25,26,0.93,-0.1453121045302963,0.1471032262168323,-4.499328472028438,0.0
0.25,26,0.94,-0.1477974681680654,-0.183175567448151,-9.816249636022864,0.0
0.25,26,0.95,-0.1489756158792593,-0.0492217665036189,10.028060461497637,10.028060461497637
0.25,26,0.96,-0.1487819034981377,0.0173856417818019,-0.21640474103974494,0.0
0.25,26,0.97,-0.1486279030436233,-0.0535498613244138,-1.8501961478269935,0.0
0.25,26,0.98,-0.149852900724626,-0.019618281174738,19.906432238933803,19.906432238933803
0.25,26,0.99,-0.1490202686671181,0.3445787834542626,31.275632116623346,31.275632116623346
0.25,26,1.0,-0.1429613250555408,0.6058943611577294,26.131557770346657,26.131557770346657
0.25,27,0.01,-0.0005625140060755,-0.0240077289193085,-1.5594605440153497,0.0
0.25,27,0.02,-0.0008025912952686,-0.039602334359462,-2.828420280206217,0.0
0.25,27,0.03,-0.0013545606932648,-0.0805761345234328,-4.5319507704778905,0.0
0.25,27,0.04,-0.0024141139857373,-0.1302413497690198,-5.104381516967343,0.0
0.25,27,0.05,-0.0039593876886452,-0.1826637648627797,-6.076768364254006,0.0
0.25,27,0.06,-0.0060673892829929,-0.2517767170540999,-4.662647149154797,0.0
0.25,27,0.07,-0.0089949220297272,-0.2759167078458756,-2.0505159477913555,0.0
0.25,27,0.08,-0.0115857234399104,-0.292787036009927,-5.577749931359518,0.0
0.25,27,0.09,-0.0148506627499257,-0.3874717064730659,-9.450910460077152,0.0
0.25,27,0.1,-0.0193351575693717,-0.4818052452114701,-5.883078522054959,0.0
0.25,27,0.11,-0.0244867676541551,-0.5051332769141651,3.66217734137075,3.66217734137075
0.25,27,0.12,-0.029437823107655,-0.4085616983840552,0.7593820536941358,0.7593820536941358
0.25,27,0.13,-0.0326580016218362,-0.4899456358402827,-14.736043381338039,0.0
0.25,27,0.14,-0.0392367358244607,-0.7032825660108162,3.982867935596275,3.982867935596275
0.25,27,0.15,-0.0467236529420525,-0.4102882771283587,8.777634241860728,8.777634241860728
0.25,27,0.16,-0.0474425013670278,-0.5277298811736029,-20.364886492356632,0.0
0.25,27,0.17,-0.0572782505655246,-0.8175860069754917,0.06850293585044653,0.06850293585044653
0.25,27,0.18,-0.0637942215065377,-0.5263598224565955,5.673565404571022,5.673565404571022
0.25,27,0.19,-0.0678054470146565,-0.7041146988840725,-5.381071840330872,0.0
0.25,27,0.2,-0.0778765154842191,-0.633981259263213,12.95916628152148,12.95916628152148
0.25,27,0.21,-0.0804850721999208,-0.4449313732536435,21.648435741833755,21.648435741833755
0.25,27,0.22,-0.086775142949292,-0.201012544426538,-11.134204697440296,0.0
0.25,27,0.23,-0.0845053230884515,-0.6676154672024497,-26.26626449518792,0.0
0.25,27,0.24,-0.1001274522933409,-0.7263378343302973,13.803851490881506,13.803851490881506
0.25,27,0.25,-0.0990320797750574,-0.3915384373848187,22.754518425709303,22.754518425709303
0.25,27,0.26,-0.1079582210410373,-0.2712474658161108,-2.285218694147545,0.0
0.25,27,0.27,-0.1044570290913796,-0.4372428112677697,-22.838309267455006,0.0
0.25,27,0.28,-0.1167030772663927,-0.7280136511652113,15.687495118795137,15.687495118795137
0.25,27,0.29,-0.1190173021146839,-0.1234929088918725,11.326047788932254,11.326047788932254
0.25,27,0.3,-0.1191729354442302,-0.5014926953865722,-10.81327220375718,0.0
0.25,27,0.31,-0.1290471560224153,-0.3397583529670163,16.818566473555293,16.818566473555293
0.25,27,0.32,-0.1259681025035705,-0.165121365915466,7.358711487355,7.358711487355
0.25,27,0.33,-0.1323495833407247,-0.1925841232199161,20.84947215671911,20.84947215671911
0.25,27,0.34,-0.1298197849679688,0.2518680772189166,-12.069520936566818,0.0
0.25,27,0.35,-0.1273122217963463,-0.4339745419512457,-50.674372064875655,0.0
0.25,27,0.36,-0.1384992758069938,-0.7616193640785927,41.52640167298212,41.52640167298212
0.25,27,0.37,-0.1425446090779182,0.3965534915083974,44.12689649659201,44.12689649659201
0.25,27,0.38,-0.1305682059768259,0.1209185658532483,-59.56111677699968,0.0
0.25,27,0.39,-0.1401262377608532,-0.7946688440315972,5.011432943499901,5.011432943499901
0.25,27,0.4,-0.1464615828574578,0.2211472247232464,45.65262705036601,45.65262705036601
0.25,27,0.41,-0.1357032932663884,0.1183836969757274,-26.681413160342075,0.0
0.25,27,0.42,-0.1440939089179434,-0.3124810384835959,-10.325966308722407,0.0
0.25,27,0.43,-0.1419529140360603,-0.0881356291987209,20.440971819682414,20.440971819682414
0.25,27,0.44,-0.1458566215019178,0.0963383979100527,-2.377673327027143,0.0
0.25,27,0.45,-0.1400261460778592,-0.1356890957392638,-12.45028168547363,0.0
0.25,27,0.46,-0.1485704034167031,-0.1526672357994201,12.156062367246456,12.156062367246456
0.25,27,0.47,-0.1430794907938477,0.1074321516056633,8.352705707560105,8.352705707560105
0.25,27,0.48,-0.1464217603845899,0.0143868783517797,4.212073745310582,4.212073745310582
0.25,27,0.49,-0.1427917532268121,0.191673626511875,5.3863430744915,5.3863430744915
0.25,27,0.5,-0.1425882878543524,0.1221137398416098,-19.611443906980934,0.0
0.25,27,0.51,-0.1403494784299799,-0.200555251627744,-17.72770679961677,0.0
0.25,27,0.52,-0.1465993928869073,-0.2324403961507259,16.264438448537692,16.264438448537692
0.25,27,0.53,-0.1449982863529944,0.1247335173430101,3.0518391740163615,3.0518391740163615
0.25,27,0.54,-0.1441047225400471,-0.1714036126703986,-11.72742909341367,0.0
0.25,27,0.55,-0.1484263586064024,-0.1098150645252635,15.47431954406225,15.47431954406225
0.25,27,0.56,-0.1463010238305523,0.1380827782108467,8.455837565853248,8.455837565853248
0.25,27,0.57,-0.1456647030421854,0.0593016867918043,8.739405558813413,8.739405558813413
0.25,27,0.58,-0.1451149900947163,0.3128708893871179,-28.08548951429139,0.0
0.25,27,0.59,-0.1394072852544431,-0.502408103494024,-36.677414842520236,0.0
0.25,27,0.6,-0.1551631521645968,-0.4206774074632875,45.55770195656406,45.55770195656406
0.25,27,0.61,-0.1478208334037088,0.408745935637258,48.14829259030509,48.14829259030509
0.25,27,0.62,-0.1469882334518516,0.5422884443428151,-25.040150248887432,0.0
0.25,27,0.63,-0.1369750645168525,-0.0920570693404911,-54.64083116337157,0.0
0.25,27,0.64,-0.1488293748386614,-0.5505281789246173,9.527418548324672,9.527418548324672
0.25,27,0.65,-0.1479856280953449,0.0984913016260025,38.438346781002956,38.438346781002956
0.25,27,0.66,-0.1468595488061414,0.2182387566954426,-5.8196517091507,0.0
0.25,27,0.67,-0.143620852961436,-0.0179017325570116,-29.88398819169108,0.0
0.25,27,0.68,-0.1472175834572816,-0.3794410071383796,3.693186167518334,3.693186167518334
0.25,27,0.69,-0.1512096731042035,0.0559619907933459,28.409874677635813,28.409874677635813
0.25,27,0.7,-0.1460983436414146,0.1887564864143307,-5.73320963812817,0.0
0.25,27,0.71,-0.1474345433759169,-0.0587022019692176,-4.3346759214369674,0.0
0.25,27,0.72,-0.1472723876807989,0.1020629679855913,-7.208244449815594,0.0
0.25,27,0.73,-0.1453932840162051,-0.2028670909655296,-6.592232872142114,0.0
0.25,27,0.74,-0.1513297295001096,-0.0297816894572511,17.70771460859526,17.70771460859526
0.25,27,0.75,-0.1459889178053501,0.1512872012063759,8.992130716056613,8.992130716056613
0.25,27,0.76,-0.148303985475982,0.1500609248638813,1.5373911089429093,1.5373911089429093
0.25,27,0.77,-0.1429876993080725,0.1820350233852341,-24.96560763448412,0.0
0.25,27,0.78,-0.1446632850082773,-0.3492512278258015,-23.000112182191693,0.0
0.25,27,0.79,-0.1499727238645885,-0.2779672202586001,9.749533452213736,9.749533452213736
0.25,27,0.8,-0.1502226294134493,-0.1542605587815266,18.364495597200193,18.364495597200193
0.25,27,0.81,-0.1530579350402191,0.0893226916854041,15.250940309655864,15.250940309655864
0.25,27,0.82,-0.1484361755797413,0.1507582474115913,-18.771616253035788,0.0
0.25,27,0.83,-0.1500427700919873,-0.2861096333753155,-11.428719657238755,0.0
0.25,27,0.84,-0.1541583682472476,-0.077816145733184,22.69830784234819,22.69830784234819
0.25,27,0.85,-0.151599093006651,0.1678565234716487,18.0437325573412,18.0437325573412
0.25,27,0.86,-0.1508012377778147,0.2830585054136403,-1.1139316530930845,0.0
0.25,27,0.87,-0.1459379228983782,0.145577890409787,-32.987565383656495,0.0
0.25,27,0.88,-0.1478896799696189,-0.3766928022594902,-9.216879515314057,0.0
0.25,27,0.89,-0.153471778943568,-0.0387596998964943,20.675579821046668,20.675579821046668
0.25,27,0.9,-0.1486648739675488,0.0368187941614435,-5.631554919790231,0.0
0.25,27,0.91,-0.1527354030603392,-0.151390798292299,1.6282807510604487,1.6282807510604487
0.25,27,0.92,-0.1516926899333948,0.0693844091826525,12.998984010906005,12.998984010906005
0.25,27,0.93,-0.1513477148766861,0.1085888819258213,-9.744212494433416,0.0
0.25,27,0.94,-0.1495209122948784,-0.1254998407060119,-10.26317441779626,0.0
0.25,27,0.95,-0.1538577116908064,-0.0966746064301,14.72958226970438,14.72958226970438
0.25,27,0.96,-0.1514544044234804,0.169091804688076,3.1134781660134565,3.1134781660134565
0.25,27,0.97,-0.1504758755970449,-0.0344050431098308,-8.263103077485827,0.0
0.25,27,0.98,-0.152142505285677,0.0038297431383593,7.866767929657339,7.866767929657339
0.25,27,0.99,-0.1503992807342777,0.1229303154833161,3.3854216344172623,3.3854216344172623
0.25,27,1.0,-0.1496838989760107,0.0715381758267046,-5.139213965661145,0.0
0.25,28,0.01,-0.0003968469790096,-0.0143164168973624,-1.31106705811443,0.0
0.25,28,0.02,-0.0005400111479833,-0.0274270874785067,-2.2714840894149306,0.0
0.25,28,0.03,-0.0009453887285798,-0.059746098685661,-3.91765181674554,0.0
0.25,28,0.04,-0.0017349331216965,-0.1057801238134175,-4.936385480855224,0.0
0.25,28,0.05,-0.0030609912048481,-0.1584738083027655,-5.27819415643492,0.0
0.25,28,0.06,-0.0049044092877518,-0.2113440069421159,-6.3056407143788915,0.0
0.25,28,0.07,-0.0072878713436904,-0.2845866225903434,-1.8674764467927822,0.0
0.25,28,0.08,-0.0105961417395587,-0.2486935358779717,-2.0738239884576153,0.0
0.25,28,0.09,-0.0122617420612499,-0.3260631023594957,-6.879262903864918,0.0
0.25,28,0.1,-0.0171174037867486,-0.3862787939552701,3.171316967453768,3.171316967453768
0.25,28,0.11,-0.0199873179403553,-0.2626367630104206,-5.9072592094762975,0.0
0.25,28,0.12,-0.022370139046957,-0.504423978144796,-22.107957458054955,0.0
0.25,28,0.13,-0.0300757975032512,-0.7047959121715197,-4.249105807761691,0.0
0.25,28,0.14,-0.0364660572903874,-0.5894060943000299,12.389903101492855,12.389903101492855
0.25,28,0.15,-0.0418639193892518,-0.4569978501416627,23.433327702859337,23.433327702859337
0.25,28,0.16,-0.0456060142932207,-0.1207395402428428,-3.1170790410374174,0.0
0.25,28,0.17,-0.0442787101941087,-0.5193394309624111,-52.37953586640309,0.0
0.25,28,0.18,-0.0559928029124688,-1.1683302575709034,-7.008720964773058,0.0
0.25,28,0.19,-0.0676453153455267,-0.659513850257869,29.908167922844207,29.908167922844207
0.25,28,0.2,-0.0691830799176262,-0.5701668991140187,4.47876552988323,4.47876552988323
0.25,28,0.21,-0.0790486533278071,-0.5699385396602041,1.2787666574181458,1.2787666574181458
0.25,28,0.22,-0.0805818507108303,-0.5445915659656557,-9.958221052654615,0.0
0.25,28,0.23,-0.0899404846471202,-0.7691029607132966,33.88279930007931,33.88279930007931
0.25,28,0.24,-0.0959639099250962,0.133064420035927,40.118047409962294,40.118047409962294
0.25,28,0.25,-0.0872791962464016,0.0332579874859462,-56.89560087760354,0.0
0.25,28,0.26,-0.0952987501753773,-1.0048475975161448,-23.184387287523098,0.0
0.25,28,0.27,-0.1073761481967245,-0.4304297582645162,30.567922578235432,30.567922578235432
0.25,28,0.28,-0.1039073453406676,-0.3934891459514356,-12.905099208773798,0.0
0.25,28,0.29,-0.1152459311157531,-0.6885317424399897,4.409439106247559,4.409439106247559
0.25,28,0.3,-0.1176779801894674,-0.3053003638264808,21.01287444220066,21.01287444220066
0.25,28,0.31,-0.1213519383922828,-0.2682742535959761,8.634342857377355,8.634342857377355
0.25,28,0.32,-0.1230434652613869,-0.1326135066789335,-0.13672865102187615,0.0
0.25,28,0.33,-0.1240042085258614,-0.2710088266164137,-13.290994174190274,0.0
0.25,28,0.34,-0.1284636417937152,-0.3984333901627392,13.94641892156114,13.94641892156114
0.25,28,0.35,-0.1319728763291162,0.0079195518148056,27.471914404372985,27.471914404372985
0.25,28,0.36,-0.128305250757419,0.151004897924718,-10.35688804014806,0.0
0.25,28,0.37,-0.1289527783706218,-0.1992182089881558,-28.678184104669953,0.0
0.25,28,0.38,-0.1322896149371821,-0.4225587841686815,11.17480988507039,11.17480988507039
0.25,28,0.39,-0.1374039540539955,0.0242779887132522,14.087084423798302,14.087084423798302
0.25,28,0.4,-0.1318040551629171,-0.1408170956927152,5.464299005156548,5.464299005156548
0.25,28,0.41,-0.1402202959678496,0.1335639688163805,6.5354632153264935,6.5354632153264935
0.25,28,0.42,-0.1291327757865894,-0.0101078313861879,-45.91617551789739,0.0
0.25,28,0.43,-0.1404224525955734,-0.7847595415415682,-5.368613976573395,0.0
0.25,28,0.44,-0.1448279666174207,-0.1174801109176559,59.16261922156444,59.16261922156444
0.25,28,0.45,-0.1427720548139265,0.3984928428897216,14.740937315970132,14.740937315970132
0.25,28,0.46,-0.1368581097596263,0.177338635401747,-6.840387992326415,0.0
0.25,28,0.47,-0.1392252821058915,0.2616850830431918,-2.174999379811376,0.0
0.25,28,0.48,-0.1316244080987624,0.1338386478055184,-43.29904090473873,0.0
0.25,28,0.49,-0.1365485091497812,-0.6042957350515836,-13.389412167058028,0.0
0.25,28,0.5,-0.1437103227997941,-0.1339495955356424,32.87873920599666,32.87873920599666
0.25,28,0.51,-0.139227501060494,0.0532790490683501,-7.851756338123824,0.0
0.25,28,0.52,-0.1426447418184271,-0.290984722298119,11.336240572474521,11.336240572474521
0.25,28,0.53,-0.1450471955064564,0.2800038605178407,13.867260114498539,13.867260114498539
0.25,28,0.54,-0.1370446646080703,-0.013639520008148,-13.292844335125574,0.0
0.25,28,0.55,-0.1453199859066194,0.014146973815329,21.561992303968157,21.561992303968157
0.25,28,0.56,-0.1367617251317637,0.4176003260712155,-17.143161151685955,0.0
0.25,28,0.57,-0.136967979385195,-0.3287162492183757,-31.62276143240321,0.0
0.25,28,0.58,-0.1433360501161313,-0.2148549025768362,26.26113837892865,26.26113837892865
0.25,28,0.59,-0.1412650774367317,0.1965065183601977,5.2249257760238645,5.2249257760238645
0.25,28,0.6,-0.1394059197489273,-0.1103563870563588,-28.89887923341858,0.0
0.25,28,0.61,-0.1434722051778589,-0.3814710663081744,5.490783157735541,5.490783157735541
0.25,28,0.62,-0.1470353410750908,-0.0005407239016479,29.833830283200165,29.833830283200165
0.25,28,0.63,-0.1434830196558918,0.2152055393558294,-5.14207562508697,0.0
0.25,28,0.64,-0.1427312302879742,-0.1033822364033874,-9.258168493892953,0.0
0.25,28,0.65,-0.1455506643839596,0.0300421694779702,7.768606273419014,7.768606273419014
0.25,28,0.66,-0.1421303868984148,0.051989889064993,3.312505225444612,3.312505225444612
0.25,28,0.67,-0.1445108666026597,0.0962922739868625,-1.0489603232952693,0.0
0.25,28,0.68,-0.1402045414186776,0.0310106825990876,-13.717987417618453,0.0
0.25,28,0.69,-0.1438906529506778,-0.1780674743655037,3.9758880814877524,3.9758880814877524
0.25,28,0.7,-0.1437658909059876,0.1105284442288478,-4.479401647056447,0.0
0.25,28,0.71,-0.1416800840661009,-0.2676555073066327,-5.103895957262501,0.0
0.25,28,0.72,-0.1491190010521202,0.0084505250835977,33.08286054496056,33.08286054496056
0.25,28,0.73,-0.1415110735644289,0.3940017035925791,-5.304400090191121,0.0
0.25,28,0.74,-0.1412389669802687,-0.0976374767202248,-33.36065516367387,0.0
0.25,28,0.75,-0.1434638230988334,-0.2732113996808989,9.271817481600252,9.271817481600252
0.25,28,0.76,-0.1467031949738866,0.0877988729117804,15.865177640707657,15.865177640707657
0.25,28,0.77,-0.1417078456405978,0.0440921531332545,-7.572624563433404,0.0
0.25,28,0.78,-0.1458213519112216,-0.0636536183568878,-10.716212545311507,0.0
0.25,28,0.79,-0.1429809180077356,-0.1702320977729758,-1.2344381085888338,0.0
0.25,28,0.8,-0.1492259938666811,-0.0883423805286645,15.048791850443902,15.048791850443902
0.25,28,0.81,-0.1447477656183089,0.1307437392359025,-3.7294403675963377,0.0
0.25,28,0.82,-0.146611119081963,-0.1629311878805852,-15.306408758176236,0.0
0.25,28,0.83,-0.1480063893759206,-0.1753844359276177,24.215390401841997,24.215390401841997
0.25,28,0.84,-0.1501188078005153,0.3213766201562551,20.659643853893492,20.659643853893492
0.25,28,0.85,-0.1415788569727955,0.2378084411502525,-22.587477975062356,0.0
0.25,28,0.86,-0.1453626389775103,-0.1303729393449924,-18.891040476391364,0.0
0.25,28,0.87,-0.1441863157596953,-0.1400123683775751,-11.647490731940993,0.0
0.25,28,0.88,-0.1481628863450618,-0.3633227539838124,2.620925841975108,2.620925841975108
0.25,28,0.89,-0.1514527708393716,-0.0875938515380729,29.350686967214852,29.350686967214852
0.25,28,0.9,-0.1499147633758232,0.2236909853604851,20.52195832745933,20.52195832745933
0.25,28,0.91,-0.1469789511321619,0.3228453150111141,-20.711939159678153,0.0
0.25,28,0.92,-0.143457857075601,-0.1905477978330783,-27.50044335635439,0.0
0.25,28,0.93,-0.1507899070888234,-0.2271635521159742,14.00012331353281,14.00012331353281
0.25,28,0.94,-0.1480011281179205,0.0894546684375727,7.3687313953288704,7.3687313953288704
0.25,28,0.95,-0.1490008137200721,-0.0797889242094029,-11.65695738315636,0.0
0.25,28,0.96,-0.1495969066021086,-0.1436844792255547,-3.275664989272943,0.0
0.25,28,0.97,-0.1518745033045831,-0.1453022239948618,4.910634822281556,4.910634822281556
0.25,28,0.98,-0.1525029510820058,-0.0454717827799235,2.2491258688552387,2.2491258688552387
0.25,28,0.99,-0.1527839389601816,-0.100319706617757,-6.3534421319004535,0.0
0.25,28,1.0,-0.154509345214361,-0.1725406254179327,-7.222091880017562,0.0
0.25,29,0.01,-0.0005131740839179,-0.0233059309606852,-1.5859983093692998,0.0
0.25,29,0.02,-0.0007462333935247,-0.0391659140543782,-2.547972727306186,0.0
0.25,29,0.03,-0.0012964923650055,-0.0742653855068089,-4.50647699852012,0.0
0.25,29,0.04,-0.0022315411036609,-0.1292954540247806,-4.9528920887940036,0.0
0.25,29,0.05,-0.0038824014455011,-0.173323227282689,-4.029563866763715,0.0
0.25,29,0.06,-0.0056980056493147,-0.2098867313600549,-5.873731760636339,0.0
0.25,29,0.07,-0.0080801360727022,-0.2907978624954159,-6.25426261811192,0.0
0.25,29,0.08,-0.011513962899223,-0.3349719837222933,-6.842552769021744,0.0
0.25,29,0.09,-0.014779575747148,-0.4276489178758507,-6.95512772889996,0.0
0.25,29,0.1,-0.02006694125674,-0.4740745383002925,-3.358728419444887,0.0
0.25,29,0.11,-0.0242610665131539,-0.4948234862647485,-5.190488605038123,0.0
0.25,29,0.12,-0.029963410982035,-0.5778843104010549,2.0108509546011923,2.0108509546011923
0.25,29,0.13,-0.035818752721175,-0.4546064671727243,3.3426264540169477,3.3426264540169477
0.25,29,0.14,-0.0390555403254895,-0.5110317813207159,-0.7583783484987556,0.0
0.25,29,0.15,-0.0460393883475893,-0.4697740341426997,-9.118904895306894,0.0
0.25,29,0.16,-0.0484510210083435,-0.6934098792268544,-15.559585965071875,0.0
0.25,29,0.17,-0.0599075859321264,-0.7809657534441374,38.17338972225128,38.17338972225128
0.25,29,0.18,-0.0640703360772262,0.0700579152181681,5.085759082019024,5.085759082019024
0.25,29,0.19,-0.058506427627763,-0.6792505718037614,-68.731176701282,0.0
0.25,29,0.2,-0.0776553475133015,-1.304565618807473,5.248459380429942,5.248459380429942
0.25,29,0.21,-0.0845977400039125,-0.5742813841951664,37.06875800170518,37.06875800170518
0.25,29,0.22,-0.0891409751972048,-0.5631904587733718,-6.474714323367028,0.0
0.25,29,0.23,-0.0958615491793799,-0.7037756706625071,8.901151542320765,8.901151542320765
0.25,29,0.24,-0.1032164886104549,-0.3851674279269579,39.366552198451686,39.366552198451686
0.25,29,0.25,-0.1035648977379191,0.0835553733065266,-12.308817767514036,0.0
0.25,29,0.26,-0.1015453811443244,-0.6313437832772388,-28.200573061662546,0.0
0.25,29,0.27,-0.1161917734034639,-0.4804560879267248,14.490726775617613,14.490726775617613
0.25,29,0.28,-0.1111545029028589,-0.3415292477648863,-14.320066519360005,0.0
0.25,29,0.29,-0.1230223583587615,-0.7668574183139212,22.00717032650944,22.00717032650944
0.25,29,0.3,-0.1264916512691373,0.0986141587653088,21.255708171417957,21.255708171417957
0.25,29,0.31,-0.1210500751834553,-0.3417432548855617,-13.187913174607484,0.0
0.25,29,0.32,-0.1333265163668485,-0.1651441047268411,11.635142860894188,11.635142860894188
0.25,29,0.33,-0.1243529572779921,-0.1090403976676777,-14.982991263392078,0.0
0.25,29,0.34,-0.1355073243202021,-0.4648039299946829,4.719381142444822,4.719381142444822
0.25,29,0.35,-0.1336490358778858,-0.0146527748187859,20.295085882458388,20.295085882458388
0.25,29,0.36,-0.1358003798165778,-0.0589022123455187,-11.677681512663385,0.0
0.25,29,0.37,-0.1348270801247962,-0.2482064050720538,-14.944968011298997,0.0
0.25,29,0.38,-0.1407645079180189,-0.3578015725714989,20.722363388355557,20.722363388355557
0.25,29,0.39,-0.1419831115762262,0.1662408626950577,15.341187810465481,15.341187810465481
0.25,29,0.4,-0.1374396906641178,-0.050977816362189,-4.664072918839057,0.0
0.25,29,0.41,-0.1430026679034699,0.0729594043182748,16.630156431801574,16.630156431801574
0.25,29,0.42,-0.1359805025777522,0.2816253122738423,-6.25872089020806,0.0
0.25,29,0.43,-0.137370161657993,-0.0522150134858865,-29.54366174451534,0.0
0.25,29,0.44,-0.1370248028474699,-0.309247922616465,-1.6345038185210328,0.0
0.25,29,0.45,-0.1435551201103223,-0.0849050898563072,9.193004958808473,9.193004958808473
0.25,29,0.46,-0.1387229046445961,-0.1253878234402954,-9.729072832945384,0.0
0.25,29,0.47,-0.1460628765791282,-0.2794865465152139,15.02614899367111,15.02614899367111
0.25,29,0.48,-0.1443126355749003,0.1751351564331296,25.252962883683175,25.252962883683175
0.25,29,0.49,-0.1425601734504656,0.22557271115845,-8.025589845196944,0.0
0.25,29,0.5,-0.1398011813517313,0.0146233595291906,-26.571038788296583,0.0
0.25,29,0.51,-0.1422677062598817,-0.3058480646074821,-3.692204970976387,0.0
0.25,29,0.52,-0.1459181426438809,-0.0592207398903372,19.558917042180312,19.558917042180312
0.25,29,0.53,-0.1434521210576885,0.0853302762361245,2.5251358639087633,2.5251358639087633
0.25,29,0.54,-0.1442115371191585,-0.0087180226121619,-9.730075350825492,0.0
0.25,29,0.55,-0.1436264815099317,-0.1092712307803855,-4.097401470929447,0.0
0.25,29,0.56,-0.1463969617347662,-0.0906660520307509,13.400118193198871,13.400118193198871
0.25,29,0.57,-0.1454398025505468,0.1587311330835881,2.975835652709902,2.975835652709902
0.25,29,0.58,-0.1432223390730944,-0.031149338976558,-19.339424938680263,0.0
0.25,29,0.59,-0.1460627893300779,-0.2280573656900175,3.1759519761026223,3.1759519761026223
0.25,29,0.6,-0.1477834863868948,0.0323697005454945,20.911376862077738,20.911376862077738
0.25,29,0.61,-0.145415395319168,0.1901701715515376,-3.445993239154877,0.0
0.25,29,0.62,-0.143980082955864,-0.0365501642376031,-11.253809213844098,0.0
0.25,29,0.63,-0.1461463986039201,-0.0349060127253446,-8.195034053840672,0.0
0.25,29,0.64,-0.1446782032103709,-0.2004508453144167,-0.14646103732367521,0.0
0.25,29,0.65,-0.1501554155102084,-0.0378352334718181,30.107111393590166,30.107111393590166
0.25,29,0.66,-0.1454349078798073,0.4016913825573871,9.99911203975666,9.99911203975666
0.25,29,0.67,-0.1421215878590607,0.1621470073233153,-29.747923128716966,0.0
0.25,29,0.68,-0.142191967733341,-0.1932670800169527,-25.206178377616205,0.0
0.25,29,0.69,-0.1459869294593997,-0.3419765602290088,16.76462214306266,16.76462214306266
0.25,29,0.7,-0.1490314989379211,0.142025362844306,18.41877026443764,18.41877026443764
0.25,29,0.71,-0.1431464222025136,0.0263988450597443,-9.953681638890531,0.0
0.25,29,0.72,-0.1485035220367263,-0.0570482699335048,8.648704267523257,8.648704267523257
0.25,29,0.73,-0.1442873876011837,0.1993729304102096,-10.678010752942315,0.0
0.25,29,0.74,-0.144516063428522,-0.2706084849923513,-15.704014580919152,0.0
0.25,29,0.75,-0.1496995573010307,-0.1147073612081737,20.212939616776794,20.212939616776794
0.25,29,0.76,-0.1468102106526855,0.1336503073431849,4.128941563200602,4.128941563200602
0.25,29,0.77,-0.147026551154167,-0.0321285299441616,-14.436622065626842,0.0
0.25,29,0.78,-0.1474527812515688,-0.1550821339693522,4.782476788893801,4.782476788893801
0.25,29,0.79,-0.150128193833554,0.0635210058337145,19.424572758739636,19.424572758739636
0.25,29,0.8,-0.1461823611348945,0.2334093212054409,-4.591739905351437,0.0
0.25,29,0.81,-0.1454600074094452,-0.0283137922733143,-9.882173239768123,0.0
0.25,29,0.82,-0.1467486369803607,0.0357658564100757,-6.353638907901592,0.0
0.25,29,0.83,-0.1447446902812437,-0.1553865704313484,-10.972938862086222,0.0
0.25,29,0.84,-0.1498563683889877,-0.1836929208316489,13.144787956107013,13.144787956107013
0.25,29,0.85,-0.1484185486978767,0.1075091886907921,23.734981286263483,23.734981286263483
0.25,29,0.86,-0.1477061846151718,0.2910067048936211,-10.02405301535985,0.0
0.25,29,0.87,-0.1425984146000042,-0.0929718716164051,-31.08304954821947,0.0
0.25,29,0.88,-0.1495656220474999,-0.3306542860707688,13.805578005184035,13.805578005184035
0.25,29,0.89,-0.1492115003214196,0.1831396884872758,9.535185871977518,9.535185871977518
0.25,29,0.9,-0.1459028282777544,-0.1399505686312183,-23.086235263815148,0.0
0.25,29,0.91,-0.152010511694044,-0.2785850167890276,18.21662754950706,18.21662754950706
0.25,29,0.92,-0.151474528613535,0.2243819823589232,25.07847043376332,25.07847043376332
0.25,29,0.93,-0.1475228720468655,0.2229843918862393,-20.385951946134373,0.0
0.25,29,0.94,-0.1470148407758102,-0.1833370565637579,-26.065267505412997,0.0
0.25,29,0.95,-0.1511896131781407,-0.298320958222015,11.374810962278685,11.374810962278685
0.25,29,0.96,-0.1529812599402505,0.044159162681816,26.308879497169286,26.308879497169286
0.25,29,0.97,-0.1503064299245044,0.2278566317213712,-1.9257601449818884,0.0
0.25,29,0.98,-0.148424127305823,0.0056439597821782,-13.664635809853847,0.0
0.25,29,0.99,-0.1501935507288609,-0.045436084475706,4.021310678509606,4.021310678509606
0.25,29,1.0,-0.1493328489953372,0.0860701733523704,13.150625782807628,13.150625782807628
