eta,ref_id,radius,phi_energy_raw
0.25,0,0.1,-0.0186102490507476
0.25,0,0.15,-0.0432253645770992
0.25,0,0.2,-0.0815698174839508
0.25,0,0.25,-0.0998774177744314
0.25,0,0.3,-0.1205449882028832
0.25,0,0.35,-0.1370268779084658
0.25,0,0.4,-0.1429467587385141
0.25,0,0.45,-0.1336318110649224
0.25,0,0.5,-0.1370942574681322
0.25,0,0.55,-0.1371280688606824
0.25,0,0.6,-0.1421919418207847
0.25,0,0.65,-0.1433511928277606
0.25,0,0.7,-0.1469703516195995
0.25,0,0.75,-0.1443865089243154
0.25,0,0.8,-0.1487870644417495
0.25,0,0.85,-0.1487905094774608
0.25,0,0.9,-0.1452708986457413
0.25,0,0.95,-0.1459636283541344
0.25,0,1.0,-0.1502502069268461
0.25,1,0.1,-0.0220177245170509
0.25,1,0.15,-0.050398582847369
0.25,1,0.2,-0.0735142442969845
0.25,1,0.25,-0.1025069001960575
0.25,1,0.3,-0.1134216507293353
0.25,1,0.35,-0.1228950156765224
0.25,1,0.4,-0.1320602360118955
0.25,1,0.45,-0.1341605980629788
0.25,1,0.5,-0.13234620840999
0.25,1,0.55,-0.1412466637886786
0.25,1,0.6,-0.1379835954037896
0.25,1,0.65,-0.1414704728641536
0.25,1,0.7,-0.1396910441478389
0.25,1,0.75,-0.1439636311647158
0.25,1,0.8,-0.1420850315144818
0.25,1,0.85,-0.1468818786668264
0.25,1,0.9,-0.1470602246258172
0.25,1,0.95,-0.1481804955540035
0.25,1,1.0,-0.1505210954091121
0.25,2,0.1,-0.0208360912466621
0.25,2,0.15,-0.0470331816709949
0.25,2,0.2,-0.0672074730763617
0.25,2,0.25,-0.09680132659598
0.25,2,0.3,-0.1117079965758806
0.25,2,0.35,-0.123808592704517
0.25,2,0.4,-0.1299701145987816
0.25,2,0.45,-0.1342590249003062
0.25,2,0.5,-0.1323584890713485
0.25,2,0.55,-0.1378476671260794
0.25,2,0.6,-0.1409763823291705
0.25,2,0.65,-0.1423763648260025
0.25,2,0.7,-0.1401758336001634
0.25,2,0.75,-0.1443991510128607
0.25,2,0.8,-0.1409031201588006
0.25,2,0.85,-0.1423941762535955
0.25,2,0.9,-0.1441699091209248
0.25,2,0.95,-0.1489798734419619
0.25,2,1.0,-0.1474581864777196
0.25,3,0.1,-0.0164714847787011
0.25,3,0.15,-0.038663253681686
0.25,3,0.2,-0.0679459692999859
0.25,3,0.25,-0.1020005514330236
0.25,3,0.3,-0.1129905738483614
0.25,3,0.35,-0.1289162591823994
0.25,3,0.4,-0.1360063434593456
0.25,3,0.45,-0.133977823989214
0.25,3,0.5,-0.1354302615087198
0.25,3,0.55,-0.1423699304114145
0.25,3,0.6,-0.135777769655779
0.25,3,0.65,-0.1427756409709709
0.25,3,0.7,-0.1408596338097429
0.25,3,0.75,-0.1440310453284218
0.25,3,0.8,-0.1447468420369976
0.25,3,0.85,-0.1455659752494326
0.25,3,0.9,-0.1455723357860956
0.25,3,0.95,-0.1510909182272652
0.25,3,1.0,-0.1500498065847628
0.25,4,0.1,-0.0219773186627083
0.25,4,0.15,-0.0463162367187682
0.25,4,0.2,-0.07995487800612
0.25,4,0.25,-0.1034267113588146
0.25,4,0.3,-0.121810160512146
0.25,4,0.35,-0.137750546973325
0.25,4,0.4,-0.1446020448693624
0.25,4,0.45,-0.1471047229465555
0.25,4,0.5,-0.1438031590653452
0.25,4,0.55,-0.15243502002938
0.25,4,0.6,-0.1467455179634096
0.25,4,0.65,-0.1496615554021379
0.25,4,0.7,-0.1526103216640859
0.25,4,0.75,-0.151455429287034
0.25,4,0.8,-0.1521370025053392
0.25,4,0.85,-0.1537947216896873
0.25,4,0.9,-0.1568994095695789
0.25,4,0.95,-0.1474115907487639
0.25,4,1.0,-0.1532445871251225
0.25,5,0.1,-0.0183073942873462
0.25,5,0.15,-0.0435040171201006
0.25,5,0.2,-0.0676189049102165
0.25,5,0.25,-0.1007407333754264
0.25,5,0.3,-0.1217101591428673
0.25,5,0.35,-0.1219906533338366
0.25,5,0.4,-0.1328159717435725
0.25,5,0.45,-0.1395075922947718
0.25,5,0.5,-0.1384225533874618
0.25,5,0.55,-0.1440847873900102
0.25,5,0.6,-0.1349289295696311
0.25,5,0.65,-0.1409449843761719
0.25,5,0.7,-0.1418966771782883
0.25,5,0.75,-0.1473715671321596
0.25,5,0.8,-0.1456581913492527
0.25,5,0.85,-0.1457345154729867
0.25,5,0.9,-0.1507737606698746
0.25,5,0.95,-0.1505939364102658
0.25,5,1.0,-0.1465941609604033
0.25,6,0.1,-0.0186287920298231
0.25,6,0.15,-0.0389573434346055
0.25,6,0.2,-0.0730310838424116
0.25,6,0.25,-0.0957063324612464
0.25,6,0.3,-0.1234537867487108
0.25,6,0.35,-0.1361733855989838
0.25,6,0.4,-0.1460127822925749
0.25,6,0.45,-0.1452946255229191
0.25,6,0.5,-0.149736907734776
0.25,6,0.55,-0.1433540439604289
0.25,6,0.6,-0.1492158612570778
0.25,6,0.65,-0.1468540641588368
0.25,6,0.7,-0.1493229613842807
0.25,6,0.75,-0.1446978271344193
0.25,6,0.8,-0.1474590802906866
0.25,6,0.85,-0.150970957933906
0.25,6,0.9,-0.1476800280540965
0.25,6,0.95,-0.1512852098488174
0.25,6,1.0,-0.1492937382136996
0.25,7,0.1,-0.0182572668217373
0.25,7,0.15,-0.0479383510084802
0.25,7,0.2,-0.0792811615835298
0.25,7,0.25,-0.1055583074763975
0.25,7,0.3,-0.1290967582019048
0.25,7,0.35,-0.1383137822904145
0.25,7,0.4,-0.1416883419132621
0.25,7,0.45,-0.1494863755365532
0.25,7,0.5,-0.1465050210652405
0.25,7,0.55,-0.147654105953443
0.25,7,0.6,-0.1503232006325068
0.25,7,0.65,-0.1472995649889507
0.25,7,0.7,-0.1468082976428722
0.25,7,0.75,-0.1490352284953244
0.25,7,0.8,-0.1449558891814799
0.25,7,0.85,-0.1489096155597166
0.25,7,0.9,-0.1501649173874005
0.25,7,0.95,-0.1464389231971116
0.25,7,1.0,-0.1530672882348143
0.25,8,0.1,-0.0213163504908226
0.25,8,0.15,-0.0460284729540988
0.25,8,0.2,-0.0691405859556997
0.25,8,0.25,-0.0843588273243821
0.25,8,0.3,-0.1090321395631187
0.25,8,0.35,-0.1162685637916779
0.25,8,0.4,-0.1307389156335284
0.25,8,0.45,-0.1291369900796448
0.25,8,0.5,-0.1332605860915746
0.25,8,0.55,-0.1343019710012041
0.25,8,0.6,-0.1394769467030438
0.25,8,0.65,-0.1384020913331132
0.25,8,0.7,-0.1370921791798488
0.25,8,0.75,-0.1447012929865347
0.25,8,0.8,-0.1414719844415622
0.25,8,0.85,-0.1461862909171852
0.25,8,0.9,-0.1436674363011426
0.25,8,0.95,-0.1505564482683583
0.25,8,1.0,-0.1509403571902725
0.25,9,0.1,-0.0189386746437963
0.25,9,0.15,-0.0450104497431752
0.25,9,0.2,-0.0615057105585199
0.25,9,0.25,-0.0985663583600856
0.25,9,0.3,-0.1178340821312681
0.25,9,0.35,-0.1321559374582809
0.25,9,0.4,-0.1390743450872307
0.25,9,0.45,-0.1427930626792952
0.25,9,0.5,-0.1448312706700413
0.25,9,0.55,-0.1495123592071634
0.25,9,0.6,-0.1457622675787927
0.25,9,0.65,-0.1440749573886748
0.25,9,0.7,-0.1480233709113212
0.25,9,0.75,-0.1497580995315497
0.25,9,0.8,-0.1495052599876339
0.25,9,0.85,-0.1528638687524091
0.25,9,0.9,-0.1518063127635996
0.25,9,0.95,-0.153968742095872
0.25,9,1.0,-0.1524644171319741
0.25,10,0.1,-0.0180261613019061
0.25,10,0.15,-0.0429379145056924
0.25,10,0.2,-0.0713584861358429
0.25,10,0.25,-0.1000961125547874
0.25,10,0.3,-0.1106685814333581
0.25,10,0.35,-0.1286221313121406
0.25,10,0.4,-0.1355746536667257
0.25,10,0.45,-0.1336974350659383
0.25,10,0.5,-0.1412619275628444
0.25,10,0.55,-0.1401395412855797
0.25,10,0.6,-0.1441690218058733
0.25,10,0.65,-0.1420265713498539
0.25,10,0.7,-0.1436879100922665
0.25,10,0.75,-0.1461842115331735
0.25,10,0.8,-0.1464820789028597
0.25,10,0.85,-0.1480227684132099
0.25,10,0.9,-0.1477802158289792
0.25,10,0.95,-0.1478039177652695
0.25,10,1.0,-0.1478305834647696
0.25,11,0.1,-0.0172873627411096
0.25,11,0.15,-0.0420334798130785
0.25,11,0.2,-0.065374006054205
0.25,11,0.25,-0.0947678983610448
0.25,11,0.3,-0.1208887094510515
0.25,11,0.35,-0.1349182352692274
0.25,11,0.4,-0.1410356736439552
0.25,11,0.45,-0.1363660023006958
0.25,11,0.5,-0.1392865539772822
0.25,11,0.55,-0.1442123618247357
0.25,11,0.6,-0.1433979526434281
0.25,11,0.65,-0.1407052810000132
0.25,11,0.7,-0.1443173434330454
0.25,11,0.75,-0.146137818100789
0.25,11,0.8,-0.1412472925532535
0.25,11,0.85,-0.1461916716813536
0.25,11,0.9,-0.1453894018280671
0.25,11,0.95,-0.148374803382885
0.25,11,1.0,-0.1509499922933986
0.25,12,0.1,-0.01700617468365
0.25,12,0.15,-0.0417908706298403
0.25,12,0.2,-0.0699598258600003
0.25,12,0.25,-0.0931618725678001
0.25,12,0.3,-0.1144641349597649
0.25,12,0.35,-0.12090387796178
0.25,12,0.4,-0.1303351261954084
0.25,12,0.45,-0.1338843728868473
0.25,12,0.5,-0.1445913640917144
0.25,12,0.55,-0.1421744115204263
0.25,12,0.6,-0.1441218345431487
0.25,12,0.65,-0.1394690273339793
0.25,12,0.7,-0.1442616867114963
0.25,12,0.75,-0.1461813630926473
0.25,12,0.8,-0.1490480048430855
0.25,12,0.85,-0.1455291650347011
0.25,12,0.9,-0.1423337879158047
0.25,12,0.95,-0.1512994305185244
0.25,12,1.0,-0.1476936703633533
0.25,13,0.1,-0.0169136403515363
0.25,13,0.15,-0.0427561578928224
0.25,13,0.2,-0.0686953285824459
0.25,13,0.25,-0.0949947046625057
0.25,13,0.3,-0.1152117497053014
0.25,13,0.35,-0.1253514445273793
0.25,13,0.4,-0.1318151862641786
0.25,13,0.45,-0.1290364244488898
0.25,13,0.5,-0.1370748351820453
0.25,13,0.55,-0.1384085160663005
0.25,13,0.6,-0.1393000002687572
0.25,13,0.65,-0.1418877473374746
0.25,13,0.7,-0.1415582102639785
0.25,13,0.75,-0.141979730382046
0.25,13,0.8,-0.1481263236204388
0.25,13,0.85,-0.1447505850959825
0.25,13,0.9,-0.1506088807978619
0.25,13,0.95,-0.1495203628191317
0.25,13,1.0,-0.1511626229297346
0.25,14,0.1,-0.0174489037098075
0.25,14,0.15,-0.0408854106302222
0.25,14,0.2,-0.0584014741754721
0.25,14,0.25,-0.0902073353867425
0.25,14,0.3,-0.1037963130773782
0.25,14,0.35,-0.1167380938846893
0.25,14,0.4,-0.1328499398105477
0.25,14,0.45,-0.142226336435485
0.25,14,0.5,-0.1459254488045169
0.25,14,0.55,-0.1431882617673247
0.25,14,0.6,-0.145911272176956
0.25,14,0.65,-0.1499513964324735
0.25,14,0.7,-0.1538750695807668
0.25,14,0.75,-0.1516068261365188
0.25,14,0.8,-0.1430021199699243
0.25,14,0.85,-0.1535030150240898
0.25,14,0.9,-0.1545068125874074
0.25,14,0.95,-0.1519243531494331
0.25,14,1.0,-0.1557052394877263
0.25,15,0.1,-0.0203714933657544
0.25,15,0.15,-0.0511341218658126
0.25,15,0.2,-0.07517466181231
0.25,15,0.25,-0.110019271051857
0.25,15,0.3,-0.1219073575456066
0.25,15,0.35,-0.1305854171254521
0.25,15,0.4,-0.1380496605948735
0.25,15,0.45,-0.1374074520902036
0.25,15,0.5,-0.1373023090115218
0.25,15,0.55,-0.1385338732712721
0.25,15,0.6,-0.1405879367403731
0.25,15,0.65,-0.1412916331705457
0.25,15,0.7,-0.1452285565205484
0.25,15,0.75,-0.143989984472093
0.25,15,0.8,-0.1454729550398532
0.25,15,0.85,-0.1428245171492052
0.25,15,0.9,-0.1463683445323108
0.25,15,0.95,-0.1504415047428171
0.25,15,1.0,-0.148623678116838
0.25,16,0.1,-0.0192119737291056
0.25,16,0.15,-0.0458995905301287
0.25,16,0.2,-0.0781790287146071
0.25,16,0.25,-0.1033602692273527
0.25,16,0.3,-0.1275268038391482
0.25,16,0.35,-0.1330275434000156
0.25,16,0.4,-0.1343889072213014
0.25,16,0.45,-0.1390996888034946
0.25,16,0.5,-0.1400177322550301
0.25,16,0.55,-0.1469822564737207
0.25,16,0.6,-0.1430581188198718
0.25,16,0.65,-0.145000399311083
0.25,16,0.7,-0.1410697309444537
0.25,16,0.75,-0.1426756849331175
0.25,16,0.8,-0.1441056177425443
0.25,16,0.85,-0.1483682904079768
0.25,16,0.9,-0.152059698784596
0.25,16,0.95,-0.148960519350803
0.25,16,1.0,-0.1494582516019989
0.25,17,0.1,-0.0192754161765799
0.25,17,0.15,-0.0376503797627969
0.25,17,0.2,-0.0690905152262055
0.25,17,0.25,-0.0882901277760564
0.25,17,0.3,-0.1081063387723698
0.25,17,0.35,-0.1187727633480117
0.25,17,0.4,-0.1344378974351167
0.25,17,0.45,-0.1392020147286639
0.25,17,0.5,-0.139376811408543
0.25,17,0.55,-0.1353440022409246
0.25,17,0.6,-0.1432117676940036
0.25,17,0.65,-0.142590769003752
0.25,17,0.7,-0.1400843907522395
0.25,17,0.75,-0.1471863426410004
0.25,17,0.8,-0.1446818812013984
0.25,17,0.85,-0.1491041669558484
0.25,17,0.9,-0.1482865565155251
0.25,17,0.95,-0.1468494231620244
0.25,17,1.0,-0.1519388400892055
0.25,18,0.1,-0.0167921630277978
0.25,18,0.15,-0.0443050826065905
0.25,18,0.2,-0.0749081499647014
0.25,18,0.25,-0.0854826462128781
0.25,18,0.3,-0.1181059032862265
0.25,18,0.35,-0.1344660360007785
0.25,18,0.4,-0.1423936812787178
0.25,18,0.45,-0.1388094532909253
0.25,18,0.5,-0.146724467317333
0.25,18,0.55,-0.1466698001560307
0.25,18,0.6,-0.1476003304560645
0.25,18,0.65,-0.1443650870292462
0.25,18,0.7,-0.1478688325300637
0.25,18,0.75,-0.143458094292179
0.25,18,0.8,-0.1515980874447602
0.25,18,0.85,-0.1516700319859409
0.25,18,0.9,-0.144960000853229
0.25,18,0.95,-0.1518237168777958
0.25,18,1.0,-0.146255838165728
0.25,19,0.1,-0.0160603076235908
0.25,19,0.15,-0.0344405731797074
0.25,19,0.2,-0.0632609835701106
0.25,19,0.25,-0.090702176806991
0.25,19,0.3,-0.1111691598171543
0.25,19,0.35,-0.1160355605659687
0.25,19,0.4,-0.1341083652768132
0.25,19,0.45,-0.12939421026425
0.25,19,0.5,-0.1380022058902978
0.25,19,0.55,-0.1430486348178129
0.25,19,0.6,-0.1467319942619581
0.25,19,0.65,-0.1429751997681465
0.25,19,0.7,-0.1426256104384233
0.25,19,0.75,-0.1497880319381599
0.25,19,0.8,-0.1522142326076701
0.25,19,0.85,-0.149413588258681
0.25,19,0.9,-0.1508760128118017
0.25,19,0.95,-0.1484202637541027
0.25,19,1.0,-0.1516029595300086
0.25,20,0.1,-0.0199341383679598
0.25,20,0.15,-0.0492348524885479
0.25,20,0.2,-0.0767431125477364
0.25,20,0.25,-0.0902119005121925
0.25,20,0.3,-0.1246647059621777
0.25,20,0.35,-0.1316622172536854
0.25,20,0.4,-0.1386655660453655
0.25,20,0.45,-0.1367952241760215
0.25,20,0.5,-0.1335423270811924
0.25,20,0.55,-0.13983800993387
0.25,20,0.6,-0.141949253982015
0.25,20,0.65,-0.1440231192960243
0.25,20,0.7,-0.1453247108467229
0.25,20,0.75,-0.1437437950120541
0.25,20,0.8,-0.1478009739017905
0.25,20,0.85,-0.144957301732488
0.25,20,0.9,-0.1472045707113287
0.25,20,0.95,-0.1481763312168795
0.25,20,1.0,-0.1494794609177907
0.25,21,0.1,-0.017585589276976
0.25,21,0.15,-0.0386891054827968
0.25,21,0.2,-0.073394646962587
0.25,21,0.25,-0.0943458036571436
0.25,21,0.3,-0.1082139541736607
0.25,21,0.35,-0.1201245401091647
0.25,21,0.4,-0.1320180225397429
0.25,21,0.45,-0.1299792463878848
0.25,21,0.5,-0.1272117181108387
0.25,21,0.55,-0.1369452089671587
0.25,21,0.6,-0.1397340059186434
0.25,21,0.65,-0.1397604387662729
0.25,21,0.7,-0.1380589671422226
0.25,21,0.75,-0.1449928821036259
0.25,21,0.8,-0.1441606402841107
0.25,21,0.85,-0.142566798663734
0.25,21,0.9,-0.1458233605287008
0.25,21,0.95,-0.148714502495649
0.25,21,1.0,-0.1466477073459633
0.25,22,0.1,-0.0201675031030926
0.25,22,0.15,-0.0440746320943611
0.25,22,0.2,-0.0719150584157058
0.25,22,0.25,-0.1041541717245553
0.25,22,0.3,-0.1164202000010943
0.25,22,0.35,-0.1467141161101949
0.25,22,0.4,-0.1464718429599533
0.25,22,0.45,-0.1456078727778214
0.25,22,0.5,-0.1454274518312614
0.25,22,0.55,-0.141969299158457
0.25,22,0.6,-0.1419126709808386
0.25,22,0.65,-0.145880421025995
0.25,22,0.7,-0.1495454579045775
0.25,22,0.75,-0.1481588229772611
0.25,22,0.8,-0.1499698123903314
0.25,22,0.85,-0.1486440502895175
0.25,22,0.9,-0.145156839167395
0.25,22,0.95,-0.1500633506980797
0.25,22,1.0,-0.1478046857508204
0.25,23,0.1,-0.0206798805832766
0.25,23,0.15,-0.0495240662019223
0.25,23,0.2,-0.0699742787979852
0.25,23,0.25,-0.0990214637096957
0.25,23,0.3,-0.1164142082133856
0.25,23,0.35,-0.1261578935643615
0.25,23,0.4,-0.1284661015260153
0.25,23,0.45,-0.1364058521709506
0.25,23,0.5,-0.1380773418917677
0.25,23,0.55,-0.1367305997689683
0.25,23,0.6,-0.1418361594927112
0.25,23,0.65,-0.1435661733724801
0.25,23,0.7,-0.1435795145312868
0.25,23,0.75,-0.1452405901755274
0.25,23,0.8,-0.1482019104547793
0.25,23,0.85,-0.1478915166601749
0.25,23,0.9,-0.144632300187317
0.25,23,0.95,-0.1511452631439875
0.25,23,1.0,-0.1508946797640057
0.25,24,0.1,-0.0207484782262978
0.25,24,0.15,-0.0424450607667285
0.25,24,0.2,-0.0683309204903164
0.25,24,0.25,-0.1023346490289981
0.25,24,0.3,-0.1147968970180022
0.25,24,0.35,-0.1284990445754429
0.25,24,0.4,-0.1244531312928499
0.25,24,0.45,-0.1375114510137176
0.25,24,0.5,-0.1323764179287848
0.25,24,0.55,-0.1406083734446593
0.25,24,0.6,-0.1391434401366751
0.25,24,0.65,-0.1417509622204156
0.25,24,0.7,-0.1428492782136184
0.25,24,0.75,-0.1415313209205903
0.25,24,0.8,-0.1472162803265005
0.25,24,0.85,-0.1467906761398753
0.25,24,0.9,-0.1464969360701817
0.25,24,0.95,-0.1492586139835967
0.25,24,1.0,-0.1468984328367927
0.25,25,0.1,-0.0280304366423842
0.25,25,0.15,-0.0571818062237341
0.25,25,0.2,-0.0948996841715449
0.25,25,0.25,-0.1231221480774115
0.25,25,0.3,-0.1388186438172062
0.25,25,0.35,-0.1417727054668279
0.25,25,0.4,-0.1451713161154842
0.25,25,0.45,-0.1432999331268721
0.25,25,0.5,-0.1444147851706596
0.25,25,0.55,-0.1448210072578733
0.25,25,0.6,-0.1444154489645064
0.25,25,0.65,-0.145334207847413
0.25,25,0.7,-0.1491283242527944
0.25,25,0.75,-0.1448127365446896
0.25,25,0.8,-0.1481234522419761
0.25,25,0.85,-0.1486847957640066
0.25,25,0.9,-0.1465234795974267
0.25,25,0.95,-0.1479323785435285
0.25,25,1.0,-0.1500944265176077
0.25,26,0.1,-0.0233035342368779
0.25,26,0.15,-0.0480904616456854
0.25,26,0.2,-0.0673198797823608
0.25,26,0.25,-0.0951861164909632
0.25,26,0.3,-0.1137991170679038
0.25,26,0.35,-0.1289514633097594
0.25,26,0.4,-0.1357981743081822
0.25,26,0.45,-0.1327101287717888
0.25,26,0.5,-0.1354898835568644
0.25,26,0.55,-0.1393001550051141
0.25,26,0.6,-0.1415543384899581
0.25,26,0.65,-0.1432400825226695
0.25,26,0.7,-0.1436795714709961
0.25,26,0.75,-0.1451386439216024
0.25,26,0.8,-0.1495166141410003
0.25,26,0.85,-0.144602212480866
0.25,26,0.9,-0.1492014297711337
0.25,26,0.95,-0.1466762122886971
0.25,26,1.0,-0.1444834316875149
0.25,27,0.1,-0.0172244353257551
0.25,27,0.15,-0.0471202894966687
0.25,27,0.2,-0.0728393013448879
0.25,27,0.25,-0.1023574145561991
0.25,27,0.3,-0.1166188151960121
0.25,27,0.35,-0.1272816876217432
0.25,27,0.4,-0.139575564396466
0.25,27,0.45,-0.1488739744726695
0.25,27,0.5,-0.147723931624084
0.25,27,0.55,-0.147824027611494
0.25,27,0.6,-0.1462136876515792
0.25,27,0.65,-0.1472958521890839
0.25,27,0.7,-0.1467301049715204
0.25,27,0.75,-0.1511385645913051
0.25,27,0.8,-0.1420302974532524
0.25,27,0.85,-0.1493100940843968
0.25,27,0.9,-0.1502298661106875
0.25,27,0.95,-0.1472492478405822
0.25,27,1.0,-0.1446217539505915
0.25,28,0.1,-0.0174625853008594
0.25,28,0.15,-0.0410179581920058
0.25,28,0.2,-0.0656657579346944
0.25,28,0.25,-0.0882985703301492
0.25,28,0.3,-0.1096037344894959
0.25,28,0.35,-0.1214730407758472
0.25,28,0.4,-0.1309908651425485
0.25,28,0.45,-0.1411509717105799
0.25,28,0.5,-0.1332075236247008
0.25,28,0.55,-0.138728227762328
0.25,28,0.6,-0.1458782963294953
0.25,28,0.65,-0.1442886738881017
0.25,28,0.7,-0.1457939544593316
0.25,28,0.75,-0.1434016058130103
0.25,28,0.8,-0.1470880016044917
0.25,28,0.85,-0.147667699994993
0.25,28,0.9,-0.1462789082686532
0.25,28,0.95,-0.1448325284864469
0.25,28,1.0,-0.1476875058339964
0.25,29,0.1,-0.0200682083973666
0.25,29,0.15,-0.0469593782694116
0.25,29,0.2,-0.0770222195157389
0.25,29,0.25,-0.1065055996659067
0.25,29,0.3,-0.1275621450862312
0.25,29,0.35,-0.1270088665435915
0.25,29,0.4,-0.1318132165284821
0.25,29,0.45,-0.138229878176718
0.25,29,0.5,-0.1465538293618511
0.25,29,0.55,-0.1398890322350181
0.25,29,0.6,-0.1468940089717323
0.25,29,0.65,-0.1429222030792451
0.25,29,0.7,-0.1437552064426736
0.25,29,0.75,-0.1474081512836888
0.25,29,0.8,-0.1511865973007656
0.25,29,0.85,-0.1455283887839295
0.25,29,0.9,-0.1538559979698171
0.25,29,0.95,-0.1510712858061593
0.25,29,1.0,-0.1473450050981452
0.25,30,0.1,-0.0277408379781306
0.25,30,0.15,-0.0513511962278645
0.25,30,0.2,-0.0875257792686399
0.25,30,0.25,-0.1050989410982317
0.25,30,0.3,-0.1325937160658544
0.25,30,0.35,-0.1328046906172709
0.25,30,0.4,-0.1407866724512343
0.25,30,0.45,-0.13907428581101
0.25,30,0.5,-0.1389392846223509
0.25,30,0.55,-0.1389041489665285
0.25,30,0.6,-0.1397328331487354
0.25,30,0.65,-0.1394754039094596
0.25,30,0.7,-0.1415024164818235
0.25,30,0.75,-0.1405949159730037
0.25,30,0.8,-0.145334719121502
0.25,30,0.85,-0.1466735932928498
0.25,30,0.9,-0.1475284371403178
0.25,30,0.95,-0.1503864143066932
0.25,30,1.0,-0.1487334264522857
0.25,31,0.1,-0.0170834688049817
0.25,31,0.15,-0.0387090381345268
0.25,31,0.2,-0.0663919967295549
0.25,31,0.25,-0.0973293855019004
0.25,31,0.3,-0.1092272593913927
0.25,31,0.35,-0.1150726245218842
0.25,31,0.4,-0.1247704227049529
0.25,31,0.45,-0.133086006715697
0.25,31,0.5,-0.1306046841999598
0.25,31,0.55,-0.1380663339446338
0.25,31,0.6,-0.1375146668762997
0.25,31,0.65,-0.1408201997119603
0.25,31,0.7,-0.1432026649454419
0.25,31,0.75,-0.1432334026074876
0.25,31,0.8,-0.1431671486653326
0.25,31,0.85,-0.1479107505185234
0.25,31,0.9,-0.1476377495398378
0.25,31,0.95,-0.1477540431402517
0.25,31,1.0,-0.1501180438160325
0.25,32,0.1,-0.019229518417526
0.25,32,0.15,-0.0405329684452896
0.25,32,0.2,-0.071321593079689
0.25,32,0.25,-0.1045871218304318
0.25,32,0.3,-0.1177396616366652
0.25,32,0.35,-0.1308266455299153
0.25,32,0.4,-0.1417196446226871
0.25,32,0.45,-0.1468977586968544
0.25,32,0.5,-0.1391303318018878
0.25,32,0.55,-0.1422464657281111
0.25,32,0.6,-0.1463994454377065
0.25,32,0.65,-0.1396639970492978
0.25,32,0.7,-0.1415460324368683
0.25,32,0.75,-0.1474827693885401
0.25,32,0.8,-0.1508456108118492
0.25,32,0.85,-0.146376130591107
0.25,32,0.9,-0.1518277600744062
0.25,32,0.95,-0.148502743512649
0.25,32,1.0,-0.1504526901637671
0.25,33,0.1,-0.0170428946829485
0.25,33,0.15,-0.0390281691668024
0.25,33,0.2,-0.0670921215634631
0.25,33,0.25,-0.0979933282300069
0.25,33,0.3,-0.108533894841988
0.25,33,0.35,-0.1338726537955
0.25,33,0.4,-0.1426894174910793
0.25,33,0.45,-0.1414620498581675
0.25,33,0.5,-0.1407811960223712
0.25,33,0.55,-0.1435426247908587
0.25,33,0.6,-0.1515636487819067
0.25,33,0.65,-0.1491861202888881
0.25,33,0.7,-0.1476110249882443
0.25,33,0.75,-0.1471267154901997
0.25,33,0.8,-0.151182834763211
0.25,33,0.85,-0.1510596466751054
0.25,33,0.9,-0.1487759450519637
0.25,33,0.95,-0.1474269906729544
0.25,33,1.0,-0.1522756459643598
0.25,34,0.1,-0.0205974457138613
0.25,34,0.15,-0.0496761822542311
0.25,34,0.2,-0.0767140625728241
0.25,34,0.25,-0.1094237716129691
0.25,34,0.3,-0.125971729805135
0.25,34,0.35,-0.1410661889686868
0.25,34,0.4,-0.1427288166516649
0.25,34,0.45,-0.1396985665935747
0.25,34,0.5,-0.14702837222126
0.25,34,0.55,-0.1510147652378325
0.25,34,0.6,-0.1494898782552513
0.25,34,0.65,-0.1464873234831171
0.25,34,0.7,-0.1453033602207045
0.25,34,0.75,-0.143708327277776
0.25,34,0.8,-0.1476961642048246
0.25,34,0.85,-0.1438565717359101
0.25,34,0.9,-0.1525523451000614
0.25,34,0.95,-0.1505650544445042
0.25,34,1.0,-0.1490427832375735
0.25,35,0.1,-0.0279613357244138
0.25,35,0.15,-0.058818385333419
0.25,35,0.2,-0.0855134593714444
0.25,35,0.25,-0.112062561152902
0.25,35,0.3,-0.1302000470675465
0.25,35,0.35,-0.1303722624495187
0.25,35,0.4,-0.1381011978948131
0.25,35,0.45,-0.1389341760561019
0.25,35,0.5,-0.1353719839855107
0.25,35,0.55,-0.138464827392293
0.25,35,0.6,-0.1390902497509055
0.25,35,0.65,-0.1406914414537282
0.25,35,0.7,-0.146992295563625
0.25,35,0.75,-0.1435724524689517
0.25,35,0.8,-0.1450533795903205
0.25,35,0.85,-0.1467314665301456
0.25,35,0.9,-0.1455875754182634
0.25,35,0.95,-0.1458251324648041
0.25,35,1.0,-0.1501824940500382
0.25,36,0.1,-0.0155123775833235
0.25,36,0.15,-0.0377168257306356
0.25,36,0.2,-0.0680232828819305
0.25,36,0.25,-0.0994787693550183
0.25,36,0.3,-0.111685945965602
0.25,36,0.35,-0.1195209974065587
0.25,36,0.4,-0.1284255347050156
0.25,36,0.45,-0.1338295924869604
0.25,36,0.5,-0.1382121894864076
0.25,36,0.55,-0.1375296141326654
0.25,36,0.6,-0.1414995397653113
0.25,36,0.65,-0.142982403900608
0.25,36,0.7,-0.1417982620000307
0.25,36,0.75,-0.1408780943836601
0.25,36,0.8,-0.1454840524478435
0.25,36,0.85,-0.1479118890664231
0.25,36,0.9,-0.1480149876306794
0.25,36,0.95,-0.1474033607303584
0.25,36,1.0,-0.149332726411534
0.25,37,0.1,-0.0159538274016445
0.25,37,0.15,-0.0441857726733491
0.25,37,0.2,-0.0731960808257641
0.25,37,0.25,-0.0988970938464083
0.25,37,0.3,-0.1195349225476765
0.25,37,0.35,-0.1290152982359693
0.25,37,0.4,-0.1355913127516591
0.25,37,0.45,-0.1437385950015779
0.25,37,0.5,-0.139927453665848
0.25,37,0.55,-0.1443872892232655
0.25,37,0.6,-0.1438612850746074
0.25,37,0.65,-0.1519057756049149
0.25,37,0.7,-0.1487698490973468
0.25,37,0.75,-0.1473905861645091
0.25,37,0.8,-0.1523544143950247
0.25,37,0.85,-0.147229334221248
0.25,37,0.9,-0.1518200305251999
0.25,37,0.95,-0.146139024081592
0.25,37,1.0,-0.1525243394178426
0.25,38,0.1,-0.0179572969128314
0.25,38,0.15,-0.0419906771496238
0.25,38,0.2,-0.0634678831214234
0.25,38,0.25,-0.0898796181414246
0.25,38,0.3,-0.1098165242135887
0.25,38,0.35,-0.1278142066359419
0.25,38,0.4,-0.1363825756945148
0.25,38,0.45,-0.1429975572595784
0.25,38,0.5,-0.1459786098712357
0.25,38,0.55,-0.1466329223772715
0.25,38,0.6,-0.1487317825789047
0.25,38,0.65,-0.1526017267817413
0.25,38,0.7,-0.1483462446553336
0.25,38,0.75,-0.1468349630345597
0.25,38,0.8,-0.1524558698843844
0.25,38,0.85,-0.1502398898026281
0.25,38,0.9,-0.1499532327757908
0.25,38,0.95,-0.1527645050305321
0.25,38,1.0,-0.1498946502784241
0.25,39,0.1,-0.0186804712076019
0.25,39,0.15,-0.0424942350217641
0.25,39,0.2,-0.0701878289462944
0.25,39,0.25,-0.0939285839946205
0.25,39,0.3,-0.1168002539089968
0.25,39,0.35,-0.1271361714783374
0.25,39,0.4,-0.132005730495686
0.25,39,0.45,-0.1438326688301463
0.25,39,0.5,-0.1382156774093745
0.25,39,0.55,-0.1456661504623715
0.25,39,0.6,-0.1477982096971954
0.25,39,0.65,-0.1487573127212323
0.25,39,0.7,-0.1466249267661296
0.25,39,0.75,-0.147110247457751
0.25,39,0.8,-0.1486327174311631
0.25,39,0.85,-0.1478216140074922
0.25,39,0.9,-0.1515836898655575
0.25,39,0.95,-0.1497831524705788
0.25,39,1.0,-0.1492558634511027
0.25,40,0.1,-0.0188996833026495
0.25,40,0.15,-0.043490500962473
0.25,40,0.2,-0.0714251336595024
0.25,40,0.25,-0.1014927900152494
0.25,40,0.3,-0.1172339577197698
0.25,40,0.35,-0.1353386330807458
0.25,40,0.4,-0.1394625216443135
0.25,40,0.45,-0.1388186022404851
0.25,40,0.5,-0.1422627136616269
0.25,40,0.55,-0.1399966155337474
0.25,40,0.6,-0.1355801002984329
0.25,40,0.65,-0.1437424684136859
0.25,40,0.7,-0.143491462117677
0.25,40,0.75,-0.1472814337906203
0.25,40,0.8,-0.1470345771367408
0.25,40,0.85,-0.1494006246248846
0.25,40,0.9,-0.1494332254110073
0.25,40,0.95,-0.1473141982180333
0.25,40,1.0,-0.1485924869140805
0.25,41,0.1,-0.0208298245879046
0.25,41,0.15,-0.0455863754204368
0.25,41,0.2,-0.0648717756827632
0.25,41,0.25,-0.089815569936955
0.25,41,0.3,-0.1144108483672042
0.25,41,0.35,-0.1222521231371794
0.25,41,0.4,-0.1278654064281407
0.25,41,0.45,-0.1312184975115572
0.25,41,0.5,-0.1362795834328319
0.25,41,0.55,-0.1382896250795905
0.25,41,0.6,-0.1378586016306465
0.25,41,0.65,-0.1377457874737674
0.25,41,0.7,-0.1431894754807537
0.25,41,0.75,-0.1447658822005184
0.25,41,0.8,-0.1473813917944318
0.25,41,0.85,-0.1462038433345336
0.25,41,0.9,-0.1455288695493146
0.25,41,0.95,-0.1414179146702495
0.25,41,1.0,-0.1490104260192474
0.25,42,0.1,-0.0207675219655442
0.25,42,0.15,-0.0474182302676282
0.25,42,0.2,-0.0731034533348835
0.25,42,0.25,-0.0952003926942647
0.25,42,0.3,-0.1238308612592565
0.25,42,0.35,-0.1323868021859672
0.25,42,0.4,-0.142044394984937
0.25,42,0.45,-0.1368161594541115
0.25,42,0.5,-0.1443678536860065
0.25,42,0.55,-0.1452047100224918
0.25,42,0.6,-0.1494030269596728
0.25,42,0.65,-0.1461490661474595
0.25,42,0.7,-0.1436673343221719
0.25,42,0.75,-0.1521156408682787
0.25,42,0.8,-0.1509273423627717
0.25,42,0.85,-0.1520837723136074
0.25,42,0.9,-0.1518823845780766
0.25,42,0.95,-0.157988800966852
0.25,42,1.0,-0.1483489504427774
0.25,43,0.1,-0.0235101324074471
0.25,43,0.15,-0.0458078386747112
0.25,43,0.2,-0.0734574031456948
0.25,43,0.25,-0.0977581329803757
0.25,43,0.3,-0.115435612222977
0.25,43,0.35,-0.119034472219888
0.25,43,0.4,-0.1333061250912812
0.25,43,0.45,-0.1404743576001409
0.25,43,0.5,-0.1368502886567523
0.25,43,0.55,-0.1439641534569657
0.25,43,0.6,-0.1404364165916452
0.25,43,0.65,-0.1464200284716655
0.25,43,0.7,-0.1445925580300555
0.25,43,0.75,-0.1419767809983291
0.25,43,0.8,-0.1469967729511348
0.25,43,0.85,-0.1491666545311625
0.25,43,0.9,-0.1498175951924336
0.25,43,0.95,-0.1489845515991351
0.25,43,1.0,-0.1501496578762465
0.25,44,0.1,-0.0166189770515382
0.25,44,0.15,-0.0358173358101107
0.25,44,0.2,-0.0678239154407549
0.25,44,0.25,-0.0959563697174545
0.25,44,0.3,-0.1190398722305703
0.25,44,0.35,-0.1271109629049828
0.25,44,0.4,-0.1341300601873904
0.25,44,0.45,-0.1329976234457211
0.25,44,0.5,-0.1400114028007653
0.25,44,0.55,-0.1381270295538729
0.25,44,0.6,-0.1429260523254863
0.25,44,0.65,-0.1447315855312406
0.25,44,0.7,-0.1465270104370039
0.25,44,0.75,-0.1488109523057017
0.25,44,0.8,-0.1493527268736104
0.25,44,0.85,-0.1487765462877403
0.25,44,0.9,-0.1513232499492138
0.25,44,0.95,-0.1480911645552103
0.25,44,1.0,-0.1511293149334235
0.25,45,0.1,-0.0267858889822636
0.25,45,0.15,-0.0600020721839217
0.25,45,0.2,-0.0853928276534145
0.25,45,0.25,-0.1144204507708204
0.25,45,0.3,-0.1279038421192566
0.25,45,0.35,-0.139353637829436
0.25,45,0.4,-0.1403620786820807
0.25,45,0.45,-0.1386546638997208
0.25,45,0.5,-0.1391875304826197
0.25,45,0.55,-0.1364886670147059
0.25,45,0.6,-0.1406692046421926
0.25,45,0.65,-0.1423669743614987
0.25,45,0.7,-0.1410003567739887
0.25,45,0.75,-0.1457802339552383
0.25,45,0.8,-0.1463604884484653
0.25,45,0.85,-0.1455483818917587
0.25,45,0.9,-0.1477674806582294
0.25,45,0.95,-0.1479813183815655
0.25,45,1.0,-0.1505933246673537
0.25,46,0.1,-0.0225576711465452
0.25,46,0.15,-0.0538158587672788
0.25,46,0.2,-0.0816790113150212
0.25,46,0.25,-0.1009058123767395
0.25,46,0.3,-0.1240728681139239
0.25,46,0.35,-0.1342065422552128
0.25,46,0.4,-0.1352751734931391
0.25,46,0.45,-0.1387451060941979
0.25,46,0.5,-0.1400398363483378
0.25,46,0.55,-0.1419817056516461
0.25,46,0.6,-0.1438802876482055
0.25,46,0.65,-0.1427935355993823
0.25,46,0.7,-0.142769959464292
0.25,46,0.75,-0.1398955578778192
0.25,46,0.8,-0.1469160582404696
0.25,46,0.85,-0.1492116679226487
0.25,46,0.9,-0.1464991481545885
0.25,46,0.95,-0.1512524420384962
0.25,46,1.0,-0.1498472189037534
0.25,47,0.1,-0.0233509308436966
0.25,47,0.15,-0.0482684458435043
0.25,47,0.2,-0.0788390454228953
0.25,47,0.25,-0.0966076248205588
0.25,47,0.3,-0.1149963375484009
0.25,47,0.35,-0.1294786159712879
0.25,47,0.4,-0.1322141930676279
0.25,47,0.45,-0.1377251906686891
0.25,47,0.5,-0.1425078139458453
0.25,47,0.55,-0.1413971531604242
0.25,47,0.6,-0.1439318642224389
0.25,47,0.65,-0.1437196784018205
0.25,47,0.7,-0.1471322973675803
0.25,47,0.75,-0.1488984394818876
0.25,47,0.8,-0.1453197519987693
0.25,47,0.85,-0.1487844362003665
0.25,47,0.9,-0.1507466491994825
0.25,47,0.95,-0.150619990779068
0.25,47,1.0,-0.1502695840253143
0.25,48,0.1,-0.0198463551395799
0.25,48,0.15,-0.0412661826683608
0.25,48,0.2,-0.0719833437456727
0.25,48,0.25,-0.0892660165903104
0.25,48,0.3,-0.1242390735597507
0.25,48,0.35,-0.1264277985075431
0.25,48,0.4,-0.1326285958585514
0.25,48,0.45,-0.1383584732421506
0.25,48,0.5,-0.1410940808794416
0.25,48,0.55,-0.1366425355227862
0.25,48,0.6,-0.1434340409985521
0.25,48,0.65,-0.1440910236889684
0.25,48,0.7,-0.1437748169755242
0.25,48,0.75,-0.1444714741727923
0.25,48,0.8,-0.1484370942830624
0.25,48,0.85,-0.1470568652058618
0.25,48,0.9,-0.1479136230768323
0.25,48,0.95,-0.147190252394965
0.25,48,1.0,-0.1514390442211334
0.25,49,0.1,-0.023340485194233
0.25,49,0.15,-0.0480000459031796
0.25,49,0.2,-0.0725558992982336
0.25,49,0.25,-0.0899309896753894
0.25,49,0.3,-0.1060639347758106
0.25,49,0.35,-0.1242958058382037
0.25,49,0.4,-0.1290147110278582
0.25,49,0.45,-0.1364339724826935
0.25,49,0.5,-0.1362206900565497
0.25,49,0.55,-0.1389476552208671
0.25,49,0.6,-0.1465150976049771
0.25,49,0.65,-0.1397209281310989
0.25,49,0.7,-0.1437392826924103
0.25,49,0.75,-0.1452243030785935
0.25,49,0.8,-0.1479096369749135
0.25,49,0.85,-0.1473942195197867
0.25,49,0.9,-0.151599739330121
0.25,49,0.95,-0.1470801842513421
0.25,49,1.0,-0.1504672949757459
0.25,50,0.1,-0.0255333659531667
0.25,50,0.15,-0.0530885919069434
0.25,50,0.2,-0.0736219424399655
0.25,50,0.25,-0.0950369098817102
0.25,50,0.3,-0.1178304851614737
0.25,50,0.35,-0.1264677100550306
0.25,50,0.4,-0.1271110960343697
0.25,50,0.45,-0.1344802408183579
0.25,50,0.5,-0.1336101928004248
0.25,50,0.55,-0.1390527385164024
0.25,50,0.6,-0.1398508227476205
0.25,50,0.65,-0.1417643643136009
0.25,50,0.7,-0.1445822709653489
0.25,50,0.75,-0.1438064593716963
0.25,50,0.8,-0.1408453235263218
0.25,50,0.85,-0.1428195762272949
0.25,50,0.9,-0.1502855598739799
0.25,50,0.95,-0.147614169938313
0.25,50,1.0,-0.1448145668772471
0.25,51,0.1,-0.0255115794198077
0.25,51,0.15,-0.058112038840249
0.25,51,0.2,-0.0801863121441526
0.25,51,0.25,-0.1016890296527759
0.25,51,0.3,-0.1300226409963361
0.25,51,0.35,-0.1303468645951466
0.25,51,0.4,-0.127854092842734
0.25,51,0.45,-0.1364809315978289
0.25,51,0.5,-0.1420797993368138
0.25,51,0.55,-0.1412106843541918
0.25,51,0.6,-0.1424586978284981
0.25,51,0.65,-0.1418627951683795
0.25,51,0.7,-0.1434752509712622
0.25,51,0.75,-0.1439975840425541
0.25,51,0.8,-0.1439603048722172
0.25,51,0.85,-0.1467811564179414
0.25,51,0.9,-0.1495342995257939
0.25,51,0.95,-0.1498653680018754
0.25,51,1.0,-0.1490037151998981
0.25,52,0.1,-0.0182269690816205
0.25,52,0.15,-0.0432534381750889
0.25,52,0.2,-0.0681115890075989
0.25,52,0.25,-0.093727437803522
0.25,52,0.3,-0.11372426298769
0.25,52,0.35,-0.1179488026395199
0.25,52,0.4,-0.1342708404969079
0.25,52,0.45,-0.1392283065264783
0.25,52,0.5,-0.1308386892943717
0.25,52,0.55,-0.1446065327252558
0.25,52,0.6,-0.1433516887175935
0.25,52,0.65,-0.1410593705541551
0.25,52,0.7,-0.1451225646523031
0.25,52,0.75,-0.1463693341107565
0.25,52,0.8,-0.1396095749861334
0.25,52,0.85,-0.1447582603779283
0.25,52,0.9,-0.1466890100894961
0.25,52,0.95,-0.1467942369003438
0.25,52,1.0,-0.1485504646444167
0.25,53,0.1,-0.0199207991754437
0.25,53,0.15,-0.0444891654735754
0.25,53,0.2,-0.063042543198625
0.25,53,0.25,-0.0965437997546925
0.25,53,0.3,-0.1070711600150316
0.25,53,0.35,-0.1218396183825962
0.25,53,0.4,-0.1220593936310456
0.25,53,0.45,-0.1330069361276403
0.25,53,0.5,-0.1365072119916129
0.25,53,0.55,-0.1410711251799404
0.25,53,0.6,-0.1412981916391319
0.25,53,0.65,-0.144263221720286
0.25,53,0.7,-0.143377734843931
0.25,53,0.75,-0.145704010918196
0.25,53,0.8,-0.1461514481091555
0.25,53,0.85,-0.1449367698565942
0.25,53,0.9,-0.1477654316290217
0.25,53,0.95,-0.1511676473229719
0.25,53,1.0,-0.1491737137274643
0.25,54,0.1,-0.0179459067815052
0.25,54,0.15,-0.0403746638774685
0.25,54,0.2,-0.069403344480148
0.25,54,0.25,-0.1008879607178214
0.25,54,0.3,-0.1194106213198563
0.25,54,0.35,-0.1349014803144331
0.25,54,0.4,-0.1356779337264903
0.25,54,0.45,-0.136086576621309
0.25,54,0.5,-0.1419784664866731
0.25,54,0.55,-0.1452253967508295
0.25,54,0.6,-0.1464594695365473
0.25,54,0.65,-0.1453553295719974
0.25,54,0.7,-0.1495532391264499
0.25,54,0.75,-0.1485514346797278
0.25,54,0.8,-0.1485020377926416
0.25,54,0.85,-0.1534252166949855
0.25,54,0.9,-0.1471296274861784
0.25,54,0.95,-0.1470483826258697
0.25,54,1.0,-0.1492393797254231
0.25,55,0.1,-0.0198234207542188
0.25,55,0.15,-0.0462373729809564
0.25,55,0.2,-0.0791994599128455
0.25,55,0.25,-0.1095693817388207
0.25,55,0.3,-0.124151034788148
0.25,55,0.35,-0.1375029806954087
0.25,55,0.4,-0.1299388699690414
0.25,55,0.45,-0.1345189307398793
0.25,55,0.5,-0.1471417475914266
0.25,55,0.55,-0.1428717004146601
0.25,55,0.6,-0.1417863419495677
0.25,55,0.65,-0.140006423190513
0.25,55,0.7,-0.145714801902113
0.25,55,0.75,-0.1474291541641974
0.25,55,0.8,-0.1455757935637027
0.25,55,0.85,-0.1460228211883859
0.25,55,0.9,-0.1478180375029707
0.25,55,0.95,-0.1485976686075647
0.25,55,1.0,-0.14628092872597
0.25,56,0.1,-0.0175085714959291
0.25,56,0.15,-0.0423905664041187
0.25,56,0.2,-0.0729734681683784
0.25,56,0.25,-0.0986214122293177
0.25,56,0.3,-0.1109604366395819
0.25,56,0.35,-0.1214052661975514
0.25,56,0.4,-0.1312388846844751
0.25,56,0.45,-0.1394240011797037
0.25,56,0.5,-0.1384128170975288
0.25,56,0.55,-0.1393380933049626
0.25,56,0.6,-0.141317845742888
0.25,56,0.65,-0.1417300383363621
0.25,56,0.7,-0.1462894188918073
0.25,56,0.75,-0.144594993870989
0.25,56,0.8,-0.1466261169223246
0.25,56,0.85,-0.1443018155047504
0.25,56,0.9,-0.1486841400114797
0.25,56,0.95,-0.146536431259216
0.25,56,1.0,-0.1469281173661177
0.25,57,0.1,-0.0160417733762439
0.25,57,0.15,-0.036665604984069
0.25,57,0.2,-0.0645793664299219
0.25,57,0.25,-0.0864977197702602
0.25,57,0.3,-0.1122522378510542
0.25,57,0.35,-0.1151959186647361
0.25,57,0.4,-0.1294149430297142
0.25,57,0.45,-0.1304285176050288
0.25,57,0.5,-0.1330583550580413
0.25,57,0.55,-0.1387082817015386
0.25,57,0.6,-0.1377159971299264
0.25,57,0.65,-0.1413511481454989
0.25,57,0.7,-0.1413285878186929
0.25,57,0.75,-0.1423274640945371
0.25,57,0.8,-0.1420704135027449
0.25,57,0.85,-0.1496773947513044
0.25,57,0.9,-0.147229517164558
0.25,57,0.95,-0.1487467445811087
0.25,57,1.0,-0.151211917068924
0.25,58,0.1,-0.0211867726153287
0.25,58,0.15,-0.0469482905592222
0.25,58,0.2,-0.0775481733138737
0.25,58,0.25,-0.1061953958011631
0.25,58,0.3,-0.1340520074325408
0.25,58,0.35,-0.1355705556212834
0.25,58,0.4,-0.1447918002402396
0.25,58,0.45,-0.1493585657248275
0.25,58,0.5,-0.1486236160813517
0.25,58,0.55,-0.1418085533969811
0.25,58,0.6,-0.1462126933315168
0.25,58,0.65,-0.1501046996409659
0.25,58,0.7,-0.1485597880604716
0.25,58,0.75,-0.1463475701493398
0.25,58,0.8,-0.1469822365647832
0.25,58,0.85,-0.1527116721478771
0.25,58,0.9,-0.1480895619546888
0.25,58,0.95,-0.1485235858600824
0.25,58,1.0,-0.1522870390595635
0.25,59,0.1,-0.0185238204082199
0.25,59,0.15,-0.0395163832514541
0.25,59,0.2,-0.0717542915896961
0.25,59,0.25,-0.0902703665185713
0.25,59,0.3,-0.1127980677763652
0.25,59,0.35,-0.1297741877194233
0.25,59,0.4,-0.1297113571825958
0.25,59,0.45,-0.1405515772121886
0.25,59,0.5,-0.1386843015792837
0.25,59,0.55,-0.1414972840519684
0.25,59,0.6,-0.1360467714969669
0.25,59,0.65,-0.1459890606101976
0.25,59,0.7,-0.1460976706010564
0.25,59,0.75,-0.14665540912653
0.25,59,0.8,-0.1465888393166818
0.25,59,0.85,-0.1498728109107111
0.25,59,0.9,-0.1514193943560265
0.25,59,0.95,-0.154506256961329
0.25,59,1.0,-0.1519956113807694
0.25,60,0.1,-0.0190803757591294
0.25,60,0.15,-0.0475734002246956
0.25,60,0.2,-0.0744020774304125
0.25,60,0.25,-0.1005790097499606
0.25,60,0.3,-0.1204038824451568
0.25,60,0.35,-0.1269577792237938
0.25,60,0.4,-0.1350245559977846
0.25,60,0.45,-0.1370425078022434
0.25,60,0.5,-0.1472364657569511
0.25,60,0.55,-0.1369703636331108
0.25,60,0.6,-0.1404102439196783
0.25,60,0.65,-0.1460278151393227
0.25,60,0.7,-0.1444494172005999
0.25,60,0.75,-0.1452294049994112
0.25,60,0.8,-0.1514749996571333
0.25,60,0.85,-0.1478009762276776
0.25,60,0.9,-0.1497115434517769
0.25,60,0.95,-0.1472857767423136
0.25,60,1.0,-0.1493049259654855
0.25,61,0.1,-0.0189560541451529
0.25,61,0.15,-0.0459242821127368
0.25,61,0.2,-0.0779564693270096
0.25,61,0.25,-0.0996600406037426
0.25,61,0.3,-0.1193444702443104
0.25,61,0.35,-0.1361364498028877
0.25,61,0.4,-0.1333061765511962
0.25,61,0.45,-0.1387186581139745
0.25,61,0.5,-0.1413508885008282
0.25,61,0.55,-0.1399694265397421
0.25,61,0.6,-0.142689075337902
0.25,61,0.65,-0.1414017366892409
0.25,61,0.7,-0.1479535676878728
0.25,61,0.75,-0.1473806549136403
0.25,61,0.8,-0.1449275932102661
0.25,61,0.85,-0.1482732900573685
0.25,61,0.9,-0.1490802275273873
0.25,61,0.95,-0.1447591763322191
0.25,61,1.0,-0.1474661710996823
0.25,62,0.1,-0.0187342324173832
0.25,62,0.15,-0.0458225657494067
0.25,62,0.2,-0.0705940952219271
0.25,62,0.25,-0.1017916145555675
0.25,62,0.3,-0.1267258531035337
0.25,62,0.35,-0.1327992633776756
0.25,62,0.4,-0.1404631119807118
0.25,62,0.45,-0.1335871771822926
0.25,62,0.5,-0.13723053896727
0.25,62,0.55,-0.1428681238913124
0.25,62,0.6,-0.1408496319396399
0.25,62,0.65,-0.1461377979115389
0.25,62,0.7,-0.1453678475874965
0.25,62,0.75,-0.1451764843116625
0.25,62,0.8,-0.1488649292049236
0.25,62,0.85,-0.1435742954562569
0.25,62,0.9,-0.1510735393987768
0.25,62,0.95,-0.1475214894740301
0.25,62,1.0,-0.1524933493802823
0.25,63,0.1,-0.0188795541194823
0.25,63,0.15,-0.0454340662244058
0.25,63,0.2,-0.0679100401364527
0.25,63,0.25,-0.0960158130479698
0.25,63,0.3,-0.1144681099160851
0.25,63,0.35,-0.1308351003867676
0.25,63,0.4,-0.1437841813517849
0.25,63,0.45,-0.1487731585412139
0.25,63,0.5,-0.1479687464781846
0.25,63,0.55,-0.1490388358629255
0.25,63,0.6,-0.1472895985733932
0.25,63,0.65,-0.1493995051215359
0.25,63,0.7,-0.1494894495763523
0.25,63,0.75,-0.1481961423183079
0.25,63,0.8,-0.1473406353070889
0.25,63,0.85,-0.152609470733996
0.25,63,0.9,-0.1522475304491337
0.25,63,0.95,-0.1503422665006198
0.25,63,1.0,-0.1494033601798894
0.25,64,0.1,-0.0153946598052468
0.25,64,0.15,-0.0372564513758317
0.25,64,0.2,-0.0670857559042279
0.25,64,0.25,-0.0926911939238658
0.25,64,0.3,-0.1101654653984792
0.25,64,0.35,-0.1315805391300752
0.25,64,0.4,-0.1329427472658556
0.25,64,0.45,-0.1383619188826157
0.25,64,0.5,-0.1454401594242314
0.25,64,0.55,-0.1460322764848557
0.25,64,0.6,-0.147529404184088
0.25,64,0.65,-0.1457480077284414
0.25,64,0.7,-0.1494242603858657
0.25,64,0.75,-0.1497570547468694
0.25,64,0.8,-0.1451587476430624
0.25,64,0.85,-0.1477334970365654
0.25,64,0.9,-0.1516266991521713
0.25,64,0.95,-0.1512331119220719
0.25,64,1.0,-0.1504742414521358
0.25,65,0.1,-0.0156670088114847
0.25,65,0.15,-0.0418048471190924
0.25,65,0.2,-0.0749977036125587
0.25,65,0.25,-0.0892807600161848
0.25,65,0.3,-0.1145260555990729
0.25,65,0.35,-0.1264948355560075
0.25,65,0.4,-0.1344877186341347
0.25,65,0.45,-0.1362779826963318
0.25,65,0.5,-0.1418915120611915
0.25,65,0.55,-0.1401091824464411
0.25,65,0.6,-0.1382476122764639
0.25,65,0.65,-0.1430352177856319
0.25,65,0.7,-0.1427504061236017
0.25,65,0.75,-0.1465277914959361
0.25,65,0.8,-0.1460751767398369
0.25,65,0.85,-0.1459081718905418
0.25,65,0.9,-0.144312778748708
0.25,65,0.95,-0.1450358801386884
0.25,65,1.0,-0.1414809204358108
0.25,66,0.1,-0.0246330342464263
0.25,66,0.15,-0.0498588278034801
0.25,66,0.2,-0.0774248199432707
0.25,66,0.25,-0.1031799971067359
0.25,66,0.3,-0.121613285123359
0.25,66,0.35,-0.1274521857380464
0.25,66,0.4,-0.1304626855755836
0.25,66,0.45,-0.1351380418950001
0.25,66,0.5,-0.1361202422658912
0.25,66,0.55,-0.1415094137859336
0.25,66,0.6,-0.1399795781599571
0.25,66,0.65,-0.1425070222930081
0.25,66,0.7,-0.1412313625589458
0.25,66,0.75,-0.143974318591102
0.25,66,0.8,-0.1453332200397555
0.25,66,0.85,-0.1469477105911262
0.25,66,0.9,-0.1437855516509206
0.25,66,0.95,-0.1458545410225918
0.25,66,1.0,-0.1515771599397413
0.25,67,0.1,-0.0223402655753173
0.25,67,0.15,-0.0493776454239077
0.25,67,0.2,-0.0758725395706675
0.25,67,0.25,-0.0939891610910277
0.25,67,0.3,-0.1164365905717692
0.25,67,0.35,-0.1248325349426162
0.25,67,0.4,-0.1356024804732026
0.25,67,0.45,-0.1348025067639307
0.25,67,0.5,-0.1373841922258173
0.25,67,0.55,-0.139567099781387
0.25,67,0.6,-0.143846726334621
0.25,67,0.65,-0.143235093088271
0.25,67,0.7,-0.1409188213556452
0.25,67,0.75,-0.146267538199247
0.25,67,0.8,-0.143895140748702
0.25,67,0.85,-0.1423982500898608
0.25,67,0.9,-0.1475768192591715
0.25,67,0.95,-0.1466143151776338
0.25,67,1.0,-0.1476006928680498
0.25,68,0.1,-0.0233832220401662
0.25,68,0.15,-0.0483882079385051
0.25,68,0.2,-0.0784078588099759
0.25,68,0.25,-0.0998883994754725
0.25,68,0.3,-0.1283495732171333
0.25,68,0.35,-0.1427674290309122
0.25,68,0.4,-0.1357997562978695
0.25,68,0.45,-0.1370701055293548
0.25,68,0.5,-0.1364027303955582
0.25,68,0.55,-0.1430545979371461
0.25,68,0.6,-0.1445265868809083
0.25,68,0.65,-0.1466002937145227
0.25,68,0.7,-0.1440030009487869
0.25,68,0.75,-0.1458095649140458
0.25,68,0.8,-0.143669191380333
0.25,68,0.85,-0.1433930894450873
0.25,68,0.9,-0.1461564331334925
0.25,68,0.95,-0.1502860525942155
0.25,68,1.0,-0.1522551431855344
0.25,69,0.1,-0.022325324770242
0.25,69,0.15,-0.0487286816123884
0.25,69,0.2,-0.0768704849448515
0.25,69,0.25,-0.0983441358559776
0.25,69,0.3,-0.1189920333311917
0.25,69,0.35,-0.1288663893474051
0.25,69,0.4,-0.1353684975330606
0.25,69,0.45,-0.1366911259254699
0.25,69,0.5,-0.1441531541723946
0.25,69,0.55,-0.1430450876246578
0.25,69,0.6,-0.1434598590978818
0.25,69,0.65,-0.1436590818358386
0.25,69,0.7,-0.1439939430147826
0.25,69,0.75,-0.1452787471239536
0.25,69,0.8,-0.1472474099513252
0.25,69,0.85,-0.1450387529209356
0.25,69,0.9,-0.1517112627430475
0.25,69,0.95,-0.150278487212541
0.25,69,1.0,-0.1517237503169002
0.25,70,0.1,-0.0219212667469362
0.25,70,0.15,-0.045651450499542
0.25,70,0.2,-0.0747823879315566
0.25,70,0.25,-0.1040362480985823
0.25,70,0.3,-0.1178683118953012
0.25,70,0.35,-0.1244444275730276
0.25,70,0.4,-0.1329367973433222
0.25,70,0.45,-0.1388879843345203
0.25,70,0.5,-0.137882696525372
0.25,70,0.55,-0.1368878767326554
0.25,70,0.6,-0.1409199313266684
0.25,70,0.65,-0.1440311007955475
0.25,70,0.7,-0.1445282078082373
0.25,70,0.75,-0.1488474810768148
0.25,70,0.8,-0.1461259623324549
0.25,70,0.85,-0.1460846945496172
0.25,70,0.9,-0.1475885390726364
0.25,70,0.95,-0.1462093253484997
0.25,70,1.0,-0.1500291718338621
0.25,71,0.1,-0.0243742381152748
0.25,71,0.15,-0.0521581579915607
0.25,71,0.2,-0.0813577650802172
0.25,71,0.25,-0.1057268868547614
0.25,71,0.3,-0.1180519801471249
0.25,71,0.35,-0.1341875253121966
0.25,71,0.4,-0.1381907871435661
0.25,71,0.45,-0.1378003110842937
0.25,71,0.5,-0.1365085110802752
0.25,71,0.55,-0.1424975611132889
0.25,71,0.6,-0.1398167960976743
0.25,71,0.65,-0.140294441678602
0.25,71,0.7,-0.1453453080765626
0.25,71,0.75,-0.1476144873631074
0.25,71,0.8,-0.1430749126594619
0.25,71,0.85,-0.1463142236749713
0.25,71,0.9,-0.1484777710159891
0.25,71,0.95,-0.1501591332557924
0.25,71,1.0,-0.1504085168335112
0.25,72,0.1,-0.0207942852532998
0.25,72,0.15,-0.0467968641339838
0.25,72,0.2,-0.0712233414155516
0.25,72,0.25,-0.107256787928359
0.25,72,0.3,-0.1202195585428311
0.25,72,0.35,-0.1273222911962521
0.25,72,0.4,-0.1378434396645498
0.25,72,0.45,-0.1434299126361807
0.25,72,0.5,-0.1439768723452592
0.25,72,0.55,-0.1384157664637796
0.25,72,0.6,-0.1425966518168818
0.25,72,0.65,-0.1436508454708267
0.25,72,0.7,-0.1500195108671199
0.25,72,0.75,-0.1502964328108373
0.25,72,0.8,-0.1437076026491241
0.25,72,0.85,-0.1477227182197878
0.25,72,0.9,-0.1448965921948652
0.25,72,0.95,-0.1480406352803289
0.25,72,1.0,-0.1527258871039953
0.25,73,0.1,-0.0221049632579615
0.25,73,0.15,-0.0438022182523955
0.25,73,0.2,-0.0747513278539583
0.25,73,0.25,-0.0975997092343466
0.25,73,0.3,-0.1175778301868828
0.25,73,0.35,-0.123118051253304
0.25,73,0.4,-0.1269801157438115
0.25,73,0.45,-0.1326071720321122
0.25,73,0.5,-0.1359262019366496
0.25,73,0.55,-0.1390848170492225
0.25,73,0.6,-0.1357421064220439
0.25,73,0.65,-0.1413530880353779
0.25,73,0.7,-0.1432690079971868
0.25,73,0.75,-0.1438500807377267
0.25,73,0.8,-0.1455185256625985
0.25,73,0.85,-0.1481249507343132
0.25,73,0.9,-0.1488070248335957
0.25,73,0.95,-0.1528377319184175
0.25,73,1.0,-0.1494158977721141
0.25,74,0.1,-0.0202499456642484
0.25,74,0.15,-0.0448202302411921
0.25,74,0.2,-0.0707111070588734
0.25,74,0.25,-0.0897003759682269
0.25,74,0.3,-0.1131094391530625
0.25,74,0.35,-0.1281964483078299
0.25,74,0.4,-0.1437606262562648
0.25,74,0.45,-0.1472334764020292
0.25,74,0.5,-0.1434190919741664
0.25,74,0.55,-0.1461822003703594
0.25,74,0.6,-0.1495204139803338
0.25,74,0.65,-0.1467999046703607
0.25,74,0.7,-0.1511732606590474
0.25,74,0.75,-0.153291609934726
0.25,74,0.8,-0.1496108830792476
0.25,74,0.85,-0.1538643806326398
0.25,74,0.9,-0.1537003544342265
0.25,74,0.95,-0.1486649132991782
0.25,74,1.0,-0.1542194328908059
0.25,75,0.1,-0.019932706349397
0.25,75,0.15,-0.0421858905685085
0.25,75,0.2,-0.0738985699902707
0.25,75,0.25,-0.098382508543598
0.25,75,0.3,-0.1235376686695848
0.25,75,0.35,-0.129209571168783
0.25,75,0.4,-0.1391145655164521
0.25,75,0.45,-0.1346156424435799
0.25,75,0.5,-0.1444765868846312
0.25,75,0.55,-0.1419725769122169
0.25,75,0.6,-0.1427239899065743
0.25,75,0.65,-0.1455990968412923
0.25,75,0.7,-0.1418678971994261
0.25,75,0.75,-0.1461365926803872
0.25,75,0.8,-0.146188816036086
0.25,75,0.85,-0.1498558289126656
0.25,75,0.9,-0.1456587150939069
0.25,75,0.95,-0.1485166059714767
0.25,75,1.0,-0.1516522845632783
0.25,76,0.1,-0.0178258767722882
0.25,76,0.15,-0.0418972213145741
0.25,76,0.2,-0.07524567375581
0.25,76,0.25,-0.0950919386663034
0.25,76,0.3,-0.1182873714358245
0.25,76,0.35,-0.1171578268187796
0.25,76,0.4,-0.1320884315258973
0.25,76,0.45,-0.1365413065014834
0.25,76,0.5,-0.1323062662464553
0.25,76,0.55,-0.1370253799968304
0.25,76,0.6,-0.1436160984258938
0.25,76,0.65,-0.140730590558728
0.25,76,0.7,-0.1432319466486173
0.25,76,0.75,-0.1434423256032428
0.25,76,0.8,-0.1430992769918039
0.25,76,0.85,-0.1443100776870315
0.25,76,0.9,-0.1429229218806426
0.25,76,0.95,-0.1429073106983079
0.25,76,1.0,-0.1489958717316368
0.25,77,0.1,-0.0187921698536477
0.25,77,0.15,-0.0379789667860315
0.25,77,0.2,-0.0699356746239012
0.25,77,0.25,-0.0917944026320269
0.25,77,0.3,-0.1153230743417206
0.25,77,0.35,-0.1305042282520911
0.25,77,0.4,-0.1320459071857151
0.25,77,0.45,-0.1418811544795763
0.25,77,0.5,-0.1335354038479967
0.25,77,0.55,-0.1388518145657431
0.25,77,0.6,-0.1420118483652625
0.25,77,0.65,-0.1413693969386486
0.25,77,0.7,-0.1468784442955968
0.25,77,0.75,-0.144027523367451
0.25,77,0.8,-0.1466995062987344
0.25,77,0.85,-0.1427424893906127
0.25,77,0.9,-0.1508410792441996
0.25,77,0.95,-0.1488711446837448
0.25,77,1.0,-0.1446590598917054
0.25,78,0.1,-0.0192037661534918
0.25,78,0.15,-0.040976700213945
0.25,78,0.2,-0.0678666082658456
0.25,78,0.25,-0.0837217710340906
0.25,78,0.3,-0.1072545185102306
0.25,78,0.35,-0.1153328936217756
0.25,78,0.4,-0.1260363120863158
0.25,78,0.45,-0.1335527960976964
0.25,78,0.5,-0.1307986541275252
0.25,78,0.55,-0.1322432084923252
0.25,78,0.6,-0.1375255895957982
0.25,78,0.65,-0.1410654829384061
0.25,78,0.7,-0.1455275520940781
0.25,78,0.75,-0.1464672573508487
0.25,78,0.8,-0.1441878207063195
0.25,78,0.85,-0.1454476295461692
0.25,78,0.9,-0.1509499711344022
0.25,78,0.95,-0.149908308021722
0.25,78,1.0,-0.1522158285789525
0.25,79,0.1,-0.020332449321143
0.25,79,0.15,-0.0421899003888354
0.25,79,0.2,-0.065887793330949
0.25,79,0.25,-0.0985651910027617
0.25,79,0.3,-0.112392107430335
0.25,79,0.35,-0.1203667412077439
0.25,79,0.4,-0.1290886572665954
0.25,79,0.45,-0.130535888503794
0.25,79,0.5,-0.1386463898870401
0.25,79,0.55,-0.1388843645276145
0.25,79,0.6,-0.1421627821356801
0.25,79,0.65,-0.1410536507660081
0.25,79,0.7,-0.1462527234693782
0.25,79,0.75,-0.1426842907101575
0.25,79,0.8,-0.146198973852955
0.25,79,0.85,-0.1482960944807978
0.25,79,0.9,-0.1503313726783385
0.25,79,0.95,-0.1504276513755604
0.25,79,1.0,-0.1482574685360424
0.25,80,0.1,-0.0207044047108566
0.25,80,0.15,-0.0432607332592527
0.25,80,0.2,-0.0672846135451024
0.25,80,0.25,-0.099987232536481
0.25,80,0.3,-0.1192009475807998
0.25,80,0.35,-0.1277794589872382
0.25,80,0.4,-0.1305864243142541
0.25,80,0.45,-0.1389780685222539
0.25,80,0.5,-0.141290540882163
0.25,80,0.55,-0.1369640013912376
0.25,80,0.6,-0.1423634741570361
0.25,80,0.65,-0.1407602415953912
0.25,80,0.7,-0.1401827211541755
0.25,80,0.75,-0.141352018546159
0.25,80,0.8,-0.1445736587994619
0.25,80,0.85,-0.1487940999931462
0.25,80,0.9,-0.1457824282938009
0.25,80,0.95,-0.1498489316787967
0.25,80,1.0,-0.1462275309457884
0.25,81,0.1,-0.019816936238397
0.25,81,0.15,-0.0450365013465936
0.25,81,0.2,-0.0813112640699884
0.25,81,0.25,-0.1042007717774241
0.25,81,0.3,-0.1216379411715086
0.25,81,0.35,-0.1328268573512159
0.25,81,0.4,-0.1323487258981184
0.25,81,0.45,-0.1346388781559455
0.25,81,0.5,-0.137201958137353
0.25,81,0.55,-0.1382590645557365
0.25,81,0.6,-0.1425610989644797
0.25,81,0.65,-0.1440941492640486
0.25,81,0.7,-0.1429885121794999
0.25,81,0.75,-0.142010612525128
0.25,81,0.8,-0.1433680880082355
0.25,81,0.85,-0.1484069589459787
0.25,81,0.9,-0.1488460125678025
0.25,81,0.95,-0.1470006630006733
0.25,81,1.0,-0.1482634411641512
0.25,82,0.1,-0.0191735363826396
0.25,82,0.15,-0.0447130184860409
0.25,82,0.2,-0.0832970083612886
0.25,82,0.25,-0.1076107359694902
0.25,82,0.3,-0.1205997959198323
0.25,82,0.35,-0.1441229748302644
0.25,82,0.4,-0.1448451254451448
0.25,82,0.45,-0.1516655688995967
0.25,82,0.5,-0.1438770454842805
0.25,82,0.55,-0.1477739274376146
0.25,82,0.6,-0.1501603884351236
0.25,82,0.65,-0.1469731636072228
0.25,82,0.7,-0.1485089151678723
0.25,82,0.75,-0.148636895775423
0.25,82,0.8,-0.1502278932185549
0.25,82,0.85,-0.1478518043865483
0.25,82,0.9,-0.1508575673934999
0.25,82,0.95,-0.1541986078119131
0.25,82,1.0,-0.153916762367922
0.25,83,0.1,-0.015604055202281
0.25,83,0.15,-0.0384634366703243
0.25,83,0.2,-0.0640397399448748
0.25,83,0.25,-0.0852365644612972
0.25,83,0.3,-0.10809447091851
0.25,83,0.35,-0.1289601759223269
0.25,83,0.4,-0.1373257833983892
0.25,83,0.45,-0.1372245880305129
0.25,83,0.5,-0.1351183964916067
0.25,83,0.55,-0.1422638678024652
0.25,83,0.6,-0.1394179465201722
0.25,83,0.65,-0.135955114358628
0.25,83,0.7,-0.1368466785045343
0.25,83,0.75,-0.1416392687458171
0.25,83,0.8,-0.1476647661354977
0.25,83,0.85,-0.1464147591189858
0.25,83,0.9,-0.1456435189485037
0.25,83,0.95,-0.1457357325582697
0.25,83,1.0,-0.147781247170861
0.25,84,0.1,-0.0200236222365748
0.25,84,0.15,-0.0420402722076691
0.25,84,0.2,-0.0710207517087452
0.25,84,0.25,-0.0985072433355351
0.25,84,0.3,-0.1171238741694138
0.25,84,0.35,-0.1363351179878663
0.25,84,0.4,-0.1426160100917339
0.25,84,0.45,-0.1389606706933426
0.25,84,0.5,-0.1468125450997679
0.25,84,0.55,-0.1479557143068443
0.25,84,0.6,-0.1583248337526672
0.25,84,0.65,-0.1521623176097594
0.25,84,0.7,-0.1488026978203748
0.25,84,0.75,-0.1475160631148696
0.25,84,0.8,-0.1484418218405307
0.25,84,0.85,-0.1545602202895232
0.25,84,0.9,-0.1517166579893916
0.25,84,0.95,-0.1504739257122138
0.25,84,1.0,-0.149964685614673
0.25,85,0.1,-0.0181097194255204
0.25,85,0.15,-0.0419980601603362
0.25,85,0.2,-0.0743906097810906
0.25,85,0.25,-0.1010925738644936
0.25,85,0.3,-0.1181064001910988
0.25,85,0.35,-0.1248432681584604
0.25,85,0.4,-0.1349638856912431
0.25,85,0.45,-0.1294018549292182
0.25,85,0.5,-0.1372073340162187
0.25,85,0.55,-0.1382021575064962
0.25,85,0.6,-0.1437582388040791
0.25,85,0.65,-0.1425386658583687
0.25,85,0.7,-0.1455926745292263
0.25,85,0.75,-0.1419832607364479
0.25,85,0.8,-0.1455573498590394
0.25,85,0.85,-0.1440099892396316
0.25,85,0.9,-0.1493702232308775
0.25,85,0.95,-0.1442233521990832
0.25,85,1.0,-0.1488550548031831
0.25,86,0.1,-0.0188869730949359
0.25,86,0.15,-0.0450376944891824
0.25,86,0.2,-0.074338402299539
0.25,86,0.25,-0.0881422026369983
0.25,86,0.3,-0.1180531168414323
0.25,86,0.35,-0.1293174840656414
0.25,86,0.4,-0.1371722833080389
0.25,86,0.45,-0.135719324074456
0.25,86,0.5,-0.1353821362916068
0.25,86,0.55,-0.1380912485679515
0.25,86,0.6,-0.1383498604708992
0.25,86,0.65,-0.1419432005939483
0.25,86,0.7,-0.1412449392967604
0.25,86,0.75,-0.1383964786175335
0.25,86,0.8,-0.1458469096222665
0.25,86,0.85,-0.1461343887845428
0.25,86,0.9,-0.1453230498110001
0.25,86,0.95,-0.1496077756991895
0.25,86,1.0,-0.1471498620184676
0.25,87,0.1,-0.0187526798889969
0.25,87,0.15,-0.0447025203261444
0.25,87,0.2,-0.0692106241597396
0.25,87,0.25,-0.099338850408448
0.25,87,0.3,-0.1268908226516001
0.25,87,0.35,-0.136085742663409
0.25,87,0.4,-0.1379286007571511
0.25,87,0.45,-0.1412572641062244
0.25,87,0.5,-0.1433875476783829
0.25,87,0.55,-0.1442222918888858
0.25,87,0.6,-0.1481750129404537
0.25,87,0.65,-0.1494412600558599
0.25,87,0.7,-0.1489304568487666
0.25,87,0.75,-0.1511676520817681
0.25,87,0.8,-0.1513956390723629
0.25,87,0.85,-0.1501375414386877
0.25,87,0.9,-0.1503648530277394
0.25,87,0.95,-0.1522315097558185
0.25,87,1.0,-0.1502867045340594
0.25,88,0.1,-0.0185295862129501
0.25,88,0.15,-0.042429412497057
0.25,88,0.2,-0.0691963237905398
0.25,88,0.25,-0.0948334615370491
0.25,88,0.3,-0.1214846554960331
0.25,88,0.35,-0.127308713028615
0.25,88,0.4,-0.1441118103717628
0.25,88,0.45,-0.1381855216356472
0.25,88,0.5,-0.1416173352772141
0.25,88,0.55,-0.1446268030981952
0.25,88,0.6,-0.1454394448850008
0.25,88,0.65,-0.1406513577529619
0.25,88,0.7,-0.1420190802053461
0.25,88,0.75,-0.1442175382879021
0.25,88,0.8,-0.1480765551441508
0.25,88,0.85,-0.1462668231872103
0.25,88,0.9,-0.150252959787418
0.25,88,0.95,-0.1525409712999122
0.25,88,1.0,-0.146698961233418
0.25,89,0.1,-0.0203641974384254
0.25,89,0.15,-0.0432870429066136
0.25,89,0.2,-0.0716836161122314
0.25,89,0.25,-0.0867943722511496
0.25,89,0.3,-0.1023628257846759
0.25,89,0.35,-0.1176884861671945
0.25,89,0.4,-0.1223830625228293
0.25,89,0.45,-0.1292712846636325
0.25,89,0.5,-0.1323086388228674
0.25,89,0.55,-0.1337844281465459
0.25,89,0.6,-0.1373690801302705
0.25,89,0.65,-0.144463214818966
0.25,89,0.7,-0.1399709429817931
0.25,89,0.75,-0.1444084426788855
0.25,89,0.8,-0.1449036260576664
0.25,89,0.85,-0.1464002021947108
0.25,89,0.9,-0.1485679674794272
0.25,89,0.95,-0.15101701475101
0.25,89,1.0,-0.1494782427716037
0.3,0,0.1,-0.0281324581632969
0.3,0,0.15,-0.0617521126372261
0.3,0,0.2,-0.098000049368829
0.3,0,0.25,-0.125852387174696
0.3,0,0.3,-0.1406380807939062
0.3,0,0.35,-0.144928882589228
0.3,0,0.4,-0.1416456061065203
0.3,0,0.45,-0.1442350496000006
0.3,0,0.5,-0.1461106671525071
0.3,0,0.55,-0.1458959901321463
0.3,0,0.6,-0.1482616512842706
0.3,0,0.65,-0.1485072402075751
0.3,0,0.7,-0.1481634129208127
0.3,0,0.75,-0.1547283783039676
0.3,0,0.8,-0.1520308368688424
0.3,0,0.85,-0.1510340619439884
0.3,0,0.9,-0.1532504741072636
0.3,0,0.95,-0.1551695192040208
0.3,0,1.0,-0.1578362611196006
0.3,1,0.1,-0.019454399396576
0.3,1,0.15,-0.0414255430515546
0.3,1,0.2,-0.0696792370918637
0.3,1,0.25,-0.1010125741903699
0.3,1,0.3,-0.1206522646406179
0.3,1,0.35,-0.129902205611849
0.3,1,0.4,-0.1371850459850175
0.3,1,0.45,-0.1409884486378155
0.3,1,0.5,-0.1443989791588069
0.3,1,0.55,-0.1432859211954132
0.3,1,0.6,-0.1440262527403912
0.3,1,0.65,-0.1414284372845779
0.3,1,0.7,-0.148744297224605
0.3,1,0.75,-0.1499431227406725
0.3,1,0.8,-0.1508105934359251
0.3,1,0.85,-0.1505467368143476
0.3,1,0.9,-0.1510150908661388
0.3,1,0.95,-0.1521342983169705
0.3,1,1.0,-0.157554532686296
0.3,2,0.1,-0.0185470346390043
0.3,2,0.15,-0.0447932077993325
0.3,2,0.2,-0.0716966660757043
0.3,2,0.25,-0.0897104210266582
0.3,2,0.3,-0.1114524432235426
0.3,2,0.35,-0.126909287749956
0.3,2,0.4,-0.1368064798374678
0.3,2,0.45,-0.1448350268013275
0.3,2,0.5,-0.1416868196444216
0.3,2,0.55,-0.1350171563110543
0.3,2,0.6,-0.1489156432837941
0.3,2,0.65,-0.141648967000316
0.3,2,0.7,-0.1481739683300866
0.3,2,0.75,-0.1480656033603423
0.3,2,0.8,-0.1499377376788467
0.3,2,0.85,-0.1479797701506159
0.3,2,0.9,-0.1517753937333548
0.3,2,0.95,-0.1531267944132505
0.3,2,1.0,-0.1535408865229465
0.3,3,0.1,-0.0170023731901382
0.3,3,0.15,-0.0439780536659217
0.3,3,0.2,-0.0720237611703593
0.3,3,0.25,-0.0969391301898095
0.3,3,0.3,-0.1213260870572053
0.3,3,0.35,-0.1370235039918173
0.3,3,0.4,-0.1424261239059074
0.3,3,0.45,-0.147034107829253
0.3,3,0.5,-0.144438960865536
0.3,3,0.55,-0.1463402945190796
0.3,3,0.6,-0.1463917472428632
0.3,3,0.65,-0.1496034371263761
0.3,3,0.7,-0.1459477714447545
0.3,3,0.75,-0.1559682813506086
0.3,3,0.8,-0.1512950303056243
0.3,3,0.85,-0.1565923937614129
0.3,3,0.9,-0.1539524900000541
0.3,3,0.95,-0.1550686044318119
0.3,3,1.0,-0.1547894805908478
0.3,4,0.1,-0.0273580789776282
0.3,4,0.15,-0.0536075793612775
0.3,4,0.2,-0.0726112758332541
0.3,4,0.25,-0.0978958145843444
0.3,4,0.3,-0.1100532470266583
0.3,4,0.35,-0.1280629399220147
0.3,4,0.4,-0.137381124876313
0.3,4,0.45,-0.1425716995931665
0.3,4,0.5,-0.1440060778371813
0.3,4,0.55,-0.1478891646337918
0.3,4,0.6,-0.1482651760021708
0.3,4,0.65,-0.1435279202575676
0.3,4,0.7,-0.1499994375088721
0.3,4,0.75,-0.1500111985287393
0.3,4,0.8,-0.1443892504239217
0.3,4,0.85,-0.1546910211662609
0.3,4,0.9,-0.1483962619444581
0.3,4,0.95,-0.1577743373163925
0.3,4,1.0,-0.1512935556535731
0.3,5,0.1,-0.0207600297301463
0.3,5,0.15,-0.0499521802373243
0.3,5,0.2,-0.0783089880641089
0.3,5,0.25,-0.0975305110408874
0.3,5,0.3,-0.118895492555598
0.3,5,0.35,-0.128116178988598
0.3,5,0.4,-0.1386726805531839
0.3,5,0.45,-0.1466704795376211
0.3,5,0.5,-0.1443999487501546
0.3,5,0.55,-0.142882611196736
0.3,5,0.6,-0.1465124743328563
0.3,5,0.65,-0.1465470490202925
0.3,5,0.7,-0.1467105483506049
0.3,5,0.75,-0.1474922704167424
0.3,5,0.8,-0.1478733316363247
0.3,5,0.85,-0.1516647320648692
0.3,5,0.9,-0.1526532890782742
0.3,5,0.95,-0.1548221657729526
0.3,5,1.0,-0.152707737217502
0.3,6,0.1,-0.0214884962641562
0.3,6,0.15,-0.0484901588509097
0.3,6,0.2,-0.0801416492543643
0.3,6,0.25,-0.1039807656686915
0.3,6,0.3,-0.1136089645153801
0.3,6,0.35,-0.12940391653955
0.3,6,0.4,-0.1277460168182236
0.3,6,0.45,-0.1395173705272781
0.3,6,0.5,-0.1427607960925252
0.3,6,0.55,-0.1398733636924743
0.3,6,0.6,-0.1467315857377352
0.3,6,0.65,-0.1467423119973868
0.3,6,0.7,-0.1462599777974257
0.3,6,0.75,-0.1497025963738316
0.3,6,0.8,-0.1460716946956658
0.3,6,0.85,-0.1492725122826998
0.3,6,0.9,-0.1523294970063285
0.3,6,0.95,-0.1515044741697555
0.3,6,1.0,-0.1546218518201822
0.3,7,0.1,-0.0227995514671229
0.3,7,0.15,-0.0481130881926682
0.3,7,0.2,-0.0776261377431856
0.3,7,0.25,-0.1107547664280869
0.3,7,0.3,-0.1270469588630053
0.3,7,0.35,-0.136717698286792
0.3,7,0.4,-0.1356158937612712
0.3,7,0.45,-0.1487398821782841
0.3,7,0.5,-0.1448861235323043
0.3,7,0.55,-0.1524626208176147
0.3,7,0.6,-0.1491639679802088
0.3,7,0.65,-0.1521204023812089
0.3,7,0.7,-0.1503001267553491
0.3,7,0.75,-0.1529678334725661
0.3,7,0.8,-0.1532344385421992
0.3,7,0.85,-0.1572085161402454
0.3,7,0.9,-0.1535393669885347
0.3,7,0.95,-0.1557752885144498
0.3,7,1.0,-0.1561583123390497
0.3,8,0.1,-0.0212920217528709
0.3,8,0.15,-0.044821957503869
0.3,8,0.2,-0.0718717690771062
0.3,8,0.25,-0.094702298639781
0.3,8,0.3,-0.1130758743163384
0.3,8,0.35,-0.127384855972082
0.3,8,0.4,-0.1382052752528476
0.3,8,0.45,-0.1345623722542351
0.3,8,0.5,-0.1373162178623778
0.3,8,0.55,-0.1452659039192816
0.3,8,0.6,-0.1431734660116102
0.3,8,0.65,-0.1484345339973375
0.3,8,0.7,-0.1492720059274102
0.3,8,0.75,-0.1506709637720571
0.3,8,0.8,-0.1498212814861831
0.3,8,0.85,-0.151569521316269
0.3,8,0.9,-0.1481475193374844
0.3,8,0.95,-0.1512169660701926
0.3,8,1.0,-0.1539082423437504
0.3,9,0.1,-0.0268720365231503
0.3,9,0.15,-0.0475657149588358
0.3,9,0.2,-0.0753192748054881
0.3,9,0.25,-0.0962391672427584
0.3,9,0.3,-0.1154885851512536
0.3,9,0.35,-0.1334887326751634
0.3,9,0.4,-0.132397980783457
0.3,9,0.45,-0.1462042935098826
0.3,9,0.5,-0.1448625876437714
0.3,9,0.55,-0.1454980293547976
0.3,9,0.6,-0.1516209661001802
0.3,9,0.65,-0.1490245983653214
0.3,9,0.7,-0.1474851212594849
0.3,9,0.75,-0.1513962966995501
0.3,9,0.8,-0.1515717782338424
0.3,9,0.85,-0.1524521881033777
0.3,9,0.9,-0.1520628998053715
0.3,9,0.95,-0.1522625742367168
0.3,9,1.0,-0.1523830522599962
0.3,10,0.1,-0.0190182754802705
0.3,10,0.15,-0.0488653771057541
0.3,10,0.2,-0.0743031287928217
0.3,10,0.25,-0.1088683652448014
0.3,10,0.3,-0.1299494485929699
0.3,10,0.35,-0.1408625126221098
0.3,10,0.4,-0.1329264231739073
0.3,10,0.45,-0.1494320393993419
0.3,10,0.5,-0.1445183382226479
0.3,10,0.55,-0.1476638918109779
0.3,10,0.6,-0.1465868307980019
0.3,10,0.65,-0.1522523046569553
0.3,10,0.7,-0.1507158382953131
0.3,10,0.75,-0.1493505678785235
0.3,10,0.8,-0.1521019382194408
0.3,10,0.85,-0.1506617645655975
0.3,10,0.9,-0.1516858858364445
0.3,10,0.95,-0.1500113866353385
0.3,10,1.0,-0.1540045022527432
0.3,11,0.1,-0.0208948763571929
0.3,11,0.15,-0.0504222419992279
0.3,11,0.2,-0.0762801284855537
0.3,11,0.25,-0.1016547745478951
0.3,11,0.3,-0.1181566799891898
0.3,11,0.35,-0.1375218787917311
0.3,11,0.4,-0.1441794228178504
0.3,11,0.45,-0.1474512649050599
0.3,11,0.5,-0.146379521665781
0.3,11,0.55,-0.1426764780281256
0.3,11,0.6,-0.1511702997960728
0.3,11,0.65,-0.1475127869073572
0.3,11,0.7,-0.1467809395204232
0.3,11,0.75,-0.1503029720271858
0.3,11,0.8,-0.150822805212629
0.3,11,0.85,-0.150210392185353
0.3,11,0.9,-0.1571797761745361
0.3,11,0.95,-0.1522142423290031
0.3,11,1.0,-0.1549607714559504
0.3,12,0.1,-0.0202982367935154
0.3,12,0.15,-0.0496519411270645
0.3,12,0.2,-0.0903364892860827
0.3,12,0.25,-0.1224278376885772
0.3,12,0.3,-0.1419929621094506
0.3,12,0.35,-0.1454074852592999
0.3,12,0.4,-0.1535402679643029
0.3,12,0.45,-0.1499929850622694
0.3,12,0.5,-0.1513047925084485
0.3,12,0.55,-0.1512796851523997
0.3,12,0.6,-0.148504679489666
0.3,12,0.65,-0.1543756042260197
0.3,12,0.7,-0.1542810905548866
0.3,12,0.75,-0.1518827903977841
0.3,12,0.8,-0.149240640909091
0.3,12,0.85,-0.1533550669339115
0.3,12,0.9,-0.1499351026889251
0.3,12,0.95,-0.1566596298809637
0.3,12,1.0,-0.1493443901462468
0.3,13,0.1,-0.0193203370325846
0.3,13,0.15,-0.0472403770678617
0.3,13,0.2,-0.0725786915584511
0.3,13,0.25,-0.0973682290763708
0.3,13,0.3,-0.1233020926096016
0.3,13,0.35,-0.1327056961379546
0.3,13,0.4,-0.1380076423246111
0.3,13,0.45,-0.1394825730977457
0.3,13,0.5,-0.1475745681684703
0.3,13,0.55,-0.1441048908025705
0.3,13,0.6,-0.1476028830020335
0.3,13,0.65,-0.1512222534775486
0.3,13,0.7,-0.1498786220514238
0.3,13,0.75,-0.1526741128525947
0.3,13,0.8,-0.154276435687786
0.3,13,0.85,-0.1491307172070036
0.3,13,0.9,-0.1519165663440869
0.3,13,0.95,-0.1529618115869664
0.3,13,1.0,-0.1553647596022084
0.3,14,0.1,-0.0158485276826538
0.3,14,0.15,-0.040935048648743
0.3,14,0.2,-0.0650048425377299
0.3,14,0.25,-0.0950037181176025
0.3,14,0.3,-0.1134981693516589
0.3,14,0.35,-0.1304543831390052
0.3,14,0.4,-0.1381529827279418
0.3,14,0.45,-0.1385323596757574
0.3,14,0.5,-0.1416836154070161
0.3,14,0.55,-0.1450589412110473
0.3,14,0.6,-0.1422957729804391
0.3,14,0.65,-0.1487908363093513
0.3,14,0.7,-0.1498485599488679
0.3,14,0.75,-0.1523069914223303
0.3,14,0.8,-0.154535904450434
0.3,14,0.85,-0.1505136400617419
0.3,14,0.9,-0.1529731483013678
0.3,14,0.95,-0.1526756809560306
0.3,14,1.0,-0.1510607589142486
0.3,15,0.1,-0.0242696651160166
0.3,15,0.15,-0.0517386183924509
0.3,15,0.2,-0.0865528230626357
0.3,15,0.25,-0.1188337926177724
0.3,15,0.3,-0.1340153973889886
0.3,15,0.35,-0.136330336473056
0.3,15,0.4,-0.1403653712256096
0.3,15,0.45,-0.1439973226131587
0.3,15,0.5,-0.1442783540411012
0.3,15,0.55,-0.1488583131766739
0.3,15,0.6,-0.1473143626570633
0.3,15,0.65,-0.1446408193126724
0.3,15,0.7,-0.1488845151933653
0.3,15,0.75,-0.1496705414488819
0.3,15,0.8,-0.1503851550215601
0.3,15,0.85,-0.1492549851078347
0.3,15,0.9,-0.1508996606300746
0.3,15,0.95,-0.1485372059305069
0.3,15,1.0,-0.1526657149283212
0.3,16,0.1,-0.0222956363988272
0.3,16,0.15,-0.0479325278713998
0.3,16,0.2,-0.0768410294985158
0.3,16,0.25,-0.1064518910673248
0.3,16,0.3,-0.118167163377827
0.3,16,0.35,-0.1361618251184434
0.3,16,0.4,-0.1437732889845752
0.3,16,0.45,-0.1451573079843201
0.3,16,0.5,-0.1493122685943722
0.3,16,0.55,-0.1444623630561568
0.3,16,0.6,-0.1465328886166765
0.3,16,0.65,-0.1492154257051355
0.3,16,0.7,-0.1544334007230446
0.3,16,0.75,-0.1530193865638315
0.3,16,0.8,-0.150755444034477
0.3,16,0.85,-0.1541712210968188
0.3,16,0.9,-0.1560822210948027
0.3,16,0.95,-0.1539532954606757
0.3,16,1.0,-0.1583953687851467
0.3,17,0.1,-0.0217728234166934
0.3,17,0.15,-0.0421345329482771
0.3,17,0.2,-0.0777445498672686
0.3,17,0.25,-0.1021714167103374
0.3,17,0.3,-0.121800375461433
0.3,17,0.35,-0.1366112878341978
0.3,17,0.4,-0.1368310235175228
0.3,17,0.45,-0.1417882367042512
0.3,17,0.5,-0.1413425915179427
0.3,17,0.55,-0.1390535738631313
0.3,17,0.6,-0.142792129261857
0.3,17,0.65,-0.1505544476431514
0.3,17,0.7,-0.1457285391937771
0.3,17,0.75,-0.1498231829319949
0.3,17,0.8,-0.1505985410084817
0.3,17,0.85,-0.1499971348621646
0.3,17,0.9,-0.1541847495746094
0.3,17,0.95,-0.153753062976402
0.3,17,1.0,-0.1537824626300928
0.3,18,0.1,-0.0205642283530626
0.3,18,0.15,-0.0488547269182086
0.3,18,0.2,-0.0726871179290117
0.3,18,0.25,-0.1038150621071552
0.3,18,0.3,-0.113423086436121
0.3,18,0.35,-0.1297551983574464
0.3,18,0.4,-0.14087772839938
0.3,18,0.45,-0.1369955410375876
0.3,18,0.5,-0.1397876309730804
0.3,18,0.55,-0.1413239552957733
0.3,18,0.6,-0.1449471432193996
0.3,18,0.65,-0.1422552783423728
0.3,18,0.7,-0.1521480117497781
0.3,18,0.75,-0.1491061623117599
0.3,18,0.8,-0.1510827035234491
0.3,18,0.85,-0.146506085903167
0.3,18,0.9,-0.1475610154426192
0.3,18,0.95,-0.1527192912536549
0.3,18,1.0,-0.1526668369633377
0.3,19,0.1,-0.0167025014069812
0.3,19,0.15,-0.0388111043704396
0.3,19,0.2,-0.0591759745312128
0.3,19,0.25,-0.0883368364756387
0.3,19,0.3,-0.1188204862663554
0.3,19,0.35,-0.1242259848217121
0.3,19,0.4,-0.1427585376135484
0.3,19,0.45,-0.143603978791702
0.3,19,0.5,-0.1407556307449784
0.3,19,0.55,-0.1490032843055082
0.3,19,0.6,-0.1531774605905842
0.3,19,0.65,-0.1521096808737953
0.3,19,0.7,-0.152066204451985
0.3,19,0.75,-0.1541445143606412
0.3,19,0.8,-0.1543020119576733
0.3,19,0.85,-0.1570037313894562
0.3,19,0.9,-0.1557036965577265
0.3,19,0.95,-0.1542509187048519
0.3,19,1.0,-0.1546724132916731
0.3,20,0.1,-0.0194491259076661
0.3,20,0.15,-0.0408510246275687
0.3,20,0.2,-0.0644347602999862
0.3,20,0.25,-0.0967078530190538
0.3,20,0.3,-0.1180506681625604
0.3,20,0.35,-0.1274046119258571
0.3,20,0.4,-0.1341263335369691
0.3,20,0.45,-0.1328676406392585
0.3,20,0.5,-0.1415226100908571
0.3,20,0.55,-0.1455569751692423
0.3,20,0.6,-0.1434632037291134
0.3,20,0.65,-0.1474904795173215
0.3,20,0.7,-0.1500303058251042
0.3,20,0.75,-0.1490104032174775
0.3,20,0.8,-0.1490185529722932
0.3,20,0.85,-0.1491701235559767
0.3,20,0.9,-0.1498897561873737
0.3,20,0.95,-0.153508336202835
0.3,20,1.0,-0.1501829757563514
0.3,21,0.1,-0.0218448773865367
0.3,21,0.15,-0.0518139534068193
0.3,21,0.2,-0.084750369048693
0.3,21,0.25,-0.0938145431923273
0.3,21,0.3,-0.126324309196397
0.3,21,0.35,-0.1290739798510748
0.3,21,0.4,-0.1349458296342246
0.3,21,0.45,-0.1411491552053303
0.3,21,0.5,-0.1472449556208057
0.3,21,0.55,-0.1477304730400688
0.3,21,0.6,-0.14886225659759
0.3,21,0.65,-0.151004570240437
0.3,21,0.7,-0.1487445136810975
0.3,21,0.75,-0.1510352900175496
0.3,21,0.8,-0.1495949833455115
0.3,21,0.85,-0.1506508542267456
0.3,21,0.9,-0.1533821659978392
0.3,21,0.95,-0.147506232757197
0.3,21,1.0,-0.1538915913920261
0.3,22,0.1,-0.0207265780942415
0.3,22,0.15,-0.0478852208134215
0.3,22,0.2,-0.0771100656104955
0.3,22,0.25,-0.0968422270967944
0.3,22,0.3,-0.1169678267513959
0.3,22,0.35,-0.1294824688084117
0.3,22,0.4,-0.1304970253094076
0.3,22,0.45,-0.1442390105466459
0.3,22,0.5,-0.1410723135100355
0.3,22,0.55,-0.1515259393214469
0.3,22,0.6,-0.144284652301162
0.3,22,0.65,-0.1464154571249884
0.3,22,0.7,-0.1514298824192574
0.3,22,0.75,-0.1534294436092739
0.3,22,0.8,-0.1503617246168987
0.3,22,0.85,-0.1508984239503684
0.3,22,0.9,-0.1567729498965607
0.3,22,0.95,-0.151538930407792
0.3,22,1.0,-0.1570261034834068
0.3,23,0.1,-0.0177931039449713
0.3,23,0.15,-0.0376211303159106
0.3,23,0.2,-0.0686718426775796
0.3,23,0.25,-0.0949884796408403
0.3,23,0.3,-0.1121219267861953
0.3,23,0.35,-0.1240597281378749
0.3,23,0.4,-0.1318227664009157
0.3,23,0.45,-0.1305911175334442
0.3,23,0.5,-0.1437625839034181
0.3,23,0.55,-0.1459011712766241
0.3,23,0.6,-0.1466888024753575
0.3,23,0.65,-0.1459678860366213
0.3,23,0.7,-0.1463808276435164
0.3,23,0.75,-0.1488916897721364
0.3,23,0.8,-0.1511612586447384
0.3,23,0.85,-0.1524128636938461
0.3,23,0.9,-0.1518678723320367
0.3,23,0.95,-0.1536976943616075
0.3,23,1.0,-0.1505475479335938
0.3,24,0.1,-0.019788573224884
0.3,24,0.15,-0.0454333614244612
0.3,24,0.2,-0.0682288507783904
0.3,24,0.25,-0.1010577829137103
0.3,24,0.3,-0.1160426274879485
0.3,24,0.35,-0.1316695016114021
0.3,24,0.4,-0.138538397079149
0.3,24,0.45,-0.1430188843238753
0.3,24,0.5,-0.1444306262101167
0.3,24,0.55,-0.1380771928129314
0.3,24,0.6,-0.1494250989009148
0.3,24,0.65,-0.1493125569419019
0.3,24,0.7,-0.1527111026834578
0.3,24,0.75,-0.1499295192871578
0.3,24,0.8,-0.1540580760514774
0.3,24,0.85,-0.1502579728791218
0.3,24,0.9,-0.15292884683609
0.3,24,0.95,-0.1605662961334905
0.3,24,1.0,-0.1553913213608309
0.3,25,0.1,-0.0192989175270192
0.3,25,0.15,-0.0410651147618491
0.3,25,0.2,-0.0845790342174413
0.3,25,0.25,-0.1050135745689474
0.3,25,0.3,-0.1188053187536423
0.3,25,0.35,-0.1393455362488329
0.3,25,0.4,-0.1525197397495875
0.3,25,0.45,-0.1455920404305795
0.3,25,0.5,-0.1440701983205793
0.3,25,0.55,-0.1433673594855919
0.3,25,0.6,-0.1416875493990627
0.3,25,0.65,-0.1490012546172018
0.3,25,0.7,-0.1508641578633708
0.3,25,0.75,-0.1522212290832322
0.3,25,0.8,-0.151310125685945
0.3,25,0.85,-0.1478177320595444
0.3,25,0.9,-0.1519644788818304
0.3,25,0.95,-0.1498122435679807
0.3,25,1.0,-0.1559913165211447
0.3,26,0.1,-0.02262099775254
0.3,26,0.15,-0.0504375598668822
0.3,26,0.2,-0.0792338094190175
0.3,26,0.25,-0.0991659659721678
0.3,26,0.3,-0.1140196950498562
0.3,26,0.35,-0.136956090536622
0.3,26,0.4,-0.1326103306315294
0.3,26,0.45,-0.1393935941673661
0.3,26,0.5,-0.1470899247018331
0.3,26,0.55,-0.1411839591177344
0.3,26,0.6,-0.1453100437816403
0.3,26,0.65,-0.1407950733647869
0.3,26,0.7,-0.1494952556107776
0.3,26,0.75,-0.1499696664688257
0.3,26,0.8,-0.1487581839438232
0.3,26,0.85,-0.1509460726750868
0.3,26,0.9,-0.1497813226904617
0.3,26,0.95,-0.1525644757620195
0.3,26,1.0,-0.1496889708438455
0.3,27,0.1,-0.0196956684806149
0.3,27,0.15,-0.0428098316136069
0.3,27,0.2,-0.0713813420186902
0.3,27,0.25,-0.092851835556149
0.3,27,0.3,-0.1171153917098607
0.3,27,0.35,-0.1290979118263886
0.3,27,0.4,-0.1291316046684087
0.3,27,0.45,-0.1440317609408368
0.3,27,0.5,-0.1406470213420903
0.3,27,0.55,-0.1438958762642319
0.3,27,0.6,-0.1516838261767145
0.3,27,0.65,-0.1464270112504156
0.3,27,0.7,-0.1499201952921052
0.3,27,0.75,-0.1550933636708985
0.3,27,0.8,-0.1493772267290224
0.3,27,0.85,-0.1534025222522013
0.3,27,0.9,-0.152286417507848
0.3,27,0.95,-0.1529998013139827
0.3,27,1.0,-0.1554483305741126
0.3,28,0.1,-0.0207440414308967
0.3,28,0.15,-0.0459113646989256
0.3,28,0.2,-0.0828039532402911
0.3,28,0.25,-0.1034713124360374
0.3,28,0.3,-0.1214762947240949
0.3,28,0.35,-0.1250492598241158
0.3,28,0.4,-0.1439603276433043
0.3,28,0.45,-0.1463146250821738
0.3,28,0.5,-0.1493361249923727
0.3,28,0.55,-0.1513969399073308
0.3,28,0.6,-0.1488934164151512
0.3,28,0.65,-0.1493140838057282
0.3,28,0.7,-0.1496607961062632
0.3,28,0.75,-0.1467332184775539
0.3,28,0.8,-0.1532574614079536
0.3,28,0.85,-0.152082421835041
0.3,28,0.9,-0.1537652675944208
0.3,28,0.95,-0.1548329997443809
0.3,28,1.0,-0.1553803828448314
0.3,29,0.1,-0.0211127881548854
0.3,29,0.15,-0.0451811351388453
0.3,29,0.2,-0.0701356543756234
0.3,29,0.25,-0.0991826682343507
0.3,29,0.3,-0.1122351852050455
0.3,29,0.35,-0.1274701666883609
0.3,29,0.4,-0.1360404173858518
0.3,29,0.45,-0.1370409385881939
0.3,29,0.5,-0.142083155878182
0.3,29,0.55,-0.1442800413735085
0.3,29,0.6,-0.1447805630762341
0.3,29,0.65,-0.1471881161837044
0.3,29,0.7,-0.1508114714784073
0.3,29,0.75,-0.1465773690216999
0.3,29,0.8,-0.1501262332958916
0.3,29,0.85,-0.1476049649662818
0.3,29,0.9,-0.1545498635095313
0.3,29,0.95,-0.1570489723920659
0.3,29,1.0,-0.1511748925148619
0.3,30,0.1,-0.0200037438315587
0.3,30,0.15,-0.0505584504718155
0.3,30,0.2,-0.0704695868434092
0.3,30,0.25,-0.0961823913625607
0.3,30,0.3,-0.1225610892878733
0.3,30,0.35,-0.131959737503638
0.3,30,0.4,-0.1374245053002446
0.3,30,0.45,-0.138162840998203
0.3,30,0.5,-0.147941941294438
0.3,30,0.55,-0.1503683355097353
0.3,30,0.6,-0.1491316185021265
0.3,30,0.65,-0.14736408309115
0.3,30,0.7,-0.1475084848548987
0.3,30,0.75,-0.150108951091723
0.3,30,0.8,-0.150219901669746
0.3,30,0.85,-0.1495176083667139
0.3,30,0.9,-0.1547554191048595
0.3,30,0.95,-0.1510321990068151
0.3,30,1.0,-0.1556518831110959
0.3,31,0.1,-0.0181562773978009
0.3,31,0.15,-0.0399517973747052
0.3,31,0.2,-0.0751003245651564
0.3,31,0.25,-0.1004355407057524
0.3,31,0.3,-0.1181416264431629
0.3,31,0.35,-0.1291446300224525
0.3,31,0.4,-0.1333689465774172
0.3,31,0.45,-0.1361849821628721
0.3,31,0.5,-0.1417940179566095
0.3,31,0.55,-0.1416138298751212
0.3,31,0.6,-0.1419160790124242
0.3,31,0.65,-0.1405765651393587
0.3,31,0.7,-0.1451049529069186
0.3,31,0.75,-0.1481668218195595
0.3,31,0.8,-0.149857731869868
0.3,31,0.85,-0.1520208808327111
0.3,31,0.9,-0.1514155876769179
0.3,31,0.95,-0.1514855352526579
0.3,31,1.0,-0.1510013121282925
0.3,32,0.1,-0.0203452387635982
0.3,32,0.15,-0.0465015396038963
0.3,32,0.2,-0.0766992669566687
0.3,32,0.25,-0.1006437853122435
0.3,32,0.3,-0.1213353084966427
0.3,32,0.35,-0.1291263716603009
0.3,32,0.4,-0.1420120708577553
0.3,32,0.45,-0.1470859631560825
0.3,32,0.5,-0.1428804195273667
0.3,32,0.55,-0.1424680606374223
0.3,32,0.6,-0.1444500972382314
0.3,32,0.65,-0.1500002372919353
0.3,32,0.7,-0.1415169158419938
0.3,32,0.75,-0.1525277755214678
0.3,32,0.8,-0.1501726596147382
0.3,32,0.85,-0.1507464780848314
0.3,32,0.9,-0.1518244543893478
0.3,32,0.95,-0.1529908605913428
0.3,32,1.0,-0.1514657290303143
0.3,33,0.1,-0.0188081119944873
0.3,33,0.15,-0.0440715734883401
0.3,33,0.2,-0.0695217471132021
0.3,33,0.25,-0.0955460686394395
0.3,33,0.3,-0.1081364487357808
0.3,33,0.35,-0.1263788732706519
0.3,33,0.4,-0.1359741158900453
0.3,33,0.45,-0.1425581074292293
0.3,33,0.5,-0.141641877854356
0.3,33,0.55,-0.1457048605931826
0.3,33,0.6,-0.1466311972718859
0.3,33,0.65,-0.1491479538391658
0.3,33,0.7,-0.1500795814418219
0.3,33,0.75,-0.151052263865624
0.3,33,0.8,-0.1455939222975062
0.3,33,0.85,-0.1505596035511556
0.3,33,0.9,-0.1523756769653889
0.3,33,0.95,-0.14978096989194
0.3,33,1.0,-0.1520717703771861
0.3,34,0.1,-0.0197277796719725
0.3,34,0.15,-0.0391737841450741
0.3,34,0.2,-0.0792701318090496
0.3,34,0.25,-0.0929188508523205
0.3,34,0.3,-0.1231690794960574
0.3,34,0.35,-0.1289539548107617
0.3,34,0.4,-0.1356788065149875
0.3,34,0.45,-0.1379112979066034
0.3,34,0.5,-0.1430419346517825
0.3,34,0.55,-0.1434474452763278
0.3,34,0.6,-0.1465419278217224
0.3,34,0.65,-0.1458329470577121
0.3,34,0.7,-0.148996334627412
0.3,34,0.75,-0.1525049334316711
0.3,34,0.8,-0.1509218021798924
0.3,34,0.85,-0.1521444626998971
0.3,34,0.9,-0.1558174360298763
0.3,34,0.95,-0.1522347006307411
0.3,34,1.0,-0.1517637291338851
0.3,35,0.1,-0.0260362581768068
0.3,35,0.15,-0.0543991479512603
0.3,35,0.2,-0.0797586899418455
0.3,35,0.25,-0.1098659021913679
0.3,35,0.3,-0.1258044292976784
0.3,35,0.35,-0.1368116192093534
0.3,35,0.4,-0.1449426608682429
0.3,35,0.45,-0.1463789817078761
0.3,35,0.5,-0.1429570319076305
0.3,35,0.55,-0.1483911780126165
0.3,35,0.6,-0.1457445652120826
0.3,35,0.65,-0.1424796142025416
0.3,35,0.7,-0.1475837763665152
0.3,35,0.75,-0.1504862928499361
0.3,35,0.8,-0.1487939505694918
0.3,35,0.85,-0.1499082638185897
0.3,35,0.9,-0.1505255168827008
0.3,35,0.95,-0.150503784498375
0.3,35,1.0,-0.1511931603886505
0.3,36,0.1,-0.017138146539327
0.3,36,0.15,-0.0377582498736961
0.3,36,0.2,-0.0691071839442707
0.3,36,0.25,-0.0933983186177104
0.3,36,0.3,-0.1166339185301866
0.3,36,0.35,-0.1276936449236646
0.3,36,0.4,-0.1281616313671859
0.3,36,0.45,-0.1363288939789683
0.3,36,0.5,-0.1364307463810364
0.3,36,0.55,-0.1435474376303256
0.3,36,0.6,-0.1462823869447418
0.3,36,0.65,-0.1470150932729283
0.3,36,0.7,-0.1495559804124773
0.3,36,0.75,-0.1527419897349489
0.3,36,0.8,-0.1494839339852137
0.3,36,0.85,-0.1512696941819367
0.3,36,0.9,-0.1503578637318673
0.3,36,0.95,-0.151485695905281
0.3,36,1.0,-0.1528196956876688
0.3,37,0.1,-0.0195753804946604
0.3,37,0.15,-0.0469020097796385
0.3,37,0.2,-0.0814281892540649
0.3,37,0.25,-0.108451982403132
0.3,37,0.3,-0.122013371381664
0.3,37,0.35,-0.1357322014225939
0.3,37,0.4,-0.14820012067114
0.3,37,0.45,-0.1492602144855686
0.3,37,0.5,-0.146278017511882
0.3,37,0.55,-0.1465016227638579
0.3,37,0.6,-0.1505031009860462
0.3,37,0.65,-0.1468198684584797
0.3,37,0.7,-0.1512694399216949
0.3,37,0.75,-0.1536305073852023
0.3,37,0.8,-0.1527114832254129
0.3,37,0.85,-0.152405926889476
0.3,37,0.9,-0.1536924347237613
0.3,37,0.95,-0.1535920743715724
0.3,37,1.0,-0.1553323856296727
0.3,38,0.1,-0.026722493466008
0.3,38,0.15,-0.0524187075236957
0.3,38,0.2,-0.073390422767587
0.3,38,0.25,-0.1064008501578878
0.3,38,0.3,-0.1256650746028628
0.3,38,0.35,-0.1299536919333169
0.3,38,0.4,-0.1369908399769838
0.3,38,0.45,-0.140357515658744
0.3,38,0.5,-0.1408161816390058
0.3,38,0.55,-0.149919596046411
0.3,38,0.6,-0.1439114015195939
0.3,38,0.65,-0.1486631109375362
0.3,38,0.7,-0.147147993368726
0.3,38,0.75,-0.1506326452765569
0.3,38,0.8,-0.149756736636212
0.3,38,0.85,-0.1553763247365146
0.3,38,0.9,-0.1522500034532633
0.3,38,0.95,-0.157102370430292
0.3,38,1.0,-0.1545200107230859
0.3,39,0.1,-0.0223733941212514
0.3,39,0.15,-0.0445439549773177
0.3,39,0.2,-0.0651398670138291
0.3,39,0.25,-0.0906587601202934
0.3,39,0.3,-0.1121289874946307
0.3,39,0.35,-0.1281706954750129
0.3,39,0.4,-0.1305585066915677
0.3,39,0.45,-0.1418446083093182
0.3,39,0.5,-0.1455570606712557
0.3,39,0.55,-0.141504109822176
0.3,39,0.6,-0.1432851996476805
0.3,39,0.65,-0.1527813739436903
0.3,39,0.7,-0.146767311033004
0.3,39,0.75,-0.1508280741411965
0.3,39,0.8,-0.1535816554524555
0.3,39,0.85,-0.1514179410812396
0.3,39,0.9,-0.1538658384965187
0.3,39,0.95,-0.1516676888039295
0.3,39,1.0,-0.1562954804317155
0.3,40,0.1,-0.0196866858875277
0.3,40,0.15,-0.045253434131816
0.3,40,0.2,-0.0748664754698512
0.3,40,0.25,-0.0995208552024397
0.3,40,0.3,-0.1227713731391317
0.3,40,0.35,-0.1357039611606396
0.3,40,0.4,-0.1290400718374569
0.3,40,0.45,-0.1376839628335497
0.3,40,0.5,-0.1452152872340023
0.3,40,0.55,-0.1423296996858409
0.3,40,0.6,-0.1494367778942449
0.3,40,0.65,-0.1529452407738153
0.3,40,0.7,-0.1469740524677662
0.3,40,0.75,-0.1513858002037382
0.3,40,0.8,-0.1488916876123532
0.3,40,0.85,-0.1521176555012973
0.3,40,0.9,-0.1536268561133223
0.3,40,0.95,-0.1557391779011237
0.3,40,1.0,-0.1560739907129832
0.3,41,0.1,-0.0150414765126469
0.3,41,0.15,-0.0430860475165723
0.3,41,0.2,-0.0698145235877356
0.3,41,0.25,-0.1024506692006616
0.3,41,0.3,-0.1106616926024466
0.3,41,0.35,-0.1287161251693686
0.3,41,0.4,-0.1463554064573924
0.3,41,0.45,-0.1481253779664267
0.3,41,0.5,-0.1498100802911245
0.3,41,0.55,-0.1544068431153512
0.3,41,0.6,-0.148625989429399
0.3,41,0.65,-0.1532588852834568
0.3,41,0.7,-0.1484327223978944
0.3,41,0.75,-0.1489745393816118
0.3,41,0.8,-0.1507066856735509
0.3,41,0.85,-0.1528887375440309
0.3,41,0.9,-0.1535432556422024
0.3,41,0.95,-0.1506158320772673
0.3,41,1.0,-0.1546410750132921
0.3,42,0.1,-0.0226457067936533
0.3,42,0.15,-0.0507253993739174
0.3,42,0.2,-0.078382285709347
0.3,42,0.25,-0.1020185045806268
0.3,42,0.3,-0.1154386800718235
0.3,42,0.35,-0.1354903501770356
0.3,42,0.4,-0.1381952140348337
0.3,42,0.45,-0.1400200889429356
0.3,42,0.5,-0.1450351604827864
0.3,42,0.55,-0.1482117890718874
0.3,42,0.6,-0.1476138058650578
0.3,42,0.65,-0.1506666492661695
0.3,42,0.7,-0.1498953509756313
0.3,42,0.75,-0.149573306150114
0.3,42,0.8,-0.1525353830245862
0.3,42,0.85,-0.1483411356030145
0.3,42,0.9,-0.1545087804420994
0.3,42,0.95,-0.1568062429772947
0.3,42,1.0,-0.1536209364358911
0.3,43,0.1,-0.0187575377537998
0.3,43,0.15,-0.0451077376762771
0.3,43,0.2,-0.0685406217934226
0.3,43,0.25,-0.0944858485315466
0.3,43,0.3,-0.1214740673767058
0.3,43,0.35,-0.1372589198583486
0.3,43,0.4,-0.144657029584753
0.3,43,0.45,-0.1480125292527383
0.3,43,0.5,-0.1533702323525101
0.3,43,0.55,-0.1550407965727135
0.3,43,0.6,-0.1471098481380521
0.3,43,0.65,-0.1567201488408591
0.3,43,0.7,-0.1520876848860254
0.3,43,0.75,-0.1550578703320212
0.3,43,0.8,-0.1577894444454088
0.3,43,0.85,-0.1558093859184806
0.3,43,0.9,-0.1519876239901921
0.3,43,0.95,-0.1575557101033368
0.3,43,1.0,-0.1570584231522784
0.3,44,0.1,-0.0219097153030558
0.3,44,0.15,-0.0485933845312696
0.3,44,0.2,-0.0755746062820718
0.3,44,0.25,-0.1032122293513016
0.3,44,0.3,-0.1129533215468651
0.3,44,0.35,-0.1228264781745295
0.3,44,0.4,-0.1304102720817174
0.3,44,0.45,-0.1370633839783528
0.3,44,0.5,-0.1403956510824661
0.3,44,0.55,-0.1427193749520279
0.3,44,0.6,-0.1409005877087433
0.3,44,0.65,-0.1458460702524837
0.3,44,0.7,-0.1442173378924054
0.3,44,0.75,-0.1510651692369483
0.3,44,0.8,-0.1460907962955072
0.3,44,0.85,-0.1539199766374585
0.3,44,0.9,-0.1519877853743785
0.3,44,0.95,-0.1523260740272263
0.3,44,1.0,-0.1553416130844147
0.3,45,0.1,-0.0234106786649339
0.3,45,0.15,-0.055173051745227
0.3,45,0.2,-0.0979975601193872
0.3,45,0.25,-0.1203830311603787
0.3,45,0.3,-0.1279446250007753
0.3,45,0.35,-0.1379511521608227
0.3,45,0.4,-0.141710057533656
0.3,45,0.45,-0.1426672610536241
0.3,45,0.5,-0.1433477891121489
0.3,45,0.55,-0.1462442825542096
0.3,45,0.6,-0.1481425236012953
0.3,45,0.65,-0.1459751619083339
0.3,45,0.7,-0.1498636423001491
0.3,45,0.75,-0.1484124423366825
0.3,45,0.8,-0.1503953153808896
0.3,45,0.85,-0.1503706291910296
0.3,45,0.9,-0.1550980158417285
0.3,45,0.95,-0.154050050334711
0.3,45,1.0,-0.1517486545454154
0.3,46,0.1,-0.0214564280614039
0.3,46,0.15,-0.0514766333200028
0.3,46,0.2,-0.069007756493969
0.3,46,0.25,-0.1038652442866387
0.3,46,0.3,-0.1200610862012307
0.3,46,0.35,-0.1295882393085783
0.3,46,0.4,-0.1352054976068095
0.3,46,0.45,-0.1383287853537456
0.3,46,0.5,-0.1406076869748442
0.3,46,0.55,-0.1402315951531111
0.3,46,0.6,-0.1492633282417088
0.3,46,0.65,-0.1434512695845559
0.3,46,0.7,-0.1468551360942955
0.3,46,0.75,-0.1496255655558011
0.3,46,0.8,-0.1489845010497262
0.3,46,0.85,-0.1472119853981509
0.3,46,0.9,-0.1536189985030431
0.3,46,0.95,-0.1538905211920301
0.3,46,1.0,-0.1533469070741746
0.3,47,0.1,-0.0282556430984968
0.3,47,0.15,-0.0606560224602517
0.3,47,0.2,-0.086854811822259
0.3,47,0.25,-0.1132572199988816
0.3,47,0.3,-0.1311900543734714
0.3,47,0.35,-0.1382024729848798
0.3,47,0.4,-0.1454277570494583
0.3,47,0.45,-0.1431774343028259
0.3,47,0.5,-0.1457429497627353
0.3,47,0.55,-0.1480749319922448
0.3,47,0.6,-0.1484047086821882
0.3,47,0.65,-0.1473528175974642
0.3,47,0.7,-0.1516931237865852
0.3,47,0.75,-0.1538792912059995
0.3,47,0.8,-0.1496667025730838
0.3,47,0.85,-0.1553288556221781
0.3,47,0.9,-0.1526932479664073
0.3,47,0.95,-0.1534291825349057
0.3,47,1.0,-0.1557506910310847
0.3,48,0.1,-0.0222999937366523
0.3,48,0.15,-0.0466974341501997
0.3,48,0.2,-0.0760847828269562
0.3,48,0.25,-0.0950578532005402
0.3,48,0.3,-0.1211589249615552
0.3,48,0.35,-0.1330412098642681
0.3,48,0.4,-0.1387700005880941
0.3,48,0.45,-0.1411378729230258
0.3,48,0.5,-0.1406389556653655
0.3,48,0.55,-0.147170096764874
0.3,48,0.6,-0.1492325107982011
0.3,48,0.65,-0.1498652223226102
0.3,48,0.7,-0.1492354362527334
0.3,48,0.75,-0.1519373449029571
0.3,48,0.8,-0.1497977943955157
0.3,48,0.85,-0.1513242691611332
0.3,48,0.9,-0.1522453120195434
0.3,48,0.95,-0.1528339404446107
0.3,48,1.0,-0.156182229763389
0.3,49,0.1,-0.0238030823069157
0.3,49,0.15,-0.0448804038290571
0.3,49,0.2,-0.0731193182361197
0.3,49,0.25,-0.0959408882821634
0.3,49,0.3,-0.1178570467377706
0.3,49,0.35,-0.1229825140260325
0.3,49,0.4,-0.136245599506733
0.3,49,0.45,-0.1437045650362322
0.3,49,0.5,-0.1461032319613654
0.3,49,0.55,-0.1456971717341367
0.3,49,0.6,-0.1482121000255664
0.3,49,0.65,-0.1511123012231117
0.3,49,0.7,-0.1519375349832429
0.3,49,0.75,-0.152850718577783
0.3,49,0.8,-0.1485335971098523
0.3,49,0.85,-0.1570715995387482
0.3,49,0.9,-0.1552324504390282
0.3,49,0.95,-0.1517144296617921
0.3,49,1.0,-0.1494423022664947
0.3,50,0.1,-0.0214675292940995
0.3,50,0.15,-0.0568664670359986
0.3,50,0.2,-0.0812665838301847
0.3,50,0.25,-0.1137741256269271
0.3,50,0.3,-0.1230301326864748
0.3,50,0.35,-0.135852167578677
0.3,50,0.4,-0.140538375034799
0.3,50,0.45,-0.1415985432292779
0.3,50,0.5,-0.1416296012923828
0.3,50,0.55,-0.1459927016558879
0.3,50,0.6,-0.1467362527764099
0.3,50,0.65,-0.1411438978844697
0.3,50,0.7,-0.1480144574656134
0.3,50,0.75,-0.1523032799524586
0.3,50,0.8,-0.1536411928682213
0.3,50,0.85,-0.1514530821174913
0.3,50,0.9,-0.1487536405239611
0.3,50,0.95,-0.1515039410571709
0.3,50,1.0,-0.1550286804552676
0.3,51,0.1,-0.0222022354471713
0.3,51,0.15,-0.044793795758903
0.3,51,0.2,-0.0730459109824253
0.3,51,0.25,-0.0971585929589317
0.3,51,0.3,-0.1091802347151791
0.3,51,0.35,-0.1250495633281791
0.3,51,0.4,-0.1339888404895064
0.3,51,0.45,-0.142620558328663
0.3,51,0.5,-0.1405365712730768
0.3,51,0.55,-0.143473631247741
0.3,51,0.6,-0.1455041289489348
0.3,51,0.65,-0.1468867563175269
0.3,51,0.7,-0.1458945807528726
0.3,51,0.75,-0.1477336939459218
0.3,51,0.8,-0.1475970559443363
0.3,51,0.85,-0.1521002269177626
0.3,51,0.9,-0.1532875298252554
0.3,51,0.95,-0.1529947835939523
0.3,51,1.0,-0.1523760641149283
0.3,52,0.1,-0.0212614165061231
0.3,52,0.15,-0.0476953980944054
0.3,52,0.2,-0.0730451147301668
0.3,52,0.25,-0.1016599942376128
0.3,52,0.3,-0.1146510413594791
0.3,52,0.35,-0.1324409876419788
0.3,52,0.4,-0.1393885338881705
0.3,52,0.45,-0.1391890463310613
0.3,52,0.5,-0.1443666576284591
0.3,52,0.55,-0.1435444245334624
0.3,52,0.6,-0.141055639666578
0.3,52,0.65,-0.1466229400304863
0.3,52,0.7,-0.149526860623878
0.3,52,0.75,-0.1516415404608141
0.3,52,0.8,-0.1491338021768486
0.3,52,0.85,-0.1525633409135073
0.3,52,0.9,-0.1534257329119232
0.3,52,0.95,-0.1544716481322782
0.3,52,1.0,-0.1536307478694164
0.3,53,0.1,-0.021636925607553
0.3,53,0.15,-0.0451807761498175
0.3,53,0.2,-0.075717914565542
0.3,53,0.25,-0.099007636304422
0.3,53,0.3,-0.1175654604573571
0.3,53,0.35,-0.133019797243548
0.3,53,0.4,-0.135250308140699
0.3,53,0.45,-0.1368622217792081
0.3,53,0.5,-0.1462533729177801
0.3,53,0.55,-0.1436166177352169
0.3,53,0.6,-0.1507944909883327
0.3,53,0.65,-0.1447401437084106
0.3,53,0.7,-0.1512283823475338
0.3,53,0.75,-0.1530902079787993
0.3,53,0.8,-0.1512429527854021
0.3,53,0.85,-0.1504084984952134
0.3,53,0.9,-0.1482903798957075
0.3,53,0.95,-0.1550327506367872
0.3,53,1.0,-0.1545320728582029
0.3,54,0.1,-0.0248758973289827
0.3,54,0.15,-0.0526799807287361
0.3,54,0.2,-0.076361455694397
0.3,54,0.25,-0.0977617769915828
0.3,54,0.3,-0.1146594918101091
0.3,54,0.35,-0.122536650555518
0.3,54,0.4,-0.1291128483239503
0.3,54,0.45,-0.1344092396364549
0.3,54,0.5,-0.1437842649231309
0.3,54,0.55,-0.1432467381913371
0.3,54,0.6,-0.1425858518565492
0.3,54,0.65,-0.1434593940794254
0.3,54,0.7,-0.1489896285780957
0.3,54,0.75,-0.1501046211495333
0.3,54,0.8,-0.1482422812153326
0.3,54,0.85,-0.1526587153088902
0.3,54,0.9,-0.1545059643334799
0.3,54,0.95,-0.152036202734378
0.3,54,1.0,-0.153947841412356
0.3,55,0.1,-0.0266414084539478
0.3,55,0.15,-0.0537398719966699
0.3,55,0.2,-0.0854744095472445
0.3,55,0.25,-0.1112294889851585
0.3,55,0.3,-0.1440590973098302
0.3,55,0.35,-0.1337491054538614
0.3,55,0.4,-0.1407878904507142
0.3,55,0.45,-0.1457873226874159
0.3,55,0.5,-0.1485726294925318
0.3,55,0.55,-0.142621242435212
0.3,55,0.6,-0.1478100141018396
0.3,55,0.65,-0.1481315314544424
0.3,55,0.7,-0.1528170191689117
0.3,55,0.75,-0.1473851458743918
0.3,55,0.8,-0.1513898364379413
0.3,55,0.85,-0.1534392773285368
0.3,55,0.9,-0.1529533206437217
0.3,55,0.95,-0.1537099247540405
0.3,55,1.0,-0.1525599542404022
0.3,56,0.1,-0.0228474609319267
0.3,56,0.15,-0.0541437638033905
0.3,56,0.2,-0.0821813532610745
0.3,56,0.25,-0.107019385123622
0.3,56,0.3,-0.135466103467693
0.3,56,0.35,-0.1390322779643584
0.3,56,0.4,-0.1450711756494649
0.3,56,0.45,-0.1460906741415922
0.3,56,0.5,-0.1392924170044823
0.3,56,0.55,-0.1419148721400752
0.3,56,0.6,-0.1464485614728
0.3,56,0.65,-0.1498580954609149
0.3,56,0.7,-0.1508488429654629
0.3,56,0.75,-0.1508335756956212
0.3,56,0.8,-0.1489651163388268
0.3,56,0.85,-0.1498724157570581
0.3,56,0.9,-0.1493302010721864
0.3,56,0.95,-0.1492971281780532
0.3,56,1.0,-0.1516092944002477
0.3,57,0.1,-0.0130516067254778
0.3,57,0.15,-0.0378340425285211
0.3,57,0.2,-0.0570599524660706
0.3,57,0.25,-0.0883727095199942
0.3,57,0.3,-0.1071549474074105
0.3,57,0.35,-0.1281294768667797
0.3,57,0.4,-0.1261199372136418
0.3,57,0.45,-0.1408940138204224
0.3,57,0.5,-0.1421562268748393
0.3,57,0.55,-0.139774853595811
0.3,57,0.6,-0.1451419167454495
0.3,57,0.65,-0.1511161205364191
0.3,57,0.7,-0.1505433208456491
0.3,57,0.75,-0.1458644872516398
0.3,57,0.8,-0.1471575740062702
0.3,57,0.85,-0.155389990541258
0.3,57,0.9,-0.1474124947179739
0.3,57,0.95,-0.1527882705903114
0.3,57,1.0,-0.1546803008255582
0.3,58,0.1,-0.0186360998110199
0.3,58,0.15,-0.0427205686648003
0.3,58,0.2,-0.0788080963305651
0.3,58,0.25,-0.1052033631917202
0.3,58,0.3,-0.1186917233907001
0.3,58,0.35,-0.1316198213164652
0.3,58,0.4,-0.1384753688997234
0.3,58,0.45,-0.144610550147229
0.3,58,0.5,-0.1411468254931189
0.3,58,0.55,-0.1468565562029936
0.3,58,0.6,-0.1474090723203858
0.3,58,0.65,-0.1445304694477997
0.3,58,0.7,-0.1514352472045179
0.3,58,0.75,-0.148523053779168
0.3,58,0.8,-0.154202417783024
0.3,58,0.85,-0.1480142253688582
0.3,58,0.9,-0.1527780195560499
0.3,58,0.95,-0.153348590943459
0.3,58,1.0,-0.1543955032778262
0.3,59,0.1,-0.0220986714496408
0.3,59,0.15,-0.0492317238714987
0.3,59,0.2,-0.0762921006599766
0.3,59,0.25,-0.1001811034023219
0.3,59,0.3,-0.1085054773697388
0.3,59,0.35,-0.1299943272168589
0.3,59,0.4,-0.1396595641886346
0.3,59,0.45,-0.1392301769821761
0.3,59,0.5,-0.1420640435775378
0.3,59,0.55,-0.1508111646708098
0.3,59,0.6,-0.1555468873549037
0.3,59,0.65,-0.1500673590295624
0.3,59,0.7,-0.150361432111815
0.3,59,0.75,-0.1495246061689961
0.3,59,0.8,-0.1539648068336388
0.3,59,0.85,-0.1503863593793184
0.3,59,0.9,-0.1528954082511447
0.3,59,0.95,-0.1561716718923927
0.3,59,1.0,-0.1549272267438354
0.3,60,0.1,-0.026323870504344
0.3,60,0.15,-0.0491677472773572
0.3,60,0.2,-0.091289398004266
0.3,60,0.25,-0.1055521777163369
0.3,60,0.3,-0.1303756189168351
0.3,60,0.35,-0.1339150911230313
0.3,60,0.4,-0.1429557871914379
0.3,60,0.45,-0.1447503435821889
0.3,60,0.5,-0.1475562838510218
0.3,60,0.55,-0.1440306548251335
0.3,60,0.6,-0.1443713158289856
0.3,60,0.65,-0.1477665829969746
0.3,60,0.7,-0.1460744990562958
0.3,60,0.75,-0.152012479223003
0.3,60,0.8,-0.1483840297640995
0.3,60,0.85,-0.1468553043750702
0.3,60,0.9,-0.1520214639649737
0.3,60,0.95,-0.1548472648750233
0.3,60,1.0,-0.1526938232601744
0.3,61,0.1,-0.0217982543834698
0.3,61,0.15,-0.0465862298341529
0.3,61,0.2,-0.0750371040434873
0.3,61,0.25,-0.1005806871473523
0.3,61,0.3,-0.1202070088269501
0.3,61,0.35,-0.1242491171133055
0.3,61,0.4,-0.1399258489884228
0.3,61,0.45,-0.139082189385142
0.3,61,0.5,-0.1465022719451837
0.3,61,0.55,-0.1450606681780809
0.3,61,0.6,-0.1477020869206841
0.3,61,0.65,-0.1453819615212148
0.3,61,0.7,-0.1515106889907537
0.3,61,0.75,-0.1471950840063973
0.3,61,0.8,-0.1527566266094669
0.3,61,0.85,-0.1480120880848632
0.3,61,0.9,-0.1503807929067403
0.3,61,0.95,-0.1551490101010242
0.3,61,1.0,-0.154483985805806
0.3,62,0.1,-0.0236962123092029
0.3,62,0.15,-0.0463450610835041
0.3,62,0.2,-0.0786768151883871
0.3,62,0.25,-0.1048802599651298
0.3,62,0.3,-0.1300891592073079
0.3,62,0.35,-0.1323737779413156
0.3,62,0.4,-0.1420206133166464
0.3,62,0.45,-0.1433472590701691
0.3,62,0.5,-0.1462477871500183
0.3,62,0.55,-0.1489914642128512
0.3,62,0.6,-0.1487035630767026
0.3,62,0.65,-0.1501253649425887
0.3,62,0.7,-0.1447534948992672
0.3,62,0.75,-0.1509101754415683
0.3,62,0.8,-0.1505168943147473
0.3,62,0.85,-0.1556382244131871
0.3,62,0.9,-0.1523022301076317
0.3,62,0.95,-0.152657822915268
0.3,62,1.0,-0.1509183458413857
0.3,63,0.1,-0.0192200958731683
0.3,63,0.15,-0.0420070643881401
0.3,63,0.2,-0.0672832349192106
0.3,63,0.25,-0.0903913500927306
0.3,63,0.3,-0.1102174740947889
0.3,63,0.35,-0.1230964793171594
0.3,63,0.4,-0.1310651404601322
0.3,63,0.45,-0.1418600457757905
0.3,63,0.5,-0.1418163933310742
0.3,63,0.55,-0.1427422284224824
0.3,63,0.6,-0.1444882487847641
0.3,63,0.65,-0.147054471757028
0.3,63,0.7,-0.1478837787687016
0.3,63,0.75,-0.1469910874616513
0.3,63,0.8,-0.1512707402436377
0.3,63,0.85,-0.1520298464490015
0.3,63,0.9,-0.1519802362598218
0.3,63,0.95,-0.1508816617501782
0.3,63,1.0,-0.1520585043952021
0.3,64,0.1,-0.0211554364825294
0.3,64,0.15,-0.0462445613641659
0.3,64,0.2,-0.0746943324078139
0.3,64,0.25,-0.0903000213241141
0.3,64,0.3,-0.1110445567157054
0.3,64,0.35,-0.1254371720486549
0.3,64,0.4,-0.1342848129508523
0.3,64,0.45,-0.1397085673139973
0.3,64,0.5,-0.1404078680880484
0.3,64,0.55,-0.1458141569590207
0.3,64,0.6,-0.1461391586903806
0.3,64,0.65,-0.1499722336714933
0.3,64,0.7,-0.1481901318889416
0.3,64,0.75,-0.1507845294028186
0.3,64,0.8,-0.1488347439029643
0.3,64,0.85,-0.15102158776561
0.3,64,0.9,-0.152143644579433
0.3,64,0.95,-0.153442054387846
0.3,64,1.0,-0.1546731016358081
0.3,65,0.1,-0.022320453703267
0.3,65,0.15,-0.0511082658765403
0.3,65,0.2,-0.0770339271669679
0.3,65,0.25,-0.1121250152417313
0.3,65,0.3,-0.1206160116315542
0.3,65,0.35,-0.1371314645941807
0.3,65,0.4,-0.1338078944799428
0.3,65,0.45,-0.138708947320256
0.3,65,0.5,-0.1439914717471082
0.3,65,0.55,-0.1443759782165492
0.3,65,0.6,-0.1493732767762648
0.3,65,0.65,-0.1471444962492972
0.3,65,0.7,-0.1440044095502617
0.3,65,0.75,-0.1481966169236786
0.3,65,0.8,-0.1515197564638188
0.3,65,0.85,-0.1475588211146074
0.3,65,0.9,-0.1514224700640918
0.3,65,0.95,-0.1509080422985264
0.3,65,1.0,-0.1535489831852358
0.3,66,0.1,-0.020647396212893
0.3,66,0.15,-0.0386117474336605
0.3,66,0.2,-0.0688418106163557
0.3,66,0.25,-0.1006446257898023
0.3,66,0.3,-0.1214737332890394
0.3,66,0.35,-0.1341509018277696
0.3,66,0.4,-0.1399239828199313
0.3,66,0.45,-0.1337623617235156
0.3,66,0.5,-0.1389925359504864
0.3,66,0.55,-0.1413589366858174
0.3,66,0.6,-0.1478024227016331
0.3,66,0.65,-0.1449116636438789
0.3,66,0.7,-0.1463571226116904
0.3,66,0.75,-0.1478217816160922
0.3,66,0.8,-0.1433263893869626
0.3,66,0.85,-0.1542541399375983
0.3,66,0.9,-0.1553038540128714
0.3,66,0.95,-0.1535945513804854
0.3,66,1.0,-0.155650074865189
0.3,67,0.1,-0.0208628906944106
0.3,67,0.15,-0.0487212105411448
0.3,67,0.2,-0.0796697362442321
0.3,67,0.25,-0.0990410272636686
0.3,67,0.3,-0.121086887295987
0.3,67,0.35,-0.1347020430179137
0.3,67,0.4,-0.1490943539909948
0.3,67,0.45,-0.1496719068129935
0.3,67,0.5,-0.1458561049791641
0.3,67,0.55,-0.1419019819276905
0.3,67,0.6,-0.1438453178876503
0.3,67,0.65,-0.1514466892373261
0.3,67,0.7,-0.1494601456571584
0.3,67,0.75,-0.1493212965908146
0.3,67,0.8,-0.1508630900229005
0.3,67,0.85,-0.1541765104405447
0.3,67,0.9,-0.1522566069671795
0.3,67,0.95,-0.1527014360022919
0.3,67,1.0,-0.1527570759347759
0.3,68,0.1,-0.0216509577785644
0.3,68,0.15,-0.0513957753297643
0.3,68,0.2,-0.0789876367329876
0.3,68,0.25,-0.1031000566563765
0.3,68,0.3,-0.1261914268961121
0.3,68,0.35,-0.1341154246174134
0.3,68,0.4,-0.1422890120703751
0.3,68,0.45,-0.1427128022654239
0.3,68,0.5,-0.1480684487243526
0.3,68,0.55,-0.1498680242741357
0.3,68,0.6,-0.1505610627274721
0.3,68,0.65,-0.1529781304421339
0.3,68,0.7,-0.1512040149498172
0.3,68,0.75,-0.1472806495913979
0.3,68,0.8,-0.1533803271182121
0.3,68,0.85,-0.1503643013905831
0.3,68,0.9,-0.1508361694341263
0.3,68,0.95,-0.1554775796014676
0.3,68,1.0,-0.1531713570801807
0.3,69,0.1,-0.0234542925163614
0.3,69,0.15,-0.0486602990282752
0.3,69,0.2,-0.0775868651172084
0.3,69,0.25,-0.1019571566506617
0.3,69,0.3,-0.115225115829387
0.3,69,0.35,-0.1258953213886963
0.3,69,0.4,-0.1303929464037532
0.3,69,0.45,-0.1420941788983161
0.3,69,0.5,-0.1395635871644694
0.3,69,0.55,-0.1425201228640646
0.3,69,0.6,-0.1426963000131723
0.3,69,0.65,-0.147720699643001
0.3,69,0.7,-0.1456159157686619
0.3,69,0.75,-0.1479568174534459
0.3,69,0.8,-0.1528067629005034
0.3,69,0.85,-0.1519938183710389
0.3,69,0.9,-0.1520655523202778
0.3,69,0.95,-0.1544119061276132
0.3,69,1.0,-0.1519790753169264
0.3,70,0.1,-0.020698811777721
0.3,70,0.15,-0.0489742447579149
0.3,70,0.2,-0.0778301566554232
0.3,70,0.25,-0.1027669258696225
0.3,70,0.3,-0.1207117201950952
0.3,70,0.35,-0.1406711471110873
0.3,70,0.4,-0.1410707460509952
0.3,70,0.45,-0.1462091182427768
0.3,70,0.5,-0.1474745210227544
0.3,70,0.55,-0.1451404679515487
0.3,70,0.6,-0.1466212755653205
0.3,70,0.65,-0.1455781805582384
0.3,70,0.7,-0.1497330740531476
0.3,70,0.75,-0.1519741352261828
0.3,70,0.8,-0.1538600661687661
0.3,70,0.85,-0.1511045723793083
0.3,70,0.9,-0.1508119872519838
0.3,70,0.95,-0.1543581498600376
0.3,70,1.0,-0.1545413520198113
0.3,71,0.1,-0.0215862537084497
0.3,71,0.15,-0.0448855720703767
0.3,71,0.2,-0.0731141969108934
0.3,71,0.25,-0.0915328753179576
0.3,71,0.3,-0.1102625259683872
0.3,71,0.35,-0.1237755598978464
0.3,71,0.4,-0.1273287068831431
0.3,71,0.45,-0.1332923278465928
0.3,71,0.5,-0.1405379732332658
0.3,71,0.55,-0.1399995285646992
0.3,71,0.6,-0.1412456627263808
0.3,71,0.65,-0.1455176862977592
0.3,71,0.7,-0.1416849784335923
0.3,71,0.75,-0.1442807692823141
0.3,71,0.8,-0.1481478511462764
0.3,71,0.85,-0.1492864279777951
0.3,71,0.9,-0.1517098444985206
0.3,71,0.95,-0.152023379680483
0.3,71,1.0,-0.1547191528169467
0.3,72,0.1,-0.0219387748667821
0.3,72,0.15,-0.0507199463517767
0.3,72,0.2,-0.0773368890488514
0.3,72,0.25,-0.1055406240747841
0.3,72,0.3,-0.1170235658163465
0.3,72,0.35,-0.1259535781455653
0.3,72,0.4,-0.1345425391198567
0.3,72,0.45,-0.1413382553846515
0.3,72,0.5,-0.1405877743596961
0.3,72,0.55,-0.1413540997079305
0.3,72,0.6,-0.1468343931302181
0.3,72,0.65,-0.1480374318253116
0.3,72,0.7,-0.146428973632768
0.3,72,0.75,-0.1475252107199045
0.3,72,0.8,-0.148517117552245
0.3,72,0.85,-0.1529742741750915
0.3,72,0.9,-0.15549333944601
0.3,72,0.95,-0.1519405834259644
0.3,72,1.0,-0.154149965725222
0.3,73,0.1,-0.0211602229145808
0.3,73,0.15,-0.0449882508506868
0.3,73,0.2,-0.0794558716892492
0.3,73,0.25,-0.0993529395921962
0.3,73,0.3,-0.1163195425282455
0.3,73,0.35,-0.1272450325911206
0.3,73,0.4,-0.1389697890915801
0.3,73,0.45,-0.1424976426158228
0.3,73,0.5,-0.1432321487688366
0.3,73,0.55,-0.143950181678786
0.3,73,0.6,-0.1450244562885709
0.3,73,0.65,-0.144100670921438
0.3,73,0.7,-0.1499695803249237
0.3,73,0.75,-0.1516046839451248
0.3,73,0.8,-0.1529931810726344
0.3,73,0.85,-0.1492149246844817
0.3,73,0.9,-0.1527668324217204
0.3,73,0.95,-0.1546792916325991
0.3,73,1.0,-0.1543527472260269
0.3,74,0.1,-0.0227895346959761
0.3,74,0.15,-0.0489628589911059
0.3,74,0.2,-0.071115362789499
0.3,74,0.25,-0.1060702689095833
0.3,74,0.3,-0.1149616433340944
0.3,74,0.35,-0.1290192577093532
0.3,74,0.4,-0.126677419948114
0.3,74,0.45,-0.140611037896509
0.3,74,0.5,-0.1459577832506671
0.3,74,0.55,-0.1493418477991103
0.3,74,0.6,-0.1465211092271454
0.3,74,0.65,-0.1507637224438633
0.3,74,0.7,-0.1475203868133611
0.3,74,0.75,-0.1532416928318676
0.3,74,0.8,-0.1555934658519034
0.3,74,0.85,-0.1534155484442962
0.3,74,0.9,-0.1511302234424367
0.3,74,0.95,-0.1550988887203893
0.3,74,1.0,-0.1545452734612044
0.3,75,0.1,-0.025759110880202
0.3,75,0.15,-0.0464571671853796
0.3,75,0.2,-0.085057964469946
0.3,75,0.25,-0.1103914314288736
0.3,75,0.3,-0.1318080862411422
0.3,75,0.35,-0.1384812293810196
0.3,75,0.4,-0.1380430741236107
0.3,75,0.45,-0.1425594489052936
0.3,75,0.5,-0.1414639090808649
0.3,75,0.55,-0.1483388217491006
0.3,75,0.6,-0.147170990759912
0.3,75,0.65,-0.1495682566065416
0.3,75,0.7,-0.1516806621907054
0.3,75,0.75,-0.1524384666249149
0.3,75,0.8,-0.1530489326848687
0.3,75,0.85,-0.1504765223421014
0.3,75,0.9,-0.148679419931477
0.3,75,0.95,-0.1506654491284622
0.3,75,1.0,-0.1551152642210397
0.3,76,0.1,-0.0202942731677236
0.3,76,0.15,-0.0470586687983506
0.3,76,0.2,-0.0771133782436404
0.3,76,0.25,-0.1055002042453708
0.3,76,0.3,-0.115375654677355
0.3,76,0.35,-0.124810369127856
0.3,76,0.4,-0.1312924233838502
0.3,76,0.45,-0.1434788780226031
0.3,76,0.5,-0.1338392225658689
0.3,76,0.55,-0.1412648662305823
0.3,76,0.6,-0.1468390498052448
0.3,76,0.65,-0.1456143432670814
0.3,76,0.7,-0.1461420295351177
0.3,76,0.75,-0.1471272175812171
0.3,76,0.8,-0.1510876602412258
0.3,76,0.85,-0.1517918377153859
0.3,76,0.9,-0.1493229489591651
0.3,76,0.95,-0.1538606645431335
0.3,76,1.0,-0.1525410964560004
0.3,77,0.1,-0.0197901601339105
0.3,77,0.15,-0.0464905397045165
0.3,77,0.2,-0.0741030129076621
0.3,77,0.25,-0.1029899794679209
0.3,77,0.3,-0.1282142893964293
0.3,77,0.35,-0.1463429567135337
0.3,77,0.4,-0.1425222962523374
0.3,77,0.45,-0.145638311216945
0.3,77,0.5,-0.1466415643914608
0.3,77,0.55,-0.1511058175171668
0.3,77,0.6,-0.1501512314881667
0.3,77,0.65,-0.1499260631984493
0.3,77,0.7,-0.1525926558573658
0.3,77,0.75,-0.1531054433542035
0.3,77,0.8,-0.1512831388215284
0.3,77,0.85,-0.1526468858288024
0.3,77,0.9,-0.1538577962849292
0.3,77,0.95,-0.1529475372158922
0.3,77,1.0,-0.1547217066884832
0.3,78,0.1,-0.0260545172721273
0.3,78,0.15,-0.0496332009180727
0.3,78,0.2,-0.0728843867946528
0.3,78,0.25,-0.0932334421424834
0.3,78,0.3,-0.1121813863665233
0.3,78,0.35,-0.1230443045318757
0.3,78,0.4,-0.1323355216310219
0.3,78,0.45,-0.13375575614572
0.3,78,0.5,-0.1423706820844118
0.3,78,0.55,-0.1389344561025907
0.3,78,0.6,-0.1433784362645866
0.3,78,0.65,-0.1453956885852267
0.3,78,0.7,-0.1427866662118423
0.3,78,0.75,-0.1492995330068018
0.3,78,0.8,-0.1533226169193441
0.3,78,0.85,-0.1492672577578995
0.3,78,0.9,-0.1497257841625611
0.3,78,0.95,-0.1542820806386109
0.3,78,1.0,-0.1499928944438976
0.3,79,0.1,-0.0199434630678412
0.3,79,0.15,-0.0438762444200667
0.3,79,0.2,-0.0750622859063948
0.3,79,0.25,-0.103697312333443
0.3,79,0.3,-0.1188762503592084
0.3,79,0.35,-0.131385517804328
0.3,79,0.4,-0.1408266791129933
0.3,79,0.45,-0.143470573075874
0.3,79,0.5,-0.1432022271038681
0.3,79,0.55,-0.1443437281215659
0.3,79,0.6,-0.1466266389748554
0.3,79,0.65,-0.1453885115974318
0.3,79,0.7,-0.1482284243568341
0.3,79,0.75,-0.1497691414758209
0.3,79,0.8,-0.1553517218110578
0.3,79,0.85,-0.1548392860478157
0.3,79,0.9,-0.1512976344269326
0.3,79,0.95,-0.1543904562170351
0.3,79,1.0,-0.157379462566439
0.3,80,0.1,-0.0239913918779557
0.3,80,0.15,-0.0515967052421835
0.3,80,0.2,-0.088467659123594
0.3,80,0.25,-0.1118397318103175
0.3,80,0.3,-0.1231466765653289
0.3,80,0.35,-0.1502505246719777
0.3,80,0.4,-0.1400881113746776
0.3,80,0.45,-0.1406750322261931
0.3,80,0.5,-0.1396678031406347
0.3,80,0.55,-0.1425637327479282
0.3,80,0.6,-0.1482584236697372
0.3,80,0.65,-0.1496410476982562
0.3,80,0.7,-0.1500010582716111
0.3,80,0.75,-0.1471003438368482
0.3,80,0.8,-0.1484438422302329
0.3,80,0.85,-0.1532214375387726
0.3,80,0.9,-0.1554189273919977
0.3,80,0.95,-0.1487897573524772
0.3,80,1.0,-0.1528939029873399
0.3,81,0.1,-0.0235363741977468
0.3,81,0.15,-0.0511892858983255
0.3,81,0.2,-0.0879240494519358
0.3,81,0.25,-0.117417527585975
0.3,81,0.3,-0.1259822086052986
0.3,81,0.35,-0.1333232962410643
0.3,81,0.4,-0.1473166224153372
0.3,81,0.45,-0.1513413600270954
0.3,81,0.5,-0.1463783057006001
0.3,81,0.55,-0.1469642239558596
0.3,81,0.6,-0.1491540625371442
0.3,81,0.65,-0.1470787625129815
0.3,81,0.7,-0.150785114419655
0.3,81,0.75,-0.1503960765963777
0.3,81,0.8,-0.1499981127123875
0.3,81,0.85,-0.15009093769068
0.3,81,0.9,-0.1553612875118157
0.3,81,0.95,-0.1550212986797745
0.3,81,1.0,-0.1583788142340329
0.3,82,0.1,-0.021976901010616
0.3,82,0.15,-0.0459084329104007
0.3,82,0.2,-0.0750308119748236
0.3,82,0.25,-0.1075498746356528
0.3,82,0.3,-0.1212133933323668
0.3,82,0.35,-0.131260782331666
0.3,82,0.4,-0.1362862405522519
0.3,82,0.45,-0.1362702553948621
0.3,82,0.5,-0.1422722047834188
0.3,82,0.55,-0.1397124623851823
0.3,82,0.6,-0.1461543733176866
0.3,82,0.65,-0.1476984013717614
0.3,82,0.7,-0.1478157255578717
0.3,82,0.75,-0.1505243342722779
0.3,82,0.8,-0.1522871757865602
0.3,82,0.85,-0.1540804091952482
0.3,82,0.9,-0.1512870312148925
0.3,82,0.95,-0.1514207940246381
0.3,82,1.0,-0.1549666264510554
0.3,83,0.1,-0.0202728632176836
0.3,83,0.15,-0.0444546060511387
0.3,83,0.2,-0.0673755713544993
0.3,83,0.25,-0.0909723757453473
0.3,83,0.3,-0.1128930317393003
0.3,83,0.35,-0.1295029111593901
0.3,83,0.4,-0.1325629075140321
0.3,83,0.45,-0.1371780228849447
0.3,83,0.5,-0.1364860390339248
0.3,83,0.55,-0.1452793434367222
0.3,83,0.6,-0.1457069990915691
0.3,83,0.65,-0.1469157197802601
0.3,83,0.7,-0.1423070364027078
0.3,83,0.75,-0.1476070216505657
0.3,83,0.8,-0.1512460640610683
0.3,83,0.85,-0.1479787108369904
0.3,83,0.9,-0.1527585014796847
0.3,83,0.95,-0.1528438215602146
0.3,83,1.0,-0.1521698173739736
0.3,84,0.1,-0.0233030475671633
0.3,84,0.15,-0.049902302892274
0.3,84,0.2,-0.0775813466264742
0.3,84,0.25,-0.0999316929673622
0.3,84,0.3,-0.1182130656701572
0.3,84,0.35,-0.1260665733222721
0.3,84,0.4,-0.1350112702446969
0.3,84,0.45,-0.1399397963811279
0.3,84,0.5,-0.1419420508051755
0.3,84,0.55,-0.1437290194698314
0.3,84,0.6,-0.1473231969244424
0.3,84,0.65,-0.1484680241311563
0.3,84,0.7,-0.1522481901653209
0.3,84,0.75,-0.1511954913847635
0.3,84,0.8,-0.1489563684909867
0.3,84,0.85,-0.1506806483493561
0.3,84,0.9,-0.1491431187359684
0.3,84,0.95,-0.1509892347188001
0.3,84,1.0,-0.1511843365687221
0.3,85,0.1,-0.0215068918260698
0.3,85,0.15,-0.042587439155986
0.3,85,0.2,-0.0759906006477684
0.3,85,0.25,-0.0995234391613041
0.3,85,0.3,-0.1152385397494106
0.3,85,0.35,-0.1311301241457404
0.3,85,0.4,-0.1354788693381481
0.3,85,0.45,-0.144717049900106
0.3,85,0.5,-0.1454060754760594
0.3,85,0.55,-0.1491621455516121
0.3,85,0.6,-0.1451119695658303
0.3,85,0.65,-0.150450843071397
0.3,85,0.7,-0.1485614524664687
0.3,85,0.75,-0.150154377161645
0.3,85,0.8,-0.150655337347806
0.3,85,0.85,-0.1511139060061302
0.3,85,0.9,-0.1555100074476658
0.3,85,0.95,-0.1536216342056523
0.3,85,1.0,-0.1552796439435925
0.3,86,0.1,-0.0215590253025852
0.3,86,0.15,-0.0526506230035339
0.3,86,0.2,-0.0832058186912711
0.3,86,0.25,-0.1030957163701369
0.3,86,0.3,-0.1207414874610547
0.3,86,0.35,-0.1334726475624914
0.3,86,0.4,-0.1311490931045887
0.3,86,0.45,-0.1365330702173743
0.3,86,0.5,-0.1404750742117158
0.3,86,0.55,-0.1408257360189507
0.3,86,0.6,-0.1451113009122564
0.3,86,0.65,-0.1453439674387807
0.3,86,0.7,-0.1468777101532909
0.3,86,0.75,-0.1490512155011344
0.3,86,0.8,-0.1478197443954786
0.3,86,0.85,-0.151048988496078
0.3,86,0.9,-0.1523233613859804
0.3,86,0.95,-0.1535080293108094
0.3,86,1.0,-0.1528668233064272
0.3,87,0.1,-0.0211641756065766
0.3,87,0.15,-0.0465457498838646
0.3,87,0.2,-0.0729909905492832
0.3,87,0.25,-0.0986420035184894
0.3,87,0.3,-0.1137574901752739
0.3,87,0.35,-0.1279111571442504
0.3,87,0.4,-0.1268397451193163
0.3,87,0.45,-0.1302616639105943
0.3,87,0.5,-0.1409423058344657
0.3,87,0.55,-0.1437579428342132
0.3,87,0.6,-0.1422113044827445
0.3,87,0.65,-0.1462497552332789
0.3,87,0.7,-0.1453252652143518
0.3,87,0.75,-0.1468349010213304
0.3,87,0.8,-0.1500220258421572
0.3,87,0.85,-0.1472942546141666
0.3,87,0.9,-0.15441094268851
0.3,87,0.95,-0.1541359231100394
0.3,87,1.0,-0.1501028638445921
0.3,88,0.1,-0.016202179105211
0.3,88,0.15,-0.0396655135320872
0.3,88,0.2,-0.0658321869323881
0.3,88,0.25,-0.0935787730511286
0.3,88,0.3,-0.1098964700438414
0.3,88,0.35,-0.1184248404464433
0.3,88,0.4,-0.1310039754528711
0.3,88,0.45,-0.1443744899019299
0.3,88,0.5,-0.1468879057377767
0.3,88,0.55,-0.1458142483723772
0.3,88,0.6,-0.1514346599239531
0.3,88,0.65,-0.1520469932429091
0.3,88,0.7,-0.154568113337119
0.3,88,0.75,-0.1479916181111616
0.3,88,0.8,-0.1546022646056278
0.3,88,0.85,-0.1531192335241155
0.3,88,0.9,-0.1533734445970277
0.3,88,0.95,-0.1550336801332673
0.3,88,1.0,-0.1528432966599084
0.3,89,0.1,-0.0232952578896481
0.3,89,0.15,-0.0478419502427981
0.3,89,0.2,-0.0744582967401275
0.3,89,0.25,-0.0950225740330897
0.3,89,0.3,-0.110817247763631
0.3,89,0.35,-0.1252502770069463
0.3,89,0.4,-0.1247123630470005
0.3,89,0.45,-0.139842175496956
0.3,89,0.5,-0.135539129019091
0.3,89,0.55,-0.1487664781974015
0.3,89,0.6,-0.147143035326233
0.3,89,0.65,-0.1479182346886492
0.3,89,0.7,-0.1471929474941336
0.3,89,0.75,-0.1501743246653223
0.3,89,0.8,-0.1501041181739374
0.3,89,0.85,-0.1524534533417417
0.3,89,0.9,-0.1561258851288622
0.3,89,0.95,-0.1556419174935349
0.3,89,1.0,-0.1561785369804594
0.35,0,0.1,-0.0250290657560181
0.35,0,0.15,-0.053497700620024
0.35,0,0.2,-0.0838803692634023
0.35,0,0.25,-0.1175613935245623
0.35,0,0.3,-0.1386599240057557
0.35,0,0.35,-0.1378403391583155
0.35,0,0.4,-0.1530921056076163
0.35,0,0.45,-0.1520871044405601
0.35,0,0.5,-0.1486428321112567
0.35,0,0.55,-0.153460864931914
0.35,0,0.6,-0.1505024671670036
0.35,0,0.65,-0.1493766270568563
0.35,0,0.7,-0.1510497203837728
0.35,0,0.75,-0.1499051978983718
0.35,0,0.8,-0.1537033877733758
0.35,0,0.85,-0.1560517970390934
0.35,0,0.9,-0.1581304487733003
0.35,0,0.95,-0.1513592280464349
0.35,0,1.0,-0.1545402146063756
0.35,1,0.1,-0.024205555344243
0.35,1,0.15,-0.0561199631188311
0.35,1,0.2,-0.0883424264443177
0.35,1,0.25,-0.1212722655213292
0.35,1,0.3,-0.1385808398792045
0.35,1,0.35,-0.1522908865839564
0.35,1,0.4,-0.1423653867959351
0.35,1,0.45,-0.1566372734142537
0.35,1,0.5,-0.1568554421974227
0.35,1,0.55,-0.151265162109257
0.35,1,0.6,-0.1515745444678425
0.35,1,0.65,-0.1546971684730567
0.35,1,0.7,-0.1561613206600934
0.35,1,0.75,-0.1579134145450802
0.35,1,0.8,-0.1594789180058259
0.35,1,0.85,-0.1532242989471024
0.35,1,0.9,-0.1569794430593367
0.35,1,0.95,-0.1546772430173197
0.35,1,1.0,-0.1559976714951166
0.35,2,0.1,-0.0215485336429354
0.35,2,0.15,-0.0463138169578077
0.35,2,0.2,-0.0732800757647098
0.35,2,0.25,-0.1061791277701513
0.35,2,0.3,-0.1247449764531419
0.35,2,0.35,-0.1333754852956227
0.35,2,0.4,-0.139193270853453
0.35,2,0.45,-0.1426841607652062
0.35,2,0.5,-0.149802693137761
0.35,2,0.55,-0.1515429728140637
0.35,2,0.6,-0.1527862500183971
0.35,2,0.65,-0.1551959864359008
0.35,2,0.7,-0.1567852287307223
0.35,2,0.75,-0.1549396384158495
0.35,2,0.8,-0.1580458916135458
0.35,2,0.85,-0.1546672938615442
0.35,2,0.9,-0.1494779841273829
0.35,2,0.95,-0.1589328875488934
0.35,2,1.0,-0.1561693486290561
0.35,3,0.1,-0.0258468602748983
0.35,3,0.15,-0.0563820061728842
0.35,3,0.2,-0.0866671799429274
0.35,3,0.25,-0.1062100228482141
0.35,3,0.3,-0.1356575551725171
0.35,3,0.35,-0.1422068415484282
0.35,3,0.4,-0.1407754803596574
0.35,3,0.45,-0.1527275515475561
0.35,3,0.5,-0.1526785833453394
0.35,3,0.55,-0.1525116332438632
0.35,3,0.6,-0.1487771030488924
0.35,3,0.65,-0.1530187931998715
0.35,3,0.7,-0.1546686047400231
0.35,3,0.75,-0.1525447065364706
0.35,3,0.8,-0.1507429573029407
0.35,3,0.85,-0.155939193989325
0.35,3,0.9,-0.1555855214871067
0.35,3,0.95,-0.1536864659016784
0.35,3,1.0,-0.1558387609853182
0.35,4,0.1,-0.0246300361607644
0.35,4,0.15,-0.0525852522238683
0.35,4,0.2,-0.0813889819985253
0.35,4,0.25,-0.1122584758044183
0.35,4,0.3,-0.1365919509262838
0.35,4,0.35,-0.1487157341220372
0.35,4,0.4,-0.1493710693900478
0.35,4,0.45,-0.1533229616608556
0.35,4,0.5,-0.1542694458797461
0.35,4,0.55,-0.1463946086784658
0.35,4,0.6,-0.154654872351849
0.35,4,0.65,-0.1577993041897181
0.35,4,0.7,-0.1548052753677513
0.35,4,0.75,-0.1492183871862944
0.35,4,0.8,-0.1575177606625112
0.35,4,0.85,-0.1566478951042345
0.35,4,0.9,-0.1591920266769108
0.35,4,0.95,-0.1614821773813173
0.35,4,1.0,-0.1583775752481482
0.35,5,0.1,-0.0262629825519148
0.35,5,0.15,-0.0565138432947972
0.35,5,0.2,-0.0893810051439456
0.35,5,0.25,-0.1219351997611785
0.35,5,0.3,-0.1399937306093604
0.35,5,0.35,-0.1492359557960886
0.35,5,0.4,-0.1493535187197189
0.35,5,0.45,-0.1486348160759222
0.35,5,0.5,-0.1516632444782623
0.35,5,0.55,-0.1469123230138605
0.35,5,0.6,-0.152044973623484
0.35,5,0.65,-0.1542739092372558
0.35,5,0.7,-0.1538834990934799
0.35,5,0.75,-0.152329352502628
0.35,5,0.8,-0.1531830448476146
0.35,5,0.85,-0.155722015341627
0.35,5,0.9,-0.1545117008680246
0.35,5,0.95,-0.1549782815206747
0.35,5,1.0,-0.15884265008033
0.35,6,0.1,-0.0267530859106454
0.35,6,0.15,-0.0580808038607171
0.35,6,0.2,-0.0903394400944697
0.35,6,0.25,-0.1285715666543032
0.35,6,0.3,-0.1383360440690272
0.35,6,0.35,-0.1425700200179951
0.35,6,0.4,-0.1466589068877349
0.35,6,0.45,-0.1513210734179054
0.35,6,0.5,-0.1504242669124655
0.35,6,0.55,-0.1523899914386912
0.35,6,0.6,-0.1539215125013099
0.35,6,0.65,-0.1534104401344717
0.35,6,0.7,-0.1514257943535786
0.35,6,0.75,-0.1506262690647708
0.35,6,0.8,-0.1510224447484484
0.35,6,0.85,-0.1539547464680707
0.35,6,0.9,-0.1585660139518099
0.35,6,0.95,-0.1549285974132177
0.35,6,1.0,-0.1557638090250554
0.35,7,0.1,-0.020107789548269
0.35,7,0.15,-0.0482632695172981
0.35,7,0.2,-0.0841943122709915
0.35,7,0.25,-0.1045511775187624
0.35,7,0.3,-0.1279743280578964
0.35,7,0.35,-0.1476852316681511
0.35,7,0.4,-0.1491611729038054
0.35,7,0.45,-0.1492723286996775
0.35,7,0.5,-0.1439766839027898
0.35,7,0.55,-0.1513034519875556
0.35,7,0.6,-0.1509597111647964
0.35,7,0.65,-0.1530157683634505
0.35,7,0.7,-0.1505097795404511
0.35,7,0.75,-0.1536250747916848
0.35,7,0.8,-0.1567811212399865
0.35,7,0.85,-0.1525963250578888
0.35,7,0.9,-0.1537209294950931
0.35,7,0.95,-0.1533530180589595
0.35,7,1.0,-0.1587507191572762
0.35,8,0.1,-0.0197168122053842
0.35,8,0.15,-0.0426431375197169
0.35,8,0.2,-0.0663232395686155
0.35,8,0.25,-0.1084073533947767
0.35,8,0.3,-0.1243659440194597
0.35,8,0.35,-0.1477649437510127
0.35,8,0.4,-0.1513652955640229
0.35,8,0.45,-0.1477849843178718
0.35,8,0.5,-0.1574377817789015
0.35,8,0.55,-0.1597100293085479
0.35,8,0.6,-0.156795217359801
0.35,8,0.65,-0.1529555803640899
0.35,8,0.7,-0.1597077999022418
0.35,8,0.75,-0.1574224454098303
0.35,8,0.8,-0.1610783891729341
0.35,8,0.85,-0.1579029474978349
0.35,8,0.9,-0.1556311628341157
0.35,8,0.95,-0.1605704528317849
0.35,8,1.0,-0.1641478744636179
0.35,9,0.1,-0.0226303760831968
0.35,9,0.15,-0.0540920932695102
0.35,9,0.2,-0.0819191328915057
0.35,9,0.25,-0.1131901580078734
0.35,9,0.3,-0.1279873066505658
0.35,9,0.35,-0.1433088432750044
0.35,9,0.4,-0.1498307169212072
0.35,9,0.45,-0.1497867005877123
0.35,9,0.5,-0.1502936502390591
0.35,9,0.55,-0.1500171431293233
0.35,9,0.6,-0.1528958035705058
0.35,9,0.65,-0.1533371369004004
0.35,9,0.7,-0.1532838607308732
0.35,9,0.75,-0.1501817014169411
0.35,9,0.8,-0.150723115069881
0.35,9,0.85,-0.155125080009371
0.35,9,0.9,-0.1553192995497501
0.35,9,0.95,-0.1551557944119558
0.35,9,1.0,-0.1581113434816284
0.35,10,0.1,-0.0255188917730735
0.35,10,0.15,-0.0552333488779162
0.35,10,0.2,-0.0935045964179171
0.35,10,0.25,-0.1212829854292987
0.35,10,0.3,-0.1342981364415359
0.35,10,0.35,-0.1522903164335453
0.35,10,0.4,-0.1570860440389206
0.35,10,0.45,-0.164988653321075
0.35,10,0.5,-0.1531576735839359
0.35,10,0.55,-0.1599108015086056
0.35,10,0.6,-0.1533389878636855
0.35,10,0.65,-0.1595526115778554
0.35,10,0.7,-0.1591260553199215
0.35,10,0.75,-0.1573215554033968
0.35,10,0.8,-0.1585198338597125
0.35,10,0.85,-0.1593604870028564
0.35,10,0.9,-0.1567203373124266
0.35,10,0.95,-0.1590647279871939
0.35,10,1.0,-0.1599050166933863
0.35,11,0.1,-0.0233300111327404
0.35,11,0.15,-0.0513232722217204
0.35,11,0.2,-0.0852476612619924
0.35,11,0.25,-0.1101471001058878
0.35,11,0.3,-0.1366546660892552
0.35,11,0.35,-0.1394227762312906
0.35,11,0.4,-0.1426380665750227
0.35,11,0.45,-0.1540054206585051
0.35,11,0.5,-0.1512980805396192
0.35,11,0.55,-0.1546862400467649
0.35,11,0.6,-0.1525639298435675
0.35,11,0.65,-0.1531668151923266
0.35,11,0.7,-0.1537614942928375
0.35,11,0.75,-0.1558126799301891
0.35,11,0.8,-0.1567372846810557
0.35,11,0.85,-0.155249902417491
0.35,11,0.9,-0.1548782618174641
0.35,11,0.95,-0.1587266266713884
0.35,11,1.0,-0.1541982324349061
0.35,12,0.1,-0.0206825710831126
0.35,12,0.15,-0.0486936643296782
0.35,12,0.2,-0.0780657092087172
0.35,12,0.25,-0.1015803544149719
0.35,12,0.3,-0.1177128908512644
0.35,12,0.35,-0.1374431973440847
0.35,12,0.4,-0.1483685543554199
0.35,12,0.45,-0.1441961673291198
0.35,12,0.5,-0.1468737520742315
0.35,12,0.55,-0.1506277153875559
0.35,12,0.6,-0.1504495264282802
0.35,12,0.65,-0.1512722714881409
0.35,12,0.7,-0.1562485835867232
0.35,12,0.75,-0.1535644566407731
0.35,12,0.8,-0.1536287755029858
0.35,12,0.85,-0.153863476648373
0.35,12,0.9,-0.1547825016253649
0.35,12,0.95,-0.1550813308770559
0.35,12,1.0,-0.1556951873651507
0.35,13,0.1,-0.0219225079786333
0.35,13,0.15,-0.0536094786713383
0.35,13,0.2,-0.0807244485537412
0.35,13,0.25,-0.1156218046135245
0.35,13,0.3,-0.1345977747477573
0.35,13,0.35,-0.1490573179307099
0.35,13,0.4,-0.1608408459283827
0.35,13,0.45,-0.1617050075942434
0.35,13,0.5,-0.1534238859705115
0.35,13,0.55,-0.1513802288632207
0.35,13,0.6,-0.1607832409695578
0.35,13,0.65,-0.1532486271336311
0.35,13,0.7,-0.1575404846655587
0.35,13,0.75,-0.1584550937442524
0.35,13,0.8,-0.15665138598927
0.35,13,0.85,-0.1565070852851971
0.35,13,0.9,-0.1574610245567129
0.35,13,0.95,-0.1556936017416247
0.35,13,1.0,-0.1578470735606865
0.35,14,0.1,-0.0232521756222542
0.35,14,0.15,-0.0500206901695867
0.35,14,0.2,-0.0775363796555049
0.35,14,0.25,-0.1087370300411577
0.35,14,0.3,-0.1200457571959275
0.35,14,0.35,-0.1333400388822284
0.35,14,0.4,-0.141009791942852
0.35,14,0.45,-0.1443096319926577
0.35,14,0.5,-0.146270564250386
0.35,14,0.55,-0.1484977075104649
0.35,14,0.6,-0.1498130954128244
0.35,14,0.65,-0.1483807954636383
0.35,14,0.7,-0.151488177069792
0.35,14,0.75,-0.1542142211716178
0.35,14,0.8,-0.1547719370163007
0.35,14,0.85,-0.1561911811886077
0.35,14,0.9,-0.1544307258505207
0.35,14,0.95,-0.1523167066650582
0.35,14,1.0,-0.1556934155414107
0.35,15,0.1,-0.0231665000358588
0.35,15,0.15,-0.0493850238572877
0.35,15,0.2,-0.0720300881442958
0.35,15,0.25,-0.1124975631513075
0.35,15,0.3,-0.1370216164271564
0.35,15,0.35,-0.1355786873787632
0.35,15,0.4,-0.1456652898373167
0.35,15,0.45,-0.1493217900590293
0.35,15,0.5,-0.1489759929339397
0.35,15,0.55,-0.148935188750346
0.35,15,0.6,-0.1491398170857784
0.35,15,0.65,-0.1509379397386505
0.35,15,0.7,-0.1535737817526873
0.35,15,0.75,-0.1552709231093415
0.35,15,0.8,-0.1529108713512474
0.35,15,0.85,-0.1554261617679354
0.35,15,0.9,-0.1531862001949565
0.35,15,0.95,-0.1578894014736399
0.35,15,1.0,-0.1555399389197652
0.35,16,0.1,-0.0274266493901398
0.35,16,0.15,-0.0629367339660221
0.35,16,0.2,-0.0880771350420117
0.35,16,0.25,-0.1172453834818654
0.35,16,0.3,-0.130045586661938
0.35,16,0.35,-0.1442978704080034
0.35,16,0.4,-0.1475859519916229
0.35,16,0.45,-0.1509810523117477
0.35,16,0.5,-0.1495878894915626
0.35,16,0.55,-0.1511009270751142
0.35,16,0.6,-0.1495291425807695
0.35,16,0.65,-0.1514174929527862
0.35,16,0.7,-0.1508437082999124
0.35,16,0.75,-0.1555054703842993
0.35,16,0.8,-0.1502743464242562
0.35,16,0.85,-0.151567141199002
0.35,16,0.9,-0.1546024408398739
0.35,16,0.95,-0.1549182957765111
0.35,16,1.0,-0.1543557668157148
0.35,17,0.1,-0.023987779541348
0.35,17,0.15,-0.0561209311521919
0.35,17,0.2,-0.0781573426764425
0.35,17,0.25,-0.1126529853267133
0.35,17,0.3,-0.1217011459884706
0.35,17,0.35,-0.1383949724498177
0.35,17,0.4,-0.1489261491729665
0.35,17,0.45,-0.1537488526411645
0.35,17,0.5,-0.1527457328422794
0.35,17,0.55,-0.1498270945749024
0.35,17,0.6,-0.1538134161759373
0.35,17,0.65,-0.1506186177184334
0.35,17,0.7,-0.1545647909284324
0.35,17,0.75,-0.1555821948482786
0.35,17,0.8,-0.1549561895127236
0.35,17,0.85,-0.1523778296919288
0.35,17,0.9,-0.1593904492731128
0.35,17,0.95,-0.1590234887759984
0.35,17,1.0,-0.1563224780503375
0.35,18,0.1,-0.0214649013215229
0.35,18,0.15,-0.0476215464111168
0.35,18,0.2,-0.0808014288923366
0.35,18,0.25,-0.1012442231823765
0.35,18,0.3,-0.1270392217191225
0.35,18,0.35,-0.1404041339233528
0.35,18,0.4,-0.1561095775462916
0.35,18,0.45,-0.1546935418817655
0.35,18,0.5,-0.1634489080289804
0.35,18,0.55,-0.1572250712078649
0.35,18,0.6,-0.1560153219670479
0.35,18,0.65,-0.1613337405256677
0.35,18,0.7,-0.1631004435135278
0.35,18,0.75,-0.1575021549488194
0.35,18,0.8,-0.1563146575787518
0.35,18,0.85,-0.1599483086476395
0.35,18,0.9,-0.1573957515822806
0.35,18,0.95,-0.1586941029570758
0.35,18,1.0,-0.1620246755535538
0.35,19,0.1,-0.0245779214438146
0.35,19,0.15,-0.050755429434321
0.35,19,0.2,-0.0837525162722443
0.35,19,0.25,-0.1051210687059044
0.35,19,0.3,-0.116566530618821
0.35,19,0.35,-0.1325466306751964
0.35,19,0.4,-0.1380469898964141
0.35,19,0.45,-0.1460241006812265
0.35,19,0.5,-0.1472515995813383
0.35,19,0.55,-0.1517900065134371
0.35,19,0.6,-0.153966723696467
0.35,19,0.65,-0.1485457308294934
0.35,19,0.7,-0.1536689876253006
0.35,19,0.75,-0.1545809052562335
0.35,19,0.8,-0.1554787340785559
0.35,19,0.85,-0.151551457358447
0.35,19,0.9,-0.1535622757204198
0.35,19,0.95,-0.1528813202269766
0.35,19,1.0,-0.1579610769924991
0.35,20,0.1,-0.02138539810438
0.35,20,0.15,-0.0505689885064474
0.35,20,0.2,-0.0791124847372625
0.35,20,0.25,-0.1159417775129841
0.35,20,0.3,-0.1283473510496076
0.35,20,0.35,-0.1384568415003151
0.35,20,0.4,-0.1474374555394568
0.35,20,0.45,-0.1541212953168163
0.35,20,0.5,-0.1525627937300433
0.35,20,0.55,-0.1514683527582095
0.35,20,0.6,-0.1544911386749322
0.35,20,0.65,-0.1532098009176018
0.35,20,0.7,-0.1551579547674191
0.35,20,0.75,-0.1535794589732456
0.35,20,0.8,-0.1522356393227173
0.35,20,0.85,-0.155476888101944
0.35,20,0.9,-0.1551687249520866
0.35,20,0.95,-0.1519983857868146
0.35,20,1.0,-0.1568720804780619
0.35,21,0.1,-0.0195199139871157
0.35,21,0.15,-0.0444077577737085
0.35,21,0.2,-0.0804172094602215
0.35,21,0.25,-0.1100068945257181
0.35,21,0.3,-0.1249431304567258
0.35,21,0.35,-0.1374335377984634
0.35,21,0.4,-0.1431453950380289
0.35,21,0.45,-0.144108590618982
0.35,21,0.5,-0.1469716316526064
0.35,21,0.55,-0.1448956801456742
0.35,21,0.6,-0.1518615131798186
0.35,21,0.65,-0.1510349703798069
0.35,21,0.7,-0.1526786498206755
0.35,21,0.75,-0.1516117839353308
0.35,21,0.8,-0.1542321177559791
0.35,21,0.85,-0.1502435361252309
0.35,21,0.9,-0.1560590204553253
0.35,21,0.95,-0.1551682708989078
0.35,21,1.0,-0.1561271851332483
0.35,22,0.1,-0.0263918819527256
0.35,22,0.15,-0.0508345155898295
0.35,22,0.2,-0.0853269937389828
0.35,22,0.25,-0.1163741996086932
0.35,22,0.3,-0.1349547433915322
0.35,22,0.35,-0.1475826600690751
0.35,22,0.4,-0.1484600074914318
0.35,22,0.45,-0.1499817305438092
0.35,22,0.5,-0.1470292738194172
0.35,22,0.55,-0.1499895059170393
0.35,22,0.6,-0.150140668132366
0.35,22,0.65,-0.1469522038115839
0.35,22,0.7,-0.151919126683835
0.35,22,0.75,-0.1509129135250263
0.35,22,0.8,-0.1563196555346515
0.35,22,0.85,-0.1525103370846466
0.35,22,0.9,-0.1589181154958428
0.35,22,0.95,-0.1568822151728806
0.35,22,1.0,-0.1572179073304263
0.35,23,0.1,-0.0197427149361241
0.35,23,0.15,-0.04891246339815
0.35,23,0.2,-0.079607074586466
0.35,23,0.25,-0.1088824933560579
0.35,23,0.3,-0.1245818332985712
0.35,23,0.35,-0.1351152686784313
0.35,23,0.4,-0.1505431125829857
0.35,23,0.45,-0.155385476366268
0.35,23,0.5,-0.1571437241692765
0.35,23,0.55,-0.1530963291548661
0.35,23,0.6,-0.1588802050944567
0.35,23,0.65,-0.1530302201879267
0.35,23,0.7,-0.1579045484095953
0.35,23,0.75,-0.1504131687644553
0.35,23,0.8,-0.1508095098776098
0.35,23,0.85,-0.1544240228566422
0.35,23,0.9,-0.1592095186087332
0.35,23,0.95,-0.1533006698963937
0.35,23,1.0,-0.1585759973907183
0.35,24,0.1,-0.0198992631531669
0.35,24,0.15,-0.0456871719773877
0.35,24,0.2,-0.0703436224451704
0.35,24,0.25,-0.100847558081209
0.35,24,0.3,-0.1185294378105196
0.35,24,0.35,-0.1350639554926731
0.35,24,0.4,-0.1391597369577814
0.35,24,0.45,-0.1459201494580497
0.35,24,0.5,-0.154361797369887
0.35,24,0.55,-0.1518300899798863
0.35,24,0.6,-0.1500573453319203
0.35,24,0.65,-0.1484108856956182
0.35,24,0.7,-0.1561909282118742
0.35,24,0.75,-0.1509361823064674
0.35,24,0.8,-0.1511812630440733
0.35,24,0.85,-0.1527941074725446
0.35,24,0.9,-0.1557954572258591
0.35,24,0.95,-0.1540922222441245
0.35,24,1.0,-0.1572568892964833
0.35,25,0.1,-0.0305257330042864
0.35,25,0.15,-0.0656273501480899
0.35,25,0.2,-0.1030760035268043
0.35,25,0.25,-0.1309729703376616
0.35,25,0.3,-0.1398882903073347
0.35,25,0.35,-0.1455343868699826
0.35,25,0.4,-0.1564588639122081
0.35,25,0.45,-0.1513863435922245
0.35,25,0.5,-0.1483308354313015
0.35,25,0.55,-0.148644588328884
0.35,25,0.6,-0.152713896645789
0.35,25,0.65,-0.1525750360497643
0.35,25,0.7,-0.1551703334818905
0.35,25,0.75,-0.1530107010413515
0.35,25,0.8,-0.1521948691046871
0.35,25,0.85,-0.1542957407736103
0.35,25,0.9,-0.1556568366300599
0.35,25,0.95,-0.1541419258804215
0.35,25,1.0,-0.1544074396828241
0.35,26,0.1,-0.0210526698872844
0.35,26,0.15,-0.0474654305080455
0.35,26,0.2,-0.0814305937998924
0.35,26,0.25,-0.1115921834133127
0.35,26,0.3,-0.1351879601397425
0.35,26,0.35,-0.1410373280155961
0.35,26,0.4,-0.1458511480437115
0.35,26,0.45,-0.154009614151225
0.35,26,0.5,-0.1458700110403233
0.35,26,0.55,-0.152075532202726
0.35,26,0.6,-0.1531354486136656
0.35,26,0.65,-0.1552297646529143
0.35,26,0.7,-0.1546779221744046
0.35,26,0.75,-0.1559527847324047
0.35,26,0.8,-0.1571736500774302
0.35,26,0.85,-0.1463179276286081
0.35,26,0.9,-0.1533085121791396
0.35,26,0.95,-0.1567630011667364
0.35,26,1.0,-0.1548840823943633
0.35,27,0.1,-0.020607807825522
0.35,27,0.15,-0.0453012913140176
0.35,27,0.2,-0.0800793399604216
0.35,27,0.25,-0.1018771649510891
0.35,27,0.3,-0.1216651841982607
0.35,27,0.35,-0.13760760661888
0.35,27,0.4,-0.1372837178726474
0.35,27,0.45,-0.1472378238241282
0.35,27,0.5,-0.1483376783902594
0.35,27,0.55,-0.1483804829115057
0.35,27,0.6,-0.1488947480802332
0.35,27,0.65,-0.1530084092655329
0.35,27,0.7,-0.154168304210553
0.35,27,0.75,-0.154137054855183
0.35,27,0.8,-0.1525408530110654
0.35,27,0.85,-0.1537210392352465
0.35,27,0.9,-0.1555352161547814
0.35,27,0.95,-0.150925161844432
0.35,27,1.0,-0.1553783236234571
0.35,28,0.1,-0.0333290368371282
0.35,28,0.15,-0.0603557270181641
0.35,28,0.2,-0.0922439760664618
0.35,28,0.25,-0.1182490496481787
0.35,28,0.3,-0.1334235341149288
0.35,28,0.35,-0.136542345017985
0.35,28,0.4,-0.1552816568948267
0.35,28,0.45,-0.1456566679572958
0.35,28,0.5,-0.1481920493944509
0.35,28,0.55,-0.1529363103118875
0.35,28,0.6,-0.1502705020181235
0.35,28,0.65,-0.1485718550508869
0.35,28,0.7,-0.1548105787534191
0.35,28,0.75,-0.1518265899735178
0.35,28,0.8,-0.1494429907670923
0.35,28,0.85,-0.1543233344148963
0.35,28,0.9,-0.154951104048808
0.35,28,0.95,-0.1564727003614543
0.35,28,1.0,-0.1557019154993858
0.35,29,0.1,-0.0192848157558114
0.35,29,0.15,-0.0479486867111111
0.35,29,0.2,-0.0809653935445256
0.35,29,0.25,-0.1149571915628712
0.35,29,0.3,-0.1289660141772504
0.35,29,0.35,-0.1429168498975561
0.35,29,0.4,-0.1456800615524483
0.35,29,0.45,-0.1608443877631343
0.35,29,0.5,-0.1558639739795226
0.35,29,0.55,-0.1575833356660122
0.35,29,0.6,-0.1580061955422881
0.35,29,0.65,-0.149433901828601
0.35,29,0.7,-0.157921344139599
0.35,29,0.75,-0.1564429938938725
0.35,29,0.8,-0.1532839749161595
0.35,29,0.85,-0.1542415310361148
0.35,29,0.9,-0.1584494537156745
0.35,29,0.95,-0.1580082445142255
0.35,29,1.0,-0.1603993527437168
0.35,30,0.1,-0.0257564028455518
0.35,30,0.15,-0.0531244829562318
0.35,30,0.2,-0.0918093941950466
0.35,30,0.25,-0.1163519207260746
0.35,30,0.3,-0.1394063147090665
0.35,30,0.35,-0.1511280182933216
0.35,30,0.4,-0.1465070916953145
0.35,30,0.45,-0.1467823673513364
0.35,30,0.5,-0.1508108159524059
0.35,30,0.55,-0.1532663425735337
0.35,30,0.6,-0.1524047158470984
0.35,30,0.65,-0.1533667772634852
0.35,30,0.7,-0.1524500869492706
0.35,30,0.75,-0.1547989064771115
0.35,30,0.8,-0.1553531711254346
0.35,30,0.85,-0.1532076468981455
0.35,30,0.9,-0.1555426859859721
0.35,30,0.95,-0.1584702840443116
0.35,30,1.0,-0.1554078928168357
0.35,31,0.1,-0.0239463981534071
0.35,31,0.15,-0.0509398489668639
0.35,31,0.2,-0.0787878895896696
0.35,31,0.25,-0.1079276187019457
0.35,31,0.3,-0.1332675010724578
0.35,31,0.35,-0.1472698035091104
0.35,31,0.4,-0.1447729795032292
0.35,31,0.45,-0.1503135466122587
0.35,31,0.5,-0.1491316121823325
0.35,31,0.55,-0.1515777467699807
0.35,31,0.6,-0.1532469073560187
0.35,31,0.65,-0.1544594156667419
0.35,31,0.7,-0.1515607910455325
0.35,31,0.75,-0.1535648626621293
0.35,31,0.8,-0.1539860679008691
0.35,31,0.85,-0.1564512400099137
0.35,31,0.9,-0.1537437051826523
0.35,31,0.95,-0.1499139270728394
0.35,31,1.0,-0.1566963079125197
0.35,32,0.1,-0.0198677198798363
0.35,32,0.15,-0.043467735298246
0.35,32,0.2,-0.0717807421061274
0.35,32,0.25,-0.1023377947711915
0.35,32,0.3,-0.1323840906667472
0.35,32,0.35,-0.1365297807569271
0.35,32,0.4,-0.1509897747615562
0.35,32,0.45,-0.1480563765836751
0.35,32,0.5,-0.1471869741588255
0.35,32,0.55,-0.1552709355539763
0.35,32,0.6,-0.1492409646030868
0.35,32,0.65,-0.1476850977973175
0.35,32,0.7,-0.143723010355014
0.35,32,0.75,-0.1548477881254758
0.35,32,0.8,-0.1473689054380187
0.35,32,0.85,-0.1557260302610774
0.35,32,0.9,-0.1553509989549411
0.35,32,0.95,-0.1536072760350355
0.35,32,1.0,-0.1570159104418353
0.35,33,0.1,-0.0215129702325789
0.35,33,0.15,-0.0505998683740356
0.35,33,0.2,-0.0757012300297307
0.35,33,0.25,-0.1027965959464769
0.35,33,0.3,-0.1254152360254552
0.35,33,0.35,-0.145789137890965
0.35,33,0.4,-0.1394673222273672
0.35,33,0.45,-0.1465453305033062
0.35,33,0.5,-0.1507321562850939
0.35,33,0.55,-0.1497661133173631
0.35,33,0.6,-0.1511875305575418
0.35,33,0.65,-0.1524185889133449
0.35,33,0.7,-0.1482826589369652
0.35,33,0.75,-0.1520144855317784
0.35,33,0.8,-0.1513873127171053
0.35,33,0.85,-0.1577799378085695
0.35,33,0.9,-0.1554077740324843
0.35,33,0.95,-0.1572664044814435
0.35,33,1.0,-0.1561992646276365
0.35,34,0.1,-0.0234395349989033
0.35,34,0.15,-0.0585751569861151
0.35,34,0.2,-0.0856792077315774
0.35,34,0.25,-0.1274596514864973
0.35,34,0.3,-0.1337232936958822
0.35,34,0.35,-0.160958921308806
0.35,34,0.4,-0.1590365739234357
0.35,34,0.45,-0.1594993009886441
0.35,34,0.5,-0.1581218574353313
0.35,34,0.55,-0.1530965859622314
0.35,34,0.6,-0.1547689829393943
0.35,34,0.65,-0.1504399512812684
0.35,34,0.7,-0.1570180115481895
0.35,34,0.75,-0.1556330251002549
0.35,34,0.8,-0.1634984898570612
0.35,34,0.85,-0.154254825720704
0.35,34,0.9,-0.1572000060808514
0.35,34,0.95,-0.1587084310388463
0.35,34,1.0,-0.1587180262078171
0.35,35,0.1,-0.0239231076183217
0.35,35,0.15,-0.055214826870633
0.35,35,0.2,-0.0918857759345327
0.35,35,0.25,-0.1196325946241742
0.35,35,0.3,-0.1330266327089299
0.35,35,0.35,-0.1401312771917392
0.35,35,0.4,-0.1527533824951777
0.35,35,0.45,-0.1481207818944565
0.35,35,0.5,-0.1539595447960057
0.35,35,0.55,-0.1500540946032586
0.35,35,0.6,-0.1528447017179195
0.35,35,0.65,-0.1533364784363135
0.35,35,0.7,-0.1532778153215749
0.35,35,0.75,-0.1543425252518433
0.35,35,0.8,-0.1528693244902656
0.35,35,0.85,-0.1573286827501118
0.35,35,0.9,-0.1536502489366503
0.35,35,0.95,-0.1553750792959661
0.35,35,1.0,-0.1530999650802217
0.35,36,0.1,-0.0259044813840083
0.35,36,0.15,-0.0519135430740172
0.35,36,0.2,-0.0895916095475384
0.35,36,0.25,-0.1115046033878072
0.35,36,0.3,-0.1333097346824097
0.35,36,0.35,-0.1391359333824866
0.35,36,0.4,-0.1507266516960655
0.35,36,0.45,-0.1518172185765198
0.35,36,0.5,-0.1511036430750715
0.35,36,0.55,-0.1514836424922116
0.35,36,0.6,-0.151928990137097
0.35,36,0.65,-0.1512658875662566
0.35,36,0.7,-0.1547468168653121
0.35,36,0.75,-0.153350365435514
0.35,36,0.8,-0.156001391790724
0.35,36,0.85,-0.1555973214199413
0.35,36,0.9,-0.1571415780376552
0.35,36,0.95,-0.1567015561949929
0.35,36,1.0,-0.1568029702147449
0.35,37,0.1,-0.0232728957222286
0.35,37,0.15,-0.049057548987351
0.35,37,0.2,-0.0838610563172285
0.35,37,0.25,-0.1151154586112856
0.35,37,0.3,-0.1351174686252525
0.35,37,0.35,-0.1418965282152132
0.35,37,0.4,-0.1488005094054206
0.35,37,0.45,-0.1611553551854497
0.35,37,0.5,-0.152224229794946
0.35,37,0.55,-0.1519677433988465
0.35,37,0.6,-0.1611433520981096
0.35,37,0.65,-0.1553807576636868
0.35,37,0.7,-0.156180484455311
0.35,37,0.75,-0.1575964452766572
0.35,37,0.8,-0.1523800889933603
0.35,37,0.85,-0.15979150801027
0.35,37,0.9,-0.1575969193564519
0.35,37,0.95,-0.1581996433390122
0.35,37,1.0,-0.1569710431828325
0.35,38,0.1,-0.0289093466140564
0.35,38,0.15,-0.0556138324139074
0.35,38,0.2,-0.0957711599654052
0.35,38,0.25,-0.1208927634780054
0.35,38,0.3,-0.1465793116532432
0.35,38,0.35,-0.1476465509116117
0.35,38,0.4,-0.1627026298459372
0.35,38,0.45,-0.1551372435263273
0.35,38,0.5,-0.1462597942618007
0.35,38,0.55,-0.1568821190272706
0.35,38,0.6,-0.1549067025069359
0.35,38,0.65,-0.1556303677602604
0.35,38,0.7,-0.1574247702173665
0.35,38,0.75,-0.1522247390668527
0.35,38,0.8,-0.1499252194211045
0.35,38,0.85,-0.1548018390660963
0.35,38,0.9,-0.1548164042622814
0.35,38,0.95,-0.1587006517053787
0.35,38,1.0,-0.1609108673712886
0.35,39,0.1,-0.0184797737141149
0.35,39,0.15,-0.0446531361691629
0.35,39,0.2,-0.081771826114372
0.35,39,0.25,-0.1063927790521261
0.35,39,0.3,-0.1310392541021182
0.35,39,0.35,-0.1371519819827218
0.35,39,0.4,-0.1470666646206644
0.35,39,0.45,-0.1541512276031641
0.35,39,0.5,-0.1530540633156235
0.35,39,0.55,-0.15416970804011
0.35,39,0.6,-0.1547101729928174
0.35,39,0.65,-0.1535358847804054
0.35,39,0.7,-0.1544532901212854
0.35,39,0.75,-0.1567093468611662
0.35,39,0.8,-0.1573865033429718
0.35,39,0.85,-0.1557226320885069
0.35,39,0.9,-0.1590194625372849
0.35,39,0.95,-0.1572920317405084
0.35,39,1.0,-0.1593193578560914
0.35,40,0.1,-0.0277949744056204
0.35,40,0.15,-0.0579891096465877
0.35,40,0.2,-0.0885346602652783
0.35,40,0.25,-0.1150745929585207
0.35,40,0.3,-0.1274695051553721
0.35,40,0.35,-0.137304531689633
0.35,40,0.4,-0.1369819685280424
0.35,40,0.45,-0.1449324426571895
0.35,40,0.5,-0.1443519759714215
0.35,40,0.55,-0.1450186900523206
0.35,40,0.6,-0.1492987728768798
0.35,40,0.65,-0.1501170004088878
0.35,40,0.7,-0.152181482549541
0.35,40,0.75,-0.1509980843205605
0.35,40,0.8,-0.1494573925416646
0.35,40,0.85,-0.1506104716803378
0.35,40,0.9,-0.1551967690400401
0.35,40,0.95,-0.1534837097304903
0.35,40,1.0,-0.1587882151563472
0.35,41,0.1,-0.0229958570415323
0.35,41,0.15,-0.0528483613813705
0.35,41,0.2,-0.0811963131565657
0.35,41,0.25,-0.1089989067619169
0.35,41,0.3,-0.1315448873299016
0.35,41,0.35,-0.1379761240971793
0.35,41,0.4,-0.1365253763710024
0.35,41,0.45,-0.1528765638994854
0.35,41,0.5,-0.1465014185741783
0.35,41,0.55,-0.1468036267520308
0.35,41,0.6,-0.1493609151509774
0.35,41,0.65,-0.1502141617397414
0.35,41,0.7,-0.150041079879736
0.35,41,0.75,-0.1528881205614405
0.35,41,0.8,-0.152343149382121
0.35,41,0.85,-0.1523304646609985
0.35,41,0.9,-0.1568992391931025
0.35,41,0.95,-0.1524036866004506
0.35,41,1.0,-0.1571013462050745
0.35,42,0.1,-0.0236676866579709
0.35,42,0.15,-0.0423311683017661
0.35,42,0.2,-0.0887359003040543
0.35,42,0.25,-0.110945555722927
0.35,42,0.3,-0.1286858192577205
0.35,42,0.35,-0.140162373457629
0.35,42,0.4,-0.1522265443749862
0.35,42,0.45,-0.1544777123206197
0.35,42,0.5,-0.1456451744048096
0.35,42,0.55,-0.1552279654840724
0.35,42,0.6,-0.1519526114477699
0.35,42,0.65,-0.1473608710812032
0.35,42,0.7,-0.1564083859345642
0.35,42,0.75,-0.1557428162544787
0.35,42,0.8,-0.1546671793568324
0.35,42,0.85,-0.1586642951810191
0.35,42,0.9,-0.1558118313332381
0.35,42,0.95,-0.1567321074634586
0.35,42,1.0,-0.1604049222296486
0.35,43,0.1,-0.0243234309986009
0.35,43,0.15,-0.0541601591540167
0.35,43,0.2,-0.083983433261554
0.35,43,0.25,-0.1062286425271333
0.35,43,0.3,-0.1244651277503483
0.35,43,0.35,-0.1332748229041666
0.35,43,0.4,-0.1418165980015424
0.35,43,0.45,-0.1450659228982746
0.35,43,0.5,-0.1471204449548092
0.35,43,0.55,-0.1449006910724339
0.35,43,0.6,-0.1484113739472772
0.35,43,0.65,-0.1537128764751091
0.35,43,0.7,-0.1535745303197637
0.35,43,0.75,-0.146029169225471
0.35,43,0.8,-0.1523529200303332
0.35,43,0.85,-0.1539655713817878
0.35,43,0.9,-0.1568723900056635
0.35,43,0.95,-0.1554679575725119
0.35,43,1.0,-0.1572354771235261
0.35,44,0.1,-0.0252165591436479
0.35,44,0.15,-0.0612758499655576
0.35,44,0.2,-0.0862481066222905
0.35,44,0.25,-0.1182254332159406
0.35,44,0.3,-0.1333110915937941
0.35,44,0.35,-0.1426818473153612
0.35,44,0.4,-0.1421158188439296
0.35,44,0.45,-0.1510151502890961
0.35,44,0.5,-0.1524702340058046
0.35,44,0.55,-0.1509110912032795
0.35,44,0.6,-0.1526368555974963
0.35,44,0.65,-0.1541493162399998
0.35,44,0.7,-0.1511729460872775
0.35,44,0.75,-0.1543360541462418
0.35,44,0.8,-0.154305906979957
0.35,44,0.85,-0.1515368204794613
0.35,44,0.9,-0.1518436732895387
0.35,44,0.95,-0.1549720174317935
0.35,44,1.0,-0.1571928396543881
0.35,45,0.1,-0.0245542161235991
0.35,45,0.15,-0.0619143902928283
0.35,45,0.2,-0.1015236519582287
0.35,45,0.25,-0.1164610067045529
0.35,45,0.3,-0.1467116242132303
0.35,45,0.35,-0.1440860285271082
0.35,45,0.4,-0.1573980876271423
0.35,45,0.45,-0.1545175232079596
0.35,45,0.5,-0.1524791072838192
0.35,45,0.55,-0.1551702389427949
0.35,45,0.6,-0.1554560959873062
0.35,45,0.65,-0.1532927164459852
0.35,45,0.7,-0.1526754457425377
0.35,45,0.75,-0.1515434460728166
0.35,45,0.8,-0.1571111492369288
0.35,45,0.85,-0.1602652865239127
0.35,45,0.9,-0.1560247809176878
0.35,45,0.95,-0.1559556754829012
0.35,45,1.0,-0.1564444284680265
0.35,46,0.1,-0.0193578623392267
0.35,46,0.15,-0.0440477359454492
0.35,46,0.2,-0.0817622198679377
0.35,46,0.25,-0.0932263438345642
0.35,46,0.3,-0.114980518061777
0.35,46,0.35,-0.1331586371631713
0.35,46,0.4,-0.1446244089444436
0.35,46,0.45,-0.1366419887424344
0.35,46,0.5,-0.1473102136097036
0.35,46,0.55,-0.149937830854257
0.35,46,0.6,-0.1501750270347428
0.35,46,0.65,-0.1482243387969473
0.35,46,0.7,-0.1523448679298841
0.35,46,0.75,-0.1484202923706208
0.35,46,0.8,-0.1531249253387754
0.35,46,0.85,-0.1532970473769642
0.35,46,0.9,-0.1565884447406488
0.35,46,0.95,-0.1534631973493323
0.35,46,1.0,-0.1533623654722255
0.35,47,0.1,-0.0209846812043648
0.35,47,0.15,-0.0495900189190891
0.35,47,0.2,-0.0819216436148834
0.35,47,0.25,-0.1083058897437314
0.35,47,0.3,-0.1328504423924883
0.35,47,0.35,-0.1436115837508555
0.35,47,0.4,-0.1511995559438511
0.35,47,0.45,-0.1596799434845619
0.35,47,0.5,-0.1509101910380919
0.35,47,0.55,-0.1492641117940077
0.35,47,0.6,-0.1547208995179133
0.35,47,0.65,-0.1538576414198172
0.35,47,0.7,-0.1546316070283675
0.35,47,0.75,-0.1547113501977349
0.35,47,0.8,-0.1539449590623121
0.35,47,0.85,-0.1591430195242055
0.35,47,0.9,-0.1577086384664144
0.35,47,0.95,-0.1545901595576427
0.35,47,1.0,-0.1630655991174069
0.35,48,0.1,-0.0185255448319312
0.35,48,0.15,-0.0464338235782855
0.35,48,0.2,-0.0796661325860645
0.35,48,0.25,-0.1089265060571995
0.35,48,0.3,-0.1299356499563463
0.35,48,0.35,-0.1394216393930527
0.35,48,0.4,-0.1556950657365456
0.35,48,0.45,-0.157440341386271
0.35,48,0.5,-0.1517247313544773
0.35,48,0.55,-0.1529389583719753
0.35,48,0.6,-0.154745299680109
0.35,48,0.65,-0.1549952856636735
0.35,48,0.7,-0.1530045190777813
0.35,48,0.75,-0.1540183433457568
0.35,48,0.8,-0.1504049587890622
0.35,48,0.85,-0.1562714230098846
0.35,48,0.9,-0.1566931610404517
0.35,48,0.95,-0.1524466392093599
0.35,48,1.0,-0.1597811877942451
0.35,49,0.1,-0.0176468997547906
0.35,49,0.15,-0.0446881154207659
0.35,49,0.2,-0.0777311457560287
0.35,49,0.25,-0.1028389628541124
0.35,49,0.3,-0.1196022980655088
0.35,49,0.35,-0.1358556841531586
0.35,49,0.4,-0.1458051459043716
0.35,49,0.45,-0.1513617101337872
0.35,49,0.5,-0.1487889828434399
0.35,49,0.55,-0.1526403975745719
0.35,49,0.6,-0.1602099137865102
0.35,49,0.65,-0.1524487950879536
0.35,49,0.7,-0.1550838978770349
0.35,49,0.75,-0.1584795188021789
0.35,49,0.8,-0.154372351287201
0.35,49,0.85,-0.1566269108334935
0.35,49,0.9,-0.1583950278792439
0.35,49,0.95,-0.1576443118067127
0.35,49,1.0,-0.1583150280163487
0.35,50,0.1,-0.022177538325612
0.35,50,0.15,-0.0534738189614787
0.35,50,0.2,-0.0836054328751943
0.35,50,0.25,-0.1109769202869618
0.35,50,0.3,-0.136990075793026
0.35,50,0.35,-0.1460729554059524
0.35,50,0.4,-0.1528014677551789
0.35,50,0.45,-0.1523547537121019
0.35,50,0.5,-0.1565693566294236
0.35,50,0.55,-0.1554674476338399
0.35,50,0.6,-0.1522775621133851
0.35,50,0.65,-0.1516988677419504
0.35,50,0.7,-0.1518892208784994
0.35,50,0.75,-0.1551769474442307
0.35,50,0.8,-0.1568710840446467
0.35,50,0.85,-0.1518302191818409
0.35,50,0.9,-0.1576188862304491
0.35,50,0.95,-0.1528389237183278
0.35,50,1.0,-0.1561571544931685
0.35,51,0.1,-0.026802401486545
0.35,51,0.15,-0.0533790200180881
0.35,51,0.2,-0.078260632061702
0.35,51,0.25,-0.1078207465624074
0.35,51,0.3,-0.1205814140580891
0.35,51,0.35,-0.1337021446836797
0.35,51,0.4,-0.1406145415437394
0.35,51,0.45,-0.1391076074072576
0.35,51,0.5,-0.1422056184426251
0.35,51,0.55,-0.1485724501082551
0.35,51,0.6,-0.1472752578938721
0.35,51,0.65,-0.1502866131869171
0.35,51,0.7,-0.1515171693457261
0.35,51,0.75,-0.1528649768519495
0.35,51,0.8,-0.1539671076216442
0.35,51,0.85,-0.1502089510255804
0.35,51,0.9,-0.1547251933660222
0.35,51,0.95,-0.1543855754337714
0.35,51,1.0,-0.1577765106372047
0.35,52,0.1,-0.0206005353203731
0.35,52,0.15,-0.046708468029337
0.35,52,0.2,-0.079691809181898
0.35,52,0.25,-0.109831035875372
0.35,52,0.3,-0.1329466283496196
0.35,52,0.35,-0.1498147977069334
0.35,52,0.4,-0.1403177771430054
0.35,52,0.45,-0.1582393607417626
0.35,52,0.5,-0.1595985635578569
0.35,52,0.55,-0.1505653645518942
0.35,52,0.6,-0.1491110265319508
0.35,52,0.65,-0.1555467453522678
0.35,52,0.7,-0.1597921377002263
0.35,52,0.75,-0.1560765931258362
0.35,52,0.8,-0.1525366656452582
0.35,52,0.85,-0.1570114573037023
0.35,52,0.9,-0.1586650572557066
0.35,52,0.95,-0.1570737656697758
0.35,52,1.0,-0.1625107305628651
0.35,53,0.1,-0.0226270018960795
0.35,53,0.15,-0.0478327172992582
0.35,53,0.2,-0.0896620053743998
0.35,53,0.25,-0.1089699341587853
0.35,53,0.3,-0.1368935954608633
0.35,53,0.35,-0.1475178664449727
0.35,53,0.4,-0.1467623824737426
0.35,53,0.45,-0.1600832233878754
0.35,53,0.5,-0.1512248210696365
0.35,53,0.55,-0.1585108125652486
0.35,53,0.6,-0.1543927247928058
0.35,53,0.65,-0.1529289750410841
0.35,53,0.7,-0.1535843549632312
0.35,53,0.75,-0.1635203890509111
0.35,53,0.8,-0.1570678371767985
0.35,53,0.85,-0.1564789393999816
0.35,53,0.9,-0.1569805850846724
0.35,53,0.95,-0.1537557232173017
0.35,53,1.0,-0.1584539681670478
0.35,54,0.1,-0.0215511733246862
0.35,54,0.15,-0.0480634531802291
0.35,54,0.2,-0.0778539176830322
0.35,54,0.25,-0.1021203704306218
0.35,54,0.3,-0.1222599053041648
0.35,54,0.35,-0.1410707923912877
0.35,54,0.4,-0.146985605340483
0.35,54,0.45,-0.1567869753319394
0.35,54,0.5,-0.1558397072164867
0.35,54,0.55,-0.1638492149983424
0.35,54,0.6,-0.1547230949007977
0.35,54,0.65,-0.1597246722483028
0.35,54,0.7,-0.1674664747794973
0.35,54,0.75,-0.1591571807319502
0.35,54,0.8,-0.1560226334729092
0.35,54,0.85,-0.157147075144124
0.35,54,0.9,-0.1555211539606488
0.35,54,0.95,-0.1583601697261028
0.35,54,1.0,-0.1601028797885861
0.35,55,0.1,-0.0233431545001007
0.35,55,0.15,-0.0505892685791896
0.35,55,0.2,-0.083492174513942
0.35,55,0.25,-0.1048794099767801
0.35,55,0.3,-0.1274057306350938
0.35,55,0.35,-0.1415205799116908
0.35,55,0.4,-0.1432249954107944
0.35,55,0.45,-0.1479972047289449
0.35,55,0.5,-0.1482574574335027
0.35,55,0.55,-0.1458109967939716
0.35,55,0.6,-0.1470169713651131
0.35,55,0.65,-0.1501192457256947
0.35,55,0.7,-0.1490826104766744
0.35,55,0.75,-0.1501501351742883
0.35,55,0.8,-0.1544504576061393
0.35,55,0.85,-0.1574042698621078
0.35,55,0.9,-0.1531742111874054
0.35,55,0.95,-0.1503428881143375
0.35,55,1.0,-0.1563590386925042
0.35,56,0.1,-0.0210456442395331
0.35,56,0.15,-0.0479903646601028
0.35,56,0.2,-0.0795094609351536
0.35,56,0.25,-0.1101644084959754
0.35,56,0.3,-0.1202156063847513
0.35,56,0.35,-0.1377728757539667
0.35,56,0.4,-0.1489755038042201
0.35,56,0.45,-0.146132379001326
0.35,56,0.5,-0.1463644978119703
0.35,56,0.55,-0.1471474019067998
0.35,56,0.6,-0.1499827798675456
0.35,56,0.65,-0.1536045779967811
0.35,56,0.7,-0.1532706159468439
0.35,56,0.75,-0.1538684677103451
0.35,56,0.8,-0.1535792671332346
0.35,56,0.85,-0.1536283459076638
0.35,56,0.9,-0.1554059739636761
0.35,56,0.95,-0.1552629398117954
0.35,56,1.0,-0.1587538989083278
0.35,57,0.1,-0.021926304337428
0.35,57,0.15,-0.0504899618835165
0.35,57,0.2,-0.0804970037619358
0.35,57,0.25,-0.1144075548351884
0.35,57,0.3,-0.1351032591737873
0.35,57,0.35,-0.1411973141887439
0.35,57,0.4,-0.1501927499072121
0.35,57,0.45,-0.1488334535909068
0.35,57,0.5,-0.1501861773056529
0.35,57,0.55,-0.1558512312069307
0.35,57,0.6,-0.1566739136647477
0.35,57,0.65,-0.1564859105255447
0.35,57,0.7,-0.1560488548284948
0.35,57,0.75,-0.1556166991998335
0.35,57,0.8,-0.153566341388643
0.35,57,0.85,-0.1560733068707903
0.35,57,0.9,-0.1540672347985483
0.35,57,0.95,-0.1592623105247241
0.35,57,1.0,-0.1591266316970242
0.35,58,0.1,-0.0246358893257108
0.35,58,0.15,-0.0508825626555206
0.35,58,0.2,-0.0707646301054345
0.35,58,0.25,-0.0976697300903195
0.35,58,0.3,-0.1250437340767274
0.35,58,0.35,-0.1374681664134461
0.35,58,0.4,-0.1413654748891459
0.35,58,0.45,-0.1496808261684208
0.35,58,0.5,-0.1536971889302453
0.35,58,0.55,-0.1493879755038996
0.35,58,0.6,-0.1533517342047626
0.35,58,0.65,-0.1550099608593121
0.35,58,0.7,-0.157586201337759
0.35,58,0.75,-0.1513077962825146
0.35,58,0.8,-0.1571149162692311
0.35,58,0.85,-0.1544475067823655
0.35,58,0.9,-0.1547691311674104
0.35,58,0.95,-0.1520437173346089
0.35,58,1.0,-0.1565776386624779
0.35,59,0.1,-0.015480159267989
0.35,59,0.15,-0.0401751570627065
0.35,59,0.2,-0.0696399023777104
0.35,59,0.25,-0.0945574664492071
0.35,59,0.3,-0.115329052943847
0.35,59,0.35,-0.1284152324846358
0.35,59,0.4,-0.1410177246998198
0.35,59,0.45,-0.1536949348976832
0.35,59,0.5,-0.153697126583239
0.35,59,0.55,-0.1533090574460788
0.35,59,0.6,-0.1554103260641759
0.35,59,0.65,-0.1515307384801879
0.35,59,0.7,-0.155477676798284
0.35,59,0.75,-0.1560393944372327
0.35,59,0.8,-0.1620165077811039
0.35,59,0.85,-0.1556177099014093
0.35,59,0.9,-0.1600970096070099
0.35,59,0.95,-0.1574056889079513
0.35,59,1.0,-0.1563349708263122
0.35,60,0.1,-0.0243997210455072
0.35,60,0.15,-0.0510447475989647
0.35,60,0.2,-0.0796976419023426
0.35,60,0.25,-0.1152443272417257
0.35,60,0.3,-0.1304301055650314
0.35,60,0.35,-0.1427520630829398
0.35,60,0.4,-0.1539083537105785
0.35,60,0.45,-0.1494266422327584
0.35,60,0.5,-0.1537469182006201
0.35,60,0.55,-0.1560778395905674
0.35,60,0.6,-0.1481897893452311
0.35,60,0.65,-0.1471244159506914
0.35,60,0.7,-0.152467827276162
0.35,60,0.75,-0.1512051109124867
0.35,60,0.8,-0.1524843251458598
0.35,60,0.85,-0.1542891684257866
0.35,60,0.9,-0.1577247099565317
0.35,60,0.95,-0.1541509518262127
0.35,60,1.0,-0.1596955782578935
0.35,61,0.1,-0.0328348477117147
0.35,61,0.15,-0.0661214923107465
0.35,61,0.2,-0.0972728338606725
0.35,61,0.25,-0.1335321211490891
0.35,61,0.3,-0.1476112286643733
0.35,61,0.35,-0.1616757392978448
0.35,61,0.4,-0.1570182477474916
0.35,61,0.45,-0.1575236613183744
0.35,61,0.5,-0.1544785768727823
0.35,61,0.55,-0.1498412422495477
0.35,61,0.6,-0.1532839502518846
0.35,61,0.65,-0.1541298152554988
0.35,61,0.7,-0.1513680831110536
0.35,61,0.75,-0.1549225587897212
0.35,61,0.8,-0.1551319776817079
0.35,61,0.85,-0.1548935083841492
0.35,61,0.9,-0.1578490929000604
0.35,61,0.95,-0.1554465356862606
0.35,61,1.0,-0.1557056819969289
0.35,62,0.1,-0.0204913950665218
0.35,62,0.15,-0.0478782894347886
0.35,62,0.2,-0.0819292734327091
0.35,62,0.25,-0.1008702996825429
0.35,62,0.3,-0.1302073902714906
0.35,62,0.35,-0.1471421210397439
0.35,62,0.4,-0.1459046050066869
0.35,62,0.45,-0.1506053985723482
0.35,62,0.5,-0.1559815555983289
0.35,62,0.55,-0.1496886472773783
0.35,62,0.6,-0.1565474049753493
0.35,62,0.65,-0.1553069858016202
0.35,62,0.7,-0.1521962972877905
0.35,62,0.75,-0.153767902046161
0.35,62,0.8,-0.1545691489928497
0.35,62,0.85,-0.1518425274446207
0.35,62,0.9,-0.1558430185521137
0.35,62,0.95,-0.1541754966860032
0.35,62,1.0,-0.1557155624176425
0.35,63,0.1,-0.0195351647664693
0.35,63,0.15,-0.0456346316462078
0.35,63,0.2,-0.0764170203919539
0.35,63,0.25,-0.0979681370393752
0.35,63,0.3,-0.1264808677829015
0.35,63,0.35,-0.1339159205798397
0.35,63,0.4,-0.141150222020409
0.35,63,0.45,-0.1478940347784984
0.35,63,0.5,-0.152641210927585
0.35,63,0.55,-0.1509728321217488
0.35,63,0.6,-0.157504894083847
0.35,63,0.65,-0.1484834725321364
0.35,63,0.7,-0.1571454601887564
0.35,63,0.75,-0.154781311403084
0.35,63,0.8,-0.1555852176922038
0.35,63,0.85,-0.1552631625146393
0.35,63,0.9,-0.1538819682414624
0.35,63,0.95,-0.1553437164395363
0.35,63,1.0,-0.1572076134816812
0.35,64,0.1,-0.02289464997256
0.35,64,0.15,-0.0499767677814008
0.35,64,0.2,-0.0791234413798539
0.35,64,0.25,-0.1037871430373573
0.35,64,0.3,-0.120011416454196
0.35,64,0.35,-0.1377672095952672
0.35,64,0.4,-0.1343052219333655
0.35,64,0.45,-0.1462114984992385
0.35,64,0.5,-0.1483561453250859
0.35,64,0.55,-0.1545915827814878
0.35,64,0.6,-0.1513686234020597
0.35,64,0.65,-0.1550035019539528
0.35,64,0.7,-0.1543763414610251
0.35,64,0.75,-0.1528258064501102
0.35,64,0.8,-0.1575021266879769
0.35,64,0.85,-0.1561595140485726
0.35,64,0.9,-0.1548627186485527
0.35,64,0.95,-0.1548627714777501
0.35,64,1.0,-0.1535245089263907
0.35,65,0.1,-0.0229305398703747
0.35,65,0.15,-0.0548352557362926
0.35,65,0.2,-0.0856990873806277
0.35,65,0.25,-0.1128218135598974
0.35,65,0.3,-0.1322975941799899
0.35,65,0.35,-0.1426461635979859
0.35,65,0.4,-0.1503283338750027
0.35,65,0.45,-0.1542973965091363
0.35,65,0.5,-0.1547339082990176
0.35,65,0.55,-0.1544440368931023
0.35,65,0.6,-0.1564253856810483
0.35,65,0.65,-0.1528902326549569
0.35,65,0.7,-0.1542135398142102
0.35,65,0.75,-0.1526411062805444
0.35,65,0.8,-0.1532123966115447
0.35,65,0.85,-0.1585895934931903
0.35,65,0.9,-0.1532286041121491
0.35,65,0.95,-0.1570424979499456
0.35,65,1.0,-0.1560203068201652
0.35,66,0.1,-0.0229162041985175
0.35,66,0.15,-0.049526036308378
0.35,66,0.2,-0.0887585039493468
0.35,66,0.25,-0.1150700448359704
0.35,66,0.3,-0.1226795527813261
0.35,66,0.35,-0.1447976778150023
0.35,66,0.4,-0.1478341185824976
0.35,66,0.45,-0.1467385714021026
0.35,66,0.5,-0.1506255392761639
0.35,66,0.55,-0.146289289611097
0.35,66,0.6,-0.1514582655967698
0.35,66,0.65,-0.1523316698903079
0.35,66,0.7,-0.1524699076571272
0.35,66,0.75,-0.1550658597939345
0.35,66,0.8,-0.1547492647062729
0.35,66,0.85,-0.152710563966803
0.35,66,0.9,-0.1566371501336969
0.35,66,0.95,-0.156535082806301
0.35,66,1.0,-0.1530336873907848
0.35,67,0.1,-0.0221968650354513
0.35,67,0.15,-0.0487831289381811
0.35,67,0.2,-0.0814962085536806
0.35,67,0.25,-0.107835496350306
0.35,67,0.3,-0.1265346967596586
0.35,67,0.35,-0.1427181887413002
0.35,67,0.4,-0.1508386400126092
0.35,67,0.45,-0.1477726744800175
0.35,67,0.5,-0.1449966936571304
0.35,67,0.55,-0.1481818869458554
0.35,67,0.6,-0.1516819856511174
0.35,67,0.65,-0.1550095892293586
0.35,67,0.7,-0.1537208903411089
0.35,67,0.75,-0.1576361999060118
0.35,67,0.8,-0.1497740421751491
0.35,67,0.85,-0.1556666958810298
0.35,67,0.9,-0.1549543430744222
0.35,67,0.95,-0.1571678450050813
0.35,67,1.0,-0.1601207395239339
0.35,68,0.1,-0.0232181749753081
0.35,68,0.15,-0.0513791042942916
0.35,68,0.2,-0.0763186310369709
0.35,68,0.25,-0.1004074080565581
0.35,68,0.3,-0.1244598431185304
0.35,68,0.35,-0.1436955785813534
0.35,68,0.4,-0.1381827749773944
0.35,68,0.45,-0.145912284225309
0.35,68,0.5,-0.1514557907178291
0.35,68,0.55,-0.1530526845667121
0.35,68,0.6,-0.1524654446899341
0.35,68,0.65,-0.152048339073728
0.35,68,0.7,-0.1506342202063057
0.35,68,0.75,-0.1563517824433274
0.35,68,0.8,-0.1583706794110849
0.35,68,0.85,-0.1580654261713939
0.35,68,0.9,-0.1503769672908183
0.35,68,0.95,-0.1577462782800648
0.35,68,1.0,-0.1592985037284434
0.35,69,0.1,-0.0218675876099404
0.35,69,0.15,-0.046497843903379
0.35,69,0.2,-0.0839317849126099
0.35,69,0.25,-0.1012149831093796
0.35,69,0.3,-0.1275550289284716
0.35,69,0.35,-0.1413275904671267
0.35,69,0.4,-0.1468652566839516
0.35,69,0.45,-0.1503368890348299
0.35,69,0.5,-0.1589680478845835
0.35,69,0.55,-0.1533319482113034
0.35,69,0.6,-0.1555548433119859
0.35,69,0.65,-0.1575666998827006
0.35,69,0.7,-0.1514248309276651
0.35,69,0.75,-0.156953623124767
0.35,69,0.8,-0.157297853413158
0.35,69,0.85,-0.1560054317029473
0.35,69,0.9,-0.153564102731323
0.35,69,0.95,-0.1567956539754571
0.35,69,1.0,-0.1567084032468061
0.35,70,0.1,-0.0265069964114025
0.35,70,0.15,-0.056855806387757
0.35,70,0.2,-0.0882409420128341
0.35,70,0.25,-0.1118777429837222
0.35,70,0.3,-0.1294847883697444
0.35,70,0.35,-0.1364927732151039
0.35,70,0.4,-0.1414696828402854
0.35,70,0.45,-0.1395322486053804
0.35,70,0.5,-0.1493626729099445
0.35,70,0.55,-0.1437819677216925
0.35,70,0.6,-0.1441794081785281
0.35,70,0.65,-0.1501736038545273
0.35,70,0.7,-0.1532293753524371
0.35,70,0.75,-0.1513837693445019
0.35,70,0.8,-0.1529306344932371
0.35,70,0.85,-0.155057757485036
0.35,70,0.9,-0.1572815182083749
0.35,70,0.95,-0.1523531217260085
0.35,70,1.0,-0.152966232000298
0.35,71,0.1,-0.0266349004191232
0.35,71,0.15,-0.0529166147968475
0.35,71,0.2,-0.0879947167918549
0.35,71,0.25,-0.1114139110681266
0.35,71,0.3,-0.1252562673505487
0.35,71,0.35,-0.1364464387874496
0.35,71,0.4,-0.1494325706095408
0.35,71,0.45,-0.1491006596374397
0.35,71,0.5,-0.149184765199819
0.35,71,0.55,-0.1491702429607751
0.35,71,0.6,-0.146530120031451
0.35,71,0.65,-0.1454999083235398
0.35,71,0.7,-0.1483600859903213
0.35,71,0.75,-0.1559615227915501
0.35,71,0.8,-0.1532607195188033
0.35,71,0.85,-0.1512359503166499
0.35,71,0.9,-0.1526108749703676
0.35,71,0.95,-0.1555051639574707
0.35,71,1.0,-0.1593899091327692
0.35,72,0.1,-0.0275933832160973
0.35,72,0.15,-0.0532607000487855
0.35,72,0.2,-0.0879747789486272
0.35,72,0.25,-0.1111245046693673
0.35,72,0.3,-0.1354035476738919
0.35,72,0.35,-0.1416476604326312
0.35,72,0.4,-0.1475353413992323
0.35,72,0.45,-0.1429568921013979
0.35,72,0.5,-0.1524075995172238
0.35,72,0.55,-0.1519316513331028
0.35,72,0.6,-0.1498709818701954
0.35,72,0.65,-0.1496077866274433
0.35,72,0.7,-0.1508829667652738
0.35,72,0.75,-0.1534372395299555
0.35,72,0.8,-0.1548905580235348
0.35,72,0.85,-0.1548338117344425
0.35,72,0.9,-0.1547226204635633
0.35,72,0.95,-0.1581374799308893
0.35,72,1.0,-0.155631813193121
0.35,73,0.1,-0.0218045723991028
0.35,73,0.15,-0.0523401510261675
0.35,73,0.2,-0.0813215176744
0.35,73,0.25,-0.1098907689757976
0.35,73,0.3,-0.1363150814812588
0.35,73,0.35,-0.1473797802350203
0.35,73,0.4,-0.1563055653930825
0.35,73,0.45,-0.1643538816630501
0.35,73,0.5,-0.1578339970195588
0.35,73,0.55,-0.1570908472715293
0.35,73,0.6,-0.1518318040809284
0.35,73,0.65,-0.1606693827211779
0.35,73,0.7,-0.1511459881100608
0.35,73,0.75,-0.1545094549640793
0.35,73,0.8,-0.155115314582802
0.35,73,0.85,-0.1552323758251262
0.35,73,0.9,-0.1559313386481057
0.35,73,0.95,-0.1558257911512309
0.35,73,1.0,-0.1573361908525647
0.35,74,0.1,-0.0196347945125628
0.35,74,0.15,-0.0474183729838309
0.35,74,0.2,-0.0833255636861984
0.35,74,0.25,-0.1152073837429549
0.35,74,0.3,-0.123453567699122
0.35,74,0.35,-0.1508379964075836
0.35,74,0.4,-0.1484775143549314
0.35,74,0.45,-0.1591480059159072
0.35,74,0.5,-0.1554530987998926
0.35,74,0.55,-0.153851278515172
0.35,74,0.6,-0.1572247875123248
0.35,74,0.65,-0.15694468504772
0.35,74,0.7,-0.1550161343467395
0.35,74,0.75,-0.1573307953848275
0.35,74,0.8,-0.1549005316031615
0.35,74,0.85,-0.1573276785793563
0.35,74,0.9,-0.1547234642489653
0.35,74,0.95,-0.1534315485380439
0.35,74,1.0,-0.1597837528732338
0.35,75,0.1,-0.0283604658405
0.35,75,0.15,-0.0615638825980144
0.35,75,0.2,-0.0869998899450674
0.35,75,0.25,-0.1207921171067607
0.35,75,0.3,-0.1419539382104207
0.35,75,0.35,-0.1477938664875077
0.35,75,0.4,-0.1488266696142175
0.35,75,0.45,-0.1476709316864567
0.35,75,0.5,-0.1503690614206339
0.35,75,0.55,-0.1480705359206946
0.35,75,0.6,-0.1468958940655212
0.35,75,0.65,-0.1501871666565954
0.35,75,0.7,-0.1520231478330388
0.35,75,0.75,-0.1491398029912745
0.35,75,0.8,-0.1489916870299623
0.35,75,0.85,-0.1556108147151763
0.35,75,0.9,-0.1536835122623354
0.35,75,0.95,-0.1555235656463428
0.35,75,1.0,-0.1511504868243217
0.35,76,0.1,-0.0232866241275822
0.35,76,0.15,-0.0587128850818108
0.35,76,0.2,-0.0878313185430158
0.35,76,0.25,-0.1119301600017661
0.35,76,0.3,-0.1396285130201116
0.35,76,0.35,-0.1498871172776028
0.35,76,0.4,-0.1483297785974289
0.35,76,0.45,-0.1507510807091117
0.35,76,0.5,-0.1463493959872906
0.35,76,0.55,-0.1514773429876564
0.35,76,0.6,-0.1576018712922685
0.35,76,0.65,-0.1536670131735943
0.35,76,0.7,-0.1470705970681025
0.35,76,0.75,-0.1559733139201288
0.35,76,0.8,-0.1554466043873338
0.35,76,0.85,-0.1542980669252309
0.35,76,0.9,-0.157809298136705
0.35,76,0.95,-0.1571359924343973
0.35,76,1.0,-0.1568155751795449
0.35,77,0.1,-0.0246716125268503
0.35,77,0.15,-0.0548056846207097
0.35,77,0.2,-0.0816664671648323
0.35,77,0.25,-0.1155029163031861
0.35,77,0.3,-0.1271349492030983
0.35,77,0.35,-0.1325278519546928
0.35,77,0.4,-0.1436010687609415
0.35,77,0.45,-0.1470506833551715
0.35,77,0.5,-0.1526130267915138
0.35,77,0.55,-0.1546209101598238
0.35,77,0.6,-0.1575886645288096
0.35,77,0.65,-0.1558234431730454
0.35,77,0.7,-0.1534163642549694
0.35,77,0.75,-0.1588504541444402
0.35,77,0.8,-0.1564693662123784
0.35,77,0.85,-0.1530415272533449
0.35,77,0.9,-0.1540319470237874
0.35,77,0.95,-0.1592970294387878
0.35,77,1.0,-0.1598277403648445
0.35,78,0.1,-0.0265384121542669
0.35,78,0.15,-0.0557070212869366
0.35,78,0.2,-0.0954869073231893
0.35,78,0.25,-0.1336552300895172
0.35,78,0.3,-0.1526363843307861
0.35,78,0.35,-0.1627269646043878
0.35,78,0.4,-0.1567263079043156
0.35,78,0.45,-0.1600083238472276
0.35,78,0.5,-0.1607449539230387
0.35,78,0.55,-0.161046316814518
0.35,78,0.6,-0.160970742364969
0.35,78,0.65,-0.1592118376536885
0.35,78,0.7,-0.1612351798301289
0.35,78,0.75,-0.1541532285493694
0.35,78,0.8,-0.1611336418533525
0.35,78,0.85,-0.156780604996489
0.35,78,0.9,-0.1574559330524899
0.35,78,0.95,-0.1557652235320785
0.35,78,1.0,-0.1596075181662021
0.35,79,0.1,-0.0293442598180025
0.35,79,0.15,-0.0611114946536716
0.35,79,0.2,-0.0944120755864414
0.35,79,0.25,-0.1177885561078695
0.35,79,0.3,-0.1364144748382524
0.35,79,0.35,-0.1454068774818139
0.35,79,0.4,-0.1524394722086212
0.35,79,0.45,-0.1549847986159785
0.35,79,0.5,-0.1541548672021261
0.35,79,0.55,-0.1508583550481966
0.35,79,0.6,-0.1499608549481959
0.35,79,0.65,-0.150653290841862
0.35,79,0.7,-0.1549913232535687
0.35,79,0.75,-0.1508784473516105
0.35,79,0.8,-0.1572053516646859
0.35,79,0.85,-0.1576249174422811
0.35,79,0.9,-0.1527940153232677
0.35,79,0.95,-0.1542802859515829
0.35,79,1.0,-0.1573634234747221
0.35,80,0.1,-0.0250904902231031
0.35,80,0.15,-0.0527102822539109
0.35,80,0.2,-0.0891254057325314
0.35,80,0.25,-0.1224376684068382
0.35,80,0.3,-0.1426640939298348
0.35,80,0.35,-0.155102954943699
0.35,80,0.4,-0.1485028604226222
0.35,80,0.45,-0.1511647764235949
0.35,80,0.5,-0.1486711766764215
0.35,80,0.55,-0.1527958892769294
0.35,80,0.6,-0.1476245024675398
0.35,80,0.65,-0.1510432700970596
0.35,80,0.7,-0.1505444679053161
0.35,80,0.75,-0.1503338202580849
0.35,80,0.8,-0.1537479638737789
0.35,80,0.85,-0.1508184813974568
0.35,80,0.9,-0.1536954038251508
0.35,80,0.95,-0.1546078942183814
0.35,80,1.0,-0.1556820981067902
0.35,81,0.1,-0.0214717809741758
0.35,81,0.15,-0.0513959989269971
0.35,81,0.2,-0.0851282052161477
0.35,81,0.25,-0.1110946162134197
0.35,81,0.3,-0.1303049522830285
0.35,81,0.35,-0.139454664821482
0.35,81,0.4,-0.1440705696722662
0.35,81,0.45,-0.1481902209352426
0.35,81,0.5,-0.148462816604366
0.35,81,0.55,-0.1485276398388329
0.35,81,0.6,-0.1496580465505525
0.35,81,0.65,-0.1473489706791947
0.35,81,0.7,-0.1464544526777838
0.35,81,0.75,-0.1522928219897193
0.35,81,0.8,-0.1509425611257905
0.35,81,0.85,-0.1490994755783944
0.35,81,0.9,-0.1557588982045772
0.35,81,0.95,-0.1561042094889104
0.35,81,1.0,-0.1582546392830642
0.35,82,0.1,-0.0186410013271548
0.35,82,0.15,-0.0417981969558549
0.35,82,0.2,-0.0813682389111387
0.35,82,0.25,-0.1002381169946022
0.35,82,0.3,-0.1279866696153588
0.35,82,0.35,-0.1339668203524879
0.35,82,0.4,-0.1439502112423712
0.35,82,0.45,-0.1505466807569276
0.35,82,0.5,-0.1504776804319305
0.35,82,0.55,-0.153639082624906
0.35,82,0.6,-0.1516236775238402
0.35,82,0.65,-0.1560651462666299
0.35,82,0.7,-0.1551618654848807
0.35,82,0.75,-0.1535665181324151
0.35,82,0.8,-0.1546602809574581
0.35,82,0.85,-0.1555125273978853
0.35,82,0.9,-0.1544324218933162
0.35,82,0.95,-0.1537704501006987
0.35,82,1.0,-0.1583454766449795
0.35,83,0.1,-0.0224017690666579
0.35,83,0.15,-0.0509089699646218
0.35,83,0.2,-0.0806719113719615
0.35,83,0.25,-0.112963062053804
0.35,83,0.3,-0.1363229814130709
0.35,83,0.35,-0.1410774185529669
0.35,83,0.4,-0.1527181823712312
0.35,83,0.45,-0.1582332818001049
0.35,83,0.5,-0.1557823741373627
0.35,83,0.55,-0.1558698615181753
0.35,83,0.6,-0.154802974769059
0.35,83,0.65,-0.1560802432534448
0.35,83,0.7,-0.1583720596813409
0.35,83,0.75,-0.1599202202685207
0.35,83,0.8,-0.155763606718673
0.35,83,0.85,-0.1571393836017118
0.35,83,0.9,-0.158476141308093
0.35,83,0.95,-0.1546498661065229
0.35,83,1.0,-0.15794446284581
0.35,84,0.1,-0.0156273738869225
0.35,84,0.15,-0.0386295353885651
0.35,84,0.2,-0.0585331750080455
0.35,84,0.25,-0.0888951012223986
0.35,84,0.3,-0.1024715692032656
0.35,84,0.35,-0.1312593987434682
0.35,84,0.4,-0.1369714889298178
0.35,84,0.45,-0.1522320775194595
0.35,84,0.5,-0.1583370298841869
0.35,84,0.55,-0.1536862036083497
0.35,84,0.6,-0.1490262717701758
0.35,84,0.65,-0.1601732622524651
0.35,84,0.7,-0.1554429179148278
0.35,84,0.75,-0.1537998623273944
0.35,84,0.8,-0.1575798067509561
0.35,84,0.85,-0.1583110295701344
0.35,84,0.9,-0.1540661150688993
0.35,84,0.95,-0.1597300380151645
0.35,84,1.0,-0.1551310039917151
0.35,85,0.1,-0.0229427010467019
0.35,85,0.15,-0.0497780904398767
0.35,85,0.2,-0.0841006886613236
0.35,85,0.25,-0.1066277053719055
0.35,85,0.3,-0.1377797994439348
0.35,85,0.35,-0.1381354507024766
0.35,85,0.4,-0.1533985798007932
0.35,85,0.45,-0.1558307344798455
0.35,85,0.5,-0.1474515214324471
0.35,85,0.55,-0.1480386608352215
0.35,85,0.6,-0.1506690268154118
0.35,85,0.65,-0.1543991749159335
0.35,85,0.7,-0.1495324615850563
0.35,85,0.75,-0.1538970824255552
0.35,85,0.8,-0.1549809153230348
0.35,85,0.85,-0.155765218252745
0.35,85,0.9,-0.1550524607069106
0.35,85,0.95,-0.1562503537924892
0.35,85,1.0,-0.1578191789601121
0.35,86,0.1,-0.0212273829140536
0.35,86,0.15,-0.0527275373463095
0.35,86,0.2,-0.0822257141299559
0.35,86,0.25,-0.1091664346755818
0.35,86,0.3,-0.1311640647068732
0.35,86,0.35,-0.1446526932172812
0.35,86,0.4,-0.1591375042121743
0.35,86,0.45,-0.1549898855514407
0.35,86,0.5,-0.1554252567889743
0.35,86,0.55,-0.1524743668111197
0.35,86,0.6,-0.1532974287570291
0.35,86,0.65,-0.1538770062966453
0.35,86,0.7,-0.1549381684973653
0.35,86,0.75,-0.1554439761883844
0.35,86,0.8,-0.1544678181501335
0.35,86,0.85,-0.1584461738679725
0.35,86,0.9,-0.1579650834406603
0.35,86,0.95,-0.1579079395162558
0.35,86,1.0,-0.1566013717175109
0.35,87,0.1,-0.0231584354369565
0.35,87,0.15,-0.0532882232712428
0.35,87,0.2,-0.0839701792564835
0.35,87,0.25,-0.1037992749244741
0.35,87,0.3,-0.1270223560524335
0.35,87,0.35,-0.1405656794460204
0.35,87,0.4,-0.1457070607169018
0.35,87,0.45,-0.1530166847640638
0.35,87,0.5,-0.1504806066373267
0.35,87,0.55,-0.1503229257561622
0.35,87,0.6,-0.154107561182858
0.35,87,0.65,-0.1524038980925992
0.35,87,0.7,-0.1529375560067408
0.35,87,0.75,-0.1516466144655656
0.35,87,0.8,-0.155810399262544
0.35,87,0.85,-0.157113469358177
0.35,87,0.9,-0.1549653686280597
0.35,87,0.95,-0.1599959968314803
0.35,87,1.0,-0.1566020379800003
0.35,88,0.1,-0.0255215736200303
0.35,88,0.15,-0.0547211833751406
0.35,88,0.2,-0.0860489809922666
0.35,88,0.25,-0.1078779148527727
0.35,88,0.3,-0.1261132694620977
0.35,88,0.35,-0.138449668453993
0.35,88,0.4,-0.138350786857933
0.35,88,0.45,-0.1484908966696624
0.35,88,0.5,-0.1505070128440295
0.35,88,0.55,-0.1519219993929376
0.35,88,0.6,-0.1530634396147526
0.35,88,0.65,-0.1500156029904167
0.35,88,0.7,-0.1556228284443493
0.35,88,0.75,-0.1559130559058398
0.35,88,0.8,-0.1529615952285992
0.35,88,0.85,-0.1570002126688232
0.35,88,0.9,-0.1549149519909392
0.35,88,0.95,-0.1560007398661211
0.35,88,1.0,-0.1561351430951791
0.35,89,0.1,-0.029900644717248
0.35,89,0.15,-0.0579981991939887
0.35,89,0.2,-0.0989669545789086
0.35,89,0.25,-0.1279976173642427
0.35,89,0.3,-0.1445675819915649
0.35,89,0.35,-0.1612797018458262
0.35,89,0.4,-0.1622947475629281
0.35,89,0.45,-0.1558109094372698
0.35,89,0.5,-0.1553267331733479
0.35,89,0.55,-0.1531559886911805
0.35,89,0.6,-0.1600788680512293
0.35,89,0.65,-0.1564637260425543
0.35,89,0.7,-0.1588312479050691
0.35,89,0.75,-0.1594133728465482
0.35,89,0.8,-0.1577010643225224
0.35,89,0.85,-0.1570559576145332
0.35,89,0.9,-0.1538943983373394
0.35,89,0.95,-0.1609097392942197
0.35,89,1.0,-0.1550982756947559
0.4,0,0.1,-0.0230774198806334
0.4,0,0.15,-0.0512673262249155
0.4,0,0.2,-0.0860589587884142
0.4,0,0.25,-0.1180792915282683
0.4,0,0.3,-0.1370411061939719
0.4,0,0.35,-0.146656224924048
0.4,0,0.4,-0.151086287061986
0.4,0,0.45,-0.1496494160503638
0.4,0,0.5,-0.1548744117259836
0.4,0,0.55,-0.1552481678699873
0.4,0,0.6,-0.1597138827305649
0.4,0,0.65,-0.1521330973340537
0.4,0,0.7,-0.1596993037631859
0.4,0,0.75,-0.1585323800564692
0.4,0,0.8,-0.1569615935604094
0.4,0,0.85,-0.1571842116978105
0.4,0,0.9,-0.1561754381522781
0.4,0,0.95,-0.1581153121142471
0.4,0,1.0,-0.1576500526391133
0.4,1,0.1,-0.0230211685378044
0.4,1,0.15,-0.0524967140348951
0.4,1,0.2,-0.0819725734863844
0.4,1,0.25,-0.1095302235864918
0.4,1,0.3,-0.1350383142374359
0.4,1,0.35,-0.1524852104110326
0.4,1,0.4,-0.1483569387130313
0.4,1,0.45,-0.1610267247107069
0.4,1,0.5,-0.1554395803474688
0.4,1,0.55,-0.1540604067698821
0.4,1,0.6,-0.1580582386905627
0.4,1,0.65,-0.1607591055239147
0.4,1,0.7,-0.1529313862397578
0.4,1,0.75,-0.157601852462888
0.4,1,0.8,-0.1566184299396888
0.4,1,0.85,-0.1582734531504751
0.4,1,0.9,-0.1591198991585329
0.4,1,0.95,-0.1605031734838122
0.4,1,1.0,-0.1601627808879367
0.4,2,0.1,-0.0256024153369664
0.4,2,0.15,-0.0596574532239492
0.4,2,0.2,-0.1054344287045278
0.4,2,0.25,-0.1385054809222811
0.4,2,0.3,-0.1460176309174795
0.4,2,0.35,-0.1637145769765265
0.4,2,0.4,-0.15330700870513
0.4,2,0.45,-0.1600292087663206
0.4,2,0.5,-0.1627945384871029
0.4,2,0.55,-0.1642578656918355
0.4,2,0.6,-0.1623279229612939
0.4,2,0.65,-0.1574740852766627
0.4,2,0.7,-0.1613948586582179
0.4,2,0.75,-0.1563828926605713
0.4,2,0.8,-0.1592700003590431
0.4,2,0.85,-0.1574745603327714
0.4,2,0.9,-0.159720274309293
0.4,2,0.95,-0.158962169747183
0.4,2,1.0,-0.1599904876023621
0.4,3,0.1,-0.0234357507508574
0.4,3,0.15,-0.0509206017006229
0.4,3,0.2,-0.0858115576376477
0.4,3,0.25,-0.1204343122383007
0.4,3,0.3,-0.1332066272254334
0.4,3,0.35,-0.1458908976018878
0.4,3,0.4,-0.1473329201764609
0.4,3,0.45,-0.1596439422460459
0.4,3,0.5,-0.161409634150009
0.4,3,0.55,-0.1579512090060814
0.4,3,0.6,-0.1487283792104234
0.4,3,0.65,-0.1573374534627492
0.4,3,0.7,-0.1562773404559101
0.4,3,0.75,-0.1558453111695438
0.4,3,0.8,-0.1584286983494719
0.4,3,0.85,-0.1590109850778935
0.4,3,0.9,-0.1621188958733737
0.4,3,0.95,-0.1590823753302671
0.4,3,1.0,-0.160819309621009
0.4,4,0.1,-0.023404219776889
0.4,4,0.15,-0.0532143871765308
0.4,4,0.2,-0.0850264804007697
0.4,4,0.25,-0.1182342082014589
0.4,4,0.3,-0.1431919879423275
0.4,4,0.35,-0.1541732397005239
0.4,4,0.4,-0.1619741223382254
0.4,4,0.45,-0.1683216467986082
0.4,4,0.5,-0.1553890067549708
0.4,4,0.55,-0.1623252856541148
0.4,4,0.6,-0.1594957243024292
0.4,4,0.65,-0.1591972411394657
0.4,4,0.7,-0.1512573398312998
0.4,4,0.75,-0.1616906218807052
0.4,4,0.8,-0.1565897611929582
0.4,4,0.85,-0.1614169922485809
0.4,4,0.9,-0.1566968318293213
0.4,4,0.95,-0.1609161178401941
0.4,4,1.0,-0.1606482197584107
0.4,5,0.1,-0.0207166459596167
0.4,5,0.15,-0.0548318027693357
0.4,5,0.2,-0.0923132860437501
0.4,5,0.25,-0.1155723771682826
0.4,5,0.3,-0.1389049894360737
0.4,5,0.35,-0.1601630648050232
0.4,5,0.4,-0.1558654988020676
0.4,5,0.45,-0.1479100034213063
0.4,5,0.5,-0.1516146004693969
0.4,5,0.55,-0.1559701490498611
0.4,5,0.6,-0.1513457888845872
0.4,5,0.65,-0.156081892691728
0.4,5,0.7,-0.155510616226345
0.4,5,0.75,-0.1545630554951895
0.4,5,0.8,-0.1585061304117732
0.4,5,0.85,-0.1560025127542684
0.4,5,0.9,-0.1584560276135843
0.4,5,0.95,-0.1592177479513738
0.4,5,1.0,-0.1526394729505289
0.4,6,0.1,-0.0227320994285404
0.4,6,0.15,-0.0534258664219105
0.4,6,0.2,-0.0893757462615086
0.4,6,0.25,-0.1184838442866589
0.4,6,0.3,-0.1416405599968356
0.4,6,0.35,-0.1547123042861603
0.4,6,0.4,-0.1508100736429386
0.4,6,0.45,-0.1616411798243554
0.4,6,0.5,-0.1638688993369316
0.4,6,0.55,-0.1539042001850198
0.4,6,0.6,-0.1555943836326575
0.4,6,0.65,-0.1621789973031576
0.4,6,0.7,-0.1507759474221552
0.4,6,0.75,-0.158062562409454
0.4,6,0.8,-0.1576950363641007
0.4,6,0.85,-0.1592697129719321
0.4,6,0.9,-0.1558229050207097
0.4,6,0.95,-0.1578536758186939
0.4,6,1.0,-0.1598471920295956
0.4,7,0.1,-0.0182335844881565
0.4,7,0.15,-0.0512034438602445
0.4,7,0.2,-0.0857576831486602
0.4,7,0.25,-0.111071325905211
0.4,7,0.3,-0.1407258607813524
0.4,7,0.35,-0.1429931745116326
0.4,7,0.4,-0.1486451725922452
0.4,7,0.45,-0.1599088952304481
0.4,7,0.5,-0.1541472253672805
0.4,7,0.55,-0.1588797448353242
0.4,7,0.6,-0.1584805462109095
0.4,7,0.65,-0.1553099397582637
0.4,7,0.7,-0.156731679536515
0.4,7,0.75,-0.1574426218041058
0.4,7,0.8,-0.1562041539339392
0.4,7,0.85,-0.1561046006624036
0.4,7,0.9,-0.158236479430815
0.4,7,0.95,-0.1589033463502
0.4,7,1.0,-0.1588773469689175
0.4,8,0.1,-0.0226441328326095
0.4,8,0.15,-0.054385449749941
0.4,8,0.2,-0.0864300231075956
0.4,8,0.25,-0.1177227930533502
0.4,8,0.3,-0.1282980445172508
0.4,8,0.35,-0.1508785523080234
0.4,8,0.4,-0.1536004506245921
0.4,8,0.45,-0.1533963582928409
0.4,8,0.5,-0.1521410692373155
0.4,8,0.55,-0.1507601425614845
0.4,8,0.6,-0.1548177062275158
0.4,8,0.65,-0.1553946020643785
0.4,8,0.7,-0.156302368934861
0.4,8,0.75,-0.155842283923319
0.4,8,0.8,-0.1530940478736446
0.4,8,0.85,-0.1543482359784434
0.4,8,0.9,-0.155956203502415
0.4,8,0.95,-0.1541416802627904
0.4,8,1.0,-0.1599076505868374
0.4,9,0.1,-0.020101370934919
0.4,9,0.15,-0.0512300682410117
0.4,9,0.2,-0.080319942788135
0.4,9,0.25,-0.0998693610276484
0.4,9,0.3,-0.1326694707039058
0.4,9,0.35,-0.1296372057658323
0.4,9,0.4,-0.1518911680552404
0.4,9,0.45,-0.1566978776903111
0.4,9,0.5,-0.1539664135054517
0.4,9,0.55,-0.1578325884426296
0.4,9,0.6,-0.1564736612621462
0.4,9,0.65,-0.1561964255081357
0.4,9,0.7,-0.1591366861524258
0.4,9,0.75,-0.1622769739224552
0.4,9,0.8,-0.1610111886348326
0.4,9,0.85,-0.1651476561165567
0.4,9,0.9,-0.1615945225527712
0.4,9,0.95,-0.162001233341825
0.4,9,1.0,-0.1621795639204155
0.4,10,0.1,-0.0293568352898283
0.4,10,0.15,-0.0687913435458386
0.4,10,0.2,-0.102712383686273
0.4,10,0.25,-0.1307187849297291
0.4,10,0.3,-0.1432971149208034
0.4,10,0.35,-0.157946608738697
0.4,10,0.4,-0.1604839638919078
0.4,10,0.45,-0.160943497813895
0.4,10,0.5,-0.1548303931742299
0.4,10,0.55,-0.1596524072082456
0.4,10,0.6,-0.1559670411152869
0.4,10,0.65,-0.1570211123938783
0.4,10,0.7,-0.1594865909506989
0.4,10,0.75,-0.1581389802338177
0.4,10,0.8,-0.1553056392082559
0.4,10,0.85,-0.1557899169911683
0.4,10,0.9,-0.1576087538262824
0.4,10,0.95,-0.1569593434238427
0.4,10,1.0,-0.1582269287578628
0.4,11,0.1,-0.0247949109779323
0.4,11,0.15,-0.0572685240953134
0.4,11,0.2,-0.085552205448278
0.4,11,0.25,-0.124497823978914
0.4,11,0.3,-0.1387534718954654
0.4,11,0.35,-0.157339866845922
0.4,11,0.4,-0.1579247593258388
0.4,11,0.45,-0.1541282659751889
0.4,11,0.5,-0.1587522839578647
0.4,11,0.55,-0.1554921834895665
0.4,11,0.6,-0.157667601843093
0.4,11,0.65,-0.1570912098077037
0.4,11,0.7,-0.1583262723057735
0.4,11,0.75,-0.1560158035525069
0.4,11,0.8,-0.1563720846335958
0.4,11,0.85,-0.1554175331882165
0.4,11,0.9,-0.15867191797132
0.4,11,0.95,-0.1582825032668227
0.4,11,1.0,-0.1550128577001795
0.4,12,0.1,-0.0246505128663497
0.4,12,0.15,-0.0574610204332263
0.4,12,0.2,-0.0939549526780513
0.4,12,0.25,-0.1226809218902791
0.4,12,0.3,-0.1408102055600011
0.4,12,0.35,-0.146312115674864
0.4,12,0.4,-0.1540899439368223
0.4,12,0.45,-0.153430931984174
0.4,12,0.5,-0.1576087029078424
0.4,12,0.55,-0.1615579395764367
0.4,12,0.6,-0.1574577087878867
0.4,12,0.65,-0.1516997094393011
0.4,12,0.7,-0.1524868291889698
0.4,12,0.75,-0.1561676134888774
0.4,12,0.8,-0.1582841423709342
0.4,12,0.85,-0.1591258607694114
0.4,12,0.9,-0.1571123320290131
0.4,12,0.95,-0.1608002290795362
0.4,12,1.0,-0.1584207115539845
0.4,13,0.1,-0.0232383068397375
0.4,13,0.15,-0.0517556451494356
0.4,13,0.2,-0.0836535180858286
0.4,13,0.25,-0.1173787495678786
0.4,13,0.3,-0.1363751057922357
0.4,13,0.35,-0.1496813312113035
0.4,13,0.4,-0.1661196778517182
0.4,13,0.45,-0.1538499925735203
0.4,13,0.5,-0.1611028243514651
0.4,13,0.55,-0.1564415134505212
0.4,13,0.6,-0.159131814743568
0.4,13,0.65,-0.1572747612247628
0.4,13,0.7,-0.1582506131128057
0.4,13,0.75,-0.1585482231122562
0.4,13,0.8,-0.1549787839993333
0.4,13,0.85,-0.1610007751758247
0.4,13,0.9,-0.1580539441817791
0.4,13,0.95,-0.1589784441519145
0.4,13,1.0,-0.1598801835751769
0.4,14,0.1,-0.0219086779577155
0.4,14,0.15,-0.0503940297979014
0.4,14,0.2,-0.0811485790734881
0.4,14,0.25,-0.1122817906041718
0.4,14,0.3,-0.1235307924343653
0.4,14,0.35,-0.1509743718364135
0.4,14,0.4,-0.1552798314221638
0.4,14,0.45,-0.1514536080737653
0.4,14,0.5,-0.156080548917393
0.4,14,0.55,-0.1540664125290116
0.4,14,0.6,-0.1555697020726111
0.4,14,0.65,-0.1537788405728981
0.4,14,0.7,-0.1542091462161162
0.4,14,0.75,-0.1578456153171459
0.4,14,0.8,-0.1596305421843314
0.4,14,0.85,-0.1577517073705255
0.4,14,0.9,-0.1611965328943897
0.4,14,0.95,-0.1547686271052782
0.4,14,1.0,-0.1569550732677373
0.4,15,0.1,-0.0273631663698564
0.4,15,0.15,-0.0606882616191458
0.4,15,0.2,-0.1035020206303049
0.4,15,0.25,-0.1239056312624169
0.4,15,0.3,-0.1534043660965363
0.4,15,0.35,-0.1540842814999046
0.4,15,0.4,-0.1696164787973276
0.4,15,0.45,-0.1667762723581374
0.4,15,0.5,-0.1529873841736548
0.4,15,0.55,-0.1683193865933132
0.4,15,0.6,-0.1579353759631062
0.4,15,0.65,-0.1586704060118096
0.4,15,0.7,-0.157527240091238
0.4,15,0.75,-0.1589610935868337
0.4,15,0.8,-0.1568812070273778
0.4,15,0.85,-0.1607925499079968
0.4,15,0.9,-0.1617420735480254
0.4,15,0.95,-0.1607819397716941
0.4,15,1.0,-0.1585529791929359
0.4,16,0.1,-0.0267747124930009
0.4,16,0.15,-0.0590632817525698
0.4,16,0.2,-0.0988715512455353
0.4,16,0.25,-0.132350586819425
0.4,16,0.3,-0.1458359572528843
0.4,16,0.35,-0.164973933764494
0.4,16,0.4,-0.1607387750754336
0.4,16,0.45,-0.154989563082854
0.4,16,0.5,-0.154425531872196
0.4,16,0.55,-0.1602069857939673
0.4,16,0.6,-0.1596071793933125
0.4,16,0.65,-0.1557744818530638
0.4,16,0.7,-0.1596229025280236
0.4,16,0.75,-0.1597558222343743
0.4,16,0.8,-0.1606800223399412
0.4,16,0.85,-0.1598582225891815
0.4,16,0.9,-0.1573567392492267
0.4,16,0.95,-0.156213207581131
0.4,16,1.0,-0.1589885013754614
0.4,17,0.1,-0.0256970306975781
0.4,17,0.15,-0.061997705344465
0.4,17,0.2,-0.099588575654834
0.4,17,0.25,-0.1302478937862231
0.4,17,0.3,-0.1475883345886238
0.4,17,0.35,-0.150892882859634
0.4,17,0.4,-0.1497042796575886
0.4,17,0.45,-0.1576072080567614
0.4,17,0.5,-0.1578915299590312
0.4,17,0.55,-0.1596981582569712
0.4,17,0.6,-0.1535783998886614
0.4,17,0.65,-0.1474371562341808
0.4,17,0.7,-0.1530344690911878
0.4,17,0.75,-0.1590824630182093
0.4,17,0.8,-0.1577142676885468
0.4,17,0.85,-0.1582493482671901
0.4,17,0.9,-0.1569418139276926
0.4,17,0.95,-0.1594782199418857
0.4,17,1.0,-0.1610516102444986
0.4,18,0.1,-0.0284093285307442
0.4,18,0.15,-0.0591046473945206
0.4,18,0.2,-0.0939941995065988
0.4,18,0.25,-0.1120649964362647
0.4,18,0.3,-0.1330252400368916
0.4,18,0.35,-0.1473650986924623
0.4,18,0.4,-0.1528743455270546
0.4,18,0.45,-0.1487140549604252
0.4,18,0.5,-0.147288914429135
0.4,18,0.55,-0.1518638059113741
0.4,18,0.6,-0.1509153643600593
0.4,18,0.65,-0.1533867293051731
0.4,18,0.7,-0.1528881888795496
0.4,18,0.75,-0.1553589394963455
0.4,18,0.8,-0.1546099781879241
0.4,18,0.85,-0.155154725635827
0.4,18,0.9,-0.1549168230819008
0.4,18,0.95,-0.1572344739977752
0.4,18,1.0,-0.15808356373081
0.4,19,0.1,-0.0213357947145077
0.4,19,0.15,-0.0530120931805743
0.4,19,0.2,-0.08453561609299
0.4,19,0.25,-0.1222624920611002
0.4,19,0.3,-0.1365271244740797
0.4,19,0.35,-0.1538328398892112
0.4,19,0.4,-0.1515370914042499
0.4,19,0.45,-0.150628096764241
0.4,19,0.5,-0.1551782488993283
0.4,19,0.55,-0.1536097987024179
0.4,19,0.6,-0.1544001826293659
0.4,19,0.65,-0.1547299115128874
0.4,19,0.7,-0.1515504612619301
0.4,19,0.75,-0.155384096781603
0.4,19,0.8,-0.1562339456572377
0.4,19,0.85,-0.1570694649537379
0.4,19,0.9,-0.1566611179480596
0.4,19,0.95,-0.1583975847055418
0.4,19,1.0,-0.159331458295022
0.4,20,0.1,-0.0335018242039044
0.4,20,0.15,-0.0643891548778755
0.4,20,0.2,-0.1145514821933241
0.4,20,0.25,-0.1342597053837154
0.4,20,0.3,-0.1597148446059016
0.4,20,0.35,-0.1613296660935622
0.4,20,0.4,-0.1677022711485904
0.4,20,0.45,-0.1619001125467349
0.4,20,0.5,-0.1611061099772081
0.4,20,0.55,-0.1541885407184573
0.4,20,0.6,-0.1551786185187372
0.4,20,0.65,-0.1570579063430219
0.4,20,0.7,-0.1612800695411158
0.4,20,0.75,-0.1576207453070703
0.4,20,0.8,-0.156301909182096
0.4,20,0.85,-0.157487451164685
0.4,20,0.9,-0.1611627585996087
0.4,20,0.95,-0.158702073284909
0.4,20,1.0,-0.1589225573908318
0.4,21,0.1,-0.0206137567334338
0.4,21,0.15,-0.0496515126268975
0.4,21,0.2,-0.088711470647734
0.4,21,0.25,-0.1121403519868773
0.4,21,0.3,-0.1266986382060427
0.4,21,0.35,-0.1402823765989516
0.4,21,0.4,-0.1436909289304461
0.4,21,0.45,-0.1535589876944589
0.4,21,0.5,-0.153890434591559
0.4,21,0.55,-0.1538510717895904
0.4,21,0.6,-0.1549175893361351
0.4,21,0.65,-0.1577268962328383
0.4,21,0.7,-0.1519678683078382
0.4,21,0.75,-0.1567731681474618
0.4,21,0.8,-0.1547753936626194
0.4,21,0.85,-0.1556422434426679
0.4,21,0.9,-0.1569248331469376
0.4,21,0.95,-0.158169086265932
0.4,21,1.0,-0.1606783594996218
0.4,22,0.1,-0.0185320369829396
0.4,22,0.15,-0.0476053914595886
0.4,22,0.2,-0.0796805780827653
0.4,22,0.25,-0.1116113370737233
0.4,22,0.3,-0.1353407090514474
0.4,22,0.35,-0.1493520848615463
0.4,22,0.4,-0.1536283193762898
0.4,22,0.45,-0.1599852296383887
0.4,22,0.5,-0.1524408508906365
0.4,22,0.55,-0.1581460240117032
0.4,22,0.6,-0.153131054453665
0.4,22,0.65,-0.1548414863368823
0.4,22,0.7,-0.1565139401653578
0.4,22,0.75,-0.1561842061457992
0.4,22,0.8,-0.1566396613657266
0.4,22,0.85,-0.1565972355996363
0.4,22,0.9,-0.1551034346948361
0.4,22,0.95,-0.1578589791025805
0.4,22,1.0,-0.1563608028256443
0.4,23,0.1,-0.0199973181396614
0.4,23,0.15,-0.0481975647940829
0.4,23,0.2,-0.0792083518190198
0.4,23,0.25,-0.1160800366250405
0.4,23,0.3,-0.1243765515608963
0.4,23,0.35,-0.1321134889082051
0.4,23,0.4,-0.146202855856381
0.4,23,0.45,-0.1493019734704971
0.4,23,0.5,-0.1543785701300578
0.4,23,0.55,-0.1545199757879317
0.4,23,0.6,-0.1573067629654051
0.4,23,0.65,-0.1593829374787313
0.4,23,0.7,-0.1577755574684151
0.4,23,0.75,-0.1576935751853189
0.4,23,0.8,-0.1623946216661523
0.4,23,0.85,-0.1608872404273735
0.4,23,0.9,-0.1583086945300339
0.4,23,0.95,-0.1625263788120707
0.4,23,1.0,-0.1580597252154028
0.4,24,0.1,-0.0199397435004214
0.4,24,0.15,-0.0503689132786298
0.4,24,0.2,-0.0874340890707069
0.4,24,0.25,-0.1108608044220196
0.4,24,0.3,-0.1368752082817531
0.4,24,0.35,-0.1519142488089369
0.4,24,0.4,-0.1568545052908541
0.4,24,0.45,-0.1511903181656608
0.4,24,0.5,-0.1614041380104084
0.4,24,0.55,-0.1594544886911935
0.4,24,0.6,-0.1564707905691589
0.4,24,0.65,-0.1565914296385197
0.4,24,0.7,-0.1571505280301517
0.4,24,0.75,-0.1604634410322123
0.4,24,0.8,-0.1553408582830412
0.4,24,0.85,-0.1594199150686738
0.4,24,0.9,-0.1587793355485307
0.4,24,0.95,-0.160511796462727
0.4,24,1.0,-0.1613496071863004
0.4,25,0.1,-0.0326066020530647
0.4,25,0.15,-0.0693860725143269
0.4,25,0.2,-0.1115029679186199
0.4,25,0.25,-0.1351922996948043
0.4,25,0.3,-0.1522902105306036
0.4,25,0.35,-0.1644222880960622
0.4,25,0.4,-0.1600078179930476
0.4,25,0.45,-0.1639389095888655
0.4,25,0.5,-0.1612456107703573
0.4,25,0.55,-0.1557583864185723
0.4,25,0.6,-0.1543216873624006
0.4,25,0.65,-0.1510799436575625
0.4,25,0.7,-0.1533867211196554
0.4,25,0.75,-0.1515741395236806
0.4,25,0.8,-0.1547603050116458
0.4,25,0.85,-0.157161369114128
0.4,25,0.9,-0.1613332983706544
0.4,25,0.95,-0.1604366071756337
0.4,25,1.0,-0.158313177554722
0.4,26,0.1,-0.0218544960912886
0.4,26,0.15,-0.0527389890969009
0.4,26,0.2,-0.0887197317967296
0.4,26,0.25,-0.1200986805909069
0.4,26,0.3,-0.1471967582461256
0.4,26,0.35,-0.1499178407689542
0.4,26,0.4,-0.1557357859273022
0.4,26,0.45,-0.1602774113402147
0.4,26,0.5,-0.1467753512507432
0.4,26,0.55,-0.1548503632365482
0.4,26,0.6,-0.1560366192274959
0.4,26,0.65,-0.1546273988322619
0.4,26,0.7,-0.1571607542832515
0.4,26,0.75,-0.1537666881174556
0.4,26,0.8,-0.1565856069169766
0.4,26,0.85,-0.1580077280828443
0.4,26,0.9,-0.1591757341377098
0.4,26,0.95,-0.1554852289007014
0.4,26,1.0,-0.1611665447052763
0.4,27,0.1,-0.022228703401758
0.4,27,0.15,-0.0471106727507509
0.4,27,0.2,-0.0787038197585893
0.4,27,0.25,-0.1181499199812701
0.4,27,0.3,-0.1392066246107817
0.4,27,0.35,-0.1389945347299599
0.4,27,0.4,-0.1505853006506195
0.4,27,0.45,-0.1589424063850303
0.4,27,0.5,-0.1472274835346163
0.4,27,0.55,-0.1530517337144102
0.4,27,0.6,-0.1566337584142026
0.4,27,0.65,-0.1518207120443651
0.4,27,0.7,-0.1567320497824814
0.4,27,0.75,-0.1597446547496285
0.4,27,0.8,-0.1596485023417161
0.4,27,0.85,-0.1568406580924176
0.4,27,0.9,-0.1524096701091259
0.4,27,0.95,-0.1558900275439879
0.4,27,1.0,-0.1562734126030829
0.4,28,0.1,-0.0252516386626783
0.4,28,0.15,-0.0565551139319521
0.4,28,0.2,-0.0899359309727121
0.4,28,0.25,-0.1289965508145734
0.4,28,0.3,-0.1428445309640912
0.4,28,0.35,-0.1589272841823847
0.4,28,0.4,-0.1568396660865164
0.4,28,0.45,-0.1584574293299763
0.4,28,0.5,-0.1559723153355395
0.4,28,0.55,-0.1631023933882375
0.4,28,0.6,-0.1596093017882061
0.4,28,0.65,-0.158009905673958
0.4,28,0.7,-0.1608363749987136
0.4,28,0.75,-0.1582991350860479
0.4,28,0.8,-0.1585211184914451
0.4,28,0.85,-0.1580812207513182
0.4,28,0.9,-0.1590741587262456
0.4,28,0.95,-0.1598120756160575
0.4,28,1.0,-0.1565882440939156
0.4,29,0.1,-0.0258804457028204
0.4,29,0.15,-0.0548047661517689
0.4,29,0.2,-0.0871680338547992
0.4,29,0.25,-0.1126924312550032
0.4,29,0.3,-0.1382323772290468
0.4,29,0.35,-0.1363772625473092
0.4,29,0.4,-0.1533017390379238
0.4,29,0.45,-0.1615920541508164
0.4,29,0.5,-0.1545608099571548
0.4,29,0.55,-0.1563647853306968
0.4,29,0.6,-0.1552207924989367
0.4,29,0.65,-0.155847747308415
0.4,29,0.7,-0.1604574147116707
0.4,29,0.75,-0.1548427337395991
0.4,29,0.8,-0.1575826574286255
0.4,29,0.85,-0.1592580821145348
0.4,29,0.9,-0.1563008548092825
0.4,29,0.95,-0.1601773630922156
0.4,29,1.0,-0.1591426398983175
0.4,30,0.1,-0.0279995056879858
0.4,30,0.15,-0.0566851651530504
0.4,30,0.2,-0.0880477951896677
0.4,30,0.25,-0.1146362948711161
0.4,30,0.3,-0.146458586373583
0.4,30,0.35,-0.1513728163284874
0.4,30,0.4,-0.1540646530096605
0.4,30,0.45,-0.1593216172852862
0.4,30,0.5,-0.1569697393005777
0.4,30,0.55,-0.1595926333280524
0.4,30,0.6,-0.155989778437033
0.4,30,0.65,-0.1538033772149017
0.4,30,0.7,-0.1543419047890726
0.4,30,0.75,-0.1583759735496239
0.4,30,0.8,-0.1524513824925941
0.4,30,0.85,-0.1564780600685474
0.4,30,0.9,-0.1550802655040441
0.4,30,0.95,-0.1591681261774704
0.4,30,1.0,-0.1581557242177855
0.4,31,0.1,-0.0252677743475294
0.4,31,0.15,-0.0578827415721357
0.4,31,0.2,-0.0878931978548031
0.4,31,0.25,-0.1181397166074857
0.4,31,0.3,-0.139836466007121
0.4,31,0.35,-0.1574914470717325
0.4,31,0.4,-0.149912226527762
0.4,31,0.45,-0.1587068574662853
0.4,31,0.5,-0.1560371069435978
0.4,31,0.55,-0.1544702206127969
0.4,31,0.6,-0.1575944388639686
0.4,31,0.65,-0.1535693448618391
0.4,31,0.7,-0.1535103516939573
0.4,31,0.75,-0.1569709743597885
0.4,31,0.8,-0.1571132137110851
0.4,31,0.85,-0.1554449584853348
0.4,31,0.9,-0.1603586495577516
0.4,31,0.95,-0.1572944341678432
0.4,31,1.0,-0.1587099109716253
0.4,32,0.1,-0.02142550998137
0.4,32,0.15,-0.0534616453138117
0.4,32,0.2,-0.0839594321510546
0.4,32,0.25,-0.1200260996529919
0.4,32,0.3,-0.1432396587013526
0.4,32,0.35,-0.1541147350788549
0.4,32,0.4,-0.1594974236963524
0.4,32,0.45,-0.1598123514073538
0.4,32,0.5,-0.1584348631746885
0.4,32,0.55,-0.1607554378111773
0.4,32,0.6,-0.15894608842093
0.4,32,0.65,-0.1612868383643812
0.4,32,0.7,-0.161749018929508
0.4,32,0.75,-0.1586765594992753
0.4,32,0.8,-0.1547289133296562
0.4,32,0.85,-0.1598442821545044
0.4,32,0.9,-0.1597217781675269
0.4,32,0.95,-0.1574712508666367
0.4,32,1.0,-0.1604472778669522
0.4,33,0.1,-0.0193895307461
0.4,33,0.15,-0.0497926358589985
0.4,33,0.2,-0.0838324760500124
0.4,33,0.25,-0.1171885324549485
0.4,33,0.3,-0.1415086600251492
0.4,33,0.35,-0.1480345603773769
0.4,33,0.4,-0.1630580031059026
0.4,33,0.45,-0.1545506089211086
0.4,33,0.5,-0.160329217986208
0.4,33,0.55,-0.1538165952083864
0.4,33,0.6,-0.1594586441996391
0.4,33,0.65,-0.1594083169713507
0.4,33,0.7,-0.1609452943535126
0.4,33,0.75,-0.1585541150844256
0.4,33,0.8,-0.1591517913214935
0.4,33,0.85,-0.1615046632372799
0.4,33,0.9,-0.1559992537928485
0.4,33,0.95,-0.1603865849339035
0.4,33,1.0,-0.1612259195045534
0.4,34,0.1,-0.024144519970005
0.4,34,0.15,-0.0501025760763162
0.4,34,0.2,-0.0918813420600458
0.4,34,0.25,-0.1335199344755632
0.4,34,0.3,-0.1466895105598498
0.4,34,0.35,-0.1595463334220015
0.4,34,0.4,-0.1669207720031009
0.4,34,0.45,-0.1551706452977793
0.4,34,0.5,-0.1545567155023149
0.4,34,0.55,-0.1587105556946766
0.4,34,0.6,-0.1590783013139932
0.4,34,0.65,-0.160202250728585
0.4,34,0.7,-0.1595466116167735
0.4,34,0.75,-0.1599658353904208
0.4,34,0.8,-0.1570836143871453
0.4,34,0.85,-0.15769074887528
0.4,34,0.9,-0.1594492606825702
0.4,34,0.95,-0.1597706597921316
0.4,34,1.0,-0.1606217160017902
0.4,35,0.1,-0.026794922854581
0.4,35,0.15,-0.0567503342541023
0.4,35,0.2,-0.1044104354272384
0.4,35,0.25,-0.1265071282216041
0.4,35,0.3,-0.1596403680201005
0.4,35,0.35,-0.1527429500177612
0.4,35,0.4,-0.1582255708569783
0.4,35,0.45,-0.1595098665730149
0.4,35,0.5,-0.1590588664285149
0.4,35,0.55,-0.1616936619628026
0.4,35,0.6,-0.1552826737130078
0.4,35,0.65,-0.1594889565992935
0.4,35,0.7,-0.1578840628400091
0.4,35,0.75,-0.1588112054529938
0.4,35,0.8,-0.1580214697141463
0.4,35,0.85,-0.157065658851523
0.4,35,0.9,-0.1602838625262997
0.4,35,0.95,-0.1623726677994059
0.4,35,1.0,-0.1599194363873476
0.4,36,0.1,-0.0176992583492004
0.4,36,0.15,-0.0476518175276087
0.4,36,0.2,-0.0846378535585525
0.4,36,0.25,-0.1055280236265668
0.4,36,0.3,-0.1356837673267333
0.4,36,0.35,-0.1395524731481528
0.4,36,0.4,-0.1420450788166788
0.4,36,0.45,-0.152316049279415
0.4,36,0.5,-0.1536103958289467
0.4,36,0.55,-0.150722857418192
0.4,36,0.6,-0.1494467861283836
0.4,36,0.65,-0.1544940017671894
0.4,36,0.7,-0.1516982757406411
0.4,36,0.75,-0.1561288080450225
0.4,36,0.8,-0.1572014565695872
0.4,36,0.85,-0.1555401858885101
0.4,36,0.9,-0.1557808804855316
0.4,36,0.95,-0.1569236562905118
0.4,36,1.0,-0.1558501519750292
0.4,37,0.1,-0.0230343227006737
0.4,37,0.15,-0.0592400879619533
0.4,37,0.2,-0.0923231377224455
0.4,37,0.25,-0.1215745916048917
0.4,37,0.3,-0.1440756818286429
0.4,37,0.35,-0.1527097036127656
0.4,37,0.4,-0.161860426341341
0.4,37,0.45,-0.1559122555118252
0.4,37,0.5,-0.1616757615392308
0.4,37,0.55,-0.1658870681119563
0.4,37,0.6,-0.1589003306513672
0.4,37,0.65,-0.1582790690345322
0.4,37,0.7,-0.1531272398759838
0.4,37,0.75,-0.1557339276452935
0.4,37,0.8,-0.1568561422736566
0.4,37,0.85,-0.1591303486908179
0.4,37,0.9,-0.1592586097961918
0.4,37,0.95,-0.1583520748798377
0.4,37,1.0,-0.158711857409357
0.4,38,0.1,-0.0205801891288824
0.4,38,0.15,-0.0455164266947426
0.4,38,0.2,-0.0871985336493502
0.4,38,0.25,-0.1139272036347826
0.4,38,0.3,-0.1334526780230902
0.4,38,0.35,-0.151195605076346
0.4,38,0.4,-0.1605961970730043
0.4,38,0.45,-0.1611562767554269
0.4,38,0.5,-0.15550638626142
0.4,38,0.55,-0.1605192630916052
0.4,38,0.6,-0.1593420820288202
0.4,38,0.65,-0.1603949401888872
0.4,38,0.7,-0.1610535862234922
0.4,38,0.75,-0.1566058332862061
0.4,38,0.8,-0.1549063331716554
0.4,38,0.85,-0.1601794591476525
0.4,38,0.9,-0.1562486715607602
0.4,38,0.95,-0.1585722547956698
0.4,38,1.0,-0.1572922823237557
0.4,39,0.1,-0.021384178469092
0.4,39,0.15,-0.0483161832810455
0.4,39,0.2,-0.0777090540984184
0.4,39,0.25,-0.1174725960416692
0.4,39,0.3,-0.1321724029472299
0.4,39,0.35,-0.1532778423838481
0.4,39,0.4,-0.1575403273551276
0.4,39,0.45,-0.1602203469406284
0.4,39,0.5,-0.1663793957376123
0.4,39,0.55,-0.1625724254823018
0.4,39,0.6,-0.1544135186430451
0.4,39,0.65,-0.1591888112051041
0.4,39,0.7,-0.1580588711266357
0.4,39,0.75,-0.1564381429018983
0.4,39,0.8,-0.1557258646591496
0.4,39,0.85,-0.1636348868513633
0.4,39,0.9,-0.1596168795932641
0.4,39,0.95,-0.1616280228572779
0.4,39,1.0,-0.1569920419068622
0.4,40,0.1,-0.0287315935481711
0.4,40,0.15,-0.0617634489178873
0.4,40,0.2,-0.0987086387861108
0.4,40,0.25,-0.1323920083195872
0.4,40,0.3,-0.1432027811223983
0.4,40,0.35,-0.1673412100179781
0.4,40,0.4,-0.1626607571348917
0.4,40,0.45,-0.1526897830983568
0.4,40,0.5,-0.1641191968211076
0.4,40,0.55,-0.1607733427176809
0.4,40,0.6,-0.1616116401014094
0.4,40,0.65,-0.1603949151836
0.4,40,0.7,-0.1567633694546142
0.4,40,0.75,-0.1595158175251672
0.4,40,0.8,-0.1583719984987196
0.4,40,0.85,-0.1604243154533934
0.4,40,0.9,-0.1578600075772365
0.4,40,0.95,-0.1608440855292052
0.4,40,1.0,-0.1623940612761251
0.4,41,0.1,-0.022319585284046
0.4,41,0.15,-0.0562896380169445
0.4,41,0.2,-0.0801621032644698
0.4,41,0.25,-0.1139934911138612
0.4,41,0.3,-0.1487697404174917
0.4,41,0.35,-0.1561411113284385
0.4,41,0.4,-0.1607518813734436
0.4,41,0.45,-0.1661129947267009
0.4,41,0.5,-0.1640000724239232
0.4,41,0.55,-0.1589030498044761
0.4,41,0.6,-0.1622649007780004
0.4,41,0.65,-0.1612850256886505
0.4,41,0.7,-0.1547550962407448
0.4,41,0.75,-0.1619609483847254
0.4,41,0.8,-0.1623561132683624
0.4,41,0.85,-0.1568676643959637
0.4,41,0.9,-0.1571832989856096
0.4,41,0.95,-0.1633108651975849
0.4,41,1.0,-0.1607243606966708
0.4,42,0.1,-0.0222812078040189
0.4,42,0.15,-0.0540477872774428
0.4,42,0.2,-0.0896426325941828
0.4,42,0.25,-0.1283298639554664
0.4,42,0.3,-0.1402249320557768
0.4,42,0.35,-0.1550753756528785
0.4,42,0.4,-0.1553627444470799
0.4,42,0.45,-0.1504815600900144
0.4,42,0.5,-0.1528300147734961
0.4,42,0.55,-0.1549220385168558
0.4,42,0.6,-0.1564518194061341
0.4,42,0.65,-0.1558005505284739
0.4,42,0.7,-0.1554814067182287
0.4,42,0.75,-0.1544902549450096
0.4,42,0.8,-0.158290757474029
0.4,42,0.85,-0.1599741719793099
0.4,42,0.9,-0.1610715892962871
0.4,42,0.95,-0.1572523842297546
0.4,42,1.0,-0.1580517803696003
0.4,43,0.1,-0.0195147988648179
0.4,43,0.15,-0.0536484026099038
0.4,43,0.2,-0.0792456532294696
0.4,43,0.25,-0.1218930481141763
0.4,43,0.3,-0.1380192184680517
0.4,43,0.35,-0.1443924373354384
0.4,43,0.4,-0.1459911939697296
0.4,43,0.45,-0.145226022052568
0.4,43,0.5,-0.149447990127011
0.4,43,0.55,-0.1501863497097846
0.4,43,0.6,-0.1532485156828705
0.4,43,0.65,-0.1564301906806217
0.4,43,0.7,-0.1543398221160259
0.4,43,0.75,-0.1573431975661235
0.4,43,0.8,-0.1573229246746622
0.4,43,0.85,-0.1571367496969748
0.4,43,0.9,-0.1546556131791038
0.4,43,0.95,-0.156980125748303
0.4,43,1.0,-0.1629543510385073
0.4,44,0.1,-0.0212628831713678
0.4,44,0.15,-0.0467167748998779
0.4,44,0.2,-0.0871544039382167
0.4,44,0.25,-0.1191546703182517
0.4,44,0.3,-0.1302264508280348
0.4,44,0.35,-0.1433119287726798
0.4,44,0.4,-0.1488908029526442
0.4,44,0.45,-0.1582498356253351
0.4,44,0.5,-0.161343160085358
0.4,44,0.55,-0.157355066498725
0.4,44,0.6,-0.1575839661953404
0.4,44,0.65,-0.1585623278891601
0.4,44,0.7,-0.155656934174788
0.4,44,0.75,-0.1588308503867274
0.4,44,0.8,-0.161769854244462
0.4,44,0.85,-0.1611870240407773
0.4,44,0.9,-0.1605498084953999
0.4,44,0.95,-0.1612727680523293
0.4,44,1.0,-0.1563214931233848
0.4,45,0.1,-0.0268096441006212
0.4,45,0.15,-0.0553852146165011
0.4,45,0.2,-0.0909581974408236
0.4,45,0.25,-0.1240059240320446
0.4,45,0.3,-0.1332458615599235
0.4,45,0.35,-0.146897753197119
0.4,45,0.4,-0.1571107623486695
0.4,45,0.45,-0.1527068226399167
0.4,45,0.5,-0.1594937970246734
0.4,45,0.55,-0.1574740375654769
0.4,45,0.6,-0.1542007226975373
0.4,45,0.65,-0.1547282022746302
0.4,45,0.7,-0.1547439448711059
0.4,45,0.75,-0.1559075419637192
0.4,45,0.8,-0.1543937135777939
0.4,45,0.85,-0.1596761881701244
0.4,45,0.9,-0.1562738515200231
0.4,45,0.95,-0.1575921706983053
0.4,45,1.0,-0.1598298538083909
0.4,46,0.1,-0.0250985368076391
0.4,46,0.15,-0.0567051596932576
0.4,46,0.2,-0.0894176821021265
0.4,46,0.25,-0.1170411876871129
0.4,46,0.3,-0.1361670433369355
0.4,46,0.35,-0.1483793389176259
0.4,46,0.4,-0.150031146849471
0.4,46,0.45,-0.1533733104129428
0.4,46,0.5,-0.1514831966005659
0.4,46,0.55,-0.1555298987866558
0.4,46,0.6,-0.1549787148306551
0.4,46,0.65,-0.1572648270290697
0.4,46,0.7,-0.1559720124244129
0.4,46,0.75,-0.1575059346504813
0.4,46,0.8,-0.1558912553373296
0.4,46,0.85,-0.1548017533808856
0.4,46,0.9,-0.1600825588883243
0.4,46,0.95,-0.1585291283689614
0.4,46,1.0,-0.1591180207014737
0.4,47,0.1,-0.0237221200585127
0.4,47,0.15,-0.0520630601130812
0.4,47,0.2,-0.094203561356171
0.4,47,0.25,-0.1293215978466443
0.4,47,0.3,-0.1333787109964253
0.4,47,0.35,-0.1502894965715125
0.4,47,0.4,-0.1598169742266641
0.4,47,0.45,-0.1608319703287701
0.4,47,0.5,-0.1628708539621993
0.4,47,0.55,-0.156492647634239
0.4,47,0.6,-0.154557074198088
0.4,47,0.65,-0.1536301119376576
0.4,47,0.7,-0.1557243868608673
0.4,47,0.75,-0.1580033949188839
0.4,47,0.8,-0.1556057953695342
0.4,47,0.85,-0.1586794477680196
0.4,47,0.9,-0.1593457945425221
0.4,47,0.95,-0.1580653546389782
0.4,47,1.0,-0.1579959443249707
0.4,48,0.1,-0.024379119726428
0.4,48,0.15,-0.0598933249630402
0.4,48,0.2,-0.0880252951941358
0.4,48,0.25,-0.1200466252200058
0.4,48,0.3,-0.132811661339628
0.4,48,0.35,-0.155038420219185
0.4,48,0.4,-0.1520979189031149
0.4,48,0.45,-0.1584039381607548
0.4,48,0.5,-0.1649391645402
0.4,48,0.55,-0.1584906421349995
0.4,48,0.6,-0.156637138582958
0.4,48,0.65,-0.1550991222228324
0.4,48,0.7,-0.1557152018624228
0.4,48,0.75,-0.1591310759124804
0.4,48,0.8,-0.1620298002488311
0.4,48,0.85,-0.1557092514514433
0.4,48,0.9,-0.1581525254057617
0.4,48,0.95,-0.15477463410147
0.4,48,1.0,-0.1574284466655349
0.4,49,0.1,-0.0185872312883984
0.4,49,0.15,-0.0458433068215409
0.4,49,0.2,-0.0800912029418004
0.4,49,0.25,-0.1097300749680802
0.4,49,0.3,-0.1173475460265842
0.4,49,0.35,-0.1478031380025319
0.4,49,0.4,-0.1509181699513732
0.4,49,0.45,-0.1552403587284717
0.4,49,0.5,-0.1541425949016941
0.4,49,0.55,-0.1588796115769046
0.4,49,0.6,-0.1561682769542442
0.4,49,0.65,-0.1549430479805459
0.4,49,0.7,-0.1589745810821098
0.4,49,0.75,-0.1594767761799188
0.4,49,0.8,-0.160489506702419
0.4,49,0.85,-0.1550463827474276
0.4,49,0.9,-0.1625029113241849
0.4,49,0.95,-0.1632177625475678
0.4,49,1.0,-0.1563006635477756
0.4,50,0.1,-0.0293674009782046
0.4,50,0.15,-0.0681557734004783
0.4,50,0.2,-0.113578658829156
0.4,50,0.25,-0.1495244940806104
0.4,50,0.3,-0.1633824946056894
0.4,50,0.35,-0.1686968500315216
0.4,50,0.4,-0.1593025197414176
0.4,50,0.45,-0.165116957800164
0.4,50,0.5,-0.1630027372827037
0.4,50,0.55,-0.1595454580696067
0.4,50,0.6,-0.1575113361100631
0.4,50,0.65,-0.1575420908326817
0.4,50,0.7,-0.1574552851722741
0.4,50,0.75,-0.1574819809687143
0.4,50,0.8,-0.1583154163083925
0.4,50,0.85,-0.1613785981349705
0.4,50,0.9,-0.1606799499752764
0.4,50,0.95,-0.1592943296312036
0.4,50,1.0,-0.160850235288695
0.4,51,0.1,-0.0199684818352053
0.4,51,0.15,-0.0452454607582
0.4,51,0.2,-0.0814197782935318
0.4,51,0.25,-0.099617541001833
0.4,51,0.3,-0.1264027019400871
0.4,51,0.35,-0.1484378394959519
0.4,51,0.4,-0.1484114860136938
0.4,51,0.45,-0.1525310171468834
0.4,51,0.5,-0.1521271562184182
0.4,51,0.55,-0.1564014360673797
0.4,51,0.6,-0.155950977691343
0.4,51,0.65,-0.1530073881787092
0.4,51,0.7,-0.1573905115948344
0.4,51,0.75,-0.1593069001192972
0.4,51,0.8,-0.1556062940057716
0.4,51,0.85,-0.1561294319008551
0.4,51,0.9,-0.1554889499479345
0.4,51,0.95,-0.1587681727017018
0.4,51,1.0,-0.1599091108407135
0.4,52,0.1,-0.0240000714705425
0.4,52,0.15,-0.04932616903704
0.4,52,0.2,-0.0912843477902557
0.4,52,0.25,-0.1160986023198453
0.4,52,0.3,-0.1402677724314505
0.4,52,0.35,-0.1484164007116062
0.4,52,0.4,-0.1520506623537668
0.4,52,0.45,-0.1462848296921548
0.4,52,0.5,-0.1540600089950487
0.4,52,0.55,-0.1533211880507057
0.4,52,0.6,-0.1533006281665392
0.4,52,0.65,-0.1541634601056954
0.4,52,0.7,-0.1575428643257738
0.4,52,0.75,-0.1557676753192297
0.4,52,0.8,-0.15308341270779
0.4,52,0.85,-0.1539548973691125
0.4,52,0.9,-0.1550632035945862
0.4,52,0.95,-0.1568801339104706
0.4,52,1.0,-0.159807046578953
0.4,53,0.1,-0.0217241240695495
0.4,53,0.15,-0.0531789793987649
0.4,53,0.2,-0.0919556604618609
0.4,53,0.25,-0.1149324193629302
0.4,53,0.3,-0.136566024104653
0.4,53,0.35,-0.1555767057549645
0.4,53,0.4,-0.1631715967087191
0.4,53,0.45,-0.1561417485305661
0.4,53,0.5,-0.1580824383123868
0.4,53,0.55,-0.156827811741748
0.4,53,0.6,-0.1583167527406518
0.4,53,0.65,-0.1576421861860298
0.4,53,0.7,-0.1587739658001677
0.4,53,0.75,-0.1584842605057698
0.4,53,0.8,-0.1555838301694707
0.4,53,0.85,-0.1573247248593819
0.4,53,0.9,-0.1579435658337091
0.4,53,0.95,-0.1611659662963874
0.4,53,1.0,-0.1608993720220485
0.4,54,0.1,-0.0219183875643949
0.4,54,0.15,-0.0492697579350175
0.4,54,0.2,-0.0754033197655712
0.4,54,0.25,-0.1162394434200415
0.4,54,0.3,-0.1345450300422795
0.4,54,0.35,-0.1499838785380227
0.4,54,0.4,-0.1560370399126619
0.4,54,0.45,-0.1553412598039462
0.4,54,0.5,-0.1599577479765187
0.4,54,0.55,-0.1587897338174203
0.4,54,0.6,-0.1560595470744747
0.4,54,0.65,-0.1539073350373425
0.4,54,0.7,-0.1635904677549302
0.4,54,0.75,-0.1573909863095091
0.4,54,0.8,-0.1592366698028797
0.4,54,0.85,-0.1599532961304623
0.4,54,0.9,-0.1592194472426301
0.4,54,0.95,-0.1558579002250323
0.4,54,1.0,-0.162264514551416
0.4,55,0.1,-0.0271229106689409
0.4,55,0.15,-0.0676204314066005
0.4,55,0.2,-0.105820177055148
0.4,55,0.25,-0.1370390403656045
0.4,55,0.3,-0.1574090093160416
0.4,55,0.35,-0.1599423785250288
0.4,55,0.4,-0.1673035824711653
0.4,55,0.45,-0.1598924386336532
0.4,55,0.5,-0.1633232949898315
0.4,55,0.55,-0.1529567171642848
0.4,55,0.6,-0.1562982911528174
0.4,55,0.65,-0.1518212846938194
0.4,55,0.7,-0.1536548078238646
0.4,55,0.75,-0.155732116933737
0.4,55,0.8,-0.1588034063423345
0.4,55,0.85,-0.1589000746058208
0.4,55,0.9,-0.1583694005712294
0.4,55,0.95,-0.1589566785008013
0.4,55,1.0,-0.1601759348037884
0.4,56,0.1,-0.0292229653909999
0.4,56,0.15,-0.0638757228392326
0.4,56,0.2,-0.1108219805727599
0.4,56,0.25,-0.136656881796077
0.4,56,0.3,-0.1661497940489671
0.4,56,0.35,-0.15665734977651
0.4,56,0.4,-0.1624900455067375
0.4,56,0.45,-0.1679133687887262
0.4,56,0.5,-0.1593200150471934
0.4,56,0.55,-0.1576431623780802
0.4,56,0.6,-0.1609647534773034
0.4,56,0.65,-0.1610844371678568
0.4,56,0.7,-0.1594247284846792
0.4,56,0.75,-0.1626032232689011
0.4,56,0.8,-0.1579537098975263
0.4,56,0.85,-0.1553754628692628
0.4,56,0.9,-0.1590560037038297
0.4,56,0.95,-0.1579906018346919
0.4,56,1.0,-0.1599918601901825
0.4,57,0.1,-0.0177101477890019
0.4,57,0.15,-0.0483229249135685
0.4,57,0.2,-0.0779918508985478
0.4,57,0.25,-0.1062646191622733
0.4,57,0.3,-0.1356878964189539
0.4,57,0.35,-0.1436335770892973
0.4,57,0.4,-0.1569300984740731
0.4,57,0.45,-0.1518600051843282
0.4,57,0.5,-0.1563233173638867
0.4,57,0.55,-0.1571365355541425
0.4,57,0.6,-0.1537411717156629
0.4,57,0.65,-0.1566930529185707
0.4,57,0.7,-0.1566120299944654
0.4,57,0.75,-0.1583294577465142
0.4,57,0.8,-0.1557976324811631
0.4,57,0.85,-0.1562226792838601
0.4,57,0.9,-0.1598370025004067
0.4,57,0.95,-0.1570829492001201
0.4,57,1.0,-0.1588132872292367
0.4,58,0.1,-0.0257486206494433
0.4,58,0.15,-0.0686351483040162
0.4,58,0.2,-0.101271466866172
0.4,58,0.25,-0.1330160883574629
0.4,58,0.3,-0.1475317220599901
0.4,58,0.35,-0.1560578613154018
0.4,58,0.4,-0.1567225890815718
0.4,58,0.45,-0.1643412824207736
0.4,58,0.5,-0.1590531319844302
0.4,58,0.55,-0.1616254756473452
0.4,58,0.6,-0.1651462228858573
0.4,58,0.65,-0.159414782686872
0.4,58,0.7,-0.1603841451655563
0.4,58,0.75,-0.1578621440014615
0.4,58,0.8,-0.157236318502912
0.4,58,0.85,-0.1605536006688978
0.4,58,0.9,-0.1629098492287011
0.4,58,0.95,-0.1631571078523891
0.4,58,1.0,-0.161669427790561
0.4,59,0.1,-0.0200619993198701
0.4,59,0.15,-0.0505431936362338
0.4,59,0.2,-0.0818801572148739
0.4,59,0.25,-0.1162285890132233
0.4,59,0.3,-0.1376153528278804
0.4,59,0.35,-0.1465731498282663
0.4,59,0.4,-0.1533239669439225
0.4,59,0.45,-0.1592930911341508
0.4,59,0.5,-0.1500125305282378
0.4,59,0.55,-0.1550500006849892
0.4,59,0.6,-0.1578182521304198
0.4,59,0.65,-0.1546725973375486
0.4,59,0.7,-0.1554315849971636
0.4,59,0.75,-0.1607313422549012
0.4,59,0.8,-0.1566317707757194
0.4,59,0.85,-0.1592030530166022
0.4,59,0.9,-0.1576944852949842
0.4,59,0.95,-0.1586053394871855
0.4,59,1.0,-0.1599924791815762
0.4,60,0.1,-0.031587697368781
0.4,60,0.15,-0.0662134162541626
0.4,60,0.2,-0.1004938799742251
0.4,60,0.25,-0.1299588684447069
0.4,60,0.3,-0.142160234770953
0.4,60,0.35,-0.1478100798518305
0.4,60,0.4,-0.1486285351009361
0.4,60,0.45,-0.1515455302719718
0.4,60,0.5,-0.1529427657563429
0.4,60,0.55,-0.1547896223473993
0.4,60,0.6,-0.1510985394929268
0.4,60,0.65,-0.1546380919870809
0.4,60,0.7,-0.1503470524509975
0.4,60,0.75,-0.1538417795312426
0.4,60,0.8,-0.154446307609812
0.4,60,0.85,-0.1571110746135394
0.4,60,0.9,-0.1588229535433781
0.4,60,0.95,-0.1583776407885079
0.4,60,1.0,-0.1580707859245161
0.4,61,0.1,-0.0300609997953268
0.4,61,0.15,-0.0625711168581934
0.4,61,0.2,-0.107593002919612
0.4,61,0.25,-0.144708887824938
0.4,61,0.3,-0.1545437476399528
0.4,61,0.35,-0.1638699748711041
0.4,61,0.4,-0.1562871183425387
0.4,61,0.45,-0.161746384891803
0.4,61,0.5,-0.1566439106476179
0.4,61,0.55,-0.1602842182142078
0.4,61,0.6,-0.157233533059008
0.4,61,0.65,-0.1515216078501337
0.4,61,0.7,-0.1569597707439576
0.4,61,0.75,-0.1542203108469149
0.4,61,0.8,-0.1584269001952971
0.4,61,0.85,-0.1571673315876685
0.4,61,0.9,-0.1586208027570659
0.4,61,0.95,-0.157584308344355
0.4,61,1.0,-0.1572001349285079
0.4,62,0.1,-0.026056761079779
0.4,62,0.15,-0.0570758903579825
0.4,62,0.2,-0.0963572688423644
0.4,62,0.25,-0.128098669101512
0.4,62,0.3,-0.1593640445825409
0.4,62,0.35,-0.1534934329798642
0.4,62,0.4,-0.1591107726191721
0.4,62,0.45,-0.1557294386939524
0.4,62,0.5,-0.1568477022638002
0.4,62,0.55,-0.1599714282632653
0.4,62,0.6,-0.1556242301017074
0.4,62,0.65,-0.154983312834022
0.4,62,0.7,-0.1595426492541961
0.4,62,0.75,-0.1573029188298946
0.4,62,0.8,-0.1553934558903188
0.4,62,0.85,-0.1574522122421244
0.4,62,0.9,-0.1583790510606592
0.4,62,0.95,-0.1573634194363705
0.4,62,1.0,-0.1597614684173233
0.4,63,0.1,-0.0244218767104421
0.4,63,0.15,-0.061867047333893
0.4,63,0.2,-0.0847996010714829
0.4,63,0.25,-0.1292192661684857
0.4,63,0.3,-0.147896035055788
0.4,63,0.35,-0.1570700908613548
0.4,63,0.4,-0.1455459124283727
0.4,63,0.45,-0.1630718772599386
0.4,63,0.5,-0.1580876093601217
0.4,63,0.55,-0.1592749651805952
0.4,63,0.6,-0.1603194006804828
0.4,63,0.65,-0.1558790430340572
0.4,63,0.7,-0.1540624800366767
0.4,63,0.75,-0.1611222468380931
0.4,63,0.8,-0.1569464583512758
0.4,63,0.85,-0.1604249512543649
0.4,63,0.9,-0.1597430066420071
0.4,63,0.95,-0.1606215141047343
0.4,63,1.0,-0.1593156805698818
0.4,64,0.1,-0.0225203199590093
0.4,64,0.15,-0.05817263907957
0.4,64,0.2,-0.0914612634778564
0.4,64,0.25,-0.1269761826379476
0.4,64,0.3,-0.1418874017924717
0.4,64,0.35,-0.1470288574092816
0.4,64,0.4,-0.1551870358283003
0.4,64,0.45,-0.1563843092927122
0.4,64,0.5,-0.156354029138392
0.4,64,0.55,-0.1606850022080759
0.4,64,0.6,-0.1565152123133283
0.4,64,0.65,-0.1568529118524125
0.4,64,0.7,-0.1550428182621898
0.4,64,0.75,-0.1599481062737115
0.4,64,0.8,-0.1575522250919928
0.4,64,0.85,-0.1560017580616081
0.4,64,0.9,-0.1612035055003156
0.4,64,0.95,-0.1569542262100455
0.4,64,1.0,-0.1588236915622941
0.4,65,0.1,-0.0255261820980231
0.4,65,0.15,-0.061958832065132
0.4,65,0.2,-0.0950372195232562
0.4,65,0.25,-0.1283188858706933
0.4,65,0.3,-0.1469787332942751
0.4,65,0.35,-0.1613421805446155
0.4,65,0.4,-0.1613027878469404
0.4,65,0.45,-0.1615863773912073
0.4,65,0.5,-0.1573913957547545
0.4,65,0.55,-0.1576341854304024
0.4,65,0.6,-0.1570423149000146
0.4,65,0.65,-0.1634074598335782
0.4,65,0.7,-0.1585277805457069
0.4,65,0.75,-0.1582291752688775
0.4,65,0.8,-0.1550532952845994
0.4,65,0.85,-0.1560417218053857
0.4,65,0.9,-0.1545182492759663
0.4,65,0.95,-0.1580608584976795
0.4,65,1.0,-0.1594030005761466
0.4,66,0.1,-0.0236426313759024
0.4,66,0.15,-0.0470810561541114
0.4,66,0.2,-0.0924604456728248
0.4,66,0.25,-0.1234390444848742
0.4,66,0.3,-0.1395531817165597
0.4,66,0.35,-0.1554852706379576
0.4,66,0.4,-0.1549029769712959
0.4,66,0.45,-0.1555948090000787
0.4,66,0.5,-0.1573071299493567
0.4,66,0.55,-0.1565150015521204
0.4,66,0.6,-0.1560952028445026
0.4,66,0.65,-0.1560055150310854
0.4,66,0.7,-0.1591299064998581
0.4,66,0.75,-0.1586514209446284
0.4,66,0.8,-0.1552987412218709
0.4,66,0.85,-0.157314707820586
0.4,66,0.9,-0.1577937336787745
0.4,66,0.95,-0.1568757472054375
0.4,66,1.0,-0.1589478089849885
0.4,67,0.1,-0.0279488248464472
0.4,67,0.15,-0.0590194401462095
0.4,67,0.2,-0.09662923797438
0.4,67,0.25,-0.133598636042957
0.4,67,0.3,-0.1418610828957282
0.4,67,0.35,-0.1567306733754715
0.4,67,0.4,-0.1562131695312247
0.4,67,0.45,-0.147511748200474
0.4,67,0.5,-0.1539542507589343
0.4,67,0.55,-0.1508865429034808
0.4,67,0.6,-0.1582065543023686
0.4,67,0.65,-0.1540577086377406
0.4,67,0.7,-0.1581992241230292
0.4,67,0.75,-0.1559304491558472
0.4,67,0.8,-0.1581919027405426
0.4,67,0.85,-0.1596606855146064
0.4,67,0.9,-0.1593065483429631
0.4,67,0.95,-0.1561694441309556
0.4,67,1.0,-0.1574284164729911
0.4,68,0.1,-0.0217002839445373
0.4,68,0.15,-0.0498320555397982
0.4,68,0.2,-0.0854792505343029
0.4,68,0.25,-0.1175667822648599
0.4,68,0.3,-0.1467358234197089
0.4,68,0.35,-0.1425131417566457
0.4,68,0.4,-0.1562143234500452
0.4,68,0.45,-0.1623175281505848
0.4,68,0.5,-0.1549465526338183
0.4,68,0.55,-0.1542452502225574
0.4,68,0.6,-0.1605841733321161
0.4,68,0.65,-0.1539696016897961
0.4,68,0.7,-0.1582331721948283
0.4,68,0.75,-0.1576736630899439
0.4,68,0.8,-0.1591683649529487
0.4,68,0.85,-0.1588235045808756
0.4,68,0.9,-0.1585117355458936
0.4,68,0.95,-0.1630446831329155
0.4,68,1.0,-0.1606572922335092
0.4,69,0.1,-0.0212806629383258
0.4,69,0.15,-0.0509997153817829
0.4,69,0.2,-0.0804401555493647
0.4,69,0.25,-0.1175726583252236
0.4,69,0.3,-0.1350822205448469
0.4,69,0.35,-0.1411592308483911
0.4,69,0.4,-0.13807956516153
0.4,69,0.45,-0.1598412548883941
0.4,69,0.5,-0.159491244262024
0.4,69,0.55,-0.1564317761439317
0.4,69,0.6,-0.1546589396984257
0.4,69,0.65,-0.1553720825961098
0.4,69,0.7,-0.1568801066575257
0.4,69,0.75,-0.1534434292667769
0.4,69,0.8,-0.1544989343732315
0.4,69,0.85,-0.1574545978031941
0.4,69,0.9,-0.1579778804416346
0.4,69,0.95,-0.1585936213000898
0.4,69,1.0,-0.1546625449431389
0.4,70,0.1,-0.0311834307468144
0.4,70,0.15,-0.0601301078383314
0.4,70,0.2,-0.1044092445833943
0.4,70,0.25,-0.1364532497992299
0.4,70,0.3,-0.1499601489653746
0.4,70,0.35,-0.1564996959468901
0.4,70,0.4,-0.1612291589942146
0.4,70,0.45,-0.1505722852846965
0.4,70,0.5,-0.1552609574093073
0.4,70,0.55,-0.1579534460799837
0.4,70,0.6,-0.1519965768355624
0.4,70,0.65,-0.1578300956732837
0.4,70,0.7,-0.154059687519348
0.4,70,0.75,-0.1568791620314455
0.4,70,0.8,-0.1522013312397726
0.4,70,0.85,-0.1547948843419118
0.4,70,0.9,-0.1547352659852887
0.4,70,0.95,-0.1591473799897206
0.4,70,1.0,-0.1588945828198611
0.4,71,0.1,-0.0218418705096697
0.4,71,0.15,-0.0498382921476111
0.4,71,0.2,-0.0786065768527483
0.4,71,0.25,-0.1102844751255188
0.4,71,0.3,-0.1261916117607416
0.4,71,0.35,-0.1465900204779585
0.4,71,0.4,-0.1522105409440947
0.4,71,0.45,-0.1467800802013394
0.4,71,0.5,-0.1486585800041256
0.4,71,0.55,-0.1528607429431945
0.4,71,0.6,-0.1546753617689252
0.4,71,0.65,-0.1509203082403664
0.4,71,0.7,-0.1505304031529373
0.4,71,0.75,-0.1554297537810812
0.4,71,0.8,-0.1546383094521364
0.4,71,0.85,-0.1532909030449636
0.4,71,0.9,-0.1572242618208537
0.4,71,0.95,-0.1573585844138893
0.4,71,1.0,-0.1595843947685162
0.4,72,0.1,-0.0259244122854613
0.4,72,0.15,-0.0541385283938237
0.4,72,0.2,-0.0870849780608021
0.4,72,0.25,-0.1213313152390132
0.4,72,0.3,-0.1361152823150728
0.4,72,0.35,-0.1462747746791998
0.4,72,0.4,-0.1423682090861341
0.4,72,0.45,-0.1512212631978596
0.4,72,0.5,-0.1503973209645605
0.4,72,0.55,-0.1496765643095981
0.4,72,0.6,-0.1511847511843728
0.4,72,0.65,-0.1532234646354907
0.4,72,0.7,-0.1518924039435992
0.4,72,0.75,-0.1526703024966156
0.4,72,0.8,-0.1552324393241985
0.4,72,0.85,-0.1558483577662613
0.4,72,0.9,-0.1535034025167143
0.4,72,0.95,-0.1602282772548977
0.4,72,1.0,-0.1582490269751964
0.4,73,0.1,-0.0246575656828308
0.4,73,0.15,-0.0533262608649451
0.4,73,0.2,-0.084505087368975
0.4,73,0.25,-0.1257268855041379
0.4,73,0.3,-0.1485644048474718
0.4,73,0.35,-0.1608449978488633
0.4,73,0.4,-0.1661679629077774
0.4,73,0.45,-0.1614139609785477
0.4,73,0.5,-0.1611764296632359
0.4,73,0.55,-0.1525033260869352
0.4,73,0.6,-0.15958544150536
0.4,73,0.65,-0.1583763925241218
0.4,73,0.7,-0.1570359845667538
0.4,73,0.75,-0.1549865570089786
0.4,73,0.8,-0.1587472749511323
0.4,73,0.85,-0.1596618409842405
0.4,73,0.9,-0.1567389870212537
0.4,73,0.95,-0.1583672471545133
0.4,73,1.0,-0.1601290444577376
0.4,74,0.1,-0.0272737509349637
0.4,74,0.15,-0.0555631068844045
0.4,74,0.2,-0.0884427630866013
0.4,74,0.25,-0.1296782413156164
0.4,74,0.3,-0.1362601321044541
0.4,74,0.35,-0.1510899691244773
0.4,74,0.4,-0.1558607078646554
0.4,74,0.45,-0.1589862632143398
0.4,74,0.5,-0.1555476779039699
0.4,74,0.55,-0.1603546071762739
0.4,74,0.6,-0.165246921423625
0.4,74,0.65,-0.1616065344223285
0.4,74,0.7,-0.1574597774828377
0.4,74,0.75,-0.1607424178195431
0.4,74,0.8,-0.1605928373592749
0.4,74,0.85,-0.1591873351109842
0.4,74,0.9,-0.1590670750174808
0.4,74,0.95,-0.1599646963485911
0.4,74,1.0,-0.1610212578951053
0.4,75,0.1,-0.0305643450691879
0.4,75,0.15,-0.0615024008269666
0.4,75,0.2,-0.1027567382886964
0.4,75,0.25,-0.1183900310926086
0.4,75,0.3,-0.1410245097460105
0.4,75,0.35,-0.1426497325420322
0.4,75,0.4,-0.1505342186186886
0.4,75,0.45,-0.1539574047126411
0.4,75,0.5,-0.1498872438228665
0.4,75,0.55,-0.1545058456004698
0.4,75,0.6,-0.1547993507585796
0.4,75,0.65,-0.1543422981865621
0.4,75,0.7,-0.1542140635503772
0.4,75,0.75,-0.1543479931187035
0.4,75,0.8,-0.155063880220944
0.4,75,0.85,-0.1545821800783179
0.4,75,0.9,-0.1588329691704556
0.4,75,0.95,-0.1559202115544797
0.4,75,1.0,-0.1563524975757524
0.4,76,0.1,-0.0227755339076088
0.4,76,0.15,-0.0489809690720268
0.4,76,0.2,-0.0730974218025794
0.4,76,0.25,-0.1107771870055833
0.4,76,0.3,-0.1412214110258673
0.4,76,0.35,-0.1490462965453518
0.4,76,0.4,-0.1459291200237743
0.4,76,0.45,-0.1570205744421095
0.4,76,0.5,-0.1605895080568889
0.4,76,0.55,-0.1589073907139446
0.4,76,0.6,-0.1552010276947796
0.4,76,0.65,-0.1588529335261011
0.4,76,0.7,-0.1616363423960914
0.4,76,0.75,-0.1559498371736387
0.4,76,0.8,-0.1580229346808465
0.4,76,0.85,-0.1560910887743878
0.4,76,0.9,-0.159780727864885
0.4,76,0.95,-0.1591957299727742
0.4,76,1.0,-0.1587289538906953
0.4,77,0.1,-0.0217257295279479
0.4,77,0.15,-0.0530355600265575
0.4,77,0.2,-0.0861439619466178
0.4,77,0.25,-0.1263828892778395
0.4,77,0.3,-0.1461773282936384
0.4,77,0.35,-0.1582999749640208
0.4,77,0.4,-0.1548185547157384
0.4,77,0.45,-0.150790804539946
0.4,77,0.5,-0.1530064019812603
0.4,77,0.55,-0.1559199673363717
0.4,77,0.6,-0.1573958625719804
0.4,77,0.65,-0.1565155351180481
0.4,77,0.7,-0.1562665323513348
0.4,77,0.75,-0.1554472855660277
0.4,77,0.8,-0.1557334368733339
0.4,77,0.85,-0.1562743790818498
0.4,77,0.9,-0.1569261827650149
0.4,77,0.95,-0.1575379239644988
0.4,77,1.0,-0.1579186686118285
0.4,78,0.1,-0.0190413930634554
0.4,78,0.15,-0.0480736783322836
0.4,78,0.2,-0.0805532037372834
0.4,78,0.25,-0.1058123223096566
0.4,78,0.3,-0.1282383907600901
0.4,78,0.35,-0.1475976755874417
0.4,78,0.4,-0.1518038181907377
0.4,78,0.45,-0.1468218046046947
0.4,78,0.5,-0.1516176275864707
0.4,78,0.55,-0.151279565388205
0.4,78,0.6,-0.1538444159635976
0.4,78,0.65,-0.155073800668369
0.4,78,0.7,-0.1487666426689204
0.4,78,0.75,-0.1545696255324603
0.4,78,0.8,-0.1569811267082022
0.4,78,0.85,-0.1562260120712638
0.4,78,0.9,-0.1587530625036972
0.4,78,0.95,-0.1614333405270312
0.4,78,1.0,-0.1618300367089801
0.4,79,0.1,-0.0202904827662356
0.4,79,0.15,-0.0432139433174333
0.4,79,0.2,-0.0721848313000625
0.4,79,0.25,-0.1040620311576775
0.4,79,0.3,-0.135870031499535
0.4,79,0.35,-0.1365138456134881
0.4,79,0.4,-0.1501652921841699
0.4,79,0.45,-0.1573157102416934
0.4,79,0.5,-0.153151300261337
0.4,79,0.55,-0.1565330825889225
0.4,79,0.6,-0.1583970966659849
0.4,79,0.65,-0.1538659123443388
0.4,79,0.7,-0.157189653090604
0.4,79,0.75,-0.1596192399594418
0.4,79,0.8,-0.1518667689031929
0.4,79,0.85,-0.1575359756454337
0.4,79,0.9,-0.1587963895623143
0.4,79,0.95,-0.1585641414213991
0.4,79,1.0,-0.1581588702204044
0.4,80,0.1,-0.0256143086289666
0.4,80,0.15,-0.0570968030908935
0.4,80,0.2,-0.0987410370191487
0.4,80,0.25,-0.1276110930594804
0.4,80,0.3,-0.1390737390899878
0.4,80,0.35,-0.1491552850470943
0.4,80,0.4,-0.1562327638651944
0.4,80,0.45,-0.1530610147051936
0.4,80,0.5,-0.1525470425017523
0.4,80,0.55,-0.1520566023971024
0.4,80,0.6,-0.1550789886996252
0.4,80,0.65,-0.1564732494881684
0.4,80,0.7,-0.1554817279211217
0.4,80,0.75,-0.1550250637002506
0.4,80,0.8,-0.1551258499040528
0.4,80,0.85,-0.1572111592476577
0.4,80,0.9,-0.1565950582995048
0.4,80,0.95,-0.158325839500565
0.4,80,1.0,-0.1578799171218677
0.4,81,0.1,-0.0246313333460394
0.4,81,0.15,-0.0541716919017946
0.4,81,0.2,-0.0845676312031925
0.4,81,0.25,-0.1239928692662568
0.4,81,0.3,-0.1476063712730122
0.4,81,0.35,-0.1573826093961422
0.4,81,0.4,-0.1518246583953363
0.4,81,0.45,-0.1525695406749066
0.4,81,0.5,-0.1567640875566863
0.4,81,0.55,-0.1559830231483606
0.4,81,0.6,-0.162331072339122
0.4,81,0.65,-0.1527290642989628
0.4,81,0.7,-0.1565973130056136
0.4,81,0.75,-0.1565244802261884
0.4,81,0.8,-0.1603684956400624
0.4,81,0.85,-0.1571120967899932
0.4,81,0.9,-0.1582912808553013
0.4,81,0.95,-0.1601736730603977
0.4,81,1.0,-0.1604994572604279
0.4,82,0.1,-0.0231280513403288
0.4,82,0.15,-0.0525536400300866
0.4,82,0.2,-0.079953230796252
0.4,82,0.25,-0.1100667443393944
0.4,82,0.3,-0.1351950680846296
0.4,82,0.35,-0.1406182901932242
0.4,82,0.4,-0.1447186902916171
0.4,82,0.45,-0.1617210029947378
0.4,82,0.5,-0.1565520405050329
0.4,82,0.55,-0.1575620227868921
0.4,82,0.6,-0.1556003887450251
0.4,82,0.65,-0.1587236270054298
0.4,82,0.7,-0.1562262801773617
0.4,82,0.75,-0.1552777071589286
0.4,82,0.8,-0.1582653106915507
0.4,82,0.85,-0.161061576553134
0.4,82,0.9,-0.1570328223714516
0.4,82,0.95,-0.159228867305261
0.4,82,1.0,-0.1608062792210532
0.4,83,0.1,-0.0206236198420301
0.4,83,0.15,-0.0473334166008847
0.4,83,0.2,-0.0869306232753934
0.4,83,0.25,-0.1092516461862801
0.4,83,0.3,-0.127264357002697
0.4,83,0.35,-0.1502679378954438
0.4,83,0.4,-0.1577545612146405
0.4,83,0.45,-0.1560357715118602
0.4,83,0.5,-0.1543089479551644
0.4,83,0.55,-0.1569505727427249
0.4,83,0.6,-0.1609618940886606
0.4,83,0.65,-0.1594252992963264
0.4,83,0.7,-0.1590686136102063
0.4,83,0.75,-0.1598956275166779
0.4,83,0.8,-0.1591182404683246
0.4,83,0.85,-0.1592016769922355
0.4,83,0.9,-0.1610176699364069
0.4,83,0.95,-0.161964348377309
0.4,83,1.0,-0.1602797840389685
0.4,84,0.1,-0.0206842010803068
0.4,84,0.15,-0.053477791084081
0.4,84,0.2,-0.0881182133995321
0.4,84,0.25,-0.113065257029646
0.4,84,0.3,-0.1370636858305974
0.4,84,0.35,-0.1556095908680684
0.4,84,0.4,-0.1646707765886132
0.4,84,0.45,-0.1684519067874644
0.4,84,0.5,-0.1579760674471927
0.4,84,0.55,-0.165820719846259
0.4,84,0.6,-0.1628819528444456
0.4,84,0.65,-0.1608483764902962
0.4,84,0.7,-0.1624827070836126
0.4,84,0.75,-0.162722553452161
0.4,84,0.8,-0.1586914277568561
0.4,84,0.85,-0.1600554736502153
0.4,84,0.9,-0.1602844521750827
0.4,84,0.95,-0.1584310251492994
0.4,84,1.0,-0.1608498363733488
0.4,85,0.1,-0.0268673430272248
0.4,85,0.15,-0.0603111019107479
0.4,85,0.2,-0.0876534645766218
0.4,85,0.25,-0.130628627944186
0.4,85,0.3,-0.1494395677733849
0.4,85,0.35,-0.1621757924488245
0.4,85,0.4,-0.157228244842464
0.4,85,0.45,-0.151338103717443
0.4,85,0.5,-0.162591290909813
0.4,85,0.55,-0.1573582564148893
0.4,85,0.6,-0.1556360689510919
0.4,85,0.65,-0.1567780014747635
0.4,85,0.7,-0.1571257332056802
0.4,85,0.75,-0.1556481376029474
0.4,85,0.8,-0.1564101725564417
0.4,85,0.85,-0.1587027309959514
0.4,85,0.9,-0.1593762804011544
0.4,85,0.95,-0.1588178458967127
0.4,85,1.0,-0.1639700882458802
0.4,86,0.1,-0.0222846467924306
0.4,86,0.15,-0.0491886276063028
0.4,86,0.2,-0.0863779409543034
0.4,86,0.25,-0.115047687613548
0.4,86,0.3,-0.1421828508775373
0.4,86,0.35,-0.1523231434571799
0.4,86,0.4,-0.1507594684447629
0.4,86,0.45,-0.1525605750473986
0.4,86,0.5,-0.1617314332518817
0.4,86,0.55,-0.1578536255353241
0.4,86,0.6,-0.1559731696459386
0.4,86,0.65,-0.1551198884718431
0.4,86,0.7,-0.1543483219622881
0.4,86,0.75,-0.1560708458890199
0.4,86,0.8,-0.1550199782633692
0.4,86,0.85,-0.1598196831182391
0.4,86,0.9,-0.1580197643943857
0.4,86,0.95,-0.1565357673145581
0.4,86,1.0,-0.1592872494227291
0.4,87,0.1,-0.0277902873457537
0.4,87,0.15,-0.0665530522879487
0.4,87,0.2,-0.1043593135882252
0.4,87,0.25,-0.1380277584023027
0.4,87,0.3,-0.1383861125034685
0.4,87,0.35,-0.1529681125182319
0.4,87,0.4,-0.1514815874437771
0.4,87,0.45,-0.158398814371092
0.4,87,0.5,-0.1558610811156145
0.4,87,0.55,-0.1544675438319038
0.4,87,0.6,-0.1544669048063133
0.4,87,0.65,-0.1560153869203857
0.4,87,0.7,-0.1562985724640397
0.4,87,0.75,-0.1579534176394736
0.4,87,0.8,-0.1581780230288675
0.4,87,0.85,-0.1565633337747707
0.4,87,0.9,-0.1582552045191772
0.4,87,0.95,-0.1595531780690823
0.4,87,1.0,-0.1589511958503654
0.4,88,0.1,-0.0265968627938732
0.4,88,0.15,-0.058961520590582
0.4,88,0.2,-0.0843318266325752
0.4,88,0.25,-0.1055715879945825
0.4,88,0.3,-0.1302017754969491
0.4,88,0.35,-0.1392891727614132
0.4,88,0.4,-0.145095870868656
0.4,88,0.45,-0.150023710277303
0.4,88,0.5,-0.1478801186425397
0.4,88,0.55,-0.1522496943092061
0.4,88,0.6,-0.1527116497038954
0.4,88,0.65,-0.1516292385735004
0.4,88,0.7,-0.1522644753753769
0.4,88,0.75,-0.1560759638528564
0.4,88,0.8,-0.1577116277138167
0.4,88,0.85,-0.1547205403531362
0.4,88,0.9,-0.1581818739663239
0.4,88,0.95,-0.1578436478123236
0.4,88,1.0,-0.1552652396232622
0.4,89,0.1,-0.022110604109235
0.4,89,0.15,-0.0554145576613389
0.4,89,0.2,-0.087588131513382
0.4,89,0.25,-0.1186693795001327
0.4,89,0.3,-0.143553944383411
0.4,89,0.35,-0.1608864961428605
0.4,89,0.4,-0.1611431266453169
0.4,89,0.45,-0.1544903146795234
0.4,89,0.5,-0.1563956142360578
0.4,89,0.55,-0.1622283161511932
0.4,89,0.6,-0.1606581092315206
0.4,89,0.65,-0.1580276507362513
0.4,89,0.7,-0.1582812838525623
0.4,89,0.75,-0.1586010447744612
0.4,89,0.8,-0.1586046945810414
0.4,89,0.85,-0.1597983531982439
0.4,89,0.9,-0.1578806415784384
0.4,89,0.95,-0.154107789126257
0.4,89,1.0,-0.1600187068773529
