dataset_id,split_id,rule,eta,ref_id,theta_path,dataset_path,attempt_seed,optimizer_chain,P,train_error,test_error,CE_mean_train,CE_sum_train,CE_mean_test,theta_norm,min_margin,q05_margin,median_margin,mean_margin,resample_seed_offset
0,0,eta_0p25,0.25,0,/home/bjyong/Complexity/local_project/03_dnn_mnist/06_eta_flip_phase_transition/raw_outputs/eta_reference_search_advanced_4eta_90ref_cpu35_gpu0/04_exact_reference_search/selected_reference_pool/split_000/eta_0p25/ref_000/theta.npy,/home/bjyong/Complexity/local_project/03_dnn_mnist/06_eta_flip_phase_transition/raw_outputs/eta_reference_search_advanced_4eta_90ref_cpu35_gpu0/01_dataset_gen/split_000/eta_0p25/rep_000/dataset.npz,2026187500,adam,2461,0.0,0.41455078125,0.0008111134905665,0.4152901071700856,3.4127159262831075,17.321359646334237,3.097828061017624,5.640842681919207,10.249149172275876,10.570267930887711,2026062600
0,0,eta_0p25,0.25,1,/home/bjyong/Complexity/local_project/03_dnn_mnist/06_eta_flip_phase_transition/raw_outputs/eta_reference_search_advanced_4eta_90ref_cpu35_gpu0/04_exact_reference_search/selected_reference_pool/split_000/eta_0p25/ref_001/theta.npy,/home/bjyong/Complexity/local_project/03_dnn_mnist/06_eta_flip_phase_transition/raw_outputs/eta_reference_search_advanced_4eta_90ref_cpu35_gpu0/01_dataset_gen/split_000/eta_0p25/rep_000/dataset.npz,2026187501,adam,2461,0.0,0.42138671875,0.0090866419114089,4.652360658641393,2.612624500166472,16.69722706805894,0.2383283443579724,3.495976050508188,7.380612108892278,7.867248710117182,2026062600
0,0,eta_0p25,0.25,2,/home/bjyong/Complexity/local_project/03_dnn_mnist/06_eta_flip_phase_transition/raw_outputs/eta_reference_search_advanced_4eta_90ref_cpu35_gpu0/04_exact_reference_search/selected_reference_pool/split_000/eta_0p25/ref_002/theta.npy,/home/bjyong/Complexity/local_project/03_dnn_mnist/06_eta_flip_phase_transition/raw_outputs/eta_reference_search_advanced_4eta_90ref_cpu35_gpu0/01_dataset_gen/split_000/eta_0p25/rep_000/dataset.npz,2026187502,adam,2461,0.0,0.4306640625,0.0117257532773665,6.003585678011678,2.5671306453758462,17.20858445468207,0.0094513399932232,3.576385498240381,7.9753623737278145,8.090018663962898,2026062600
0,0,eta_0p25,0.25,3,/home/bjyong/Complexity/local_project/03_dnn_mnist/06_eta_flip_phase_transition/raw_outputs/eta_reference_search_advanced_4eta_90ref_cpu35_gpu0/04_exact_reference_search/selected_reference_pool/split_000/eta_0p25/ref_003/theta.npy,/home/bjyong/Complexity/local_project/03_dnn_mnist/06_eta_flip_phase_transition/raw_outputs/eta_reference_search_advanced_4eta_90ref_cpu35_gpu0/01_dataset_gen/split_000/eta_0p25/rep_000/dataset.npz,2026187503,adam,2461,0.0,0.416015625,0.0024152569460442,1.2366115563746765,2.720196701811185,19.88451887240281,2.6902513206093945,4.636467936351847,8.353042926840692,8.919120115689132,2026062600
0,0,eta_0p25,0.25,4,/home/bjyong/Complexity/local_project/03_dnn_mnist/06_eta_flip_phase_transition/raw_outputs/eta_reference_search_advanced_4eta_90ref_cpu35_gpu0/04_exact_reference_search/selected_reference_pool/split_000/eta_0p25/ref_004/theta.npy,/home/bjyong/Complexity/local_project/03_dnn_mnist/06_eta_flip_phase_transition/raw_outputs/eta_reference_search_advanced_4eta_90ref_cpu35_gpu0/01_dataset_gen/split_000/eta_0p25/rep_000/dataset.npz,2026187504,adam,2461,0.0,0.42822265625,0.003294851893554,1.6869641694996829,2.6961912247569595,19.195102745391345,1.6136374105766995,4.351471053944778,8.01379557909303,8.360078414338028,2026062600
0,0,eta_0p25,0.25,5,/home/bjyong/Complexity/local_project/03_dnn_mnist/06_eta_flip_phase_transition/raw_outputs/eta_reference_search_advanced_4eta_90ref_cpu35_gpu0/04_exact_reference_search/selected_reference_pool/split_000/eta_0p25/ref_005/theta.npy,/home/bjyong/Complexity/local_project/03_dnn_mnist/06_eta_flip_phase_transition/raw_outputs/eta_reference_search_advanced_4eta_90ref_cpu35_gpu0/01_dataset_gen/split_000/eta_0p25/rep_000/dataset.npz,2026187505,adam,2461,0.0,0.42822265625,0.0018888883721287,0.967110846529916,3.331951591368319,17.842209690180614,1.7558006088824891,4.9761940397482505,9.891922487853003,9.998241190173786,2026062600
0,0,eta_0p25,0.25,6,/home/bjyong/Complexity/local_project/03_dnn_mnist/06_eta_flip_phase_transition/raw_outputs/eta_reference_search_advanced_4eta_90ref_cpu35_gpu0/04_exact_reference_search/selected_reference_pool/split_000/eta_0p25/ref_006/theta.npy,/home/bjyong/Complexity/local_project/03_dnn_mnist/06_eta_flip_phase_transition/raw_outputs/eta_reference_search_advanced_4eta_90ref_cpu35_gpu0/01_dataset_gen/split_000/eta_0p25/rep_000/dataset.npz,2026187506,adam,2461,0.0,0.4072265625,0.0029241079386662,1.4971432645971108,3.0849538285047773,18.169732588485868,1.658262285130362,4.576038002197951,8.968356702828421,9.724341159084082,2026062600
0,0,eta_0p25,0.25,7,/home/bjyong/Complexity/local_project/03_dnn_mnist/06_eta_flip_phase_transition/raw_outputs/eta_reference_search_advanced_4eta_90ref_cpu35_gpu0/04_exact_reference_search/selected_reference_pool/split_000/eta_0p25/ref_007/theta.npy,/home/bjyong/Complexity/local_project/03_dnn_mnist/06_eta_flip_phase_transition/raw_outputs/eta_reference_search_advanced_4eta_90ref_cpu35_gpu0/01_dataset_gen/split_000/eta_0p25/rep_000/dataset.npz,2026187507,adam,2461,0.0,0.4130859375,0.0011060105440968,0.5662773985775863,3.176389643601476,18.89796421845816,3.5572485803637623,5.199693859805388,9.119169698864354,9.808788202484076,2026062600
0,0,eta_0p25,0.25,8,/home/bjyong/Complexity/local_project/03_dnn_mnist/06_eta_flip_phase_transition/raw_outputs/eta_reference_search_advanced_4eta_90ref_cpu35_gpu0/04_exact_reference_search/selected_reference_pool/split_000/eta_0p25/ref_008/theta.npy,/home/bjyong/Complexity/local_project/03_dnn_mnist/06_eta_flip_phase_transition/raw_outputs/eta_reference_search_advanced_4eta_90ref_cpu35_gpu0/01_dataset_gen/split_000/eta_0p25/rep_000/dataset.npz,2026187508,adam,2461,0.0,0.42578125,0.0135634660134076,6.94449459886471,2.2064572360369854,17.50463595168279,0.2884030839759616,2.918909504106241,6.724001242206034,6.831119353742766,2026062600
0,0,eta_0p25,0.25,9,/home/bjyong/Complexity/local_project/03_dnn_mnist/06_eta_flip_phase_transition/raw_outputs/eta_reference_search_advanced_4eta_90ref_cpu35_gpu0/04_exact_reference_search/selected_reference_pool/split_000/eta_0p25/ref_009/theta.npy,/home/bjyong/Complexity/local_project/03_dnn_mnist/06_eta_flip_phase_transition/raw_outputs/eta_reference_search_advanced_4eta_90ref_cpu35_gpu0/01_dataset_gen/split_000/eta_0p25/rep_000/dataset.npz,2026187509,adam,2461,0.0,0.4189453125,0.0034368373800172,1.759660738568826,2.630567584829929,19.486291085441977,1.3556396464080798,4.702445205227532,7.919527872083819,8.459210023914366,2026062600
0,0,eta_0p25,0.25,10,/home/bjyong/Complexity/local_project/03_dnn_mnist/06_eta_flip_phase_transition/raw_outputs/eta_reference_search_advanced_4eta_90ref_cpu35_gpu0/04_exact_reference_search/selected_reference_pool/split_000/eta_0p25/ref_010/theta.npy,/home/bjyong/Complexity/local_project/03_dnn_mnist/06_eta_flip_phase_transition/raw_outputs/eta_reference_search_advanced_4eta_90ref_cpu35_gpu0/01_dataset_gen/split_000/eta_0p25/rep_000/dataset.npz,2026187510,adam,2461,0.0,0.42626953125,0.0017490159596422,0.895496171336817,3.1956833194767964,17.20248747823672,2.4800218593016257,4.885315963721256,9.574072406254384,9.84422224009132,2026062600
0,0,eta_0p25,0.25,11,/home/bjyong/Complexity/local_project/03_dnn_mnist/06_eta_flip_phase_transition/raw_outputs/eta_reference_search_advanced_4eta_90ref_cpu35_gpu0/04_exact_reference_search/selected_reference_pool/split_000/eta_0p25/ref_011/theta.npy,/home/bjyong/Complexity/local_project/03_dnn_mnist/06_eta_flip_phase_transition/raw_outputs/eta_reference_search_advanced_4eta_90ref_cpu35_gpu0/01_dataset_gen/split_000/eta_0p25/rep_000/dataset.npz,2026187511,adam,2461,0.0,0.41796875,0.0010758031562348,0.5508112159922601,3.255999874665614,18.23203990962285,2.8108485695817023,5.571776635553729,9.806824577900157,9.964483859145847,2026062600
0,0,eta_0p25,0.25,12,/home/bjyong/Complexity/local_project/03_dnn_mnist/06_eta_flip_phase_transition/raw_outputs/eta_reference_search_advanced_4eta_90ref_cpu35_gpu0/04_exact_reference_search/selected_reference_pool/split_000/eta_0p25/ref_012/theta.npy,/home/bjyong/Complexity/local_project/03_dnn_mnist/06_eta_flip_phase_transition/raw_outputs/eta_reference_search_advanced_4eta_90ref_cpu35_gpu0/01_dataset_gen/split_000/eta_0p25/rep_000/dataset.npz,2026187512,adam,2461,0.0,0.419921875,0.0030640244912486,1.5687805395193049,3.01850621766184,18.37355264034565,1.247041675398395,4.687805565487619,9.1122193987762,9.236870270180258,2026062600
0,0,eta_0p25,0.25,13,/home/bjyong/Complexity/local_project/03_dnn_mnist/06_eta_flip_phase_transition/raw_outputs/eta_reference_search_advanced_4eta_90ref_cpu35_gpu0/04_exact_reference_search/selected_reference_pool/split_000/eta_0p25/ref_013/theta.npy,/home/bjyong/Complexity/local_project/03_dnn_mnist/06_eta_flip_phase_transition/raw_outputs/eta_reference_search_advanced_4eta_90ref_cpu35_gpu0/01_dataset_gen/split_000/eta_0p25/rep_000/dataset.npz,2026187513,adam,2461,0.0,0.4208984375,0.0026278697933801,1.3454693342106518,2.8771747775659007,18.512277439137726,1.0906338266871949,4.923892415516915,8.679279827659402,8.96612034200434,2026062600
0,0,eta_0p25,0.25,14,/home/bjyong/Complexity/local_project/03_dnn_mnist/06_eta_flip_phase_transition/raw_outputs/eta_reference_search_advanced_4eta_90ref_cpu35_gpu0/04_exact_reference_search/selected_reference_pool/split_000/eta_0p25/ref_014/theta.npy,/home/bjyong/Complexity/local_project/03_dnn_mnist/06_eta_flip_phase_transition/raw_outputs/eta_reference_search_advanced_4eta_90ref_cpu35_gpu0/01_dataset_gen/split_000/eta_0p25/rep_000/dataset.npz,2026187514,adam,2461,0.0,0.39794921875,0.0057068147314505,2.921889142502672,2.0671077485736635,20.10973378603027,1.382104733735702,3.5969317320520204,6.851107983915161,7.464566777403002,2026062600
0,0,eta_0p25,0.25,15,/home/bjyong/Complexity/local_project/03_dnn_mnist/06_eta_flip_phase_transition/raw_outputs/eta_reference_search_advanced_4eta_90ref_cpu35_gpu0/04_exact_reference_search/selected_reference_pool/split_000/eta_0p25/ref_015/theta.npy,/home/bjyong/Complexity/local_project/03_dnn_mnist/06_eta_flip_phase_transition/raw_outputs/eta_reference_search_advanced_4eta_90ref_cpu35_gpu0/01_dataset_gen/split_000/eta_0p25/rep_000/dataset.npz,2026187515,adam,2461,0.0,0.42724609375,0.0029986787356023,1.5353235126284157,3.386705842557232,16.910599723354455,1.870075639468381,4.448439225972468,9.62699064151493,9.842782639186936,2026062600
0,0,eta_0p25,0.25,16,/home/bjyong/Complexity/local_project/03_dnn_mnist/06_eta_flip_phase_transition/raw_outputs/eta_reference_search_advanced_4eta_90ref_cpu35_gpu0/04_exact_reference_search/selected_reference_pool/split_000/eta_0p25/ref_016/theta.npy,/home/bjyong/Complexity/local_project/03_dnn_mnist/06_eta_flip_phase_transition/raw_outputs/eta_reference_search_advanced_4eta_90ref_cpu35_gpu0/01_dataset_gen/split_000/eta_0p25/rep_000/dataset.npz,2026187516,adam,2461,0.0,0.41015625,0.0008679831480782,0.4444073718160568,3.1579735420852093,16.90117965400513,3.5280403404430367,5.540874619453231,9.595169762355065,9.754776199929449,2026062600
0,0,eta_0p25,0.25,17,/home/bjyong/Complexity/local_project/03_dnn_mnist/06_eta_flip_phase_transition/raw_outputs/eta_reference_search_advanced_4eta_90ref_cpu35_gpu0/04_exact_reference_search/selected_reference_pool/split_000/eta_0p25/ref_017/theta.npy,/home/bjyong/Complexity/local_project/03_dnn_mnist/06_eta_flip_phase_transition/raw_outputs/eta_reference_search_advanced_4eta_90ref_cpu35_gpu0/01_dataset_gen/split_000/eta_0p25/rep_000/dataset.npz,2026187517,adam,2461,0.0,0.40576171875,0.0098485184907054,5.0424414672412095,2.3172375019026683,18.38346910358717,0.7747166531181793,3.054133045838509,7.122255596774723,7.561566179165855,2026062600
0,0,eta_0p25,0.25,18,/home/bjyong/Complexity/local_project/03_dnn_mnist/06_eta_flip_phase_transition/raw_outputs/eta_reference_search_advanced_4eta_90ref_cpu35_gpu0/04_exact_reference_search/selected_reference_pool/split_000/eta_0p25/ref_018/theta.npy,/home/bjyong/Complexity/local_project/03_dnn_mnist/06_eta_flip_phase_transition/raw_outputs/eta_reference_search_advanced_4eta_90ref_cpu35_gpu0/01_dataset_gen/split_000/eta_0p25/rep_000/dataset.npz,2026187518,adam,2461,0.0,0.42236328125,0.0017912078716837,0.9170984303020844,2.93552639081034,18.62035890043196,2.164740052334277,5.097191397585828,8.064953134565396,8.896880711938216,2026062600
0,0,eta_0p25,0.25,19,/home/bjyong/Complexity/local_project/03_dnn_mnist/06_eta_flip_phase_transition/raw_outputs/eta_reference_search_advanced_4eta_90ref_cpu35_gpu0/04_exact_reference_search/selected_reference_pool/split_000/eta_0p25/ref_019/theta.npy,/home/bjyong/Complexity/local_project/03_dnn_mnist/06_eta_flip_phase_transition/raw_outputs/eta_reference_search_advanced_4eta_90ref_cpu35_gpu0/01_dataset_gen/split_000/eta_0p25/rep_000/dataset.npz,2026187519,adam,2461,0.0,0.41357421875,0.0029615877236938,1.516332914531266,2.5410267174184917,19.54581985865241,1.7643327983607713,4.394571105844488,7.610606284679065,8.244464443016353,2026062600
0,0,eta_0p25,0.25,20,/home/bjyong/Complexity/local_project/03_dnn_mnist/06_eta_flip_phase_transition/raw_outputs/eta_reference_search_advanced_4eta_90ref_cpu35_gpu0/04_exact_reference_search/selected_reference_pool/split_000/eta_0p25/ref_020/theta.npy,/home/bjyong/Complexity/local_project/03_dnn_mnist/06_eta_flip_phase_transition/raw_outputs/eta_reference_search_advanced_4eta_90ref_cpu35_gpu0/01_dataset_gen/split_000/eta_0p25/rep_000/dataset.npz,2026187520,adam,2461,0.0,0.42236328125,0.001389514701667,0.711431527253547,3.319205128410439,17.67934935446633,2.647432419282155,5.300168313713239,9.894978253456278,10.16764688539375,2026062600
0,0,eta_0p25,0.25,21,/home/bjyong/Complexity/local_project/03_dnn_mnist/06_eta_flip_phase_transition/raw_outputs/eta_reference_search_advanced_4eta_90ref_cpu35_gpu0/04_exact_reference_search/selected_reference_pool/split_000/eta_0p25/ref_021/theta.npy,/home/bjyong/Complexity/local_project/03_dnn_mnist/06_eta_flip_phase_transition/raw_outputs/eta_reference_search_advanced_4eta_90ref_cpu35_gpu0/01_dataset_gen/split_000/eta_0p25/rep_000/dataset.npz,2026187521,adam,2461,0.0,0.4130859375,0.0029272346803129,1.498744156320222,2.986827128666812,17.84502009855827,1.619541657398186,4.449821362157654,9.33989407499475,9.26191471472966,2026062600
0,0,eta_0p25,0.25,22,/home/bjyong/Complexity/local_project/03_dnn_mnist/06_eta_flip_phase_transition/raw_outputs/eta_reference_search_advanced_4eta_90ref_cpu35_gpu0/04_exact_reference_search/selected_reference_pool/split_000/eta_0p25/ref_022/theta.npy,/home/bjyong/Complexity/local_project/03_dnn_mnist/06_eta_flip_phase_transition/raw_outputs/eta_reference_search_advanced_4eta_90ref_cpu35_gpu0/01_dataset_gen/split_000/eta_0p25/rep_000/dataset.npz,2026187522,adam,2461,0.0,0.40673828125,0.0015503194468184,0.7937635567710374,3.158986100078666,17.789339734367367,2.600162009920815,5.189442261189143,9.18355396994626,9.83041378789865,2026062600
0,0,eta_0p25,0.25,23,/home/bjyong/Complexity/local_project/03_dnn_mnist/06_eta_flip_phase_transition/raw_outputs/eta_reference_search_advanced_4eta_90ref_cpu35_gpu0/04_exact_reference_search/selected_reference_pool/split_000/eta_0p25/ref_023/theta.npy,/home/bjyong/Complexity/local_project/03_dnn_mnist/06_eta_flip_phase_transition/raw_outputs/eta_reference_search_advanced_4eta_90ref_cpu35_gpu0/01_dataset_gen/split_000/eta_0p25/rep_000/dataset.npz,2026187523,adam,2461,0.0,0.4248046875,0.0077829136718755,3.9848518000002606,2.5084649191734,17.142079204285864,1.23832075856623,3.5390225182369446,7.269032295795746,7.798232453951211,2026062600
0,0,eta_0p25,0.25,24,/home/bjyong/Complexity/local_project/03_dnn_mnist/06_eta_flip_phase_transition/raw_outputs/eta_reference_search_advanced_4eta_90ref_cpu35_gpu0/04_exact_reference_search/selected_reference_pool/split_000/eta_0p25/ref_024/theta.npy,/home/bjyong/Complexity/local_project/03_dnn_mnist/06_eta_flip_phase_transition/raw_outputs/eta_reference_search_advanced_4eta_90ref_cpu35_gpu0/01_dataset_gen/split_000/eta_0p25/rep_000/dataset.npz,2026187524,adam,2461,0.0,0.40478515625,0.0072859233607378,3.730392760697773,2.4153191378778907,18.23174469724685,0.9846712429140988,3.5277036921703147,7.310291477047529,7.6246664593605376,2026062600
0,0,eta_0p25,0.25,25,/home/bjyong/Complexity/local_project/03_dnn_mnist/06_eta_flip_phase_transition/raw_outputs/eta_reference_search_advanced_4eta_90ref_cpu35_gpu0/04_exact_reference_search/selected_reference_pool/split_000/eta_0p25/ref_025/theta.npy,/home/bjyong/Complexity/local_project/03_dnn_mnist/06_eta_flip_phase_transition/raw_outputs/eta_reference_search_advanced_4eta_90ref_cpu35_gpu0/01_dataset_gen/split_000/eta_0p25/rep_000/dataset.npz,2026187525,adam,2461,0.0,0.4111328125,0.0023265370772525,1.1911869835532818,3.401551340304981,15.74542051954728,2.2358931324218565,4.923040477032396,10.045681757591222,10.295633026427833,2026062600
0,0,eta_0p25,0.25,26,/home/bjyong/Complexity/local_project/03_dnn_mnist/06_eta_flip_phase_transition/raw_outputs/eta_reference_search_advanced_4eta_90ref_cpu35_gpu0/04_exact_reference_search/selected_reference_pool/split_000/eta_0p25/ref_026/theta.npy,/home/bjyong/Complexity/local_project/03_dnn_mnist/06_eta_flip_phase_transition/raw_outputs/eta_reference_search_advanced_4eta_90ref_cpu35_gpu0/01_dataset_gen/split_000/eta_0p25/rep_000/dataset.npz,2026187526,adam,2461,0.0,0.4150390625,0.0058208577540424,2.9802791700697218,2.7323680077234536,17.398879697549642,1.123328266165791,3.756457243393621,7.800912759044547,8.300900942699425,2026062600
0,0,eta_0p25,0.25,27,/home/bjyong/Complexity/local_project/03_dnn_mnist/06_eta_flip_phase_transition/raw_outputs/eta_reference_search_advanced_4eta_90ref_cpu35_gpu0/04_exact_reference_search/selected_reference_pool/split_000/eta_0p25/ref_027/theta.npy,/home/bjyong/Complexity/local_project/03_dnn_mnist/06_eta_flip_phase_transition/raw_outputs/eta_reference_search_advanced_4eta_90ref_cpu35_gpu0/01_dataset_gen/split_000/eta_0p25/rep_000/dataset.npz,2026187527,adam,2461,0.0,0.40771484375,0.0022839784878036,1.1693969857554434,2.9210779265796587,18.61389676268365,2.025309199609549,4.548817408750181,8.898058390130783,9.574381142382531,2026062600
0,0,eta_0p25,0.25,28,/home/bjyong/Complexity/local_project/03_dnn_mnist/06_eta_flip_phase_transition/raw_outputs/eta_reference_search_advanced_4eta_90ref_cpu35_gpu0/04_exact_reference_search/selected_reference_pool/split_000/eta_0p25/ref_028/theta.npy,/home/bjyong/Complexity/local_project/03_dnn_mnist/06_eta_flip_phase_transition/raw_outputs/eta_reference_search_advanced_4eta_90ref_cpu35_gpu0/01_dataset_gen/split_000/eta_0p25/rep_000/dataset.npz,2026187528,adam,2461,0.0,0.42138671875,0.0015912087158126,0.8146988624960599,2.985546163279396,18.83917514077056,2.959723107414277,4.883112265793287,8.761054705689268,9.234686538763755,2026062600
0,0,eta_0p25,0.25,29,/home/bjyong/Complexity/local_project/03_dnn_mnist/06_eta_flip_phase_transition/raw_outputs/eta_reference_search_advanced_4eta_90ref_cpu35_gpu0/04_exact_reference_search/selected_reference_pool/split_000/eta_0p25/ref_029/theta.npy,/home/bjyong/Complexity/local_project/03_dnn_mnist/06_eta_flip_phase_transition/raw_outputs/eta_reference_search_advanced_4eta_90ref_cpu35_gpu0/01_dataset_gen/split_000/eta_0p25/rep_000/dataset.npz,2026187529,adam,2461,0.0,0.41796875,0.0020167596002362,1.0325809153209538,3.067957548691952,18.69432338839754,2.5575005936445523,4.841305383720515,8.811003862295587,9.408469820850147,2026062600
0,0,eta_0p25,0.25,30,/home/bjyong/Complexity/local_project/03_dnn_mnist/06_eta_flip_phase_transition/raw_outputs/eta_reference_search_advanced_4eta_90ref_cpu35_gpu0/04_exact_reference_search/selected_reference_pool/split_000/eta_0p25/ref_030/theta.npy,/home/bjyong/Complexity/local_project/03_dnn_mnist/06_eta_flip_phase_transition/raw_outputs/eta_reference_search_advanced_4eta_90ref_cpu35_gpu0/01_dataset_gen/split_000/eta_0p25/rep_000/dataset.npz,2026187530,adam,2461,0.0,0.42529296875,0.0068955209909554,3.5305067473691656,2.9421030257192937,15.961724219834936,0.8570803665488116,3.633042337104324,8.415102168725781,8.658339469380756,2026062600
0,0,eta_0p25,0.25,31,/home/bjyong/Complexity/local_project/03_dnn_mnist/06_eta_flip_phase_transition/raw_outputs/eta_reference_search_advanced_4eta_90ref_cpu35_gpu0/04_exact_reference_search/selected_reference_pool/split_000/eta_0p25/ref_031/theta.npy,/home/bjyong/Complexity/local_project/03_dnn_mnist/06_eta_flip_phase_transition/raw_outputs/eta_reference_search_advanced_4eta_90ref_cpu35_gpu0/01_dataset_gen/split_000/eta_0p25/rep_000/dataset.npz,2026187531,adam,2461,0.0,0.41748046875,0.006291261277922,3.221125774296078,2.760069384534467,17.623638691220254,0.7391549329539415,4.40841691561821,8.317974684503852,8.620817583059683,2026062600
0,0,eta_0p25,0.25,32,/home/bjyong/Complexity/local_project/03_dnn_mnist/06_eta_flip_phase_transition/raw_outputs/eta_reference_search_advanced_4eta_90ref_cpu35_gpu0/04_exact_reference_search/selected_reference_pool/split_000/eta_0p25/ref_032/theta.npy,/home/bjyong/Complexity/local_project/03_dnn_mnist/06_eta_flip_phase_transition/raw_outputs/eta_reference_search_advanced_4eta_90ref_cpu35_gpu0/01_dataset_gen/split_000/eta_0p25/rep_000/dataset.npz,2026187532,adam,2461,0.0,0.4267578125,0.0030236812731118,1.5481248118332425,3.0904470520385017,17.993738552646672,1.2782395075023163,4.799300774831754,9.3264314730832,9.787867249969889,2026062600
0,0,eta_0p25,0.25,33,/home/bjyong/Complexity/local_project/03_dnn_mnist/06_eta_flip_phase_transition/raw_outputs/eta_reference_search_advanced_4eta_90ref_cpu35_gpu0/04_exact_reference_search/selected_reference_pool/split_000/eta_0p25/ref_033/theta.npy,/home/bjyong/Complexity/local_project/03_dnn_mnist/06_eta_flip_phase_transition/raw_outputs/eta_reference_search_advanced_4eta_90ref_cpu35_gpu0/01_dataset_gen/split_000/eta_0p25/rep_000/dataset.npz,2026187533,adam,2461,0.0,0.41064453125,0.0030424453611698,1.5577320249189643,3.020407007947142,19.612336695053944,1.2421201110057187,4.458646333203446,9.20389785572829,9.70111782423882,2026062600
0,0,eta_0p25,0.25,34,/home/bjyong/Complexity/local_project/03_dnn_mnist/06_eta_flip_phase_transition/raw_outputs/eta_reference_search_advanced_4eta_90ref_cpu35_gpu0/04_exact_reference_search/selected_reference_pool/split_000/eta_0p25/ref_034/theta.npy,/home/bjyong/Complexity/local_project/03_dnn_mnist/06_eta_flip_phase_transition/raw_outputs/eta_reference_search_advanced_4eta_90ref_cpu35_gpu0/01_dataset_gen/split_000/eta_0p25/rep_000/dataset.npz,2026187534,adam,2461,0.0,0.41162109375,0.0015505531966285,0.7938832366738378,2.81156229783159,18.582094226487637,2.588137564272595,5.07376138319429,8.574287600731893,9.147011896681835,2026062600
0,0,eta_0p25,0.25,35,/home/bjyong/Complexity/local_project/03_dnn_mnist/06_eta_flip_phase_transition/raw_outputs/eta_reference_search_advanced_4eta_90ref_cpu35_gpu0/04_exact_reference_search/selected_reference_pool/split_000/eta_0p25/ref_035/theta.npy,/home/bjyong/Complexity/local_project/03_dnn_mnist/06_eta_flip_phase_transition/raw_outputs/eta_reference_search_advanced_4eta_90ref_cpu35_gpu0/01_dataset_gen/split_000/eta_0p25/rep_000/dataset.npz,2026187535,adam,2461,0.0,0.42529296875,0.0076177207452131,3.9002730215491135,2.6935080985569395,15.59308320042882,0.8195422491220805,3.734711698666012,7.953106615745066,8.025400328038272,2026062600
0,0,eta_0p25,0.25,36,/home/bjyong/Complexity/local_project/03_dnn_mnist/06_eta_flip_phase_transition/raw_outputs/eta_reference_search_advanced_4eta_90ref_cpu35_gpu0/04_exact_reference_search/selected_reference_pool/split_000/eta_0p25/ref_036/theta.npy,/home/bjyong/Complexity/local_project/03_dnn_mnist/06_eta_flip_phase_transition/raw_outputs/eta_reference_search_advanced_4eta_90ref_cpu35_gpu0/01_dataset_gen/split_000/eta_0p25/rep_000/dataset.npz,2026187536,adam,2461,0.0,0.43408203125,0.0024913494223903,1.2755709042638457,3.0698874715103632,18.47574224722631,1.5683301417510696,5.019860646862689,8.982311657604491,9.284558323419464,2026062600
0,0,eta_0p25,0.25,37,/home/bjyong/Complexity/local_project/03_dnn_mnist/06_eta_flip_phase_transition/raw_outputs/eta_reference_search_advanced_4eta_90ref_cpu35_gpu0/04_exact_reference_search/selected_reference_pool/split_000/eta_0p25/ref_037/theta.npy,/home/bjyong/Complexity/local_project/03_dnn_mnist/06_eta_flip_phase_transition/raw_outputs/eta_reference_search_advanced_4eta_90ref_cpu35_gpu0/01_dataset_gen/split_000/eta_0p25/rep_000/dataset.npz,2026187537,adam,2461,0.0,0.41943359375,0.0021405588978202,1.0959661556839737,3.248073505291862,18.650328660851347,1.6496748977261293,4.841732456723482,9.617426463870853,9.90391182202223,2026062600
0,0,eta_0p25,0.25,38,/home/bjyong/Complexity/local_project/03_dnn_mnist/06_eta_flip_phase_transition/raw_outputs/eta_reference_search_advanced_4eta_90ref_cpu35_gpu0/04_exact_reference_search/selected_reference_pool/split_000/eta_0p25/ref_038/theta.npy,/home/bjyong/Complexity/local_project/03_dnn_mnist/06_eta_flip_phase_transition/raw_outputs/eta_reference_search_advanced_4eta_90ref_cpu35_gpu0/01_dataset_gen/split_000/eta_0p25/rep_000/dataset.npz,2026187538,adam,2461,0.0,0.42236328125,0.0024480648689689,1.2534092129121135,2.6477852681069214,19.74548287902092,2.055625172939717,4.71969741578381,7.93873663906427,8.652593382609998,2026062600
0,0,eta_0p25,0.25,39,/home/bjyong/Complexity/local_project/03_dnn_mnist/06_eta_flip_phase_transition/raw_outputs/eta_reference_search_advanced_4eta_90ref_cpu35_gpu0/04_exact_reference_search/selected_reference_pool/split_000/eta_0p25/ref_039/theta.npy,/home/bjyong/Complexity/local_project/03_dnn_mnist/06_eta_flip_phase_transition/raw_outputs/eta_reference_search_advanced_4eta_90ref_cpu35_gpu0/01_dataset_gen/split_000/eta_0p25/rep_000/dataset.npz,2026187539,adam,2461,0.0,0.40869140625,0.0041200258383179,2.109453229218776,2.286061252043324,19.45418987017331,2.393317294867794,4.0159833004862175,7.132053217276025,7.6368853137915265,2026062600
0,0,eta_0p25,0.25,40,/home/bjyong/Complexity/local_project/03_dnn_mnist/06_eta_flip_phase_transition/raw_outputs/eta_reference_search_advanced_4eta_90ref_cpu35_gpu0/04_exact_reference_search/selected_reference_pool/split_000/eta_0p25/ref_040/theta.npy,/home/bjyong/Complexity/local_project/03_dnn_mnist/06_eta_flip_phase_transition/raw_outputs/eta_reference_search_advanced_4eta_90ref_cpu35_gpu0/01_dataset_gen/split_000/eta_0p25/rep_000/dataset.npz,2026187540,adam,2461,0.0,0.4248046875,0.0011022404402785,0.5643471054226062,3.444366131277158,17.606633085624313,3.084518394570273,5.242527393356809,10.103008466121167,10.458062634799685,2026062600
0,0,eta_0p25,0.25,41,/home/bjyong/Complexity/local_project/03_dnn_mnist/06_eta_flip_phase_transition/raw_outputs/eta_reference_search_advanced_4eta_90ref_cpu35_gpu0/04_exact_reference_search/selected_reference_pool/split_000/eta_0p25/ref_041/theta.npy,/home/bjyong/Complexity/local_project/03_dnn_mnist/06_eta_flip_phase_transition/raw_outputs/eta_reference_search_advanced_4eta_90ref_cpu35_gpu0/01_dataset_gen/split_000/eta_0p25/rep_000/dataset.npz,2026187541,adam,2461,0.0,0.41162109375,0.007781554038507,3.9841556677155854,2.616980491197204,16.430768866861506,0.4334615877675298,3.988883004228123,8.046659820483539,8.152849257341565,2026062600
0,0,eta_0p25,0.25,42,/home/bjyong/Complexity/local_project/03_dnn_mnist/06_eta_flip_phase_transition/raw_outputs/eta_reference_search_advanced_4eta_90ref_cpu35_gpu0/04_exact_reference_search/selected_reference_pool/split_000/eta_0p25/ref_042/theta.npy,/home/bjyong/Complexity/local_project/03_dnn_mnist/06_eta_flip_phase_transition/raw_outputs/eta_reference_search_advanced_4eta_90ref_cpu35_gpu0/01_dataset_gen/split_000/eta_0p25/rep_000/dataset.npz,2026187542,adam,2461,0.0,0.4267578125,0.0030806072966738,1.5772709358970247,2.953681624317256,18.44466236204041,1.415686629249271,4.291807990715879,8.211110629652701,9.020061740435985,2026062600
0,0,eta_0p25,0.25,43,/home/bjyong/Complexity/local_project/03_dnn_mnist/06_eta_flip_phase_transition/raw_outputs/eta_reference_search_advanced_4eta_90ref_cpu35_gpu0/04_exact_reference_search/selected_reference_pool/split_000/eta_0p25/ref_043/theta.npy,/home/bjyong/Complexity/local_project/03_dnn_mnist/06_eta_flip_phase_transition/raw_outputs/eta_reference_search_advanced_4eta_90ref_cpu35_gpu0/01_dataset_gen/split_000/eta_0p25/rep_000/dataset.npz,2026187543,adam,2461,0.0,0.42431640625,0.0115226167912444,5.899579797117159,2.191263348970016,19.41277064897415,0.4882346803292406,3.1307279204150573,6.45900712069815,7.019170418018421,2026062600
0,0,eta_0p25,0.25,44,/home/bjyong/Complexity/local_project/03_dnn_mnist/06_eta_flip_phase_transition/raw_outputs/eta_reference_search_advanced_4eta_90ref_cpu35_gpu0/04_exact_reference_search/selected_reference_pool/split_000/eta_0p25/ref_044/theta.npy,/home/bjyong/Complexity/local_project/03_dnn_mnist/06_eta_flip_phase_transition/raw_outputs/eta_reference_search_advanced_4eta_90ref_cpu35_gpu0/01_dataset_gen/split_000/eta_0p25/rep_000/dataset.npz,2026187544,adam,2461,0.0,0.41845703125,0.0015057630739535,0.7709506938641972,2.980682344617385,18.549244372980844,3.183615000034167,5.070102461140927,8.90976267916561,9.279422895910834,2026062600
0,0,eta_0p25,0.25,45,/home/bjyong/Complexity/local_project/03_dnn_mnist/06_eta_flip_phase_transition/raw_outputs/eta_reference_search_advanced_4eta_90ref_cpu35_gpu0/04_exact_reference_search/selected_reference_pool/split_000/eta_0p25/ref_045/theta.npy,/home/bjyong/Complexity/local_project/03_dnn_mnist/06_eta_flip_phase_transition/raw_outputs/eta_reference_search_advanced_4eta_90ref_cpu35_gpu0/01_dataset_gen/split_000/eta_0p25/rep_000/dataset.npz,2026187545,adam,2461,0.0,0.4052734375,0.0079883013790461,4.090010306071619,2.839059081403909,15.709286002785635,0.5112325889014162,3.990851515053559,8.983611079365955,9.031436830565152,2026062600
0,0,eta_0p25,0.25,46,/home/bjyong/Complexity/local_project/03_dnn_mnist/06_eta_flip_phase_transition/raw_outputs/eta_reference_search_advanced_4eta_90ref_cpu35_gpu0/04_exact_reference_search/selected_reference_pool/split_000/eta_0p25/ref_046/theta.npy,/home/bjyong/Complexity/local_project/03_dnn_mnist/06_eta_flip_phase_transition/raw_outputs/eta_reference_search_advanced_4eta_90ref_cpu35_gpu0/01_dataset_gen/split_000/eta_0p25/rep_000/dataset.npz,2026187546,adam,2461,0.0,0.408203125,0.002360479713406,1.208565613263877,2.8695377842348373,16.056484816377694,1.4589221207903458,4.790551936060078,8.56767508302222,8.958173561586792,2026062600
0,0,eta_0p25,0.25,47,/home/bjyong/Complexity/local_project/03_dnn_mnist/06_eta_flip_phase_transition/raw_outputs/eta_reference_search_advanced_4eta_90ref_cpu35_gpu0/04_exact_reference_search/selected_reference_pool/split_000/eta_0p25/ref_047/theta.npy,/home/bjyong/Complexity/local_project/03_dnn_mnist/06_eta_flip_phase_transition/raw_outputs/eta_reference_search_advanced_4eta_90ref_cpu35_gpu0/01_dataset_gen/split_000/eta_0p25/rep_000/dataset.npz,2026187547,adam,2461,0.0,0.419921875,0.0082386392505122,4.218183296262272,2.48944856421805,16.7045753232592,0.7343335079429567,3.1965937847005605,7.382624851206661,7.828779502617476,2026062600
0,0,eta_0p25,0.25,48,/home/bjyong/Complexity/local_project/03_dnn_mnist/06_eta_flip_phase_transition/raw_outputs/eta_reference_search_advanced_4eta_90ref_cpu35_gpu0/04_exact_reference_search/selected_reference_pool/split_000/eta_0p25/ref_048/theta.npy,/home/bjyong/Complexity/local_project/03_dnn_mnist/06_eta_flip_phase_transition/raw_outputs/eta_reference_search_advanced_4eta_90ref_cpu35_gpu0/01_dataset_gen/split_000/eta_0p25/rep_000/dataset.npz,2026187548,adam,2461,0.0,0.40673828125,0.0041709609248893,2.1355319935433235,2.747226694860135,18.732414125915337,1.0806452734569705,4.291058060322063,8.216862742575248,8.61324908049647,2026062600
0,0,eta_0p25,0.25,49,/home/bjyong/Complexity/local_project/03_dnn_mnist/06_eta_flip_phase_transition/raw_outputs/eta_reference_search_advanced_4eta_90ref_cpu35_gpu0/04_exact_reference_search/selected_reference_pool/split_000/eta_0p25/ref_049/theta.npy,/home/bjyong/Complexity/local_project/03_dnn_mnist/06_eta_flip_phase_transition/raw_outputs/eta_reference_search_advanced_4eta_90ref_cpu35_gpu0/01_dataset_gen/split_000/eta_0p25/rep_000/dataset.npz,2026187549,adam,2461,0.0,0.41357421875,0.0173254662286691,8.870638709078609,1.9240744714647768,18.417951159613285,0.0474455893618337,2.604342602503737,5.717927454885468,6.204030275712036,2026062600
0,0,eta_0p25,0.25,50,/home/bjyong/Complexity/local_project/03_dnn_mnist/06_eta_flip_phase_transition/raw_outputs/eta_reference_search_advanced_4eta_90ref_cpu35_gpu0/04_exact_reference_search/selected_reference_pool/split_000/eta_0p25/ref_050/theta.npy,/home/bjyong/Complexity/local_project/03_dnn_mnist/06_eta_flip_phase_transition/raw_outputs/eta_reference_search_advanced_4eta_90ref_cpu35_gpu0/01_dataset_gen/split_000/eta_0p25/rep_000/dataset.npz,2026187550,adam,2461,0.0,0.41748046875,0.0105104740026614,5.381362689362648,2.7625667215948786,15.713028491419804,0.1040247373188911,3.1639011971679927,7.766728343696472,8.143181356709135,2026062600
0,0,eta_0p25,0.25,51,/home/bjyong/Complexity/local_project/03_dnn_mnist/06_eta_flip_phase_transition/raw_outputs/eta_reference_search_advanced_4eta_90ref_cpu35_gpu0/04_exact_reference_search/selected_reference_pool/split_000/eta_0p25/ref_051/theta.npy,/home/bjyong/Complexity/local_project/03_dnn_mnist/06_eta_flip_phase_transition/raw_outputs/eta_reference_search_advanced_4eta_90ref_cpu35_gpu0/01_dataset_gen/split_000/eta_0p25/rep_000/dataset.npz,2026187551,adam,2461,0.0,0.42578125,0.0091113417586115,4.665006980409133,2.62293497427723,16.612424697096294,0.3875098329581323,3.395749044334432,7.6105344988257855,8.074434771635513,2026062600
0,0,eta_0p25,0.25,52,/home/bjyong/Complexity/local_project/03_dnn_mnist/06_eta_flip_phase_transition/raw_outputs/eta_reference_search_advanced_4eta_90ref_cpu35_gpu0/04_exact_reference_search/selected_reference_pool/split_000/eta_0p25/ref_052/theta.npy,/home/bjyong/Complexity/local_project/03_dnn_mnist/06_eta_flip_phase_transition/raw_outputs/eta_reference_search_advanced_4eta_90ref_cpu35_gpu0/01_dataset_gen/split_000/eta_0p25/rep_000/dataset.npz,2026187552,adam,2461,0.0,0.4169921875,0.0018334171497737,0.9387095806841352,3.08007682380963,18.083756765786838,1.9252684122114485,4.980852517147151,9.218563786882337,9.441857746624546,2026062600
0,0,eta_0p25,0.25,53,/home/bjyong/Complexity/local_project/03_dnn_mnist/06_eta_flip_phase_transition/raw_outputs/eta_reference_search_advanced_4eta_90ref_cpu35_gpu0/04_exact_reference_search/selected_reference_pool/split_000/eta_0p25/ref_053/theta.npy,/home/bjyong/Complexity/local_project/03_dnn_mnist/06_eta_flip_phase_transition/raw_outputs/eta_reference_search_advanced_4eta_90ref_cpu35_gpu0/01_dataset_gen/split_000/eta_0p25/rep_000/dataset.npz,2026187553,adam,2461,0.0,0.41796875,0.0067025342227578,3.43169752205203,2.652183463188187,18.308495253356995,0.832788784217814,3.7377911149066816,7.155323352082533,7.724267094777619,2026062600
0,0,eta_0p25,0.25,54,/home/bjyong/Complexity/local_project/03_dnn_mnist/06_eta_flip_phase_transition/raw_outputs/eta_reference_search_advanced_4eta_90ref_cpu35_gpu0/04_exact_reference_search/selected_reference_pool/split_000/eta_0p25/ref_054/theta.npy,/home/bjyong/Complexity/local_project/03_dnn_mnist/06_eta_flip_phase_transition/raw_outputs/eta_reference_search_advanced_4eta_90ref_cpu35_gpu0/01_dataset_gen/split_000/eta_0p25/rep_000/dataset.npz,2026187554,adam,2461,0.0,0.39794921875,0.0025651050930064,1.3133338076193253,2.6604195405188387,20.04132634238022,2.3611783510447357,4.617954257127197,8.249805338712521,8.913250788589483,2026062600
0,0,eta_0p25,0.25,55,/home/bjyong/Complexity/local_project/03_dnn_mnist/06_eta_flip_phase_transition/raw_outputs/eta_reference_search_advanced_4eta_90ref_cpu35_gpu0/04_exact_reference_search/selected_reference_pool/split_000/eta_0p25/ref_055/theta.npy,/home/bjyong/Complexity/local_project/03_dnn_mnist/06_eta_flip_phase_transition/raw_outputs/eta_reference_search_advanced_4eta_90ref_cpu35_gpu0/01_dataset_gen/split_000/eta_0p25/rep_000/dataset.npz,2026187555,adam,2461,0.0,0.4326171875,0.0008764556017569,0.4487452680995735,3.5086760303696094,16.849186394467505,2.582048181675341,5.825823443028746,10.26462402930476,10.534677354612011,2026062600
0,0,eta_0p25,0.25,56,/home/bjyong/Complexity/local_project/03_dnn_mnist/06_eta_flip_phase_transition/raw_outputs/eta_reference_search_advanced_4eta_90ref_cpu35_gpu0/04_exact_reference_search/selected_reference_pool/split_000/eta_0p25/ref_056/theta.npy,/home/bjyong/Complexity/local_project/03_dnn_mnist/06_eta_flip_phase_transition/raw_outputs/eta_reference_search_advanced_4eta_90ref_cpu35_gpu0/01_dataset_gen/split_000/eta_0p25/rep_000/dataset.npz,2026187556,adam,2461,0.0,0.42529296875,0.0012665513947294,0.648474314101474,3.143823028576412,17.850622555164424,2.184286567806189,5.313745808563705,9.810870343756168,9.81091986599937,2026062600
0,0,eta_0p25,0.25,57,/home/bjyong/Complexity/local_project/03_dnn_mnist/06_eta_flip_phase_transition/raw_outputs/eta_reference_search_advanced_4eta_90ref_cpu35_gpu0/04_exact_reference_search/selected_reference_pool/split_000/eta_0p25/ref_057/theta.npy,/home/bjyong/Complexity/local_project/03_dnn_mnist/06_eta_flip_phase_transition/raw_outputs/eta_reference_search_advanced_4eta_90ref_cpu35_gpu0/01_dataset_gen/split_000/eta_0p25/rep_000/dataset.npz,2026187557,adam,2461,0.0,0.41748046875,0.0017517523300066,0.896897192963389,3.034945079272624,18.49706691401597,2.683462627999735,4.91466859703595,9.168917489718815,9.248271768407362,2026062600
0,0,eta_0p25,0.25,58,/home/bjyong/Complexity/local_project/03_dnn_mnist/06_eta_flip_phase_transition/raw_outputs/eta_reference_search_advanced_4eta_90ref_cpu35_gpu0/04_exact_reference_search/selected_reference_pool/split_000/eta_0p25/ref_058/theta.npy,/home/bjyong/Complexity/local_project/03_dnn_mnist/06_eta_flip_phase_transition/raw_outputs/eta_reference_search_advanced_4eta_90ref_cpu35_gpu0/01_dataset_gen/split_000/eta_0p25/rep_000/dataset.npz,2026187558,adam,2461,0.0,0.4091796875,0.001413710005947,0.723819523044865,3.160252752842518,18.6417690620404,2.60134490235641,5.449062037123015,9.109622955594991,9.964047452805126,2026062600
0,0,eta_0p25,0.25,59,/home/bjyong/Complexity/local_project/03_dnn_mnist/06_eta_flip_phase_transition/raw_outputs/eta_reference_search_advanced_4eta_90ref_cpu35_gpu0/04_exact_reference_search/selected_reference_pool/split_000/eta_0p25/ref_059/theta.npy,/home/bjyong/Complexity/local_project/03_dnn_mnist/06_eta_flip_phase_transition/raw_outputs/eta_reference_search_advanced_4eta_90ref_cpu35_gpu0/01_dataset_gen/split_000/eta_0p25/rep_000/dataset.npz,2026187559,adam,2461,0.0,0.41357421875,0.0023427835475999,1.1995051763711522,3.0013572708459435,19.90048469246667,2.3458160686793064,4.507681472713619,9.01831010914814,9.26525566268782,2026062600
0,0,eta_0p25,0.25,60,/home/bjyong/Complexity/local_project/03_dnn_mnist/06_eta_flip_phase_transition/raw_outputs/eta_reference_search_advanced_4eta_90ref_cpu35_gpu0/04_exact_reference_search/selected_reference_pool/split_000/eta_0p25/ref_060/theta.npy,/home/bjyong/Complexity/local_project/03_dnn_mnist/06_eta_flip_phase_transition/raw_outputs/eta_reference_search_advanced_4eta_90ref_cpu35_gpu0/01_dataset_gen/split_000/eta_0p25/rep_000/dataset.npz,2026187560,adam,2461,0.0,0.4228515625,0.0028008765504461,1.434048793828432,3.1298138058295235,16.367836168310696,1.328648850599598,4.6947294526007965,9.061494646665755,9.446834487264397,2026062600
0,0,eta_0p25,0.25,61,/home/bjyong/Complexity/local_project/03_dnn_mnist/06_eta_flip_phase_transition/raw_outputs/eta_reference_search_advanced_4eta_90ref_cpu35_gpu0/04_exact_reference_search/selected_reference_pool/split_000/eta_0p25/ref_061/theta.npy,/home/bjyong/Complexity/local_project/03_dnn_mnist/06_eta_flip_phase_transition/raw_outputs/eta_reference_search_advanced_4eta_90ref_cpu35_gpu0/01_dataset_gen/split_000/eta_0p25/rep_000/dataset.npz,2026187561,adam,2461,0.0,0.43359375,0.0013486684016827,0.690518221661558,3.260642069468223,16.955492502778643,2.228481985846135,5.329999353905723,9.664880896564233,9.963736877415958,2026062600
0,0,eta_0p25,0.25,62,/home/bjyong/Complexity/local_project/03_dnn_mnist/06_eta_flip_phase_transition/raw_outputs/eta_reference_search_advanced_4eta_90ref_cpu35_gpu0/04_exact_reference_search/selected_reference_pool/split_000/eta_0p25/ref_062/theta.npy,/home/bjyong/Complexity/local_project/03_dnn_mnist/06_eta_flip_phase_transition/raw_outputs/eta_reference_search_advanced_4eta_90ref_cpu35_gpu0/01_dataset_gen/split_000/eta_0p25/rep_000/dataset.npz,2026187562,adam,2461,0.0,0.41650390625,0.001516427074003,0.7764106618895743,3.2536333498250647,18.119219840106123,2.2153401893152567,5.205410211016051,9.89708200226358,10.144312200748912,2026062600
0,0,eta_0p25,0.25,63,/home/bjyong/Complexity/local_project/03_dnn_mnist/06_eta_flip_phase_transition/raw_outputs/eta_reference_search_advanced_4eta_90ref_cpu35_gpu0/04_exact_reference_search/selected_reference_pool/split_000/eta_0p25/ref_063/theta.npy,/home/bjyong/Complexity/local_project/03_dnn_mnist/06_eta_flip_phase_transition/raw_outputs/eta_reference_search_advanced_4eta_90ref_cpu35_gpu0/01_dataset_gen/split_000/eta_0p25/rep_000/dataset.npz,2026187563,adam,2461,0.0,0.4189453125,0.0036234395471889,1.855201048160739,2.8736015264438994,18.83095297995961,1.2293640437070166,4.386922687198755,8.250060614861848,8.7198767035173,2026062600
0,0,eta_0p25,0.25,64,/home/bjyong/Complexity/local_project/03_dnn_mnist/06_eta_flip_phase_transition/raw_outputs/eta_reference_search_advanced_4eta_90ref_cpu35_gpu0/04_exact_reference_search/selected_reference_pool/split_000/eta_0p25/ref_064/theta.npy,/home/bjyong/Complexity/local_project/03_dnn_mnist/06_eta_flip_phase_transition/raw_outputs/eta_reference_search_advanced_4eta_90ref_cpu35_gpu0/01_dataset_gen/split_000/eta_0p25/rep_000/dataset.npz,2026187564,adam,2461,0.0,0.4208984375,0.0025213501583312,1.2909312810656026,2.667272946941302,19.864227551632062,2.164827947990516,4.5191355506742585,8.077847958402808,8.691940259019422,2026062600
0,0,eta_0p25,0.25,65,/home/bjyong/Complexity/local_project/03_dnn_mnist/06_eta_flip_phase_transition/raw_outputs/eta_reference_search_advanced_4eta_90ref_cpu35_gpu0/04_exact_reference_search/selected_reference_pool/split_000/eta_0p25/ref_065/theta.npy,/home/bjyong/Complexity/local_project/03_dnn_mnist/06_eta_flip_phase_transition/raw_outputs/eta_reference_search_advanced_4eta_90ref_cpu35_gpu0/01_dataset_gen/split_000/eta_0p25/rep_000/dataset.npz,2026187565,adam,2461,0.0,0.412109375,0.0011397838822104,0.5835693476917454,3.3400878156961404,17.795419186914334,3.135414765038667,5.274764520430667,9.990866674602657,10.161700524478318,2026062600
0,0,eta_0p25,0.25,66,/home/bjyong/Complexity/local_project/03_dnn_mnist/06_eta_flip_phase_transition/raw_outputs/eta_reference_search_advanced_4eta_90ref_cpu35_gpu0/04_exact_reference_search/selected_reference_pool/split_000/eta_0p25/ref_066/theta.npy,/home/bjyong/Complexity/local_project/03_dnn_mnist/06_eta_flip_phase_transition/raw_outputs/eta_reference_search_advanced_4eta_90ref_cpu35_gpu0/01_dataset_gen/split_000/eta_0p25/rep_000/dataset.npz,2026187566,adam,2461,0.0,0.42724609375,0.0050594694612021,2.590448364135502,2.798464886305012,15.974615111080965,1.2358795967941956,4.314414747175672,8.01687697039165,8.451139185717723,2026062600
0,0,eta_0p25,0.25,67,/home/bjyong/Complexity/local_project/03_dnn_mnist/06_eta_flip_phase_transition/raw_outputs/eta_reference_search_advanced_4eta_90ref_cpu35_gpu0/04_exact_reference_search/selected_reference_pool/split_000/eta_0p25/ref_067/theta.npy,/home/bjyong/Complexity/local_project/03_dnn_mnist/06_eta_flip_phase_transition/raw_outputs/eta_reference_search_advanced_4eta_90ref_cpu35_gpu0/01_dataset_gen/split_000/eta_0p25/rep_000/dataset.npz,2026187567,adam,2461,0.0,0.42333984375,0.0105722154298855,5.412974300101409,2.703031482652396,17.270858397835596,0.2650635225744495,3.7720883221347368,7.88832426844918,8.188154280130957,2026062600
0,0,eta_0p25,0.25,68,/home/bjyong/Complexity/local_project/03_dnn_mnist/06_eta_flip_phase_transition/raw_outputs/eta_reference_search_advanced_4eta_90ref_cpu35_gpu0/04_exact_reference_search/selected_reference_pool/split_000/eta_0p25/ref_068/theta.npy,/home/bjyong/Complexity/local_project/03_dnn_mnist/06_eta_flip_phase_transition/raw_outputs/eta_reference_search_advanced_4eta_90ref_cpu35_gpu0/01_dataset_gen/split_000/eta_0p25/rep_000/dataset.npz,2026187568,adam,2461,0.0,0.42919921875,0.0020034717018457,1.0257775113450338,3.161838790622593,18.308705091591417,2.3491340384755737,4.7041679032111405,9.006530227160372,9.455697083300526,2026062600
0,0,eta_0p25,0.25,69,/home/bjyong/Complexity/local_project/03_dnn_mnist/06_eta_flip_phase_transition/raw_outputs/eta_reference_search_advanced_4eta_90ref_cpu35_gpu0/04_exact_reference_search/selected_reference_pool/split_000/eta_0p25/ref_069/theta.npy,/home/bjyong/Complexity/local_project/03_dnn_mnist/06_eta_flip_phase_transition/raw_outputs/eta_reference_search_advanced_4eta_90ref_cpu35_gpu0/01_dataset_gen/split_000/eta_0p25/rep_000/dataset.npz,2026187569,adam,2461,0.0,0.419921875,0.0033941992899104,1.73783003643417,2.6891712868298097,19.10630043717705,2.191758127217069,4.130213300605205,7.910834289946919,8.397230839585788,2026062600
0,0,eta_0p25,0.25,70,/home/bjyong/Complexity/local_project/03_dnn_mnist/06_eta_flip_phase_transition/raw_outputs/eta_reference_search_advanced_4eta_90ref_cpu35_gpu0/04_exact_reference_search/selected_reference_pool/split_000/eta_0p25/ref_070/theta.npy,/home/bjyong/Complexity/local_project/03_dnn_mnist/06_eta_flip_phase_transition/raw_outputs/eta_reference_search_advanced_4eta_90ref_cpu35_gpu0/01_dataset_gen/split_000/eta_0p25/rep_000/dataset.npz,2026187570,adam,2461,0.0,0.41748046875,0.0109269297643056,5.594588039324511,2.636564223974692,16.44709544992097,0.0543255285576715,3.4099427861864973,7.577441326075991,8.083926791405661,2026062600
0,0,eta_0p25,0.25,71,/home/bjyong/Complexity/local_project/03_dnn_mnist/06_eta_flip_phase_transition/raw_outputs/eta_reference_search_advanced_4eta_90ref_cpu35_gpu0/04_exact_reference_search/selected_reference_pool/split_000/eta_0p25/ref_071/theta.npy,/home/bjyong/Complexity/local_project/03_dnn_mnist/06_eta_flip_phase_transition/raw_outputs/eta_reference_search_advanced_4eta_90ref_cpu35_gpu0/01_dataset_gen/split_000/eta_0p25/rep_000/dataset.npz,2026187571,adam,2461,0.0,0.4169921875,0.0058154660306993,2.9775186077180558,2.867598628164373,16.428108390864093,0.3229894661608667,4.035615660736424,8.281105907719233,8.69199690673927,2026062600
0,0,eta_0p25,0.25,72,/home/bjyong/Complexity/local_project/03_dnn_mnist/06_eta_flip_phase_transition/raw_outputs/eta_reference_search_advanced_4eta_90ref_cpu35_gpu0/04_exact_reference_search/selected_reference_pool/split_000/eta_0p25/ref_072/theta.npy,/home/bjyong/Complexity/local_project/03_dnn_mnist/06_eta_flip_phase_transition/raw_outputs/eta_reference_search_advanced_4eta_90ref_cpu35_gpu0/01_dataset_gen/split_000/eta_0p25/rep_000/dataset.npz,2026187572,adam,2461,0.0,0.4345703125,0.001910689839559,0.9782731978542436,3.2671170081448024,17.62944796413842,2.234170347778295,4.658504429090757,9.349254497932758,9.783951325346344,2026062600
0,0,eta_0p25,0.25,73,/home/bjyong/Complexity/local_project/03_dnn_mnist/06_eta_flip_phase_transition/raw_outputs/eta_reference_search_advanced_4eta_90ref_cpu35_gpu0/04_exact_reference_search/selected_reference_pool/split_000/eta_0p25/ref_073/theta.npy,/home/bjyong/Complexity/local_project/03_dnn_mnist/06_eta_flip_phase_transition/raw_outputs/eta_reference_search_advanced_4eta_90ref_cpu35_gpu0/01_dataset_gen/split_000/eta_0p25/rep_000/dataset.npz,2026187573,adam,2461,0.0,0.41748046875,0.0087374550582811,4.473576989839968,2.4740388343498427,18.24515281515074,0.123799940688861,3.492157339247807,7.33425530846995,7.684194637650053,2026062600
0,0,eta_0p25,0.25,74,/home/bjyong/Complexity/local_project/03_dnn_mnist/06_eta_flip_phase_transition/raw_outputs/eta_reference_search_advanced_4eta_90ref_cpu35_gpu0/04_exact_reference_search/selected_reference_pool/split_000/eta_0p25/ref_074/theta.npy,/home/bjyong/Complexity/local_project/03_dnn_mnist/06_eta_flip_phase_transition/raw_outputs/eta_reference_search_advanced_4eta_90ref_cpu35_gpu0/01_dataset_gen/split_000/eta_0p25/rep_000/dataset.npz,2026187574,adam,2461,0.0,0.4052734375,0.0050960839634016,2.609194989261664,2.532874946995822,18.623294168144103,1.1681289128991166,4.227878914623869,7.66626473786723,8.122687268290651,2026062600
0,0,eta_0p25,0.25,75,/home/bjyong/Complexity/local_project/03_dnn_mnist/06_eta_flip_phase_transition/raw_outputs/eta_reference_search_advanced_4eta_90ref_cpu35_gpu0/04_exact_reference_search/selected_reference_pool/split_000/eta_0p25/ref_075/theta.npy,/home/bjyong/Complexity/local_project/03_dnn_mnist/06_eta_flip_phase_transition/raw_outputs/eta_reference_search_advanced_4eta_90ref_cpu35_gpu0/01_dataset_gen/split_000/eta_0p25/rep_000/dataset.npz,2026187575,adam,2461,0.0,0.39794921875,0.0016468333560507,0.8431786782979833,3.2806423924629184,17.663889735989223,2.577311115642506,4.948799289509988,10.227896805544638,10.30757126004648,2026062600
0,0,eta_0p25,0.25,76,/home/bjyong/Complexity/local_project/03_dnn_mnist/06_eta_flip_phase_transition/raw_outputs/eta_reference_search_advanced_4eta_90ref_cpu35_gpu0/04_exact_reference_search/selected_reference_pool/split_000/eta_0p25/ref_076/theta.npy,/home/bjyong/Complexity/local_project/03_dnn_mnist/06_eta_flip_phase_transition/raw_outputs/eta_reference_search_advanced_4eta_90ref_cpu35_gpu0/01_dataset_gen/split_000/eta_0p25/rep_000/dataset.npz,2026187576,adam,2461,0.0,0.41845703125,0.0020472353163302,1.0481844819610655,2.931669558667492,17.27786053588804,2.0030630652610224,4.951949564426952,8.95378648664584,8.979581023051164,2026062600
0,0,eta_0p25,0.25,77,/home/bjyong/Complexity/local_project/03_dnn_mnist/06_eta_flip_phase_transition/raw_outputs/eta_reference_search_advanced_4eta_90ref_cpu35_gpu0/04_exact_reference_search/selected_reference_pool/split_000/eta_0p25/ref_077/theta.npy,/home/bjyong/Complexity/local_project/03_dnn_mnist/06_eta_flip_phase_transition/raw_outputs/eta_reference_search_advanced_4eta_90ref_cpu35_gpu0/01_dataset_gen/split_000/eta_0p25/rep_000/dataset.npz,2026187577,adam,2461,0.0,0.41650390625,0.0027818352189989,1.4242996321274672,3.035016791760897,18.5131431424366,1.782349511118386,4.850603470396533,9.005523023400734,9.31443888435821,2026062600
0,0,eta_0p25,0.25,78,/home/bjyong/Complexity/local_project/03_dnn_mnist/06_eta_flip_phase_transition/raw_outputs/eta_reference_search_advanced_4eta_90ref_cpu35_gpu0/04_exact_reference_search/selected_reference_pool/split_000/eta_0p25/ref_078/theta.npy,/home/bjyong/Complexity/local_project/03_dnn_mnist/06_eta_flip_phase_transition/raw_outputs/eta_reference_search_advanced_4eta_90ref_cpu35_gpu0/01_dataset_gen/split_000/eta_0p25/rep_000/dataset.npz,2026187578,adam,2461,0.0,0.40234375,0.009656595799565,4.944177049377312,2.353516308617531,18.007248743813758,0.0310582195787434,3.6944368239250736,7.407722336532273,7.668054515055465,2026062600
0,0,eta_0p25,0.25,79,/home/bjyong/Complexity/local_project/03_dnn_mnist/06_eta_flip_phase_transition/raw_outputs/eta_reference_search_advanced_4eta_90ref_cpu35_gpu0/04_exact_reference_search/selected_reference_pool/split_000/eta_0p25/ref_079/theta.npy,/home/bjyong/Complexity/local_project/03_dnn_mnist/06_eta_flip_phase_transition/raw_outputs/eta_reference_search_advanced_4eta_90ref_cpu35_gpu0/01_dataset_gen/split_000/eta_0p25/rep_000/dataset.npz,2026187579,adam,2461,0.0,0.3984375,0.0067692791567761,3.465870928269398,2.377490065811489,18.264410568062143,0.5977627368289138,3.989280978166727,7.293928577635018,7.762612070469128,2026062600
0,0,eta_0p25,0.25,80,/home/bjyong/Complexity/local_project/03_dnn_mnist/06_eta_flip_phase_transition/raw_outputs/eta_reference_search_advanced_4eta_90ref_cpu35_gpu0/04_exact_reference_search/selected_reference_pool/split_000/eta_0p25/ref_080/theta.npy,/home/bjyong/Complexity/local_project/03_dnn_mnist/06_eta_flip_phase_transition/raw_outputs/eta_reference_search_advanced_4eta_90ref_cpu35_gpu0/01_dataset_gen/split_000/eta_0p25/rep_000/dataset.npz,2026187580,adam,2461,0.0,0.421875,0.0034721080064241,1.7777192992891644,3.203183855174168,17.042348315136636,1.609415509665935,4.655020727057896,9.582157866153098,9.556092530375643,2026062600
0,0,eta_0p25,0.25,81,/home/bjyong/Complexity/local_project/03_dnn_mnist/06_eta_flip_phase_transition/raw_outputs/eta_reference_search_advanced_4eta_90ref_cpu35_gpu0/04_exact_reference_search/selected_reference_pool/split_000/eta_0p25/ref_081/theta.npy,/home/bjyong/Complexity/local_project/03_dnn_mnist/06_eta_flip_phase_transition/raw_outputs/eta_reference_search_advanced_4eta_90ref_cpu35_gpu0/01_dataset_gen/split_000/eta_0p25/rep_000/dataset.npz,2026187581,adam,2461,0.0,0.43310546875,0.0018635420626525,0.9541335360780986,3.3677544025029955,17.339171354502493,1.5958840095798623,4.926654445399071,9.634259895920842,9.894405397271049,2026062600
0,0,eta_0p25,0.25,82,/home/bjyong/Complexity/local_project/03_dnn_mnist/06_eta_flip_phase_transition/raw_outputs/eta_reference_search_advanced_4eta_90ref_cpu35_gpu0/04_exact_reference_search/selected_reference_pool/split_000/eta_0p25/ref_082/theta.npy,/home/bjyong/Complexity/local_project/03_dnn_mnist/06_eta_flip_phase_transition/raw_outputs/eta_reference_search_advanced_4eta_90ref_cpu35_gpu0/01_dataset_gen/split_000/eta_0p25/rep_000/dataset.npz,2026187582,adam,2461,0.0,0.419921875,0.0015695365191576,0.8036026978087223,3.1746442422063272,18.152507763206177,1.966652203516248,5.044299962631139,8.926288667099836,9.701275518450853,2026062600
0,0,eta_0p25,0.25,83,/home/bjyong/Complexity/local_project/03_dnn_mnist/06_eta_flip_phase_transition/raw_outputs/eta_reference_search_advanced_4eta_90ref_cpu35_gpu0/04_exact_reference_search/selected_reference_pool/split_000/eta_0p25/ref_083/theta.npy,/home/bjyong/Complexity/local_project/03_dnn_mnist/06_eta_flip_phase_transition/raw_outputs/eta_reference_search_advanced_4eta_90ref_cpu35_gpu0/01_dataset_gen/split_000/eta_0p25/rep_000/dataset.npz,2026187583,adam,2461,0.0,0.4150390625,0.0015347513555109,0.7857926940216208,3.1198532598571003,19.304727183945133,2.083111403048729,5.354122260383526,9.887339519344335,9.998275090494849,2026062600
0,0,eta_0p25,0.25,84,/home/bjyong/Complexity/local_project/03_dnn_mnist/06_eta_flip_phase_transition/raw_outputs/eta_reference_search_advanced_4eta_90ref_cpu35_gpu0/04_exact_reference_search/selected_reference_pool/split_000/eta_0p25/ref_084/theta.npy,/home/bjyong/Complexity/local_project/03_dnn_mnist/06_eta_flip_phase_transition/raw_outputs/eta_reference_search_advanced_4eta_90ref_cpu35_gpu0/01_dataset_gen/split_000/eta_0p25/rep_000/dataset.npz,2026187584,adam,2461,0.0,0.41552734375,0.0014608629644532,0.7479618378000414,2.679331460350354,19.054416652263043,3.2123124294611785,5.242606573299776,8.210693982384246,8.81775046690452,2026062600
0,0,eta_0p25,0.25,85,/home/bjyong/Complexity/local_project/03_dnn_mnist/06_eta_flip_phase_transition/raw_outputs/eta_reference_search_advanced_4eta_90ref_cpu35_gpu0/04_exact_reference_search/selected_reference_pool/split_000/eta_0p25/ref_085/theta.npy,/home/bjyong/Complexity/local_project/03_dnn_mnist/06_eta_flip_phase_transition/raw_outputs/eta_reference_search_advanced_4eta_90ref_cpu35_gpu0/01_dataset_gen/split_000/eta_0p25/rep_000/dataset.npz,2026187585,adam,2461,0.0,0.40185546875,0.0022120365976063,1.132562737974453,3.0407916192836373,17.250562715794324,1.438589940071945,4.9948638459552335,9.686977057368292,9.781064828543036,2026062600
0,0,eta_0p25,0.25,86,/home/bjyong/Complexity/local_project/03_dnn_mnist/06_eta_flip_phase_transition/raw_outputs/eta_reference_search_advanced_4eta_90ref_cpu35_gpu0/04_exact_reference_search/selected_reference_pool/split_000/eta_0p25/ref_086/theta.npy,/home/bjyong/Complexity/local_project/03_dnn_mnist/06_eta_flip_phase_transition/raw_outputs/eta_reference_search_advanced_4eta_90ref_cpu35_gpu0/01_dataset_gen/split_000/eta_0p25/rep_000/dataset.npz,2026187586,adam,2461,0.0,0.39697265625,0.002765441265218,1.4159059277916552,2.8150235698651107,17.59390377921943,2.065355658031139,4.491215374785435,8.973284650646587,8.943080004435377,2026062600
0,0,eta_0p25,0.25,87,/home/bjyong/Complexity/local_project/03_dnn_mnist/06_eta_flip_phase_transition/raw_outputs/eta_reference_search_advanced_4eta_90ref_cpu35_gpu0/04_exact_reference_search/selected_reference_pool/split_000/eta_0p25/ref_087/theta.npy,/home/bjyong/Complexity/local_project/03_dnn_mnist/06_eta_flip_phase_transition/raw_outputs/eta_reference_search_advanced_4eta_90ref_cpu35_gpu0/01_dataset_gen/split_000/eta_0p25/rep_000/dataset.npz,2026187587,adam,2461,0.0,0.42822265625,0.0032696743145376,1.6740732490432884,2.793426822208348,18.7253394987636,1.586637394200923,4.602176133214664,8.335608732230071,8.799847262765633,2026062600
0,0,eta_0p25,0.25,88,/home/bjyong/Complexity/local_project/03_dnn_mnist/06_eta_flip_phase_transition/raw_outputs/eta_reference_search_advanced_4eta_90ref_cpu35_gpu0/04_exact_reference_search/selected_reference_pool/split_000/eta_0p25/ref_088/theta.npy,/home/bjyong/Complexity/local_project/03_dnn_mnist/06_eta_flip_phase_transition/raw_outputs/eta_reference_search_advanced_4eta_90ref_cpu35_gpu0/01_dataset_gen/split_000/eta_0p25/rep_000/dataset.npz,2026187588,adam,2461,0.0,0.40087890625,0.0025039971366041,1.282046533941343,2.972459626871815,18.954111393677056,1.5433597086132262,4.812648753274994,9.126175944541554,9.516904608105689,2026062600
0,0,eta_0p25,0.25,89,/home/bjyong/Complexity/local_project/03_dnn_mnist/06_eta_flip_phase_transition/raw_outputs/eta_reference_search_advanced_4eta_90ref_cpu35_gpu0/04_exact_reference_search/selected_reference_pool/split_000/eta_0p25/ref_089/theta.npy,/home/bjyong/Complexity/local_project/03_dnn_mnist/06_eta_flip_phase_transition/raw_outputs/eta_reference_search_advanced_4eta_90ref_cpu35_gpu0/01_dataset_gen/split_000/eta_0p25/rep_000/dataset.npz,2026187589,adam,2461,0.0,0.41015625,0.0185759539787617,9.510888437125992,1.8920589611982228,17.742275359906504,0.2878342366816211,2.5008881104902474,5.678466664617169,5.934303227626602,2026062600
1,0,eta_0p30,0.3,0,/home/bjyong/Complexity/local_project/03_dnn_mnist/06_eta_flip_phase_transition/raw_outputs/eta_reference_search_advanced_4eta_90ref_cpu35_gpu0/04_exact_reference_search/selected_reference_pool/split_000/eta_0p30/ref_000/theta.npy,/home/bjyong/Complexity/local_project/03_dnn_mnist/06_eta_flip_phase_transition/raw_outputs/eta_reference_search_advanced_4eta_90ref_cpu35_gpu0/01_dataset_gen/split_000/eta_0p30/rep_000/dataset.npz,2026292500,adam,2461,0.0,0.43408203125,0.0043242306066435,2.214006070601505,2.887154297438327,15.081776365011695,1.2495508371342672,4.147280386570193,8.32478966130164,8.6042346096488,2026062600
1,0,eta_0p30,0.3,1,/home/bjyong/Complexity/local_project/03_dnn_mnist/06_eta_flip_phase_transition/raw_outputs/eta_reference_search_advanced_4eta_90ref_cpu35_gpu0/04_exact_reference_search/selected_reference_pool/split_000/eta_0p30/ref_001/theta.npy,/home/bjyong/Complexity/local_project/03_dnn_mnist/06_eta_flip_phase_transition/raw_outputs/eta_reference_search_advanced_4eta_90ref_cpu35_gpu0/01_dataset_gen/split_000/eta_0p30/rep_000/dataset.npz,2026292501,adam,2461,0.0,0.4423828125,0.0031366304106055,1.6059547702300456,2.981148582719487,16.28449713434605,1.783440683086858,4.349689297376071,8.308818299589575,8.711153851473792,2026062600
1,0,eta_0p30,0.3,2,/home/bjyong/Complexity/local_project/03_dnn_mnist/06_eta_flip_phase_transition/raw_outputs/eta_reference_search_advanced_4eta_90ref_cpu35_gpu0/04_exact_reference_search/selected_reference_pool/split_000/eta_0p30/ref_002/theta.npy,/home/bjyong/Complexity/local_project/03_dnn_mnist/06_eta_flip_phase_transition/raw_outputs/eta_reference_search_advanced_4eta_90ref_cpu35_gpu0/01_dataset_gen/split_000/eta_0p30/rep_000/dataset.npz,2026292502,adam,2461,0.0,0.43896484375,0.0050951043332405,2.6086934186191835,2.5420383715298778,17.95109079193837,1.8510888432491932,3.7565692514903697,7.452263407933382,7.71348704533983,2026062600
1,0,eta_0p30,0.3,3,/home/bjyong/Complexity/local_project/03_dnn_mnist/06_eta_flip_phase_transition/raw_outputs/eta_reference_search_advanced_4eta_90ref_cpu35_gpu0/04_exact_reference_search/selected_reference_pool/split_000/eta_0p30/ref_003/theta.npy,/home/bjyong/Complexity/local_project/03_dnn_mnist/06_eta_flip_phase_transition/raw_outputs/eta_reference_search_advanced_4eta_90ref_cpu35_gpu0/01_dataset_gen/split_000/eta_0p30/rep_000/dataset.npz,2026292503,adam,2461,0.0,0.43701171875,0.0009135674477635,0.4677465332549223,3.0423800815026776,18.27540500959057,3.498028550577806,5.49552000978864,8.90255058495047,9.23199917733583,2026062600
1,0,eta_0p30,0.3,4,/home/bjyong/Complexity/local_project/03_dnn_mnist/06_eta_flip_phase_transition/raw_outputs/eta_reference_search_advanced_4eta_90ref_cpu35_gpu0/04_exact_reference_search/selected_reference_pool/split_000/eta_0p30/ref_004/theta.npy,/home/bjyong/Complexity/local_project/03_dnn_mnist/06_eta_flip_phase_transition/raw_outputs/eta_reference_search_advanced_4eta_90ref_cpu35_gpu0/01_dataset_gen/split_000/eta_0p30/rep_000/dataset.npz,2026292504,adam,2461,0.0,0.451171875,0.0210471136346802,10.776122180956309,2.108681778531409,17.78166421963873,0.3069402193858053,2.318404424589813,5.392239714776567,6.005225259249965,2026062600
1,0,eta_0p30,0.3,5,/home/bjyong/Complexity/local_project/03_dnn_mnist/06_eta_flip_phase_transition/raw_outputs/eta_reference_search_advanced_4eta_90ref_cpu35_gpu0/04_exact_reference_search/selected_reference_pool/split_000/eta_0p30/ref_005/theta.npy,/home/bjyong/Complexity/local_project/03_dnn_mnist/06_eta_flip_phase_transition/raw_outputs/eta_reference_search_advanced_4eta_90ref_cpu35_gpu0/01_dataset_gen/split_000/eta_0p30/rep_000/dataset.npz,2026292505,adam,2461,0.0,0.435546875,0.0043864509617611,2.2458628924217274,3.004806751552013,15.772224220971337,0.7290019692057776,4.33462808160721,8.818277948593106,9.057794005294554,2026062600
1,0,eta_0p30,0.3,6,/home/bjyong/Complexity/local_project/03_dnn_mnist/06_eta_flip_phase_transition/raw_outputs/eta_reference_search_advanced_4eta_90ref_cpu35_gpu0/04_exact_reference_search/selected_reference_pool/split_000/eta_0p30/ref_006/theta.npy,/home/bjyong/Complexity/local_project/03_dnn_mnist/06_eta_flip_phase_transition/raw_outputs/eta_reference_search_advanced_4eta_90ref_cpu35_gpu0/01_dataset_gen/split_000/eta_0p30/rep_000/dataset.npz,2026292506,adam,2461,0.0,0.45361328125,0.0058988698449572,3.0202213606181245,2.7163326573355606,16.889861581997884,0.8938640942995706,3.7914758463010414,7.496067794282764,7.9652716123894045,2026062600
1,0,eta_0p30,0.3,7,/home/bjyong/Complexity/local_project/03_dnn_mnist/06_eta_flip_phase_transition/raw_outputs/eta_reference_search_advanced_4eta_90ref_cpu35_gpu0/04_exact_reference_search/selected_reference_pool/split_000/eta_0p30/ref_007/theta.npy,/home/bjyong/Complexity/local_project/03_dnn_mnist/06_eta_flip_phase_transition/raw_outputs/eta_reference_search_advanced_4eta_90ref_cpu35_gpu0/01_dataset_gen/split_000/eta_0p30/rep_000/dataset.npz,2026292507,adam,2461,0.0,0.44189453125,0.0048206076648686,2.4681511244127528,2.6209417914437414,17.30898796191635,1.6781194701941988,3.933707873694999,7.369445952334259,7.971294571384119,2026062600
1,0,eta_0p30,0.3,8,/home/bjyong/Complexity/local_project/03_dnn_mnist/06_eta_flip_phase_transition/raw_outputs/eta_reference_search_advanced_4eta_90ref_cpu35_gpu0/04_exact_reference_search/selected_reference_pool/split_000/eta_0p30/ref_008/theta.npy,/home/bjyong/Complexity/local_project/03_dnn_mnist/06_eta_flip_phase_transition/raw_outputs/eta_reference_search_advanced_4eta_90ref_cpu35_gpu0/01_dataset_gen/split_000/eta_0p30/rep_000/dataset.npz,2026292508,adam,2461,0.0,0.4541015625,0.0075952030311722,3.8887439519601834,2.380756735903793,18.268554027722814,0.1049768086018255,3.775523257844269,6.732756073127028,7.452351331172768,2026062600
1,0,eta_0p30,0.3,9,/home/bjyong/Complexity/local_project/03_dnn_mnist/06_eta_flip_phase_transition/raw_outputs/eta_reference_search_advanced_4eta_90ref_cpu35_gpu0/04_exact_reference_search/selected_reference_pool/split_000/eta_0p30/ref_009/theta.npy,/home/bjyong/Complexity/local_project/03_dnn_mnist/06_eta_flip_phase_transition/raw_outputs/eta_reference_search_advanced_4eta_90ref_cpu35_gpu0/01_dataset_gen/split_000/eta_0p30/rep_000/dataset.npz,2026292509,adam,2461,0.0,0.4453125,0.0199686478993439,10.22394772446412,2.0596746566727786,17.494728427213754,0.089422457146717,2.770956449176873,6.183090975731051,6.4539061632267,2026062600
1,0,eta_0p30,0.3,10,/home/bjyong/Complexity/local_project/03_dnn_mnist/06_eta_flip_phase_transition/raw_outputs/eta_reference_search_advanced_4eta_90ref_cpu35_gpu0/04_exact_reference_search/selected_reference_pool/split_000/eta_0p30/ref_010/theta.npy,/home/bjyong/Complexity/local_project/03_dnn_mnist/06_eta_flip_phase_transition/raw_outputs/eta_reference_search_advanced_4eta_90ref_cpu35_gpu0/01_dataset_gen/split_000/eta_0p30/rep_000/dataset.npz,2026292510,adam,2461,0.0,0.41650390625,0.0010217179401275,0.5231195853452817,3.0909169122633733,15.866097282501904,3.343756406841944,5.541156153040036,9.366577257428135,9.609898100747651,2026062600
1,0,eta_0p30,0.3,11,/home/bjyong/Complexity/local_project/03_dnn_mnist/06_eta_flip_phase_transition/raw_outputs/eta_reference_search_advanced_4eta_90ref_cpu35_gpu0/04_exact_reference_search/selected_reference_pool/split_000/eta_0p30/ref_011/theta.npy,/home/bjyong/Complexity/local_project/03_dnn_mnist/06_eta_flip_phase_transition/raw_outputs/eta_reference_search_advanced_4eta_90ref_cpu35_gpu0/01_dataset_gen/split_000/eta_0p30/rep_000/dataset.npz,2026292511,adam,2461,0.0,0.4462890625,0.0038737157770657,1.9833424778576545,2.720234617561307,16.623513048357555,1.7524391383065725,4.102282774198529,7.92419258141618,8.095789709289132,2026062600
1,0,eta_0p30,0.3,12,/home/bjyong/Complexity/local_project/03_dnn_mnist/06_eta_flip_phase_transition/raw_outputs/eta_reference_search_advanced_4eta_90ref_cpu35_gpu0/04_exact_reference_search/selected_reference_pool/split_000/eta_0p30/ref_012/theta.npy,/home/bjyong/Complexity/local_project/03_dnn_mnist/06_eta_flip_phase_transition/raw_outputs/eta_reference_search_advanced_4eta_90ref_cpu35_gpu0/01_dataset_gen/split_000/eta_0p30/rep_000/dataset.npz,2026292512,adam,2461,0.0,0.44873046875,0.0009679662535757,0.4955987218307884,3.386125277571049,17.396275340828346,3.293810005179261,5.535468829800119,9.13118927532796,9.670272319622637,2026062600
1,0,eta_0p30,0.3,13,/home/bjyong/Complexity/local_project/03_dnn_mnist/06_eta_flip_phase_transition/raw_outputs/eta_reference_search_advanced_4eta_90ref_cpu35_gpu0/04_exact_reference_search/selected_reference_pool/split_000/eta_0p30/ref_013/theta.npy,/home/bjyong/Complexity/local_project/03_dnn_mnist/06_eta_flip_phase_transition/raw_outputs/eta_reference_search_advanced_4eta_90ref_cpu35_gpu0/01_dataset_gen/split_000/eta_0p30/rep_000/dataset.npz,2026292513,adam,2461,0.0,0.44775390625,0.0016824620962063,0.8614205932576718,3.118382691821288,18.19063655546246,3.036321607578115,4.991758362726011,8.67627695866739,9.03136973387308,2026062600
1,0,eta_0p30,0.3,14,/home/bjyong/Complexity/local_project/03_dnn_mnist/06_eta_flip_phase_transition/raw_outputs/eta_reference_search_advanced_4eta_90ref_cpu35_gpu0/04_exact_reference_search/selected_reference_pool/split_000/eta_0p30/ref_014/theta.npy,/home/bjyong/Complexity/local_project/03_dnn_mnist/06_eta_flip_phase_transition/raw_outputs/eta_reference_search_advanced_4eta_90ref_cpu35_gpu0/01_dataset_gen/split_000/eta_0p30/rep_000/dataset.npz,2026292514,adam,2461,0.0,0.4541015625,0.0013911910687761,0.712289827213374,2.9600309872089943,19.076225437974728,2.914364281250955,5.039328901364788,8.657611034886763,8.8976415954549,2026062600
1,0,eta_0p30,0.3,15,/home/bjyong/Complexity/local_project/03_dnn_mnist/06_eta_flip_phase_transition/raw_outputs/eta_reference_search_advanced_4eta_90ref_cpu35_gpu0/04_exact_reference_search/selected_reference_pool/split_000/eta_0p30/ref_015/theta.npy,/home/bjyong/Complexity/local_project/03_dnn_mnist/06_eta_flip_phase_transition/raw_outputs/eta_reference_search_advanced_4eta_90ref_cpu35_gpu0/01_dataset_gen/split_000/eta_0p30/rep_000/dataset.npz,2026292515,adam,2461,0.0,0.44091796875,0.0038136740311302,1.9526011039387097,3.175642391276192,15.313793159330483,1.3229759337419358,4.411148839068847,8.905490998338735,9.049514799335492,2026062600
1,0,eta_0p30,0.3,16,/home/bjyong/Complexity/local_project/03_dnn_mnist/06_eta_flip_phase_transition/raw_outputs/eta_reference_search_advanced_4eta_90ref_cpu35_gpu0/04_exact_reference_search/selected_reference_pool/split_000/eta_0p30/ref_016/theta.npy,/home/bjyong/Complexity/local_project/03_dnn_mnist/06_eta_flip_phase_transition/raw_outputs/eta_reference_search_advanced_4eta_90ref_cpu35_gpu0/01_dataset_gen/split_000/eta_0p30/rep_000/dataset.npz,2026292516,adam,2461,0.0,0.44287109375,0.0072791449220739,3.726922200101853,2.7460153646860155,17.120147214778463,0.4779486300109964,3.3552965752596786,7.098041865858881,7.82352490886292,2026062600
1,0,eta_0p30,0.3,17,/home/bjyong/Complexity/local_project/03_dnn_mnist/06_eta_flip_phase_transition/raw_outputs/eta_reference_search_advanced_4eta_90ref_cpu35_gpu0/04_exact_reference_search/selected_reference_pool/split_000/eta_0p30/ref_017/theta.npy,/home/bjyong/Complexity/local_project/03_dnn_mnist/06_eta_flip_phase_transition/raw_outputs/eta_reference_search_advanced_4eta_90ref_cpu35_gpu0/01_dataset_gen/split_000/eta_0p30/rep_000/dataset.npz,2026292517,adam,2461,0.0,0.4296875,0.0047928718635297,2.4539503941272454,2.7783746811086787,17.227246562537495,0.4930458066034068,4.075661402251301,8.085495269947312,8.479352609989471,2026062600
1,0,eta_0p30,0.3,18,/home/bjyong/Complexity/local_project/03_dnn_mnist/06_eta_flip_phase_transition/raw_outputs/eta_reference_search_advanced_4eta_90ref_cpu35_gpu0/04_exact_reference_search/selected_reference_pool/split_000/eta_0p30/ref_018/theta.npy,/home/bjyong/Complexity/local_project/03_dnn_mnist/06_eta_flip_phase_transition/raw_outputs/eta_reference_search_advanced_4eta_90ref_cpu35_gpu0/01_dataset_gen/split_000/eta_0p30/rep_000/dataset.npz,2026292518,adam,2461,0.0,0.4375,0.0076963213082095,3.9405165098033095,2.426649897713453,17.33636864700325,0.4654636680412318,3.5332909376772155,7.146356278180205,7.338753215555359,2026062600
1,0,eta_0p30,0.3,19,/home/bjyong/Complexity/local_project/03_dnn_mnist/06_eta_flip_phase_transition/raw_outputs/eta_reference_search_advanced_4eta_90ref_cpu35_gpu0/04_exact_reference_search/selected_reference_pool/split_000/eta_0p30/ref_019/theta.npy,/home/bjyong/Complexity/local_project/03_dnn_mnist/06_eta_flip_phase_transition/raw_outputs/eta_reference_search_advanced_4eta_90ref_cpu35_gpu0/01_dataset_gen/split_000/eta_0p30/rep_000/dataset.npz,2026292519,adam,2461,0.0,0.4462890625,0.0017409983395362,0.8913911498425826,2.772329639327199,19.5432539572191,2.8810673396473776,4.8108909756432086,7.844718543560601,8.316682952527838,2026062600
1,0,eta_0p30,0.3,20,/home/bjyong/Complexity/local_project/03_dnn_mnist/06_eta_flip_phase_transition/raw_outputs/eta_reference_search_advanced_4eta_90ref_cpu35_gpu0/04_exact_reference_search/selected_reference_pool/split_000/eta_0p30/ref_020/theta.npy,/home/bjyong/Complexity/local_project/03_dnn_mnist/06_eta_flip_phase_transition/raw_outputs/eta_reference_search_advanced_4eta_90ref_cpu35_gpu0/01_dataset_gen/split_000/eta_0p30/rep_000/dataset.npz,2026292520,adam,2461,0.0,0.4462890625,0.0036213425991325,1.8541274107558523,2.84292380509092,16.63898359991069,1.3064718789837702,4.609546505057928,8.089496936737316,8.362031828596155,2026062600
1,0,eta_0p30,0.3,21,/home/bjyong/Complexity/local_project/03_dnn_mnist/06_eta_flip_phase_transition/raw_outputs/eta_reference_search_advanced_4eta_90ref_cpu35_gpu0/04_exact_reference_search/selected_reference_pool/split_000/eta_0p30/ref_021/theta.npy,/home/bjyong/Complexity/local_project/03_dnn_mnist/06_eta_flip_phase_transition/raw_outputs/eta_reference_search_advanced_4eta_90ref_cpu35_gpu0/01_dataset_gen/split_000/eta_0p30/rep_000/dataset.npz,2026292521,adam,2461,0.0,0.45703125,0.0037250549010156,1.9072281093200327,2.9128497911951112,16.752026243092608,1.909775507564464,4.107942219032638,8.128592399411179,8.429749538847815,2026062600
1,0,eta_0p30,0.3,22,/home/bjyong/Complexity/local_project/03_dnn_mnist/06_eta_flip_phase_transition/raw_outputs/eta_reference_search_advanced_4eta_90ref_cpu35_gpu0/04_exact_reference_search/selected_reference_pool/split_000/eta_0p30/ref_022/theta.npy,/home/bjyong/Complexity/local_project/03_dnn_mnist/06_eta_flip_phase_transition/raw_outputs/eta_reference_search_advanced_4eta_90ref_cpu35_gpu0/01_dataset_gen/split_000/eta_0p30/rep_000/dataset.npz,2026292522,adam,2461,0.0,0.44091796875,0.0072904743488346,3.732722866603316,2.527798278829375,17.194138987410707,1.011787478081315,3.496973429348497,7.076462524685056,7.567669258490055,2026062600
1,0,eta_0p30,0.3,23,/home/bjyong/Complexity/local_project/03_dnn_mnist/06_eta_flip_phase_transition/raw_outputs/eta_reference_search_advanced_4eta_90ref_cpu35_gpu0/04_exact_reference_search/selected_reference_pool/split_000/eta_0p30/ref_023/theta.npy,/home/bjyong/Complexity/local_project/03_dnn_mnist/06_eta_flip_phase_transition/raw_outputs/eta_reference_search_advanced_4eta_90ref_cpu35_gpu0/01_dataset_gen/split_000/eta_0p30/rep_000/dataset.npz,2026292523,adam,2461,0.0,0.451171875,0.0021356662377698,1.093461113738159,3.0338582747728324,18.6367160833103,2.879567609881349,4.766775671982502,8.626672821674703,8.934800464823482,2026062600
1,0,eta_0p30,0.3,24,/home/bjyong/Complexity/local_project/03_dnn_mnist/06_eta_flip_phase_transition/raw_outputs/eta_reference_search_advanced_4eta_90ref_cpu35_gpu0/04_exact_reference_search/selected_reference_pool/split_000/eta_0p30/ref_024/theta.npy,/home/bjyong/Complexity/local_project/03_dnn_mnist/06_eta_flip_phase_transition/raw_outputs/eta_reference_search_advanced_4eta_90ref_cpu35_gpu0/01_dataset_gen/split_000/eta_0p30/rep_000/dataset.npz,2026292524,adam,2461,0.0,0.43408203125,0.0045167457872932,2.312573843094168,2.694340882864957,18.48932704658755,1.952664446932074,3.7269972913620166,7.559585033277354,7.996117918992683,2026062600
1,0,eta_0p30,0.3,25,/home/bjyong/Complexity/local_project/03_dnn_mnist/06_eta_flip_phase_transition/raw_outputs/eta_reference_search_advanced_4eta_90ref_cpu35_gpu0/04_exact_reference_search/selected_reference_pool/split_000/eta_0p30/ref_025/theta.npy,/home/bjyong/Complexity/local_project/03_dnn_mnist/06_eta_flip_phase_transition/raw_outputs/eta_reference_search_advanced_4eta_90ref_cpu35_gpu0/01_dataset_gen/split_000/eta_0p30/rep_000/dataset.npz,2026292525,adam,2461,0.0,0.447265625,0.0015078756431969,0.7720323293168624,3.25123410604383,15.946302158906915,2.685393917102078,5.202109212359363,9.402233063959338,9.563861364122602,2026062600
1,0,eta_0p30,0.3,26,/home/bjyong/Complexity/local_project/03_dnn_mnist/06_eta_flip_phase_transition/raw_outputs/eta_reference_search_advanced_4eta_90ref_cpu35_gpu0/04_exact_reference_search/selected_reference_pool/split_000/eta_0p30/ref_026/theta.npy,/home/bjyong/Complexity/local_project/03_dnn_mnist/06_eta_flip_phase_transition/raw_outputs/eta_reference_search_advanced_4eta_90ref_cpu35_gpu0/01_dataset_gen/split_000/eta_0p30/rep_000/dataset.npz,2026292526,adam,2461,0.0,0.45361328125,0.00649109610185,3.3234412041472146,2.757737800410135,16.129170930489046,0.7819938467869936,3.5187778172604403,7.614660451593073,7.849079148796062,2026062600
1,0,eta_0p30,0.3,27,/home/bjyong/Complexity/local_project/03_dnn_mnist/06_eta_flip_phase_transition/raw_outputs/eta_reference_search_advanced_4eta_90ref_cpu35_gpu0/04_exact_reference_search/selected_reference_pool/split_000/eta_0p30/ref_027/theta.npy,/home/bjyong/Complexity/local_project/03_dnn_mnist/06_eta_flip_phase_transition/raw_outputs/eta_reference_search_advanced_4eta_90ref_cpu35_gpu0/01_dataset_gen/split_000/eta_0p30/rep_000/dataset.npz,2026292527,adam,2461,0.0,0.4375,0.0038292245150985,1.960562951730434,2.876257643203127,17.47849175774405,1.3519112403120055,4.454482861396282,8.485111325109585,8.772555446645427,2026062600
1,0,eta_0p30,0.3,28,/home/bjyong/Complexity/local_project/03_dnn_mnist/06_eta_flip_phase_transition/raw_outputs/eta_reference_search_advanced_4eta_90ref_cpu35_gpu0/04_exact_reference_search/selected_reference_pool/split_000/eta_0p30/ref_028/theta.npy,/home/bjyong/Complexity/local_project/03_dnn_mnist/06_eta_flip_phase_transition/raw_outputs/eta_reference_search_advanced_4eta_90ref_cpu35_gpu0/01_dataset_gen/split_000/eta_0p30/rep_000/dataset.npz,2026292528,adam,2461,0.0,0.45263671875,0.0030551217750999,1.5642223488511648,2.938651657568613,17.72513562720573,2.381239549537862,4.469649507726793,7.854661591015903,8.391226241994143,2026062600
1,0,eta_0p30,0.3,29,/home/bjyong/Complexity/local_project/03_dnn_mnist/06_eta_flip_phase_transition/raw_outputs/eta_reference_search_advanced_4eta_90ref_cpu35_gpu0/04_exact_reference_search/selected_reference_pool/split_000/eta_0p30/ref_029/theta.npy,/home/bjyong/Complexity/local_project/03_dnn_mnist/06_eta_flip_phase_transition/raw_outputs/eta_reference_search_advanced_4eta_90ref_cpu35_gpu0/01_dataset_gen/split_000/eta_0p30/rep_000/dataset.npz,2026292529,adam,2461,0.0,0.43798828125,0.0074470101240188,3.81286918349766,2.4389498302813672,18.220138583664305,1.339756036237318,3.517965474322718,6.863820043056693,7.323384988023494,2026062600
1,0,eta_0p30,0.3,30,/home/bjyong/Complexity/local_project/03_dnn_mnist/06_eta_flip_phase_transition/raw_outputs/eta_reference_search_advanced_4eta_90ref_cpu35_gpu0/04_exact_reference_search/selected_reference_pool/split_000/eta_0p30/ref_030/theta.npy,/home/bjyong/Complexity/local_project/03_dnn_mnist/06_eta_flip_phase_transition/raw_outputs/eta_reference_search_advanced_4eta_90ref_cpu35_gpu0/01_dataset_gen/split_000/eta_0p30/rep_000/dataset.npz,2026292530,adam,2461,0.0,0.455078125,0.00095746090221,0.4902199819315412,3.2999717976163945,16.022201096982506,3.3723048036594747,5.40857592510753,9.158227848570366,9.38674726198154,2026062600
1,0,eta_0p30,0.3,31,/home/bjyong/Complexity/local_project/03_dnn_mnist/06_eta_flip_phase_transition/raw_outputs/eta_reference_search_advanced_4eta_90ref_cpu35_gpu0/04_exact_reference_search/selected_reference_pool/split_000/eta_0p30/ref_031/theta.npy,/home/bjyong/Complexity/local_project/03_dnn_mnist/06_eta_flip_phase_transition/raw_outputs/eta_reference_search_advanced_4eta_90ref_cpu35_gpu0/01_dataset_gen/split_000/eta_0p30/rep_000/dataset.npz,2026292531,adam,2461,0.0,0.43359375,0.0026967595446966,1.3807408868846989,2.951325497437721,17.17463090445371,1.5318326158100704,4.722700942657201,8.352542548585927,8.717921637700776,2026062600
1,0,eta_0p30,0.3,32,/home/bjyong/Complexity/local_project/03_dnn_mnist/06_eta_flip_phase_transition/raw_outputs/eta_reference_search_advanced_4eta_90ref_cpu35_gpu0/04_exact_reference_search/selected_reference_pool/split_000/eta_0p30/ref_032/theta.npy,/home/bjyong/Complexity/local_project/03_dnn_mnist/06_eta_flip_phase_transition/raw_outputs/eta_reference_search_advanced_4eta_90ref_cpu35_gpu0/01_dataset_gen/split_000/eta_0p30/rep_000/dataset.npz,2026292532,adam,2461,0.0,0.4541015625,0.0057076178362628,2.922300332166569,2.997298907731793,17.786415202734887,0.9613936274458936,3.821479781775597,7.861097733775994,8.196269710704815,2026062600
1,0,eta_0p30,0.3,33,/home/bjyong/Complexity/local_project/03_dnn_mnist/06_eta_flip_phase_transition/raw_outputs/eta_reference_search_advanced_4eta_90ref_cpu35_gpu0/04_exact_reference_search/selected_reference_pool/split_000/eta_0p30/ref_033/theta.npy,/home/bjyong/Complexity/local_project/03_dnn_mnist/06_eta_flip_phase_transition/raw_outputs/eta_reference_search_advanced_4eta_90ref_cpu35_gpu0/01_dataset_gen/split_000/eta_0p30/rep_000/dataset.npz,2026292533,adam,2461,0.0,0.43505859375,0.008022612743415,4.107577724628515,2.33102804084678,17.89957600835596,0.450707142163309,3.467782560862818,7.036892402161635,7.346058632035132,2026062600
1,0,eta_0p30,0.3,34,/home/bjyong/Complexity/local_project/03_dnn_mnist/06_eta_flip_phase_transition/raw_outputs/eta_reference_search_advanced_4eta_90ref_cpu35_gpu0/04_exact_reference_search/selected_reference_pool/split_000/eta_0p30/ref_034/theta.npy,/home/bjyong/Complexity/local_project/03_dnn_mnist/06_eta_flip_phase_transition/raw_outputs/eta_reference_search_advanced_4eta_90ref_cpu35_gpu0/01_dataset_gen/split_000/eta_0p30/rep_000/dataset.npz,2026292534,adam,2461,0.0,0.43798828125,0.0056189451696149,2.876899926842869,2.4973777219261653,18.59245698813096,1.430877456029709,3.864948748305387,7.126754392258345,7.578067269370154,2026062600
1,0,eta_0p30,0.3,35,/home/bjyong/Complexity/local_project/03_dnn_mnist/06_eta_flip_phase_transition/raw_outputs/eta_reference_search_advanced_4eta_90ref_cpu35_gpu0/04_exact_reference_search/selected_reference_pool/split_000/eta_0p30/ref_035/theta.npy,/home/bjyong/Complexity/local_project/03_dnn_mnist/06_eta_flip_phase_transition/raw_outputs/eta_reference_search_advanced_4eta_90ref_cpu35_gpu0/01_dataset_gen/split_000/eta_0p30/rep_000/dataset.npz,2026292535,adam,2461,0.0,0.44384765625,0.0046113749307348,2.3610239645362414,3.005125731375644,15.863216352213913,0.5434290799862094,4.216941050021627,8.526942441521713,8.885932381746903,2026062600
1,0,eta_0p30,0.3,36,/home/bjyong/Complexity/local_project/03_dnn_mnist/06_eta_flip_phase_transition/raw_outputs/eta_reference_search_advanced_4eta_90ref_cpu35_gpu0/04_exact_reference_search/selected_reference_pool/split_000/eta_0p30/ref_036/theta.npy,/home/bjyong/Complexity/local_project/03_dnn_mnist/06_eta_flip_phase_transition/raw_outputs/eta_reference_search_advanced_4eta_90ref_cpu35_gpu0/01_dataset_gen/split_000/eta_0p30/rep_000/dataset.npz,2026292536,adam,2461,0.0,0.46533203125,0.0017853683314667,0.9141085857109756,3.484745912271037,17.603549581995864,2.1092918059907446,5.109280280072444,9.33304641688757,9.40954531771202,2026062600
1,0,eta_0p30,0.3,37,/home/bjyong/Complexity/local_project/03_dnn_mnist/06_eta_flip_phase_transition/raw_outputs/eta_reference_search_advanced_4eta_90ref_cpu35_gpu0/04_exact_reference_search/selected_reference_pool/split_000/eta_0p30/ref_037/theta.npy,/home/bjyong/Complexity/local_project/03_dnn_mnist/06_eta_flip_phase_transition/raw_outputs/eta_reference_search_advanced_4eta_90ref_cpu35_gpu0/01_dataset_gen/split_000/eta_0p30/rep_000/dataset.npz,2026292537,adam,2461,0.0,0.45166015625,0.0010678432748532,0.5467357567248483,3.474002072047273,17.673587321300676,3.5016037282155734,5.405402011452047,9.329088764312033,9.64131720695064,2026062600
1,0,eta_0p30,0.3,38,/home/bjyong/Complexity/local_project/03_dnn_mnist/06_eta_flip_phase_transition/raw_outputs/eta_reference_search_advanced_4eta_90ref_cpu35_gpu0/04_exact_reference_search/selected_reference_pool/split_000/eta_0p30/ref_038/theta.npy,/home/bjyong/Complexity/local_project/03_dnn_mnist/06_eta_flip_phase_transition/raw_outputs/eta_reference_search_advanced_4eta_90ref_cpu35_gpu0/01_dataset_gen/split_000/eta_0p30/rep_000/dataset.npz,2026292538,adam,2461,0.0,0.44677734375,0.0173768355987992,8.896939826585196,2.0581489472240424,17.22826781996814,0.6644684584617675,2.641942856257998,5.570188546172609,5.966275268006994,2026062600
1,0,eta_0p30,0.3,39,/home/bjyong/Complexity/local_project/03_dnn_mnist/06_eta_flip_phase_transition/raw_outputs/eta_reference_search_advanced_4eta_90ref_cpu35_gpu0/04_exact_reference_search/selected_reference_pool/split_000/eta_0p30/ref_039/theta.npy,/home/bjyong/Complexity/local_project/03_dnn_mnist/06_eta_flip_phase_transition/raw_outputs/eta_reference_search_advanced_4eta_90ref_cpu35_gpu0/01_dataset_gen/split_000/eta_0p30/rep_000/dataset.npz,2026292539,adam,2461,0.0,0.455078125,0.0150073897186457,7.6837835359466435,2.280769680847212,18.457977372912147,0.0043707848342013,3.065701093683477,6.138677210287258,6.793016325143632,2026062600
1,0,eta_0p30,0.3,40,/home/bjyong/Complexity/local_project/03_dnn_mnist/06_eta_flip_phase_transition/raw_outputs/eta_reference_search_advanced_4eta_90ref_cpu35_gpu0/04_exact_reference_search/selected_reference_pool/split_000/eta_0p30/ref_040/theta.npy,/home/bjyong/Complexity/local_project/03_dnn_mnist/06_eta_flip_phase_transition/raw_outputs/eta_reference_search_advanced_4eta_90ref_cpu35_gpu0/01_dataset_gen/split_000/eta_0p30/rep_000/dataset.npz,2026292540,adam,2461,0.0,0.45166015625,0.0009448391898445,0.4837576652003914,3.279725338784665,16.630885684225003,3.0232289400621597,5.6197639595706725,9.533942688276998,9.888222640049822,2026062600
1,0,eta_0p30,0.3,41,/home/bjyong/Complexity/local_project/03_dnn_mnist/06_eta_flip_phase_transition/raw_outputs/eta_reference_search_advanced_4eta_90ref_cpu35_gpu0/04_exact_reference_search/selected_reference_pool/split_000/eta_0p30/ref_041/theta.npy,/home/bjyong/Complexity/local_project/03_dnn_mnist/06_eta_flip_phase_transition/raw_outputs/eta_reference_search_advanced_4eta_90ref_cpu35_gpu0/01_dataset_gen/split_000/eta_0p30/rep_000/dataset.npz,2026292541,adam,2461,0.0,0.44384765625,0.0012281521777109,0.6288139149880222,3.1258335360362497,17.476885844214618,3.022125787004865,5.279431867102007,9.10563769256159,9.500874404573375,2026062600
1,0,eta_0p30,0.3,42,/home/bjyong/Complexity/local_project/03_dnn_mnist/06_eta_flip_phase_transition/raw_outputs/eta_reference_search_advanced_4eta_90ref_cpu35_gpu0/04_exact_reference_search/selected_reference_pool/split_000/eta_0p30/ref_042/theta.npy,/home/bjyong/Complexity/local_project/03_dnn_mnist/06_eta_flip_phase_transition/raw_outputs/eta_reference_search_advanced_4eta_90ref_cpu35_gpu0/01_dataset_gen/split_000/eta_0p30/rep_000/dataset.npz,2026292542,adam,2461,0.0,0.43603515625,0.0079826475074097,4.087115523793807,2.630973113571919,16.607018784447472,0.41776283402592,3.697805003150103,7.593839800013118,7.875460206310599,2026062600
1,0,eta_0p30,0.3,43,/home/bjyong/Complexity/local_project/03_dnn_mnist/06_eta_flip_phase_transition/raw_outputs/eta_reference_search_advanced_4eta_90ref_cpu35_gpu0/04_exact_reference_search/selected_reference_pool/split_000/eta_0p30/ref_043/theta.npy,/home/bjyong/Complexity/local_project/03_dnn_mnist/06_eta_flip_phase_transition/raw_outputs/eta_reference_search_advanced_4eta_90ref_cpu35_gpu0/01_dataset_gen/split_000/eta_0p30/rep_000/dataset.npz,2026292543,adam,2461,0.0,0.42919921875,0.0050034867388963,2.561785210314913,2.298274949937749,18.470875682605463,1.2476979945893003,4.067909614719797,6.631865127766906,7.419760823219887,2026062600
1,0,eta_0p30,0.3,44,/home/bjyong/Complexity/local_project/03_dnn_mnist/06_eta_flip_phase_transition/raw_outputs/eta_reference_search_advanced_4eta_90ref_cpu35_gpu0/04_exact_reference_search/selected_reference_pool/split_000/eta_0p30/ref_044/theta.npy,/home/bjyong/Complexity/local_project/03_dnn_mnist/06_eta_flip_phase_transition/raw_outputs/eta_reference_search_advanced_4eta_90ref_cpu35_gpu0/01_dataset_gen/split_000/eta_0p30/rep_000/dataset.npz,2026292544,adam,2461,0.0,0.44287109375,0.0104957911384862,5.373845062904956,2.322968929728536,18.4046224444419,0.5712048372812928,3.18740817501219,6.612984752099867,7.197253432868903,2026062600
1,0,eta_0p30,0.3,45,/home/bjyong/Complexity/local_project/03_dnn_mnist/06_eta_flip_phase_transition/raw_outputs/eta_reference_search_advanced_4eta_90ref_cpu35_gpu0/04_exact_reference_search/selected_reference_pool/split_000/eta_0p30/ref_045/theta.npy,/home/bjyong/Complexity/local_project/03_dnn_mnist/06_eta_flip_phase_transition/raw_outputs/eta_reference_search_advanced_4eta_90ref_cpu35_gpu0/01_dataset_gen/split_000/eta_0p30/rep_000/dataset.npz,2026292545,adam,2461,0.0,0.4599609375,0.0034246173941842,1.7534041058223224,3.268539134324346,15.460581119046662,1.6155545260368398,4.331034080486496,8.983899312682023,9.081324682811978,2026062600
1,0,eta_0p30,0.3,46,/home/bjyong/Complexity/local_project/03_dnn_mnist/06_eta_flip_phase_transition/raw_outputs/eta_reference_search_advanced_4eta_90ref_cpu35_gpu0/04_exact_reference_search/selected_reference_pool/split_000/eta_0p30/ref_046/theta.npy,/home/bjyong/Complexity/local_project/03_dnn_mnist/06_eta_flip_phase_transition/raw_outputs/eta_reference_search_advanced_4eta_90ref_cpu35_gpu0/01_dataset_gen/split_000/eta_0p30/rep_000/dataset.npz,2026292546,adam,2461,0.0,0.44189453125,0.0041844811231709,2.1424543350635266,2.765519961242858,17.07915379823097,1.330769876283806,4.200979475592053,7.948696201001337,8.289716923014996,2026062600
1,0,eta_0p30,0.3,47,/home/bjyong/Complexity/local_project/03_dnn_mnist/06_eta_flip_phase_transition/raw_outputs/eta_reference_search_advanced_4eta_90ref_cpu35_gpu0/04_exact_reference_search/selected_reference_pool/split_000/eta_0p30/ref_047/theta.npy,/home/bjyong/Complexity/local_project/03_dnn_mnist/06_eta_flip_phase_transition/raw_outputs/eta_reference_search_advanced_4eta_90ref_cpu35_gpu0/01_dataset_gen/split_000/eta_0p30/rep_000/dataset.npz,2026292547,adam,2461,0.0,0.439453125,0.0108834813764889,5.572342464762341,2.662257896003915,16.406577261900214,0.2525273963762333,3.323977470729629,7.10026274117543,7.521170933732497,2026062600
1,0,eta_0p30,0.3,48,/home/bjyong/Complexity/local_project/03_dnn_mnist/06_eta_flip_phase_transition/raw_outputs/eta_reference_search_advanced_4eta_90ref_cpu35_gpu0/04_exact_reference_search/selected_reference_pool/split_000/eta_0p30/ref_048/theta.npy,/home/bjyong/Complexity/local_project/03_dnn_mnist/06_eta_flip_phase_transition/raw_outputs/eta_reference_search_advanced_4eta_90ref_cpu35_gpu0/01_dataset_gen/split_000/eta_0p30/rep_000/dataset.npz,2026292548,adam,2461,0.0,0.4228515625,0.0052499581142051,2.687978554473026,2.504123086399209,16.5851382811362,0.9322830732671412,3.921832614843483,7.465781546933366,7.736928515698231,2026062600
1,0,eta_0p30,0.3,49,/home/bjyong/Complexity/local_project/03_dnn_mnist/06_eta_flip_phase_transition/raw_outputs/eta_reference_search_advanced_4eta_90ref_cpu35_gpu0/04_exact_reference_search/selected_reference_pool/split_000/eta_0p30/ref_049/theta.npy,/home/bjyong/Complexity/local_project/03_dnn_mnist/06_eta_flip_phase_transition/raw_outputs/eta_reference_search_advanced_4eta_90ref_cpu35_gpu0/01_dataset_gen/split_000/eta_0p30/rep_000/dataset.npz,2026292549,adam,2461,0.0,0.4365234375,0.0139065247814979,7.120140688126969,1.995611112303557,17.9171685778797,0.5579126695896985,2.972128649499049,5.877486805631827,6.352145189780028,2026062600
1,0,eta_0p30,0.3,50,/home/bjyong/Complexity/local_project/03_dnn_mnist/06_eta_flip_phase_transition/raw_outputs/eta_reference_search_advanced_4eta_90ref_cpu35_gpu0/04_exact_reference_search/selected_reference_pool/split_000/eta_0p30/ref_050/theta.npy,/home/bjyong/Complexity/local_project/03_dnn_mnist/06_eta_flip_phase_transition/raw_outputs/eta_reference_search_advanced_4eta_90ref_cpu35_gpu0/01_dataset_gen/split_000/eta_0p30/rep_000/dataset.npz,2026292550,adam,2461,0.0,0.4443359375,0.0020819599589965,1.0659634990062483,3.199204650541207,16.50149538714992,2.547176244092626,4.930642425767723,8.703343142770839,9.014996852967922,2026062600
1,0,eta_0p30,0.3,51,/home/bjyong/Complexity/local_project/03_dnn_mnist/06_eta_flip_phase_transition/raw_outputs/eta_reference_search_advanced_4eta_90ref_cpu35_gpu0/04_exact_reference_search/selected_reference_pool/split_000/eta_0p30/ref_051/theta.npy,/home/bjyong/Complexity/local_project/03_dnn_mnist/06_eta_flip_phase_transition/raw_outputs/eta_reference_search_advanced_4eta_90ref_cpu35_gpu0/01_dataset_gen/split_000/eta_0p30/rep_000/dataset.npz,2026292551,adam,2461,0.0,0.42333984375,0.01189878439624,6.092177610874916,2.256627146503273,17.053285512240407,0.1656835945281514,3.0266982954503443,6.507870369544131,7.060901661267293,2026062600
1,0,eta_0p30,0.3,52,/home/bjyong/Complexity/local_project/03_dnn_mnist/06_eta_flip_phase_transition/raw_outputs/eta_reference_search_advanced_4eta_90ref_cpu35_gpu0/04_exact_reference_search/selected_reference_pool/split_000/eta_0p30/ref_052/theta.npy,/home/bjyong/Complexity/local_project/03_dnn_mnist/06_eta_flip_phase_transition/raw_outputs/eta_reference_search_advanced_4eta_90ref_cpu35_gpu0/01_dataset_gen/split_000/eta_0p30/rep_000/dataset.npz,2026292552,adam,2461,0.0,0.447265625,0.0032975039778573,1.6883220366629723,2.768486544263732,17.41129184742516,2.0423379128737107,4.374528287480169,7.795834060650209,8.355580054685868,2026062600
1,0,eta_0p30,0.3,53,/home/bjyong/Complexity/local_project/03_dnn_mnist/06_eta_flip_phase_transition/raw_outputs/eta_reference_search_advanced_4eta_90ref_cpu35_gpu0/04_exact_reference_search/selected_reference_pool/split_000/eta_0p30/ref_053/theta.npy,/home/bjyong/Complexity/local_project/03_dnn_mnist/06_eta_flip_phase_transition/raw_outputs/eta_reference_search_advanced_4eta_90ref_cpu35_gpu0/01_dataset_gen/split_000/eta_0p30/rep_000/dataset.npz,2026292553,adam,2461,0.0,0.453125,0.0076975440479316,3.941142552541022,2.598633050598775,17.230149118746766,0.5141167203002509,3.516863697423068,7.117185771117727,7.632101848110356,2026062600
1,0,eta_0p30,0.3,54,/home/bjyong/Complexity/local_project/03_dnn_mnist/06_eta_flip_phase_transition/raw_outputs/eta_reference_search_advanced_4eta_90ref_cpu35_gpu0/04_exact_reference_search/selected_reference_pool/split_000/eta_0p30/ref_054/theta.npy,/home/bjyong/Complexity/local_project/03_dnn_mnist/06_eta_flip_phase_transition/raw_outputs/eta_reference_search_advanced_4eta_90ref_cpu35_gpu0/01_dataset_gen/split_000/eta_0p30/rep_000/dataset.npz,2026292554,adam,2461,0.0,0.43408203125,0.0153649849254275,7.866872281818916,2.114899765048107,17.954352647024766,0.987834349592244,2.51378672096668,5.779262450460177,6.257061222981129,2026062600
1,0,eta_0p30,0.3,55,/home/bjyong/Complexity/local_project/03_dnn_mnist/06_eta_flip_phase_transition/raw_outputs/eta_reference_search_advanced_4eta_90ref_cpu35_gpu0/04_exact_reference_search/selected_reference_pool/split_000/eta_0p30/ref_055/theta.npy,/home/bjyong/Complexity/local_project/03_dnn_mnist/06_eta_flip_phase_transition/raw_outputs/eta_reference_search_advanced_4eta_90ref_cpu35_gpu0/01_dataset_gen/split_000/eta_0p30/rep_000/dataset.npz,2026292555,adam,2461,0.0,0.4599609375,0.0033023061652033,1.690780756584105,3.2330480071167456,15.819050735498378,0.9849435580605276,4.400179493641638,9.124750865560069,9.303670473531524,2026062600
1,0,eta_0p30,0.3,56,/home/bjyong/Complexity/local_project/03_dnn_mnist/06_eta_flip_phase_transition/raw_outputs/eta_reference_search_advanced_4eta_90ref_cpu35_gpu0/04_exact_reference_search/selected_reference_pool/split_000/eta_0p30/ref_056/theta.npy,/home/bjyong/Complexity/local_project/03_dnn_mnist/06_eta_flip_phase_transition/raw_outputs/eta_reference_search_advanced_4eta_90ref_cpu35_gpu0/01_dataset_gen/split_000/eta_0p30/rep_000/dataset.npz,2026292556,adam,2461,0.0,0.45556640625,0.0030000400959626,1.5360205291328612,3.1516382113860617,16.542504155800238,1.5056637976750389,4.425134013649558,8.480123530206772,8.853673445350132,2026062600
1,0,eta_0p30,0.3,57,/home/bjyong/Complexity/local_project/03_dnn_mnist/06_eta_flip_phase_transition/raw_outputs/eta_reference_search_advanced_4eta_90ref_cpu35_gpu0/04_exact_reference_search/selected_reference_pool/split_000/eta_0p30/ref_057/theta.npy,/home/bjyong/Complexity/local_project/03_dnn_mnist/06_eta_flip_phase_transition/raw_outputs/eta_reference_search_advanced_4eta_90ref_cpu35_gpu0/01_dataset_gen/split_000/eta_0p30/rep_000/dataset.npz,2026292557,adam,2461,0.0,0.43798828125,0.0011828687422104,0.6056287960117728,3.057366186939489,19.518094005991397,3.106829325798639,5.332747409866329,8.767048999807816,9.270248749109932,2026062600
1,0,eta_0p30,0.3,58,/home/bjyong/Complexity/local_project/03_dnn_mnist/06_eta_flip_phase_transition/raw_outputs/eta_reference_search_advanced_4eta_90ref_cpu35_gpu0/04_exact_reference_search/selected_reference_pool/split_000/eta_0p30/ref_058/theta.npy,/home/bjyong/Complexity/local_project/03_dnn_mnist/06_eta_flip_phase_transition/raw_outputs/eta_reference_search_advanced_4eta_90ref_cpu35_gpu0/01_dataset_gen/split_000/eta_0p30/rep_000/dataset.npz,2026292558,adam,2461,0.0,0.44873046875,0.0018878771223354,0.9665930866357616,2.93336729341288,17.382529581497163,2.6395177268005106,4.794478018054473,8.539722679288179,8.881643425605041,2026062600
1,0,eta_0p30,0.3,59,/home/bjyong/Complexity/local_project/03_dnn_mnist/06_eta_flip_phase_transition/raw_outputs/eta_reference_search_advanced_4eta_90ref_cpu35_gpu0/04_exact_reference_search/selected_reference_pool/split_000/eta_0p30/ref_059/theta.npy,/home/bjyong/Complexity/local_project/03_dnn_mnist/06_eta_flip_phase_transition/raw_outputs/eta_reference_search_advanced_4eta_90ref_cpu35_gpu0/01_dataset_gen/split_000/eta_0p30/rep_000/dataset.npz,2026292559,adam,2461,0.0,0.43603515625,0.0077175041129245,3.951362105817357,2.2857236308186435,17.897296450289442,1.6287766237212336,3.240884027714832,6.539320837290909,6.965186805749092,2026062600
1,0,eta_0p30,0.3,60,/home/bjyong/Complexity/local_project/03_dnn_mnist/06_eta_flip_phase_transition/raw_outputs/eta_reference_search_advanced_4eta_90ref_cpu35_gpu0/04_exact_reference_search/selected_reference_pool/split_000/eta_0p30/ref_060/theta.npy,/home/bjyong/Complexity/local_project/03_dnn_mnist/06_eta_flip_phase_transition/raw_outputs/eta_reference_search_advanced_4eta_90ref_cpu35_gpu0/01_dataset_gen/split_000/eta_0p30/rep_000/dataset.npz,2026292560,adam,2461,0.0,0.4365234375,0.0097391979960929,4.986469373999567,2.610981706066647,15.245695854674876,0.402528672165013,3.154891809153963,7.149456616816497,7.571267267189278,2026062600
1,0,eta_0p30,0.3,61,/home/bjyong/Complexity/local_project/03_dnn_mnist/06_eta_flip_phase_transition/raw_outputs/eta_reference_search_advanced_4eta_90ref_cpu35_gpu0/04_exact_reference_search/selected_reference_pool/split_000/eta_0p30/ref_061/theta.npy,/home/bjyong/Complexity/local_project/03_dnn_mnist/06_eta_flip_phase_transition/raw_outputs/eta_reference_search_advanced_4eta_90ref_cpu35_gpu0/01_dataset_gen/split_000/eta_0p30/rep_000/dataset.npz,2026292561,adam,2461,0.0,0.44970703125,0.0044602400330231,2.283642896907842,2.8470242940989823,16.91031470304681,1.6451431882540573,4.010690895333399,7.814587532181049,8.265729724518474,2026062600
1,0,eta_0p30,0.3,62,/home/bjyong/Complexity/local_project/03_dnn_mnist/06_eta_flip_phase_transition/raw_outputs/eta_reference_search_advanced_4eta_90ref_cpu35_gpu0/04_exact_reference_search/selected_reference_pool/split_000/eta_0p30/ref_062/theta.npy,/home/bjyong/Complexity/local_project/03_dnn_mnist/06_eta_flip_phase_transition/raw_outputs/eta_reference_search_advanced_4eta_90ref_cpu35_gpu0/01_dataset_gen/split_000/eta_0p30/rep_000/dataset.npz,2026292562,adam,2461,0.0,0.43896484375,0.0028415880149243,1.4548930636412778,2.907119389928284,16.717502784803486,2.4962898212436784,4.40121496482468,8.487792916769866,8.585192665777992,2026062600
1,0,eta_0p30,0.3,63,/home/bjyong/Complexity/local_project/03_dnn_mnist/06_eta_flip_phase_transition/raw_outputs/eta_reference_search_advanced_4eta_90ref_cpu35_gpu0/04_exact_reference_search/selected_reference_pool/split_000/eta_0p30/ref_063/theta.npy,/home/bjyong/Complexity/local_project/03_dnn_mnist/06_eta_flip_phase_transition/raw_outputs/eta_reference_search_advanced_4eta_90ref_cpu35_gpu0/01_dataset_gen/split_000/eta_0p30/rep_000/dataset.npz,2026292563,adam,2461,0.0,0.447265625,0.0089901454113603,4.602954450616494,2.500800287323877,17.752841143972166,1.096348371126886,3.215541301363912,6.976370446271766,7.328272078581124,2026062600
1,0,eta_0p30,0.3,64,/home/bjyong/Complexity/local_project/03_dnn_mnist/06_eta_flip_phase_transition/raw_outputs/eta_reference_search_advanced_4eta_90ref_cpu35_gpu0/04_exact_reference_search/selected_reference_pool/split_000/eta_0p30/ref_064/theta.npy,/home/bjyong/Complexity/local_project/03_dnn_mnist/06_eta_flip_phase_transition/raw_outputs/eta_reference_search_advanced_4eta_90ref_cpu35_gpu0/01_dataset_gen/split_000/eta_0p30/rep_000/dataset.npz,2026292564,adam,2461,0.0,0.44482421875,0.0099550231755326,5.09697186587273,2.248103077842374,19.004698980616453,0.0923467409809986,3.2352038791222437,6.377036761314668,6.752651146516298,2026062600
1,0,eta_0p30,0.3,65,/home/bjyong/Complexity/local_project/03_dnn_mnist/06_eta_flip_phase_transition/raw_outputs/eta_reference_search_advanced_4eta_90ref_cpu35_gpu0/04_exact_reference_search/selected_reference_pool/split_000/eta_0p30/ref_065/theta.npy,/home/bjyong/Complexity/local_project/03_dnn_mnist/06_eta_flip_phase_transition/raw_outputs/eta_reference_search_advanced_4eta_90ref_cpu35_gpu0/01_dataset_gen/split_000/eta_0p30/rep_000/dataset.npz,2026292565,adam,2461,0.0,0.43310546875,0.0039060384872905,1.999891705492756,2.794112115788245,16.256037836145495,1.2822850119877072,4.497617988657272,8.55945641137914,8.6282627613485,2026062600
1,0,eta_0p30,0.3,66,/home/bjyong/Complexity/local_project/03_dnn_mnist/06_eta_flip_phase_transition/raw_outputs/eta_reference_search_advanced_4eta_90ref_cpu35_gpu0/04_exact_reference_search/selected_reference_pool/split_000/eta_0p30/ref_066/theta.npy,/home/bjyong/Complexity/local_project/03_dnn_mnist/06_eta_flip_phase_transition/raw_outputs/eta_reference_search_advanced_4eta_90ref_cpu35_gpu0/01_dataset_gen/split_000/eta_0p30/rep_000/dataset.npz,2026292566,adam,2461,0.0,0.44580078125,0.0034795746860512,1.7815422392582654,2.81686642181792,17.296017293986015,2.5680243572232877,4.203103383763241,7.470463982387844,8.0032607381692,2026062600
1,0,eta_0p30,0.3,67,/home/bjyong/Complexity/local_project/03_dnn_mnist/06_eta_flip_phase_transition/raw_outputs/eta_reference_search_advanced_4eta_90ref_cpu35_gpu0/04_exact_reference_search/selected_reference_pool/split_000/eta_0p30/ref_067/theta.npy,/home/bjyong/Complexity/local_project/03_dnn_mnist/06_eta_flip_phase_transition/raw_outputs/eta_reference_search_advanced_4eta_90ref_cpu35_gpu0/01_dataset_gen/split_000/eta_0p30/rep_000/dataset.npz,2026292567,adam,2461,0.0,0.45849609375,0.006455030026543,3.3049753735900222,2.644875225242192,17.23616577952333,0.914039777244274,3.5744925059610395,7.285058820207936,7.835828538801683,2026062600
1,0,eta_0p30,0.3,68,/home/bjyong/Complexity/local_project/03_dnn_mnist/06_eta_flip_phase_transition/raw_outputs/eta_reference_search_advanced_4eta_90ref_cpu35_gpu0/04_exact_reference_search/selected_reference_pool/split_000/eta_0p30/ref_068/theta.npy,/home/bjyong/Complexity/local_project/03_dnn_mnist/06_eta_flip_phase_transition/raw_outputs/eta_reference_search_advanced_4eta_90ref_cpu35_gpu0/01_dataset_gen/split_000/eta_0p30/rep_000/dataset.npz,2026292568,adam,2461,0.0,0.4560546875,0.0064204158840113,3.287252932613796,2.648288596320151,17.652439565339932,0.4097472286308292,3.997817540598105,7.268466901674857,7.863084644807311,2026062600
1,0,eta_0p30,0.3,69,/home/bjyong/Complexity/local_project/03_dnn_mnist/06_eta_flip_phase_transition/raw_outputs/eta_reference_search_advanced_4eta_90ref_cpu35_gpu0/04_exact_reference_search/selected_reference_pool/split_000/eta_0p30/ref_069/theta.npy,/home/bjyong/Complexity/local_project/03_dnn_mnist/06_eta_flip_phase_transition/raw_outputs/eta_reference_search_advanced_4eta_90ref_cpu35_gpu0/01_dataset_gen/split_000/eta_0p30/rep_000/dataset.npz,2026292569,adam,2461,0.0,0.4453125,0.0090803574517301,4.6491430152858495,2.4073703984521777,18.11579573610812,0.0440757361562091,3.416471425231212,6.768416379887957,7.062401903153112,2026062600
1,0,eta_0p30,0.3,70,/home/bjyong/Complexity/local_project/03_dnn_mnist/06_eta_flip_phase_transition/raw_outputs/eta_reference_search_advanced_4eta_90ref_cpu35_gpu0/04_exact_reference_search/selected_reference_pool/split_000/eta_0p30/ref_070/theta.npy,/home/bjyong/Complexity/local_project/03_dnn_mnist/06_eta_flip_phase_transition/raw_outputs/eta_reference_search_advanced_4eta_90ref_cpu35_gpu0/01_dataset_gen/split_000/eta_0p30/rep_000/dataset.npz,2026292570,adam,2461,0.0,0.43115234375,0.003595603043195,1.840948758115856,3.149912594716741,17.40049051529232,0.8671029437734488,4.405460614869993,8.994195517159532,9.491212090799747,2026062600
1,0,eta_0p30,0.3,71,/home/bjyong/Complexity/local_project/03_dnn_mnist/06_eta_flip_phase_transition/raw_outputs/eta_reference_search_advanced_4eta_90ref_cpu35_gpu0/04_exact_reference_search/selected_reference_pool/split_000/eta_0p30/ref_071/theta.npy,/home/bjyong/Complexity/local_project/03_dnn_mnist/06_eta_flip_phase_transition/raw_outputs/eta_reference_search_advanced_4eta_90ref_cpu35_gpu0/01_dataset_gen/split_000/eta_0p30/rep_000/dataset.npz,2026292571,adam,2461,0.0,0.43896484375,0.0120995112598364,6.194949765036254,2.245180134025934,16.17103423662622,0.908873272126892,2.751618257765239,6.428842217378753,6.689499905517673,2026062600
1,0,eta_0p30,0.3,72,/home/bjyong/Complexity/local_project/03_dnn_mnist/06_eta_flip_phase_transition/raw_outputs/eta_reference_search_advanced_4eta_90ref_cpu35_gpu0/04_exact_reference_search/selected_reference_pool/split_000/eta_0p30/ref_072/theta.npy,/home/bjyong/Complexity/local_project/03_dnn_mnist/06_eta_flip_phase_transition/raw_outputs/eta_reference_search_advanced_4eta_90ref_cpu35_gpu0/01_dataset_gen/split_000/eta_0p30/rep_000/dataset.npz,2026292572,adam,2461,0.0,0.4501953125,0.0071574398033419,3.664609179311088,2.660008177457004,16.70113236426111,0.0314086944584151,3.5812968440112405,7.431210179054257,7.69285063607529,2026062600
1,0,eta_0p30,0.3,73,/home/bjyong/Complexity/local_project/03_dnn_mnist/06_eta_flip_phase_transition/raw_outputs/eta_reference_search_advanced_4eta_90ref_cpu35_gpu0/04_exact_reference_search/selected_reference_pool/split_000/eta_0p30/ref_073/theta.npy,/home/bjyong/Complexity/local_project/03_dnn_mnist/06_eta_flip_phase_transition/raw_outputs/eta_reference_search_advanced_4eta_90ref_cpu35_gpu0/01_dataset_gen/split_000/eta_0p30/rep_000/dataset.npz,2026292573,adam,2461,0.0,0.44580078125,0.0059128655026051,3.027387137333857,2.5613472320234445,17.664622028683553,1.3121313965659032,3.713958614583103,6.912239759640443,7.373803182521197,2026062600
1,0,eta_0p30,0.3,74,/home/bjyong/Complexity/local_project/03_dnn_mnist/06_eta_flip_phase_transition/raw_outputs/eta_reference_search_advanced_4eta_90ref_cpu35_gpu0/04_exact_reference_search/selected_reference_pool/split_000/eta_0p30/ref_074/theta.npy,/home/bjyong/Complexity/local_project/03_dnn_mnist/06_eta_flip_phase_transition/raw_outputs/eta_reference_search_advanced_4eta_90ref_cpu35_gpu0/01_dataset_gen/split_000/eta_0p30/rep_000/dataset.npz,2026292574,adam,2461,0.0,0.44873046875,0.0122634240184421,6.278873097442387,2.238847663094533,17.876918748128272,0.2550697396748673,3.053123663673,6.2482621936041305,6.828209866324768,2026062600
1,0,eta_0p30,0.3,75,/home/bjyong/Complexity/local_project/03_dnn_mnist/06_eta_flip_phase_transition/raw_outputs/eta_reference_search_advanced_4eta_90ref_cpu35_gpu0/04_exact_reference_search/selected_reference_pool/split_000/eta_0p30/ref_075/theta.npy,/home/bjyong/Complexity/local_project/03_dnn_mnist/06_eta_flip_phase_transition/raw_outputs/eta_reference_search_advanced_4eta_90ref_cpu35_gpu0/01_dataset_gen/split_000/eta_0p30/rep_000/dataset.npz,2026292575,adam,2461,0.0,0.42626953125,0.0039167937579646,2.0053984040779014,2.7985023239370697,15.715457048668483,2.103708467323582,4.034852949470928,8.15660742237709,8.483955432983096,2026062600
1,0,eta_0p30,0.3,76,/home/bjyong/Complexity/local_project/03_dnn_mnist/06_eta_flip_phase_transition/raw_outputs/eta_reference_search_advanced_4eta_90ref_cpu35_gpu0/04_exact_reference_search/selected_reference_pool/split_000/eta_0p30/ref_076/theta.npy,/home/bjyong/Complexity/local_project/03_dnn_mnist/06_eta_flip_phase_transition/raw_outputs/eta_reference_search_advanced_4eta_90ref_cpu35_gpu0/01_dataset_gen/split_000/eta_0p30/rep_000/dataset.npz,2026292576,adam,2461,0.0,0.4541015625,0.0039256250195189,2.009920009993686,2.8478150471853363,16.873095034389053,2.1224809373432643,4.2075224117180765,7.829270612053717,8.09321921224583,2026062600
1,0,eta_0p30,0.3,77,/home/bjyong/Complexity/local_project/03_dnn_mnist/06_eta_flip_phase_transition/raw_outputs/eta_reference_search_advanced_4eta_90ref_cpu35_gpu0/04_exact_reference_search/selected_reference_pool/split_000/eta_0p30/ref_077/theta.npy,/home/bjyong/Complexity/local_project/03_dnn_mnist/06_eta_flip_phase_transition/raw_outputs/eta_reference_search_advanced_4eta_90ref_cpu35_gpu0/01_dataset_gen/split_000/eta_0p30/rep_000/dataset.npz,2026292577,adam,2461,0.0,0.47705078125,0.0016544096138589,0.8470577222957769,3.243430109181304,17.671471765398707,2.7577591149215053,4.96130271476969,8.793136222225726,9.069820257920329,2026062600
1,0,eta_0p30,0.3,78,/home/bjyong/Complexity/local_project/03_dnn_mnist/06_eta_flip_phase_transition/raw_outputs/eta_reference_search_advanced_4eta_90ref_cpu35_gpu0/04_exact_reference_search/selected_reference_pool/split_000/eta_0p30/ref_078/theta.npy,/home/bjyong/Complexity/local_project/03_dnn_mnist/06_eta_flip_phase_transition/raw_outputs/eta_reference_search_advanced_4eta_90ref_cpu35_gpu0/01_dataset_gen/split_000/eta_0p30/rep_000/dataset.npz,2026292578,adam,2461,0.0,0.43994140625,0.0246183378438241,12.604588976037949,1.9298596831293748,17.062942193534205,0.3285623002694717,2.171718279884672,5.1519859185103005,5.487095148846672,2026062600
1,0,eta_0p30,0.3,79,/home/bjyong/Complexity/local_project/03_dnn_mnist/06_eta_flip_phase_transition/raw_outputs/eta_reference_search_advanced_4eta_90ref_cpu35_gpu0/04_exact_reference_search/selected_reference_pool/split_000/eta_0p30/ref_079/theta.npy,/home/bjyong/Complexity/local_project/03_dnn_mnist/06_eta_flip_phase_transition/raw_outputs/eta_reference_search_advanced_4eta_90ref_cpu35_gpu0/01_dataset_gen/split_000/eta_0p30/rep_000/dataset.npz,2026292579,adam,2461,0.0,0.4404296875,0.0029943800849325,1.533122603485467,2.804076836328354,17.93486013555124,1.984711077358113,4.495350291755141,8.041970456531203,8.417022487380457,2026062600
1,0,eta_0p30,0.3,80,/home/bjyong/Complexity/local_project/03_dnn_mnist/06_eta_flip_phase_transition/raw_outputs/eta_reference_search_advanced_4eta_90ref_cpu35_gpu0/04_exact_reference_search/selected_reference_pool/split_000/eta_0p30/ref_080/theta.npy,/home/bjyong/Complexity/local_project/03_dnn_mnist/06_eta_flip_phase_transition/raw_outputs/eta_reference_search_advanced_4eta_90ref_cpu35_gpu0/01_dataset_gen/split_000/eta_0p30/rep_000/dataset.npz,2026292580,adam,2461,0.0,0.447265625,0.0037386915213888,1.9142100589510769,3.219749640887975,16.026524251803355,0.9573139696396982,4.1451921156442175,8.946671944967969,9.043127732851689,2026062600
1,0,eta_0p30,0.3,81,/home/bjyong/Complexity/local_project/03_dnn_mnist/06_eta_flip_phase_transition/raw_outputs/eta_reference_search_advanced_4eta_90ref_cpu35_gpu0/04_exact_reference_search/selected_reference_pool/split_000/eta_0p30/ref_081/theta.npy,/home/bjyong/Complexity/local_project/03_dnn_mnist/06_eta_flip_phase_transition/raw_outputs/eta_reference_search_advanced_4eta_90ref_cpu35_gpu0/01_dataset_gen/split_000/eta_0p30/rep_000/dataset.npz,2026292581,adam,2461,0.0,0.435546875,0.0029951540827917,1.5335188903893904,2.8779509859156804,16.81786717238274,2.1128145549749044,4.41046170533204,7.830300393448658,8.471863481366793,2026062600
1,0,eta_0p30,0.3,82,/home/bjyong/Complexity/local_project/03_dnn_mnist/06_eta_flip_phase_transition/raw_outputs/eta_reference_search_advanced_4eta_90ref_cpu35_gpu0/04_exact_reference_search/selected_reference_pool/split_000/eta_0p30/ref_082/theta.npy,/home/bjyong/Complexity/local_project/03_dnn_mnist/06_eta_flip_phase_transition/raw_outputs/eta_reference_search_advanced_4eta_90ref_cpu35_gpu0/01_dataset_gen/split_000/eta_0p30/rep_000/dataset.npz,2026292582,adam,2461,0.0,0.4599609375,0.0055887792127586,2.861454956932411,2.929915441358329,17.145309538198717,0.6531945188231589,4.063800679793184,8.154533360785319,8.422107681548265,2026062600
1,0,eta_0p30,0.3,83,/home/bjyong/Complexity/local_project/03_dnn_mnist/06_eta_flip_phase_transition/raw_outputs/eta_reference_search_advanced_4eta_90ref_cpu35_gpu0/04_exact_reference_search/selected_reference_pool/split_000/eta_0p30/ref_083/theta.npy,/home/bjyong/Complexity/local_project/03_dnn_mnist/06_eta_flip_phase_transition/raw_outputs/eta_reference_search_advanced_4eta_90ref_cpu35_gpu0/01_dataset_gen/split_000/eta_0p30/rep_000/dataset.npz,2026292583,adam,2461,0.0,0.45751953125,0.0074587045441511,3.818856726605413,2.5103474347991,17.708572105145578,1.2029647912880386,3.5492628152603216,6.892870791216435,7.19818485325275,2026062600
1,0,eta_0p30,0.3,84,/home/bjyong/Complexity/local_project/03_dnn_mnist/06_eta_flip_phase_transition/raw_outputs/eta_reference_search_advanced_4eta_90ref_cpu35_gpu0/04_exact_reference_search/selected_reference_pool/split_000/eta_0p30/ref_084/theta.npy,/home/bjyong/Complexity/local_project/03_dnn_mnist/06_eta_flip_phase_transition/raw_outputs/eta_reference_search_advanced_4eta_90ref_cpu35_gpu0/01_dataset_gen/split_000/eta_0p30/rep_000/dataset.npz,2026292584,adam,2461,0.0,0.43408203125,0.0077301139415891,3.9578183380936336,2.2259123987043354,17.824980578454593,1.2734895172806449,3.521922356592346,6.610819734377912,6.836627807684746,2026062600
1,0,eta_0p30,0.3,85,/home/bjyong/Complexity/local_project/03_dnn_mnist/06_eta_flip_phase_transition/raw_outputs/eta_reference_search_advanced_4eta_90ref_cpu35_gpu0/04_exact_reference_search/selected_reference_pool/split_000/eta_0p30/ref_085/theta.npy,/home/bjyong/Complexity/local_project/03_dnn_mnist/06_eta_flip_phase_transition/raw_outputs/eta_reference_search_advanced_4eta_90ref_cpu35_gpu0/01_dataset_gen/split_000/eta_0p30/rep_000/dataset.npz,2026292585,adam,2461,0.0,0.46484375,0.0060126574920897,3.078480635949955,2.7523061373811317,16.47762578933195,0.8012622395293487,3.71584653851687,7.509212165575411,7.907083847725277,2026062600
1,0,eta_0p30,0.3,86,/home/bjyong/Complexity/local_project/03_dnn_mnist/06_eta_flip_phase_transition/raw_outputs/eta_reference_search_advanced_4eta_90ref_cpu35_gpu0/04_exact_reference_search/selected_reference_pool/split_000/eta_0p30/ref_086/theta.npy,/home/bjyong/Complexity/local_project/03_dnn_mnist/06_eta_flip_phase_transition/raw_outputs/eta_reference_search_advanced_4eta_90ref_cpu35_gpu0/01_dataset_gen/split_000/eta_0p30/rep_000/dataset.npz,2026292586,adam,2461,0.0,0.45263671875,0.0040889146581409,2.093524304968188,2.773047147267584,16.46274804507225,0.8257963937801862,4.114577002769625,7.888177386789297,8.148821562062093,2026062600
1,0,eta_0p30,0.3,87,/home/bjyong/Complexity/local_project/03_dnn_mnist/06_eta_flip_phase_transition/raw_outputs/eta_reference_search_advanced_4eta_90ref_cpu35_gpu0/04_exact_reference_search/selected_reference_pool/split_000/eta_0p30/ref_087/theta.npy,/home/bjyong/Complexity/local_project/03_dnn_mnist/06_eta_flip_phase_transition/raw_outputs/eta_reference_search_advanced_4eta_90ref_cpu35_gpu0/01_dataset_gen/split_000/eta_0p30/rep_000/dataset.npz,2026292587,adam,2461,0.0,0.45556640625,0.0079176984398662,4.053861601211542,2.796543564790362,17.171700160457377,0.7199181896685893,3.67673313569112,7.573955822608654,7.780139434494965,2026062600
1,0,eta_0p30,0.3,88,/home/bjyong/Complexity/local_project/03_dnn_mnist/06_eta_flip_phase_transition/raw_outputs/eta_reference_search_advanced_4eta_90ref_cpu35_gpu0/04_exact_reference_search/selected_reference_pool/split_000/eta_0p30/ref_088/theta.npy,/home/bjyong/Complexity/local_project/03_dnn_mnist/06_eta_flip_phase_transition/raw_outputs/eta_reference_search_advanced_4eta_90ref_cpu35_gpu0/01_dataset_gen/split_000/eta_0p30/rep_000/dataset.npz,2026292588,adam,2461,0.0,0.4365234375,0.0034003752315661,1.74099211856188,2.5683662175426045,19.56698498520669,2.067865678696,4.250616033975553,7.463592053738179,7.980674213778712,2026062600
1,0,eta_0p30,0.3,89,/home/bjyong/Complexity/local_project/03_dnn_mnist/06_eta_flip_phase_transition/raw_outputs/eta_reference_search_advanced_4eta_90ref_cpu35_gpu0/04_exact_reference_search/selected_reference_pool/split_000/eta_0p30/ref_089/theta.npy,/home/bjyong/Complexity/local_project/03_dnn_mnist/06_eta_flip_phase_transition/raw_outputs/eta_reference_search_advanced_4eta_90ref_cpu35_gpu0/01_dataset_gen/split_000/eta_0p30/rep_000/dataset.npz,2026292589,adam,2461,0.0,0.43994140625,0.0109320127445351,5.597190525202005,2.2094016824634526,18.724247140251883,0.6997217144574839,2.8200442780057946,6.132129188066909,6.64584467202175,2026062600
2,0,eta_0p35,0.35,0,/home/bjyong/Complexity/local_project/03_dnn_mnist/06_eta_flip_phase_transition/raw_outputs/eta_reference_search_advanced_4eta_90ref_cpu35_gpu0/04_exact_reference_search/selected_reference_pool/split_000/eta_0p35/ref_000/theta.npy,/home/bjyong/Complexity/local_project/03_dnn_mnist/06_eta_flip_phase_transition/raw_outputs/eta_reference_search_advanced_4eta_90ref_cpu35_gpu0/01_dataset_gen/split_000/eta_0p35/rep_000/dataset.npz,2026397500,adam,2461,0.0,0.453125,0.0018494231960365,0.9469046763707144,3.5825471729040093,16.464693303006868,2.3423760904290774,4.763838348650657,9.435809272898409,9.81624532106759,2026062600
2,0,eta_0p35,0.35,1,/home/bjyong/Complexity/local_project/03_dnn_mnist/06_eta_flip_phase_transition/raw_outputs/eta_reference_search_advanced_4eta_90ref_cpu35_gpu0/04_exact_reference_search/selected_reference_pool/split_000/eta_0p35/ref_001/theta.npy,/home/bjyong/Complexity/local_project/03_dnn_mnist/06_eta_flip_phase_transition/raw_outputs/eta_reference_search_advanced_4eta_90ref_cpu35_gpu0/01_dataset_gen/split_000/eta_0p35/rep_000/dataset.npz,2026397501,adam,2461,0.0,0.4736328125,0.003981932391421,2.038749384407557,3.4758582921625543,17.248209130097454,0.3252220171442352,4.6186895203253,8.780062997253046,9.49837934591135,2026062600
2,0,eta_0p35,0.35,2,/home/bjyong/Complexity/local_project/03_dnn_mnist/06_eta_flip_phase_transition/raw_outputs/eta_reference_search_advanced_4eta_90ref_cpu35_gpu0/04_exact_reference_search/selected_reference_pool/split_000/eta_0p35/ref_002/theta.npy,/home/bjyong/Complexity/local_project/03_dnn_mnist/06_eta_flip_phase_transition/raw_outputs/eta_reference_search_advanced_4eta_90ref_cpu35_gpu0/01_dataset_gen/split_000/eta_0p35/rep_000/dataset.npz,2026397502,adam,2461,0.0,0.46435546875,0.0044446187186848,2.275644783966637,2.890260311669558,18.992417588694984,0.3971711191275529,4.170676035134216,7.93363159801491,8.354796689960903,2026062600
2,0,eta_0p35,0.35,3,/home/bjyong/Complexity/local_project/03_dnn_mnist/06_eta_flip_phase_transition/raw_outputs/eta_reference_search_advanced_4eta_90ref_cpu35_gpu0/04_exact_reference_search/selected_reference_pool/split_000/eta_0p35/ref_003/theta.npy,/home/bjyong/Complexity/local_project/03_dnn_mnist/06_eta_flip_phase_transition/raw_outputs/eta_reference_search_advanced_4eta_90ref_cpu35_gpu0/01_dataset_gen/split_000/eta_0p35/rep_000/dataset.npz,2026397503,adam,2461,0.0,0.46484375,0.0070946083052886,3.632439452307812,2.6636382636883384,17.866826124574033,0.8495313451544961,3.791034972939296,7.084877299699649,7.733457068849496,2026062600
2,0,eta_0p35,0.35,4,/home/bjyong/Complexity/local_project/03_dnn_mnist/06_eta_flip_phase_transition/raw_outputs/eta_reference_search_advanced_4eta_90ref_cpu35_gpu0/04_exact_reference_search/selected_reference_pool/split_000/eta_0p35/ref_004/theta.npy,/home/bjyong/Complexity/local_project/03_dnn_mnist/06_eta_flip_phase_transition/raw_outputs/eta_reference_search_advanced_4eta_90ref_cpu35_gpu0/01_dataset_gen/split_000/eta_0p35/rep_000/dataset.npz,2026397504,adam,2461,0.0,0.47900390625,0.0040727214314242,2.0852333728892383,3.0065364741413565,19.18253063910545,1.450564390134141,4.162055730714978,7.282962835575015,8.06066145067805,2026062600
2,0,eta_0p35,0.35,5,/home/bjyong/Complexity/local_project/03_dnn_mnist/06_eta_flip_phase_transition/raw_outputs/eta_reference_search_advanced_4eta_90ref_cpu35_gpu0/04_exact_reference_search/selected_reference_pool/split_000/eta_0p35/ref_005/theta.npy,/home/bjyong/Complexity/local_project/03_dnn_mnist/06_eta_flip_phase_transition/raw_outputs/eta_reference_search_advanced_4eta_90ref_cpu35_gpu0/01_dataset_gen/split_000/eta_0p35/rep_000/dataset.npz,2026397505,adam,2461,0.0,0.46630859375,0.0067056319958716,3.433283581886297,3.364938973628381,16.006437155524353,0.3280892761230003,3.94514115686441,8.686268625921041,8.943970593863,2026062600
2,0,eta_0p35,0.35,6,/home/bjyong/Complexity/local_project/03_dnn_mnist/06_eta_flip_phase_transition/raw_outputs/eta_reference_search_advanced_4eta_90ref_cpu35_gpu0/04_exact_reference_search/selected_reference_pool/split_000/eta_0p35/ref_006/theta.npy,/home/bjyong/Complexity/local_project/03_dnn_mnist/06_eta_flip_phase_transition/raw_outputs/eta_reference_search_advanced_4eta_90ref_cpu35_gpu0/01_dataset_gen/split_000/eta_0p35/rep_000/dataset.npz,2026397506,adam,2461,0.0,0.470703125,0.0059080745609712,3.0249341752172687,3.208856921124518,15.952970742693712,0.3216658375325264,3.993556097123507,8.294235483610409,8.596615332379526,2026062600
2,0,eta_0p35,0.35,7,/home/bjyong/Complexity/local_project/03_dnn_mnist/06_eta_flip_phase_transition/raw_outputs/eta_reference_search_advanced_4eta_90ref_cpu35_gpu0/04_exact_reference_search/selected_reference_pool/split_000/eta_0p35/ref_007/theta.npy,/home/bjyong/Complexity/local_project/03_dnn_mnist/06_eta_flip_phase_transition/raw_outputs/eta_reference_search_advanced_4eta_90ref_cpu35_gpu0/01_dataset_gen/split_000/eta_0p35/rep_000/dataset.npz,2026397507,adam,2461,0.0,0.47509765625,0.0018276818134282,0.9357730884752856,3.53084937791571,17.673606531322328,1.277834595938605,5.2015725953593055,9.16951720687757,9.676382744840623,2026062600
2,0,eta_0p35,0.35,8,/home/bjyong/Complexity/local_project/03_dnn_mnist/06_eta_flip_phase_transition/raw_outputs/eta_reference_search_advanced_4eta_90ref_cpu35_gpu0/04_exact_reference_search/selected_reference_pool/split_000/eta_0p35/ref_008/theta.npy,/home/bjyong/Complexity/local_project/03_dnn_mnist/06_eta_flip_phase_transition/raw_outputs/eta_reference_search_advanced_4eta_90ref_cpu35_gpu0/01_dataset_gen/split_000/eta_0p35/rep_000/dataset.npz,2026397508,adam,2461,0.0,0.45947265625,0.0035092813572757,1.796752054925186,2.8057899962531523,19.65844191736307,1.3984065427737824,4.47688061366663,7.784584705923867,8.421174381291063,2026062600
2,0,eta_0p35,0.35,9,/home/bjyong/Complexity/local_project/03_dnn_mnist/06_eta_flip_phase_transition/raw_outputs/eta_reference_search_advanced_4eta_90ref_cpu35_gpu0/04_exact_reference_search/selected_reference_pool/split_000/eta_0p35/ref_009/theta.npy,/home/bjyong/Complexity/local_project/03_dnn_mnist/06_eta_flip_phase_transition/raw_outputs/eta_reference_search_advanced_4eta_90ref_cpu35_gpu0/01_dataset_gen/split_000/eta_0p35/rep_000/dataset.npz,2026397509,adam,2461,0.0,0.47216796875,0.0113019291092431,5.786587703932472,2.645290596873071,18.52211953634441,0.5581434644230872,3.13874557673862,6.88493393583776,7.308613327052361,2026062600
2,0,eta_0p35,0.35,10,/home/bjyong/Complexity/local_project/03_dnn_mnist/06_eta_flip_phase_transition/raw_outputs/eta_reference_search_advanced_4eta_90ref_cpu35_gpu0/04_exact_reference_search/selected_reference_pool/split_000/eta_0p35/ref_010/theta.npy,/home/bjyong/Complexity/local_project/03_dnn_mnist/06_eta_flip_phase_transition/raw_outputs/eta_reference_search_advanced_4eta_90ref_cpu35_gpu0/01_dataset_gen/split_000/eta_0p35/rep_000/dataset.npz,2026397510,adam,2461,0.0,0.47998046875,0.0025233985952403,1.2919800807630806,3.4688890187525434,16.583070118862913,1.2863384496685444,4.651051515088214,8.448311518160633,9.09482289440342,2026062600
2,0,eta_0p35,0.35,11,/home/bjyong/Complexity/local_project/03_dnn_mnist/06_eta_flip_phase_transition/raw_outputs/eta_reference_search_advanced_4eta_90ref_cpu35_gpu0/04_exact_reference_search/selected_reference_pool/split_000/eta_0p35/ref_011/theta.npy,/home/bjyong/Complexity/local_project/03_dnn_mnist/06_eta_flip_phase_transition/raw_outputs/eta_reference_search_advanced_4eta_90ref_cpu35_gpu0/01_dataset_gen/split_000/eta_0p35/rep_000/dataset.npz,2026397511,adam,2461,0.0,0.46630859375,0.0016355455338567,0.8373993133346318,3.513413763299021,17.577331560535562,2.185352733369439,5.371331365999429,9.191849919523555,9.826774549755603,2026062600
2,0,eta_0p35,0.35,12,/home/bjyong/Complexity/local_project/03_dnn_mnist/06_eta_flip_phase_transition/raw_outputs/eta_reference_search_advanced_4eta_90ref_cpu35_gpu0/04_exact_reference_search/selected_reference_pool/split_000/eta_0p35/ref_012/theta.npy,/home/bjyong/Complexity/local_project/03_dnn_mnist/06_eta_flip_phase_transition/raw_outputs/eta_reference_search_advanced_4eta_90ref_cpu35_gpu0/01_dataset_gen/split_000/eta_0p35/rep_000/dataset.npz,2026397512,adam,2461,0.0,0.46435546875,0.0028808316515793,1.4749858056086165,3.4884013366385487,18.740897603808104,0.5129676581859395,5.084645082514728,8.8039975264089,9.31107810634028,2026062600
2,0,eta_0p35,0.35,13,/home/bjyong/Complexity/local_project/03_dnn_mnist/06_eta_flip_phase_transition/raw_outputs/eta_reference_search_advanced_4eta_90ref_cpu35_gpu0/04_exact_reference_search/selected_reference_pool/split_000/eta_0p35/ref_013/theta.npy,/home/bjyong/Complexity/local_project/03_dnn_mnist/06_eta_flip_phase_transition/raw_outputs/eta_reference_search_advanced_4eta_90ref_cpu35_gpu0/01_dataset_gen/split_000/eta_0p35/rep_000/dataset.npz,2026397513,adam,2461,0.0,0.46484375,0.0021163284585431,1.083560170774084,3.057016160721058,19.16554281299248,2.481308653143224,4.79954810852262,8.201827330795298,8.892107380740407,2026062600
2,0,eta_0p35,0.35,14,/home/bjyong/Complexity/local_project/03_dnn_mnist/06_eta_flip_phase_transition/raw_outputs/eta_reference_search_advanced_4eta_90ref_cpu35_gpu0/04_exact_reference_search/selected_reference_pool/split_000/eta_0p35/ref_014/theta.npy,/home/bjyong/Complexity/local_project/03_dnn_mnist/06_eta_flip_phase_transition/raw_outputs/eta_reference_search_advanced_4eta_90ref_cpu35_gpu0/01_dataset_gen/split_000/eta_0p35/rep_000/dataset.npz,2026397514,adam,2461,0.0,0.47314453125,0.0127896062584798,6.548278404341687,2.414658581072876,17.595634858654556,0.6478008230421797,2.7465306184217777,6.627950320317256,6.927864969529356,2026062600
2,0,eta_0p35,0.35,15,/home/bjyong/Complexity/local_project/03_dnn_mnist/06_eta_flip_phase_transition/raw_outputs/eta_reference_search_advanced_4eta_90ref_cpu35_gpu0/04_exact_reference_search/selected_reference_pool/split_000/eta_0p35/ref_015/theta.npy,/home/bjyong/Complexity/local_project/03_dnn_mnist/06_eta_flip_phase_transition/raw_outputs/eta_reference_search_advanced_4eta_90ref_cpu35_gpu0/01_dataset_gen/split_000/eta_0p35/rep_000/dataset.npz,2026397515,adam,2461,0.0,0.46875,0.0058976835805364,3.019613993234662,3.5364156030927285,16.681323171330202,0.5512879728121147,4.147237941277338,8.820373133095604,9.037359086479402,2026062600
2,0,eta_0p35,0.35,16,/home/bjyong/Complexity/local_project/03_dnn_mnist/06_eta_flip_phase_transition/raw_outputs/eta_reference_search_advanced_4eta_90ref_cpu35_gpu0/04_exact_reference_search/selected_reference_pool/split_000/eta_0p35/ref_016/theta.npy,/home/bjyong/Complexity/local_project/03_dnn_mnist/06_eta_flip_phase_transition/raw_outputs/eta_reference_search_advanced_4eta_90ref_cpu35_gpu0/01_dataset_gen/split_000/eta_0p35/rep_000/dataset.npz,2026397516,adam,2461,0.0,0.462890625,0.0075071921561255,3.843682383936272,3.0788459423628005,16.254212641097503,0.0137714041453704,3.688844660181733,8.06925013486821,8.471562042985138,2026062600
2,0,eta_0p35,0.35,17,/home/bjyong/Complexity/local_project/03_dnn_mnist/06_eta_flip_phase_transition/raw_outputs/eta_reference_search_advanced_4eta_90ref_cpu35_gpu0/04_exact_reference_search/selected_reference_pool/split_000/eta_0p35/ref_017/theta.npy,/home/bjyong/Complexity/local_project/03_dnn_mnist/06_eta_flip_phase_transition/raw_outputs/eta_reference_search_advanced_4eta_90ref_cpu35_gpu0/01_dataset_gen/split_000/eta_0p35/rep_000/dataset.npz,2026397517,adam,2461,0.0,0.482421875,0.0120767104339063,6.183275742160037,2.7790952518131213,17.80853139083155,0.1000966132984822,2.9016883352634544,6.981329275042548,7.570006771254464,2026062600
2,0,eta_0p35,0.35,18,/home/bjyong/Complexity/local_project/03_dnn_mnist/06_eta_flip_phase_transition/raw_outputs/eta_reference_search_advanced_4eta_90ref_cpu35_gpu0/04_exact_reference_search/selected_reference_pool/split_000/eta_0p35/ref_018/theta.npy,/home/bjyong/Complexity/local_project/03_dnn_mnist/06_eta_flip_phase_transition/raw_outputs/eta_reference_search_advanced_4eta_90ref_cpu35_gpu0/01_dataset_gen/split_000/eta_0p35/rep_000/dataset.npz,2026397518,adam,2461,0.0,0.47802734375,0.0034884373927096,1.786079945067355,3.121228829950128,18.97999425951713,0.5927788956605464,4.411970643246703,7.76717096800564,8.53018366774454,2026062600
2,0,eta_0p35,0.35,19,/home/bjyong/Complexity/local_project/03_dnn_mnist/06_eta_flip_phase_transition/raw_outputs/eta_reference_search_advanced_4eta_90ref_cpu35_gpu0/04_exact_reference_search/selected_reference_pool/split_000/eta_0p35/ref_019/theta.npy,/home/bjyong/Complexity/local_project/03_dnn_mnist/06_eta_flip_phase_transition/raw_outputs/eta_reference_search_advanced_4eta_90ref_cpu35_gpu0/01_dataset_gen/split_000/eta_0p35/rep_000/dataset.npz,2026397519,adam,2461,0.0,0.46728515625,0.0081732169328911,4.184687069640281,2.6875521531984727,18.08245770670359,0.4001227912029979,3.451330173344965,7.187623417746571,7.588546566860845,2026062600
2,0,eta_0p35,0.35,20,/home/bjyong/Complexity/local_project/03_dnn_mnist/06_eta_flip_phase_transition/raw_outputs/eta_reference_search_advanced_4eta_90ref_cpu35_gpu0/04_exact_reference_search/selected_reference_pool/split_000/eta_0p35/ref_020/theta.npy,/home/bjyong/Complexity/local_project/03_dnn_mnist/06_eta_flip_phase_transition/raw_outputs/eta_reference_search_advanced_4eta_90ref_cpu35_gpu0/01_dataset_gen/split_000/eta_0p35/rep_000/dataset.npz,2026397520,adam,2461,0.0,0.46875,0.0028813006801632,1.4752259482435703,3.4270828556106814,17.77833239413015,0.5824142784741584,4.71448480345669,8.631859523256384,9.160044923377816,2026062600
2,0,eta_0p35,0.35,21,/home/bjyong/Complexity/local_project/03_dnn_mnist/06_eta_flip_phase_transition/raw_outputs/eta_reference_search_advanced_4eta_90ref_cpu35_gpu0/04_exact_reference_search/selected_reference_pool/split_000/eta_0p35/ref_021/theta.npy,/home/bjyong/Complexity/local_project/03_dnn_mnist/06_eta_flip_phase_transition/raw_outputs/eta_reference_search_advanced_4eta_90ref_cpu35_gpu0/01_dataset_gen/split_000/eta_0p35/rep_000/dataset.npz,2026397521,adam,2461,0.0,0.46142578125,0.0015789115522595,0.8084027147568996,3.203129408292055,17.73458071676676,2.488605538284927,5.258684934980632,9.054845942306068,9.322170230847831,2026062600
2,0,eta_0p35,0.35,22,/home/bjyong/Complexity/local_project/03_dnn_mnist/06_eta_flip_phase_transition/raw_outputs/eta_reference_search_advanced_4eta_90ref_cpu35_gpu0/04_exact_reference_search/selected_reference_pool/split_000/eta_0p35/ref_022/theta.npy,/home/bjyong/Complexity/local_project/03_dnn_mnist/06_eta_flip_phase_transition/raw_outputs/eta_reference_search_advanced_4eta_90ref_cpu35_gpu0/01_dataset_gen/split_000/eta_0p35/rep_000/dataset.npz,2026397522,adam,2461,0.0,0.458984375,0.0080217555846905,4.107138859361553,2.815423129823497,17.178876540124666,0.4289877713936085,3.592031775959198,7.4246836799373455,7.953927898288706,2026062600
2,0,eta_0p35,0.35,23,/home/bjyong/Complexity/local_project/03_dnn_mnist/06_eta_flip_phase_transition/raw_outputs/eta_reference_search_advanced_4eta_90ref_cpu35_gpu0/04_exact_reference_search/selected_reference_pool/split_000/eta_0p35/ref_023/theta.npy,/home/bjyong/Complexity/local_project/03_dnn_mnist/06_eta_flip_phase_transition/raw_outputs/eta_reference_search_advanced_4eta_90ref_cpu35_gpu0/01_dataset_gen/split_000/eta_0p35/rep_000/dataset.npz,2026397523,adam,2461,0.0,0.46923828125,0.0020715285534925,1.0606226193881845,3.12064920065737,19.56657537216389,2.318244373530088,4.734986180984399,8.146508790754446,8.744184603762832,2026062600
2,0,eta_0p35,0.35,24,/home/bjyong/Complexity/local_project/03_dnn_mnist/06_eta_flip_phase_transition/raw_outputs/eta_reference_search_advanced_4eta_90ref_cpu35_gpu0/04_exact_reference_search/selected_reference_pool/split_000/eta_0p35/ref_024/theta.npy,/home/bjyong/Complexity/local_project/03_dnn_mnist/06_eta_flip_phase_transition/raw_outputs/eta_reference_search_advanced_4eta_90ref_cpu35_gpu0/01_dataset_gen/split_000/eta_0p35/rep_000/dataset.npz,2026397524,adam,2461,0.0,0.4482421875,0.0036567106367594,1.8722358460208357,3.0140245141904125,19.780292869490463,1.8924090865904604,4.088685698074769,7.770755118688656,8.479523311749446,2026062600
2,0,eta_0p35,0.35,25,/home/bjyong/Complexity/local_project/03_dnn_mnist/06_eta_flip_phase_transition/raw_outputs/eta_reference_search_advanced_4eta_90ref_cpu35_gpu0/04_exact_reference_search/selected_reference_pool/split_000/eta_0p35/ref_025/theta.npy,/home/bjyong/Complexity/local_project/03_dnn_mnist/06_eta_flip_phase_transition/raw_outputs/eta_reference_search_advanced_4eta_90ref_cpu35_gpu0/01_dataset_gen/split_000/eta_0p35/rep_000/dataset.npz,2026397525,adam,2461,0.0,0.46484375,0.0054435489533865,2.78709706413392,3.237736183338762,14.593688050843122,0.2410736796267177,4.417550132034392,8.037418161470903,8.718597803425267,2026062600
2,0,eta_0p35,0.35,26,/home/bjyong/Complexity/local_project/03_dnn_mnist/06_eta_flip_phase_transition/raw_outputs/eta_reference_search_advanced_4eta_90ref_cpu35_gpu0/04_exact_reference_search/selected_reference_pool/split_000/eta_0p35/ref_026/theta.npy,/home/bjyong/Complexity/local_project/03_dnn_mnist/06_eta_flip_phase_transition/raw_outputs/eta_reference_search_advanced_4eta_90ref_cpu35_gpu0/01_dataset_gen/split_000/eta_0p35/rep_000/dataset.npz,2026397526,adam,2461,0.0,0.45703125,0.0008506377585054,0.4355265323547785,3.5725787355440755,18.17651585173688,2.576680574940584,5.767088755850242,9.687640676736596,10.273487300833686,2026062600
2,0,eta_0p35,0.35,27,/home/bjyong/Complexity/local_project/03_dnn_mnist/06_eta_flip_phase_transition/raw_outputs/eta_reference_search_advanced_4eta_90ref_cpu35_gpu0/04_exact_reference_search/selected_reference_pool/split_000/eta_0p35/ref_027/theta.npy,/home/bjyong/Complexity/local_project/03_dnn_mnist/06_eta_flip_phase_transition/raw_outputs/eta_reference_search_advanced_4eta_90ref_cpu35_gpu0/01_dataset_gen/split_000/eta_0p35/rep_000/dataset.npz,2026397527,adam,2461,0.0,0.45361328125,0.0036797546707283,1.8840343914129147,2.8969961466345984,17.643518413859418,0.8597894857776478,4.4290546024768185,8.368572558777078,8.743436018734895,2026062600
2,0,eta_0p35,0.35,28,/home/bjyong/Complexity/local_project/03_dnn_mnist/06_eta_flip_phase_transition/raw_outputs/eta_reference_search_advanced_4eta_90ref_cpu35_gpu0/04_exact_reference_search/selected_reference_pool/split_000/eta_0p35/ref_028/theta.npy,/home/bjyong/Complexity/local_project/03_dnn_mnist/06_eta_flip_phase_transition/raw_outputs/eta_reference_search_advanced_4eta_90ref_cpu35_gpu0/01_dataset_gen/split_000/eta_0p35/rep_000/dataset.npz,2026397528,adam,2461,0.0,0.4619140625,0.0165357889085459,8.46632392117552,2.4403004097620986,16.986458187259828,0.5630443383050134,2.603872097253679,6.198613658615373,6.813494244375859,2026062600
2,0,eta_0p35,0.35,29,/home/bjyong/Complexity/local_project/03_dnn_mnist/06_eta_flip_phase_transition/raw_outputs/eta_reference_search_advanced_4eta_90ref_cpu35_gpu0/04_exact_reference_search/selected_reference_pool/split_000/eta_0p35/ref_029/theta.npy,/home/bjyong/Complexity/local_project/03_dnn_mnist/06_eta_flip_phase_transition/raw_outputs/eta_reference_search_advanced_4eta_90ref_cpu35_gpu0/01_dataset_gen/split_000/eta_0p35/rep_000/dataset.npz,2026397529,adam,2461,0.0,0.47802734375,0.0036554762668342,1.871603848619126,2.8442919518561327,19.82679345976616,1.4387705329774063,4.234731699044762,7.55148710824114,8.324775307534797,2026062600
2,0,eta_0p35,0.35,30,/home/bjyong/Complexity/local_project/03_dnn_mnist/06_eta_flip_phase_transition/raw_outputs/eta_reference_search_advanced_4eta_90ref_cpu35_gpu0/04_exact_reference_search/selected_reference_pool/split_000/eta_0p35/ref_030/theta.npy,/home/bjyong/Complexity/local_project/03_dnn_mnist/06_eta_flip_phase_transition/raw_outputs/eta_reference_search_advanced_4eta_90ref_cpu35_gpu0/01_dataset_gen/split_000/eta_0p35/rep_000/dataset.npz,2026397530,adam,2461,0.0,0.4541015625,0.0021642437989079,1.1080928250408597,3.607587010212343,16.304524811369944,1.2528288313331295,5.002246118911693,9.401769593826444,9.65157570492931,2026062600
2,0,eta_0p35,0.35,31,/home/bjyong/Complexity/local_project/03_dnn_mnist/06_eta_flip_phase_transition/raw_outputs/eta_reference_search_advanced_4eta_90ref_cpu35_gpu0/04_exact_reference_search/selected_reference_pool/split_000/eta_0p35/ref_031/theta.npy,/home/bjyong/Complexity/local_project/03_dnn_mnist/06_eta_flip_phase_transition/raw_outputs/eta_reference_search_advanced_4eta_90ref_cpu35_gpu0/01_dataset_gen/split_000/eta_0p35/rep_000/dataset.npz,2026397531,adam,2461,0.0,0.4716796875,0.0080719807452449,4.132854141565395,2.9093133441918217,16.855606534440703,0.3237529188849367,3.708709890340718,7.567078439000007,8.08147520695751,2026062600
2,0,eta_0p35,0.35,32,/home/bjyong/Complexity/local_project/03_dnn_mnist/06_eta_flip_phase_transition/raw_outputs/eta_reference_search_advanced_4eta_90ref_cpu35_gpu0/04_exact_reference_search/selected_reference_pool/split_000/eta_0p35/ref_032/theta.npy,/home/bjyong/Complexity/local_project/03_dnn_mnist/06_eta_flip_phase_transition/raw_outputs/eta_reference_search_advanced_4eta_90ref_cpu35_gpu0/01_dataset_gen/split_000/eta_0p35/rep_000/dataset.npz,2026397532,adam,2461,0.0,0.45458984375,0.0012023580854937,0.6156073397727764,3.379581432387361,18.021359504409062,2.9213014502447603,5.302498839086218,9.216963145151489,9.538597808529182,2026062600
2,0,eta_0p35,0.35,33,/home/bjyong/Complexity/local_project/03_dnn_mnist/06_eta_flip_phase_transition/raw_outputs/eta_reference_search_advanced_4eta_90ref_cpu35_gpu0/04_exact_reference_search/selected_reference_pool/split_000/eta_0p35/ref_033/theta.npy,/home/bjyong/Complexity/local_project/03_dnn_mnist/06_eta_flip_phase_transition/raw_outputs/eta_reference_search_advanced_4eta_90ref_cpu35_gpu0/01_dataset_gen/split_000/eta_0p35/rep_000/dataset.npz,2026397533,adam,2461,0.0,0.46435546875,0.0021909940864774,1.1217889722764585,3.5711238746190994,18.412484914886686,1.1309696919572718,4.948056170819539,9.242747653284097,9.70301261565809,2026062600
2,0,eta_0p35,0.35,34,/home/bjyong/Complexity/local_project/03_dnn_mnist/06_eta_flip_phase_transition/raw_outputs/eta_reference_search_advanced_4eta_90ref_cpu35_gpu0/04_exact_reference_search/selected_reference_pool/split_000/eta_0p35/ref_034/theta.npy,/home/bjyong/Complexity/local_project/03_dnn_mnist/06_eta_flip_phase_transition/raw_outputs/eta_reference_search_advanced_4eta_90ref_cpu35_gpu0/01_dataset_gen/split_000/eta_0p35/rep_000/dataset.npz,2026397534,adam,2461,0.0,0.4619140625,0.0031659475542343,1.6209651477679703,3.024102195886737,18.45311983377603,1.4670464576168063,4.418249018398701,7.824927612482261,8.473940033070836,2026062600
2,0,eta_0p35,0.35,35,/home/bjyong/Complexity/local_project/03_dnn_mnist/06_eta_flip_phase_transition/raw_outputs/eta_reference_search_advanced_4eta_90ref_cpu35_gpu0/04_exact_reference_search/selected_reference_pool/split_000/eta_0p35/ref_035/theta.npy,/home/bjyong/Complexity/local_project/03_dnn_mnist/06_eta_flip_phase_transition/raw_outputs/eta_reference_search_advanced_4eta_90ref_cpu35_gpu0/01_dataset_gen/split_000/eta_0p35/rep_000/dataset.npz,2026397535,adam,2461,0.0,0.45751953125,0.0017899618241636,0.9164604539717778,3.585731498897704,16.39368036684049,2.47396428134702,4.767022161974395,9.57776401028869,10.024547983938,2026062600
2,0,eta_0p35,0.35,36,/home/bjyong/Complexity/local_project/03_dnn_mnist/06_eta_flip_phase_transition/raw_outputs/eta_reference_search_advanced_4eta_90ref_cpu35_gpu0/04_exact_reference_search/selected_reference_pool/split_000/eta_0p35/ref_036/theta.npy,/home/bjyong/Complexity/local_project/03_dnn_mnist/06_eta_flip_phase_transition/raw_outputs/eta_reference_search_advanced_4eta_90ref_cpu35_gpu0/01_dataset_gen/split_000/eta_0p35/rep_000/dataset.npz,2026397536,adam,2461,0.0,0.4677734375,0.0098131055143511,5.024310023347809,2.887582170407687,16.215563432858513,0.0094605536411656,3.743640287815022,7.685730320354816,8.116089193933798,2026062600
2,0,eta_0p35,0.35,37,/home/bjyong/Complexity/local_project/03_dnn_mnist/06_eta_flip_phase_transition/raw_outputs/eta_reference_search_advanced_4eta_90ref_cpu35_gpu0/04_exact_reference_search/selected_reference_pool/split_000/eta_0p35/ref_037/theta.npy,/home/bjyong/Complexity/local_project/03_dnn_mnist/06_eta_flip_phase_transition/raw_outputs/eta_reference_search_advanced_4eta_90ref_cpu35_gpu0/01_dataset_gen/split_000/eta_0p35/rep_000/dataset.npz,2026397537,adam,2461,0.0,0.474609375,0.0019698251722921,1.0085504882135714,3.5221510699518794,18.10174275968224,1.2799701837738608,5.343174330272055,9.026845004027486,9.929610623399254,2026062600
2,0,eta_0p35,0.35,38,/home/bjyong/Complexity/local_project/03_dnn_mnist/06_eta_flip_phase_transition/raw_outputs/eta_reference_search_advanced_4eta_90ref_cpu35_gpu0/04_exact_reference_search/selected_reference_pool/split_000/eta_0p35/ref_038/theta.npy,/home/bjyong/Complexity/local_project/03_dnn_mnist/06_eta_flip_phase_transition/raw_outputs/eta_reference_search_advanced_4eta_90ref_cpu35_gpu0/01_dataset_gen/split_000/eta_0p35/rep_000/dataset.npz,2026397538,adam,2461,0.0,0.466796875,0.0030596347319081,1.5665329827369563,3.304847457581832,17.2554120951482,0.7693923005730062,4.816334393018868,8.350718200882937,8.97414182494775,2026062600
2,0,eta_0p35,0.35,39,/home/bjyong/Complexity/local_project/03_dnn_mnist/06_eta_flip_phase_transition/raw_outputs/eta_reference_search_advanced_4eta_90ref_cpu35_gpu0/04_exact_reference_search/selected_reference_pool/split_000/eta_0p35/ref_039/theta.npy,/home/bjyong/Complexity/local_project/03_dnn_mnist/06_eta_flip_phase_transition/raw_outputs/eta_reference_search_advanced_4eta_90ref_cpu35_gpu0/01_dataset_gen/split_000/eta_0p35/rep_000/dataset.npz,2026397539,adam,2461,0.0,0.4677734375,0.0029180317161502,1.494032238668917,3.334058433472088,19.19490920158816,0.3721273402891611,5.186982447658757,8.384264244683845,9.146174526815404,2026062600
2,0,eta_0p35,0.35,40,/home/bjyong/Complexity/local_project/03_dnn_mnist/06_eta_flip_phase_transition/raw_outputs/eta_reference_search_advanced_4eta_90ref_cpu35_gpu0/04_exact_reference_search/selected_reference_pool/split_000/eta_0p35/ref_040/theta.npy,/home/bjyong/Complexity/local_project/03_dnn_mnist/06_eta_flip_phase_transition/raw_outputs/eta_reference_search_advanced_4eta_90ref_cpu35_gpu0/01_dataset_gen/split_000/eta_0p35/rep_000/dataset.npz,2026397540,adam,2461,0.0,0.4677734375,0.0095077438263729,4.867964839102925,3.0505585122701504,15.227935552937168,0.1640920209747222,3.667455422386785,8.156239701237933,8.324523736791097,2026062600
2,0,eta_0p35,0.35,41,/home/bjyong/Complexity/local_project/03_dnn_mnist/06_eta_flip_phase_transition/raw_outputs/eta_reference_search_advanced_4eta_90ref_cpu35_gpu0/04_exact_reference_search/selected_reference_pool/split_000/eta_0p35/ref_041/theta.npy,/home/bjyong/Complexity/local_project/03_dnn_mnist/06_eta_flip_phase_transition/raw_outputs/eta_reference_search_advanced_4eta_90ref_cpu35_gpu0/01_dataset_gen/split_000/eta_0p35/rep_000/dataset.npz,2026397541,adam,2461,0.0,0.4794921875,0.0025652290640745,1.3133972808061816,3.308105189461406,17.803692885369966,1.0562553272327124,4.8414615752539305,8.705115062342244,9.049528297609776,2026062600
2,0,eta_0p35,0.35,42,/home/bjyong/Complexity/local_project/03_dnn_mnist/06_eta_flip_phase_transition/raw_outputs/eta_reference_search_advanced_4eta_90ref_cpu35_gpu0/04_exact_reference_search/selected_reference_pool/split_000/eta_0p35/ref_042/theta.npy,/home/bjyong/Complexity/local_project/03_dnn_mnist/06_eta_flip_phase_transition/raw_outputs/eta_reference_search_advanced_4eta_90ref_cpu35_gpu0/01_dataset_gen/split_000/eta_0p35/rep_000/dataset.npz,2026397542,adam,2461,0.0,0.47412109375,0.0028354380851839,1.4517442996141892,3.1902342206364214,18.630656374386263,0.7046653441929185,4.903610758007624,8.044931432818895,8.624251463270857,2026062600
2,0,eta_0p35,0.35,43,/home/bjyong/Complexity/local_project/03_dnn_mnist/06_eta_flip_phase_transition/raw_outputs/eta_reference_search_advanced_4eta_90ref_cpu35_gpu0/04_exact_reference_search/selected_reference_pool/split_000/eta_0p35/ref_043/theta.npy,/home/bjyong/Complexity/local_project/03_dnn_mnist/06_eta_flip_phase_transition/raw_outputs/eta_reference_search_advanced_4eta_90ref_cpu35_gpu0/01_dataset_gen/split_000/eta_0p35/rep_000/dataset.npz,2026397543,adam,2461,0.0,0.4638671875,0.0104656941760049,5.358435418114532,2.7820646582045065,17.995592239398366,0.0908582434733429,3.510367572555296,7.134280945865356,7.606269629032532,2026062600
2,0,eta_0p35,0.35,44,/home/bjyong/Complexity/local_project/03_dnn_mnist/06_eta_flip_phase_transition/raw_outputs/eta_reference_search_advanced_4eta_90ref_cpu35_gpu0/04_exact_reference_search/selected_reference_pool/split_000/eta_0p35/ref_044/theta.npy,/home/bjyong/Complexity/local_project/03_dnn_mnist/06_eta_flip_phase_transition/raw_outputs/eta_reference_search_advanced_4eta_90ref_cpu35_gpu0/01_dataset_gen/split_000/eta_0p35/rep_000/dataset.npz,2026397544,adam,2461,0.0,0.46826171875,0.0066549466747994,3.407332697497293,2.915277941532069,17.653187855688326,0.0814858020938307,3.539829091139681,7.149156573774414,7.661243876815131,2026062600
2,0,eta_0p35,0.35,45,/home/bjyong/Complexity/local_project/03_dnn_mnist/06_eta_flip_phase_transition/raw_outputs/eta_reference_search_advanced_4eta_90ref_cpu35_gpu0/04_exact_reference_search/selected_reference_pool/split_000/eta_0p35/ref_045/theta.npy,/home/bjyong/Complexity/local_project/03_dnn_mnist/06_eta_flip_phase_transition/raw_outputs/eta_reference_search_advanced_4eta_90ref_cpu35_gpu0/01_dataset_gen/split_000/eta_0p35/rep_000/dataset.npz,2026397545,adam,2461,0.0,0.46630859375,0.0015809329493518,0.8094376700681299,3.831226060066204,15.8739622509882,1.9087048798392563,5.255260120783326,9.754160654719112,10.088168479713032,2026062600
2,0,eta_0p35,0.35,46,/home/bjyong/Complexity/local_project/03_dnn_mnist/06_eta_flip_phase_transition/raw_outputs/eta_reference_search_advanced_4eta_90ref_cpu35_gpu0/04_exact_reference_search/selected_reference_pool/split_000/eta_0p35/ref_046/theta.npy,/home/bjyong/Complexity/local_project/03_dnn_mnist/06_eta_flip_phase_transition/raw_outputs/eta_reference_search_advanced_4eta_90ref_cpu35_gpu0/01_dataset_gen/split_000/eta_0p35/rep_000/dataset.npz,2026397546,adam,2461,0.0,0.46240234375,0.00178279992509,0.912793561646096,3.2494932029702865,18.233283554793992,1.8925667245455884,4.792454080702402,9.109327886747105,9.34720275151567,2026062600
2,0,eta_0p35,0.35,47,/home/bjyong/Complexity/local_project/03_dnn_mnist/06_eta_flip_phase_transition/raw_outputs/eta_reference_search_advanced_4eta_90ref_cpu35_gpu0/04_exact_reference_search/selected_reference_pool/split_000/eta_0p35/ref_047/theta.npy,/home/bjyong/Complexity/local_project/03_dnn_mnist/06_eta_flip_phase_transition/raw_outputs/eta_reference_search_advanced_4eta_90ref_cpu35_gpu0/01_dataset_gen/split_000/eta_0p35/rep_000/dataset.npz,2026397547,adam,2461,0.0,0.46728515625,0.0036899335699723,1.8892459878258527,3.3085900305021987,18.241887710701285,1.609318917891089,4.265623634393939,8.40065723526838,9.184053781792,2026062600
2,0,eta_0p35,0.35,48,/home/bjyong/Complexity/local_project/03_dnn_mnist/06_eta_flip_phase_transition/raw_outputs/eta_reference_search_advanced_4eta_90ref_cpu35_gpu0/04_exact_reference_search/selected_reference_pool/split_000/eta_0p35/ref_048/theta.npy,/home/bjyong/Complexity/local_project/03_dnn_mnist/06_eta_flip_phase_transition/raw_outputs/eta_reference_search_advanced_4eta_90ref_cpu35_gpu0/01_dataset_gen/split_000/eta_0p35/rep_000/dataset.npz,2026397548,adam,2461,0.0,0.45703125,0.0017834500672478,0.9131264344308804,3.18901379520352,19.602398397686397,1.8235609282984129,4.885927279433036,8.441436945354788,9.072928968397749,2026062600
2,0,eta_0p35,0.35,49,/home/bjyong/Complexity/local_project/03_dnn_mnist/06_eta_flip_phase_transition/raw_outputs/eta_reference_search_advanced_4eta_90ref_cpu35_gpu0/04_exact_reference_search/selected_reference_pool/split_000/eta_0p35/ref_049/theta.npy,/home/bjyong/Complexity/local_project/03_dnn_mnist/06_eta_flip_phase_transition/raw_outputs/eta_reference_search_advanced_4eta_90ref_cpu35_gpu0/01_dataset_gen/split_000/eta_0p35/rep_000/dataset.npz,2026397549,adam,2461,0.0,0.4658203125,0.0034950438146087,1.7894624330796716,2.986627756246647,19.038829681637523,0.7083043868709051,4.59877119040122,7.784862404383,8.289963272824016,2026062600
2,0,eta_0p35,0.35,50,/home/bjyong/Complexity/local_project/03_dnn_mnist/06_eta_flip_phase_transition/raw_outputs/eta_reference_search_advanced_4eta_90ref_cpu35_gpu0/04_exact_reference_search/selected_reference_pool/split_000/eta_0p35/ref_050/theta.npy,/home/bjyong/Complexity/local_project/03_dnn_mnist/06_eta_flip_phase_transition/raw_outputs/eta_reference_search_advanced_4eta_90ref_cpu35_gpu0/01_dataset_gen/split_000/eta_0p35/rep_000/dataset.npz,2026397550,adam,2461,0.0,0.48046875,0.0011997445798663,0.6142692248915906,3.9347671521925056,16.919874644440913,2.3618642742663445,5.460489644265118,9.848046587563797,10.318389396249124,2026062600
2,0,eta_0p35,0.35,51,/home/bjyong/Complexity/local_project/03_dnn_mnist/06_eta_flip_phase_transition/raw_outputs/eta_reference_search_advanced_4eta_90ref_cpu35_gpu0/04_exact_reference_search/selected_reference_pool/split_000/eta_0p35/ref_051/theta.npy,/home/bjyong/Complexity/local_project/03_dnn_mnist/06_eta_flip_phase_transition/raw_outputs/eta_reference_search_advanced_4eta_90ref_cpu35_gpu0/01_dataset_gen/split_000/eta_0p35/rep_000/dataset.npz,2026397551,adam,2461,0.0,0.46826171875,0.0102319769825085,5.2387722150443725,2.9881022811089126,16.36158121875855,0.2091421335353834,3.0385656603155025,7.890603592088754,7.971076948478923,2026062600
2,0,eta_0p35,0.35,52,/home/bjyong/Complexity/local_project/03_dnn_mnist/06_eta_flip_phase_transition/raw_outputs/eta_reference_search_advanced_4eta_90ref_cpu35_gpu0/04_exact_reference_search/selected_reference_pool/split_000/eta_0p35/ref_052/theta.npy,/home/bjyong/Complexity/local_project/03_dnn_mnist/06_eta_flip_phase_transition/raw_outputs/eta_reference_search_advanced_4eta_90ref_cpu35_gpu0/01_dataset_gen/split_000/eta_0p35/rep_000/dataset.npz,2026397552,adam,2461,0.0,0.46630859375,0.0034782978707475,1.780888509822738,3.215102430257106,18.520668558716032,0.8700754209788024,4.521293855585777,8.476867562833036,9.184985951396303,2026062600
2,0,eta_0p35,0.35,53,/home/bjyong/Complexity/local_project/03_dnn_mnist/06_eta_flip_phase_transition/raw_outputs/eta_reference_search_advanced_4eta_90ref_cpu35_gpu0/04_exact_reference_search/selected_reference_pool/split_000/eta_0p35/ref_053/theta.npy,/home/bjyong/Complexity/local_project/03_dnn_mnist/06_eta_flip_phase_transition/raw_outputs/eta_reference_search_advanced_4eta_90ref_cpu35_gpu0/01_dataset_gen/split_000/eta_0p35/rep_000/dataset.npz,2026397553,adam,2461,0.0,0.458984375,0.0035509795717464,1.818101540734184,3.2004699724938703,18.384961048225332,0.6395065661812382,4.655516381326559,8.30709202765803,9.111184423333784,2026062600
2,0,eta_0p35,0.35,54,/home/bjyong/Complexity/local_project/03_dnn_mnist/06_eta_flip_phase_transition/raw_outputs/eta_reference_search_advanced_4eta_90ref_cpu35_gpu0/04_exact_reference_search/selected_reference_pool/split_000/eta_0p35/ref_054/theta.npy,/home/bjyong/Complexity/local_project/03_dnn_mnist/06_eta_flip_phase_transition/raw_outputs/eta_reference_search_advanced_4eta_90ref_cpu35_gpu0/01_dataset_gen/split_000/eta_0p35/rep_000/dataset.npz,2026397554,adam,2461,0.0,0.458984375,0.0049369107011185,2.527698278972681,2.670198832575877,20.65445789240452,1.1366342844545452,4.029501891204841,6.865547240138869,7.707443245840483,2026062600
2,0,eta_0p35,0.35,55,/home/bjyong/Complexity/local_project/03_dnn_mnist/06_eta_flip_phase_transition/raw_outputs/eta_reference_search_advanced_4eta_90ref_cpu35_gpu0/04_exact_reference_search/selected_reference_pool/split_000/eta_0p35/ref_055/theta.npy,/home/bjyong/Complexity/local_project/03_dnn_mnist/06_eta_flip_phase_transition/raw_outputs/eta_reference_search_advanced_4eta_90ref_cpu35_gpu0/01_dataset_gen/split_000/eta_0p35/rep_000/dataset.npz,2026397555,adam,2461,0.0,0.4599609375,0.0082771764103626,4.2379143221056985,2.979585157956356,16.159855280195025,0.4729202416979053,3.55497721022013,8.043670832622844,8.266148344532917,2026062600
2,0,eta_0p35,0.35,56,/home/bjyong/Complexity/local_project/03_dnn_mnist/06_eta_flip_phase_transition/raw_outputs/eta_reference_search_advanced_4eta_90ref_cpu35_gpu0/04_exact_reference_search/selected_reference_pool/split_000/eta_0p35/ref_056/theta.npy,/home/bjyong/Complexity/local_project/03_dnn_mnist/06_eta_flip_phase_transition/raw_outputs/eta_reference_search_advanced_4eta_90ref_cpu35_gpu0/01_dataset_gen/split_000/eta_0p35/rep_000/dataset.npz,2026397556,adam,2461,0.0,0.4638671875,0.0026335361708684,1.3483705194846456,3.569942477575743,17.066701252396193,0.9023420776767768,4.584466276956054,9.290097299999758,9.702554969139351,2026062600
2,0,eta_0p35,0.35,57,/home/bjyong/Complexity/local_project/03_dnn_mnist/06_eta_flip_phase_transition/raw_outputs/eta_reference_search_advanced_4eta_90ref_cpu35_gpu0/04_exact_reference_search/selected_reference_pool/split_000/eta_0p35/ref_057/theta.npy,/home/bjyong/Complexity/local_project/03_dnn_mnist/06_eta_flip_phase_transition/raw_outputs/eta_reference_search_advanced_4eta_90ref_cpu35_gpu0/01_dataset_gen/split_000/eta_0p35/rep_000/dataset.npz,2026397557,adam,2461,0.0,0.46826171875,0.0020104208774394,1.029335489248989,3.4467958823889755,18.398531959069825,2.267793091728142,4.821325189412619,8.646003050268252,9.199957084673985,2026062600
2,0,eta_0p35,0.35,58,/home/bjyong/Complexity/local_project/03_dnn_mnist/06_eta_flip_phase_transition/raw_outputs/eta_reference_search_advanced_4eta_90ref_cpu35_gpu0/04_exact_reference_search/selected_reference_pool/split_000/eta_0p35/ref_058/theta.npy,/home/bjyong/Complexity/local_project/03_dnn_mnist/06_eta_flip_phase_transition/raw_outputs/eta_reference_search_advanced_4eta_90ref_cpu35_gpu0/01_dataset_gen/split_000/eta_0p35/rep_000/dataset.npz,2026397558,adam,2461,0.0,0.46142578125,0.0155455125882226,7.959302445169997,2.195655904141491,18.50834081874586,0.1281925318690133,2.5780251399879512,5.869268838569647,6.307082238506298,2026062600
2,0,eta_0p35,0.35,59,/home/bjyong/Complexity/local_project/03_dnn_mnist/06_eta_flip_phase_transition/raw_outputs/eta_reference_search_advanced_4eta_90ref_cpu35_gpu0/04_exact_reference_search/selected_reference_pool/split_000/eta_0p35/ref_059/theta.npy,/home/bjyong/Complexity/local_project/03_dnn_mnist/06_eta_flip_phase_transition/raw_outputs/eta_reference_search_advanced_4eta_90ref_cpu35_gpu0/01_dataset_gen/split_000/eta_0p35/rep_000/dataset.npz,2026397559,adam,2461,0.0,0.45849609375,0.0015416466777228,0.7893230989940748,3.003309661047945,21.40525794170616,1.854120704399156,5.341903154364533,8.049243707106886,8.775022753184679,2026062600
2,0,eta_0p35,0.35,60,/home/bjyong/Complexity/local_project/03_dnn_mnist/06_eta_flip_phase_transition/raw_outputs/eta_reference_search_advanced_4eta_90ref_cpu35_gpu0/04_exact_reference_search/selected_reference_pool/split_000/eta_0p35/ref_060/theta.npy,/home/bjyong/Complexity/local_project/03_dnn_mnist/06_eta_flip_phase_transition/raw_outputs/eta_reference_search_advanced_4eta_90ref_cpu35_gpu0/01_dataset_gen/split_000/eta_0p35/rep_000/dataset.npz,2026397560,adam,2461,0.0,0.4775390625,0.0018714090597997,0.9581614386174608,3.7274410582366007,16.5048407213019,1.8013624750671893,5.2228906474709,9.484991799954624,9.999619013561514,2026062600
2,0,eta_0p35,0.35,61,/home/bjyong/Complexity/local_project/03_dnn_mnist/06_eta_flip_phase_transition/raw_outputs/eta_reference_search_advanced_4eta_90ref_cpu35_gpu0/04_exact_reference_search/selected_reference_pool/split_000/eta_0p35/ref_061/theta.npy,/home/bjyong/Complexity/local_project/03_dnn_mnist/06_eta_flip_phase_transition/raw_outputs/eta_reference_search_advanced_4eta_90ref_cpu35_gpu0/01_dataset_gen/split_000/eta_0p35/rep_000/dataset.npz,2026397561,adam,2461,0.0,0.47509765625,0.001646517815469,0.8430171215201319,3.7609217532051753,16.796566331065918,2.6331130170698627,5.155061389855597,9.314560715372346,9.875767969965542,2026062600
2,0,eta_0p35,0.35,62,/home/bjyong/Complexity/local_project/03_dnn_mnist/06_eta_flip_phase_transition/raw_outputs/eta_reference_search_advanced_4eta_90ref_cpu35_gpu0/04_exact_reference_search/selected_reference_pool/split_000/eta_0p35/ref_062/theta.npy,/home/bjyong/Complexity/local_project/03_dnn_mnist/06_eta_flip_phase_transition/raw_outputs/eta_reference_search_advanced_4eta_90ref_cpu35_gpu0/01_dataset_gen/split_000/eta_0p35/rep_000/dataset.npz,2026397562,adam,2461,0.0,0.45458984375,0.0011731710807435,0.6006635933406933,3.364505627600772,17.332085190179544,3.0949077678805006,5.323837706664247,9.1414232757303,9.544574673286558,2026062600
2,0,eta_0p35,0.35,63,/home/bjyong/Complexity/local_project/03_dnn_mnist/06_eta_flip_phase_transition/raw_outputs/eta_reference_search_advanced_4eta_90ref_cpu35_gpu0/04_exact_reference_search/selected_reference_pool/split_000/eta_0p35/ref_063/theta.npy,/home/bjyong/Complexity/local_project/03_dnn_mnist/06_eta_flip_phase_transition/raw_outputs/eta_reference_search_advanced_4eta_90ref_cpu35_gpu0/01_dataset_gen/split_000/eta_0p35/rep_000/dataset.npz,2026397563,adam,2461,0.0,0.45654296875,0.0025186171854184,1.2895319989342564,3.005365911622449,18.258934896888253,0.9251887058879514,4.7919078873178735,7.963733526935379,8.553361488303288,2026062600
2,0,eta_0p35,0.35,64,/home/bjyong/Complexity/local_project/03_dnn_mnist/06_eta_flip_phase_transition/raw_outputs/eta_reference_search_advanced_4eta_90ref_cpu35_gpu0/04_exact_reference_search/selected_reference_pool/split_000/eta_0p35/ref_064/theta.npy,/home/bjyong/Complexity/local_project/03_dnn_mnist/06_eta_flip_phase_transition/raw_outputs/eta_reference_search_advanced_4eta_90ref_cpu35_gpu0/01_dataset_gen/split_000/eta_0p35/rep_000/dataset.npz,2026397564,adam,2461,0.0,0.4697265625,0.0055115136382655,2.821894982791952,2.7933463810946995,19.45028212344158,0.8297227975894825,3.946175990041335,7.34390733405095,7.893668727915005,2026062600
2,0,eta_0p35,0.35,65,/home/bjyong/Complexity/local_project/03_dnn_mnist/06_eta_flip_phase_transition/raw_outputs/eta_reference_search_advanced_4eta_90ref_cpu35_gpu0/04_exact_reference_search/selected_reference_pool/split_000/eta_0p35/ref_065/theta.npy,/home/bjyong/Complexity/local_project/03_dnn_mnist/06_eta_flip_phase_transition/raw_outputs/eta_reference_search_advanced_4eta_90ref_cpu35_gpu0/01_dataset_gen/split_000/eta_0p35/rep_000/dataset.npz,2026397565,adam,2461,0.0,0.46435546875,0.0015336646753477,0.7852363137780628,3.7510928258588896,16.64921535249238,1.4617188209358618,5.41006004294932,9.607579211630345,10.22071387852093,2026062600
2,0,eta_0p35,0.35,66,/home/bjyong/Complexity/local_project/03_dnn_mnist/06_eta_flip_phase_transition/raw_outputs/eta_reference_search_advanced_4eta_90ref_cpu35_gpu0/04_exact_reference_search/selected_reference_pool/split_000/eta_0p35/ref_066/theta.npy,/home/bjyong/Complexity/local_project/03_dnn_mnist/06_eta_flip_phase_transition/raw_outputs/eta_reference_search_advanced_4eta_90ref_cpu35_gpu0/01_dataset_gen/split_000/eta_0p35/rep_000/dataset.npz,2026397566,adam,2461,0.0,0.46533203125,0.0023182888729699,1.1869639029605992,3.5409067287148543,17.363032929384776,1.9621073006308476,4.614954861466384,9.314114561725953,9.679510831981888,2026062600
2,0,eta_0p35,0.35,67,/home/bjyong/Complexity/local_project/03_dnn_mnist/06_eta_flip_phase_transition/raw_outputs/eta_reference_search_advanced_4eta_90ref_cpu35_gpu0/04_exact_reference_search/selected_reference_pool/split_000/eta_0p35/ref_067/theta.npy,/home/bjyong/Complexity/local_project/03_dnn_mnist/06_eta_flip_phase_transition/raw_outputs/eta_reference_search_advanced_4eta_90ref_cpu35_gpu0/01_dataset_gen/split_000/eta_0p35/rep_000/dataset.npz,2026397567,adam,2461,0.0,0.46142578125,0.0028235368326346,1.445650858308928,3.122625328618442,17.888979527190745,0.9512237692266564,4.725858620810856,8.5256270315606,9.016648861512708,2026062600
2,0,eta_0p35,0.35,68,/home/bjyong/Complexity/local_project/03_dnn_mnist/06_eta_flip_phase_transition/raw_outputs/eta_reference_search_advanced_4eta_90ref_cpu35_gpu0/04_exact_reference_search/selected_reference_pool/split_000/eta_0p35/ref_068/theta.npy,/home/bjyong/Complexity/local_project/03_dnn_mnist/06_eta_flip_phase_transition/raw_outputs/eta_reference_search_advanced_4eta_90ref_cpu35_gpu0/01_dataset_gen/split_000/eta_0p35/rep_000/dataset.npz,2026397568,adam,2461,0.0,0.46240234375,0.0102734090597043,5.259985438568616,2.772427186317415,18.151578724985303,0.0829498930345111,3.426592351167169,7.068922120639777,7.627178496091941,2026062600
2,0,eta_0p35,0.35,69,/home/bjyong/Complexity/local_project/03_dnn_mnist/06_eta_flip_phase_transition/raw_outputs/eta_reference_search_advanced_4eta_90ref_cpu35_gpu0/04_exact_reference_search/selected_reference_pool/split_000/eta_0p35/ref_069/theta.npy,/home/bjyong/Complexity/local_project/03_dnn_mnist/06_eta_flip_phase_transition/raw_outputs/eta_reference_search_advanced_4eta_90ref_cpu35_gpu0/01_dataset_gen/split_000/eta_0p35/rep_000/dataset.npz,2026397569,adam,2461,0.0,0.46923828125,0.0026511658415108,1.3573969108535633,3.073056758301627,19.810616311015707,1.1876527716733225,4.6864252573589225,7.98845607136698,8.738456089972175,2026062600
2,0,eta_0p35,0.35,70,/home/bjyong/Complexity/local_project/03_dnn_mnist/06_eta_flip_phase_transition/raw_outputs/eta_reference_search_advanced_4eta_90ref_cpu35_gpu0/04_exact_reference_search/selected_reference_pool/split_000/eta_0p35/ref_070/theta.npy,/home/bjyong/Complexity/local_project/03_dnn_mnist/06_eta_flip_phase_transition/raw_outputs/eta_reference_search_advanced_4eta_90ref_cpu35_gpu0/01_dataset_gen/split_000/eta_0p35/rep_000/dataset.npz,2026397570,adam,2461,0.0,0.47021484375,0.0087877175580956,4.499311389744981,3.17903310051898,15.349805129575932,0.0059374829924911,3.832414438397478,7.7911510540906495,8.170393306439383,2026062600
2,0,eta_0p35,0.35,71,/home/bjyong/Complexity/local_project/03_dnn_mnist/06_eta_flip_phase_transition/raw_outputs/eta_reference_search_advanced_4eta_90ref_cpu35_gpu0/04_exact_reference_search/selected_reference_pool/split_000/eta_0p35/ref_071/theta.npy,/home/bjyong/Complexity/local_project/03_dnn_mnist/06_eta_flip_phase_transition/raw_outputs/eta_reference_search_advanced_4eta_90ref_cpu35_gpu0/01_dataset_gen/split_000/eta_0p35/rep_000/dataset.npz,2026397571,adam,2461,0.0,0.42333984375,0.0071228873314931,3.646918313724498,2.791626890570129,16.24491122334704,0.3170097118454669,3.66962882922258,7.840564416259712,8.378979996611333,2026062600
2,0,eta_0p35,0.35,72,/home/bjyong/Complexity/local_project/03_dnn_mnist/06_eta_flip_phase_transition/raw_outputs/eta_reference_search_advanced_4eta_90ref_cpu35_gpu0/04_exact_reference_search/selected_reference_pool/split_000/eta_0p35/ref_072/theta.npy,/home/bjyong/Complexity/local_project/03_dnn_mnist/06_eta_flip_phase_transition/raw_outputs/eta_reference_search_advanced_4eta_90ref_cpu35_gpu0/01_dataset_gen/split_000/eta_0p35/rep_000/dataset.npz,2026397572,adam,2461,0.0,0.458984375,0.0094215196345272,4.823818052877947,2.689599472800541,17.198546900254108,0.0018471032120852,3.5060138936585608,7.0451819393647765,7.561751372224522,2026062600
2,0,eta_0p35,0.35,73,/home/bjyong/Complexity/local_project/03_dnn_mnist/06_eta_flip_phase_transition/raw_outputs/eta_reference_search_advanced_4eta_90ref_cpu35_gpu0/04_exact_reference_search/selected_reference_pool/split_000/eta_0p35/ref_073/theta.npy,/home/bjyong/Complexity/local_project/03_dnn_mnist/06_eta_flip_phase_transition/raw_outputs/eta_reference_search_advanced_4eta_90ref_cpu35_gpu0/01_dataset_gen/split_000/eta_0p35/rep_000/dataset.npz,2026397573,adam,2461,0.0,0.4736328125,0.0028180505529642,1.4428418831176937,3.41731139199666,19.610748393686222,0.7184036778732557,5.23580235530559,8.368783619639986,9.182592639883444,2026062600
2,0,eta_0p35,0.35,74,/home/bjyong/Complexity/local_project/03_dnn_mnist/06_eta_flip_phase_transition/raw_outputs/eta_reference_search_advanced_4eta_90ref_cpu35_gpu0/04_exact_reference_search/selected_reference_pool/split_000/eta_0p35/ref_074/theta.npy,/home/bjyong/Complexity/local_project/03_dnn_mnist/06_eta_flip_phase_transition/raw_outputs/eta_reference_search_advanced_4eta_90ref_cpu35_gpu0/01_dataset_gen/split_000/eta_0p35/rep_000/dataset.npz,2026397574,adam,2461,0.0,0.435546875,0.002584682184151,1.3233572782853569,3.188507346729296,19.26595398200398,0.6490431373608545,5.275020206801947,8.5097834352074,9.329892983531536,2026062600
2,0,eta_0p35,0.35,75,/home/bjyong/Complexity/local_project/03_dnn_mnist/06_eta_flip_phase_transition/raw_outputs/eta_reference_search_advanced_4eta_90ref_cpu35_gpu0/04_exact_reference_search/selected_reference_pool/split_000/eta_0p35/ref_075/theta.npy,/home/bjyong/Complexity/local_project/03_dnn_mnist/06_eta_flip_phase_transition/raw_outputs/eta_reference_search_advanced_4eta_90ref_cpu35_gpu0/01_dataset_gen/split_000/eta_0p35/rep_000/dataset.npz,2026397575,adam,2461,0.0,0.46728515625,0.0068781000044648,3.521587202285999,3.246265337898949,15.74033079693754,0.4473585846526234,3.9946200145127335,8.280948019283379,8.615078019980931,2026062600
2,0,eta_0p35,0.35,76,/home/bjyong/Complexity/local_project/03_dnn_mnist/06_eta_flip_phase_transition/raw_outputs/eta_reference_search_advanced_4eta_90ref_cpu35_gpu0/04_exact_reference_search/selected_reference_pool/split_000/eta_0p35/ref_076/theta.npy,/home/bjyong/Complexity/local_project/03_dnn_mnist/06_eta_flip_phase_transition/raw_outputs/eta_reference_search_advanced_4eta_90ref_cpu35_gpu0/01_dataset_gen/split_000/eta_0p35/rep_000/dataset.npz,2026397576,adam,2461,0.0,0.46142578125,0.0026758640502043,1.3700423937046065,3.5538998961241446,16.951578345685245,0.834941634885504,4.949278648787863,9.076221607917642,9.79108727546415,2026062600
2,0,eta_0p35,0.35,77,/home/bjyong/Complexity/local_project/03_dnn_mnist/06_eta_flip_phase_transition/raw_outputs/eta_reference_search_advanced_4eta_90ref_cpu35_gpu0/04_exact_reference_search/selected_reference_pool/split_000/eta_0p35/ref_077/theta.npy,/home/bjyong/Complexity/local_project/03_dnn_mnist/06_eta_flip_phase_transition/raw_outputs/eta_reference_search_advanced_4eta_90ref_cpu35_gpu0/01_dataset_gen/split_000/eta_0p35/rep_000/dataset.npz,2026397577,adam,2461,0.0,0.45849609375,0.0112926523250283,5.781837990414493,2.689422314617373,17.246035576083333,0.234380472065711,3.2987625400629392,6.864773068625295,7.487467085757089,2026062600
2,0,eta_0p35,0.35,78,/home/bjyong/Complexity/local_project/03_dnn_mnist/06_eta_flip_phase_transition/raw_outputs/eta_reference_search_advanced_4eta_90ref_cpu35_gpu0/04_exact_reference_search/selected_reference_pool/split_000/eta_0p35/ref_078/theta.npy,/home/bjyong/Complexity/local_project/03_dnn_mnist/06_eta_flip_phase_transition/raw_outputs/eta_reference_search_advanced_4eta_90ref_cpu35_gpu0/01_dataset_gen/split_000/eta_0p35/rep_000/dataset.npz,2026397578,adam,2461,0.0,0.4765625,0.0015272110982479,0.781932082302942,3.5952563243869244,18.130985951733077,2.153790102325778,5.1069116448240655,8.612226185826984,9.46618440059336,2026062600
2,0,eta_0p35,0.35,79,/home/bjyong/Complexity/local_project/03_dnn_mnist/06_eta_flip_phase_transition/raw_outputs/eta_reference_search_advanced_4eta_90ref_cpu35_gpu0/04_exact_reference_search/selected_reference_pool/split_000/eta_0p35/ref_079/theta.npy,/home/bjyong/Complexity/local_project/03_dnn_mnist/06_eta_flip_phase_transition/raw_outputs/eta_reference_search_advanced_4eta_90ref_cpu35_gpu0/01_dataset_gen/split_000/eta_0p35/rep_000/dataset.npz,2026397579,adam,2461,0.0,0.45849609375,0.0066178515535372,3.388339995411053,2.751762846748309,16.84714322785925,1.422197846030261,3.606301386490267,6.935030704700136,7.57878930817297,2026062600
2,0,eta_0p35,0.35,80,/home/bjyong/Complexity/local_project/03_dnn_mnist/06_eta_flip_phase_transition/raw_outputs/eta_reference_search_advanced_4eta_90ref_cpu35_gpu0/04_exact_reference_search/selected_reference_pool/split_000/eta_0p35/ref_080/theta.npy,/home/bjyong/Complexity/local_project/03_dnn_mnist/06_eta_flip_phase_transition/raw_outputs/eta_reference_search_advanced_4eta_90ref_cpu35_gpu0/01_dataset_gen/split_000/eta_0p35/rep_000/dataset.npz,2026397580,adam,2461,0.0,0.46044921875,0.0018626346712334,0.9536689516715257,3.558099864696836,17.090235277325753,1.285487148449512,5.032548320259823,9.418227910854814,9.717476197445263,2026062600
2,0,eta_0p35,0.35,81,/home/bjyong/Complexity/local_project/03_dnn_mnist/06_eta_flip_phase_transition/raw_outputs/eta_reference_search_advanced_4eta_90ref_cpu35_gpu0/04_exact_reference_search/selected_reference_pool/split_000/eta_0p35/ref_081/theta.npy,/home/bjyong/Complexity/local_project/03_dnn_mnist/06_eta_flip_phase_transition/raw_outputs/eta_reference_search_advanced_4eta_90ref_cpu35_gpu0/01_dataset_gen/split_000/eta_0p35/rep_000/dataset.npz,2026397581,adam,2461,0.0,0.46630859375,0.0017353125286446,0.8884800146660704,3.363651661938367,17.519335974006623,2.048813446574082,5.151861291581599,9.000692181703812,9.291915724752991,2026062600
2,0,eta_0p35,0.35,82,/home/bjyong/Complexity/local_project/03_dnn_mnist/06_eta_flip_phase_transition/raw_outputs/eta_reference_search_advanced_4eta_90ref_cpu35_gpu0/04_exact_reference_search/selected_reference_pool/split_000/eta_0p35/ref_082/theta.npy,/home/bjyong/Complexity/local_project/03_dnn_mnist/06_eta_flip_phase_transition/raw_outputs/eta_reference_search_advanced_4eta_90ref_cpu35_gpu0/01_dataset_gen/split_000/eta_0p35/rep_000/dataset.npz,2026397582,adam,2461,0.0,0.4453125,0.0017599725429904,0.9011059420111018,3.261592493264388,19.332847281063277,1.695048311192499,5.285251648937021,9.162013401570432,9.566205422261277,2026062600
2,0,eta_0p35,0.35,83,/home/bjyong/Complexity/local_project/03_dnn_mnist/06_eta_flip_phase_transition/raw_outputs/eta_reference_search_advanced_4eta_90ref_cpu35_gpu0/04_exact_reference_search/selected_reference_pool/split_000/eta_0p35/ref_083/theta.npy,/home/bjyong/Complexity/local_project/03_dnn_mnist/06_eta_flip_phase_transition/raw_outputs/eta_reference_search_advanced_4eta_90ref_cpu35_gpu0/01_dataset_gen/split_000/eta_0p35/rep_000/dataset.npz,2026397583,adam,2461,0.0,0.47314453125,0.0048559091332088,2.486225476202941,3.097500151514033,18.522310387263083,0.1000986427515432,4.087482728576019,7.583716367071553,8.270954383927581,2026062600
2,0,eta_0p35,0.35,84,/home/bjyong/Complexity/local_project/03_dnn_mnist/06_eta_flip_phase_transition/raw_outputs/eta_reference_search_advanced_4eta_90ref_cpu35_gpu0/04_exact_reference_search/selected_reference_pool/split_000/eta_0p35/ref_084/theta.npy,/home/bjyong/Complexity/local_project/03_dnn_mnist/06_eta_flip_phase_transition/raw_outputs/eta_reference_search_advanced_4eta_90ref_cpu35_gpu0/01_dataset_gen/split_000/eta_0p35/rep_000/dataset.npz,2026397584,adam,2461,0.0,0.4677734375,0.0035936707157692,1.839959406473864,2.8365415879064173,20.56211012560164,0.7891071595043058,4.562872479709025,7.576999404273621,8.31792694910513,2026062600
2,0,eta_0p35,0.35,85,/home/bjyong/Complexity/local_project/03_dnn_mnist/06_eta_flip_phase_transition/raw_outputs/eta_reference_search_advanced_4eta_90ref_cpu35_gpu0/04_exact_reference_search/selected_reference_pool/split_000/eta_0p35/ref_085/theta.npy,/home/bjyong/Complexity/local_project/03_dnn_mnist/06_eta_flip_phase_transition/raw_outputs/eta_reference_search_advanced_4eta_90ref_cpu35_gpu0/01_dataset_gen/split_000/eta_0p35/rep_000/dataset.npz,2026397585,adam,2461,0.0,0.47119140625,0.001702951602494,0.8719112204769727,3.591208139756445,17.196010871527488,2.183364638459717,5.0008545888293305,9.364274764185206,9.801937391550377,2026062600
2,0,eta_0p35,0.35,86,/home/bjyong/Complexity/local_project/03_dnn_mnist/06_eta_flip_phase_transition/raw_outputs/eta_reference_search_advanced_4eta_90ref_cpu35_gpu0/04_exact_reference_search/selected_reference_pool/split_000/eta_0p35/ref_086/theta.npy,/home/bjyong/Complexity/local_project/03_dnn_mnist/06_eta_flip_phase_transition/raw_outputs/eta_reference_search_advanced_4eta_90ref_cpu35_gpu0/01_dataset_gen/split_000/eta_0p35/rep_000/dataset.npz,2026397586,adam,2461,0.0,0.47705078125,0.0020508684632199,1.05004465316861,3.634701786697805,17.750792011984206,1.2426713674382617,5.040396849318602,9.24161972259446,9.746882054331484,2026062600
2,0,eta_0p35,0.35,87,/home/bjyong/Complexity/local_project/03_dnn_mnist/06_eta_flip_phase_transition/raw_outputs/eta_reference_search_advanced_4eta_90ref_cpu35_gpu0/04_exact_reference_search/selected_reference_pool/split_000/eta_0p35/ref_087/theta.npy,/home/bjyong/Complexity/local_project/03_dnn_mnist/06_eta_flip_phase_transition/raw_outputs/eta_reference_search_advanced_4eta_90ref_cpu35_gpu0/01_dataset_gen/split_000/eta_0p35/rep_000/dataset.npz,2026397587,adam,2461,0.0,0.482421875,0.0087946890777168,4.502880807791048,2.662591455905083,17.485341734195543,0.0370208705985921,3.5677127486203783,7.200553125310098,7.680977956386916,2026062600
2,0,eta_0p35,0.35,88,/home/bjyong/Complexity/local_project/03_dnn_mnist/06_eta_flip_phase_transition/raw_outputs/eta_reference_search_advanced_4eta_90ref_cpu35_gpu0/04_exact_reference_search/selected_reference_pool/split_000/eta_0p35/ref_088/theta.npy,/home/bjyong/Complexity/local_project/03_dnn_mnist/06_eta_flip_phase_transition/raw_outputs/eta_reference_search_advanced_4eta_90ref_cpu35_gpu0/01_dataset_gen/split_000/eta_0p35/rep_000/dataset.npz,2026397588,adam,2461,0.0,0.4609375,0.0081854972289475,4.190974581221155,2.7346441485426425,17.45012001699721,0.36079642746309,3.6057100143596754,6.864911806371364,7.5021367418288545,2026062600
2,0,eta_0p35,0.35,89,/home/bjyong/Complexity/local_project/03_dnn_mnist/06_eta_flip_phase_transition/raw_outputs/eta_reference_search_advanced_4eta_90ref_cpu35_gpu0/04_exact_reference_search/selected_reference_pool/split_000/eta_0p35/ref_089/theta.npy,/home/bjyong/Complexity/local_project/03_dnn_mnist/06_eta_flip_phase_transition/raw_outputs/eta_reference_search_advanced_4eta_90ref_cpu35_gpu0/01_dataset_gen/split_000/eta_0p35/rep_000/dataset.npz,2026397589,adam,2461,0.0,0.46044921875,0.0051702518143885,2.647168928966944,3.0987347793636,18.59789010728858,0.0138254529940665,4.391316809762628,7.767109815680586,8.433693768076322,2026062600
3,0,eta_0p40,0.4,0,/home/bjyong/Complexity/local_project/03_dnn_mnist/06_eta_flip_phase_transition/raw_outputs/eta_reference_search_advanced_4eta_90ref_cpu35_gpu0/04_exact_reference_search/selected_reference_pool/split_000/eta_0p40/ref_000/theta.npy,/home/bjyong/Complexity/local_project/03_dnn_mnist/06_eta_flip_phase_transition/raw_outputs/eta_reference_search_advanced_4eta_90ref_cpu35_gpu0/01_dataset_gen/split_000/eta_0p40/rep_000/dataset.npz,2026502500,adam,2461,0.0,0.47998046875,0.0029064372747581,1.4880958846761807,3.957589124910704,17.48875367459893,0.4986414354908917,5.277858833205656,9.505677613933685,10.037811776319227,2026062600
3,0,eta_0p40,0.4,1,/home/bjyong/Complexity/local_project/03_dnn_mnist/06_eta_flip_phase_transition/raw_outputs/eta_reference_search_advanced_4eta_90ref_cpu35_gpu0/04_exact_reference_search/selected_reference_pool/split_000/eta_0p40/ref_001/theta.npy,/home/bjyong/Complexity/local_project/03_dnn_mnist/06_eta_flip_phase_transition/raw_outputs/eta_reference_search_advanced_4eta_90ref_cpu35_gpu0/01_dataset_gen/split_000/eta_0p40/rep_000/dataset.npz,2026502501,adam,2461,0.0,0.4970703125,0.0041778663936793,2.139067593563833,3.232879609836715,18.549311234602957,0.5539871861639099,4.404428844562285,8.2408334596431,8.408933325475079,2026062600
3,0,eta_0p40,0.4,2,/home/bjyong/Complexity/local_project/03_dnn_mnist/06_eta_flip_phase_transition/raw_outputs/eta_reference_search_advanced_4eta_90ref_cpu35_gpu0/04_exact_reference_search/selected_reference_pool/split_000/eta_0p40/ref_002/theta.npy,/home/bjyong/Complexity/local_project/03_dnn_mnist/06_eta_flip_phase_transition/raw_outputs/eta_reference_search_advanced_4eta_90ref_cpu35_gpu0/01_dataset_gen/split_000/eta_0p40/rep_000/dataset.npz,2026502502,adam,2461,0.0,0.490234375,0.0016667050885847,0.8533530053553853,3.5228232980352745,17.796594428109994,2.3117009002973896,4.919341276748875,8.558465562799231,9.25218981963192,2026062600
3,0,eta_0p40,0.4,3,/home/bjyong/Complexity/local_project/03_dnn_mnist/06_eta_flip_phase_transition/raw_outputs/eta_reference_search_advanced_4eta_90ref_cpu35_gpu0/04_exact_reference_search/selected_reference_pool/split_000/eta_0p40/ref_003/theta.npy,/home/bjyong/Complexity/local_project/03_dnn_mnist/06_eta_flip_phase_transition/raw_outputs/eta_reference_search_advanced_4eta_90ref_cpu35_gpu0/01_dataset_gen/split_000/eta_0p40/rep_000/dataset.npz,2026502503,adam,2461,0.0,0.4912109375,0.0038657245872795,1.9792509886871057,3.2464397479735774,19.013998501188127,0.5343728728819707,4.573699880476647,7.981365304823709,8.637953032485019,2026062600
3,0,eta_0p40,0.4,4,/home/bjyong/Complexity/local_project/03_dnn_mnist/06_eta_flip_phase_transition/raw_outputs/eta_reference_search_advanced_4eta_90ref_cpu35_gpu0/04_exact_reference_search/selected_reference_pool/split_000/eta_0p40/ref_004/theta.npy,/home/bjyong/Complexity/local_project/03_dnn_mnist/06_eta_flip_phase_transition/raw_outputs/eta_reference_search_advanced_4eta_90ref_cpu35_gpu0/01_dataset_gen/split_000/eta_0p40/rep_000/dataset.npz,2026502504,adam,2461,0.0,0.4765625,0.0015895913315713,0.8138707617645078,3.215292371675321,19.547818051601705,1.9199261818911093,5.244159323043059,8.451262935564682,9.120242396179451,2026062600
3,0,eta_0p40,0.4,5,/home/bjyong/Complexity/local_project/03_dnn_mnist/06_eta_flip_phase_transition/raw_outputs/eta_reference_search_advanced_4eta_90ref_cpu35_gpu0/04_exact_reference_search/selected_reference_pool/split_000/eta_0p40/ref_005/theta.npy,/home/bjyong/Complexity/local_project/03_dnn_mnist/06_eta_flip_phase_transition/raw_outputs/eta_reference_search_advanced_4eta_90ref_cpu35_gpu0/01_dataset_gen/split_000/eta_0p40/rep_000/dataset.npz,2026502505,adam,2461,0.0,0.482421875,0.0012580622227592,0.6441278580527252,3.752970778966149,16.51024448821234,2.378128946737954,5.175945712327963,9.80683032658259,9.854096125323398,2026062600
3,0,eta_0p40,0.4,6,/home/bjyong/Complexity/local_project/03_dnn_mnist/06_eta_flip_phase_transition/raw_outputs/eta_reference_search_advanced_4eta_90ref_cpu35_gpu0/04_exact_reference_search/selected_reference_pool/split_000/eta_0p40/ref_006/theta.npy,/home/bjyong/Complexity/local_project/03_dnn_mnist/06_eta_flip_phase_transition/raw_outputs/eta_reference_search_advanced_4eta_90ref_cpu35_gpu0/01_dataset_gen/split_000/eta_0p40/rep_000/dataset.npz,2026502506,adam,2461,0.0,0.48779296875,0.0015622778438645,0.7998862560586733,4.04350066680778,18.89020499788393,1.7741608687707495,5.423988985128732,9.489108405067856,10.125251786479003,2026062600
3,0,eta_0p40,0.4,7,/home/bjyong/Complexity/local_project/03_dnn_mnist/06_eta_flip_phase_transition/raw_outputs/eta_reference_search_advanced_4eta_90ref_cpu35_gpu0/04_exact_reference_search/selected_reference_pool/split_000/eta_0p40/ref_007/theta.npy,/home/bjyong/Complexity/local_project/03_dnn_mnist/06_eta_flip_phase_transition/raw_outputs/eta_reference_search_advanced_4eta_90ref_cpu35_gpu0/01_dataset_gen/split_000/eta_0p40/rep_000/dataset.npz,2026502507,adam,2461,0.0,0.48291015625,0.0040074545224136,2.05181671547577,3.294495164668177,18.983952286355542,1.0451602669387188,4.102309044007477,8.117646648175786,8.54275838524699,2026062600
3,0,eta_0p40,0.4,8,/home/bjyong/Complexity/local_project/03_dnn_mnist/06_eta_flip_phase_transition/raw_outputs/eta_reference_search_advanced_4eta_90ref_cpu35_gpu0/04_exact_reference_search/selected_reference_pool/split_000/eta_0p40/ref_008/theta.npy,/home/bjyong/Complexity/local_project/03_dnn_mnist/06_eta_flip_phase_transition/raw_outputs/eta_reference_search_advanced_4eta_90ref_cpu35_gpu0/01_dataset_gen/split_000/eta_0p40/rep_000/dataset.npz,2026502508,adam,2461,0.0,0.48291015625,0.0026804285113615,1.3723793978171146,3.3352848860375843,18.732190620066625,1.1682662799036616,4.951322733813038,8.210133736549295,8.766426402188177,2026062600
3,0,eta_0p40,0.4,9,/home/bjyong/Complexity/local_project/03_dnn_mnist/06_eta_flip_phase_transition/raw_outputs/eta_reference_search_advanced_4eta_90ref_cpu35_gpu0/04_exact_reference_search/selected_reference_pool/split_000/eta_0p40/ref_009/theta.npy,/home/bjyong/Complexity/local_project/03_dnn_mnist/06_eta_flip_phase_transition/raw_outputs/eta_reference_search_advanced_4eta_90ref_cpu35_gpu0/01_dataset_gen/split_000/eta_0p40/rep_000/dataset.npz,2026502509,adam,2461,0.0,0.48388671875,0.0053951975083689,2.762341124284894,2.701617084271277,20.304966594982528,0.0202870646694706,4.463794639144141,7.091957283407696,7.637420904783468,2026062600
3,0,eta_0p40,0.4,10,/home/bjyong/Complexity/local_project/03_dnn_mnist/06_eta_flip_phase_transition/raw_outputs/eta_reference_search_advanced_4eta_90ref_cpu35_gpu0/04_exact_reference_search/selected_reference_pool/split_000/eta_0p40/ref_010/theta.npy,/home/bjyong/Complexity/local_project/03_dnn_mnist/06_eta_flip_phase_transition/raw_outputs/eta_reference_search_advanced_4eta_90ref_cpu35_gpu0/01_dataset_gen/split_000/eta_0p40/rep_000/dataset.npz,2026502510,adam,2461,0.0,0.4755859375,0.0021034796927716,1.0769816026990942,3.747999912039525,16.584560117460732,2.055048653617749,4.746992259457904,9.138560901307908,9.531913147743618,2026062600
3,0,eta_0p40,0.4,11,/home/bjyong/Complexity/local_project/03_dnn_mnist/06_eta_flip_phase_transition/raw_outputs/eta_reference_search_advanced_4eta_90ref_cpu35_gpu0/04_exact_reference_search/selected_reference_pool/split_000/eta_0p40/ref_011/theta.npy,/home/bjyong/Complexity/local_project/03_dnn_mnist/06_eta_flip_phase_transition/raw_outputs/eta_reference_search_advanced_4eta_90ref_cpu35_gpu0/01_dataset_gen/split_000/eta_0p40/rep_000/dataset.npz,2026502511,adam,2461,0.0,0.48828125,0.0013700800342343,0.701480977527988,3.947291512695829,18.255097088067146,1.8529429814939864,5.398729163979608,9.493983761347124,9.918402334037712,2026062600
3,0,eta_0p40,0.4,12,/home/bjyong/Complexity/local_project/03_dnn_mnist/06_eta_flip_phase_transition/raw_outputs/eta_reference_search_advanced_4eta_90ref_cpu35_gpu0/04_exact_reference_search/selected_reference_pool/split_000/eta_0p40/ref_012/theta.npy,/home/bjyong/Complexity/local_project/03_dnn_mnist/06_eta_flip_phase_transition/raw_outputs/eta_reference_search_advanced_4eta_90ref_cpu35_gpu0/01_dataset_gen/split_000/eta_0p40/rep_000/dataset.npz,2026502512,adam,2461,0.0,0.4755859375,0.0034498599087701,1.7663282732903376,3.133055459049497,18.09200202306274,0.6659700675142081,4.522514879303401,7.958663874685149,8.475220534982125,2026062600
3,0,eta_0p40,0.4,13,/home/bjyong/Complexity/local_project/03_dnn_mnist/06_eta_flip_phase_transition/raw_outputs/eta_reference_search_advanced_4eta_90ref_cpu35_gpu0/04_exact_reference_search/selected_reference_pool/split_000/eta_0p40/ref_013/theta.npy,/home/bjyong/Complexity/local_project/03_dnn_mnist/06_eta_flip_phase_transition/raw_outputs/eta_reference_search_advanced_4eta_90ref_cpu35_gpu0/01_dataset_gen/split_000/eta_0p40/rep_000/dataset.npz,2026502513,adam,2461,0.0,0.4951171875,0.0031729887781251,1.624570254400053,3.355950444908308,18.618984864842968,1.250468831525758,4.456056990257478,8.413361467803831,8.857346422413842,2026062600
3,0,eta_0p40,0.4,14,/home/bjyong/Complexity/local_project/03_dnn_mnist/06_eta_flip_phase_transition/raw_outputs/eta_reference_search_advanced_4eta_90ref_cpu35_gpu0/04_exact_reference_search/selected_reference_pool/split_000/eta_0p40/ref_014/theta.npy,/home/bjyong/Complexity/local_project/03_dnn_mnist/06_eta_flip_phase_transition/raw_outputs/eta_reference_search_advanced_4eta_90ref_cpu35_gpu0/01_dataset_gen/split_000/eta_0p40/rep_000/dataset.npz,2026502514,adam,2461,0.0,0.46923828125,0.0029654491671724,1.518309973592307,3.319169191429419,20.437729675651184,0.3916030238697456,5.02633096330254,8.389900020406547,8.940989017837039,2026062600
3,0,eta_0p40,0.4,15,/home/bjyong/Complexity/local_project/03_dnn_mnist/06_eta_flip_phase_transition/raw_outputs/eta_reference_search_advanced_4eta_90ref_cpu35_gpu0/04_exact_reference_search/selected_reference_pool/split_000/eta_0p40/ref_015/theta.npy,/home/bjyong/Complexity/local_project/03_dnn_mnist/06_eta_flip_phase_transition/raw_outputs/eta_reference_search_advanced_4eta_90ref_cpu35_gpu0/01_dataset_gen/split_000/eta_0p40/rep_000/dataset.npz,2026502515,adam,2461,0.0,0.48388671875,0.0026990335723029,1.381905189019087,3.539417799497092,17.46650880168931,0.6392312350546772,4.993975959649513,8.352921230559623,9.454072915759934,2026062600
3,0,eta_0p40,0.4,16,/home/bjyong/Complexity/local_project/03_dnn_mnist/06_eta_flip_phase_transition/raw_outputs/eta_reference_search_advanced_4eta_90ref_cpu35_gpu0/04_exact_reference_search/selected_reference_pool/split_000/eta_0p40/ref_016/theta.npy,/home/bjyong/Complexity/local_project/03_dnn_mnist/06_eta_flip_phase_transition/raw_outputs/eta_reference_search_advanced_4eta_90ref_cpu35_gpu0/01_dataset_gen/split_000/eta_0p40/rep_000/dataset.npz,2026502516,adam,2461,0.0,0.48291015625,0.0031296806080956,1.6023964713449474,3.426458923827119,17.48229879168788,1.1465634836576617,4.568947098981993,8.515165452115896,8.946024562648226,2026062600
3,0,eta_0p40,0.4,17,/home/bjyong/Complexity/local_project/03_dnn_mnist/06_eta_flip_phase_transition/raw_outputs/eta_reference_search_advanced_4eta_90ref_cpu35_gpu0/04_exact_reference_search/selected_reference_pool/split_000/eta_0p40/ref_017/theta.npy,/home/bjyong/Complexity/local_project/03_dnn_mnist/06_eta_flip_phase_transition/raw_outputs/eta_reference_search_advanced_4eta_90ref_cpu35_gpu0/01_dataset_gen/split_000/eta_0p40/rep_000/dataset.npz,2026502517,adam,2461,0.0,0.4794921875,0.0025622759529406,1.3118852879056244,3.464306951856341,17.335362611798683,1.5299305625085298,4.925047126672174,8.479288288687115,9.023842493582425,2026062600
3,0,eta_0p40,0.4,18,/home/bjyong/Complexity/local_project/03_dnn_mnist/06_eta_flip_phase_transition/raw_outputs/eta_reference_search_advanced_4eta_90ref_cpu35_gpu0/04_exact_reference_search/selected_reference_pool/split_000/eta_0p40/ref_018/theta.npy,/home/bjyong/Complexity/local_project/03_dnn_mnist/06_eta_flip_phase_transition/raw_outputs/eta_reference_search_advanced_4eta_90ref_cpu35_gpu0/01_dataset_gen/split_000/eta_0p40/rep_000/dataset.npz,2026502518,adam,2461,0.0,0.48193359375,0.0108907491188315,5.576063548841775,3.07209260215834,17.957601449789273,0.1212747892443836,3.281561411332129,7.38439175890089,7.601864415801904,2026062600
3,0,eta_0p40,0.4,19,/home/bjyong/Complexity/local_project/03_dnn_mnist/06_eta_flip_phase_transition/raw_outputs/eta_reference_search_advanced_4eta_90ref_cpu35_gpu0/04_exact_reference_search/selected_reference_pool/split_000/eta_0p40/ref_019/theta.npy,/home/bjyong/Complexity/local_project/03_dnn_mnist/06_eta_flip_phase_transition/raw_outputs/eta_reference_search_advanced_4eta_90ref_cpu35_gpu0/01_dataset_gen/split_000/eta_0p40/rep_000/dataset.npz,2026502519,adam,2461,0.0,0.49169921875,0.0016225769211143,0.8307593836105716,3.5570045923087887,19.71267606359021,1.521124840585964,5.171354560414053,8.758586217809558,9.065112339014217,2026062600
3,0,eta_0p40,0.4,20,/home/bjyong/Complexity/local_project/03_dnn_mnist/06_eta_flip_phase_transition/raw_outputs/eta_reference_search_advanced_4eta_90ref_cpu35_gpu0/04_exact_reference_search/selected_reference_pool/split_000/eta_0p40/ref_020/theta.npy,/home/bjyong/Complexity/local_project/03_dnn_mnist/06_eta_flip_phase_transition/raw_outputs/eta_reference_search_advanced_4eta_90ref_cpu35_gpu0/01_dataset_gen/split_000/eta_0p40/rep_000/dataset.npz,2026502520,adam,2461,0.0,0.48291015625,0.0018620187366945,0.9533535931876208,4.1942889613456416,16.321521546560447,1.6592383677896696,5.1201419898432485,9.78025785420892,10.191532624159114,2026062600
3,0,eta_0p40,0.4,21,/home/bjyong/Complexity/local_project/03_dnn_mnist/06_eta_flip_phase_transition/raw_outputs/eta_reference_search_advanced_4eta_90ref_cpu35_gpu0/04_exact_reference_search/selected_reference_pool/split_000/eta_0p40/ref_021/theta.npy,/home/bjyong/Complexity/local_project/03_dnn_mnist/06_eta_flip_phase_transition/raw_outputs/eta_reference_search_advanced_4eta_90ref_cpu35_gpu0/01_dataset_gen/split_000/eta_0p40/rep_000/dataset.npz,2026502521,adam,2461,0.0,0.48974609375,0.0015674717965165,0.8025455598164781,3.5079229837745483,18.56775605936746,2.2079954747716477,5.367827454450246,8.959147888906411,9.366635798609686,2026062600
3,0,eta_0p40,0.4,22,/home/bjyong/Complexity/local_project/03_dnn_mnist/06_eta_flip_phase_transition/raw_outputs/eta_reference_search_advanced_4eta_90ref_cpu35_gpu0/04_exact_reference_search/selected_reference_pool/split_000/eta_0p40/ref_022/theta.npy,/home/bjyong/Complexity/local_project/03_dnn_mnist/06_eta_flip_phase_transition/raw_outputs/eta_reference_search_advanced_4eta_90ref_cpu35_gpu0/01_dataset_gen/split_000/eta_0p40/rep_000/dataset.npz,2026502522,adam,2461,0.0,0.48828125,0.001968390120484,1.0078157416878226,3.784589741503237,18.03353647624477,1.4484868158506945,4.978749495815656,8.83427192949412,9.50723898496324,2026062600
3,0,eta_0p40,0.4,23,/home/bjyong/Complexity/local_project/03_dnn_mnist/06_eta_flip_phase_transition/raw_outputs/eta_reference_search_advanced_4eta_90ref_cpu35_gpu0/04_exact_reference_search/selected_reference_pool/split_000/eta_0p40/ref_023/theta.npy,/home/bjyong/Complexity/local_project/03_dnn_mnist/06_eta_flip_phase_transition/raw_outputs/eta_reference_search_advanced_4eta_90ref_cpu35_gpu0/01_dataset_gen/split_000/eta_0p40/rep_000/dataset.npz,2026502523,adam,2461,0.0,0.4833984375,0.0036428337297764,1.865130869645568,3.1042342580853832,20.058849121041444,0.7374130403144483,4.499753448195706,8.132175094177374,8.35343412707321,2026062600
3,0,eta_0p40,0.4,24,/home/bjyong/Complexity/local_project/03_dnn_mnist/06_eta_flip_phase_transition/raw_outputs/eta_reference_search_advanced_4eta_90ref_cpu35_gpu0/04_exact_reference_search/selected_reference_pool/split_000/eta_0p40/ref_024/theta.npy,/home/bjyong/Complexity/local_project/03_dnn_mnist/06_eta_flip_phase_transition/raw_outputs/eta_reference_search_advanced_4eta_90ref_cpu35_gpu0/01_dataset_gen/split_000/eta_0p40/rep_000/dataset.npz,2026502524,adam,2461,0.0,0.47900390625,0.0035799983705693,1.8329591657314932,3.195250169262221,20.135255770055828,0.8947253888558755,4.215063188990215,7.698960921944905,8.436644358325806,2026062600
3,0,eta_0p40,0.4,25,/home/bjyong/Complexity/local_project/03_dnn_mnist/06_eta_flip_phase_transition/raw_outputs/eta_reference_search_advanced_4eta_90ref_cpu35_gpu0/04_exact_reference_search/selected_reference_pool/split_000/eta_0p40/ref_025/theta.npy,/home/bjyong/Complexity/local_project/03_dnn_mnist/06_eta_flip_phase_transition/raw_outputs/eta_reference_search_advanced_4eta_90ref_cpu35_gpu0/01_dataset_gen/split_000/eta_0p40/rep_000/dataset.npz,2026502525,adam,2461,0.0,0.49169921875,0.0023891741393715,1.2232571593582486,3.6997967564642265,16.029754606576176,1.5784298195864552,4.838479177431582,8.994038414870673,9.29188941008628,2026062600
3,0,eta_0p40,0.4,26,/home/bjyong/Complexity/local_project/03_dnn_mnist/06_eta_flip_phase_transition/raw_outputs/eta_reference_search_advanced_4eta_90ref_cpu35_gpu0/04_exact_reference_search/selected_reference_pool/split_000/eta_0p40/ref_026/theta.npy,/home/bjyong/Complexity/local_project/03_dnn_mnist/06_eta_flip_phase_transition/raw_outputs/eta_reference_search_advanced_4eta_90ref_cpu35_gpu0/01_dataset_gen/split_000/eta_0p40/rep_000/dataset.npz,2026502526,adam,2461,0.0,0.48046875,0.0014598433400903,0.7474397901262637,3.72222225399837,18.34531330170237,2.30470654770462,5.365231109806952,9.403993854811295,9.62666689139168,2026062600
3,0,eta_0p40,0.4,27,/home/bjyong/Complexity/local_project/03_dnn_mnist/06_eta_flip_phase_transition/raw_outputs/eta_reference_search_advanced_4eta_90ref_cpu35_gpu0/04_exact_reference_search/selected_reference_pool/split_000/eta_0p40/ref_027/theta.npy,/home/bjyong/Complexity/local_project/03_dnn_mnist/06_eta_flip_phase_transition/raw_outputs/eta_reference_search_advanced_4eta_90ref_cpu35_gpu0/01_dataset_gen/split_000/eta_0p40/rep_000/dataset.npz,2026502527,adam,2461,0.0,0.4873046875,0.0021817212295568,1.1170412695331031,3.649965988026617,19.49114649813435,0.9047035873133948,5.1953048329955065,9.04985721549134,9.38954563093654,2026062600
3,0,eta_0p40,0.4,28,/home/bjyong/Complexity/local_project/03_dnn_mnist/06_eta_flip_phase_transition/raw_outputs/eta_reference_search_advanced_4eta_90ref_cpu35_gpu0/04_exact_reference_search/selected_reference_pool/split_000/eta_0p40/ref_028/theta.npy,/home/bjyong/Complexity/local_project/03_dnn_mnist/06_eta_flip_phase_transition/raw_outputs/eta_reference_search_advanced_4eta_90ref_cpu35_gpu0/01_dataset_gen/split_000/eta_0p40/rep_000/dataset.npz,2026502528,adam,2461,0.0,0.46875,0.0043367597122532,2.220420972673674,3.2120571433504006,19.225947961032183,0.8128323743935002,4.131632564824883,7.86794021548264,8.372499306391017,2026062600
3,0,eta_0p40,0.4,29,/home/bjyong/Complexity/local_project/03_dnn_mnist/06_eta_flip_phase_transition/raw_outputs/eta_reference_search_advanced_4eta_90ref_cpu35_gpu0/04_exact_reference_search/selected_reference_pool/split_000/eta_0p40/ref_029/theta.npy,/home/bjyong/Complexity/local_project/03_dnn_mnist/06_eta_flip_phase_transition/raw_outputs/eta_reference_search_advanced_4eta_90ref_cpu35_gpu0/01_dataset_gen/split_000/eta_0p40/rep_000/dataset.npz,2026502529,adam,2461,0.0,0.4765625,0.0038258386583173,1.9588293930584637,2.8429451839247064,19.760982970649984,0.8918728924835695,4.354947367997972,7.4616894247811505,7.857351754880816,2026062600
3,0,eta_0p40,0.4,30,/home/bjyong/Complexity/local_project/03_dnn_mnist/06_eta_flip_phase_transition/raw_outputs/eta_reference_search_advanced_4eta_90ref_cpu35_gpu0/04_exact_reference_search/selected_reference_pool/split_000/eta_0p40/ref_030/theta.npy,/home/bjyong/Complexity/local_project/03_dnn_mnist/06_eta_flip_phase_transition/raw_outputs/eta_reference_search_advanced_4eta_90ref_cpu35_gpu0/01_dataset_gen/split_000/eta_0p40/rep_000/dataset.npz,2026502530,adam,2461,0.0,0.48681640625,0.0024196090164742,1.2388398164348149,3.704272089770925,16.688580978552956,1.5414495966667645,4.726792949200371,9.140531786381352,9.366241328057669,2026062600
3,0,eta_0p40,0.4,31,/home/bjyong/Complexity/local_project/03_dnn_mnist/06_eta_flip_phase_transition/raw_outputs/eta_reference_search_advanced_4eta_90ref_cpu35_gpu0/04_exact_reference_search/selected_reference_pool/split_000/eta_0p40/ref_031/theta.npy,/home/bjyong/Complexity/local_project/03_dnn_mnist/06_eta_flip_phase_transition/raw_outputs/eta_reference_search_advanced_4eta_90ref_cpu35_gpu0/01_dataset_gen/split_000/eta_0p40/rep_000/dataset.npz,2026502531,adam,2461,0.0,0.4853515625,0.0033808700723691,1.7310054770530237,3.3653474538816206,18.737199502220847,0.3232583694685136,4.934318325066538,8.410918443575987,8.966139197801606,2026062600
3,0,eta_0p40,0.4,32,/home/bjyong/Complexity/local_project/03_dnn_mnist/06_eta_flip_phase_transition/raw_outputs/eta_reference_search_advanced_4eta_90ref_cpu35_gpu0/04_exact_reference_search/selected_reference_pool/split_000/eta_0p40/ref_032/theta.npy,/home/bjyong/Complexity/local_project/03_dnn_mnist/06_eta_flip_phase_transition/raw_outputs/eta_reference_search_advanced_4eta_90ref_cpu35_gpu0/01_dataset_gen/split_000/eta_0p40/rep_000/dataset.npz,2026502532,adam,2461,0.0,0.4892578125,0.0030517445411994,1.562493205094125,3.2144856765472305,19.805062220894577,1.636628152935839,4.422338887445392,8.06476975919784,8.522241745007744,2026062600
3,0,eta_0p40,0.4,33,/home/bjyong/Complexity/local_project/03_dnn_mnist/06_eta_flip_phase_transition/raw_outputs/eta_reference_search_advanced_4eta_90ref_cpu35_gpu0/04_exact_reference_search/selected_reference_pool/split_000/eta_0p40/ref_033/theta.npy,/home/bjyong/Complexity/local_project/03_dnn_mnist/06_eta_flip_phase_transition/raw_outputs/eta_reference_search_advanced_4eta_90ref_cpu35_gpu0/01_dataset_gen/split_000/eta_0p40/rep_000/dataset.npz,2026502533,adam,2461,0.0,0.4892578125,0.0024944291367553,1.2771477180187176,3.0495153555781656,19.97846078955554,1.5775113140556938,4.834526501797827,7.771444456747695,8.187601947654809,2026062600
3,0,eta_0p40,0.4,34,/home/bjyong/Complexity/local_project/03_dnn_mnist/06_eta_flip_phase_transition/raw_outputs/eta_reference_search_advanced_4eta_90ref_cpu35_gpu0/04_exact_reference_search/selected_reference_pool/split_000/eta_0p40/ref_034/theta.npy,/home/bjyong/Complexity/local_project/03_dnn_mnist/06_eta_flip_phase_transition/raw_outputs/eta_reference_search_advanced_4eta_90ref_cpu35_gpu0/01_dataset_gen/split_000/eta_0p40/rep_000/dataset.npz,2026502534,adam,2461,0.0,0.50048828125,0.0017752244439214,0.9089149152877896,3.326097486487204,18.690474295410787,2.5415500989303705,4.941192856026298,8.542639187385284,9.069136203521062,2026062600
3,0,eta_0p40,0.4,35,/home/bjyong/Complexity/local_project/03_dnn_mnist/06_eta_flip_phase_transition/raw_outputs/eta_reference_search_advanced_4eta_90ref_cpu35_gpu0/04_exact_reference_search/selected_reference_pool/split_000/eta_0p40/ref_035/theta.npy,/home/bjyong/Complexity/local_project/03_dnn_mnist/06_eta_flip_phase_transition/raw_outputs/eta_reference_search_advanced_4eta_90ref_cpu35_gpu0/01_dataset_gen/split_000/eta_0p40/rep_000/dataset.npz,2026502535,adam,2461,0.0,0.494140625,0.0023652172131629,1.2109912131394218,3.831043085230808,17.085391634388667,0.8647522968949128,5.087624687652087,9.09606824081506,9.63684715641337,2026062600
3,0,eta_0p40,0.4,36,/home/bjyong/Complexity/local_project/03_dnn_mnist/06_eta_flip_phase_transition/raw_outputs/eta_reference_search_advanced_4eta_90ref_cpu35_gpu0/04_exact_reference_search/selected_reference_pool/split_000/eta_0p40/ref_036/theta.npy,/home/bjyong/Complexity/local_project/03_dnn_mnist/06_eta_flip_phase_transition/raw_outputs/eta_reference_search_advanced_4eta_90ref_cpu35_gpu0/01_dataset_gen/split_000/eta_0p40/rep_000/dataset.npz,2026502536,adam,2461,0.0,0.49169921875,0.0021704866858212,1.1112891831404588,3.9233642370128017,17.642320168720104,0.7100856123079157,4.817014222459133,9.774410727862572,10.019712031985192,2026062600
3,0,eta_0p40,0.4,37,/home/bjyong/Complexity/local_project/03_dnn_mnist/06_eta_flip_phase_transition/raw_outputs/eta_reference_search_advanced_4eta_90ref_cpu35_gpu0/04_exact_reference_search/selected_reference_pool/split_000/eta_0p40/ref_037/theta.npy,/home/bjyong/Complexity/local_project/03_dnn_mnist/06_eta_flip_phase_transition/raw_outputs/eta_reference_search_advanced_4eta_90ref_cpu35_gpu0/01_dataset_gen/split_000/eta_0p40/rep_000/dataset.npz,2026502537,adam,2461,0.0,0.4912109375,0.002882629900945,1.47590650928385,3.6990097288268577,18.51073097822416,0.7618797517246687,4.837012088493315,8.434735109459925,9.108155472706542,2026062600
3,0,eta_0p40,0.4,38,/home/bjyong/Complexity/local_project/03_dnn_mnist/06_eta_flip_phase_transition/raw_outputs/eta_reference_search_advanced_4eta_90ref_cpu35_gpu0/04_exact_reference_search/selected_reference_pool/split_000/eta_0p40/ref_038/theta.npy,/home/bjyong/Complexity/local_project/03_dnn_mnist/06_eta_flip_phase_transition/raw_outputs/eta_reference_search_advanced_4eta_90ref_cpu35_gpu0/01_dataset_gen/split_000/eta_0p40/rep_000/dataset.npz,2026502538,adam,2461,0.0,0.47802734375,0.0022476134316221,1.15077807699053,3.5494707736771405,18.969599218692224,1.0912698340291591,4.995193738578847,8.900033815669985,9.385707714975396,2026062600
3,0,eta_0p40,0.4,39,/home/bjyong/Complexity/local_project/03_dnn_mnist/06_eta_flip_phase_transition/raw_outputs/eta_reference_search_advanced_4eta_90ref_cpu35_gpu0/04_exact_reference_search/selected_reference_pool/split_000/eta_0p40/ref_039/theta.npy,/home/bjyong/Complexity/local_project/03_dnn_mnist/06_eta_flip_phase_transition/raw_outputs/eta_reference_search_advanced_4eta_90ref_cpu35_gpu0/01_dataset_gen/split_000/eta_0p40/rep_000/dataset.npz,2026502539,adam,2461,0.0,0.4912109375,0.0034185070890898,1.7502756296140114,2.9626395092765723,20.86706316442856,1.7304524372220085,4.400719752653231,7.3504720060648,7.719103155317062,2026062600
3,0,eta_0p40,0.4,40,/home/bjyong/Complexity/local_project/03_dnn_mnist/06_eta_flip_phase_transition/raw_outputs/eta_reference_search_advanced_4eta_90ref_cpu35_gpu0/04_exact_reference_search/selected_reference_pool/split_000/eta_0p40/ref_040/theta.npy,/home/bjyong/Complexity/local_project/03_dnn_mnist/06_eta_flip_phase_transition/raw_outputs/eta_reference_search_advanced_4eta_90ref_cpu35_gpu0/01_dataset_gen/split_000/eta_0p40/rep_000/dataset.npz,2026502540,adam,2461,0.0,0.4931640625,0.0020395439183721,1.0442464862065457,3.8202478942459,18.19422816626358,1.5541628083348549,5.345497753728608,9.01454772845116,9.76753264321213,2026062600
3,0,eta_0p40,0.4,41,/home/bjyong/Complexity/local_project/03_dnn_mnist/06_eta_flip_phase_transition/raw_outputs/eta_reference_search_advanced_4eta_90ref_cpu35_gpu0/04_exact_reference_search/selected_reference_pool/split_000/eta_0p40/ref_041/theta.npy,/home/bjyong/Complexity/local_project/03_dnn_mnist/06_eta_flip_phase_transition/raw_outputs/eta_reference_search_advanced_4eta_90ref_cpu35_gpu0/01_dataset_gen/split_000/eta_0p40/rep_000/dataset.npz,2026502541,adam,2461,0.0,0.49462890625,0.0015251789578065,0.7808916263969674,3.8852668990719854,19.589993791197497,1.5146072827312465,5.642010252146654,8.986383929150016,9.712721598323157,2026062600
3,0,eta_0p40,0.4,42,/home/bjyong/Complexity/local_project/03_dnn_mnist/06_eta_flip_phase_transition/raw_outputs/eta_reference_search_advanced_4eta_90ref_cpu35_gpu0/04_exact_reference_search/selected_reference_pool/split_000/eta_0p40/ref_042/theta.npy,/home/bjyong/Complexity/local_project/03_dnn_mnist/06_eta_flip_phase_transition/raw_outputs/eta_reference_search_advanced_4eta_90ref_cpu35_gpu0/01_dataset_gen/split_000/eta_0p40/rep_000/dataset.npz,2026502542,adam,2461,0.0,0.4990234375,0.0010838536215953,0.5549330542568328,3.6482201709637407,18.486670748164716,3.0749284241319828,5.326052902358555,8.940273339190378,9.289150411320536,2026062600
3,0,eta_0p40,0.4,43,/home/bjyong/Complexity/local_project/03_dnn_mnist/06_eta_flip_phase_transition/raw_outputs/eta_reference_search_advanced_4eta_90ref_cpu35_gpu0/04_exact_reference_search/selected_reference_pool/split_000/eta_0p40/ref_043/theta.npy,/home/bjyong/Complexity/local_project/03_dnn_mnist/06_eta_flip_phase_transition/raw_outputs/eta_reference_search_advanced_4eta_90ref_cpu35_gpu0/01_dataset_gen/split_000/eta_0p40/rep_000/dataset.npz,2026502543,adam,2461,0.0,0.48486328125,0.0014260827698228,0.7301543781492845,3.655445967931696,18.712237633787083,2.0892975156004034,5.53570804122598,9.123581255920216,9.44442711210893,2026062600
3,0,eta_0p40,0.4,44,/home/bjyong/Complexity/local_project/03_dnn_mnist/06_eta_flip_phase_transition/raw_outputs/eta_reference_search_advanced_4eta_90ref_cpu35_gpu0/04_exact_reference_search/selected_reference_pool/split_000/eta_0p40/ref_044/theta.npy,/home/bjyong/Complexity/local_project/03_dnn_mnist/06_eta_flip_phase_transition/raw_outputs/eta_reference_search_advanced_4eta_90ref_cpu35_gpu0/01_dataset_gen/split_000/eta_0p40/rep_000/dataset.npz,2026502544,adam,2461,0.0,0.47607421875,0.0027398852947025,1.4028212708876826,3.117969984560699,20.119662614547654,2.239928982196626,4.410133733005156,7.759572890514104,8.318130574153042,2026062600
3,0,eta_0p40,0.4,45,/home/bjyong/Complexity/local_project/03_dnn_mnist/06_eta_flip_phase_transition/raw_outputs/eta_reference_search_advanced_4eta_90ref_cpu35_gpu0/04_exact_reference_search/selected_reference_pool/split_000/eta_0p40/ref_045/theta.npy,/home/bjyong/Complexity/local_project/03_dnn_mnist/06_eta_flip_phase_transition/raw_outputs/eta_reference_search_advanced_4eta_90ref_cpu35_gpu0/01_dataset_gen/split_000/eta_0p40/rep_000/dataset.npz,2026502545,adam,2461,0.0,0.48388671875,0.0024707465873198,1.2650222527077497,3.717035877362287,16.646927662489404,0.9963435856692464,4.968431485366495,9.08500942671514,9.50105495440187,2026062600
3,0,eta_0p40,0.4,46,/home/bjyong/Complexity/local_project/03_dnn_mnist/06_eta_flip_phase_transition/raw_outputs/eta_reference_search_advanced_4eta_90ref_cpu35_gpu0/04_exact_reference_search/selected_reference_pool/split_000/eta_0p40/ref_046/theta.npy,/home/bjyong/Complexity/local_project/03_dnn_mnist/06_eta_flip_phase_transition/raw_outputs/eta_reference_search_advanced_4eta_90ref_cpu35_gpu0/01_dataset_gen/split_000/eta_0p40/rep_000/dataset.npz,2026502546,adam,2461,0.0,0.4931640625,0.002412370961711,1.2351339323960802,3.371993556118404,17.568456476451335,1.521276107725216,4.736960259199007,8.590862663252311,8.743629914687363,2026062600
3,0,eta_0p40,0.4,47,/home/bjyong/Complexity/local_project/03_dnn_mnist/06_eta_flip_phase_transition/raw_outputs/eta_reference_search_advanced_4eta_90ref_cpu35_gpu0/04_exact_reference_search/selected_reference_pool/split_000/eta_0p40/ref_047/theta.npy,/home/bjyong/Complexity/local_project/03_dnn_mnist/06_eta_flip_phase_transition/raw_outputs/eta_reference_search_advanced_4eta_90ref_cpu35_gpu0/01_dataset_gen/split_000/eta_0p40/rep_000/dataset.npz,2026502547,adam,2461,0.0,0.4775390625,0.0020460708396358,1.0475882698935792,3.304134702370555,17.405457314546876,1.936525445200288,4.6936295444366944,8.729831367076793,9.106156304118286,2026062600
3,0,eta_0p40,0.4,48,/home/bjyong/Complexity/local_project/03_dnn_mnist/06_eta_flip_phase_transition/raw_outputs/eta_reference_search_advanced_4eta_90ref_cpu35_gpu0/04_exact_reference_search/selected_reference_pool/split_000/eta_0p40/ref_048/theta.npy,/home/bjyong/Complexity/local_project/03_dnn_mnist/06_eta_flip_phase_transition/raw_outputs/eta_reference_search_advanced_4eta_90ref_cpu35_gpu0/01_dataset_gen/split_000/eta_0p40/rep_000/dataset.npz,2026502548,adam,2461,0.0,0.4794921875,0.0013917809493847,0.712591846085006,3.541774014990437,17.85395827211628,1.7999740941981972,5.243384420644018,9.139419627123983,9.515607091612928,2026062600
3,0,eta_0p40,0.4,49,/home/bjyong/Complexity/local_project/03_dnn_mnist/06_eta_flip_phase_transition/raw_outputs/eta_reference_search_advanced_4eta_90ref_cpu35_gpu0/04_exact_reference_search/selected_reference_pool/split_000/eta_0p40/ref_049/theta.npy,/home/bjyong/Complexity/local_project/03_dnn_mnist/06_eta_flip_phase_transition/raw_outputs/eta_reference_search_advanced_4eta_90ref_cpu35_gpu0/01_dataset_gen/split_000/eta_0p40/rep_000/dataset.npz,2026502549,adam,2461,0.0,0.4931640625,0.0030224626100387,1.5475008563398465,2.802316811457711,20.791163665220008,0.4935302463605666,4.61766224964541,7.290733264807433,7.830086457535032,2026062600
3,0,eta_0p40,0.4,50,/home/bjyong/Complexity/local_project/03_dnn_mnist/06_eta_flip_phase_transition/raw_outputs/eta_reference_search_advanced_4eta_90ref_cpu35_gpu0/04_exact_reference_search/selected_reference_pool/split_000/eta_0p40/ref_050/theta.npy,/home/bjyong/Complexity/local_project/03_dnn_mnist/06_eta_flip_phase_transition/raw_outputs/eta_reference_search_advanced_4eta_90ref_cpu35_gpu0/01_dataset_gen/split_000/eta_0p40/rep_000/dataset.npz,2026502550,adam,2461,0.0,0.494140625,0.0013785161580763,0.7058002729350823,3.679289763853213,16.74904267962645,2.4141135914044187,5.139475208990191,8.96183308822927,9.321422801736496,2026062600
3,0,eta_0p40,0.4,51,/home/bjyong/Complexity/local_project/03_dnn_mnist/06_eta_flip_phase_transition/raw_outputs/eta_reference_search_advanced_4eta_90ref_cpu35_gpu0/04_exact_reference_search/selected_reference_pool/split_000/eta_0p40/ref_051/theta.npy,/home/bjyong/Complexity/local_project/03_dnn_mnist/06_eta_flip_phase_transition/raw_outputs/eta_reference_search_advanced_4eta_90ref_cpu35_gpu0/01_dataset_gen/split_000/eta_0p40/rep_000/dataset.npz,2026502551,adam,2461,0.0,0.4951171875,0.00225826425491,1.156231298513946,3.5316718922041,19.31333166988008,1.161860694888443,4.910435506887449,8.56967500600459,8.972207084952732,2026062600
3,0,eta_0p40,0.4,52,/home/bjyong/Complexity/local_project/03_dnn_mnist/06_eta_flip_phase_transition/raw_outputs/eta_reference_search_advanced_4eta_90ref_cpu35_gpu0/04_exact_reference_search/selected_reference_pool/split_000/eta_0p40/ref_052/theta.npy,/home/bjyong/Complexity/local_project/03_dnn_mnist/06_eta_flip_phase_transition/raw_outputs/eta_reference_search_advanced_4eta_90ref_cpu35_gpu0/01_dataset_gen/split_000/eta_0p40/rep_000/dataset.npz,2026502552,adam,2461,0.0,0.4931640625,0.0042368586597906,2.169271633812811,3.519528852460054,19.22284869940126,0.5171515228642891,4.403826973624506,8.596028044899473,8.841277543983297,2026062600
3,0,eta_0p40,0.4,53,/home/bjyong/Complexity/local_project/03_dnn_mnist/06_eta_flip_phase_transition/raw_outputs/eta_reference_search_advanced_4eta_90ref_cpu35_gpu0/04_exact_reference_search/selected_reference_pool/split_000/eta_0p40/ref_053/theta.npy,/home/bjyong/Complexity/local_project/03_dnn_mnist/06_eta_flip_phase_transition/raw_outputs/eta_reference_search_advanced_4eta_90ref_cpu35_gpu0/01_dataset_gen/split_000/eta_0p40/rep_000/dataset.npz,2026502553,adam,2461,0.0,0.501953125,0.0013758646893484,0.7044427209464099,3.6812814424427662,18.900079441106804,2.838161281279259,5.179507357314962,8.933384118104819,9.34746079908684,2026062600
3,0,eta_0p40,0.4,54,/home/bjyong/Complexity/local_project/03_dnn_mnist/06_eta_flip_phase_transition/raw_outputs/eta_reference_search_advanced_4eta_90ref_cpu35_gpu0/04_exact_reference_search/selected_reference_pool/split_000/eta_0p40/ref_054/theta.npy,/home/bjyong/Complexity/local_project/03_dnn_mnist/06_eta_flip_phase_transition/raw_outputs/eta_reference_search_advanced_4eta_90ref_cpu35_gpu0/01_dataset_gen/split_000/eta_0p40/rep_000/dataset.npz,2026502554,adam,2461,0.0,0.48828125,0.0024472650138167,1.2529996870741638,3.397182783690786,19.9059650443076,1.4741236196599514,4.840427482214105,8.36140203676582,8.914328680395846,2026062600
3,0,eta_0p40,0.4,55,/home/bjyong/Complexity/local_project/03_dnn_mnist/06_eta_flip_phase_transition/raw_outputs/eta_reference_search_advanced_4eta_90ref_cpu35_gpu0/04_exact_reference_search/selected_reference_pool/split_000/eta_0p40/ref_055/theta.npy,/home/bjyong/Complexity/local_project/03_dnn_mnist/06_eta_flip_phase_transition/raw_outputs/eta_reference_search_advanced_4eta_90ref_cpu35_gpu0/01_dataset_gen/split_000/eta_0p40/rep_000/dataset.npz,2026502555,adam,2461,0.0,0.4912109375,0.001233212296303,0.6314046957071402,3.8531823750022074,16.492120162324518,2.2739648573880205,5.577790609454074,9.553861820930308,10.102966070336889,2026062600
3,0,eta_0p40,0.4,56,/home/bjyong/Complexity/local_project/03_dnn_mnist/06_eta_flip_phase_transition/raw_outputs/eta_reference_search_advanced_4eta_90ref_cpu35_gpu0/04_exact_reference_search/selected_reference_pool/split_000/eta_0p40/ref_056/theta.npy,/home/bjyong/Complexity/local_project/03_dnn_mnist/06_eta_flip_phase_transition/raw_outputs/eta_reference_search_advanced_4eta_90ref_cpu35_gpu0/01_dataset_gen/split_000/eta_0p40/rep_000/dataset.npz,2026502556,adam,2461,0.0,0.482421875,0.0022582802950505,1.1562395110658823,3.51416162694061,17.61685161735658,1.6190260722728984,4.884251399292649,8.632763802324815,9.29397438480404,2026062600
3,0,eta_0p40,0.4,57,/home/bjyong/Complexity/local_project/03_dnn_mnist/06_eta_flip_phase_transition/raw_outputs/eta_reference_search_advanced_4eta_90ref_cpu35_gpu0/04_exact_reference_search/selected_reference_pool/split_000/eta_0p40/ref_057/theta.npy,/home/bjyong/Complexity/local_project/03_dnn_mnist/06_eta_flip_phase_transition/raw_outputs/eta_reference_search_advanced_4eta_90ref_cpu35_gpu0/01_dataset_gen/split_000/eta_0p40/rep_000/dataset.npz,2026502557,adam,2461,0.0,0.47998046875,0.001557317411707,0.7973465147939909,3.578337856737603,19.692979164349204,2.283840097282554,5.045751119843742,8.920684188377216,9.513778781336358,2026062600
3,0,eta_0p40,0.4,58,/home/bjyong/Complexity/local_project/03_dnn_mnist/06_eta_flip_phase_transition/raw_outputs/eta_reference_search_advanced_4eta_90ref_cpu35_gpu0/04_exact_reference_search/selected_reference_pool/split_000/eta_0p40/ref_058/theta.npy,/home/bjyong/Complexity/local_project/03_dnn_mnist/06_eta_flip_phase_transition/raw_outputs/eta_reference_search_advanced_4eta_90ref_cpu35_gpu0/01_dataset_gen/split_000/eta_0p40/rep_000/dataset.npz,2026502558,adam,2461,0.0,0.49267578125,0.0029353869809041,1.5029181342229463,3.539311781493436,18.29949653437441,1.3927258287996622,4.815010646155782,8.684832685500018,9.25361682797332,2026062600
3,0,eta_0p40,0.4,59,/home/bjyong/Complexity/local_project/03_dnn_mnist/06_eta_flip_phase_transition/raw_outputs/eta_reference_search_advanced_4eta_90ref_cpu35_gpu0/04_exact_reference_search/selected_reference_pool/split_000/eta_0p40/ref_059/theta.npy,/home/bjyong/Complexity/local_project/03_dnn_mnist/06_eta_flip_phase_transition/raw_outputs/eta_reference_search_advanced_4eta_90ref_cpu35_gpu0/01_dataset_gen/split_000/eta_0p40/rep_000/dataset.npz,2026502559,adam,2461,0.0,0.48974609375,0.0022867385352093,1.1708101300271898,3.2768188777423006,19.132626081764972,2.0941190349151992,4.599896548802748,8.251262472464056,8.69805208795572,2026062600
3,0,eta_0p40,0.4,60,/home/bjyong/Complexity/local_project/03_dnn_mnist/06_eta_flip_phase_transition/raw_outputs/eta_reference_search_advanced_4eta_90ref_cpu35_gpu0/04_exact_reference_search/selected_reference_pool/split_000/eta_0p40/ref_060/theta.npy,/home/bjyong/Complexity/local_project/03_dnn_mnist/06_eta_flip_phase_transition/raw_outputs/eta_reference_search_advanced_4eta_90ref_cpu35_gpu0/01_dataset_gen/split_000/eta_0p40/rep_000/dataset.npz,2026502560,adam,2461,0.0,0.482421875,0.0069909449230342,3.579363800593553,3.4382058279721965,16.013005296194805,0.4395678845998119,3.250340551846299,8.571391353921621,8.858190636424883,2026062600
3,0,eta_0p40,0.4,61,/home/bjyong/Complexity/local_project/03_dnn_mnist/06_eta_flip_phase_transition/raw_outputs/eta_reference_search_advanced_4eta_90ref_cpu35_gpu0/04_exact_reference_search/selected_reference_pool/split_000/eta_0p40/ref_061/theta.npy,/home/bjyong/Complexity/local_project/03_dnn_mnist/06_eta_flip_phase_transition/raw_outputs/eta_reference_search_advanced_4eta_90ref_cpu35_gpu0/01_dataset_gen/split_000/eta_0p40/rep_000/dataset.npz,2026502561,adam,2461,0.0,0.49072265625,0.00181111545204,0.9272911114445004,3.5579916582061237,16.76030178179,1.6806559729217725,5.132504710243577,9.0512259072732,9.549496147989004,2026062600
3,0,eta_0p40,0.4,62,/home/bjyong/Complexity/local_project/03_dnn_mnist/06_eta_flip_phase_transition/raw_outputs/eta_reference_search_advanced_4eta_90ref_cpu35_gpu0/04_exact_reference_search/selected_reference_pool/split_000/eta_0p40/ref_062/theta.npy,/home/bjyong/Complexity/local_project/03_dnn_mnist/06_eta_flip_phase_transition/raw_outputs/eta_reference_search_advanced_4eta_90ref_cpu35_gpu0/01_dataset_gen/split_000/eta_0p40/rep_000/dataset.npz,2026502562,adam,2461,0.0,0.4765625,0.0021048340161838,1.0776750162861148,3.3014383159024616,18.503645015643983,2.0739686103733974,4.776477972124352,8.492398353111927,8.930767506561267,2026062600
3,0,eta_0p40,0.4,63,/home/bjyong/Complexity/local_project/03_dnn_mnist/06_eta_flip_phase_transition/raw_outputs/eta_reference_search_advanced_4eta_90ref_cpu35_gpu0/04_exact_reference_search/selected_reference_pool/split_000/eta_0p40/ref_063/theta.npy,/home/bjyong/Complexity/local_project/03_dnn_mnist/06_eta_flip_phase_transition/raw_outputs/eta_reference_search_advanced_4eta_90ref_cpu35_gpu0/01_dataset_gen/split_000/eta_0p40/rep_000/dataset.npz,2026502563,adam,2461,0.0,0.4853515625,0.0025861193886576,1.324093126992726,3.296320035225426,19.847644106293785,2.20964366362331,4.38818554497829,8.138931144482756,8.499579048929192,2026062600
3,0,eta_0p40,0.4,64,/home/bjyong/Complexity/local_project/03_dnn_mnist/06_eta_flip_phase_transition/raw_outputs/eta_reference_search_advanced_4eta_90ref_cpu35_gpu0/04_exact_reference_search/selected_reference_pool/split_000/eta_0p40/ref_064/theta.npy,/home/bjyong/Complexity/local_project/03_dnn_mnist/06_eta_flip_phase_transition/raw_outputs/eta_reference_search_advanced_4eta_90ref_cpu35_gpu0/01_dataset_gen/split_000/eta_0p40/rep_000/dataset.npz,2026502564,adam,2461,0.0,0.4912109375,0.0024017014192719,1.2296711266672469,3.1697628517588035,19.528595574140716,1.6747313533363335,4.882285471234315,7.88278078307196,8.347070256717968,2026062600
3,0,eta_0p40,0.4,65,/home/bjyong/Complexity/local_project/03_dnn_mnist/06_eta_flip_phase_transition/raw_outputs/eta_reference_search_advanced_4eta_90ref_cpu35_gpu0/04_exact_reference_search/selected_reference_pool/split_000/eta_0p40/ref_065/theta.npy,/home/bjyong/Complexity/local_project/03_dnn_mnist/06_eta_flip_phase_transition/raw_outputs/eta_reference_search_advanced_4eta_90ref_cpu35_gpu0/01_dataset_gen/split_000/eta_0p40/rep_000/dataset.npz,2026502565,adam,2461,0.0,0.4892578125,0.0022767582298768,1.1657002136969576,3.5955602770294397,17.793602637506424,1.44208715614644,4.714024100883104,8.843279041278876,9.225031826310955,2026062600
3,0,eta_0p40,0.4,66,/home/bjyong/Complexity/local_project/03_dnn_mnist/06_eta_flip_phase_transition/raw_outputs/eta_reference_search_advanced_4eta_90ref_cpu35_gpu0/04_exact_reference_search/selected_reference_pool/split_000/eta_0p40/ref_066/theta.npy,/home/bjyong/Complexity/local_project/03_dnn_mnist/06_eta_flip_phase_transition/raw_outputs/eta_reference_search_advanced_4eta_90ref_cpu35_gpu0/01_dataset_gen/split_000/eta_0p40/rep_000/dataset.npz,2026502566,adam,2461,0.0,0.48583984375,0.0021025826662585,1.0765223251243858,3.6694003801013793,17.124895182133365,1.6341542348937468,4.925971598385042,9.077670615851474,9.544717986373533,2026062600
3,0,eta_0p40,0.4,67,/home/bjyong/Complexity/local_project/03_dnn_mnist/06_eta_flip_phase_transition/raw_outputs/eta_reference_search_advanced_4eta_90ref_cpu35_gpu0/04_exact_reference_search/selected_reference_pool/split_000/eta_0p40/ref_067/theta.npy,/home/bjyong/Complexity/local_project/03_dnn_mnist/06_eta_flip_phase_transition/raw_outputs/eta_reference_search_advanced_4eta_90ref_cpu35_gpu0/01_dataset_gen/split_000/eta_0p40/rep_000/dataset.npz,2026502567,adam,2461,0.0,0.47412109375,0.0017967787827696,0.9199507367780662,3.585467281651873,17.976475319199416,2.020976563049648,4.83687167336479,8.881555227411337,9.23208389773546,2026062600
3,0,eta_0p40,0.4,68,/home/bjyong/Complexity/local_project/03_dnn_mnist/06_eta_flip_phase_transition/raw_outputs/eta_reference_search_advanced_4eta_90ref_cpu35_gpu0/04_exact_reference_search/selected_reference_pool/split_000/eta_0p40/ref_068/theta.npy,/home/bjyong/Complexity/local_project/03_dnn_mnist/06_eta_flip_phase_transition/raw_outputs/eta_reference_search_advanced_4eta_90ref_cpu35_gpu0/01_dataset_gen/split_000/eta_0p40/rep_000/dataset.npz,2026502568,adam,2461,0.0,0.4755859375,0.0020263703560198,1.037501622282163,3.4466881031792864,19.50391250865001,1.6056608348770842,5.003260839713559,8.471481527447235,9.087104627906474,2026062600
3,0,eta_0p40,0.4,69,/home/bjyong/Complexity/local_project/03_dnn_mnist/06_eta_flip_phase_transition/raw_outputs/eta_reference_search_advanced_4eta_90ref_cpu35_gpu0/04_exact_reference_search/selected_reference_pool/split_000/eta_0p40/ref_069/theta.npy,/home/bjyong/Complexity/local_project/03_dnn_mnist/06_eta_flip_phase_transition/raw_outputs/eta_reference_search_advanced_4eta_90ref_cpu35_gpu0/01_dataset_gen/split_000/eta_0p40/rep_000/dataset.npz,2026502569,adam,2461,0.0,0.482421875,0.0055568032866648,2.845083282772421,3.0958405258628483,19.903597091780533,0.0160686272395993,4.33498706730143,7.999344827505956,8.421753047571485,2026062600
3,0,eta_0p40,0.4,70,/home/bjyong/Complexity/local_project/03_dnn_mnist/06_eta_flip_phase_transition/raw_outputs/eta_reference_search_advanced_4eta_90ref_cpu35_gpu0/04_exact_reference_search/selected_reference_pool/split_000/eta_0p40/ref_070/theta.npy,/home/bjyong/Complexity/local_project/03_dnn_mnist/06_eta_flip_phase_transition/raw_outputs/eta_reference_search_advanced_4eta_90ref_cpu35_gpu0/01_dataset_gen/split_000/eta_0p40/rep_000/dataset.npz,2026502570,adam,2461,0.0,0.47509765625,0.002962518626251,1.5168095366405296,3.425646119842666,15.884354100114608,1.1183072315814402,4.787673938073776,8.815911683680666,9.142538692168587,2026062600
3,0,eta_0p40,0.4,71,/home/bjyong/Complexity/local_project/03_dnn_mnist/06_eta_flip_phase_transition/raw_outputs/eta_reference_search_advanced_4eta_90ref_cpu35_gpu0/04_exact_reference_search/selected_reference_pool/split_000/eta_0p40/ref_071/theta.npy,/home/bjyong/Complexity/local_project/03_dnn_mnist/06_eta_flip_phase_transition/raw_outputs/eta_reference_search_advanced_4eta_90ref_cpu35_gpu0/01_dataset_gen/split_000/eta_0p40/rep_000/dataset.npz,2026502571,adam,2461,0.0,0.48193359375,0.0042655932453006,2.1839837415939245,3.616466924362365,18.030775292821637,0.0997757907791072,4.580492269662195,8.945580627314188,9.208477462753194,2026062600
3,0,eta_0p40,0.4,72,/home/bjyong/Complexity/local_project/03_dnn_mnist/06_eta_flip_phase_transition/raw_outputs/eta_reference_search_advanced_4eta_90ref_cpu35_gpu0/04_exact_reference_search/selected_reference_pool/split_000/eta_0p40/ref_072/theta.npy,/home/bjyong/Complexity/local_project/03_dnn_mnist/06_eta_flip_phase_transition/raw_outputs/eta_reference_search_advanced_4eta_90ref_cpu35_gpu0/01_dataset_gen/split_000/eta_0p40/rep_000/dataset.npz,2026502572,adam,2461,0.0,0.4951171875,0.0084778773177675,4.340673186696991,3.187618402862176,17.38212672722475,0.1904071825533966,3.7852476153763126,7.846845262133588,8.034650573692044,2026062600
3,0,eta_0p40,0.4,73,/home/bjyong/Complexity/local_project/03_dnn_mnist/06_eta_flip_phase_transition/raw_outputs/eta_reference_search_advanced_4eta_90ref_cpu35_gpu0/04_exact_reference_search/selected_reference_pool/split_000/eta_0p40/ref_073/theta.npy,/home/bjyong/Complexity/local_project/03_dnn_mnist/06_eta_flip_phase_transition/raw_outputs/eta_reference_search_advanced_4eta_90ref_cpu35_gpu0/01_dataset_gen/split_000/eta_0p40/rep_000/dataset.npz,2026502573,adam,2461,0.0,0.48681640625,0.0025362646690753,1.2985675105665933,3.620912350888244,18.661112929649164,1.4565735003068303,5.134445352667033,8.77162351557752,9.504404238206911,2026062600
3,0,eta_0p40,0.4,74,/home/bjyong/Complexity/local_project/03_dnn_mnist/06_eta_flip_phase_transition/raw_outputs/eta_reference_search_advanced_4eta_90ref_cpu35_gpu0/04_exact_reference_search/selected_reference_pool/split_000/eta_0p40/ref_074/theta.npy,/home/bjyong/Complexity/local_project/03_dnn_mnist/06_eta_flip_phase_transition/raw_outputs/eta_reference_search_advanced_4eta_90ref_cpu35_gpu0/01_dataset_gen/split_000/eta_0p40/rep_000/dataset.npz,2026502574,adam,2461,0.0,0.47216796875,0.0068865170276781,3.52589671817122,2.8023993772216413,18.9125487844306,0.205186373041556,3.78764313007941,7.039935155002086,7.553016360831154,2026062600
3,0,eta_0p40,0.4,75,/home/bjyong/Complexity/local_project/03_dnn_mnist/06_eta_flip_phase_transition/raw_outputs/eta_reference_search_advanced_4eta_90ref_cpu35_gpu0/04_exact_reference_search/selected_reference_pool/split_000/eta_0p40/ref_075/theta.npy,/home/bjyong/Complexity/local_project/03_dnn_mnist/06_eta_flip_phase_transition/raw_outputs/eta_reference_search_advanced_4eta_90ref_cpu35_gpu0/01_dataset_gen/split_000/eta_0p40/rep_000/dataset.npz,2026502575,adam,2461,0.0,0.48486328125,0.0083650087944849,4.282884502776287,3.3364731048730487,15.540409638078277,0.0613387449258804,3.4143902832063326,8.355591479086169,8.445182005590539,2026062600
3,0,eta_0p40,0.4,76,/home/bjyong/Complexity/local_project/03_dnn_mnist/06_eta_flip_phase_transition/raw_outputs/eta_reference_search_advanced_4eta_90ref_cpu35_gpu0/04_exact_reference_search/selected_reference_pool/split_000/eta_0p40/ref_076/theta.npy,/home/bjyong/Complexity/local_project/03_dnn_mnist/06_eta_flip_phase_transition/raw_outputs/eta_reference_search_advanced_4eta_90ref_cpu35_gpu0/01_dataset_gen/split_000/eta_0p40/rep_000/dataset.npz,2026502576,adam,2461,0.0,0.48779296875,0.0034598056342414,1.771420484731621,3.227669814390341,19.670167861431644,0.8700054468959433,4.462287414223908,7.772770964519051,8.52371944801152,2026062600
3,0,eta_0p40,0.4,77,/home/bjyong/Complexity/local_project/03_dnn_mnist/06_eta_flip_phase_transition/raw_outputs/eta_reference_search_advanced_4eta_90ref_cpu35_gpu0/04_exact_reference_search/selected_reference_pool/split_000/eta_0p40/ref_077/theta.npy,/home/bjyong/Complexity/local_project/03_dnn_mnist/06_eta_flip_phase_transition/raw_outputs/eta_reference_search_advanced_4eta_90ref_cpu35_gpu0/01_dataset_gen/split_000/eta_0p40/rep_000/dataset.npz,2026502577,adam,2461,0.0,0.49169921875,0.0013617625286012,0.6972224146438372,3.59535025640833,18.202685138819035,2.0946658091666097,5.485627328493997,9.207823454077053,9.645767987810464,2026062600
3,0,eta_0p40,0.4,78,/home/bjyong/Complexity/local_project/03_dnn_mnist/06_eta_flip_phase_transition/raw_outputs/eta_reference_search_advanced_4eta_90ref_cpu35_gpu0/04_exact_reference_search/selected_reference_pool/split_000/eta_0p40/ref_078/theta.npy,/home/bjyong/Complexity/local_project/03_dnn_mnist/06_eta_flip_phase_transition/raw_outputs/eta_reference_search_advanced_4eta_90ref_cpu35_gpu0/01_dataset_gen/split_000/eta_0p40/rep_000/dataset.npz,2026502578,adam,2461,0.0,0.47900390625,0.0029767209450751,1.5240811238784795,3.0540516580060477,20.09991770765425,0.9202626815400632,4.39775658636962,8.008111401027344,8.45543934485415,2026062600
3,0,eta_0p40,0.4,79,/home/bjyong/Complexity/local_project/03_dnn_mnist/06_eta_flip_phase_transition/raw_outputs/eta_reference_search_advanced_4eta_90ref_cpu35_gpu0/04_exact_reference_search/selected_reference_pool/split_000/eta_0p40/ref_079/theta.npy,/home/bjyong/Complexity/local_project/03_dnn_mnist/06_eta_flip_phase_transition/raw_outputs/eta_reference_search_advanced_4eta_90ref_cpu35_gpu0/01_dataset_gen/split_000/eta_0p40/rep_000/dataset.npz,2026502579,adam,2461,0.0,0.48388671875,0.0034481477592406,1.7654516527312083,3.2466787443429173,20.640829658710647,0.6736391448876735,4.584449591915186,8.196679862670596,8.803178929432601,2026062600
3,0,eta_0p40,0.4,80,/home/bjyong/Complexity/local_project/03_dnn_mnist/06_eta_flip_phase_transition/raw_outputs/eta_reference_search_advanced_4eta_90ref_cpu35_gpu0/04_exact_reference_search/selected_reference_pool/split_000/eta_0p40/ref_080/theta.npy,/home/bjyong/Complexity/local_project/03_dnn_mnist/06_eta_flip_phase_transition/raw_outputs/eta_reference_search_advanced_4eta_90ref_cpu35_gpu0/01_dataset_gen/split_000/eta_0p40/rep_000/dataset.npz,2026502580,adam,2461,0.0,0.478515625,0.0017723854194431,0.9074613347549022,4.0124512630110445,16.94463114955299,1.2594681870279374,5.338124754155648,10.007138985443042,10.199929102140596,2026062600
3,0,eta_0p40,0.4,81,/home/bjyong/Complexity/local_project/03_dnn_mnist/06_eta_flip_phase_transition/raw_outputs/eta_reference_search_advanced_4eta_90ref_cpu35_gpu0/04_exact_reference_search/selected_reference_pool/split_000/eta_0p40/ref_081/theta.npy,/home/bjyong/Complexity/local_project/03_dnn_mnist/06_eta_flip_phase_transition/raw_outputs/eta_reference_search_advanced_4eta_90ref_cpu35_gpu0/01_dataset_gen/split_000/eta_0p40/rep_000/dataset.npz,2026502581,adam,2461,0.0,0.486328125,0.0011410818147776,0.5842338891661762,3.8202896743673462,18.620688654854487,2.488654777619137,5.666946112725661,9.4047991823427,9.761439599136423,2026062600
3,0,eta_0p40,0.4,82,/home/bjyong/Complexity/local_project/03_dnn_mnist/06_eta_flip_phase_transition/raw_outputs/eta_reference_search_advanced_4eta_90ref_cpu35_gpu0/04_exact_reference_search/selected_reference_pool/split_000/eta_0p40/ref_082/theta.npy,/home/bjyong/Complexity/local_project/03_dnn_mnist/06_eta_flip_phase_transition/raw_outputs/eta_reference_search_advanced_4eta_90ref_cpu35_gpu0/01_dataset_gen/split_000/eta_0p40/rep_000/dataset.npz,2026502582,adam,2461,0.0,0.49072265625,0.0035638950673103,1.8247142744629228,3.403539096122192,18.601162647305017,0.3824501002692733,4.79252510748996,8.337660109423421,8.855293657983093,2026062600
3,0,eta_0p40,0.4,83,/home/bjyong/Complexity/local_project/03_dnn_mnist/06_eta_flip_phase_transition/raw_outputs/eta_reference_search_advanced_4eta_90ref_cpu35_gpu0/04_exact_reference_search/selected_reference_pool/split_000/eta_0p40/ref_083/theta.npy,/home/bjyong/Complexity/local_project/03_dnn_mnist/06_eta_flip_phase_transition/raw_outputs/eta_reference_search_advanced_4eta_90ref_cpu35_gpu0/01_dataset_gen/split_000/eta_0p40/rep_000/dataset.npz,2026502583,adam,2461,0.0,0.486328125,0.004211887441334,2.156486369963033,3.355932395570499,18.975185468016104,0.4038790150410087,4.619870159740643,8.360202270017332,8.813733220869675,2026062600
3,0,eta_0p40,0.4,84,/home/bjyong/Complexity/local_project/03_dnn_mnist/06_eta_flip_phase_transition/raw_outputs/eta_reference_search_advanced_4eta_90ref_cpu35_gpu0/04_exact_reference_search/selected_reference_pool/split_000/eta_0p40/ref_084/theta.npy,/home/bjyong/Complexity/local_project/03_dnn_mnist/06_eta_flip_phase_transition/raw_outputs/eta_reference_search_advanced_4eta_90ref_cpu35_gpu0/01_dataset_gen/split_000/eta_0p40/rep_000/dataset.npz,2026502584,adam,2461,0.0,0.4931640625,0.0036242223763279,1.855601856679918,3.0034087338784525,19.72579828846354,1.4063145292361443,4.309235834182936,7.47078228359852,8.058516011779197,2026062600
3,0,eta_0p40,0.4,85,/home/bjyong/Complexity/local_project/03_dnn_mnist/06_eta_flip_phase_transition/raw_outputs/eta_reference_search_advanced_4eta_90ref_cpu35_gpu0/04_exact_reference_search/selected_reference_pool/split_000/eta_0p40/ref_085/theta.npy,/home/bjyong/Complexity/local_project/03_dnn_mnist/06_eta_flip_phase_transition/raw_outputs/eta_reference_search_advanced_4eta_90ref_cpu35_gpu0/01_dataset_gen/split_000/eta_0p40/rep_000/dataset.npz,2026502585,adam,2461,0.0,0.48828125,0.002716143607506,1.390665527043085,3.634505062654039,16.98856445713419,0.9753668681620944,4.785287728824375,8.821268291088991,9.278334444568587,2026062600
3,0,eta_0p40,0.4,86,/home/bjyong/Complexity/local_project/03_dnn_mnist/06_eta_flip_phase_transition/raw_outputs/eta_reference_search_advanced_4eta_90ref_cpu35_gpu0/04_exact_reference_search/selected_reference_pool/split_000/eta_0p40/ref_086/theta.npy,/home/bjyong/Complexity/local_project/03_dnn_mnist/06_eta_flip_phase_transition/raw_outputs/eta_reference_search_advanced_4eta_90ref_cpu35_gpu0/01_dataset_gen/split_000/eta_0p40/rep_000/dataset.npz,2026502586,adam,2461,0.0,0.48681640625,0.0011619666233551,0.5949269111578305,3.548080364845968,18.13226577904877,3.412441592023645,5.215253824059741,8.79107575083692,9.224637900952027,2026062600
3,0,eta_0p40,0.4,87,/home/bjyong/Complexity/local_project/03_dnn_mnist/06_eta_flip_phase_transition/raw_outputs/eta_reference_search_advanced_4eta_90ref_cpu35_gpu0/04_exact_reference_search/selected_reference_pool/split_000/eta_0p40/ref_087/theta.npy,/home/bjyong/Complexity/local_project/03_dnn_mnist/06_eta_flip_phase_transition/raw_outputs/eta_reference_search_advanced_4eta_90ref_cpu35_gpu0/01_dataset_gen/split_000/eta_0p40/rep_000/dataset.npz,2026502587,adam,2461,0.0,0.48291015625,0.0027663326824347,1.4163623334065991,3.4948920200184475,17.445670190406602,1.11945914545273,5.064928813328764,8.999437782769952,9.360311027216277,2026062600
3,0,eta_0p40,0.4,88,/home/bjyong/Complexity/local_project/03_dnn_mnist/06_eta_flip_phase_transition/raw_outputs/eta_reference_search_advanced_4eta_90ref_cpu35_gpu0/04_exact_reference_search/selected_reference_pool/split_000/eta_0p40/ref_088/theta.npy,/home/bjyong/Complexity/local_project/03_dnn_mnist/06_eta_flip_phase_transition/raw_outputs/eta_reference_search_advanced_4eta_90ref_cpu35_gpu0/01_dataset_gen/split_000/eta_0p40/rep_000/dataset.npz,2026502588,adam,2461,0.0,0.49365234375,0.0136262596079396,6.976644919265125,2.845244743752035,17.860716744797234,0.0590170467196928,2.857177801272773,6.770116682855591,6.868179455235596,2026062600
3,0,eta_0p40,0.4,89,/home/bjyong/Complexity/local_project/03_dnn_mnist/06_eta_flip_phase_transition/raw_outputs/eta_reference_search_advanced_4eta_90ref_cpu35_gpu0/04_exact_reference_search/selected_reference_pool/split_000/eta_0p40/ref_089/theta.npy,/home/bjyong/Complexity/local_project/03_dnn_mnist/06_eta_flip_phase_transition/raw_outputs/eta_reference_search_advanced_4eta_90ref_cpu35_gpu0/01_dataset_gen/split_000/eta_0p40/rep_000/dataset.npz,2026502589,adam,2461,0.0,0.50048828125,0.0017195923519959,0.8804312842219433,3.7168562586503855,19.504593614501445,1.9577331276579184,5.026224672854003,8.93146089085855,9.504603371678044,2026062600
