cell_id,series,dataset_id,seed,beta_ising,rewire_p,dataset_raw_path,dataset_meta_path
cell_beta_0p05_p_0p00,beta,0,1234,0.05,0.0,02_dnn/01_dataset_gen/raw_outputs/18_beta_cell_90_dataset/raw_datasets/cell_beta_0p05_p_0p00/dataset_000_seed_001234/dataset.npz,02_dnn/01_dataset_gen/raw_outputs/18_beta_cell_90_dataset/raw_datasets/cell_beta_0p05_p_0p00/dataset_000_seed_001234/dataset_meta.json
cell_beta_0p05_p_0p00,beta,1,101234,0.05,0.0,02_dnn/01_dataset_gen/raw_outputs/18_beta_cell_90_dataset/raw_datasets/cell_beta_0p05_p_0p00/dataset_001_seed_101234/dataset.npz,02_dnn/01_dataset_gen/raw_outputs/18_beta_cell_90_dataset/raw_datasets/cell_beta_0p05_p_0p00/dataset_001_seed_101234/dataset_meta.json
cell_beta_0p05_p_0p00,beta,2,201234,0.05,0.0,02_dnn/01_dataset_gen/raw_outputs/18_beta_cell_90_dataset/raw_datasets/cell_beta_0p05_p_0p00/dataset_002_seed_201234/dataset.npz,02_dnn/01_dataset_gen/raw_outputs/18_beta_cell_90_dataset/raw_datasets/cell_beta_0p05_p_0p00/dataset_002_seed_201234/dataset_meta.json
cell_beta_0p05_p_0p00,beta,3,301234,0.05,0.0,02_dnn/01_dataset_gen/raw_outputs/18_beta_cell_90_dataset/raw_datasets/cell_beta_0p05_p_0p00/dataset_003_seed_301234/dataset.npz,02_dnn/01_dataset_gen/raw_outputs/18_beta_cell_90_dataset/raw_datasets/cell_beta_0p05_p_0p00/dataset_003_seed_301234/dataset_meta.json
cell_beta_0p05_p_0p00,beta,4,401234,0.05,0.0,02_dnn/01_dataset_gen/raw_outputs/18_beta_cell_90_dataset/raw_datasets/cell_beta_0p05_p_0p00/dataset_004_seed_401234/dataset.npz,02_dnn/01_dataset_gen/raw_outputs/18_beta_cell_90_dataset/raw_datasets/cell_beta_0p05_p_0p00/dataset_004_seed_401234/dataset_meta.json
cell_beta_0p05_p_0p00,beta,5,501234,0.05,0.0,02_dnn/01_dataset_gen/raw_outputs/18_beta_cell_90_dataset/raw_datasets/cell_beta_0p05_p_0p00/dataset_005_seed_501234/dataset.npz,02_dnn/01_dataset_gen/raw_outputs/18_beta_cell_90_dataset/raw_datasets/cell_beta_0p05_p_0p00/dataset_005_seed_501234/dataset_meta.json
cell_beta_0p05_p_0p00,beta,6,601234,0.05,0.0,02_dnn/01_dataset_gen/raw_outputs/18_beta_cell_90_dataset/raw_datasets/cell_beta_0p05_p_0p00/dataset_006_seed_601234/dataset.npz,02_dnn/01_dataset_gen/raw_outputs/18_beta_cell_90_dataset/raw_datasets/cell_beta_0p05_p_0p00/dataset_006_seed_601234/dataset_meta.json
cell_beta_0p05_p_0p00,beta,7,701234,0.05,0.0,02_dnn/01_dataset_gen/raw_outputs/18_beta_cell_90_dataset/raw_datasets/cell_beta_0p05_p_0p00/dataset_007_seed_701234/dataset.npz,02_dnn/01_dataset_gen/raw_outputs/18_beta_cell_90_dataset/raw_datasets/cell_beta_0p05_p_0p00/dataset_007_seed_701234/dataset_meta.json
cell_beta_0p05_p_0p00,beta,8,801234,0.05,0.0,02_dnn/01_dataset_gen/raw_outputs/18_beta_cell_90_dataset/raw_datasets/cell_beta_0p05_p_0p00/dataset_008_seed_801234/dataset.npz,02_dnn/01_dataset_gen/raw_outputs/18_beta_cell_90_dataset/raw_datasets/cell_beta_0p05_p_0p00/dataset_008_seed_801234/dataset_meta.json
cell_beta_0p05_p_0p00,beta,9,901234,0.05,0.0,02_dnn/01_dataset_gen/raw_outputs/18_beta_cell_90_dataset/raw_datasets/cell_beta_0p05_p_0p00/dataset_009_seed_901234/dataset.npz,02_dnn/01_dataset_gen/raw_outputs/18_beta_cell_90_dataset/raw_datasets/cell_beta_0p05_p_0p00/dataset_009_seed_901234/dataset_meta.json
cell_beta_0p05_p_0p00,beta,10,1001234,0.05,0.0,02_dnn/01_dataset_gen/raw_outputs/18_beta_cell_90_dataset/raw_datasets/cell_beta_0p05_p_0p00/dataset_010_seed_1001234/dataset.npz,02_dnn/01_dataset_gen/raw_outputs/18_beta_cell_90_dataset/raw_datasets/cell_beta_0p05_p_0p00/dataset_010_seed_1001234/dataset_meta.json
cell_beta_0p05_p_0p00,beta,11,1101234,0.05,0.0,02_dnn/01_dataset_gen/raw_outputs/18_beta_cell_90_dataset/raw_datasets/cell_beta_0p05_p_0p00/dataset_011_seed_1101234/dataset.npz,02_dnn/01_dataset_gen/raw_outputs/18_beta_cell_90_dataset/raw_datasets/cell_beta_0p05_p_0p00/dataset_011_seed_1101234/dataset_meta.json
cell_beta_0p05_p_0p00,beta,12,1201234,0.05,0.0,02_dnn/01_dataset_gen/raw_outputs/18_beta_cell_90_dataset/raw_datasets/cell_beta_0p05_p_0p00/dataset_012_seed_1201234/dataset.npz,02_dnn/01_dataset_gen/raw_outputs/18_beta_cell_90_dataset/raw_datasets/cell_beta_0p05_p_0p00/dataset_012_seed_1201234/dataset_meta.json
cell_beta_0p05_p_0p00,beta,13,1301234,0.05,0.0,02_dnn/01_dataset_gen/raw_outputs/18_beta_cell_90_dataset/raw_datasets/cell_beta_0p05_p_0p00/dataset_013_seed_1301234/dataset.npz,02_dnn/01_dataset_gen/raw_outputs/18_beta_cell_90_dataset/raw_datasets/cell_beta_0p05_p_0p00/dataset_013_seed_1301234/dataset_meta.json
cell_beta_0p05_p_0p00,beta,14,1401234,0.05,0.0,02_dnn/01_dataset_gen/raw_outputs/18_beta_cell_90_dataset/raw_datasets/cell_beta_0p05_p_0p00/dataset_014_seed_1401234/dataset.npz,02_dnn/01_dataset_gen/raw_outputs/18_beta_cell_90_dataset/raw_datasets/cell_beta_0p05_p_0p00/dataset_014_seed_1401234/dataset_meta.json
cell_beta_0p05_p_0p00,beta,15,1501234,0.05,0.0,02_dnn/01_dataset_gen/raw_outputs/18_beta_cell_90_dataset/raw_datasets/cell_beta_0p05_p_0p00/dataset_015_seed_1501234/dataset.npz,02_dnn/01_dataset_gen/raw_outputs/18_beta_cell_90_dataset/raw_datasets/cell_beta_0p05_p_0p00/dataset_015_seed_1501234/dataset_meta.json
cell_beta_0p05_p_0p00,beta,16,1601234,0.05,0.0,02_dnn/01_dataset_gen/raw_outputs/18_beta_cell_90_dataset/raw_datasets/cell_beta_0p05_p_0p00/dataset_016_seed_1601234/dataset.npz,02_dnn/01_dataset_gen/raw_outputs/18_beta_cell_90_dataset/raw_datasets/cell_beta_0p05_p_0p00/dataset_016_seed_1601234/dataset_meta.json
cell_beta_0p05_p_0p00,beta,17,1701234,0.05,0.0,02_dnn/01_dataset_gen/raw_outputs/18_beta_cell_90_dataset/raw_datasets/cell_beta_0p05_p_0p00/dataset_017_seed_1701234/dataset.npz,02_dnn/01_dataset_gen/raw_outputs/18_beta_cell_90_dataset/raw_datasets/cell_beta_0p05_p_0p00/dataset_017_seed_1701234/dataset_meta.json
cell_beta_0p05_p_0p00,beta,18,1801234,0.05,0.0,02_dnn/01_dataset_gen/raw_outputs/18_beta_cell_90_dataset/raw_datasets/cell_beta_0p05_p_0p00/dataset_018_seed_1801234/dataset.npz,02_dnn/01_dataset_gen/raw_outputs/18_beta_cell_90_dataset/raw_datasets/cell_beta_0p05_p_0p00/dataset_018_seed_1801234/dataset_meta.json
cell_beta_0p05_p_0p00,beta,19,1901234,0.05,0.0,02_dnn/01_dataset_gen/raw_outputs/18_beta_cell_90_dataset/raw_datasets/cell_beta_0p05_p_0p00/dataset_019_seed_1901234/dataset.npz,02_dnn/01_dataset_gen/raw_outputs/18_beta_cell_90_dataset/raw_datasets/cell_beta_0p05_p_0p00/dataset_019_seed_1901234/dataset_meta.json
cell_beta_0p05_p_0p00,beta,20,2001234,0.05,0.0,02_dnn/01_dataset_gen/raw_outputs/18_beta_cell_90_dataset/raw_datasets/cell_beta_0p05_p_0p00/dataset_020_seed_2001234/dataset.npz,02_dnn/01_dataset_gen/raw_outputs/18_beta_cell_90_dataset/raw_datasets/cell_beta_0p05_p_0p00/dataset_020_seed_2001234/dataset_meta.json
cell_beta_0p05_p_0p00,beta,21,2101234,0.05,0.0,02_dnn/01_dataset_gen/raw_outputs/18_beta_cell_90_dataset/raw_datasets/cell_beta_0p05_p_0p00/dataset_021_seed_2101234/dataset.npz,02_dnn/01_dataset_gen/raw_outputs/18_beta_cell_90_dataset/raw_datasets/cell_beta_0p05_p_0p00/dataset_021_seed_2101234/dataset_meta.json
cell_beta_0p05_p_0p00,beta,22,2201234,0.05,0.0,02_dnn/01_dataset_gen/raw_outputs/18_beta_cell_90_dataset/raw_datasets/cell_beta_0p05_p_0p00/dataset_022_seed_2201234/dataset.npz,02_dnn/01_dataset_gen/raw_outputs/18_beta_cell_90_dataset/raw_datasets/cell_beta_0p05_p_0p00/dataset_022_seed_2201234/dataset_meta.json
cell_beta_0p05_p_0p00,beta,23,2301234,0.05,0.0,02_dnn/01_dataset_gen/raw_outputs/18_beta_cell_90_dataset/raw_datasets/cell_beta_0p05_p_0p00/dataset_023_seed_2301234/dataset.npz,02_dnn/01_dataset_gen/raw_outputs/18_beta_cell_90_dataset/raw_datasets/cell_beta_0p05_p_0p00/dataset_023_seed_2301234/dataset_meta.json
cell_beta_0p05_p_0p00,beta,24,2401234,0.05,0.0,02_dnn/01_dataset_gen/raw_outputs/18_beta_cell_90_dataset/raw_datasets/cell_beta_0p05_p_0p00/dataset_024_seed_2401234/dataset.npz,02_dnn/01_dataset_gen/raw_outputs/18_beta_cell_90_dataset/raw_datasets/cell_beta_0p05_p_0p00/dataset_024_seed_2401234/dataset_meta.json
cell_beta_0p05_p_0p00,beta,25,2501234,0.05,0.0,02_dnn/01_dataset_gen/raw_outputs/18_beta_cell_90_dataset/raw_datasets/cell_beta_0p05_p_0p00/dataset_025_seed_2501234/dataset.npz,02_dnn/01_dataset_gen/raw_outputs/18_beta_cell_90_dataset/raw_datasets/cell_beta_0p05_p_0p00/dataset_025_seed_2501234/dataset_meta.json
cell_beta_0p05_p_0p00,beta,26,2601234,0.05,0.0,02_dnn/01_dataset_gen/raw_outputs/18_beta_cell_90_dataset/raw_datasets/cell_beta_0p05_p_0p00/dataset_026_seed_2601234/dataset.npz,02_dnn/01_dataset_gen/raw_outputs/18_beta_cell_90_dataset/raw_datasets/cell_beta_0p05_p_0p00/dataset_026_seed_2601234/dataset_meta.json
cell_beta_0p05_p_0p00,beta,27,2701234,0.05,0.0,02_dnn/01_dataset_gen/raw_outputs/18_beta_cell_90_dataset/raw_datasets/cell_beta_0p05_p_0p00/dataset_027_seed_2701234/dataset.npz,02_dnn/01_dataset_gen/raw_outputs/18_beta_cell_90_dataset/raw_datasets/cell_beta_0p05_p_0p00/dataset_027_seed_2701234/dataset_meta.json
cell_beta_0p05_p_0p00,beta,28,2801234,0.05,0.0,02_dnn/01_dataset_gen/raw_outputs/18_beta_cell_90_dataset/raw_datasets/cell_beta_0p05_p_0p00/dataset_028_seed_2801234/dataset.npz,02_dnn/01_dataset_gen/raw_outputs/18_beta_cell_90_dataset/raw_datasets/cell_beta_0p05_p_0p00/dataset_028_seed_2801234/dataset_meta.json
cell_beta_0p05_p_0p00,beta,29,2901234,0.05,0.0,02_dnn/01_dataset_gen/raw_outputs/18_beta_cell_90_dataset/raw_datasets/cell_beta_0p05_p_0p00/dataset_029_seed_2901234/dataset.npz,02_dnn/01_dataset_gen/raw_outputs/18_beta_cell_90_dataset/raw_datasets/cell_beta_0p05_p_0p00/dataset_029_seed_2901234/dataset_meta.json
cell_beta_0p05_p_0p00,beta,30,93001234,0.05,0.0,02_dnn/01_dataset_gen/raw_outputs/18_beta_cell_90_dataset/raw_datasets/cell_beta_0p05_p_0p00/dataset_030_seed_93001234/dataset.npz,02_dnn/01_dataset_gen/raw_outputs/18_beta_cell_90_dataset/raw_datasets/cell_beta_0p05_p_0p00/dataset_030_seed_93001234/dataset_meta.json
cell_beta_0p05_p_0p00,beta,31,93101234,0.05,0.0,02_dnn/01_dataset_gen/raw_outputs/18_beta_cell_90_dataset/raw_datasets/cell_beta_0p05_p_0p00/dataset_031_seed_93101234/dataset.npz,02_dnn/01_dataset_gen/raw_outputs/18_beta_cell_90_dataset/raw_datasets/cell_beta_0p05_p_0p00/dataset_031_seed_93101234/dataset_meta.json
cell_beta_0p05_p_0p00,beta,32,93201234,0.05,0.0,02_dnn/01_dataset_gen/raw_outputs/18_beta_cell_90_dataset/raw_datasets/cell_beta_0p05_p_0p00/dataset_032_seed_93201234/dataset.npz,02_dnn/01_dataset_gen/raw_outputs/18_beta_cell_90_dataset/raw_datasets/cell_beta_0p05_p_0p00/dataset_032_seed_93201234/dataset_meta.json
cell_beta_0p05_p_0p00,beta,33,93301234,0.05,0.0,02_dnn/01_dataset_gen/raw_outputs/18_beta_cell_90_dataset/raw_datasets/cell_beta_0p05_p_0p00/dataset_033_seed_93301234/dataset.npz,02_dnn/01_dataset_gen/raw_outputs/18_beta_cell_90_dataset/raw_datasets/cell_beta_0p05_p_0p00/dataset_033_seed_93301234/dataset_meta.json
cell_beta_0p05_p_0p00,beta,34,3401234,0.05,0.0,02_dnn/01_dataset_gen/raw_outputs/18_beta_cell_90_dataset/raw_datasets/cell_beta_0p05_p_0p00/dataset_034_seed_3401234/dataset.npz,02_dnn/01_dataset_gen/raw_outputs/18_beta_cell_90_dataset/raw_datasets/cell_beta_0p05_p_0p00/dataset_034_seed_3401234/dataset_meta.json
cell_beta_0p05_p_0p00,beta,35,3501234,0.05,0.0,02_dnn/01_dataset_gen/raw_outputs/18_beta_cell_90_dataset/raw_datasets/cell_beta_0p05_p_0p00/dataset_035_seed_3501234/dataset.npz,02_dnn/01_dataset_gen/raw_outputs/18_beta_cell_90_dataset/raw_datasets/cell_beta_0p05_p_0p00/dataset_035_seed_3501234/dataset_meta.json
cell_beta_0p05_p_0p00,beta,36,3601234,0.05,0.0,02_dnn/01_dataset_gen/raw_outputs/18_beta_cell_90_dataset/raw_datasets/cell_beta_0p05_p_0p00/dataset_036_seed_3601234/dataset.npz,02_dnn/01_dataset_gen/raw_outputs/18_beta_cell_90_dataset/raw_datasets/cell_beta_0p05_p_0p00/dataset_036_seed_3601234/dataset_meta.json
cell_beta_0p05_p_0p00,beta,37,3701234,0.05,0.0,02_dnn/01_dataset_gen/raw_outputs/18_beta_cell_90_dataset/raw_datasets/cell_beta_0p05_p_0p00/dataset_037_seed_3701234/dataset.npz,02_dnn/01_dataset_gen/raw_outputs/18_beta_cell_90_dataset/raw_datasets/cell_beta_0p05_p_0p00/dataset_037_seed_3701234/dataset_meta.json
cell_beta_0p05_p_0p00,beta,38,3801234,0.05,0.0,02_dnn/01_dataset_gen/raw_outputs/18_beta_cell_90_dataset/raw_datasets/cell_beta_0p05_p_0p00/dataset_038_seed_3801234/dataset.npz,02_dnn/01_dataset_gen/raw_outputs/18_beta_cell_90_dataset/raw_datasets/cell_beta_0p05_p_0p00/dataset_038_seed_3801234/dataset_meta.json
cell_beta_0p05_p_0p00,beta,39,3901234,0.05,0.0,02_dnn/01_dataset_gen/raw_outputs/18_beta_cell_90_dataset/raw_datasets/cell_beta_0p05_p_0p00/dataset_039_seed_3901234/dataset.npz,02_dnn/01_dataset_gen/raw_outputs/18_beta_cell_90_dataset/raw_datasets/cell_beta_0p05_p_0p00/dataset_039_seed_3901234/dataset_meta.json
cell_beta_0p05_p_0p00,beta,40,4001234,0.05,0.0,02_dnn/01_dataset_gen/raw_outputs/18_beta_cell_90_dataset/raw_datasets/cell_beta_0p05_p_0p00/dataset_040_seed_4001234/dataset.npz,02_dnn/01_dataset_gen/raw_outputs/18_beta_cell_90_dataset/raw_datasets/cell_beta_0p05_p_0p00/dataset_040_seed_4001234/dataset_meta.json
cell_beta_0p05_p_0p00,beta,41,4101234,0.05,0.0,02_dnn/01_dataset_gen/raw_outputs/18_beta_cell_90_dataset/raw_datasets/cell_beta_0p05_p_0p00/dataset_041_seed_4101234/dataset.npz,02_dnn/01_dataset_gen/raw_outputs/18_beta_cell_90_dataset/raw_datasets/cell_beta_0p05_p_0p00/dataset_041_seed_4101234/dataset_meta.json
cell_beta_0p05_p_0p00,beta,42,4201234,0.05,0.0,02_dnn/01_dataset_gen/raw_outputs/18_beta_cell_90_dataset/raw_datasets/cell_beta_0p05_p_0p00/dataset_042_seed_4201234/dataset.npz,02_dnn/01_dataset_gen/raw_outputs/18_beta_cell_90_dataset/raw_datasets/cell_beta_0p05_p_0p00/dataset_042_seed_4201234/dataset_meta.json
cell_beta_0p05_p_0p00,beta,43,4301234,0.05,0.0,02_dnn/01_dataset_gen/raw_outputs/18_beta_cell_90_dataset/raw_datasets/cell_beta_0p05_p_0p00/dataset_043_seed_4301234/dataset.npz,02_dnn/01_dataset_gen/raw_outputs/18_beta_cell_90_dataset/raw_datasets/cell_beta_0p05_p_0p00/dataset_043_seed_4301234/dataset_meta.json
cell_beta_0p05_p_0p00,beta,44,4401234,0.05,0.0,02_dnn/01_dataset_gen/raw_outputs/18_beta_cell_90_dataset/raw_datasets/cell_beta_0p05_p_0p00/dataset_044_seed_4401234/dataset.npz,02_dnn/01_dataset_gen/raw_outputs/18_beta_cell_90_dataset/raw_datasets/cell_beta_0p05_p_0p00/dataset_044_seed_4401234/dataset_meta.json
cell_beta_0p05_p_0p00,beta,45,4501234,0.05,0.0,02_dnn/01_dataset_gen/raw_outputs/18_beta_cell_90_dataset/raw_datasets/cell_beta_0p05_p_0p00/dataset_045_seed_4501234/dataset.npz,02_dnn/01_dataset_gen/raw_outputs/18_beta_cell_90_dataset/raw_datasets/cell_beta_0p05_p_0p00/dataset_045_seed_4501234/dataset_meta.json
cell_beta_0p05_p_0p00,beta,46,4601234,0.05,0.0,02_dnn/01_dataset_gen/raw_outputs/18_beta_cell_90_dataset/raw_datasets/cell_beta_0p05_p_0p00/dataset_046_seed_4601234/dataset.npz,02_dnn/01_dataset_gen/raw_outputs/18_beta_cell_90_dataset/raw_datasets/cell_beta_0p05_p_0p00/dataset_046_seed_4601234/dataset_meta.json
cell_beta_0p05_p_0p00,beta,47,4701234,0.05,0.0,02_dnn/01_dataset_gen/raw_outputs/18_beta_cell_90_dataset/raw_datasets/cell_beta_0p05_p_0p00/dataset_047_seed_4701234/dataset.npz,02_dnn/01_dataset_gen/raw_outputs/18_beta_cell_90_dataset/raw_datasets/cell_beta_0p05_p_0p00/dataset_047_seed_4701234/dataset_meta.json
cell_beta_0p05_p_0p00,beta,48,4801234,0.05,0.0,02_dnn/01_dataset_gen/raw_outputs/18_beta_cell_90_dataset/raw_datasets/cell_beta_0p05_p_0p00/dataset_048_seed_4801234/dataset.npz,02_dnn/01_dataset_gen/raw_outputs/18_beta_cell_90_dataset/raw_datasets/cell_beta_0p05_p_0p00/dataset_048_seed_4801234/dataset_meta.json
cell_beta_0p05_p_0p00,beta,49,4901234,0.05,0.0,02_dnn/01_dataset_gen/raw_outputs/18_beta_cell_90_dataset/raw_datasets/cell_beta_0p05_p_0p00/dataset_049_seed_4901234/dataset.npz,02_dnn/01_dataset_gen/raw_outputs/18_beta_cell_90_dataset/raw_datasets/cell_beta_0p05_p_0p00/dataset_049_seed_4901234/dataset_meta.json
cell_beta_0p05_p_0p00,beta,50,5001234,0.05,0.0,02_dnn/01_dataset_gen/raw_outputs/18_beta_cell_90_dataset/raw_datasets/cell_beta_0p05_p_0p00/dataset_050_seed_5001234/dataset.npz,02_dnn/01_dataset_gen/raw_outputs/18_beta_cell_90_dataset/raw_datasets/cell_beta_0p05_p_0p00/dataset_050_seed_5001234/dataset_meta.json
cell_beta_0p05_p_0p00,beta,51,5101234,0.05,0.0,02_dnn/01_dataset_gen/raw_outputs/18_beta_cell_90_dataset/raw_datasets/cell_beta_0p05_p_0p00/dataset_051_seed_5101234/dataset.npz,02_dnn/01_dataset_gen/raw_outputs/18_beta_cell_90_dataset/raw_datasets/cell_beta_0p05_p_0p00/dataset_051_seed_5101234/dataset_meta.json
cell_beta_0p05_p_0p00,beta,52,5201234,0.05,0.0,02_dnn/01_dataset_gen/raw_outputs/18_beta_cell_90_dataset/raw_datasets/cell_beta_0p05_p_0p00/dataset_052_seed_5201234/dataset.npz,02_dnn/01_dataset_gen/raw_outputs/18_beta_cell_90_dataset/raw_datasets/cell_beta_0p05_p_0p00/dataset_052_seed_5201234/dataset_meta.json
cell_beta_0p05_p_0p00,beta,53,5301234,0.05,0.0,02_dnn/01_dataset_gen/raw_outputs/18_beta_cell_90_dataset/raw_datasets/cell_beta_0p05_p_0p00/dataset_053_seed_5301234/dataset.npz,02_dnn/01_dataset_gen/raw_outputs/18_beta_cell_90_dataset/raw_datasets/cell_beta_0p05_p_0p00/dataset_053_seed_5301234/dataset_meta.json
cell_beta_0p05_p_0p00,beta,54,5401234,0.05,0.0,02_dnn/01_dataset_gen/raw_outputs/18_beta_cell_90_dataset/raw_datasets/cell_beta_0p05_p_0p00/dataset_054_seed_5401234/dataset.npz,02_dnn/01_dataset_gen/raw_outputs/18_beta_cell_90_dataset/raw_datasets/cell_beta_0p05_p_0p00/dataset_054_seed_5401234/dataset_meta.json
cell_beta_0p05_p_0p00,beta,55,5501234,0.05,0.0,02_dnn/01_dataset_gen/raw_outputs/18_beta_cell_90_dataset/raw_datasets/cell_beta_0p05_p_0p00/dataset_055_seed_5501234/dataset.npz,02_dnn/01_dataset_gen/raw_outputs/18_beta_cell_90_dataset/raw_datasets/cell_beta_0p05_p_0p00/dataset_055_seed_5501234/dataset_meta.json
cell_beta_0p05_p_0p00,beta,56,5601234,0.05,0.0,02_dnn/01_dataset_gen/raw_outputs/18_beta_cell_90_dataset/raw_datasets/cell_beta_0p05_p_0p00/dataset_056_seed_5601234/dataset.npz,02_dnn/01_dataset_gen/raw_outputs/18_beta_cell_90_dataset/raw_datasets/cell_beta_0p05_p_0p00/dataset_056_seed_5601234/dataset_meta.json
cell_beta_0p05_p_0p00,beta,57,5701234,0.05,0.0,02_dnn/01_dataset_gen/raw_outputs/18_beta_cell_90_dataset/raw_datasets/cell_beta_0p05_p_0p00/dataset_057_seed_5701234/dataset.npz,02_dnn/01_dataset_gen/raw_outputs/18_beta_cell_90_dataset/raw_datasets/cell_beta_0p05_p_0p00/dataset_057_seed_5701234/dataset_meta.json
cell_beta_0p05_p_0p00,beta,58,5801234,0.05,0.0,02_dnn/01_dataset_gen/raw_outputs/18_beta_cell_90_dataset/raw_datasets/cell_beta_0p05_p_0p00/dataset_058_seed_5801234/dataset.npz,02_dnn/01_dataset_gen/raw_outputs/18_beta_cell_90_dataset/raw_datasets/cell_beta_0p05_p_0p00/dataset_058_seed_5801234/dataset_meta.json
cell_beta_0p05_p_0p00,beta,59,5901234,0.05,0.0,02_dnn/01_dataset_gen/raw_outputs/18_beta_cell_90_dataset/raw_datasets/cell_beta_0p05_p_0p00/dataset_059_seed_5901234/dataset.npz,02_dnn/01_dataset_gen/raw_outputs/18_beta_cell_90_dataset/raw_datasets/cell_beta_0p05_p_0p00/dataset_059_seed_5901234/dataset_meta.json
cell_beta_0p05_p_0p00,beta,60,6001234,0.05,0.0,02_dnn/01_dataset_gen/raw_outputs/18_beta_cell_90_dataset/raw_datasets/cell_beta_0p05_p_0p00/dataset_060_seed_6001234/dataset.npz,02_dnn/01_dataset_gen/raw_outputs/18_beta_cell_90_dataset/raw_datasets/cell_beta_0p05_p_0p00/dataset_060_seed_6001234/dataset_meta.json
cell_beta_0p05_p_0p00,beta,61,6101234,0.05,0.0,02_dnn/01_dataset_gen/raw_outputs/18_beta_cell_90_dataset/raw_datasets/cell_beta_0p05_p_0p00/dataset_061_seed_6101234/dataset.npz,02_dnn/01_dataset_gen/raw_outputs/18_beta_cell_90_dataset/raw_datasets/cell_beta_0p05_p_0p00/dataset_061_seed_6101234/dataset_meta.json
cell_beta_0p05_p_0p00,beta,62,6201234,0.05,0.0,02_dnn/01_dataset_gen/raw_outputs/18_beta_cell_90_dataset/raw_datasets/cell_beta_0p05_p_0p00/dataset_062_seed_6201234/dataset.npz,02_dnn/01_dataset_gen/raw_outputs/18_beta_cell_90_dataset/raw_datasets/cell_beta_0p05_p_0p00/dataset_062_seed_6201234/dataset_meta.json
cell_beta_0p05_p_0p00,beta,63,6301234,0.05,0.0,02_dnn/01_dataset_gen/raw_outputs/18_beta_cell_90_dataset/raw_datasets/cell_beta_0p05_p_0p00/dataset_063_seed_6301234/dataset.npz,02_dnn/01_dataset_gen/raw_outputs/18_beta_cell_90_dataset/raw_datasets/cell_beta_0p05_p_0p00/dataset_063_seed_6301234/dataset_meta.json
cell_beta_0p05_p_0p00,beta,64,6401234,0.05,0.0,02_dnn/01_dataset_gen/raw_outputs/18_beta_cell_90_dataset/raw_datasets/cell_beta_0p05_p_0p00/dataset_064_seed_6401234/dataset.npz,02_dnn/01_dataset_gen/raw_outputs/18_beta_cell_90_dataset/raw_datasets/cell_beta_0p05_p_0p00/dataset_064_seed_6401234/dataset_meta.json
cell_beta_0p05_p_0p00,beta,65,6501234,0.05,0.0,02_dnn/01_dataset_gen/raw_outputs/18_beta_cell_90_dataset/raw_datasets/cell_beta_0p05_p_0p00/dataset_065_seed_6501234/dataset.npz,02_dnn/01_dataset_gen/raw_outputs/18_beta_cell_90_dataset/raw_datasets/cell_beta_0p05_p_0p00/dataset_065_seed_6501234/dataset_meta.json
cell_beta_0p05_p_0p00,beta,66,6601234,0.05,0.0,02_dnn/01_dataset_gen/raw_outputs/18_beta_cell_90_dataset/raw_datasets/cell_beta_0p05_p_0p00/dataset_066_seed_6601234/dataset.npz,02_dnn/01_dataset_gen/raw_outputs/18_beta_cell_90_dataset/raw_datasets/cell_beta_0p05_p_0p00/dataset_066_seed_6601234/dataset_meta.json
cell_beta_0p05_p_0p00,beta,67,6701234,0.05,0.0,02_dnn/01_dataset_gen/raw_outputs/18_beta_cell_90_dataset/raw_datasets/cell_beta_0p05_p_0p00/dataset_067_seed_6701234/dataset.npz,02_dnn/01_dataset_gen/raw_outputs/18_beta_cell_90_dataset/raw_datasets/cell_beta_0p05_p_0p00/dataset_067_seed_6701234/dataset_meta.json
cell_beta_0p05_p_0p00,beta,68,6801234,0.05,0.0,02_dnn/01_dataset_gen/raw_outputs/18_beta_cell_90_dataset/raw_datasets/cell_beta_0p05_p_0p00/dataset_068_seed_6801234/dataset.npz,02_dnn/01_dataset_gen/raw_outputs/18_beta_cell_90_dataset/raw_datasets/cell_beta_0p05_p_0p00/dataset_068_seed_6801234/dataset_meta.json
cell_beta_0p05_p_0p00,beta,69,6901234,0.05,0.0,02_dnn/01_dataset_gen/raw_outputs/18_beta_cell_90_dataset/raw_datasets/cell_beta_0p05_p_0p00/dataset_069_seed_6901234/dataset.npz,02_dnn/01_dataset_gen/raw_outputs/18_beta_cell_90_dataset/raw_datasets/cell_beta_0p05_p_0p00/dataset_069_seed_6901234/dataset_meta.json
cell_beta_0p05_p_0p00,beta,70,7001234,0.05,0.0,02_dnn/01_dataset_gen/raw_outputs/18_beta_cell_90_dataset/raw_datasets/cell_beta_0p05_p_0p00/dataset_070_seed_7001234/dataset.npz,02_dnn/01_dataset_gen/raw_outputs/18_beta_cell_90_dataset/raw_datasets/cell_beta_0p05_p_0p00/dataset_070_seed_7001234/dataset_meta.json
cell_beta_0p05_p_0p00,beta,71,7101234,0.05,0.0,02_dnn/01_dataset_gen/raw_outputs/18_beta_cell_90_dataset/raw_datasets/cell_beta_0p05_p_0p00/dataset_071_seed_7101234/dataset.npz,02_dnn/01_dataset_gen/raw_outputs/18_beta_cell_90_dataset/raw_datasets/cell_beta_0p05_p_0p00/dataset_071_seed_7101234/dataset_meta.json
cell_beta_0p05_p_0p00,beta,72,7201234,0.05,0.0,02_dnn/01_dataset_gen/raw_outputs/18_beta_cell_90_dataset/raw_datasets/cell_beta_0p05_p_0p00/dataset_072_seed_7201234/dataset.npz,02_dnn/01_dataset_gen/raw_outputs/18_beta_cell_90_dataset/raw_datasets/cell_beta_0p05_p_0p00/dataset_072_seed_7201234/dataset_meta.json
cell_beta_0p05_p_0p00,beta,73,7301234,0.05,0.0,02_dnn/01_dataset_gen/raw_outputs/18_beta_cell_90_dataset/raw_datasets/cell_beta_0p05_p_0p00/dataset_073_seed_7301234/dataset.npz,02_dnn/01_dataset_gen/raw_outputs/18_beta_cell_90_dataset/raw_datasets/cell_beta_0p05_p_0p00/dataset_073_seed_7301234/dataset_meta.json
cell_beta_0p05_p_0p00,beta,74,7401234,0.05,0.0,02_dnn/01_dataset_gen/raw_outputs/18_beta_cell_90_dataset/raw_datasets/cell_beta_0p05_p_0p00/dataset_074_seed_7401234/dataset.npz,02_dnn/01_dataset_gen/raw_outputs/18_beta_cell_90_dataset/raw_datasets/cell_beta_0p05_p_0p00/dataset_074_seed_7401234/dataset_meta.json
cell_beta_0p05_p_0p00,beta,75,7501234,0.05,0.0,02_dnn/01_dataset_gen/raw_outputs/18_beta_cell_90_dataset/raw_datasets/cell_beta_0p05_p_0p00/dataset_075_seed_7501234/dataset.npz,02_dnn/01_dataset_gen/raw_outputs/18_beta_cell_90_dataset/raw_datasets/cell_beta_0p05_p_0p00/dataset_075_seed_7501234/dataset_meta.json
cell_beta_0p05_p_0p00,beta,76,7601234,0.05,0.0,02_dnn/01_dataset_gen/raw_outputs/18_beta_cell_90_dataset/raw_datasets/cell_beta_0p05_p_0p00/dataset_076_seed_7601234/dataset.npz,02_dnn/01_dataset_gen/raw_outputs/18_beta_cell_90_dataset/raw_datasets/cell_beta_0p05_p_0p00/dataset_076_seed_7601234/dataset_meta.json
cell_beta_0p05_p_0p00,beta,77,7701234,0.05,0.0,02_dnn/01_dataset_gen/raw_outputs/18_beta_cell_90_dataset/raw_datasets/cell_beta_0p05_p_0p00/dataset_077_seed_7701234/dataset.npz,02_dnn/01_dataset_gen/raw_outputs/18_beta_cell_90_dataset/raw_datasets/cell_beta_0p05_p_0p00/dataset_077_seed_7701234/dataset_meta.json
cell_beta_0p05_p_0p00,beta,78,7801234,0.05,0.0,02_dnn/01_dataset_gen/raw_outputs/18_beta_cell_90_dataset/raw_datasets/cell_beta_0p05_p_0p00/dataset_078_seed_7801234/dataset.npz,02_dnn/01_dataset_gen/raw_outputs/18_beta_cell_90_dataset/raw_datasets/cell_beta_0p05_p_0p00/dataset_078_seed_7801234/dataset_meta.json
cell_beta_0p05_p_0p00,beta,79,7901234,0.05,0.0,02_dnn/01_dataset_gen/raw_outputs/18_beta_cell_90_dataset/raw_datasets/cell_beta_0p05_p_0p00/dataset_079_seed_7901234/dataset.npz,02_dnn/01_dataset_gen/raw_outputs/18_beta_cell_90_dataset/raw_datasets/cell_beta_0p05_p_0p00/dataset_079_seed_7901234/dataset_meta.json
cell_beta_0p05_p_0p00,beta,80,8001234,0.05,0.0,02_dnn/01_dataset_gen/raw_outputs/18_beta_cell_90_dataset/raw_datasets/cell_beta_0p05_p_0p00/dataset_080_seed_8001234/dataset.npz,02_dnn/01_dataset_gen/raw_outputs/18_beta_cell_90_dataset/raw_datasets/cell_beta_0p05_p_0p00/dataset_080_seed_8001234/dataset_meta.json
cell_beta_0p05_p_0p00,beta,81,8101234,0.05,0.0,02_dnn/01_dataset_gen/raw_outputs/18_beta_cell_90_dataset/raw_datasets/cell_beta_0p05_p_0p00/dataset_081_seed_8101234/dataset.npz,02_dnn/01_dataset_gen/raw_outputs/18_beta_cell_90_dataset/raw_datasets/cell_beta_0p05_p_0p00/dataset_081_seed_8101234/dataset_meta.json
cell_beta_0p05_p_0p00,beta,82,8201234,0.05,0.0,02_dnn/01_dataset_gen/raw_outputs/18_beta_cell_90_dataset/raw_datasets/cell_beta_0p05_p_0p00/dataset_082_seed_8201234/dataset.npz,02_dnn/01_dataset_gen/raw_outputs/18_beta_cell_90_dataset/raw_datasets/cell_beta_0p05_p_0p00/dataset_082_seed_8201234/dataset_meta.json
cell_beta_0p05_p_0p00,beta,83,8301234,0.05,0.0,02_dnn/01_dataset_gen/raw_outputs/18_beta_cell_90_dataset/raw_datasets/cell_beta_0p05_p_0p00/dataset_083_seed_8301234/dataset.npz,02_dnn/01_dataset_gen/raw_outputs/18_beta_cell_90_dataset/raw_datasets/cell_beta_0p05_p_0p00/dataset_083_seed_8301234/dataset_meta.json
cell_beta_0p05_p_0p00,beta,84,8401234,0.05,0.0,02_dnn/01_dataset_gen/raw_outputs/18_beta_cell_90_dataset/raw_datasets/cell_beta_0p05_p_0p00/dataset_084_seed_8401234/dataset.npz,02_dnn/01_dataset_gen/raw_outputs/18_beta_cell_90_dataset/raw_datasets/cell_beta_0p05_p_0p00/dataset_084_seed_8401234/dataset_meta.json
cell_beta_0p05_p_0p00,beta,85,8501234,0.05,0.0,02_dnn/01_dataset_gen/raw_outputs/18_beta_cell_90_dataset/raw_datasets/cell_beta_0p05_p_0p00/dataset_085_seed_8501234/dataset.npz,02_dnn/01_dataset_gen/raw_outputs/18_beta_cell_90_dataset/raw_datasets/cell_beta_0p05_p_0p00/dataset_085_seed_8501234/dataset_meta.json
cell_beta_0p05_p_0p00,beta,86,8601234,0.05,0.0,02_dnn/01_dataset_gen/raw_outputs/18_beta_cell_90_dataset/raw_datasets/cell_beta_0p05_p_0p00/dataset_086_seed_8601234/dataset.npz,02_dnn/01_dataset_gen/raw_outputs/18_beta_cell_90_dataset/raw_datasets/cell_beta_0p05_p_0p00/dataset_086_seed_8601234/dataset_meta.json
cell_beta_0p05_p_0p00,beta,87,8701234,0.05,0.0,02_dnn/01_dataset_gen/raw_outputs/18_beta_cell_90_dataset/raw_datasets/cell_beta_0p05_p_0p00/dataset_087_seed_8701234/dataset.npz,02_dnn/01_dataset_gen/raw_outputs/18_beta_cell_90_dataset/raw_datasets/cell_beta_0p05_p_0p00/dataset_087_seed_8701234/dataset_meta.json
cell_beta_0p05_p_0p00,beta,88,8801234,0.05,0.0,02_dnn/01_dataset_gen/raw_outputs/18_beta_cell_90_dataset/raw_datasets/cell_beta_0p05_p_0p00/dataset_088_seed_8801234/dataset.npz,02_dnn/01_dataset_gen/raw_outputs/18_beta_cell_90_dataset/raw_datasets/cell_beta_0p05_p_0p00/dataset_088_seed_8801234/dataset_meta.json
cell_beta_0p05_p_0p00,beta,89,8901234,0.05,0.0,02_dnn/01_dataset_gen/raw_outputs/18_beta_cell_90_dataset/raw_datasets/cell_beta_0p05_p_0p00/dataset_089_seed_8901234/dataset.npz,02_dnn/01_dataset_gen/raw_outputs/18_beta_cell_90_dataset/raw_datasets/cell_beta_0p05_p_0p00/dataset_089_seed_8901234/dataset_meta.json
cell_beta_0p07_p_0p00,beta,0,3234,0.07,0.0,02_dnn/01_dataset_gen/raw_outputs/18_beta_cell_90_dataset/raw_datasets/cell_beta_0p07_p_0p00/dataset_000_seed_003234/dataset.npz,02_dnn/01_dataset_gen/raw_outputs/18_beta_cell_90_dataset/raw_datasets/cell_beta_0p07_p_0p00/dataset_000_seed_003234/dataset_meta.json
cell_beta_0p07_p_0p00,beta,1,103234,0.07,0.0,02_dnn/01_dataset_gen/raw_outputs/18_beta_cell_90_dataset/raw_datasets/cell_beta_0p07_p_0p00/dataset_001_seed_103234/dataset.npz,02_dnn/01_dataset_gen/raw_outputs/18_beta_cell_90_dataset/raw_datasets/cell_beta_0p07_p_0p00/dataset_001_seed_103234/dataset_meta.json
cell_beta_0p07_p_0p00,beta,2,203234,0.07,0.0,02_dnn/01_dataset_gen/raw_outputs/18_beta_cell_90_dataset/raw_datasets/cell_beta_0p07_p_0p00/dataset_002_seed_203234/dataset.npz,02_dnn/01_dataset_gen/raw_outputs/18_beta_cell_90_dataset/raw_datasets/cell_beta_0p07_p_0p00/dataset_002_seed_203234/dataset_meta.json
cell_beta_0p07_p_0p00,beta,3,303234,0.07,0.0,02_dnn/01_dataset_gen/raw_outputs/18_beta_cell_90_dataset/raw_datasets/cell_beta_0p07_p_0p00/dataset_003_seed_303234/dataset.npz,02_dnn/01_dataset_gen/raw_outputs/18_beta_cell_90_dataset/raw_datasets/cell_beta_0p07_p_0p00/dataset_003_seed_303234/dataset_meta.json
cell_beta_0p07_p_0p00,beta,4,403234,0.07,0.0,02_dnn/01_dataset_gen/raw_outputs/18_beta_cell_90_dataset/raw_datasets/cell_beta_0p07_p_0p00/dataset_004_seed_403234/dataset.npz,02_dnn/01_dataset_gen/raw_outputs/18_beta_cell_90_dataset/raw_datasets/cell_beta_0p07_p_0p00/dataset_004_seed_403234/dataset_meta.json
cell_beta_0p07_p_0p00,beta,5,503234,0.07,0.0,02_dnn/01_dataset_gen/raw_outputs/18_beta_cell_90_dataset/raw_datasets/cell_beta_0p07_p_0p00/dataset_005_seed_503234/dataset.npz,02_dnn/01_dataset_gen/raw_outputs/18_beta_cell_90_dataset/raw_datasets/cell_beta_0p07_p_0p00/dataset_005_seed_503234/dataset_meta.json
cell_beta_0p07_p_0p00,beta,6,603234,0.07,0.0,02_dnn/01_dataset_gen/raw_outputs/18_beta_cell_90_dataset/raw_datasets/cell_beta_0p07_p_0p00/dataset_006_seed_603234/dataset.npz,02_dnn/01_dataset_gen/raw_outputs/18_beta_cell_90_dataset/raw_datasets/cell_beta_0p07_p_0p00/dataset_006_seed_603234/dataset_meta.json
cell_beta_0p07_p_0p00,beta,7,703234,0.07,0.0,02_dnn/01_dataset_gen/raw_outputs/18_beta_cell_90_dataset/raw_datasets/cell_beta_0p07_p_0p00/dataset_007_seed_703234/dataset.npz,02_dnn/01_dataset_gen/raw_outputs/18_beta_cell_90_dataset/raw_datasets/cell_beta_0p07_p_0p00/dataset_007_seed_703234/dataset_meta.json
cell_beta_0p07_p_0p00,beta,8,803234,0.07,0.0,02_dnn/01_dataset_gen/raw_outputs/18_beta_cell_90_dataset/raw_datasets/cell_beta_0p07_p_0p00/dataset_008_seed_803234/dataset.npz,02_dnn/01_dataset_gen/raw_outputs/18_beta_cell_90_dataset/raw_datasets/cell_beta_0p07_p_0p00/dataset_008_seed_803234/dataset_meta.json
cell_beta_0p07_p_0p00,beta,9,903234,0.07,0.0,02_dnn/01_dataset_gen/raw_outputs/18_beta_cell_90_dataset/raw_datasets/cell_beta_0p07_p_0p00/dataset_009_seed_903234/dataset.npz,02_dnn/01_dataset_gen/raw_outputs/18_beta_cell_90_dataset/raw_datasets/cell_beta_0p07_p_0p00/dataset_009_seed_903234/dataset_meta.json
cell_beta_0p07_p_0p00,beta,10,1003234,0.07,0.0,02_dnn/01_dataset_gen/raw_outputs/18_beta_cell_90_dataset/raw_datasets/cell_beta_0p07_p_0p00/dataset_010_seed_1003234/dataset.npz,02_dnn/01_dataset_gen/raw_outputs/18_beta_cell_90_dataset/raw_datasets/cell_beta_0p07_p_0p00/dataset_010_seed_1003234/dataset_meta.json
cell_beta_0p07_p_0p00,beta,11,1103234,0.07,0.0,02_dnn/01_dataset_gen/raw_outputs/18_beta_cell_90_dataset/raw_datasets/cell_beta_0p07_p_0p00/dataset_011_seed_1103234/dataset.npz,02_dnn/01_dataset_gen/raw_outputs/18_beta_cell_90_dataset/raw_datasets/cell_beta_0p07_p_0p00/dataset_011_seed_1103234/dataset_meta.json
cell_beta_0p07_p_0p00,beta,12,1203234,0.07,0.0,02_dnn/01_dataset_gen/raw_outputs/18_beta_cell_90_dataset/raw_datasets/cell_beta_0p07_p_0p00/dataset_012_seed_1203234/dataset.npz,02_dnn/01_dataset_gen/raw_outputs/18_beta_cell_90_dataset/raw_datasets/cell_beta_0p07_p_0p00/dataset_012_seed_1203234/dataset_meta.json
cell_beta_0p07_p_0p00,beta,13,1303234,0.07,0.0,02_dnn/01_dataset_gen/raw_outputs/18_beta_cell_90_dataset/raw_datasets/cell_beta_0p07_p_0p00/dataset_013_seed_1303234/dataset.npz,02_dnn/01_dataset_gen/raw_outputs/18_beta_cell_90_dataset/raw_datasets/cell_beta_0p07_p_0p00/dataset_013_seed_1303234/dataset_meta.json
cell_beta_0p07_p_0p00,beta,14,1403234,0.07,0.0,02_dnn/01_dataset_gen/raw_outputs/18_beta_cell_90_dataset/raw_datasets/cell_beta_0p07_p_0p00/dataset_014_seed_1403234/dataset.npz,02_dnn/01_dataset_gen/raw_outputs/18_beta_cell_90_dataset/raw_datasets/cell_beta_0p07_p_0p00/dataset_014_seed_1403234/dataset_meta.json
cell_beta_0p07_p_0p00,beta,15,1503234,0.07,0.0,02_dnn/01_dataset_gen/raw_outputs/18_beta_cell_90_dataset/raw_datasets/cell_beta_0p07_p_0p00/dataset_015_seed_1503234/dataset.npz,02_dnn/01_dataset_gen/raw_outputs/18_beta_cell_90_dataset/raw_datasets/cell_beta_0p07_p_0p00/dataset_015_seed_1503234/dataset_meta.json
cell_beta_0p07_p_0p00,beta,16,1603234,0.07,0.0,02_dnn/01_dataset_gen/raw_outputs/18_beta_cell_90_dataset/raw_datasets/cell_beta_0p07_p_0p00/dataset_016_seed_1603234/dataset.npz,02_dnn/01_dataset_gen/raw_outputs/18_beta_cell_90_dataset/raw_datasets/cell_beta_0p07_p_0p00/dataset_016_seed_1603234/dataset_meta.json
cell_beta_0p07_p_0p00,beta,17,1703234,0.07,0.0,02_dnn/01_dataset_gen/raw_outputs/18_beta_cell_90_dataset/raw_datasets/cell_beta_0p07_p_0p00/dataset_017_seed_1703234/dataset.npz,02_dnn/01_dataset_gen/raw_outputs/18_beta_cell_90_dataset/raw_datasets/cell_beta_0p07_p_0p00/dataset_017_seed_1703234/dataset_meta.json
cell_beta_0p07_p_0p00,beta,18,1803234,0.07,0.0,02_dnn/01_dataset_gen/raw_outputs/18_beta_cell_90_dataset/raw_datasets/cell_beta_0p07_p_0p00/dataset_018_seed_1803234/dataset.npz,02_dnn/01_dataset_gen/raw_outputs/18_beta_cell_90_dataset/raw_datasets/cell_beta_0p07_p_0p00/dataset_018_seed_1803234/dataset_meta.json
cell_beta_0p07_p_0p00,beta,19,1903234,0.07,0.0,02_dnn/01_dataset_gen/raw_outputs/18_beta_cell_90_dataset/raw_datasets/cell_beta_0p07_p_0p00/dataset_019_seed_1903234/dataset.npz,02_dnn/01_dataset_gen/raw_outputs/18_beta_cell_90_dataset/raw_datasets/cell_beta_0p07_p_0p00/dataset_019_seed_1903234/dataset_meta.json
cell_beta_0p07_p_0p00,beta,20,2003234,0.07,0.0,02_dnn/01_dataset_gen/raw_outputs/18_beta_cell_90_dataset/raw_datasets/cell_beta_0p07_p_0p00/dataset_020_seed_2003234/dataset.npz,02_dnn/01_dataset_gen/raw_outputs/18_beta_cell_90_dataset/raw_datasets/cell_beta_0p07_p_0p00/dataset_020_seed_2003234/dataset_meta.json
cell_beta_0p07_p_0p00,beta,21,2103234,0.07,0.0,02_dnn/01_dataset_gen/raw_outputs/18_beta_cell_90_dataset/raw_datasets/cell_beta_0p07_p_0p00/dataset_021_seed_2103234/dataset.npz,02_dnn/01_dataset_gen/raw_outputs/18_beta_cell_90_dataset/raw_datasets/cell_beta_0p07_p_0p00/dataset_021_seed_2103234/dataset_meta.json
cell_beta_0p07_p_0p00,beta,22,2203234,0.07,0.0,02_dnn/01_dataset_gen/raw_outputs/18_beta_cell_90_dataset/raw_datasets/cell_beta_0p07_p_0p00/dataset_022_seed_2203234/dataset.npz,02_dnn/01_dataset_gen/raw_outputs/18_beta_cell_90_dataset/raw_datasets/cell_beta_0p07_p_0p00/dataset_022_seed_2203234/dataset_meta.json
cell_beta_0p07_p_0p00,beta,23,2303234,0.07,0.0,02_dnn/01_dataset_gen/raw_outputs/18_beta_cell_90_dataset/raw_datasets/cell_beta_0p07_p_0p00/dataset_023_seed_2303234/dataset.npz,02_dnn/01_dataset_gen/raw_outputs/18_beta_cell_90_dataset/raw_datasets/cell_beta_0p07_p_0p00/dataset_023_seed_2303234/dataset_meta.json
cell_beta_0p07_p_0p00,beta,24,2403234,0.07,0.0,02_dnn/01_dataset_gen/raw_outputs/18_beta_cell_90_dataset/raw_datasets/cell_beta_0p07_p_0p00/dataset_024_seed_2403234/dataset.npz,02_dnn/01_dataset_gen/raw_outputs/18_beta_cell_90_dataset/raw_datasets/cell_beta_0p07_p_0p00/dataset_024_seed_2403234/dataset_meta.json
cell_beta_0p07_p_0p00,beta,25,2503234,0.07,0.0,02_dnn/01_dataset_gen/raw_outputs/18_beta_cell_90_dataset/raw_datasets/cell_beta_0p07_p_0p00/dataset_025_seed_2503234/dataset.npz,02_dnn/01_dataset_gen/raw_outputs/18_beta_cell_90_dataset/raw_datasets/cell_beta_0p07_p_0p00/dataset_025_seed_2503234/dataset_meta.json
cell_beta_0p07_p_0p00,beta,26,2603234,0.07,0.0,02_dnn/01_dataset_gen/raw_outputs/18_beta_cell_90_dataset/raw_datasets/cell_beta_0p07_p_0p00/dataset_026_seed_2603234/dataset.npz,02_dnn/01_dataset_gen/raw_outputs/18_beta_cell_90_dataset/raw_datasets/cell_beta_0p07_p_0p00/dataset_026_seed_2603234/dataset_meta.json
cell_beta_0p07_p_0p00,beta,27,2703234,0.07,0.0,02_dnn/01_dataset_gen/raw_outputs/18_beta_cell_90_dataset/raw_datasets/cell_beta_0p07_p_0p00/dataset_027_seed_2703234/dataset.npz,02_dnn/01_dataset_gen/raw_outputs/18_beta_cell_90_dataset/raw_datasets/cell_beta_0p07_p_0p00/dataset_027_seed_2703234/dataset_meta.json
cell_beta_0p07_p_0p00,beta,28,2803234,0.07,0.0,02_dnn/01_dataset_gen/raw_outputs/18_beta_cell_90_dataset/raw_datasets/cell_beta_0p07_p_0p00/dataset_028_seed_2803234/dataset.npz,02_dnn/01_dataset_gen/raw_outputs/18_beta_cell_90_dataset/raw_datasets/cell_beta_0p07_p_0p00/dataset_028_seed_2803234/dataset_meta.json
cell_beta_0p07_p_0p00,beta,29,2903234,0.07,0.0,02_dnn/01_dataset_gen/raw_outputs/18_beta_cell_90_dataset/raw_datasets/cell_beta_0p07_p_0p00/dataset_029_seed_2903234/dataset.npz,02_dnn/01_dataset_gen/raw_outputs/18_beta_cell_90_dataset/raw_datasets/cell_beta_0p07_p_0p00/dataset_029_seed_2903234/dataset_meta.json
cell_beta_0p07_p_0p00,beta,30,3003234,0.07,0.0,02_dnn/01_dataset_gen/raw_outputs/18_beta_cell_90_dataset/raw_datasets/cell_beta_0p07_p_0p00/dataset_030_seed_3003234/dataset.npz,02_dnn/01_dataset_gen/raw_outputs/18_beta_cell_90_dataset/raw_datasets/cell_beta_0p07_p_0p00/dataset_030_seed_3003234/dataset_meta.json
cell_beta_0p07_p_0p00,beta,31,3103234,0.07,0.0,02_dnn/01_dataset_gen/raw_outputs/18_beta_cell_90_dataset/raw_datasets/cell_beta_0p07_p_0p00/dataset_031_seed_3103234/dataset.npz,02_dnn/01_dataset_gen/raw_outputs/18_beta_cell_90_dataset/raw_datasets/cell_beta_0p07_p_0p00/dataset_031_seed_3103234/dataset_meta.json
cell_beta_0p07_p_0p00,beta,32,3203234,0.07,0.0,02_dnn/01_dataset_gen/raw_outputs/18_beta_cell_90_dataset/raw_datasets/cell_beta_0p07_p_0p00/dataset_032_seed_3203234/dataset.npz,02_dnn/01_dataset_gen/raw_outputs/18_beta_cell_90_dataset/raw_datasets/cell_beta_0p07_p_0p00/dataset_032_seed_3203234/dataset_meta.json
cell_beta_0p07_p_0p00,beta,33,3303234,0.07,0.0,02_dnn/01_dataset_gen/raw_outputs/18_beta_cell_90_dataset/raw_datasets/cell_beta_0p07_p_0p00/dataset_033_seed_3303234/dataset.npz,02_dnn/01_dataset_gen/raw_outputs/18_beta_cell_90_dataset/raw_datasets/cell_beta_0p07_p_0p00/dataset_033_seed_3303234/dataset_meta.json
cell_beta_0p07_p_0p00,beta,34,3403234,0.07,0.0,02_dnn/01_dataset_gen/raw_outputs/18_beta_cell_90_dataset/raw_datasets/cell_beta_0p07_p_0p00/dataset_034_seed_3403234/dataset.npz,02_dnn/01_dataset_gen/raw_outputs/18_beta_cell_90_dataset/raw_datasets/cell_beta_0p07_p_0p00/dataset_034_seed_3403234/dataset_meta.json
cell_beta_0p07_p_0p00,beta,35,3503234,0.07,0.0,02_dnn/01_dataset_gen/raw_outputs/18_beta_cell_90_dataset/raw_datasets/cell_beta_0p07_p_0p00/dataset_035_seed_3503234/dataset.npz,02_dnn/01_dataset_gen/raw_outputs/18_beta_cell_90_dataset/raw_datasets/cell_beta_0p07_p_0p00/dataset_035_seed_3503234/dataset_meta.json
cell_beta_0p07_p_0p00,beta,36,3603234,0.07,0.0,02_dnn/01_dataset_gen/raw_outputs/18_beta_cell_90_dataset/raw_datasets/cell_beta_0p07_p_0p00/dataset_036_seed_3603234/dataset.npz,02_dnn/01_dataset_gen/raw_outputs/18_beta_cell_90_dataset/raw_datasets/cell_beta_0p07_p_0p00/dataset_036_seed_3603234/dataset_meta.json
cell_beta_0p07_p_0p00,beta,37,3703234,0.07,0.0,02_dnn/01_dataset_gen/raw_outputs/18_beta_cell_90_dataset/raw_datasets/cell_beta_0p07_p_0p00/dataset_037_seed_3703234/dataset.npz,02_dnn/01_dataset_gen/raw_outputs/18_beta_cell_90_dataset/raw_datasets/cell_beta_0p07_p_0p00/dataset_037_seed_3703234/dataset_meta.json
cell_beta_0p07_p_0p00,beta,38,3803234,0.07,0.0,02_dnn/01_dataset_gen/raw_outputs/18_beta_cell_90_dataset/raw_datasets/cell_beta_0p07_p_0p00/dataset_038_seed_3803234/dataset.npz,02_dnn/01_dataset_gen/raw_outputs/18_beta_cell_90_dataset/raw_datasets/cell_beta_0p07_p_0p00/dataset_038_seed_3803234/dataset_meta.json
cell_beta_0p07_p_0p00,beta,39,3903234,0.07,0.0,02_dnn/01_dataset_gen/raw_outputs/18_beta_cell_90_dataset/raw_datasets/cell_beta_0p07_p_0p00/dataset_039_seed_3903234/dataset.npz,02_dnn/01_dataset_gen/raw_outputs/18_beta_cell_90_dataset/raw_datasets/cell_beta_0p07_p_0p00/dataset_039_seed_3903234/dataset_meta.json
cell_beta_0p07_p_0p00,beta,40,4003234,0.07,0.0,02_dnn/01_dataset_gen/raw_outputs/18_beta_cell_90_dataset/raw_datasets/cell_beta_0p07_p_0p00/dataset_040_seed_4003234/dataset.npz,02_dnn/01_dataset_gen/raw_outputs/18_beta_cell_90_dataset/raw_datasets/cell_beta_0p07_p_0p00/dataset_040_seed_4003234/dataset_meta.json
cell_beta_0p07_p_0p00,beta,41,4103234,0.07,0.0,02_dnn/01_dataset_gen/raw_outputs/18_beta_cell_90_dataset/raw_datasets/cell_beta_0p07_p_0p00/dataset_041_seed_4103234/dataset.npz,02_dnn/01_dataset_gen/raw_outputs/18_beta_cell_90_dataset/raw_datasets/cell_beta_0p07_p_0p00/dataset_041_seed_4103234/dataset_meta.json
cell_beta_0p07_p_0p00,beta,42,4203234,0.07,0.0,02_dnn/01_dataset_gen/raw_outputs/18_beta_cell_90_dataset/raw_datasets/cell_beta_0p07_p_0p00/dataset_042_seed_4203234/dataset.npz,02_dnn/01_dataset_gen/raw_outputs/18_beta_cell_90_dataset/raw_datasets/cell_beta_0p07_p_0p00/dataset_042_seed_4203234/dataset_meta.json
cell_beta_0p07_p_0p00,beta,43,4303234,0.07,0.0,02_dnn/01_dataset_gen/raw_outputs/18_beta_cell_90_dataset/raw_datasets/cell_beta_0p07_p_0p00/dataset_043_seed_4303234/dataset.npz,02_dnn/01_dataset_gen/raw_outputs/18_beta_cell_90_dataset/raw_datasets/cell_beta_0p07_p_0p00/dataset_043_seed_4303234/dataset_meta.json
cell_beta_0p07_p_0p00,beta,44,4403234,0.07,0.0,02_dnn/01_dataset_gen/raw_outputs/18_beta_cell_90_dataset/raw_datasets/cell_beta_0p07_p_0p00/dataset_044_seed_4403234/dataset.npz,02_dnn/01_dataset_gen/raw_outputs/18_beta_cell_90_dataset/raw_datasets/cell_beta_0p07_p_0p00/dataset_044_seed_4403234/dataset_meta.json
cell_beta_0p07_p_0p00,beta,45,4503234,0.07,0.0,02_dnn/01_dataset_gen/raw_outputs/18_beta_cell_90_dataset/raw_datasets/cell_beta_0p07_p_0p00/dataset_045_seed_4503234/dataset.npz,02_dnn/01_dataset_gen/raw_outputs/18_beta_cell_90_dataset/raw_datasets/cell_beta_0p07_p_0p00/dataset_045_seed_4503234/dataset_meta.json
cell_beta_0p07_p_0p00,beta,46,4603234,0.07,0.0,02_dnn/01_dataset_gen/raw_outputs/18_beta_cell_90_dataset/raw_datasets/cell_beta_0p07_p_0p00/dataset_046_seed_4603234/dataset.npz,02_dnn/01_dataset_gen/raw_outputs/18_beta_cell_90_dataset/raw_datasets/cell_beta_0p07_p_0p00/dataset_046_seed_4603234/dataset_meta.json
cell_beta_0p07_p_0p00,beta,47,4703234,0.07,0.0,02_dnn/01_dataset_gen/raw_outputs/18_beta_cell_90_dataset/raw_datasets/cell_beta_0p07_p_0p00/dataset_047_seed_4703234/dataset.npz,02_dnn/01_dataset_gen/raw_outputs/18_beta_cell_90_dataset/raw_datasets/cell_beta_0p07_p_0p00/dataset_047_seed_4703234/dataset_meta.json
cell_beta_0p07_p_0p00,beta,48,4803234,0.07,0.0,02_dnn/01_dataset_gen/raw_outputs/18_beta_cell_90_dataset/raw_datasets/cell_beta_0p07_p_0p00/dataset_048_seed_4803234/dataset.npz,02_dnn/01_dataset_gen/raw_outputs/18_beta_cell_90_dataset/raw_datasets/cell_beta_0p07_p_0p00/dataset_048_seed_4803234/dataset_meta.json
cell_beta_0p07_p_0p00,beta,49,4903234,0.07,0.0,02_dnn/01_dataset_gen/raw_outputs/18_beta_cell_90_dataset/raw_datasets/cell_beta_0p07_p_0p00/dataset_049_seed_4903234/dataset.npz,02_dnn/01_dataset_gen/raw_outputs/18_beta_cell_90_dataset/raw_datasets/cell_beta_0p07_p_0p00/dataset_049_seed_4903234/dataset_meta.json
cell_beta_0p07_p_0p00,beta,50,5003234,0.07,0.0,02_dnn/01_dataset_gen/raw_outputs/18_beta_cell_90_dataset/raw_datasets/cell_beta_0p07_p_0p00/dataset_050_seed_5003234/dataset.npz,02_dnn/01_dataset_gen/raw_outputs/18_beta_cell_90_dataset/raw_datasets/cell_beta_0p07_p_0p00/dataset_050_seed_5003234/dataset_meta.json
cell_beta_0p07_p_0p00,beta,51,5103234,0.07,0.0,02_dnn/01_dataset_gen/raw_outputs/18_beta_cell_90_dataset/raw_datasets/cell_beta_0p07_p_0p00/dataset_051_seed_5103234/dataset.npz,02_dnn/01_dataset_gen/raw_outputs/18_beta_cell_90_dataset/raw_datasets/cell_beta_0p07_p_0p00/dataset_051_seed_5103234/dataset_meta.json
cell_beta_0p07_p_0p00,beta,52,5203234,0.07,0.0,02_dnn/01_dataset_gen/raw_outputs/18_beta_cell_90_dataset/raw_datasets/cell_beta_0p07_p_0p00/dataset_052_seed_5203234/dataset.npz,02_dnn/01_dataset_gen/raw_outputs/18_beta_cell_90_dataset/raw_datasets/cell_beta_0p07_p_0p00/dataset_052_seed_5203234/dataset_meta.json
cell_beta_0p07_p_0p00,beta,53,5303234,0.07,0.0,02_dnn/01_dataset_gen/raw_outputs/18_beta_cell_90_dataset/raw_datasets/cell_beta_0p07_p_0p00/dataset_053_seed_5303234/dataset.npz,02_dnn/01_dataset_gen/raw_outputs/18_beta_cell_90_dataset/raw_datasets/cell_beta_0p07_p_0p00/dataset_053_seed_5303234/dataset_meta.json
cell_beta_0p07_p_0p00,beta,54,5403234,0.07,0.0,02_dnn/01_dataset_gen/raw_outputs/18_beta_cell_90_dataset/raw_datasets/cell_beta_0p07_p_0p00/dataset_054_seed_5403234/dataset.npz,02_dnn/01_dataset_gen/raw_outputs/18_beta_cell_90_dataset/raw_datasets/cell_beta_0p07_p_0p00/dataset_054_seed_5403234/dataset_meta.json
cell_beta_0p07_p_0p00,beta,55,5503234,0.07,0.0,02_dnn/01_dataset_gen/raw_outputs/18_beta_cell_90_dataset/raw_datasets/cell_beta_0p07_p_0p00/dataset_055_seed_5503234/dataset.npz,02_dnn/01_dataset_gen/raw_outputs/18_beta_cell_90_dataset/raw_datasets/cell_beta_0p07_p_0p00/dataset_055_seed_5503234/dataset_meta.json
cell_beta_0p07_p_0p00,beta,56,5603234,0.07,0.0,02_dnn/01_dataset_gen/raw_outputs/18_beta_cell_90_dataset/raw_datasets/cell_beta_0p07_p_0p00/dataset_056_seed_5603234/dataset.npz,02_dnn/01_dataset_gen/raw_outputs/18_beta_cell_90_dataset/raw_datasets/cell_beta_0p07_p_0p00/dataset_056_seed_5603234/dataset_meta.json
cell_beta_0p07_p_0p00,beta,57,5703234,0.07,0.0,02_dnn/01_dataset_gen/raw_outputs/18_beta_cell_90_dataset/raw_datasets/cell_beta_0p07_p_0p00/dataset_057_seed_5703234/dataset.npz,02_dnn/01_dataset_gen/raw_outputs/18_beta_cell_90_dataset/raw_datasets/cell_beta_0p07_p_0p00/dataset_057_seed_5703234/dataset_meta.json
cell_beta_0p07_p_0p00,beta,58,5803234,0.07,0.0,02_dnn/01_dataset_gen/raw_outputs/18_beta_cell_90_dataset/raw_datasets/cell_beta_0p07_p_0p00/dataset_058_seed_5803234/dataset.npz,02_dnn/01_dataset_gen/raw_outputs/18_beta_cell_90_dataset/raw_datasets/cell_beta_0p07_p_0p00/dataset_058_seed_5803234/dataset_meta.json
cell_beta_0p07_p_0p00,beta,59,5903234,0.07,0.0,02_dnn/01_dataset_gen/raw_outputs/18_beta_cell_90_dataset/raw_datasets/cell_beta_0p07_p_0p00/dataset_059_seed_5903234/dataset.npz,02_dnn/01_dataset_gen/raw_outputs/18_beta_cell_90_dataset/raw_datasets/cell_beta_0p07_p_0p00/dataset_059_seed_5903234/dataset_meta.json
cell_beta_0p07_p_0p00,beta,60,6003234,0.07,0.0,02_dnn/01_dataset_gen/raw_outputs/18_beta_cell_90_dataset/raw_datasets/cell_beta_0p07_p_0p00/dataset_060_seed_6003234/dataset.npz,02_dnn/01_dataset_gen/raw_outputs/18_beta_cell_90_dataset/raw_datasets/cell_beta_0p07_p_0p00/dataset_060_seed_6003234/dataset_meta.json
cell_beta_0p07_p_0p00,beta,61,6103234,0.07,0.0,02_dnn/01_dataset_gen/raw_outputs/18_beta_cell_90_dataset/raw_datasets/cell_beta_0p07_p_0p00/dataset_061_seed_6103234/dataset.npz,02_dnn/01_dataset_gen/raw_outputs/18_beta_cell_90_dataset/raw_datasets/cell_beta_0p07_p_0p00/dataset_061_seed_6103234/dataset_meta.json
cell_beta_0p07_p_0p00,beta,62,96203234,0.07,0.0,02_dnn/01_dataset_gen/raw_outputs/18_beta_cell_90_dataset/raw_datasets/cell_beta_0p07_p_0p00/dataset_062_seed_96203234/dataset.npz,02_dnn/01_dataset_gen/raw_outputs/18_beta_cell_90_dataset/raw_datasets/cell_beta_0p07_p_0p00/dataset_062_seed_96203234/dataset_meta.json
cell_beta_0p07_p_0p00,beta,63,6303234,0.07,0.0,02_dnn/01_dataset_gen/raw_outputs/18_beta_cell_90_dataset/raw_datasets/cell_beta_0p07_p_0p00/dataset_063_seed_6303234/dataset.npz,02_dnn/01_dataset_gen/raw_outputs/18_beta_cell_90_dataset/raw_datasets/cell_beta_0p07_p_0p00/dataset_063_seed_6303234/dataset_meta.json
cell_beta_0p07_p_0p00,beta,64,6403234,0.07,0.0,02_dnn/01_dataset_gen/raw_outputs/18_beta_cell_90_dataset/raw_datasets/cell_beta_0p07_p_0p00/dataset_064_seed_6403234/dataset.npz,02_dnn/01_dataset_gen/raw_outputs/18_beta_cell_90_dataset/raw_datasets/cell_beta_0p07_p_0p00/dataset_064_seed_6403234/dataset_meta.json
cell_beta_0p07_p_0p00,beta,65,6503234,0.07,0.0,02_dnn/01_dataset_gen/raw_outputs/18_beta_cell_90_dataset/raw_datasets/cell_beta_0p07_p_0p00/dataset_065_seed_6503234/dataset.npz,02_dnn/01_dataset_gen/raw_outputs/18_beta_cell_90_dataset/raw_datasets/cell_beta_0p07_p_0p00/dataset_065_seed_6503234/dataset_meta.json
cell_beta_0p07_p_0p00,beta,66,6603234,0.07,0.0,02_dnn/01_dataset_gen/raw_outputs/18_beta_cell_90_dataset/raw_datasets/cell_beta_0p07_p_0p00/dataset_066_seed_6603234/dataset.npz,02_dnn/01_dataset_gen/raw_outputs/18_beta_cell_90_dataset/raw_datasets/cell_beta_0p07_p_0p00/dataset_066_seed_6603234/dataset_meta.json
cell_beta_0p07_p_0p00,beta,67,6703234,0.07,0.0,02_dnn/01_dataset_gen/raw_outputs/18_beta_cell_90_dataset/raw_datasets/cell_beta_0p07_p_0p00/dataset_067_seed_6703234/dataset.npz,02_dnn/01_dataset_gen/raw_outputs/18_beta_cell_90_dataset/raw_datasets/cell_beta_0p07_p_0p00/dataset_067_seed_6703234/dataset_meta.json
cell_beta_0p07_p_0p00,beta,68,6803234,0.07,0.0,02_dnn/01_dataset_gen/raw_outputs/18_beta_cell_90_dataset/raw_datasets/cell_beta_0p07_p_0p00/dataset_068_seed_6803234/dataset.npz,02_dnn/01_dataset_gen/raw_outputs/18_beta_cell_90_dataset/raw_datasets/cell_beta_0p07_p_0p00/dataset_068_seed_6803234/dataset_meta.json
cell_beta_0p07_p_0p00,beta,69,6903234,0.07,0.0,02_dnn/01_dataset_gen/raw_outputs/18_beta_cell_90_dataset/raw_datasets/cell_beta_0p07_p_0p00/dataset_069_seed_6903234/dataset.npz,02_dnn/01_dataset_gen/raw_outputs/18_beta_cell_90_dataset/raw_datasets/cell_beta_0p07_p_0p00/dataset_069_seed_6903234/dataset_meta.json
cell_beta_0p07_p_0p00,beta,70,7003234,0.07,0.0,02_dnn/01_dataset_gen/raw_outputs/18_beta_cell_90_dataset/raw_datasets/cell_beta_0p07_p_0p00/dataset_070_seed_7003234/dataset.npz,02_dnn/01_dataset_gen/raw_outputs/18_beta_cell_90_dataset/raw_datasets/cell_beta_0p07_p_0p00/dataset_070_seed_7003234/dataset_meta.json
cell_beta_0p07_p_0p00,beta,71,7103234,0.07,0.0,02_dnn/01_dataset_gen/raw_outputs/18_beta_cell_90_dataset/raw_datasets/cell_beta_0p07_p_0p00/dataset_071_seed_7103234/dataset.npz,02_dnn/01_dataset_gen/raw_outputs/18_beta_cell_90_dataset/raw_datasets/cell_beta_0p07_p_0p00/dataset_071_seed_7103234/dataset_meta.json
cell_beta_0p07_p_0p00,beta,72,7203234,0.07,0.0,02_dnn/01_dataset_gen/raw_outputs/18_beta_cell_90_dataset/raw_datasets/cell_beta_0p07_p_0p00/dataset_072_seed_7203234/dataset.npz,02_dnn/01_dataset_gen/raw_outputs/18_beta_cell_90_dataset/raw_datasets/cell_beta_0p07_p_0p00/dataset_072_seed_7203234/dataset_meta.json
cell_beta_0p07_p_0p00,beta,73,7303234,0.07,0.0,02_dnn/01_dataset_gen/raw_outputs/18_beta_cell_90_dataset/raw_datasets/cell_beta_0p07_p_0p00/dataset_073_seed_7303234/dataset.npz,02_dnn/01_dataset_gen/raw_outputs/18_beta_cell_90_dataset/raw_datasets/cell_beta_0p07_p_0p00/dataset_073_seed_7303234/dataset_meta.json
cell_beta_0p07_p_0p00,beta,74,7403234,0.07,0.0,02_dnn/01_dataset_gen/raw_outputs/18_beta_cell_90_dataset/raw_datasets/cell_beta_0p07_p_0p00/dataset_074_seed_7403234/dataset.npz,02_dnn/01_dataset_gen/raw_outputs/18_beta_cell_90_dataset/raw_datasets/cell_beta_0p07_p_0p00/dataset_074_seed_7403234/dataset_meta.json
cell_beta_0p07_p_0p00,beta,75,7503234,0.07,0.0,02_dnn/01_dataset_gen/raw_outputs/18_beta_cell_90_dataset/raw_datasets/cell_beta_0p07_p_0p00/dataset_075_seed_7503234/dataset.npz,02_dnn/01_dataset_gen/raw_outputs/18_beta_cell_90_dataset/raw_datasets/cell_beta_0p07_p_0p00/dataset_075_seed_7503234/dataset_meta.json
cell_beta_0p07_p_0p00,beta,76,7603234,0.07,0.0,02_dnn/01_dataset_gen/raw_outputs/18_beta_cell_90_dataset/raw_datasets/cell_beta_0p07_p_0p00/dataset_076_seed_7603234/dataset.npz,02_dnn/01_dataset_gen/raw_outputs/18_beta_cell_90_dataset/raw_datasets/cell_beta_0p07_p_0p00/dataset_076_seed_7603234/dataset_meta.json
cell_beta_0p07_p_0p00,beta,77,7703234,0.07,0.0,02_dnn/01_dataset_gen/raw_outputs/18_beta_cell_90_dataset/raw_datasets/cell_beta_0p07_p_0p00/dataset_077_seed_7703234/dataset.npz,02_dnn/01_dataset_gen/raw_outputs/18_beta_cell_90_dataset/raw_datasets/cell_beta_0p07_p_0p00/dataset_077_seed_7703234/dataset_meta.json
cell_beta_0p07_p_0p00,beta,78,7803234,0.07,0.0,02_dnn/01_dataset_gen/raw_outputs/18_beta_cell_90_dataset/raw_datasets/cell_beta_0p07_p_0p00/dataset_078_seed_7803234/dataset.npz,02_dnn/01_dataset_gen/raw_outputs/18_beta_cell_90_dataset/raw_datasets/cell_beta_0p07_p_0p00/dataset_078_seed_7803234/dataset_meta.json
cell_beta_0p07_p_0p00,beta,79,7903234,0.07,0.0,02_dnn/01_dataset_gen/raw_outputs/18_beta_cell_90_dataset/raw_datasets/cell_beta_0p07_p_0p00/dataset_079_seed_7903234/dataset.npz,02_dnn/01_dataset_gen/raw_outputs/18_beta_cell_90_dataset/raw_datasets/cell_beta_0p07_p_0p00/dataset_079_seed_7903234/dataset_meta.json
cell_beta_0p07_p_0p00,beta,80,8003234,0.07,0.0,02_dnn/01_dataset_gen/raw_outputs/18_beta_cell_90_dataset/raw_datasets/cell_beta_0p07_p_0p00/dataset_080_seed_8003234/dataset.npz,02_dnn/01_dataset_gen/raw_outputs/18_beta_cell_90_dataset/raw_datasets/cell_beta_0p07_p_0p00/dataset_080_seed_8003234/dataset_meta.json
cell_beta_0p07_p_0p00,beta,81,8103234,0.07,0.0,02_dnn/01_dataset_gen/raw_outputs/18_beta_cell_90_dataset/raw_datasets/cell_beta_0p07_p_0p00/dataset_081_seed_8103234/dataset.npz,02_dnn/01_dataset_gen/raw_outputs/18_beta_cell_90_dataset/raw_datasets/cell_beta_0p07_p_0p00/dataset_081_seed_8103234/dataset_meta.json
cell_beta_0p07_p_0p00,beta,82,8203234,0.07,0.0,02_dnn/01_dataset_gen/raw_outputs/18_beta_cell_90_dataset/raw_datasets/cell_beta_0p07_p_0p00/dataset_082_seed_8203234/dataset.npz,02_dnn/01_dataset_gen/raw_outputs/18_beta_cell_90_dataset/raw_datasets/cell_beta_0p07_p_0p00/dataset_082_seed_8203234/dataset_meta.json
cell_beta_0p07_p_0p00,beta,83,8303234,0.07,0.0,02_dnn/01_dataset_gen/raw_outputs/18_beta_cell_90_dataset/raw_datasets/cell_beta_0p07_p_0p00/dataset_083_seed_8303234/dataset.npz,02_dnn/01_dataset_gen/raw_outputs/18_beta_cell_90_dataset/raw_datasets/cell_beta_0p07_p_0p00/dataset_083_seed_8303234/dataset_meta.json
cell_beta_0p07_p_0p00,beta,84,8403234,0.07,0.0,02_dnn/01_dataset_gen/raw_outputs/18_beta_cell_90_dataset/raw_datasets/cell_beta_0p07_p_0p00/dataset_084_seed_8403234/dataset.npz,02_dnn/01_dataset_gen/raw_outputs/18_beta_cell_90_dataset/raw_datasets/cell_beta_0p07_p_0p00/dataset_084_seed_8403234/dataset_meta.json
cell_beta_0p07_p_0p00,beta,85,8503234,0.07,0.0,02_dnn/01_dataset_gen/raw_outputs/18_beta_cell_90_dataset/raw_datasets/cell_beta_0p07_p_0p00/dataset_085_seed_8503234/dataset.npz,02_dnn/01_dataset_gen/raw_outputs/18_beta_cell_90_dataset/raw_datasets/cell_beta_0p07_p_0p00/dataset_085_seed_8503234/dataset_meta.json
cell_beta_0p07_p_0p00,beta,86,8603234,0.07,0.0,02_dnn/01_dataset_gen/raw_outputs/18_beta_cell_90_dataset/raw_datasets/cell_beta_0p07_p_0p00/dataset_086_seed_8603234/dataset.npz,02_dnn/01_dataset_gen/raw_outputs/18_beta_cell_90_dataset/raw_datasets/cell_beta_0p07_p_0p00/dataset_086_seed_8603234/dataset_meta.json
cell_beta_0p07_p_0p00,beta,87,8703234,0.07,0.0,02_dnn/01_dataset_gen/raw_outputs/18_beta_cell_90_dataset/raw_datasets/cell_beta_0p07_p_0p00/dataset_087_seed_8703234/dataset.npz,02_dnn/01_dataset_gen/raw_outputs/18_beta_cell_90_dataset/raw_datasets/cell_beta_0p07_p_0p00/dataset_087_seed_8703234/dataset_meta.json
cell_beta_0p07_p_0p00,beta,88,8803234,0.07,0.0,02_dnn/01_dataset_gen/raw_outputs/18_beta_cell_90_dataset/raw_datasets/cell_beta_0p07_p_0p00/dataset_088_seed_8803234/dataset.npz,02_dnn/01_dataset_gen/raw_outputs/18_beta_cell_90_dataset/raw_datasets/cell_beta_0p07_p_0p00/dataset_088_seed_8803234/dataset_meta.json
cell_beta_0p07_p_0p00,beta,89,8903234,0.07,0.0,02_dnn/01_dataset_gen/raw_outputs/18_beta_cell_90_dataset/raw_datasets/cell_beta_0p07_p_0p00/dataset_089_seed_8903234/dataset.npz,02_dnn/01_dataset_gen/raw_outputs/18_beta_cell_90_dataset/raw_datasets/cell_beta_0p07_p_0p00/dataset_089_seed_8903234/dataset_meta.json
cell_beta_0p09_p_0p00,beta,0,5234,0.09,0.0,02_dnn/01_dataset_gen/raw_outputs/18_beta_cell_90_dataset/raw_datasets/cell_beta_0p09_p_0p00/dataset_000_seed_005234/dataset.npz,02_dnn/01_dataset_gen/raw_outputs/18_beta_cell_90_dataset/raw_datasets/cell_beta_0p09_p_0p00/dataset_000_seed_005234/dataset_meta.json
cell_beta_0p09_p_0p00,beta,1,105234,0.09,0.0,02_dnn/01_dataset_gen/raw_outputs/18_beta_cell_90_dataset/raw_datasets/cell_beta_0p09_p_0p00/dataset_001_seed_105234/dataset.npz,02_dnn/01_dataset_gen/raw_outputs/18_beta_cell_90_dataset/raw_datasets/cell_beta_0p09_p_0p00/dataset_001_seed_105234/dataset_meta.json
cell_beta_0p09_p_0p00,beta,2,205234,0.09,0.0,02_dnn/01_dataset_gen/raw_outputs/18_beta_cell_90_dataset/raw_datasets/cell_beta_0p09_p_0p00/dataset_002_seed_205234/dataset.npz,02_dnn/01_dataset_gen/raw_outputs/18_beta_cell_90_dataset/raw_datasets/cell_beta_0p09_p_0p00/dataset_002_seed_205234/dataset_meta.json
cell_beta_0p09_p_0p00,beta,3,305234,0.09,0.0,02_dnn/01_dataset_gen/raw_outputs/18_beta_cell_90_dataset/raw_datasets/cell_beta_0p09_p_0p00/dataset_003_seed_305234/dataset.npz,02_dnn/01_dataset_gen/raw_outputs/18_beta_cell_90_dataset/raw_datasets/cell_beta_0p09_p_0p00/dataset_003_seed_305234/dataset_meta.json
cell_beta_0p09_p_0p00,beta,4,405234,0.09,0.0,02_dnn/01_dataset_gen/raw_outputs/18_beta_cell_90_dataset/raw_datasets/cell_beta_0p09_p_0p00/dataset_004_seed_405234/dataset.npz,02_dnn/01_dataset_gen/raw_outputs/18_beta_cell_90_dataset/raw_datasets/cell_beta_0p09_p_0p00/dataset_004_seed_405234/dataset_meta.json
cell_beta_0p09_p_0p00,beta,5,505234,0.09,0.0,02_dnn/01_dataset_gen/raw_outputs/18_beta_cell_90_dataset/raw_datasets/cell_beta_0p09_p_0p00/dataset_005_seed_505234/dataset.npz,02_dnn/01_dataset_gen/raw_outputs/18_beta_cell_90_dataset/raw_datasets/cell_beta_0p09_p_0p00/dataset_005_seed_505234/dataset_meta.json
cell_beta_0p09_p_0p00,beta,6,605234,0.09,0.0,02_dnn/01_dataset_gen/raw_outputs/18_beta_cell_90_dataset/raw_datasets/cell_beta_0p09_p_0p00/dataset_006_seed_605234/dataset.npz,02_dnn/01_dataset_gen/raw_outputs/18_beta_cell_90_dataset/raw_datasets/cell_beta_0p09_p_0p00/dataset_006_seed_605234/dataset_meta.json
cell_beta_0p09_p_0p00,beta,7,705234,0.09,0.0,02_dnn/01_dataset_gen/raw_outputs/18_beta_cell_90_dataset/raw_datasets/cell_beta_0p09_p_0p00/dataset_007_seed_705234/dataset.npz,02_dnn/01_dataset_gen/raw_outputs/18_beta_cell_90_dataset/raw_datasets/cell_beta_0p09_p_0p00/dataset_007_seed_705234/dataset_meta.json
cell_beta_0p09_p_0p00,beta,8,805234,0.09,0.0,02_dnn/01_dataset_gen/raw_outputs/18_beta_cell_90_dataset/raw_datasets/cell_beta_0p09_p_0p00/dataset_008_seed_805234/dataset.npz,02_dnn/01_dataset_gen/raw_outputs/18_beta_cell_90_dataset/raw_datasets/cell_beta_0p09_p_0p00/dataset_008_seed_805234/dataset_meta.json
cell_beta_0p09_p_0p00,beta,9,905234,0.09,0.0,02_dnn/01_dataset_gen/raw_outputs/18_beta_cell_90_dataset/raw_datasets/cell_beta_0p09_p_0p00/dataset_009_seed_905234/dataset.npz,02_dnn/01_dataset_gen/raw_outputs/18_beta_cell_90_dataset/raw_datasets/cell_beta_0p09_p_0p00/dataset_009_seed_905234/dataset_meta.json
cell_beta_0p09_p_0p00,beta,10,1005234,0.09,0.0,02_dnn/01_dataset_gen/raw_outputs/18_beta_cell_90_dataset/raw_datasets/cell_beta_0p09_p_0p00/dataset_010_seed_1005234/dataset.npz,02_dnn/01_dataset_gen/raw_outputs/18_beta_cell_90_dataset/raw_datasets/cell_beta_0p09_p_0p00/dataset_010_seed_1005234/dataset_meta.json
cell_beta_0p09_p_0p00,beta,11,1105234,0.09,0.0,02_dnn/01_dataset_gen/raw_outputs/18_beta_cell_90_dataset/raw_datasets/cell_beta_0p09_p_0p00/dataset_011_seed_1105234/dataset.npz,02_dnn/01_dataset_gen/raw_outputs/18_beta_cell_90_dataset/raw_datasets/cell_beta_0p09_p_0p00/dataset_011_seed_1105234/dataset_meta.json
cell_beta_0p09_p_0p00,beta,12,1205234,0.09,0.0,02_dnn/01_dataset_gen/raw_outputs/18_beta_cell_90_dataset/raw_datasets/cell_beta_0p09_p_0p00/dataset_012_seed_1205234/dataset.npz,02_dnn/01_dataset_gen/raw_outputs/18_beta_cell_90_dataset/raw_datasets/cell_beta_0p09_p_0p00/dataset_012_seed_1205234/dataset_meta.json
cell_beta_0p09_p_0p00,beta,13,1305234,0.09,0.0,02_dnn/01_dataset_gen/raw_outputs/18_beta_cell_90_dataset/raw_datasets/cell_beta_0p09_p_0p00/dataset_013_seed_1305234/dataset.npz,02_dnn/01_dataset_gen/raw_outputs/18_beta_cell_90_dataset/raw_datasets/cell_beta_0p09_p_0p00/dataset_013_seed_1305234/dataset_meta.json
cell_beta_0p09_p_0p00,beta,14,1405234,0.09,0.0,02_dnn/01_dataset_gen/raw_outputs/18_beta_cell_90_dataset/raw_datasets/cell_beta_0p09_p_0p00/dataset_014_seed_1405234/dataset.npz,02_dnn/01_dataset_gen/raw_outputs/18_beta_cell_90_dataset/raw_datasets/cell_beta_0p09_p_0p00/dataset_014_seed_1405234/dataset_meta.json
cell_beta_0p09_p_0p00,beta,15,1505234,0.09,0.0,02_dnn/01_dataset_gen/raw_outputs/18_beta_cell_90_dataset/raw_datasets/cell_beta_0p09_p_0p00/dataset_015_seed_1505234/dataset.npz,02_dnn/01_dataset_gen/raw_outputs/18_beta_cell_90_dataset/raw_datasets/cell_beta_0p09_p_0p00/dataset_015_seed_1505234/dataset_meta.json
cell_beta_0p09_p_0p00,beta,16,1605234,0.09,0.0,02_dnn/01_dataset_gen/raw_outputs/18_beta_cell_90_dataset/raw_datasets/cell_beta_0p09_p_0p00/dataset_016_seed_1605234/dataset.npz,02_dnn/01_dataset_gen/raw_outputs/18_beta_cell_90_dataset/raw_datasets/cell_beta_0p09_p_0p00/dataset_016_seed_1605234/dataset_meta.json
cell_beta_0p09_p_0p00,beta,17,1705234,0.09,0.0,02_dnn/01_dataset_gen/raw_outputs/18_beta_cell_90_dataset/raw_datasets/cell_beta_0p09_p_0p00/dataset_017_seed_1705234/dataset.npz,02_dnn/01_dataset_gen/raw_outputs/18_beta_cell_90_dataset/raw_datasets/cell_beta_0p09_p_0p00/dataset_017_seed_1705234/dataset_meta.json
cell_beta_0p09_p_0p00,beta,18,1805234,0.09,0.0,02_dnn/01_dataset_gen/raw_outputs/18_beta_cell_90_dataset/raw_datasets/cell_beta_0p09_p_0p00/dataset_018_seed_1805234/dataset.npz,02_dnn/01_dataset_gen/raw_outputs/18_beta_cell_90_dataset/raw_datasets/cell_beta_0p09_p_0p00/dataset_018_seed_1805234/dataset_meta.json
cell_beta_0p09_p_0p00,beta,19,1905234,0.09,0.0,02_dnn/01_dataset_gen/raw_outputs/18_beta_cell_90_dataset/raw_datasets/cell_beta_0p09_p_0p00/dataset_019_seed_1905234/dataset.npz,02_dnn/01_dataset_gen/raw_outputs/18_beta_cell_90_dataset/raw_datasets/cell_beta_0p09_p_0p00/dataset_019_seed_1905234/dataset_meta.json
cell_beta_0p09_p_0p00,beta,20,2005234,0.09,0.0,02_dnn/01_dataset_gen/raw_outputs/18_beta_cell_90_dataset/raw_datasets/cell_beta_0p09_p_0p00/dataset_020_seed_2005234/dataset.npz,02_dnn/01_dataset_gen/raw_outputs/18_beta_cell_90_dataset/raw_datasets/cell_beta_0p09_p_0p00/dataset_020_seed_2005234/dataset_meta.json
cell_beta_0p09_p_0p00,beta,21,2105234,0.09,0.0,02_dnn/01_dataset_gen/raw_outputs/18_beta_cell_90_dataset/raw_datasets/cell_beta_0p09_p_0p00/dataset_021_seed_2105234/dataset.npz,02_dnn/01_dataset_gen/raw_outputs/18_beta_cell_90_dataset/raw_datasets/cell_beta_0p09_p_0p00/dataset_021_seed_2105234/dataset_meta.json
cell_beta_0p09_p_0p00,beta,22,2205234,0.09,0.0,02_dnn/01_dataset_gen/raw_outputs/18_beta_cell_90_dataset/raw_datasets/cell_beta_0p09_p_0p00/dataset_022_seed_2205234/dataset.npz,02_dnn/01_dataset_gen/raw_outputs/18_beta_cell_90_dataset/raw_datasets/cell_beta_0p09_p_0p00/dataset_022_seed_2205234/dataset_meta.json
cell_beta_0p09_p_0p00,beta,23,2305234,0.09,0.0,02_dnn/01_dataset_gen/raw_outputs/18_beta_cell_90_dataset/raw_datasets/cell_beta_0p09_p_0p00/dataset_023_seed_2305234/dataset.npz,02_dnn/01_dataset_gen/raw_outputs/18_beta_cell_90_dataset/raw_datasets/cell_beta_0p09_p_0p00/dataset_023_seed_2305234/dataset_meta.json
cell_beta_0p09_p_0p00,beta,24,2405234,0.09,0.0,02_dnn/01_dataset_gen/raw_outputs/18_beta_cell_90_dataset/raw_datasets/cell_beta_0p09_p_0p00/dataset_024_seed_2405234/dataset.npz,02_dnn/01_dataset_gen/raw_outputs/18_beta_cell_90_dataset/raw_datasets/cell_beta_0p09_p_0p00/dataset_024_seed_2405234/dataset_meta.json
cell_beta_0p09_p_0p00,beta,25,2505234,0.09,0.0,02_dnn/01_dataset_gen/raw_outputs/18_beta_cell_90_dataset/raw_datasets/cell_beta_0p09_p_0p00/dataset_025_seed_2505234/dataset.npz,02_dnn/01_dataset_gen/raw_outputs/18_beta_cell_90_dataset/raw_datasets/cell_beta_0p09_p_0p00/dataset_025_seed_2505234/dataset_meta.json
cell_beta_0p09_p_0p00,beta,26,2605234,0.09,0.0,02_dnn/01_dataset_gen/raw_outputs/18_beta_cell_90_dataset/raw_datasets/cell_beta_0p09_p_0p00/dataset_026_seed_2605234/dataset.npz,02_dnn/01_dataset_gen/raw_outputs/18_beta_cell_90_dataset/raw_datasets/cell_beta_0p09_p_0p00/dataset_026_seed_2605234/dataset_meta.json
cell_beta_0p09_p_0p00,beta,27,2705234,0.09,0.0,02_dnn/01_dataset_gen/raw_outputs/18_beta_cell_90_dataset/raw_datasets/cell_beta_0p09_p_0p00/dataset_027_seed_2705234/dataset.npz,02_dnn/01_dataset_gen/raw_outputs/18_beta_cell_90_dataset/raw_datasets/cell_beta_0p09_p_0p00/dataset_027_seed_2705234/dataset_meta.json
cell_beta_0p09_p_0p00,beta,28,2805234,0.09,0.0,02_dnn/01_dataset_gen/raw_outputs/18_beta_cell_90_dataset/raw_datasets/cell_beta_0p09_p_0p00/dataset_028_seed_2805234/dataset.npz,02_dnn/01_dataset_gen/raw_outputs/18_beta_cell_90_dataset/raw_datasets/cell_beta_0p09_p_0p00/dataset_028_seed_2805234/dataset_meta.json
cell_beta_0p09_p_0p00,beta,29,2905234,0.09,0.0,02_dnn/01_dataset_gen/raw_outputs/18_beta_cell_90_dataset/raw_datasets/cell_beta_0p09_p_0p00/dataset_029_seed_2905234/dataset.npz,02_dnn/01_dataset_gen/raw_outputs/18_beta_cell_90_dataset/raw_datasets/cell_beta_0p09_p_0p00/dataset_029_seed_2905234/dataset_meta.json
cell_beta_0p09_p_0p00,beta,30,3005234,0.09,0.0,02_dnn/01_dataset_gen/raw_outputs/18_beta_cell_90_dataset/raw_datasets/cell_beta_0p09_p_0p00/dataset_030_seed_3005234/dataset.npz,02_dnn/01_dataset_gen/raw_outputs/18_beta_cell_90_dataset/raw_datasets/cell_beta_0p09_p_0p00/dataset_030_seed_3005234/dataset_meta.json
cell_beta_0p09_p_0p00,beta,31,3105234,0.09,0.0,02_dnn/01_dataset_gen/raw_outputs/18_beta_cell_90_dataset/raw_datasets/cell_beta_0p09_p_0p00/dataset_031_seed_3105234/dataset.npz,02_dnn/01_dataset_gen/raw_outputs/18_beta_cell_90_dataset/raw_datasets/cell_beta_0p09_p_0p00/dataset_031_seed_3105234/dataset_meta.json
cell_beta_0p09_p_0p00,beta,32,3205234,0.09,0.0,02_dnn/01_dataset_gen/raw_outputs/18_beta_cell_90_dataset/raw_datasets/cell_beta_0p09_p_0p00/dataset_032_seed_3205234/dataset.npz,02_dnn/01_dataset_gen/raw_outputs/18_beta_cell_90_dataset/raw_datasets/cell_beta_0p09_p_0p00/dataset_032_seed_3205234/dataset_meta.json
cell_beta_0p09_p_0p00,beta,33,3305234,0.09,0.0,02_dnn/01_dataset_gen/raw_outputs/18_beta_cell_90_dataset/raw_datasets/cell_beta_0p09_p_0p00/dataset_033_seed_3305234/dataset.npz,02_dnn/01_dataset_gen/raw_outputs/18_beta_cell_90_dataset/raw_datasets/cell_beta_0p09_p_0p00/dataset_033_seed_3305234/dataset_meta.json
cell_beta_0p09_p_0p00,beta,34,3405234,0.09,0.0,02_dnn/01_dataset_gen/raw_outputs/18_beta_cell_90_dataset/raw_datasets/cell_beta_0p09_p_0p00/dataset_034_seed_3405234/dataset.npz,02_dnn/01_dataset_gen/raw_outputs/18_beta_cell_90_dataset/raw_datasets/cell_beta_0p09_p_0p00/dataset_034_seed_3405234/dataset_meta.json
cell_beta_0p09_p_0p00,beta,35,3505234,0.09,0.0,02_dnn/01_dataset_gen/raw_outputs/18_beta_cell_90_dataset/raw_datasets/cell_beta_0p09_p_0p00/dataset_035_seed_3505234/dataset.npz,02_dnn/01_dataset_gen/raw_outputs/18_beta_cell_90_dataset/raw_datasets/cell_beta_0p09_p_0p00/dataset_035_seed_3505234/dataset_meta.json
cell_beta_0p09_p_0p00,beta,36,3605234,0.09,0.0,02_dnn/01_dataset_gen/raw_outputs/18_beta_cell_90_dataset/raw_datasets/cell_beta_0p09_p_0p00/dataset_036_seed_3605234/dataset.npz,02_dnn/01_dataset_gen/raw_outputs/18_beta_cell_90_dataset/raw_datasets/cell_beta_0p09_p_0p00/dataset_036_seed_3605234/dataset_meta.json
cell_beta_0p09_p_0p00,beta,37,3705234,0.09,0.0,02_dnn/01_dataset_gen/raw_outputs/18_beta_cell_90_dataset/raw_datasets/cell_beta_0p09_p_0p00/dataset_037_seed_3705234/dataset.npz,02_dnn/01_dataset_gen/raw_outputs/18_beta_cell_90_dataset/raw_datasets/cell_beta_0p09_p_0p00/dataset_037_seed_3705234/dataset_meta.json
cell_beta_0p09_p_0p00,beta,38,3805234,0.09,0.0,02_dnn/01_dataset_gen/raw_outputs/18_beta_cell_90_dataset/raw_datasets/cell_beta_0p09_p_0p00/dataset_038_seed_3805234/dataset.npz,02_dnn/01_dataset_gen/raw_outputs/18_beta_cell_90_dataset/raw_datasets/cell_beta_0p09_p_0p00/dataset_038_seed_3805234/dataset_meta.json
cell_beta_0p09_p_0p00,beta,39,3905234,0.09,0.0,02_dnn/01_dataset_gen/raw_outputs/18_beta_cell_90_dataset/raw_datasets/cell_beta_0p09_p_0p00/dataset_039_seed_3905234/dataset.npz,02_dnn/01_dataset_gen/raw_outputs/18_beta_cell_90_dataset/raw_datasets/cell_beta_0p09_p_0p00/dataset_039_seed_3905234/dataset_meta.json
cell_beta_0p09_p_0p00,beta,40,4005234,0.09,0.0,02_dnn/01_dataset_gen/raw_outputs/18_beta_cell_90_dataset/raw_datasets/cell_beta_0p09_p_0p00/dataset_040_seed_4005234/dataset.npz,02_dnn/01_dataset_gen/raw_outputs/18_beta_cell_90_dataset/raw_datasets/cell_beta_0p09_p_0p00/dataset_040_seed_4005234/dataset_meta.json
cell_beta_0p09_p_0p00,beta,41,4105234,0.09,0.0,02_dnn/01_dataset_gen/raw_outputs/18_beta_cell_90_dataset/raw_datasets/cell_beta_0p09_p_0p00/dataset_041_seed_4105234/dataset.npz,02_dnn/01_dataset_gen/raw_outputs/18_beta_cell_90_dataset/raw_datasets/cell_beta_0p09_p_0p00/dataset_041_seed_4105234/dataset_meta.json
cell_beta_0p09_p_0p00,beta,42,4205234,0.09,0.0,02_dnn/01_dataset_gen/raw_outputs/18_beta_cell_90_dataset/raw_datasets/cell_beta_0p09_p_0p00/dataset_042_seed_4205234/dataset.npz,02_dnn/01_dataset_gen/raw_outputs/18_beta_cell_90_dataset/raw_datasets/cell_beta_0p09_p_0p00/dataset_042_seed_4205234/dataset_meta.json
cell_beta_0p09_p_0p00,beta,43,4305234,0.09,0.0,02_dnn/01_dataset_gen/raw_outputs/18_beta_cell_90_dataset/raw_datasets/cell_beta_0p09_p_0p00/dataset_043_seed_4305234/dataset.npz,02_dnn/01_dataset_gen/raw_outputs/18_beta_cell_90_dataset/raw_datasets/cell_beta_0p09_p_0p00/dataset_043_seed_4305234/dataset_meta.json
cell_beta_0p09_p_0p00,beta,44,4405234,0.09,0.0,02_dnn/01_dataset_gen/raw_outputs/18_beta_cell_90_dataset/raw_datasets/cell_beta_0p09_p_0p00/dataset_044_seed_4405234/dataset.npz,02_dnn/01_dataset_gen/raw_outputs/18_beta_cell_90_dataset/raw_datasets/cell_beta_0p09_p_0p00/dataset_044_seed_4405234/dataset_meta.json
cell_beta_0p09_p_0p00,beta,45,4505234,0.09,0.0,02_dnn/01_dataset_gen/raw_outputs/18_beta_cell_90_dataset/raw_datasets/cell_beta_0p09_p_0p00/dataset_045_seed_4505234/dataset.npz,02_dnn/01_dataset_gen/raw_outputs/18_beta_cell_90_dataset/raw_datasets/cell_beta_0p09_p_0p00/dataset_045_seed_4505234/dataset_meta.json
cell_beta_0p09_p_0p00,beta,46,4605234,0.09,0.0,02_dnn/01_dataset_gen/raw_outputs/18_beta_cell_90_dataset/raw_datasets/cell_beta_0p09_p_0p00/dataset_046_seed_4605234/dataset.npz,02_dnn/01_dataset_gen/raw_outputs/18_beta_cell_90_dataset/raw_datasets/cell_beta_0p09_p_0p00/dataset_046_seed_4605234/dataset_meta.json
cell_beta_0p09_p_0p00,beta,47,4705234,0.09,0.0,02_dnn/01_dataset_gen/raw_outputs/18_beta_cell_90_dataset/raw_datasets/cell_beta_0p09_p_0p00/dataset_047_seed_4705234/dataset.npz,02_dnn/01_dataset_gen/raw_outputs/18_beta_cell_90_dataset/raw_datasets/cell_beta_0p09_p_0p00/dataset_047_seed_4705234/dataset_meta.json
cell_beta_0p09_p_0p00,beta,48,4805234,0.09,0.0,02_dnn/01_dataset_gen/raw_outputs/18_beta_cell_90_dataset/raw_datasets/cell_beta_0p09_p_0p00/dataset_048_seed_4805234/dataset.npz,02_dnn/01_dataset_gen/raw_outputs/18_beta_cell_90_dataset/raw_datasets/cell_beta_0p09_p_0p00/dataset_048_seed_4805234/dataset_meta.json
cell_beta_0p09_p_0p00,beta,49,4905234,0.09,0.0,02_dnn/01_dataset_gen/raw_outputs/18_beta_cell_90_dataset/raw_datasets/cell_beta_0p09_p_0p00/dataset_049_seed_4905234/dataset.npz,02_dnn/01_dataset_gen/raw_outputs/18_beta_cell_90_dataset/raw_datasets/cell_beta_0p09_p_0p00/dataset_049_seed_4905234/dataset_meta.json
cell_beta_0p09_p_0p00,beta,50,5005234,0.09,0.0,02_dnn/01_dataset_gen/raw_outputs/18_beta_cell_90_dataset/raw_datasets/cell_beta_0p09_p_0p00/dataset_050_seed_5005234/dataset.npz,02_dnn/01_dataset_gen/raw_outputs/18_beta_cell_90_dataset/raw_datasets/cell_beta_0p09_p_0p00/dataset_050_seed_5005234/dataset_meta.json
cell_beta_0p09_p_0p00,beta,51,5105234,0.09,0.0,02_dnn/01_dataset_gen/raw_outputs/18_beta_cell_90_dataset/raw_datasets/cell_beta_0p09_p_0p00/dataset_051_seed_5105234/dataset.npz,02_dnn/01_dataset_gen/raw_outputs/18_beta_cell_90_dataset/raw_datasets/cell_beta_0p09_p_0p00/dataset_051_seed_5105234/dataset_meta.json
cell_beta_0p09_p_0p00,beta,52,5205234,0.09,0.0,02_dnn/01_dataset_gen/raw_outputs/18_beta_cell_90_dataset/raw_datasets/cell_beta_0p09_p_0p00/dataset_052_seed_5205234/dataset.npz,02_dnn/01_dataset_gen/raw_outputs/18_beta_cell_90_dataset/raw_datasets/cell_beta_0p09_p_0p00/dataset_052_seed_5205234/dataset_meta.json
cell_beta_0p09_p_0p00,beta,53,5305234,0.09,0.0,02_dnn/01_dataset_gen/raw_outputs/18_beta_cell_90_dataset/raw_datasets/cell_beta_0p09_p_0p00/dataset_053_seed_5305234/dataset.npz,02_dnn/01_dataset_gen/raw_outputs/18_beta_cell_90_dataset/raw_datasets/cell_beta_0p09_p_0p00/dataset_053_seed_5305234/dataset_meta.json
cell_beta_0p09_p_0p00,beta,54,5405234,0.09,0.0,02_dnn/01_dataset_gen/raw_outputs/18_beta_cell_90_dataset/raw_datasets/cell_beta_0p09_p_0p00/dataset_054_seed_5405234/dataset.npz,02_dnn/01_dataset_gen/raw_outputs/18_beta_cell_90_dataset/raw_datasets/cell_beta_0p09_p_0p00/dataset_054_seed_5405234/dataset_meta.json
cell_beta_0p09_p_0p00,beta,55,5505234,0.09,0.0,02_dnn/01_dataset_gen/raw_outputs/18_beta_cell_90_dataset/raw_datasets/cell_beta_0p09_p_0p00/dataset_055_seed_5505234/dataset.npz,02_dnn/01_dataset_gen/raw_outputs/18_beta_cell_90_dataset/raw_datasets/cell_beta_0p09_p_0p00/dataset_055_seed_5505234/dataset_meta.json
cell_beta_0p09_p_0p00,beta,56,5605234,0.09,0.0,02_dnn/01_dataset_gen/raw_outputs/18_beta_cell_90_dataset/raw_datasets/cell_beta_0p09_p_0p00/dataset_056_seed_5605234/dataset.npz,02_dnn/01_dataset_gen/raw_outputs/18_beta_cell_90_dataset/raw_datasets/cell_beta_0p09_p_0p00/dataset_056_seed_5605234/dataset_meta.json
cell_beta_0p09_p_0p00,beta,57,5705234,0.09,0.0,02_dnn/01_dataset_gen/raw_outputs/18_beta_cell_90_dataset/raw_datasets/cell_beta_0p09_p_0p00/dataset_057_seed_5705234/dataset.npz,02_dnn/01_dataset_gen/raw_outputs/18_beta_cell_90_dataset/raw_datasets/cell_beta_0p09_p_0p00/dataset_057_seed_5705234/dataset_meta.json
cell_beta_0p09_p_0p00,beta,58,5805234,0.09,0.0,02_dnn/01_dataset_gen/raw_outputs/18_beta_cell_90_dataset/raw_datasets/cell_beta_0p09_p_0p00/dataset_058_seed_5805234/dataset.npz,02_dnn/01_dataset_gen/raw_outputs/18_beta_cell_90_dataset/raw_datasets/cell_beta_0p09_p_0p00/dataset_058_seed_5805234/dataset_meta.json
cell_beta_0p09_p_0p00,beta,59,5905234,0.09,0.0,02_dnn/01_dataset_gen/raw_outputs/18_beta_cell_90_dataset/raw_datasets/cell_beta_0p09_p_0p00/dataset_059_seed_5905234/dataset.npz,02_dnn/01_dataset_gen/raw_outputs/18_beta_cell_90_dataset/raw_datasets/cell_beta_0p09_p_0p00/dataset_059_seed_5905234/dataset_meta.json
cell_beta_0p09_p_0p00,beta,60,6005234,0.09,0.0,02_dnn/01_dataset_gen/raw_outputs/18_beta_cell_90_dataset/raw_datasets/cell_beta_0p09_p_0p00/dataset_060_seed_6005234/dataset.npz,02_dnn/01_dataset_gen/raw_outputs/18_beta_cell_90_dataset/raw_datasets/cell_beta_0p09_p_0p00/dataset_060_seed_6005234/dataset_meta.json
cell_beta_0p09_p_0p00,beta,61,6105234,0.09,0.0,02_dnn/01_dataset_gen/raw_outputs/18_beta_cell_90_dataset/raw_datasets/cell_beta_0p09_p_0p00/dataset_061_seed_6105234/dataset.npz,02_dnn/01_dataset_gen/raw_outputs/18_beta_cell_90_dataset/raw_datasets/cell_beta_0p09_p_0p00/dataset_061_seed_6105234/dataset_meta.json
cell_beta_0p09_p_0p00,beta,62,6205234,0.09,0.0,02_dnn/01_dataset_gen/raw_outputs/18_beta_cell_90_dataset/raw_datasets/cell_beta_0p09_p_0p00/dataset_062_seed_6205234/dataset.npz,02_dnn/01_dataset_gen/raw_outputs/18_beta_cell_90_dataset/raw_datasets/cell_beta_0p09_p_0p00/dataset_062_seed_6205234/dataset_meta.json
cell_beta_0p09_p_0p00,beta,63,6305234,0.09,0.0,02_dnn/01_dataset_gen/raw_outputs/18_beta_cell_90_dataset/raw_datasets/cell_beta_0p09_p_0p00/dataset_063_seed_6305234/dataset.npz,02_dnn/01_dataset_gen/raw_outputs/18_beta_cell_90_dataset/raw_datasets/cell_beta_0p09_p_0p00/dataset_063_seed_6305234/dataset_meta.json
cell_beta_0p09_p_0p00,beta,64,6405234,0.09,0.0,02_dnn/01_dataset_gen/raw_outputs/18_beta_cell_90_dataset/raw_datasets/cell_beta_0p09_p_0p00/dataset_064_seed_6405234/dataset.npz,02_dnn/01_dataset_gen/raw_outputs/18_beta_cell_90_dataset/raw_datasets/cell_beta_0p09_p_0p00/dataset_064_seed_6405234/dataset_meta.json
cell_beta_0p09_p_0p00,beta,65,96505234,0.09,0.0,02_dnn/01_dataset_gen/raw_outputs/18_beta_cell_90_dataset/raw_datasets/cell_beta_0p09_p_0p00/dataset_065_seed_96505234/dataset.npz,02_dnn/01_dataset_gen/raw_outputs/18_beta_cell_90_dataset/raw_datasets/cell_beta_0p09_p_0p00/dataset_065_seed_96505234/dataset_meta.json
cell_beta_0p09_p_0p00,beta,66,6605234,0.09,0.0,02_dnn/01_dataset_gen/raw_outputs/18_beta_cell_90_dataset/raw_datasets/cell_beta_0p09_p_0p00/dataset_066_seed_6605234/dataset.npz,02_dnn/01_dataset_gen/raw_outputs/18_beta_cell_90_dataset/raw_datasets/cell_beta_0p09_p_0p00/dataset_066_seed_6605234/dataset_meta.json
cell_beta_0p09_p_0p00,beta,67,6705234,0.09,0.0,02_dnn/01_dataset_gen/raw_outputs/18_beta_cell_90_dataset/raw_datasets/cell_beta_0p09_p_0p00/dataset_067_seed_6705234/dataset.npz,02_dnn/01_dataset_gen/raw_outputs/18_beta_cell_90_dataset/raw_datasets/cell_beta_0p09_p_0p00/dataset_067_seed_6705234/dataset_meta.json
cell_beta_0p09_p_0p00,beta,68,6805234,0.09,0.0,02_dnn/01_dataset_gen/raw_outputs/18_beta_cell_90_dataset/raw_datasets/cell_beta_0p09_p_0p00/dataset_068_seed_6805234/dataset.npz,02_dnn/01_dataset_gen/raw_outputs/18_beta_cell_90_dataset/raw_datasets/cell_beta_0p09_p_0p00/dataset_068_seed_6805234/dataset_meta.json
cell_beta_0p09_p_0p00,beta,69,6905234,0.09,0.0,02_dnn/01_dataset_gen/raw_outputs/18_beta_cell_90_dataset/raw_datasets/cell_beta_0p09_p_0p00/dataset_069_seed_6905234/dataset.npz,02_dnn/01_dataset_gen/raw_outputs/18_beta_cell_90_dataset/raw_datasets/cell_beta_0p09_p_0p00/dataset_069_seed_6905234/dataset_meta.json
cell_beta_0p09_p_0p00,beta,70,7005234,0.09,0.0,02_dnn/01_dataset_gen/raw_outputs/18_beta_cell_90_dataset/raw_datasets/cell_beta_0p09_p_0p00/dataset_070_seed_7005234/dataset.npz,02_dnn/01_dataset_gen/raw_outputs/18_beta_cell_90_dataset/raw_datasets/cell_beta_0p09_p_0p00/dataset_070_seed_7005234/dataset_meta.json
cell_beta_0p09_p_0p00,beta,71,7105234,0.09,0.0,02_dnn/01_dataset_gen/raw_outputs/18_beta_cell_90_dataset/raw_datasets/cell_beta_0p09_p_0p00/dataset_071_seed_7105234/dataset.npz,02_dnn/01_dataset_gen/raw_outputs/18_beta_cell_90_dataset/raw_datasets/cell_beta_0p09_p_0p00/dataset_071_seed_7105234/dataset_meta.json
cell_beta_0p09_p_0p00,beta,72,7205234,0.09,0.0,02_dnn/01_dataset_gen/raw_outputs/18_beta_cell_90_dataset/raw_datasets/cell_beta_0p09_p_0p00/dataset_072_seed_7205234/dataset.npz,02_dnn/01_dataset_gen/raw_outputs/18_beta_cell_90_dataset/raw_datasets/cell_beta_0p09_p_0p00/dataset_072_seed_7205234/dataset_meta.json
cell_beta_0p09_p_0p00,beta,73,7305234,0.09,0.0,02_dnn/01_dataset_gen/raw_outputs/18_beta_cell_90_dataset/raw_datasets/cell_beta_0p09_p_0p00/dataset_073_seed_7305234/dataset.npz,02_dnn/01_dataset_gen/raw_outputs/18_beta_cell_90_dataset/raw_datasets/cell_beta_0p09_p_0p00/dataset_073_seed_7305234/dataset_meta.json
cell_beta_0p09_p_0p00,beta,74,7405234,0.09,0.0,02_dnn/01_dataset_gen/raw_outputs/18_beta_cell_90_dataset/raw_datasets/cell_beta_0p09_p_0p00/dataset_074_seed_7405234/dataset.npz,02_dnn/01_dataset_gen/raw_outputs/18_beta_cell_90_dataset/raw_datasets/cell_beta_0p09_p_0p00/dataset_074_seed_7405234/dataset_meta.json
cell_beta_0p09_p_0p00,beta,75,7505234,0.09,0.0,02_dnn/01_dataset_gen/raw_outputs/18_beta_cell_90_dataset/raw_datasets/cell_beta_0p09_p_0p00/dataset_075_seed_7505234/dataset.npz,02_dnn/01_dataset_gen/raw_outputs/18_beta_cell_90_dataset/raw_datasets/cell_beta_0p09_p_0p00/dataset_075_seed_7505234/dataset_meta.json
cell_beta_0p09_p_0p00,beta,76,7605234,0.09,0.0,02_dnn/01_dataset_gen/raw_outputs/18_beta_cell_90_dataset/raw_datasets/cell_beta_0p09_p_0p00/dataset_076_seed_7605234/dataset.npz,02_dnn/01_dataset_gen/raw_outputs/18_beta_cell_90_dataset/raw_datasets/cell_beta_0p09_p_0p00/dataset_076_seed_7605234/dataset_meta.json
cell_beta_0p09_p_0p00,beta,77,7705234,0.09,0.0,02_dnn/01_dataset_gen/raw_outputs/18_beta_cell_90_dataset/raw_datasets/cell_beta_0p09_p_0p00/dataset_077_seed_7705234/dataset.npz,02_dnn/01_dataset_gen/raw_outputs/18_beta_cell_90_dataset/raw_datasets/cell_beta_0p09_p_0p00/dataset_077_seed_7705234/dataset_meta.json
cell_beta_0p09_p_0p00,beta,78,7805234,0.09,0.0,02_dnn/01_dataset_gen/raw_outputs/18_beta_cell_90_dataset/raw_datasets/cell_beta_0p09_p_0p00/dataset_078_seed_7805234/dataset.npz,02_dnn/01_dataset_gen/raw_outputs/18_beta_cell_90_dataset/raw_datasets/cell_beta_0p09_p_0p00/dataset_078_seed_7805234/dataset_meta.json
cell_beta_0p09_p_0p00,beta,79,7905234,0.09,0.0,02_dnn/01_dataset_gen/raw_outputs/18_beta_cell_90_dataset/raw_datasets/cell_beta_0p09_p_0p00/dataset_079_seed_7905234/dataset.npz,02_dnn/01_dataset_gen/raw_outputs/18_beta_cell_90_dataset/raw_datasets/cell_beta_0p09_p_0p00/dataset_079_seed_7905234/dataset_meta.json
cell_beta_0p09_p_0p00,beta,80,8005234,0.09,0.0,02_dnn/01_dataset_gen/raw_outputs/18_beta_cell_90_dataset/raw_datasets/cell_beta_0p09_p_0p00/dataset_080_seed_8005234/dataset.npz,02_dnn/01_dataset_gen/raw_outputs/18_beta_cell_90_dataset/raw_datasets/cell_beta_0p09_p_0p00/dataset_080_seed_8005234/dataset_meta.json
cell_beta_0p09_p_0p00,beta,81,8105234,0.09,0.0,02_dnn/01_dataset_gen/raw_outputs/18_beta_cell_90_dataset/raw_datasets/cell_beta_0p09_p_0p00/dataset_081_seed_8105234/dataset.npz,02_dnn/01_dataset_gen/raw_outputs/18_beta_cell_90_dataset/raw_datasets/cell_beta_0p09_p_0p00/dataset_081_seed_8105234/dataset_meta.json
cell_beta_0p09_p_0p00,beta,82,8205234,0.09,0.0,02_dnn/01_dataset_gen/raw_outputs/18_beta_cell_90_dataset/raw_datasets/cell_beta_0p09_p_0p00/dataset_082_seed_8205234/dataset.npz,02_dnn/01_dataset_gen/raw_outputs/18_beta_cell_90_dataset/raw_datasets/cell_beta_0p09_p_0p00/dataset_082_seed_8205234/dataset_meta.json
cell_beta_0p09_p_0p00,beta,83,8305234,0.09,0.0,02_dnn/01_dataset_gen/raw_outputs/18_beta_cell_90_dataset/raw_datasets/cell_beta_0p09_p_0p00/dataset_083_seed_8305234/dataset.npz,02_dnn/01_dataset_gen/raw_outputs/18_beta_cell_90_dataset/raw_datasets/cell_beta_0p09_p_0p00/dataset_083_seed_8305234/dataset_meta.json
cell_beta_0p09_p_0p00,beta,84,8405234,0.09,0.0,02_dnn/01_dataset_gen/raw_outputs/18_beta_cell_90_dataset/raw_datasets/cell_beta_0p09_p_0p00/dataset_084_seed_8405234/dataset.npz,02_dnn/01_dataset_gen/raw_outputs/18_beta_cell_90_dataset/raw_datasets/cell_beta_0p09_p_0p00/dataset_084_seed_8405234/dataset_meta.json
cell_beta_0p09_p_0p00,beta,85,8505234,0.09,0.0,02_dnn/01_dataset_gen/raw_outputs/18_beta_cell_90_dataset/raw_datasets/cell_beta_0p09_p_0p00/dataset_085_seed_8505234/dataset.npz,02_dnn/01_dataset_gen/raw_outputs/18_beta_cell_90_dataset/raw_datasets/cell_beta_0p09_p_0p00/dataset_085_seed_8505234/dataset_meta.json
cell_beta_0p09_p_0p00,beta,86,8605234,0.09,0.0,02_dnn/01_dataset_gen/raw_outputs/18_beta_cell_90_dataset/raw_datasets/cell_beta_0p09_p_0p00/dataset_086_seed_8605234/dataset.npz,02_dnn/01_dataset_gen/raw_outputs/18_beta_cell_90_dataset/raw_datasets/cell_beta_0p09_p_0p00/dataset_086_seed_8605234/dataset_meta.json
cell_beta_0p09_p_0p00,beta,87,8705234,0.09,0.0,02_dnn/01_dataset_gen/raw_outputs/18_beta_cell_90_dataset/raw_datasets/cell_beta_0p09_p_0p00/dataset_087_seed_8705234/dataset.npz,02_dnn/01_dataset_gen/raw_outputs/18_beta_cell_90_dataset/raw_datasets/cell_beta_0p09_p_0p00/dataset_087_seed_8705234/dataset_meta.json
cell_beta_0p09_p_0p00,beta,88,8805234,0.09,0.0,02_dnn/01_dataset_gen/raw_outputs/18_beta_cell_90_dataset/raw_datasets/cell_beta_0p09_p_0p00/dataset_088_seed_8805234/dataset.npz,02_dnn/01_dataset_gen/raw_outputs/18_beta_cell_90_dataset/raw_datasets/cell_beta_0p09_p_0p00/dataset_088_seed_8805234/dataset_meta.json
cell_beta_0p09_p_0p00,beta,89,8905234,0.09,0.0,02_dnn/01_dataset_gen/raw_outputs/18_beta_cell_90_dataset/raw_datasets/cell_beta_0p09_p_0p00/dataset_089_seed_8905234/dataset.npz,02_dnn/01_dataset_gen/raw_outputs/18_beta_cell_90_dataset/raw_datasets/cell_beta_0p09_p_0p00/dataset_089_seed_8905234/dataset_meta.json
cell_beta_0p11_p_0p00,beta,0,7234,0.11,0.0,02_dnn/01_dataset_gen/raw_outputs/18_beta_cell_90_dataset/raw_datasets/cell_beta_0p11_p_0p00/dataset_000_seed_007234/dataset.npz,02_dnn/01_dataset_gen/raw_outputs/18_beta_cell_90_dataset/raw_datasets/cell_beta_0p11_p_0p00/dataset_000_seed_007234/dataset_meta.json
cell_beta_0p11_p_0p00,beta,1,107234,0.11,0.0,02_dnn/01_dataset_gen/raw_outputs/18_beta_cell_90_dataset/raw_datasets/cell_beta_0p11_p_0p00/dataset_001_seed_107234/dataset.npz,02_dnn/01_dataset_gen/raw_outputs/18_beta_cell_90_dataset/raw_datasets/cell_beta_0p11_p_0p00/dataset_001_seed_107234/dataset_meta.json
cell_beta_0p11_p_0p00,beta,2,207234,0.11,0.0,02_dnn/01_dataset_gen/raw_outputs/18_beta_cell_90_dataset/raw_datasets/cell_beta_0p11_p_0p00/dataset_002_seed_207234/dataset.npz,02_dnn/01_dataset_gen/raw_outputs/18_beta_cell_90_dataset/raw_datasets/cell_beta_0p11_p_0p00/dataset_002_seed_207234/dataset_meta.json
cell_beta_0p11_p_0p00,beta,3,307234,0.11,0.0,02_dnn/01_dataset_gen/raw_outputs/18_beta_cell_90_dataset/raw_datasets/cell_beta_0p11_p_0p00/dataset_003_seed_307234/dataset.npz,02_dnn/01_dataset_gen/raw_outputs/18_beta_cell_90_dataset/raw_datasets/cell_beta_0p11_p_0p00/dataset_003_seed_307234/dataset_meta.json
cell_beta_0p11_p_0p00,beta,4,407234,0.11,0.0,02_dnn/01_dataset_gen/raw_outputs/18_beta_cell_90_dataset/raw_datasets/cell_beta_0p11_p_0p00/dataset_004_seed_407234/dataset.npz,02_dnn/01_dataset_gen/raw_outputs/18_beta_cell_90_dataset/raw_datasets/cell_beta_0p11_p_0p00/dataset_004_seed_407234/dataset_meta.json
cell_beta_0p11_p_0p00,beta,5,507234,0.11,0.0,02_dnn/01_dataset_gen/raw_outputs/18_beta_cell_90_dataset/raw_datasets/cell_beta_0p11_p_0p00/dataset_005_seed_507234/dataset.npz,02_dnn/01_dataset_gen/raw_outputs/18_beta_cell_90_dataset/raw_datasets/cell_beta_0p11_p_0p00/dataset_005_seed_507234/dataset_meta.json
cell_beta_0p11_p_0p00,beta,6,607234,0.11,0.0,02_dnn/01_dataset_gen/raw_outputs/18_beta_cell_90_dataset/raw_datasets/cell_beta_0p11_p_0p00/dataset_006_seed_607234/dataset.npz,02_dnn/01_dataset_gen/raw_outputs/18_beta_cell_90_dataset/raw_datasets/cell_beta_0p11_p_0p00/dataset_006_seed_607234/dataset_meta.json
cell_beta_0p11_p_0p00,beta,7,707234,0.11,0.0,02_dnn/01_dataset_gen/raw_outputs/18_beta_cell_90_dataset/raw_datasets/cell_beta_0p11_p_0p00/dataset_007_seed_707234/dataset.npz,02_dnn/01_dataset_gen/raw_outputs/18_beta_cell_90_dataset/raw_datasets/cell_beta_0p11_p_0p00/dataset_007_seed_707234/dataset_meta.json
cell_beta_0p11_p_0p00,beta,8,807234,0.11,0.0,02_dnn/01_dataset_gen/raw_outputs/18_beta_cell_90_dataset/raw_datasets/cell_beta_0p11_p_0p00/dataset_008_seed_807234/dataset.npz,02_dnn/01_dataset_gen/raw_outputs/18_beta_cell_90_dataset/raw_datasets/cell_beta_0p11_p_0p00/dataset_008_seed_807234/dataset_meta.json
cell_beta_0p11_p_0p00,beta,9,907234,0.11,0.0,02_dnn/01_dataset_gen/raw_outputs/18_beta_cell_90_dataset/raw_datasets/cell_beta_0p11_p_0p00/dataset_009_seed_907234/dataset.npz,02_dnn/01_dataset_gen/raw_outputs/18_beta_cell_90_dataset/raw_datasets/cell_beta_0p11_p_0p00/dataset_009_seed_907234/dataset_meta.json
cell_beta_0p11_p_0p00,beta,10,1007234,0.11,0.0,02_dnn/01_dataset_gen/raw_outputs/18_beta_cell_90_dataset/raw_datasets/cell_beta_0p11_p_0p00/dataset_010_seed_1007234/dataset.npz,02_dnn/01_dataset_gen/raw_outputs/18_beta_cell_90_dataset/raw_datasets/cell_beta_0p11_p_0p00/dataset_010_seed_1007234/dataset_meta.json
cell_beta_0p11_p_0p00,beta,11,1107234,0.11,0.0,02_dnn/01_dataset_gen/raw_outputs/18_beta_cell_90_dataset/raw_datasets/cell_beta_0p11_p_0p00/dataset_011_seed_1107234/dataset.npz,02_dnn/01_dataset_gen/raw_outputs/18_beta_cell_90_dataset/raw_datasets/cell_beta_0p11_p_0p00/dataset_011_seed_1107234/dataset_meta.json
cell_beta_0p11_p_0p00,beta,12,1207234,0.11,0.0,02_dnn/01_dataset_gen/raw_outputs/18_beta_cell_90_dataset/raw_datasets/cell_beta_0p11_p_0p00/dataset_012_seed_1207234/dataset.npz,02_dnn/01_dataset_gen/raw_outputs/18_beta_cell_90_dataset/raw_datasets/cell_beta_0p11_p_0p00/dataset_012_seed_1207234/dataset_meta.json
cell_beta_0p11_p_0p00,beta,13,1307234,0.11,0.0,02_dnn/01_dataset_gen/raw_outputs/18_beta_cell_90_dataset/raw_datasets/cell_beta_0p11_p_0p00/dataset_013_seed_1307234/dataset.npz,02_dnn/01_dataset_gen/raw_outputs/18_beta_cell_90_dataset/raw_datasets/cell_beta_0p11_p_0p00/dataset_013_seed_1307234/dataset_meta.json
cell_beta_0p11_p_0p00,beta,14,1407234,0.11,0.0,02_dnn/01_dataset_gen/raw_outputs/18_beta_cell_90_dataset/raw_datasets/cell_beta_0p11_p_0p00/dataset_014_seed_1407234/dataset.npz,02_dnn/01_dataset_gen/raw_outputs/18_beta_cell_90_dataset/raw_datasets/cell_beta_0p11_p_0p00/dataset_014_seed_1407234/dataset_meta.json
cell_beta_0p11_p_0p00,beta,15,1507234,0.11,0.0,02_dnn/01_dataset_gen/raw_outputs/18_beta_cell_90_dataset/raw_datasets/cell_beta_0p11_p_0p00/dataset_015_seed_1507234/dataset.npz,02_dnn/01_dataset_gen/raw_outputs/18_beta_cell_90_dataset/raw_datasets/cell_beta_0p11_p_0p00/dataset_015_seed_1507234/dataset_meta.json
cell_beta_0p11_p_0p00,beta,16,1607234,0.11,0.0,02_dnn/01_dataset_gen/raw_outputs/18_beta_cell_90_dataset/raw_datasets/cell_beta_0p11_p_0p00/dataset_016_seed_1607234/dataset.npz,02_dnn/01_dataset_gen/raw_outputs/18_beta_cell_90_dataset/raw_datasets/cell_beta_0p11_p_0p00/dataset_016_seed_1607234/dataset_meta.json
cell_beta_0p11_p_0p00,beta,17,1707234,0.11,0.0,02_dnn/01_dataset_gen/raw_outputs/18_beta_cell_90_dataset/raw_datasets/cell_beta_0p11_p_0p00/dataset_017_seed_1707234/dataset.npz,02_dnn/01_dataset_gen/raw_outputs/18_beta_cell_90_dataset/raw_datasets/cell_beta_0p11_p_0p00/dataset_017_seed_1707234/dataset_meta.json
cell_beta_0p11_p_0p00,beta,18,1807234,0.11,0.0,02_dnn/01_dataset_gen/raw_outputs/18_beta_cell_90_dataset/raw_datasets/cell_beta_0p11_p_0p00/dataset_018_seed_1807234/dataset.npz,02_dnn/01_dataset_gen/raw_outputs/18_beta_cell_90_dataset/raw_datasets/cell_beta_0p11_p_0p00/dataset_018_seed_1807234/dataset_meta.json
cell_beta_0p11_p_0p00,beta,19,1907234,0.11,0.0,02_dnn/01_dataset_gen/raw_outputs/18_beta_cell_90_dataset/raw_datasets/cell_beta_0p11_p_0p00/dataset_019_seed_1907234/dataset.npz,02_dnn/01_dataset_gen/raw_outputs/18_beta_cell_90_dataset/raw_datasets/cell_beta_0p11_p_0p00/dataset_019_seed_1907234/dataset_meta.json
cell_beta_0p11_p_0p00,beta,20,2007234,0.11,0.0,02_dnn/01_dataset_gen/raw_outputs/18_beta_cell_90_dataset/raw_datasets/cell_beta_0p11_p_0p00/dataset_020_seed_2007234/dataset.npz,02_dnn/01_dataset_gen/raw_outputs/18_beta_cell_90_dataset/raw_datasets/cell_beta_0p11_p_0p00/dataset_020_seed_2007234/dataset_meta.json
cell_beta_0p11_p_0p00,beta,21,2107234,0.11,0.0,02_dnn/01_dataset_gen/raw_outputs/18_beta_cell_90_dataset/raw_datasets/cell_beta_0p11_p_0p00/dataset_021_seed_2107234/dataset.npz,02_dnn/01_dataset_gen/raw_outputs/18_beta_cell_90_dataset/raw_datasets/cell_beta_0p11_p_0p00/dataset_021_seed_2107234/dataset_meta.json
cell_beta_0p11_p_0p00,beta,22,2207234,0.11,0.0,02_dnn/01_dataset_gen/raw_outputs/18_beta_cell_90_dataset/raw_datasets/cell_beta_0p11_p_0p00/dataset_022_seed_2207234/dataset.npz,02_dnn/01_dataset_gen/raw_outputs/18_beta_cell_90_dataset/raw_datasets/cell_beta_0p11_p_0p00/dataset_022_seed_2207234/dataset_meta.json
cell_beta_0p11_p_0p00,beta,23,2307234,0.11,0.0,02_dnn/01_dataset_gen/raw_outputs/18_beta_cell_90_dataset/raw_datasets/cell_beta_0p11_p_0p00/dataset_023_seed_2307234/dataset.npz,02_dnn/01_dataset_gen/raw_outputs/18_beta_cell_90_dataset/raw_datasets/cell_beta_0p11_p_0p00/dataset_023_seed_2307234/dataset_meta.json
cell_beta_0p11_p_0p00,beta,24,2407234,0.11,0.0,02_dnn/01_dataset_gen/raw_outputs/18_beta_cell_90_dataset/raw_datasets/cell_beta_0p11_p_0p00/dataset_024_seed_2407234/dataset.npz,02_dnn/01_dataset_gen/raw_outputs/18_beta_cell_90_dataset/raw_datasets/cell_beta_0p11_p_0p00/dataset_024_seed_2407234/dataset_meta.json
cell_beta_0p11_p_0p00,beta,25,2507234,0.11,0.0,02_dnn/01_dataset_gen/raw_outputs/18_beta_cell_90_dataset/raw_datasets/cell_beta_0p11_p_0p00/dataset_025_seed_2507234/dataset.npz,02_dnn/01_dataset_gen/raw_outputs/18_beta_cell_90_dataset/raw_datasets/cell_beta_0p11_p_0p00/dataset_025_seed_2507234/dataset_meta.json
cell_beta_0p11_p_0p00,beta,26,2607234,0.11,0.0,02_dnn/01_dataset_gen/raw_outputs/18_beta_cell_90_dataset/raw_datasets/cell_beta_0p11_p_0p00/dataset_026_seed_2607234/dataset.npz,02_dnn/01_dataset_gen/raw_outputs/18_beta_cell_90_dataset/raw_datasets/cell_beta_0p11_p_0p00/dataset_026_seed_2607234/dataset_meta.json
cell_beta_0p11_p_0p00,beta,27,2707234,0.11,0.0,02_dnn/01_dataset_gen/raw_outputs/18_beta_cell_90_dataset/raw_datasets/cell_beta_0p11_p_0p00/dataset_027_seed_2707234/dataset.npz,02_dnn/01_dataset_gen/raw_outputs/18_beta_cell_90_dataset/raw_datasets/cell_beta_0p11_p_0p00/dataset_027_seed_2707234/dataset_meta.json
cell_beta_0p11_p_0p00,beta,28,2807234,0.11,0.0,02_dnn/01_dataset_gen/raw_outputs/18_beta_cell_90_dataset/raw_datasets/cell_beta_0p11_p_0p00/dataset_028_seed_2807234/dataset.npz,02_dnn/01_dataset_gen/raw_outputs/18_beta_cell_90_dataset/raw_datasets/cell_beta_0p11_p_0p00/dataset_028_seed_2807234/dataset_meta.json
cell_beta_0p11_p_0p00,beta,29,2907234,0.11,0.0,02_dnn/01_dataset_gen/raw_outputs/18_beta_cell_90_dataset/raw_datasets/cell_beta_0p11_p_0p00/dataset_029_seed_2907234/dataset.npz,02_dnn/01_dataset_gen/raw_outputs/18_beta_cell_90_dataset/raw_datasets/cell_beta_0p11_p_0p00/dataset_029_seed_2907234/dataset_meta.json
cell_beta_0p11_p_0p00,beta,30,3007234,0.11,0.0,02_dnn/01_dataset_gen/raw_outputs/18_beta_cell_90_dataset/raw_datasets/cell_beta_0p11_p_0p00/dataset_030_seed_3007234/dataset.npz,02_dnn/01_dataset_gen/raw_outputs/18_beta_cell_90_dataset/raw_datasets/cell_beta_0p11_p_0p00/dataset_030_seed_3007234/dataset_meta.json
cell_beta_0p11_p_0p00,beta,31,3107234,0.11,0.0,02_dnn/01_dataset_gen/raw_outputs/18_beta_cell_90_dataset/raw_datasets/cell_beta_0p11_p_0p00/dataset_031_seed_3107234/dataset.npz,02_dnn/01_dataset_gen/raw_outputs/18_beta_cell_90_dataset/raw_datasets/cell_beta_0p11_p_0p00/dataset_031_seed_3107234/dataset_meta.json
cell_beta_0p11_p_0p00,beta,32,3207234,0.11,0.0,02_dnn/01_dataset_gen/raw_outputs/18_beta_cell_90_dataset/raw_datasets/cell_beta_0p11_p_0p00/dataset_032_seed_3207234/dataset.npz,02_dnn/01_dataset_gen/raw_outputs/18_beta_cell_90_dataset/raw_datasets/cell_beta_0p11_p_0p00/dataset_032_seed_3207234/dataset_meta.json
cell_beta_0p11_p_0p00,beta,33,3307234,0.11,0.0,02_dnn/01_dataset_gen/raw_outputs/18_beta_cell_90_dataset/raw_datasets/cell_beta_0p11_p_0p00/dataset_033_seed_3307234/dataset.npz,02_dnn/01_dataset_gen/raw_outputs/18_beta_cell_90_dataset/raw_datasets/cell_beta_0p11_p_0p00/dataset_033_seed_3307234/dataset_meta.json
cell_beta_0p11_p_0p00,beta,34,3407234,0.11,0.0,02_dnn/01_dataset_gen/raw_outputs/18_beta_cell_90_dataset/raw_datasets/cell_beta_0p11_p_0p00/dataset_034_seed_3407234/dataset.npz,02_dnn/01_dataset_gen/raw_outputs/18_beta_cell_90_dataset/raw_datasets/cell_beta_0p11_p_0p00/dataset_034_seed_3407234/dataset_meta.json
cell_beta_0p11_p_0p00,beta,35,3507234,0.11,0.0,02_dnn/01_dataset_gen/raw_outputs/18_beta_cell_90_dataset/raw_datasets/cell_beta_0p11_p_0p00/dataset_035_seed_3507234/dataset.npz,02_dnn/01_dataset_gen/raw_outputs/18_beta_cell_90_dataset/raw_datasets/cell_beta_0p11_p_0p00/dataset_035_seed_3507234/dataset_meta.json
cell_beta_0p11_p_0p00,beta,36,3607234,0.11,0.0,02_dnn/01_dataset_gen/raw_outputs/18_beta_cell_90_dataset/raw_datasets/cell_beta_0p11_p_0p00/dataset_036_seed_3607234/dataset.npz,02_dnn/01_dataset_gen/raw_outputs/18_beta_cell_90_dataset/raw_datasets/cell_beta_0p11_p_0p00/dataset_036_seed_3607234/dataset_meta.json
cell_beta_0p11_p_0p00,beta,37,3707234,0.11,0.0,02_dnn/01_dataset_gen/raw_outputs/18_beta_cell_90_dataset/raw_datasets/cell_beta_0p11_p_0p00/dataset_037_seed_3707234/dataset.npz,02_dnn/01_dataset_gen/raw_outputs/18_beta_cell_90_dataset/raw_datasets/cell_beta_0p11_p_0p00/dataset_037_seed_3707234/dataset_meta.json
cell_beta_0p11_p_0p00,beta,38,3807234,0.11,0.0,02_dnn/01_dataset_gen/raw_outputs/18_beta_cell_90_dataset/raw_datasets/cell_beta_0p11_p_0p00/dataset_038_seed_3807234/dataset.npz,02_dnn/01_dataset_gen/raw_outputs/18_beta_cell_90_dataset/raw_datasets/cell_beta_0p11_p_0p00/dataset_038_seed_3807234/dataset_meta.json
cell_beta_0p11_p_0p00,beta,39,3907234,0.11,0.0,02_dnn/01_dataset_gen/raw_outputs/18_beta_cell_90_dataset/raw_datasets/cell_beta_0p11_p_0p00/dataset_039_seed_3907234/dataset.npz,02_dnn/01_dataset_gen/raw_outputs/18_beta_cell_90_dataset/raw_datasets/cell_beta_0p11_p_0p00/dataset_039_seed_3907234/dataset_meta.json
cell_beta_0p11_p_0p00,beta,40,4007234,0.11,0.0,02_dnn/01_dataset_gen/raw_outputs/18_beta_cell_90_dataset/raw_datasets/cell_beta_0p11_p_0p00/dataset_040_seed_4007234/dataset.npz,02_dnn/01_dataset_gen/raw_outputs/18_beta_cell_90_dataset/raw_datasets/cell_beta_0p11_p_0p00/dataset_040_seed_4007234/dataset_meta.json
cell_beta_0p11_p_0p00,beta,41,4107234,0.11,0.0,02_dnn/01_dataset_gen/raw_outputs/18_beta_cell_90_dataset/raw_datasets/cell_beta_0p11_p_0p00/dataset_041_seed_4107234/dataset.npz,02_dnn/01_dataset_gen/raw_outputs/18_beta_cell_90_dataset/raw_datasets/cell_beta_0p11_p_0p00/dataset_041_seed_4107234/dataset_meta.json
cell_beta_0p11_p_0p00,beta,42,4207234,0.11,0.0,02_dnn/01_dataset_gen/raw_outputs/18_beta_cell_90_dataset/raw_datasets/cell_beta_0p11_p_0p00/dataset_042_seed_4207234/dataset.npz,02_dnn/01_dataset_gen/raw_outputs/18_beta_cell_90_dataset/raw_datasets/cell_beta_0p11_p_0p00/dataset_042_seed_4207234/dataset_meta.json
cell_beta_0p11_p_0p00,beta,43,4307234,0.11,0.0,02_dnn/01_dataset_gen/raw_outputs/18_beta_cell_90_dataset/raw_datasets/cell_beta_0p11_p_0p00/dataset_043_seed_4307234/dataset.npz,02_dnn/01_dataset_gen/raw_outputs/18_beta_cell_90_dataset/raw_datasets/cell_beta_0p11_p_0p00/dataset_043_seed_4307234/dataset_meta.json
cell_beta_0p11_p_0p00,beta,44,4407234,0.11,0.0,02_dnn/01_dataset_gen/raw_outputs/18_beta_cell_90_dataset/raw_datasets/cell_beta_0p11_p_0p00/dataset_044_seed_4407234/dataset.npz,02_dnn/01_dataset_gen/raw_outputs/18_beta_cell_90_dataset/raw_datasets/cell_beta_0p11_p_0p00/dataset_044_seed_4407234/dataset_meta.json
cell_beta_0p11_p_0p00,beta,45,4507234,0.11,0.0,02_dnn/01_dataset_gen/raw_outputs/18_beta_cell_90_dataset/raw_datasets/cell_beta_0p11_p_0p00/dataset_045_seed_4507234/dataset.npz,02_dnn/01_dataset_gen/raw_outputs/18_beta_cell_90_dataset/raw_datasets/cell_beta_0p11_p_0p00/dataset_045_seed_4507234/dataset_meta.json
cell_beta_0p11_p_0p00,beta,46,4607234,0.11,0.0,02_dnn/01_dataset_gen/raw_outputs/18_beta_cell_90_dataset/raw_datasets/cell_beta_0p11_p_0p00/dataset_046_seed_4607234/dataset.npz,02_dnn/01_dataset_gen/raw_outputs/18_beta_cell_90_dataset/raw_datasets/cell_beta_0p11_p_0p00/dataset_046_seed_4607234/dataset_meta.json
cell_beta_0p11_p_0p00,beta,47,4707234,0.11,0.0,02_dnn/01_dataset_gen/raw_outputs/18_beta_cell_90_dataset/raw_datasets/cell_beta_0p11_p_0p00/dataset_047_seed_4707234/dataset.npz,02_dnn/01_dataset_gen/raw_outputs/18_beta_cell_90_dataset/raw_datasets/cell_beta_0p11_p_0p00/dataset_047_seed_4707234/dataset_meta.json
cell_beta_0p11_p_0p00,beta,48,4807234,0.11,0.0,02_dnn/01_dataset_gen/raw_outputs/18_beta_cell_90_dataset/raw_datasets/cell_beta_0p11_p_0p00/dataset_048_seed_4807234/dataset.npz,02_dnn/01_dataset_gen/raw_outputs/18_beta_cell_90_dataset/raw_datasets/cell_beta_0p11_p_0p00/dataset_048_seed_4807234/dataset_meta.json
cell_beta_0p11_p_0p00,beta,49,4907234,0.11,0.0,02_dnn/01_dataset_gen/raw_outputs/18_beta_cell_90_dataset/raw_datasets/cell_beta_0p11_p_0p00/dataset_049_seed_4907234/dataset.npz,02_dnn/01_dataset_gen/raw_outputs/18_beta_cell_90_dataset/raw_datasets/cell_beta_0p11_p_0p00/dataset_049_seed_4907234/dataset_meta.json
cell_beta_0p11_p_0p00,beta,50,5007234,0.11,0.0,02_dnn/01_dataset_gen/raw_outputs/18_beta_cell_90_dataset/raw_datasets/cell_beta_0p11_p_0p00/dataset_050_seed_5007234/dataset.npz,02_dnn/01_dataset_gen/raw_outputs/18_beta_cell_90_dataset/raw_datasets/cell_beta_0p11_p_0p00/dataset_050_seed_5007234/dataset_meta.json
cell_beta_0p11_p_0p00,beta,51,5107234,0.11,0.0,02_dnn/01_dataset_gen/raw_outputs/18_beta_cell_90_dataset/raw_datasets/cell_beta_0p11_p_0p00/dataset_051_seed_5107234/dataset.npz,02_dnn/01_dataset_gen/raw_outputs/18_beta_cell_90_dataset/raw_datasets/cell_beta_0p11_p_0p00/dataset_051_seed_5107234/dataset_meta.json
cell_beta_0p11_p_0p00,beta,52,5207234,0.11,0.0,02_dnn/01_dataset_gen/raw_outputs/18_beta_cell_90_dataset/raw_datasets/cell_beta_0p11_p_0p00/dataset_052_seed_5207234/dataset.npz,02_dnn/01_dataset_gen/raw_outputs/18_beta_cell_90_dataset/raw_datasets/cell_beta_0p11_p_0p00/dataset_052_seed_5207234/dataset_meta.json
cell_beta_0p11_p_0p00,beta,53,5307234,0.11,0.0,02_dnn/01_dataset_gen/raw_outputs/18_beta_cell_90_dataset/raw_datasets/cell_beta_0p11_p_0p00/dataset_053_seed_5307234/dataset.npz,02_dnn/01_dataset_gen/raw_outputs/18_beta_cell_90_dataset/raw_datasets/cell_beta_0p11_p_0p00/dataset_053_seed_5307234/dataset_meta.json
cell_beta_0p11_p_0p00,beta,54,5407234,0.11,0.0,02_dnn/01_dataset_gen/raw_outputs/18_beta_cell_90_dataset/raw_datasets/cell_beta_0p11_p_0p00/dataset_054_seed_5407234/dataset.npz,02_dnn/01_dataset_gen/raw_outputs/18_beta_cell_90_dataset/raw_datasets/cell_beta_0p11_p_0p00/dataset_054_seed_5407234/dataset_meta.json
cell_beta_0p11_p_0p00,beta,55,5507234,0.11,0.0,02_dnn/01_dataset_gen/raw_outputs/18_beta_cell_90_dataset/raw_datasets/cell_beta_0p11_p_0p00/dataset_055_seed_5507234/dataset.npz,02_dnn/01_dataset_gen/raw_outputs/18_beta_cell_90_dataset/raw_datasets/cell_beta_0p11_p_0p00/dataset_055_seed_5507234/dataset_meta.json
cell_beta_0p11_p_0p00,beta,56,5607234,0.11,0.0,02_dnn/01_dataset_gen/raw_outputs/18_beta_cell_90_dataset/raw_datasets/cell_beta_0p11_p_0p00/dataset_056_seed_5607234/dataset.npz,02_dnn/01_dataset_gen/raw_outputs/18_beta_cell_90_dataset/raw_datasets/cell_beta_0p11_p_0p00/dataset_056_seed_5607234/dataset_meta.json
cell_beta_0p11_p_0p00,beta,57,5707234,0.11,0.0,02_dnn/01_dataset_gen/raw_outputs/18_beta_cell_90_dataset/raw_datasets/cell_beta_0p11_p_0p00/dataset_057_seed_5707234/dataset.npz,02_dnn/01_dataset_gen/raw_outputs/18_beta_cell_90_dataset/raw_datasets/cell_beta_0p11_p_0p00/dataset_057_seed_5707234/dataset_meta.json
cell_beta_0p11_p_0p00,beta,58,5807234,0.11,0.0,02_dnn/01_dataset_gen/raw_outputs/18_beta_cell_90_dataset/raw_datasets/cell_beta_0p11_p_0p00/dataset_058_seed_5807234/dataset.npz,02_dnn/01_dataset_gen/raw_outputs/18_beta_cell_90_dataset/raw_datasets/cell_beta_0p11_p_0p00/dataset_058_seed_5807234/dataset_meta.json
cell_beta_0p11_p_0p00,beta,59,5907234,0.11,0.0,02_dnn/01_dataset_gen/raw_outputs/18_beta_cell_90_dataset/raw_datasets/cell_beta_0p11_p_0p00/dataset_059_seed_5907234/dataset.npz,02_dnn/01_dataset_gen/raw_outputs/18_beta_cell_90_dataset/raw_datasets/cell_beta_0p11_p_0p00/dataset_059_seed_5907234/dataset_meta.json
cell_beta_0p11_p_0p00,beta,60,6007234,0.11,0.0,02_dnn/01_dataset_gen/raw_outputs/18_beta_cell_90_dataset/raw_datasets/cell_beta_0p11_p_0p00/dataset_060_seed_6007234/dataset.npz,02_dnn/01_dataset_gen/raw_outputs/18_beta_cell_90_dataset/raw_datasets/cell_beta_0p11_p_0p00/dataset_060_seed_6007234/dataset_meta.json
cell_beta_0p11_p_0p00,beta,61,6107234,0.11,0.0,02_dnn/01_dataset_gen/raw_outputs/18_beta_cell_90_dataset/raw_datasets/cell_beta_0p11_p_0p00/dataset_061_seed_6107234/dataset.npz,02_dnn/01_dataset_gen/raw_outputs/18_beta_cell_90_dataset/raw_datasets/cell_beta_0p11_p_0p00/dataset_061_seed_6107234/dataset_meta.json
cell_beta_0p11_p_0p00,beta,62,6207234,0.11,0.0,02_dnn/01_dataset_gen/raw_outputs/18_beta_cell_90_dataset/raw_datasets/cell_beta_0p11_p_0p00/dataset_062_seed_6207234/dataset.npz,02_dnn/01_dataset_gen/raw_outputs/18_beta_cell_90_dataset/raw_datasets/cell_beta_0p11_p_0p00/dataset_062_seed_6207234/dataset_meta.json
cell_beta_0p11_p_0p00,beta,63,6307234,0.11,0.0,02_dnn/01_dataset_gen/raw_outputs/18_beta_cell_90_dataset/raw_datasets/cell_beta_0p11_p_0p00/dataset_063_seed_6307234/dataset.npz,02_dnn/01_dataset_gen/raw_outputs/18_beta_cell_90_dataset/raw_datasets/cell_beta_0p11_p_0p00/dataset_063_seed_6307234/dataset_meta.json
cell_beta_0p11_p_0p00,beta,64,6407234,0.11,0.0,02_dnn/01_dataset_gen/raw_outputs/18_beta_cell_90_dataset/raw_datasets/cell_beta_0p11_p_0p00/dataset_064_seed_6407234/dataset.npz,02_dnn/01_dataset_gen/raw_outputs/18_beta_cell_90_dataset/raw_datasets/cell_beta_0p11_p_0p00/dataset_064_seed_6407234/dataset_meta.json
cell_beta_0p11_p_0p00,beta,65,6507234,0.11,0.0,02_dnn/01_dataset_gen/raw_outputs/18_beta_cell_90_dataset/raw_datasets/cell_beta_0p11_p_0p00/dataset_065_seed_6507234/dataset.npz,02_dnn/01_dataset_gen/raw_outputs/18_beta_cell_90_dataset/raw_datasets/cell_beta_0p11_p_0p00/dataset_065_seed_6507234/dataset_meta.json
cell_beta_0p11_p_0p00,beta,66,6607234,0.11,0.0,02_dnn/01_dataset_gen/raw_outputs/18_beta_cell_90_dataset/raw_datasets/cell_beta_0p11_p_0p00/dataset_066_seed_6607234/dataset.npz,02_dnn/01_dataset_gen/raw_outputs/18_beta_cell_90_dataset/raw_datasets/cell_beta_0p11_p_0p00/dataset_066_seed_6607234/dataset_meta.json
cell_beta_0p11_p_0p00,beta,67,6707234,0.11,0.0,02_dnn/01_dataset_gen/raw_outputs/18_beta_cell_90_dataset/raw_datasets/cell_beta_0p11_p_0p00/dataset_067_seed_6707234/dataset.npz,02_dnn/01_dataset_gen/raw_outputs/18_beta_cell_90_dataset/raw_datasets/cell_beta_0p11_p_0p00/dataset_067_seed_6707234/dataset_meta.json
cell_beta_0p11_p_0p00,beta,68,6807234,0.11,0.0,02_dnn/01_dataset_gen/raw_outputs/18_beta_cell_90_dataset/raw_datasets/cell_beta_0p11_p_0p00/dataset_068_seed_6807234/dataset.npz,02_dnn/01_dataset_gen/raw_outputs/18_beta_cell_90_dataset/raw_datasets/cell_beta_0p11_p_0p00/dataset_068_seed_6807234/dataset_meta.json
cell_beta_0p11_p_0p00,beta,69,6907234,0.11,0.0,02_dnn/01_dataset_gen/raw_outputs/18_beta_cell_90_dataset/raw_datasets/cell_beta_0p11_p_0p00/dataset_069_seed_6907234/dataset.npz,02_dnn/01_dataset_gen/raw_outputs/18_beta_cell_90_dataset/raw_datasets/cell_beta_0p11_p_0p00/dataset_069_seed_6907234/dataset_meta.json
cell_beta_0p11_p_0p00,beta,70,7007234,0.11,0.0,02_dnn/01_dataset_gen/raw_outputs/18_beta_cell_90_dataset/raw_datasets/cell_beta_0p11_p_0p00/dataset_070_seed_7007234/dataset.npz,02_dnn/01_dataset_gen/raw_outputs/18_beta_cell_90_dataset/raw_datasets/cell_beta_0p11_p_0p00/dataset_070_seed_7007234/dataset_meta.json
cell_beta_0p11_p_0p00,beta,71,7107234,0.11,0.0,02_dnn/01_dataset_gen/raw_outputs/18_beta_cell_90_dataset/raw_datasets/cell_beta_0p11_p_0p00/dataset_071_seed_7107234/dataset.npz,02_dnn/01_dataset_gen/raw_outputs/18_beta_cell_90_dataset/raw_datasets/cell_beta_0p11_p_0p00/dataset_071_seed_7107234/dataset_meta.json
cell_beta_0p11_p_0p00,beta,72,7207234,0.11,0.0,02_dnn/01_dataset_gen/raw_outputs/18_beta_cell_90_dataset/raw_datasets/cell_beta_0p11_p_0p00/dataset_072_seed_7207234/dataset.npz,02_dnn/01_dataset_gen/raw_outputs/18_beta_cell_90_dataset/raw_datasets/cell_beta_0p11_p_0p00/dataset_072_seed_7207234/dataset_meta.json
cell_beta_0p11_p_0p00,beta,73,7307234,0.11,0.0,02_dnn/01_dataset_gen/raw_outputs/18_beta_cell_90_dataset/raw_datasets/cell_beta_0p11_p_0p00/dataset_073_seed_7307234/dataset.npz,02_dnn/01_dataset_gen/raw_outputs/18_beta_cell_90_dataset/raw_datasets/cell_beta_0p11_p_0p00/dataset_073_seed_7307234/dataset_meta.json
cell_beta_0p11_p_0p00,beta,74,7407234,0.11,0.0,02_dnn/01_dataset_gen/raw_outputs/18_beta_cell_90_dataset/raw_datasets/cell_beta_0p11_p_0p00/dataset_074_seed_7407234/dataset.npz,02_dnn/01_dataset_gen/raw_outputs/18_beta_cell_90_dataset/raw_datasets/cell_beta_0p11_p_0p00/dataset_074_seed_7407234/dataset_meta.json
cell_beta_0p11_p_0p00,beta,75,7507234,0.11,0.0,02_dnn/01_dataset_gen/raw_outputs/18_beta_cell_90_dataset/raw_datasets/cell_beta_0p11_p_0p00/dataset_075_seed_7507234/dataset.npz,02_dnn/01_dataset_gen/raw_outputs/18_beta_cell_90_dataset/raw_datasets/cell_beta_0p11_p_0p00/dataset_075_seed_7507234/dataset_meta.json
cell_beta_0p11_p_0p00,beta,76,7607234,0.11,0.0,02_dnn/01_dataset_gen/raw_outputs/18_beta_cell_90_dataset/raw_datasets/cell_beta_0p11_p_0p00/dataset_076_seed_7607234/dataset.npz,02_dnn/01_dataset_gen/raw_outputs/18_beta_cell_90_dataset/raw_datasets/cell_beta_0p11_p_0p00/dataset_076_seed_7607234/dataset_meta.json
cell_beta_0p11_p_0p00,beta,77,7707234,0.11,0.0,02_dnn/01_dataset_gen/raw_outputs/18_beta_cell_90_dataset/raw_datasets/cell_beta_0p11_p_0p00/dataset_077_seed_7707234/dataset.npz,02_dnn/01_dataset_gen/raw_outputs/18_beta_cell_90_dataset/raw_datasets/cell_beta_0p11_p_0p00/dataset_077_seed_7707234/dataset_meta.json
cell_beta_0p11_p_0p00,beta,78,7807234,0.11,0.0,02_dnn/01_dataset_gen/raw_outputs/18_beta_cell_90_dataset/raw_datasets/cell_beta_0p11_p_0p00/dataset_078_seed_7807234/dataset.npz,02_dnn/01_dataset_gen/raw_outputs/18_beta_cell_90_dataset/raw_datasets/cell_beta_0p11_p_0p00/dataset_078_seed_7807234/dataset_meta.json
cell_beta_0p11_p_0p00,beta,79,7907234,0.11,0.0,02_dnn/01_dataset_gen/raw_outputs/18_beta_cell_90_dataset/raw_datasets/cell_beta_0p11_p_0p00/dataset_079_seed_7907234/dataset.npz,02_dnn/01_dataset_gen/raw_outputs/18_beta_cell_90_dataset/raw_datasets/cell_beta_0p11_p_0p00/dataset_079_seed_7907234/dataset_meta.json
cell_beta_0p11_p_0p00,beta,80,8007234,0.11,0.0,02_dnn/01_dataset_gen/raw_outputs/18_beta_cell_90_dataset/raw_datasets/cell_beta_0p11_p_0p00/dataset_080_seed_8007234/dataset.npz,02_dnn/01_dataset_gen/raw_outputs/18_beta_cell_90_dataset/raw_datasets/cell_beta_0p11_p_0p00/dataset_080_seed_8007234/dataset_meta.json
cell_beta_0p11_p_0p00,beta,81,8107234,0.11,0.0,02_dnn/01_dataset_gen/raw_outputs/18_beta_cell_90_dataset/raw_datasets/cell_beta_0p11_p_0p00/dataset_081_seed_8107234/dataset.npz,02_dnn/01_dataset_gen/raw_outputs/18_beta_cell_90_dataset/raw_datasets/cell_beta_0p11_p_0p00/dataset_081_seed_8107234/dataset_meta.json
cell_beta_0p11_p_0p00,beta,82,8207234,0.11,0.0,02_dnn/01_dataset_gen/raw_outputs/18_beta_cell_90_dataset/raw_datasets/cell_beta_0p11_p_0p00/dataset_082_seed_8207234/dataset.npz,02_dnn/01_dataset_gen/raw_outputs/18_beta_cell_90_dataset/raw_datasets/cell_beta_0p11_p_0p00/dataset_082_seed_8207234/dataset_meta.json
cell_beta_0p11_p_0p00,beta,83,8307234,0.11,0.0,02_dnn/01_dataset_gen/raw_outputs/18_beta_cell_90_dataset/raw_datasets/cell_beta_0p11_p_0p00/dataset_083_seed_8307234/dataset.npz,02_dnn/01_dataset_gen/raw_outputs/18_beta_cell_90_dataset/raw_datasets/cell_beta_0p11_p_0p00/dataset_083_seed_8307234/dataset_meta.json
cell_beta_0p11_p_0p00,beta,84,8407234,0.11,0.0,02_dnn/01_dataset_gen/raw_outputs/18_beta_cell_90_dataset/raw_datasets/cell_beta_0p11_p_0p00/dataset_084_seed_8407234/dataset.npz,02_dnn/01_dataset_gen/raw_outputs/18_beta_cell_90_dataset/raw_datasets/cell_beta_0p11_p_0p00/dataset_084_seed_8407234/dataset_meta.json
cell_beta_0p11_p_0p00,beta,85,8507234,0.11,0.0,02_dnn/01_dataset_gen/raw_outputs/18_beta_cell_90_dataset/raw_datasets/cell_beta_0p11_p_0p00/dataset_085_seed_8507234/dataset.npz,02_dnn/01_dataset_gen/raw_outputs/18_beta_cell_90_dataset/raw_datasets/cell_beta_0p11_p_0p00/dataset_085_seed_8507234/dataset_meta.json
cell_beta_0p11_p_0p00,beta,86,8607234,0.11,0.0,02_dnn/01_dataset_gen/raw_outputs/18_beta_cell_90_dataset/raw_datasets/cell_beta_0p11_p_0p00/dataset_086_seed_8607234/dataset.npz,02_dnn/01_dataset_gen/raw_outputs/18_beta_cell_90_dataset/raw_datasets/cell_beta_0p11_p_0p00/dataset_086_seed_8607234/dataset_meta.json
cell_beta_0p11_p_0p00,beta,87,8707234,0.11,0.0,02_dnn/01_dataset_gen/raw_outputs/18_beta_cell_90_dataset/raw_datasets/cell_beta_0p11_p_0p00/dataset_087_seed_8707234/dataset.npz,02_dnn/01_dataset_gen/raw_outputs/18_beta_cell_90_dataset/raw_datasets/cell_beta_0p11_p_0p00/dataset_087_seed_8707234/dataset_meta.json
cell_beta_0p11_p_0p00,beta,88,8807234,0.11,0.0,02_dnn/01_dataset_gen/raw_outputs/18_beta_cell_90_dataset/raw_datasets/cell_beta_0p11_p_0p00/dataset_088_seed_8807234/dataset.npz,02_dnn/01_dataset_gen/raw_outputs/18_beta_cell_90_dataset/raw_datasets/cell_beta_0p11_p_0p00/dataset_088_seed_8807234/dataset_meta.json
cell_beta_0p11_p_0p00,beta,89,8907234,0.11,0.0,02_dnn/01_dataset_gen/raw_outputs/18_beta_cell_90_dataset/raw_datasets/cell_beta_0p11_p_0p00/dataset_089_seed_8907234/dataset.npz,02_dnn/01_dataset_gen/raw_outputs/18_beta_cell_90_dataset/raw_datasets/cell_beta_0p11_p_0p00/dataset_089_seed_8907234/dataset_meta.json
cell_beta_0p13_p_0p00,beta,0,9234,0.13,0.0,02_dnn/01_dataset_gen/raw_outputs/18_beta_cell_90_dataset/raw_datasets/cell_beta_0p13_p_0p00/dataset_000_seed_009234/dataset.npz,02_dnn/01_dataset_gen/raw_outputs/18_beta_cell_90_dataset/raw_datasets/cell_beta_0p13_p_0p00/dataset_000_seed_009234/dataset_meta.json
cell_beta_0p13_p_0p00,beta,1,109234,0.13,0.0,02_dnn/01_dataset_gen/raw_outputs/18_beta_cell_90_dataset/raw_datasets/cell_beta_0p13_p_0p00/dataset_001_seed_109234/dataset.npz,02_dnn/01_dataset_gen/raw_outputs/18_beta_cell_90_dataset/raw_datasets/cell_beta_0p13_p_0p00/dataset_001_seed_109234/dataset_meta.json
cell_beta_0p13_p_0p00,beta,2,209234,0.13,0.0,02_dnn/01_dataset_gen/raw_outputs/18_beta_cell_90_dataset/raw_datasets/cell_beta_0p13_p_0p00/dataset_002_seed_209234/dataset.npz,02_dnn/01_dataset_gen/raw_outputs/18_beta_cell_90_dataset/raw_datasets/cell_beta_0p13_p_0p00/dataset_002_seed_209234/dataset_meta.json
cell_beta_0p13_p_0p00,beta,3,309234,0.13,0.0,02_dnn/01_dataset_gen/raw_outputs/18_beta_cell_90_dataset/raw_datasets/cell_beta_0p13_p_0p00/dataset_003_seed_309234/dataset.npz,02_dnn/01_dataset_gen/raw_outputs/18_beta_cell_90_dataset/raw_datasets/cell_beta_0p13_p_0p00/dataset_003_seed_309234/dataset_meta.json
cell_beta_0p13_p_0p00,beta,4,409234,0.13,0.0,02_dnn/01_dataset_gen/raw_outputs/18_beta_cell_90_dataset/raw_datasets/cell_beta_0p13_p_0p00/dataset_004_seed_409234/dataset.npz,02_dnn/01_dataset_gen/raw_outputs/18_beta_cell_90_dataset/raw_datasets/cell_beta_0p13_p_0p00/dataset_004_seed_409234/dataset_meta.json
cell_beta_0p13_p_0p00,beta,5,509234,0.13,0.0,02_dnn/01_dataset_gen/raw_outputs/18_beta_cell_90_dataset/raw_datasets/cell_beta_0p13_p_0p00/dataset_005_seed_509234/dataset.npz,02_dnn/01_dataset_gen/raw_outputs/18_beta_cell_90_dataset/raw_datasets/cell_beta_0p13_p_0p00/dataset_005_seed_509234/dataset_meta.json
cell_beta_0p13_p_0p00,beta,6,609234,0.13,0.0,02_dnn/01_dataset_gen/raw_outputs/18_beta_cell_90_dataset/raw_datasets/cell_beta_0p13_p_0p00/dataset_006_seed_609234/dataset.npz,02_dnn/01_dataset_gen/raw_outputs/18_beta_cell_90_dataset/raw_datasets/cell_beta_0p13_p_0p00/dataset_006_seed_609234/dataset_meta.json
cell_beta_0p13_p_0p00,beta,7,709234,0.13,0.0,02_dnn/01_dataset_gen/raw_outputs/18_beta_cell_90_dataset/raw_datasets/cell_beta_0p13_p_0p00/dataset_007_seed_709234/dataset.npz,02_dnn/01_dataset_gen/raw_outputs/18_beta_cell_90_dataset/raw_datasets/cell_beta_0p13_p_0p00/dataset_007_seed_709234/dataset_meta.json
cell_beta_0p13_p_0p00,beta,8,809234,0.13,0.0,02_dnn/01_dataset_gen/raw_outputs/18_beta_cell_90_dataset/raw_datasets/cell_beta_0p13_p_0p00/dataset_008_seed_809234/dataset.npz,02_dnn/01_dataset_gen/raw_outputs/18_beta_cell_90_dataset/raw_datasets/cell_beta_0p13_p_0p00/dataset_008_seed_809234/dataset_meta.json
cell_beta_0p13_p_0p00,beta,9,909234,0.13,0.0,02_dnn/01_dataset_gen/raw_outputs/18_beta_cell_90_dataset/raw_datasets/cell_beta_0p13_p_0p00/dataset_009_seed_909234/dataset.npz,02_dnn/01_dataset_gen/raw_outputs/18_beta_cell_90_dataset/raw_datasets/cell_beta_0p13_p_0p00/dataset_009_seed_909234/dataset_meta.json
cell_beta_0p13_p_0p00,beta,10,1009234,0.13,0.0,02_dnn/01_dataset_gen/raw_outputs/18_beta_cell_90_dataset/raw_datasets/cell_beta_0p13_p_0p00/dataset_010_seed_1009234/dataset.npz,02_dnn/01_dataset_gen/raw_outputs/18_beta_cell_90_dataset/raw_datasets/cell_beta_0p13_p_0p00/dataset_010_seed_1009234/dataset_meta.json
cell_beta_0p13_p_0p00,beta,11,1109234,0.13,0.0,02_dnn/01_dataset_gen/raw_outputs/18_beta_cell_90_dataset/raw_datasets/cell_beta_0p13_p_0p00/dataset_011_seed_1109234/dataset.npz,02_dnn/01_dataset_gen/raw_outputs/18_beta_cell_90_dataset/raw_datasets/cell_beta_0p13_p_0p00/dataset_011_seed_1109234/dataset_meta.json
cell_beta_0p13_p_0p00,beta,12,1209234,0.13,0.0,02_dnn/01_dataset_gen/raw_outputs/18_beta_cell_90_dataset/raw_datasets/cell_beta_0p13_p_0p00/dataset_012_seed_1209234/dataset.npz,02_dnn/01_dataset_gen/raw_outputs/18_beta_cell_90_dataset/raw_datasets/cell_beta_0p13_p_0p00/dataset_012_seed_1209234/dataset_meta.json
cell_beta_0p13_p_0p00,beta,13,1309234,0.13,0.0,02_dnn/01_dataset_gen/raw_outputs/18_beta_cell_90_dataset/raw_datasets/cell_beta_0p13_p_0p00/dataset_013_seed_1309234/dataset.npz,02_dnn/01_dataset_gen/raw_outputs/18_beta_cell_90_dataset/raw_datasets/cell_beta_0p13_p_0p00/dataset_013_seed_1309234/dataset_meta.json
cell_beta_0p13_p_0p00,beta,14,1409234,0.13,0.0,02_dnn/01_dataset_gen/raw_outputs/18_beta_cell_90_dataset/raw_datasets/cell_beta_0p13_p_0p00/dataset_014_seed_1409234/dataset.npz,02_dnn/01_dataset_gen/raw_outputs/18_beta_cell_90_dataset/raw_datasets/cell_beta_0p13_p_0p00/dataset_014_seed_1409234/dataset_meta.json
cell_beta_0p13_p_0p00,beta,15,1509234,0.13,0.0,02_dnn/01_dataset_gen/raw_outputs/18_beta_cell_90_dataset/raw_datasets/cell_beta_0p13_p_0p00/dataset_015_seed_1509234/dataset.npz,02_dnn/01_dataset_gen/raw_outputs/18_beta_cell_90_dataset/raw_datasets/cell_beta_0p13_p_0p00/dataset_015_seed_1509234/dataset_meta.json
cell_beta_0p13_p_0p00,beta,16,1609234,0.13,0.0,02_dnn/01_dataset_gen/raw_outputs/18_beta_cell_90_dataset/raw_datasets/cell_beta_0p13_p_0p00/dataset_016_seed_1609234/dataset.npz,02_dnn/01_dataset_gen/raw_outputs/18_beta_cell_90_dataset/raw_datasets/cell_beta_0p13_p_0p00/dataset_016_seed_1609234/dataset_meta.json
cell_beta_0p13_p_0p00,beta,17,1709234,0.13,0.0,02_dnn/01_dataset_gen/raw_outputs/18_beta_cell_90_dataset/raw_datasets/cell_beta_0p13_p_0p00/dataset_017_seed_1709234/dataset.npz,02_dnn/01_dataset_gen/raw_outputs/18_beta_cell_90_dataset/raw_datasets/cell_beta_0p13_p_0p00/dataset_017_seed_1709234/dataset_meta.json
cell_beta_0p13_p_0p00,beta,18,1809234,0.13,0.0,02_dnn/01_dataset_gen/raw_outputs/18_beta_cell_90_dataset/raw_datasets/cell_beta_0p13_p_0p00/dataset_018_seed_1809234/dataset.npz,02_dnn/01_dataset_gen/raw_outputs/18_beta_cell_90_dataset/raw_datasets/cell_beta_0p13_p_0p00/dataset_018_seed_1809234/dataset_meta.json
cell_beta_0p13_p_0p00,beta,19,1909234,0.13,0.0,02_dnn/01_dataset_gen/raw_outputs/18_beta_cell_90_dataset/raw_datasets/cell_beta_0p13_p_0p00/dataset_019_seed_1909234/dataset.npz,02_dnn/01_dataset_gen/raw_outputs/18_beta_cell_90_dataset/raw_datasets/cell_beta_0p13_p_0p00/dataset_019_seed_1909234/dataset_meta.json
cell_beta_0p13_p_0p00,beta,20,2009234,0.13,0.0,02_dnn/01_dataset_gen/raw_outputs/18_beta_cell_90_dataset/raw_datasets/cell_beta_0p13_p_0p00/dataset_020_seed_2009234/dataset.npz,02_dnn/01_dataset_gen/raw_outputs/18_beta_cell_90_dataset/raw_datasets/cell_beta_0p13_p_0p00/dataset_020_seed_2009234/dataset_meta.json
cell_beta_0p13_p_0p00,beta,21,2109234,0.13,0.0,02_dnn/01_dataset_gen/raw_outputs/18_beta_cell_90_dataset/raw_datasets/cell_beta_0p13_p_0p00/dataset_021_seed_2109234/dataset.npz,02_dnn/01_dataset_gen/raw_outputs/18_beta_cell_90_dataset/raw_datasets/cell_beta_0p13_p_0p00/dataset_021_seed_2109234/dataset_meta.json
cell_beta_0p13_p_0p00,beta,22,2209234,0.13,0.0,02_dnn/01_dataset_gen/raw_outputs/18_beta_cell_90_dataset/raw_datasets/cell_beta_0p13_p_0p00/dataset_022_seed_2209234/dataset.npz,02_dnn/01_dataset_gen/raw_outputs/18_beta_cell_90_dataset/raw_datasets/cell_beta_0p13_p_0p00/dataset_022_seed_2209234/dataset_meta.json
cell_beta_0p13_p_0p00,beta,23,2309234,0.13,0.0,02_dnn/01_dataset_gen/raw_outputs/18_beta_cell_90_dataset/raw_datasets/cell_beta_0p13_p_0p00/dataset_023_seed_2309234/dataset.npz,02_dnn/01_dataset_gen/raw_outputs/18_beta_cell_90_dataset/raw_datasets/cell_beta_0p13_p_0p00/dataset_023_seed_2309234/dataset_meta.json
cell_beta_0p13_p_0p00,beta,24,2409234,0.13,0.0,02_dnn/01_dataset_gen/raw_outputs/18_beta_cell_90_dataset/raw_datasets/cell_beta_0p13_p_0p00/dataset_024_seed_2409234/dataset.npz,02_dnn/01_dataset_gen/raw_outputs/18_beta_cell_90_dataset/raw_datasets/cell_beta_0p13_p_0p00/dataset_024_seed_2409234/dataset_meta.json
cell_beta_0p13_p_0p00,beta,25,2509234,0.13,0.0,02_dnn/01_dataset_gen/raw_outputs/18_beta_cell_90_dataset/raw_datasets/cell_beta_0p13_p_0p00/dataset_025_seed_2509234/dataset.npz,02_dnn/01_dataset_gen/raw_outputs/18_beta_cell_90_dataset/raw_datasets/cell_beta_0p13_p_0p00/dataset_025_seed_2509234/dataset_meta.json
cell_beta_0p13_p_0p00,beta,26,2609234,0.13,0.0,02_dnn/01_dataset_gen/raw_outputs/18_beta_cell_90_dataset/raw_datasets/cell_beta_0p13_p_0p00/dataset_026_seed_2609234/dataset.npz,02_dnn/01_dataset_gen/raw_outputs/18_beta_cell_90_dataset/raw_datasets/cell_beta_0p13_p_0p00/dataset_026_seed_2609234/dataset_meta.json
cell_beta_0p13_p_0p00,beta,27,2709234,0.13,0.0,02_dnn/01_dataset_gen/raw_outputs/18_beta_cell_90_dataset/raw_datasets/cell_beta_0p13_p_0p00/dataset_027_seed_2709234/dataset.npz,02_dnn/01_dataset_gen/raw_outputs/18_beta_cell_90_dataset/raw_datasets/cell_beta_0p13_p_0p00/dataset_027_seed_2709234/dataset_meta.json
cell_beta_0p13_p_0p00,beta,28,2809234,0.13,0.0,02_dnn/01_dataset_gen/raw_outputs/18_beta_cell_90_dataset/raw_datasets/cell_beta_0p13_p_0p00/dataset_028_seed_2809234/dataset.npz,02_dnn/01_dataset_gen/raw_outputs/18_beta_cell_90_dataset/raw_datasets/cell_beta_0p13_p_0p00/dataset_028_seed_2809234/dataset_meta.json
cell_beta_0p13_p_0p00,beta,29,2909234,0.13,0.0,02_dnn/01_dataset_gen/raw_outputs/18_beta_cell_90_dataset/raw_datasets/cell_beta_0p13_p_0p00/dataset_029_seed_2909234/dataset.npz,02_dnn/01_dataset_gen/raw_outputs/18_beta_cell_90_dataset/raw_datasets/cell_beta_0p13_p_0p00/dataset_029_seed_2909234/dataset_meta.json
cell_beta_0p13_p_0p00,beta,30,3009234,0.13,0.0,02_dnn/01_dataset_gen/raw_outputs/18_beta_cell_90_dataset/raw_datasets/cell_beta_0p13_p_0p00/dataset_030_seed_3009234/dataset.npz,02_dnn/01_dataset_gen/raw_outputs/18_beta_cell_90_dataset/raw_datasets/cell_beta_0p13_p_0p00/dataset_030_seed_3009234/dataset_meta.json
cell_beta_0p13_p_0p00,beta,31,3109234,0.13,0.0,02_dnn/01_dataset_gen/raw_outputs/18_beta_cell_90_dataset/raw_datasets/cell_beta_0p13_p_0p00/dataset_031_seed_3109234/dataset.npz,02_dnn/01_dataset_gen/raw_outputs/18_beta_cell_90_dataset/raw_datasets/cell_beta_0p13_p_0p00/dataset_031_seed_3109234/dataset_meta.json
cell_beta_0p13_p_0p00,beta,32,3209234,0.13,0.0,02_dnn/01_dataset_gen/raw_outputs/18_beta_cell_90_dataset/raw_datasets/cell_beta_0p13_p_0p00/dataset_032_seed_3209234/dataset.npz,02_dnn/01_dataset_gen/raw_outputs/18_beta_cell_90_dataset/raw_datasets/cell_beta_0p13_p_0p00/dataset_032_seed_3209234/dataset_meta.json
cell_beta_0p13_p_0p00,beta,33,3309234,0.13,0.0,02_dnn/01_dataset_gen/raw_outputs/18_beta_cell_90_dataset/raw_datasets/cell_beta_0p13_p_0p00/dataset_033_seed_3309234/dataset.npz,02_dnn/01_dataset_gen/raw_outputs/18_beta_cell_90_dataset/raw_datasets/cell_beta_0p13_p_0p00/dataset_033_seed_3309234/dataset_meta.json
cell_beta_0p13_p_0p00,beta,34,3409234,0.13,0.0,02_dnn/01_dataset_gen/raw_outputs/18_beta_cell_90_dataset/raw_datasets/cell_beta_0p13_p_0p00/dataset_034_seed_3409234/dataset.npz,02_dnn/01_dataset_gen/raw_outputs/18_beta_cell_90_dataset/raw_datasets/cell_beta_0p13_p_0p00/dataset_034_seed_3409234/dataset_meta.json
cell_beta_0p13_p_0p00,beta,35,3509234,0.13,0.0,02_dnn/01_dataset_gen/raw_outputs/18_beta_cell_90_dataset/raw_datasets/cell_beta_0p13_p_0p00/dataset_035_seed_3509234/dataset.npz,02_dnn/01_dataset_gen/raw_outputs/18_beta_cell_90_dataset/raw_datasets/cell_beta_0p13_p_0p00/dataset_035_seed_3509234/dataset_meta.json
cell_beta_0p13_p_0p00,beta,36,3609234,0.13,0.0,02_dnn/01_dataset_gen/raw_outputs/18_beta_cell_90_dataset/raw_datasets/cell_beta_0p13_p_0p00/dataset_036_seed_3609234/dataset.npz,02_dnn/01_dataset_gen/raw_outputs/18_beta_cell_90_dataset/raw_datasets/cell_beta_0p13_p_0p00/dataset_036_seed_3609234/dataset_meta.json
cell_beta_0p13_p_0p00,beta,37,3709234,0.13,0.0,02_dnn/01_dataset_gen/raw_outputs/18_beta_cell_90_dataset/raw_datasets/cell_beta_0p13_p_0p00/dataset_037_seed_3709234/dataset.npz,02_dnn/01_dataset_gen/raw_outputs/18_beta_cell_90_dataset/raw_datasets/cell_beta_0p13_p_0p00/dataset_037_seed_3709234/dataset_meta.json
cell_beta_0p13_p_0p00,beta,38,3809234,0.13,0.0,02_dnn/01_dataset_gen/raw_outputs/18_beta_cell_90_dataset/raw_datasets/cell_beta_0p13_p_0p00/dataset_038_seed_3809234/dataset.npz,02_dnn/01_dataset_gen/raw_outputs/18_beta_cell_90_dataset/raw_datasets/cell_beta_0p13_p_0p00/dataset_038_seed_3809234/dataset_meta.json
cell_beta_0p13_p_0p00,beta,39,3909234,0.13,0.0,02_dnn/01_dataset_gen/raw_outputs/18_beta_cell_90_dataset/raw_datasets/cell_beta_0p13_p_0p00/dataset_039_seed_3909234/dataset.npz,02_dnn/01_dataset_gen/raw_outputs/18_beta_cell_90_dataset/raw_datasets/cell_beta_0p13_p_0p00/dataset_039_seed_3909234/dataset_meta.json
cell_beta_0p13_p_0p00,beta,40,4009234,0.13,0.0,02_dnn/01_dataset_gen/raw_outputs/18_beta_cell_90_dataset/raw_datasets/cell_beta_0p13_p_0p00/dataset_040_seed_4009234/dataset.npz,02_dnn/01_dataset_gen/raw_outputs/18_beta_cell_90_dataset/raw_datasets/cell_beta_0p13_p_0p00/dataset_040_seed_4009234/dataset_meta.json
cell_beta_0p13_p_0p00,beta,41,4109234,0.13,0.0,02_dnn/01_dataset_gen/raw_outputs/18_beta_cell_90_dataset/raw_datasets/cell_beta_0p13_p_0p00/dataset_041_seed_4109234/dataset.npz,02_dnn/01_dataset_gen/raw_outputs/18_beta_cell_90_dataset/raw_datasets/cell_beta_0p13_p_0p00/dataset_041_seed_4109234/dataset_meta.json
cell_beta_0p13_p_0p00,beta,42,4209234,0.13,0.0,02_dnn/01_dataset_gen/raw_outputs/18_beta_cell_90_dataset/raw_datasets/cell_beta_0p13_p_0p00/dataset_042_seed_4209234/dataset.npz,02_dnn/01_dataset_gen/raw_outputs/18_beta_cell_90_dataset/raw_datasets/cell_beta_0p13_p_0p00/dataset_042_seed_4209234/dataset_meta.json
cell_beta_0p13_p_0p00,beta,43,4309234,0.13,0.0,02_dnn/01_dataset_gen/raw_outputs/18_beta_cell_90_dataset/raw_datasets/cell_beta_0p13_p_0p00/dataset_043_seed_4309234/dataset.npz,02_dnn/01_dataset_gen/raw_outputs/18_beta_cell_90_dataset/raw_datasets/cell_beta_0p13_p_0p00/dataset_043_seed_4309234/dataset_meta.json
cell_beta_0p13_p_0p00,beta,44,4409234,0.13,0.0,02_dnn/01_dataset_gen/raw_outputs/18_beta_cell_90_dataset/raw_datasets/cell_beta_0p13_p_0p00/dataset_044_seed_4409234/dataset.npz,02_dnn/01_dataset_gen/raw_outputs/18_beta_cell_90_dataset/raw_datasets/cell_beta_0p13_p_0p00/dataset_044_seed_4409234/dataset_meta.json
cell_beta_0p13_p_0p00,beta,45,4509234,0.13,0.0,02_dnn/01_dataset_gen/raw_outputs/18_beta_cell_90_dataset/raw_datasets/cell_beta_0p13_p_0p00/dataset_045_seed_4509234/dataset.npz,02_dnn/01_dataset_gen/raw_outputs/18_beta_cell_90_dataset/raw_datasets/cell_beta_0p13_p_0p00/dataset_045_seed_4509234/dataset_meta.json
cell_beta_0p13_p_0p00,beta,46,4609234,0.13,0.0,02_dnn/01_dataset_gen/raw_outputs/18_beta_cell_90_dataset/raw_datasets/cell_beta_0p13_p_0p00/dataset_046_seed_4609234/dataset.npz,02_dnn/01_dataset_gen/raw_outputs/18_beta_cell_90_dataset/raw_datasets/cell_beta_0p13_p_0p00/dataset_046_seed_4609234/dataset_meta.json
cell_beta_0p13_p_0p00,beta,47,4709234,0.13,0.0,02_dnn/01_dataset_gen/raw_outputs/18_beta_cell_90_dataset/raw_datasets/cell_beta_0p13_p_0p00/dataset_047_seed_4709234/dataset.npz,02_dnn/01_dataset_gen/raw_outputs/18_beta_cell_90_dataset/raw_datasets/cell_beta_0p13_p_0p00/dataset_047_seed_4709234/dataset_meta.json
cell_beta_0p13_p_0p00,beta,48,4809234,0.13,0.0,02_dnn/01_dataset_gen/raw_outputs/18_beta_cell_90_dataset/raw_datasets/cell_beta_0p13_p_0p00/dataset_048_seed_4809234/dataset.npz,02_dnn/01_dataset_gen/raw_outputs/18_beta_cell_90_dataset/raw_datasets/cell_beta_0p13_p_0p00/dataset_048_seed_4809234/dataset_meta.json
cell_beta_0p13_p_0p00,beta,49,4909234,0.13,0.0,02_dnn/01_dataset_gen/raw_outputs/18_beta_cell_90_dataset/raw_datasets/cell_beta_0p13_p_0p00/dataset_049_seed_4909234/dataset.npz,02_dnn/01_dataset_gen/raw_outputs/18_beta_cell_90_dataset/raw_datasets/cell_beta_0p13_p_0p00/dataset_049_seed_4909234/dataset_meta.json
cell_beta_0p13_p_0p00,beta,50,5009234,0.13,0.0,02_dnn/01_dataset_gen/raw_outputs/18_beta_cell_90_dataset/raw_datasets/cell_beta_0p13_p_0p00/dataset_050_seed_5009234/dataset.npz,02_dnn/01_dataset_gen/raw_outputs/18_beta_cell_90_dataset/raw_datasets/cell_beta_0p13_p_0p00/dataset_050_seed_5009234/dataset_meta.json
cell_beta_0p13_p_0p00,beta,51,5109234,0.13,0.0,02_dnn/01_dataset_gen/raw_outputs/18_beta_cell_90_dataset/raw_datasets/cell_beta_0p13_p_0p00/dataset_051_seed_5109234/dataset.npz,02_dnn/01_dataset_gen/raw_outputs/18_beta_cell_90_dataset/raw_datasets/cell_beta_0p13_p_0p00/dataset_051_seed_5109234/dataset_meta.json
cell_beta_0p13_p_0p00,beta,52,5209234,0.13,0.0,02_dnn/01_dataset_gen/raw_outputs/18_beta_cell_90_dataset/raw_datasets/cell_beta_0p13_p_0p00/dataset_052_seed_5209234/dataset.npz,02_dnn/01_dataset_gen/raw_outputs/18_beta_cell_90_dataset/raw_datasets/cell_beta_0p13_p_0p00/dataset_052_seed_5209234/dataset_meta.json
cell_beta_0p13_p_0p00,beta,53,5309234,0.13,0.0,02_dnn/01_dataset_gen/raw_outputs/18_beta_cell_90_dataset/raw_datasets/cell_beta_0p13_p_0p00/dataset_053_seed_5309234/dataset.npz,02_dnn/01_dataset_gen/raw_outputs/18_beta_cell_90_dataset/raw_datasets/cell_beta_0p13_p_0p00/dataset_053_seed_5309234/dataset_meta.json
cell_beta_0p13_p_0p00,beta,54,5409234,0.13,0.0,02_dnn/01_dataset_gen/raw_outputs/18_beta_cell_90_dataset/raw_datasets/cell_beta_0p13_p_0p00/dataset_054_seed_5409234/dataset.npz,02_dnn/01_dataset_gen/raw_outputs/18_beta_cell_90_dataset/raw_datasets/cell_beta_0p13_p_0p00/dataset_054_seed_5409234/dataset_meta.json
cell_beta_0p13_p_0p00,beta,55,5509234,0.13,0.0,02_dnn/01_dataset_gen/raw_outputs/18_beta_cell_90_dataset/raw_datasets/cell_beta_0p13_p_0p00/dataset_055_seed_5509234/dataset.npz,02_dnn/01_dataset_gen/raw_outputs/18_beta_cell_90_dataset/raw_datasets/cell_beta_0p13_p_0p00/dataset_055_seed_5509234/dataset_meta.json
cell_beta_0p13_p_0p00,beta,56,5609234,0.13,0.0,02_dnn/01_dataset_gen/raw_outputs/18_beta_cell_90_dataset/raw_datasets/cell_beta_0p13_p_0p00/dataset_056_seed_5609234/dataset.npz,02_dnn/01_dataset_gen/raw_outputs/18_beta_cell_90_dataset/raw_datasets/cell_beta_0p13_p_0p00/dataset_056_seed_5609234/dataset_meta.json
cell_beta_0p13_p_0p00,beta,57,5709234,0.13,0.0,02_dnn/01_dataset_gen/raw_outputs/18_beta_cell_90_dataset/raw_datasets/cell_beta_0p13_p_0p00/dataset_057_seed_5709234/dataset.npz,02_dnn/01_dataset_gen/raw_outputs/18_beta_cell_90_dataset/raw_datasets/cell_beta_0p13_p_0p00/dataset_057_seed_5709234/dataset_meta.json
cell_beta_0p13_p_0p00,beta,58,5809234,0.13,0.0,02_dnn/01_dataset_gen/raw_outputs/18_beta_cell_90_dataset/raw_datasets/cell_beta_0p13_p_0p00/dataset_058_seed_5809234/dataset.npz,02_dnn/01_dataset_gen/raw_outputs/18_beta_cell_90_dataset/raw_datasets/cell_beta_0p13_p_0p00/dataset_058_seed_5809234/dataset_meta.json
cell_beta_0p13_p_0p00,beta,59,5909234,0.13,0.0,02_dnn/01_dataset_gen/raw_outputs/18_beta_cell_90_dataset/raw_datasets/cell_beta_0p13_p_0p00/dataset_059_seed_5909234/dataset.npz,02_dnn/01_dataset_gen/raw_outputs/18_beta_cell_90_dataset/raw_datasets/cell_beta_0p13_p_0p00/dataset_059_seed_5909234/dataset_meta.json
cell_beta_0p13_p_0p00,beta,60,6009234,0.13,0.0,02_dnn/01_dataset_gen/raw_outputs/18_beta_cell_90_dataset/raw_datasets/cell_beta_0p13_p_0p00/dataset_060_seed_6009234/dataset.npz,02_dnn/01_dataset_gen/raw_outputs/18_beta_cell_90_dataset/raw_datasets/cell_beta_0p13_p_0p00/dataset_060_seed_6009234/dataset_meta.json
cell_beta_0p13_p_0p00,beta,61,6109234,0.13,0.0,02_dnn/01_dataset_gen/raw_outputs/18_beta_cell_90_dataset/raw_datasets/cell_beta_0p13_p_0p00/dataset_061_seed_6109234/dataset.npz,02_dnn/01_dataset_gen/raw_outputs/18_beta_cell_90_dataset/raw_datasets/cell_beta_0p13_p_0p00/dataset_061_seed_6109234/dataset_meta.json
cell_beta_0p13_p_0p00,beta,62,6209234,0.13,0.0,02_dnn/01_dataset_gen/raw_outputs/18_beta_cell_90_dataset/raw_datasets/cell_beta_0p13_p_0p00/dataset_062_seed_6209234/dataset.npz,02_dnn/01_dataset_gen/raw_outputs/18_beta_cell_90_dataset/raw_datasets/cell_beta_0p13_p_0p00/dataset_062_seed_6209234/dataset_meta.json
cell_beta_0p13_p_0p00,beta,63,6309234,0.13,0.0,02_dnn/01_dataset_gen/raw_outputs/18_beta_cell_90_dataset/raw_datasets/cell_beta_0p13_p_0p00/dataset_063_seed_6309234/dataset.npz,02_dnn/01_dataset_gen/raw_outputs/18_beta_cell_90_dataset/raw_datasets/cell_beta_0p13_p_0p00/dataset_063_seed_6309234/dataset_meta.json
cell_beta_0p13_p_0p00,beta,64,6409234,0.13,0.0,02_dnn/01_dataset_gen/raw_outputs/18_beta_cell_90_dataset/raw_datasets/cell_beta_0p13_p_0p00/dataset_064_seed_6409234/dataset.npz,02_dnn/01_dataset_gen/raw_outputs/18_beta_cell_90_dataset/raw_datasets/cell_beta_0p13_p_0p00/dataset_064_seed_6409234/dataset_meta.json
cell_beta_0p13_p_0p00,beta,65,6509234,0.13,0.0,02_dnn/01_dataset_gen/raw_outputs/18_beta_cell_90_dataset/raw_datasets/cell_beta_0p13_p_0p00/dataset_065_seed_6509234/dataset.npz,02_dnn/01_dataset_gen/raw_outputs/18_beta_cell_90_dataset/raw_datasets/cell_beta_0p13_p_0p00/dataset_065_seed_6509234/dataset_meta.json
cell_beta_0p13_p_0p00,beta,66,6609234,0.13,0.0,02_dnn/01_dataset_gen/raw_outputs/18_beta_cell_90_dataset/raw_datasets/cell_beta_0p13_p_0p00/dataset_066_seed_6609234/dataset.npz,02_dnn/01_dataset_gen/raw_outputs/18_beta_cell_90_dataset/raw_datasets/cell_beta_0p13_p_0p00/dataset_066_seed_6609234/dataset_meta.json
cell_beta_0p13_p_0p00,beta,67,6709234,0.13,0.0,02_dnn/01_dataset_gen/raw_outputs/18_beta_cell_90_dataset/raw_datasets/cell_beta_0p13_p_0p00/dataset_067_seed_6709234/dataset.npz,02_dnn/01_dataset_gen/raw_outputs/18_beta_cell_90_dataset/raw_datasets/cell_beta_0p13_p_0p00/dataset_067_seed_6709234/dataset_meta.json
cell_beta_0p13_p_0p00,beta,68,6809234,0.13,0.0,02_dnn/01_dataset_gen/raw_outputs/18_beta_cell_90_dataset/raw_datasets/cell_beta_0p13_p_0p00/dataset_068_seed_6809234/dataset.npz,02_dnn/01_dataset_gen/raw_outputs/18_beta_cell_90_dataset/raw_datasets/cell_beta_0p13_p_0p00/dataset_068_seed_6809234/dataset_meta.json
cell_beta_0p13_p_0p00,beta,69,6909234,0.13,0.0,02_dnn/01_dataset_gen/raw_outputs/18_beta_cell_90_dataset/raw_datasets/cell_beta_0p13_p_0p00/dataset_069_seed_6909234/dataset.npz,02_dnn/01_dataset_gen/raw_outputs/18_beta_cell_90_dataset/raw_datasets/cell_beta_0p13_p_0p00/dataset_069_seed_6909234/dataset_meta.json
cell_beta_0p13_p_0p00,beta,70,7009234,0.13,0.0,02_dnn/01_dataset_gen/raw_outputs/18_beta_cell_90_dataset/raw_datasets/cell_beta_0p13_p_0p00/dataset_070_seed_7009234/dataset.npz,02_dnn/01_dataset_gen/raw_outputs/18_beta_cell_90_dataset/raw_datasets/cell_beta_0p13_p_0p00/dataset_070_seed_7009234/dataset_meta.json
cell_beta_0p13_p_0p00,beta,71,7109234,0.13,0.0,02_dnn/01_dataset_gen/raw_outputs/18_beta_cell_90_dataset/raw_datasets/cell_beta_0p13_p_0p00/dataset_071_seed_7109234/dataset.npz,02_dnn/01_dataset_gen/raw_outputs/18_beta_cell_90_dataset/raw_datasets/cell_beta_0p13_p_0p00/dataset_071_seed_7109234/dataset_meta.json
cell_beta_0p13_p_0p00,beta,72,7209234,0.13,0.0,02_dnn/01_dataset_gen/raw_outputs/18_beta_cell_90_dataset/raw_datasets/cell_beta_0p13_p_0p00/dataset_072_seed_7209234/dataset.npz,02_dnn/01_dataset_gen/raw_outputs/18_beta_cell_90_dataset/raw_datasets/cell_beta_0p13_p_0p00/dataset_072_seed_7209234/dataset_meta.json
cell_beta_0p13_p_0p00,beta,73,7309234,0.13,0.0,02_dnn/01_dataset_gen/raw_outputs/18_beta_cell_90_dataset/raw_datasets/cell_beta_0p13_p_0p00/dataset_073_seed_7309234/dataset.npz,02_dnn/01_dataset_gen/raw_outputs/18_beta_cell_90_dataset/raw_datasets/cell_beta_0p13_p_0p00/dataset_073_seed_7309234/dataset_meta.json
cell_beta_0p13_p_0p00,beta,74,7409234,0.13,0.0,02_dnn/01_dataset_gen/raw_outputs/18_beta_cell_90_dataset/raw_datasets/cell_beta_0p13_p_0p00/dataset_074_seed_7409234/dataset.npz,02_dnn/01_dataset_gen/raw_outputs/18_beta_cell_90_dataset/raw_datasets/cell_beta_0p13_p_0p00/dataset_074_seed_7409234/dataset_meta.json
cell_beta_0p13_p_0p00,beta,75,7509234,0.13,0.0,02_dnn/01_dataset_gen/raw_outputs/18_beta_cell_90_dataset/raw_datasets/cell_beta_0p13_p_0p00/dataset_075_seed_7509234/dataset.npz,02_dnn/01_dataset_gen/raw_outputs/18_beta_cell_90_dataset/raw_datasets/cell_beta_0p13_p_0p00/dataset_075_seed_7509234/dataset_meta.json
cell_beta_0p13_p_0p00,beta,76,7609234,0.13,0.0,02_dnn/01_dataset_gen/raw_outputs/18_beta_cell_90_dataset/raw_datasets/cell_beta_0p13_p_0p00/dataset_076_seed_7609234/dataset.npz,02_dnn/01_dataset_gen/raw_outputs/18_beta_cell_90_dataset/raw_datasets/cell_beta_0p13_p_0p00/dataset_076_seed_7609234/dataset_meta.json
cell_beta_0p13_p_0p00,beta,77,7709234,0.13,0.0,02_dnn/01_dataset_gen/raw_outputs/18_beta_cell_90_dataset/raw_datasets/cell_beta_0p13_p_0p00/dataset_077_seed_7709234/dataset.npz,02_dnn/01_dataset_gen/raw_outputs/18_beta_cell_90_dataset/raw_datasets/cell_beta_0p13_p_0p00/dataset_077_seed_7709234/dataset_meta.json
cell_beta_0p13_p_0p00,beta,78,7809234,0.13,0.0,02_dnn/01_dataset_gen/raw_outputs/18_beta_cell_90_dataset/raw_datasets/cell_beta_0p13_p_0p00/dataset_078_seed_7809234/dataset.npz,02_dnn/01_dataset_gen/raw_outputs/18_beta_cell_90_dataset/raw_datasets/cell_beta_0p13_p_0p00/dataset_078_seed_7809234/dataset_meta.json
cell_beta_0p13_p_0p00,beta,79,7909234,0.13,0.0,02_dnn/01_dataset_gen/raw_outputs/18_beta_cell_90_dataset/raw_datasets/cell_beta_0p13_p_0p00/dataset_079_seed_7909234/dataset.npz,02_dnn/01_dataset_gen/raw_outputs/18_beta_cell_90_dataset/raw_datasets/cell_beta_0p13_p_0p00/dataset_079_seed_7909234/dataset_meta.json
cell_beta_0p13_p_0p00,beta,80,8009234,0.13,0.0,02_dnn/01_dataset_gen/raw_outputs/18_beta_cell_90_dataset/raw_datasets/cell_beta_0p13_p_0p00/dataset_080_seed_8009234/dataset.npz,02_dnn/01_dataset_gen/raw_outputs/18_beta_cell_90_dataset/raw_datasets/cell_beta_0p13_p_0p00/dataset_080_seed_8009234/dataset_meta.json
cell_beta_0p13_p_0p00,beta,81,8109234,0.13,0.0,02_dnn/01_dataset_gen/raw_outputs/18_beta_cell_90_dataset/raw_datasets/cell_beta_0p13_p_0p00/dataset_081_seed_8109234/dataset.npz,02_dnn/01_dataset_gen/raw_outputs/18_beta_cell_90_dataset/raw_datasets/cell_beta_0p13_p_0p00/dataset_081_seed_8109234/dataset_meta.json
cell_beta_0p13_p_0p00,beta,82,8209234,0.13,0.0,02_dnn/01_dataset_gen/raw_outputs/18_beta_cell_90_dataset/raw_datasets/cell_beta_0p13_p_0p00/dataset_082_seed_8209234/dataset.npz,02_dnn/01_dataset_gen/raw_outputs/18_beta_cell_90_dataset/raw_datasets/cell_beta_0p13_p_0p00/dataset_082_seed_8209234/dataset_meta.json
cell_beta_0p13_p_0p00,beta,83,8309234,0.13,0.0,02_dnn/01_dataset_gen/raw_outputs/18_beta_cell_90_dataset/raw_datasets/cell_beta_0p13_p_0p00/dataset_083_seed_8309234/dataset.npz,02_dnn/01_dataset_gen/raw_outputs/18_beta_cell_90_dataset/raw_datasets/cell_beta_0p13_p_0p00/dataset_083_seed_8309234/dataset_meta.json
cell_beta_0p13_p_0p00,beta,84,8409234,0.13,0.0,02_dnn/01_dataset_gen/raw_outputs/18_beta_cell_90_dataset/raw_datasets/cell_beta_0p13_p_0p00/dataset_084_seed_8409234/dataset.npz,02_dnn/01_dataset_gen/raw_outputs/18_beta_cell_90_dataset/raw_datasets/cell_beta_0p13_p_0p00/dataset_084_seed_8409234/dataset_meta.json
cell_beta_0p13_p_0p00,beta,85,8509234,0.13,0.0,02_dnn/01_dataset_gen/raw_outputs/18_beta_cell_90_dataset/raw_datasets/cell_beta_0p13_p_0p00/dataset_085_seed_8509234/dataset.npz,02_dnn/01_dataset_gen/raw_outputs/18_beta_cell_90_dataset/raw_datasets/cell_beta_0p13_p_0p00/dataset_085_seed_8509234/dataset_meta.json
cell_beta_0p13_p_0p00,beta,86,8609234,0.13,0.0,02_dnn/01_dataset_gen/raw_outputs/18_beta_cell_90_dataset/raw_datasets/cell_beta_0p13_p_0p00/dataset_086_seed_8609234/dataset.npz,02_dnn/01_dataset_gen/raw_outputs/18_beta_cell_90_dataset/raw_datasets/cell_beta_0p13_p_0p00/dataset_086_seed_8609234/dataset_meta.json
cell_beta_0p13_p_0p00,beta,87,8709234,0.13,0.0,02_dnn/01_dataset_gen/raw_outputs/18_beta_cell_90_dataset/raw_datasets/cell_beta_0p13_p_0p00/dataset_087_seed_8709234/dataset.npz,02_dnn/01_dataset_gen/raw_outputs/18_beta_cell_90_dataset/raw_datasets/cell_beta_0p13_p_0p00/dataset_087_seed_8709234/dataset_meta.json
cell_beta_0p13_p_0p00,beta,88,8809234,0.13,0.0,02_dnn/01_dataset_gen/raw_outputs/18_beta_cell_90_dataset/raw_datasets/cell_beta_0p13_p_0p00/dataset_088_seed_8809234/dataset.npz,02_dnn/01_dataset_gen/raw_outputs/18_beta_cell_90_dataset/raw_datasets/cell_beta_0p13_p_0p00/dataset_088_seed_8809234/dataset_meta.json
cell_beta_0p13_p_0p00,beta,89,8909234,0.13,0.0,02_dnn/01_dataset_gen/raw_outputs/18_beta_cell_90_dataset/raw_datasets/cell_beta_0p13_p_0p00/dataset_089_seed_8909234/dataset.npz,02_dnn/01_dataset_gen/raw_outputs/18_beta_cell_90_dataset/raw_datasets/cell_beta_0p13_p_0p00/dataset_089_seed_8909234/dataset_meta.json
cell_beta_0p15_p_0p00,beta,0,11234,0.15,0.0,02_dnn/01_dataset_gen/raw_outputs/18_beta_cell_90_dataset/raw_datasets/cell_beta_0p15_p_0p00/dataset_000_seed_011234/dataset.npz,02_dnn/01_dataset_gen/raw_outputs/18_beta_cell_90_dataset/raw_datasets/cell_beta_0p15_p_0p00/dataset_000_seed_011234/dataset_meta.json
cell_beta_0p15_p_0p00,beta,1,111234,0.15,0.0,02_dnn/01_dataset_gen/raw_outputs/18_beta_cell_90_dataset/raw_datasets/cell_beta_0p15_p_0p00/dataset_001_seed_111234/dataset.npz,02_dnn/01_dataset_gen/raw_outputs/18_beta_cell_90_dataset/raw_datasets/cell_beta_0p15_p_0p00/dataset_001_seed_111234/dataset_meta.json
cell_beta_0p15_p_0p00,beta,2,211234,0.15,0.0,02_dnn/01_dataset_gen/raw_outputs/18_beta_cell_90_dataset/raw_datasets/cell_beta_0p15_p_0p00/dataset_002_seed_211234/dataset.npz,02_dnn/01_dataset_gen/raw_outputs/18_beta_cell_90_dataset/raw_datasets/cell_beta_0p15_p_0p00/dataset_002_seed_211234/dataset_meta.json
cell_beta_0p15_p_0p00,beta,3,311234,0.15,0.0,02_dnn/01_dataset_gen/raw_outputs/18_beta_cell_90_dataset/raw_datasets/cell_beta_0p15_p_0p00/dataset_003_seed_311234/dataset.npz,02_dnn/01_dataset_gen/raw_outputs/18_beta_cell_90_dataset/raw_datasets/cell_beta_0p15_p_0p00/dataset_003_seed_311234/dataset_meta.json
cell_beta_0p15_p_0p00,beta,4,411234,0.15,0.0,02_dnn/01_dataset_gen/raw_outputs/18_beta_cell_90_dataset/raw_datasets/cell_beta_0p15_p_0p00/dataset_004_seed_411234/dataset.npz,02_dnn/01_dataset_gen/raw_outputs/18_beta_cell_90_dataset/raw_datasets/cell_beta_0p15_p_0p00/dataset_004_seed_411234/dataset_meta.json
cell_beta_0p15_p_0p00,beta,5,511234,0.15,0.0,02_dnn/01_dataset_gen/raw_outputs/18_beta_cell_90_dataset/raw_datasets/cell_beta_0p15_p_0p00/dataset_005_seed_511234/dataset.npz,02_dnn/01_dataset_gen/raw_outputs/18_beta_cell_90_dataset/raw_datasets/cell_beta_0p15_p_0p00/dataset_005_seed_511234/dataset_meta.json
cell_beta_0p15_p_0p00,beta,6,611234,0.15,0.0,02_dnn/01_dataset_gen/raw_outputs/18_beta_cell_90_dataset/raw_datasets/cell_beta_0p15_p_0p00/dataset_006_seed_611234/dataset.npz,02_dnn/01_dataset_gen/raw_outputs/18_beta_cell_90_dataset/raw_datasets/cell_beta_0p15_p_0p00/dataset_006_seed_611234/dataset_meta.json
cell_beta_0p15_p_0p00,beta,7,711234,0.15,0.0,02_dnn/01_dataset_gen/raw_outputs/18_beta_cell_90_dataset/raw_datasets/cell_beta_0p15_p_0p00/dataset_007_seed_711234/dataset.npz,02_dnn/01_dataset_gen/raw_outputs/18_beta_cell_90_dataset/raw_datasets/cell_beta_0p15_p_0p00/dataset_007_seed_711234/dataset_meta.json
cell_beta_0p15_p_0p00,beta,8,811234,0.15,0.0,02_dnn/01_dataset_gen/raw_outputs/18_beta_cell_90_dataset/raw_datasets/cell_beta_0p15_p_0p00/dataset_008_seed_811234/dataset.npz,02_dnn/01_dataset_gen/raw_outputs/18_beta_cell_90_dataset/raw_datasets/cell_beta_0p15_p_0p00/dataset_008_seed_811234/dataset_meta.json
cell_beta_0p15_p_0p00,beta,9,911234,0.15,0.0,02_dnn/01_dataset_gen/raw_outputs/18_beta_cell_90_dataset/raw_datasets/cell_beta_0p15_p_0p00/dataset_009_seed_911234/dataset.npz,02_dnn/01_dataset_gen/raw_outputs/18_beta_cell_90_dataset/raw_datasets/cell_beta_0p15_p_0p00/dataset_009_seed_911234/dataset_meta.json
cell_beta_0p15_p_0p00,beta,10,1011234,0.15,0.0,02_dnn/01_dataset_gen/raw_outputs/18_beta_cell_90_dataset/raw_datasets/cell_beta_0p15_p_0p00/dataset_010_seed_1011234/dataset.npz,02_dnn/01_dataset_gen/raw_outputs/18_beta_cell_90_dataset/raw_datasets/cell_beta_0p15_p_0p00/dataset_010_seed_1011234/dataset_meta.json
cell_beta_0p15_p_0p00,beta,11,1111234,0.15,0.0,02_dnn/01_dataset_gen/raw_outputs/18_beta_cell_90_dataset/raw_datasets/cell_beta_0p15_p_0p00/dataset_011_seed_1111234/dataset.npz,02_dnn/01_dataset_gen/raw_outputs/18_beta_cell_90_dataset/raw_datasets/cell_beta_0p15_p_0p00/dataset_011_seed_1111234/dataset_meta.json
cell_beta_0p15_p_0p00,beta,12,1211234,0.15,0.0,02_dnn/01_dataset_gen/raw_outputs/18_beta_cell_90_dataset/raw_datasets/cell_beta_0p15_p_0p00/dataset_012_seed_1211234/dataset.npz,02_dnn/01_dataset_gen/raw_outputs/18_beta_cell_90_dataset/raw_datasets/cell_beta_0p15_p_0p00/dataset_012_seed_1211234/dataset_meta.json
cell_beta_0p15_p_0p00,beta,13,1311234,0.15,0.0,02_dnn/01_dataset_gen/raw_outputs/18_beta_cell_90_dataset/raw_datasets/cell_beta_0p15_p_0p00/dataset_013_seed_1311234/dataset.npz,02_dnn/01_dataset_gen/raw_outputs/18_beta_cell_90_dataset/raw_datasets/cell_beta_0p15_p_0p00/dataset_013_seed_1311234/dataset_meta.json
cell_beta_0p15_p_0p00,beta,14,1411234,0.15,0.0,02_dnn/01_dataset_gen/raw_outputs/18_beta_cell_90_dataset/raw_datasets/cell_beta_0p15_p_0p00/dataset_014_seed_1411234/dataset.npz,02_dnn/01_dataset_gen/raw_outputs/18_beta_cell_90_dataset/raw_datasets/cell_beta_0p15_p_0p00/dataset_014_seed_1411234/dataset_meta.json
cell_beta_0p15_p_0p00,beta,15,1511234,0.15,0.0,02_dnn/01_dataset_gen/raw_outputs/18_beta_cell_90_dataset/raw_datasets/cell_beta_0p15_p_0p00/dataset_015_seed_1511234/dataset.npz,02_dnn/01_dataset_gen/raw_outputs/18_beta_cell_90_dataset/raw_datasets/cell_beta_0p15_p_0p00/dataset_015_seed_1511234/dataset_meta.json
cell_beta_0p15_p_0p00,beta,16,1611234,0.15,0.0,02_dnn/01_dataset_gen/raw_outputs/18_beta_cell_90_dataset/raw_datasets/cell_beta_0p15_p_0p00/dataset_016_seed_1611234/dataset.npz,02_dnn/01_dataset_gen/raw_outputs/18_beta_cell_90_dataset/raw_datasets/cell_beta_0p15_p_0p00/dataset_016_seed_1611234/dataset_meta.json
cell_beta_0p15_p_0p00,beta,17,1711234,0.15,0.0,02_dnn/01_dataset_gen/raw_outputs/18_beta_cell_90_dataset/raw_datasets/cell_beta_0p15_p_0p00/dataset_017_seed_1711234/dataset.npz,02_dnn/01_dataset_gen/raw_outputs/18_beta_cell_90_dataset/raw_datasets/cell_beta_0p15_p_0p00/dataset_017_seed_1711234/dataset_meta.json
cell_beta_0p15_p_0p00,beta,18,1811234,0.15,0.0,02_dnn/01_dataset_gen/raw_outputs/18_beta_cell_90_dataset/raw_datasets/cell_beta_0p15_p_0p00/dataset_018_seed_1811234/dataset.npz,02_dnn/01_dataset_gen/raw_outputs/18_beta_cell_90_dataset/raw_datasets/cell_beta_0p15_p_0p00/dataset_018_seed_1811234/dataset_meta.json
cell_beta_0p15_p_0p00,beta,19,1911234,0.15,0.0,02_dnn/01_dataset_gen/raw_outputs/18_beta_cell_90_dataset/raw_datasets/cell_beta_0p15_p_0p00/dataset_019_seed_1911234/dataset.npz,02_dnn/01_dataset_gen/raw_outputs/18_beta_cell_90_dataset/raw_datasets/cell_beta_0p15_p_0p00/dataset_019_seed_1911234/dataset_meta.json
cell_beta_0p15_p_0p00,beta,20,2011234,0.15,0.0,02_dnn/01_dataset_gen/raw_outputs/18_beta_cell_90_dataset/raw_datasets/cell_beta_0p15_p_0p00/dataset_020_seed_2011234/dataset.npz,02_dnn/01_dataset_gen/raw_outputs/18_beta_cell_90_dataset/raw_datasets/cell_beta_0p15_p_0p00/dataset_020_seed_2011234/dataset_meta.json
cell_beta_0p15_p_0p00,beta,21,2111234,0.15,0.0,02_dnn/01_dataset_gen/raw_outputs/18_beta_cell_90_dataset/raw_datasets/cell_beta_0p15_p_0p00/dataset_021_seed_2111234/dataset.npz,02_dnn/01_dataset_gen/raw_outputs/18_beta_cell_90_dataset/raw_datasets/cell_beta_0p15_p_0p00/dataset_021_seed_2111234/dataset_meta.json
cell_beta_0p15_p_0p00,beta,22,2211234,0.15,0.0,02_dnn/01_dataset_gen/raw_outputs/18_beta_cell_90_dataset/raw_datasets/cell_beta_0p15_p_0p00/dataset_022_seed_2211234/dataset.npz,02_dnn/01_dataset_gen/raw_outputs/18_beta_cell_90_dataset/raw_datasets/cell_beta_0p15_p_0p00/dataset_022_seed_2211234/dataset_meta.json
cell_beta_0p15_p_0p00,beta,23,2311234,0.15,0.0,02_dnn/01_dataset_gen/raw_outputs/18_beta_cell_90_dataset/raw_datasets/cell_beta_0p15_p_0p00/dataset_023_seed_2311234/dataset.npz,02_dnn/01_dataset_gen/raw_outputs/18_beta_cell_90_dataset/raw_datasets/cell_beta_0p15_p_0p00/dataset_023_seed_2311234/dataset_meta.json
cell_beta_0p15_p_0p00,beta,24,2411234,0.15,0.0,02_dnn/01_dataset_gen/raw_outputs/18_beta_cell_90_dataset/raw_datasets/cell_beta_0p15_p_0p00/dataset_024_seed_2411234/dataset.npz,02_dnn/01_dataset_gen/raw_outputs/18_beta_cell_90_dataset/raw_datasets/cell_beta_0p15_p_0p00/dataset_024_seed_2411234/dataset_meta.json
cell_beta_0p15_p_0p00,beta,25,2511234,0.15,0.0,02_dnn/01_dataset_gen/raw_outputs/18_beta_cell_90_dataset/raw_datasets/cell_beta_0p15_p_0p00/dataset_025_seed_2511234/dataset.npz,02_dnn/01_dataset_gen/raw_outputs/18_beta_cell_90_dataset/raw_datasets/cell_beta_0p15_p_0p00/dataset_025_seed_2511234/dataset_meta.json
cell_beta_0p15_p_0p00,beta,26,2611234,0.15,0.0,02_dnn/01_dataset_gen/raw_outputs/18_beta_cell_90_dataset/raw_datasets/cell_beta_0p15_p_0p00/dataset_026_seed_2611234/dataset.npz,02_dnn/01_dataset_gen/raw_outputs/18_beta_cell_90_dataset/raw_datasets/cell_beta_0p15_p_0p00/dataset_026_seed_2611234/dataset_meta.json
cell_beta_0p15_p_0p00,beta,27,2711234,0.15,0.0,02_dnn/01_dataset_gen/raw_outputs/18_beta_cell_90_dataset/raw_datasets/cell_beta_0p15_p_0p00/dataset_027_seed_2711234/dataset.npz,02_dnn/01_dataset_gen/raw_outputs/18_beta_cell_90_dataset/raw_datasets/cell_beta_0p15_p_0p00/dataset_027_seed_2711234/dataset_meta.json
cell_beta_0p15_p_0p00,beta,28,2811234,0.15,0.0,02_dnn/01_dataset_gen/raw_outputs/18_beta_cell_90_dataset/raw_datasets/cell_beta_0p15_p_0p00/dataset_028_seed_2811234/dataset.npz,02_dnn/01_dataset_gen/raw_outputs/18_beta_cell_90_dataset/raw_datasets/cell_beta_0p15_p_0p00/dataset_028_seed_2811234/dataset_meta.json
cell_beta_0p15_p_0p00,beta,29,2911234,0.15,0.0,02_dnn/01_dataset_gen/raw_outputs/18_beta_cell_90_dataset/raw_datasets/cell_beta_0p15_p_0p00/dataset_029_seed_2911234/dataset.npz,02_dnn/01_dataset_gen/raw_outputs/18_beta_cell_90_dataset/raw_datasets/cell_beta_0p15_p_0p00/dataset_029_seed_2911234/dataset_meta.json
cell_beta_0p15_p_0p00,beta,30,3011234,0.15,0.0,02_dnn/01_dataset_gen/raw_outputs/18_beta_cell_90_dataset/raw_datasets/cell_beta_0p15_p_0p00/dataset_030_seed_3011234/dataset.npz,02_dnn/01_dataset_gen/raw_outputs/18_beta_cell_90_dataset/raw_datasets/cell_beta_0p15_p_0p00/dataset_030_seed_3011234/dataset_meta.json
cell_beta_0p15_p_0p00,beta,31,3111234,0.15,0.0,02_dnn/01_dataset_gen/raw_outputs/18_beta_cell_90_dataset/raw_datasets/cell_beta_0p15_p_0p00/dataset_031_seed_3111234/dataset.npz,02_dnn/01_dataset_gen/raw_outputs/18_beta_cell_90_dataset/raw_datasets/cell_beta_0p15_p_0p00/dataset_031_seed_3111234/dataset_meta.json
cell_beta_0p15_p_0p00,beta,32,3211234,0.15,0.0,02_dnn/01_dataset_gen/raw_outputs/18_beta_cell_90_dataset/raw_datasets/cell_beta_0p15_p_0p00/dataset_032_seed_3211234/dataset.npz,02_dnn/01_dataset_gen/raw_outputs/18_beta_cell_90_dataset/raw_datasets/cell_beta_0p15_p_0p00/dataset_032_seed_3211234/dataset_meta.json
cell_beta_0p15_p_0p00,beta,33,3311234,0.15,0.0,02_dnn/01_dataset_gen/raw_outputs/18_beta_cell_90_dataset/raw_datasets/cell_beta_0p15_p_0p00/dataset_033_seed_3311234/dataset.npz,02_dnn/01_dataset_gen/raw_outputs/18_beta_cell_90_dataset/raw_datasets/cell_beta_0p15_p_0p00/dataset_033_seed_3311234/dataset_meta.json
cell_beta_0p15_p_0p00,beta,34,3411234,0.15,0.0,02_dnn/01_dataset_gen/raw_outputs/18_beta_cell_90_dataset/raw_datasets/cell_beta_0p15_p_0p00/dataset_034_seed_3411234/dataset.npz,02_dnn/01_dataset_gen/raw_outputs/18_beta_cell_90_dataset/raw_datasets/cell_beta_0p15_p_0p00/dataset_034_seed_3411234/dataset_meta.json
cell_beta_0p15_p_0p00,beta,35,3511234,0.15,0.0,02_dnn/01_dataset_gen/raw_outputs/18_beta_cell_90_dataset/raw_datasets/cell_beta_0p15_p_0p00/dataset_035_seed_3511234/dataset.npz,02_dnn/01_dataset_gen/raw_outputs/18_beta_cell_90_dataset/raw_datasets/cell_beta_0p15_p_0p00/dataset_035_seed_3511234/dataset_meta.json
cell_beta_0p15_p_0p00,beta,36,3611234,0.15,0.0,02_dnn/01_dataset_gen/raw_outputs/18_beta_cell_90_dataset/raw_datasets/cell_beta_0p15_p_0p00/dataset_036_seed_3611234/dataset.npz,02_dnn/01_dataset_gen/raw_outputs/18_beta_cell_90_dataset/raw_datasets/cell_beta_0p15_p_0p00/dataset_036_seed_3611234/dataset_meta.json
cell_beta_0p15_p_0p00,beta,37,3711234,0.15,0.0,02_dnn/01_dataset_gen/raw_outputs/18_beta_cell_90_dataset/raw_datasets/cell_beta_0p15_p_0p00/dataset_037_seed_3711234/dataset.npz,02_dnn/01_dataset_gen/raw_outputs/18_beta_cell_90_dataset/raw_datasets/cell_beta_0p15_p_0p00/dataset_037_seed_3711234/dataset_meta.json
cell_beta_0p15_p_0p00,beta,38,3811234,0.15,0.0,02_dnn/01_dataset_gen/raw_outputs/18_beta_cell_90_dataset/raw_datasets/cell_beta_0p15_p_0p00/dataset_038_seed_3811234/dataset.npz,02_dnn/01_dataset_gen/raw_outputs/18_beta_cell_90_dataset/raw_datasets/cell_beta_0p15_p_0p00/dataset_038_seed_3811234/dataset_meta.json
cell_beta_0p15_p_0p00,beta,39,3911234,0.15,0.0,02_dnn/01_dataset_gen/raw_outputs/18_beta_cell_90_dataset/raw_datasets/cell_beta_0p15_p_0p00/dataset_039_seed_3911234/dataset.npz,02_dnn/01_dataset_gen/raw_outputs/18_beta_cell_90_dataset/raw_datasets/cell_beta_0p15_p_0p00/dataset_039_seed_3911234/dataset_meta.json
cell_beta_0p15_p_0p00,beta,40,4011234,0.15,0.0,02_dnn/01_dataset_gen/raw_outputs/18_beta_cell_90_dataset/raw_datasets/cell_beta_0p15_p_0p00/dataset_040_seed_4011234/dataset.npz,02_dnn/01_dataset_gen/raw_outputs/18_beta_cell_90_dataset/raw_datasets/cell_beta_0p15_p_0p00/dataset_040_seed_4011234/dataset_meta.json
cell_beta_0p15_p_0p00,beta,41,4111234,0.15,0.0,02_dnn/01_dataset_gen/raw_outputs/18_beta_cell_90_dataset/raw_datasets/cell_beta_0p15_p_0p00/dataset_041_seed_4111234/dataset.npz,02_dnn/01_dataset_gen/raw_outputs/18_beta_cell_90_dataset/raw_datasets/cell_beta_0p15_p_0p00/dataset_041_seed_4111234/dataset_meta.json
cell_beta_0p15_p_0p00,beta,42,4211234,0.15,0.0,02_dnn/01_dataset_gen/raw_outputs/18_beta_cell_90_dataset/raw_datasets/cell_beta_0p15_p_0p00/dataset_042_seed_4211234/dataset.npz,02_dnn/01_dataset_gen/raw_outputs/18_beta_cell_90_dataset/raw_datasets/cell_beta_0p15_p_0p00/dataset_042_seed_4211234/dataset_meta.json
cell_beta_0p15_p_0p00,beta,43,4311234,0.15,0.0,02_dnn/01_dataset_gen/raw_outputs/18_beta_cell_90_dataset/raw_datasets/cell_beta_0p15_p_0p00/dataset_043_seed_4311234/dataset.npz,02_dnn/01_dataset_gen/raw_outputs/18_beta_cell_90_dataset/raw_datasets/cell_beta_0p15_p_0p00/dataset_043_seed_4311234/dataset_meta.json
cell_beta_0p15_p_0p00,beta,44,4411234,0.15,0.0,02_dnn/01_dataset_gen/raw_outputs/18_beta_cell_90_dataset/raw_datasets/cell_beta_0p15_p_0p00/dataset_044_seed_4411234/dataset.npz,02_dnn/01_dataset_gen/raw_outputs/18_beta_cell_90_dataset/raw_datasets/cell_beta_0p15_p_0p00/dataset_044_seed_4411234/dataset_meta.json
cell_beta_0p15_p_0p00,beta,45,4511234,0.15,0.0,02_dnn/01_dataset_gen/raw_outputs/18_beta_cell_90_dataset/raw_datasets/cell_beta_0p15_p_0p00/dataset_045_seed_4511234/dataset.npz,02_dnn/01_dataset_gen/raw_outputs/18_beta_cell_90_dataset/raw_datasets/cell_beta_0p15_p_0p00/dataset_045_seed_4511234/dataset_meta.json
cell_beta_0p15_p_0p00,beta,46,4611234,0.15,0.0,02_dnn/01_dataset_gen/raw_outputs/18_beta_cell_90_dataset/raw_datasets/cell_beta_0p15_p_0p00/dataset_046_seed_4611234/dataset.npz,02_dnn/01_dataset_gen/raw_outputs/18_beta_cell_90_dataset/raw_datasets/cell_beta_0p15_p_0p00/dataset_046_seed_4611234/dataset_meta.json
cell_beta_0p15_p_0p00,beta,47,4711234,0.15,0.0,02_dnn/01_dataset_gen/raw_outputs/18_beta_cell_90_dataset/raw_datasets/cell_beta_0p15_p_0p00/dataset_047_seed_4711234/dataset.npz,02_dnn/01_dataset_gen/raw_outputs/18_beta_cell_90_dataset/raw_datasets/cell_beta_0p15_p_0p00/dataset_047_seed_4711234/dataset_meta.json
cell_beta_0p15_p_0p00,beta,48,4811234,0.15,0.0,02_dnn/01_dataset_gen/raw_outputs/18_beta_cell_90_dataset/raw_datasets/cell_beta_0p15_p_0p00/dataset_048_seed_4811234/dataset.npz,02_dnn/01_dataset_gen/raw_outputs/18_beta_cell_90_dataset/raw_datasets/cell_beta_0p15_p_0p00/dataset_048_seed_4811234/dataset_meta.json
cell_beta_0p15_p_0p00,beta,49,4911234,0.15,0.0,02_dnn/01_dataset_gen/raw_outputs/18_beta_cell_90_dataset/raw_datasets/cell_beta_0p15_p_0p00/dataset_049_seed_4911234/dataset.npz,02_dnn/01_dataset_gen/raw_outputs/18_beta_cell_90_dataset/raw_datasets/cell_beta_0p15_p_0p00/dataset_049_seed_4911234/dataset_meta.json
cell_beta_0p15_p_0p00,beta,50,5011234,0.15,0.0,02_dnn/01_dataset_gen/raw_outputs/18_beta_cell_90_dataset/raw_datasets/cell_beta_0p15_p_0p00/dataset_050_seed_5011234/dataset.npz,02_dnn/01_dataset_gen/raw_outputs/18_beta_cell_90_dataset/raw_datasets/cell_beta_0p15_p_0p00/dataset_050_seed_5011234/dataset_meta.json
cell_beta_0p15_p_0p00,beta,51,5111234,0.15,0.0,02_dnn/01_dataset_gen/raw_outputs/18_beta_cell_90_dataset/raw_datasets/cell_beta_0p15_p_0p00/dataset_051_seed_5111234/dataset.npz,02_dnn/01_dataset_gen/raw_outputs/18_beta_cell_90_dataset/raw_datasets/cell_beta_0p15_p_0p00/dataset_051_seed_5111234/dataset_meta.json
cell_beta_0p15_p_0p00,beta,52,5211234,0.15,0.0,02_dnn/01_dataset_gen/raw_outputs/18_beta_cell_90_dataset/raw_datasets/cell_beta_0p15_p_0p00/dataset_052_seed_5211234/dataset.npz,02_dnn/01_dataset_gen/raw_outputs/18_beta_cell_90_dataset/raw_datasets/cell_beta_0p15_p_0p00/dataset_052_seed_5211234/dataset_meta.json
cell_beta_0p15_p_0p00,beta,53,5311234,0.15,0.0,02_dnn/01_dataset_gen/raw_outputs/18_beta_cell_90_dataset/raw_datasets/cell_beta_0p15_p_0p00/dataset_053_seed_5311234/dataset.npz,02_dnn/01_dataset_gen/raw_outputs/18_beta_cell_90_dataset/raw_datasets/cell_beta_0p15_p_0p00/dataset_053_seed_5311234/dataset_meta.json
cell_beta_0p15_p_0p00,beta,54,5411234,0.15,0.0,02_dnn/01_dataset_gen/raw_outputs/18_beta_cell_90_dataset/raw_datasets/cell_beta_0p15_p_0p00/dataset_054_seed_5411234/dataset.npz,02_dnn/01_dataset_gen/raw_outputs/18_beta_cell_90_dataset/raw_datasets/cell_beta_0p15_p_0p00/dataset_054_seed_5411234/dataset_meta.json
cell_beta_0p15_p_0p00,beta,55,5511234,0.15,0.0,02_dnn/01_dataset_gen/raw_outputs/18_beta_cell_90_dataset/raw_datasets/cell_beta_0p15_p_0p00/dataset_055_seed_5511234/dataset.npz,02_dnn/01_dataset_gen/raw_outputs/18_beta_cell_90_dataset/raw_datasets/cell_beta_0p15_p_0p00/dataset_055_seed_5511234/dataset_meta.json
cell_beta_0p15_p_0p00,beta,56,5611234,0.15,0.0,02_dnn/01_dataset_gen/raw_outputs/18_beta_cell_90_dataset/raw_datasets/cell_beta_0p15_p_0p00/dataset_056_seed_5611234/dataset.npz,02_dnn/01_dataset_gen/raw_outputs/18_beta_cell_90_dataset/raw_datasets/cell_beta_0p15_p_0p00/dataset_056_seed_5611234/dataset_meta.json
cell_beta_0p15_p_0p00,beta,57,5711234,0.15,0.0,02_dnn/01_dataset_gen/raw_outputs/18_beta_cell_90_dataset/raw_datasets/cell_beta_0p15_p_0p00/dataset_057_seed_5711234/dataset.npz,02_dnn/01_dataset_gen/raw_outputs/18_beta_cell_90_dataset/raw_datasets/cell_beta_0p15_p_0p00/dataset_057_seed_5711234/dataset_meta.json
cell_beta_0p15_p_0p00,beta,58,5811234,0.15,0.0,02_dnn/01_dataset_gen/raw_outputs/18_beta_cell_90_dataset/raw_datasets/cell_beta_0p15_p_0p00/dataset_058_seed_5811234/dataset.npz,02_dnn/01_dataset_gen/raw_outputs/18_beta_cell_90_dataset/raw_datasets/cell_beta_0p15_p_0p00/dataset_058_seed_5811234/dataset_meta.json
cell_beta_0p15_p_0p00,beta,59,5911234,0.15,0.0,02_dnn/01_dataset_gen/raw_outputs/18_beta_cell_90_dataset/raw_datasets/cell_beta_0p15_p_0p00/dataset_059_seed_5911234/dataset.npz,02_dnn/01_dataset_gen/raw_outputs/18_beta_cell_90_dataset/raw_datasets/cell_beta_0p15_p_0p00/dataset_059_seed_5911234/dataset_meta.json
cell_beta_0p15_p_0p00,beta,60,6011234,0.15,0.0,02_dnn/01_dataset_gen/raw_outputs/18_beta_cell_90_dataset/raw_datasets/cell_beta_0p15_p_0p00/dataset_060_seed_6011234/dataset.npz,02_dnn/01_dataset_gen/raw_outputs/18_beta_cell_90_dataset/raw_datasets/cell_beta_0p15_p_0p00/dataset_060_seed_6011234/dataset_meta.json
cell_beta_0p15_p_0p00,beta,61,6111234,0.15,0.0,02_dnn/01_dataset_gen/raw_outputs/18_beta_cell_90_dataset/raw_datasets/cell_beta_0p15_p_0p00/dataset_061_seed_6111234/dataset.npz,02_dnn/01_dataset_gen/raw_outputs/18_beta_cell_90_dataset/raw_datasets/cell_beta_0p15_p_0p00/dataset_061_seed_6111234/dataset_meta.json
cell_beta_0p15_p_0p00,beta,62,6211234,0.15,0.0,02_dnn/01_dataset_gen/raw_outputs/18_beta_cell_90_dataset/raw_datasets/cell_beta_0p15_p_0p00/dataset_062_seed_6211234/dataset.npz,02_dnn/01_dataset_gen/raw_outputs/18_beta_cell_90_dataset/raw_datasets/cell_beta_0p15_p_0p00/dataset_062_seed_6211234/dataset_meta.json
cell_beta_0p15_p_0p00,beta,63,6311234,0.15,0.0,02_dnn/01_dataset_gen/raw_outputs/18_beta_cell_90_dataset/raw_datasets/cell_beta_0p15_p_0p00/dataset_063_seed_6311234/dataset.npz,02_dnn/01_dataset_gen/raw_outputs/18_beta_cell_90_dataset/raw_datasets/cell_beta_0p15_p_0p00/dataset_063_seed_6311234/dataset_meta.json
cell_beta_0p15_p_0p00,beta,64,6411234,0.15,0.0,02_dnn/01_dataset_gen/raw_outputs/18_beta_cell_90_dataset/raw_datasets/cell_beta_0p15_p_0p00/dataset_064_seed_6411234/dataset.npz,02_dnn/01_dataset_gen/raw_outputs/18_beta_cell_90_dataset/raw_datasets/cell_beta_0p15_p_0p00/dataset_064_seed_6411234/dataset_meta.json
cell_beta_0p15_p_0p00,beta,65,6511234,0.15,0.0,02_dnn/01_dataset_gen/raw_outputs/18_beta_cell_90_dataset/raw_datasets/cell_beta_0p15_p_0p00/dataset_065_seed_6511234/dataset.npz,02_dnn/01_dataset_gen/raw_outputs/18_beta_cell_90_dataset/raw_datasets/cell_beta_0p15_p_0p00/dataset_065_seed_6511234/dataset_meta.json
cell_beta_0p15_p_0p00,beta,66,6611234,0.15,0.0,02_dnn/01_dataset_gen/raw_outputs/18_beta_cell_90_dataset/raw_datasets/cell_beta_0p15_p_0p00/dataset_066_seed_6611234/dataset.npz,02_dnn/01_dataset_gen/raw_outputs/18_beta_cell_90_dataset/raw_datasets/cell_beta_0p15_p_0p00/dataset_066_seed_6611234/dataset_meta.json
cell_beta_0p15_p_0p00,beta,67,6711234,0.15,0.0,02_dnn/01_dataset_gen/raw_outputs/18_beta_cell_90_dataset/raw_datasets/cell_beta_0p15_p_0p00/dataset_067_seed_6711234/dataset.npz,02_dnn/01_dataset_gen/raw_outputs/18_beta_cell_90_dataset/raw_datasets/cell_beta_0p15_p_0p00/dataset_067_seed_6711234/dataset_meta.json
cell_beta_0p15_p_0p00,beta,68,6811234,0.15,0.0,02_dnn/01_dataset_gen/raw_outputs/18_beta_cell_90_dataset/raw_datasets/cell_beta_0p15_p_0p00/dataset_068_seed_6811234/dataset.npz,02_dnn/01_dataset_gen/raw_outputs/18_beta_cell_90_dataset/raw_datasets/cell_beta_0p15_p_0p00/dataset_068_seed_6811234/dataset_meta.json
cell_beta_0p15_p_0p00,beta,69,6911234,0.15,0.0,02_dnn/01_dataset_gen/raw_outputs/18_beta_cell_90_dataset/raw_datasets/cell_beta_0p15_p_0p00/dataset_069_seed_6911234/dataset.npz,02_dnn/01_dataset_gen/raw_outputs/18_beta_cell_90_dataset/raw_datasets/cell_beta_0p15_p_0p00/dataset_069_seed_6911234/dataset_meta.json
cell_beta_0p15_p_0p00,beta,70,7011234,0.15,0.0,02_dnn/01_dataset_gen/raw_outputs/18_beta_cell_90_dataset/raw_datasets/cell_beta_0p15_p_0p00/dataset_070_seed_7011234/dataset.npz,02_dnn/01_dataset_gen/raw_outputs/18_beta_cell_90_dataset/raw_datasets/cell_beta_0p15_p_0p00/dataset_070_seed_7011234/dataset_meta.json
cell_beta_0p15_p_0p00,beta,71,7111234,0.15,0.0,02_dnn/01_dataset_gen/raw_outputs/18_beta_cell_90_dataset/raw_datasets/cell_beta_0p15_p_0p00/dataset_071_seed_7111234/dataset.npz,02_dnn/01_dataset_gen/raw_outputs/18_beta_cell_90_dataset/raw_datasets/cell_beta_0p15_p_0p00/dataset_071_seed_7111234/dataset_meta.json
cell_beta_0p15_p_0p00,beta,72,7211234,0.15,0.0,02_dnn/01_dataset_gen/raw_outputs/18_beta_cell_90_dataset/raw_datasets/cell_beta_0p15_p_0p00/dataset_072_seed_7211234/dataset.npz,02_dnn/01_dataset_gen/raw_outputs/18_beta_cell_90_dataset/raw_datasets/cell_beta_0p15_p_0p00/dataset_072_seed_7211234/dataset_meta.json
cell_beta_0p15_p_0p00,beta,73,7311234,0.15,0.0,02_dnn/01_dataset_gen/raw_outputs/18_beta_cell_90_dataset/raw_datasets/cell_beta_0p15_p_0p00/dataset_073_seed_7311234/dataset.npz,02_dnn/01_dataset_gen/raw_outputs/18_beta_cell_90_dataset/raw_datasets/cell_beta_0p15_p_0p00/dataset_073_seed_7311234/dataset_meta.json
cell_beta_0p15_p_0p00,beta,74,7411234,0.15,0.0,02_dnn/01_dataset_gen/raw_outputs/18_beta_cell_90_dataset/raw_datasets/cell_beta_0p15_p_0p00/dataset_074_seed_7411234/dataset.npz,02_dnn/01_dataset_gen/raw_outputs/18_beta_cell_90_dataset/raw_datasets/cell_beta_0p15_p_0p00/dataset_074_seed_7411234/dataset_meta.json
cell_beta_0p15_p_0p00,beta,75,7511234,0.15,0.0,02_dnn/01_dataset_gen/raw_outputs/18_beta_cell_90_dataset/raw_datasets/cell_beta_0p15_p_0p00/dataset_075_seed_7511234/dataset.npz,02_dnn/01_dataset_gen/raw_outputs/18_beta_cell_90_dataset/raw_datasets/cell_beta_0p15_p_0p00/dataset_075_seed_7511234/dataset_meta.json
cell_beta_0p15_p_0p00,beta,76,7611234,0.15,0.0,02_dnn/01_dataset_gen/raw_outputs/18_beta_cell_90_dataset/raw_datasets/cell_beta_0p15_p_0p00/dataset_076_seed_7611234/dataset.npz,02_dnn/01_dataset_gen/raw_outputs/18_beta_cell_90_dataset/raw_datasets/cell_beta_0p15_p_0p00/dataset_076_seed_7611234/dataset_meta.json
cell_beta_0p15_p_0p00,beta,77,7711234,0.15,0.0,02_dnn/01_dataset_gen/raw_outputs/18_beta_cell_90_dataset/raw_datasets/cell_beta_0p15_p_0p00/dataset_077_seed_7711234/dataset.npz,02_dnn/01_dataset_gen/raw_outputs/18_beta_cell_90_dataset/raw_datasets/cell_beta_0p15_p_0p00/dataset_077_seed_7711234/dataset_meta.json
cell_beta_0p15_p_0p00,beta,78,7811234,0.15,0.0,02_dnn/01_dataset_gen/raw_outputs/18_beta_cell_90_dataset/raw_datasets/cell_beta_0p15_p_0p00/dataset_078_seed_7811234/dataset.npz,02_dnn/01_dataset_gen/raw_outputs/18_beta_cell_90_dataset/raw_datasets/cell_beta_0p15_p_0p00/dataset_078_seed_7811234/dataset_meta.json
cell_beta_0p15_p_0p00,beta,79,7911234,0.15,0.0,02_dnn/01_dataset_gen/raw_outputs/18_beta_cell_90_dataset/raw_datasets/cell_beta_0p15_p_0p00/dataset_079_seed_7911234/dataset.npz,02_dnn/01_dataset_gen/raw_outputs/18_beta_cell_90_dataset/raw_datasets/cell_beta_0p15_p_0p00/dataset_079_seed_7911234/dataset_meta.json
cell_beta_0p15_p_0p00,beta,80,8011234,0.15,0.0,02_dnn/01_dataset_gen/raw_outputs/18_beta_cell_90_dataset/raw_datasets/cell_beta_0p15_p_0p00/dataset_080_seed_8011234/dataset.npz,02_dnn/01_dataset_gen/raw_outputs/18_beta_cell_90_dataset/raw_datasets/cell_beta_0p15_p_0p00/dataset_080_seed_8011234/dataset_meta.json
cell_beta_0p15_p_0p00,beta,81,8111234,0.15,0.0,02_dnn/01_dataset_gen/raw_outputs/18_beta_cell_90_dataset/raw_datasets/cell_beta_0p15_p_0p00/dataset_081_seed_8111234/dataset.npz,02_dnn/01_dataset_gen/raw_outputs/18_beta_cell_90_dataset/raw_datasets/cell_beta_0p15_p_0p00/dataset_081_seed_8111234/dataset_meta.json
cell_beta_0p15_p_0p00,beta,82,8211234,0.15,0.0,02_dnn/01_dataset_gen/raw_outputs/18_beta_cell_90_dataset/raw_datasets/cell_beta_0p15_p_0p00/dataset_082_seed_8211234/dataset.npz,02_dnn/01_dataset_gen/raw_outputs/18_beta_cell_90_dataset/raw_datasets/cell_beta_0p15_p_0p00/dataset_082_seed_8211234/dataset_meta.json
cell_beta_0p15_p_0p00,beta,83,8311234,0.15,0.0,02_dnn/01_dataset_gen/raw_outputs/18_beta_cell_90_dataset/raw_datasets/cell_beta_0p15_p_0p00/dataset_083_seed_8311234/dataset.npz,02_dnn/01_dataset_gen/raw_outputs/18_beta_cell_90_dataset/raw_datasets/cell_beta_0p15_p_0p00/dataset_083_seed_8311234/dataset_meta.json
cell_beta_0p15_p_0p00,beta,84,8411234,0.15,0.0,02_dnn/01_dataset_gen/raw_outputs/18_beta_cell_90_dataset/raw_datasets/cell_beta_0p15_p_0p00/dataset_084_seed_8411234/dataset.npz,02_dnn/01_dataset_gen/raw_outputs/18_beta_cell_90_dataset/raw_datasets/cell_beta_0p15_p_0p00/dataset_084_seed_8411234/dataset_meta.json
cell_beta_0p15_p_0p00,beta,85,8511234,0.15,0.0,02_dnn/01_dataset_gen/raw_outputs/18_beta_cell_90_dataset/raw_datasets/cell_beta_0p15_p_0p00/dataset_085_seed_8511234/dataset.npz,02_dnn/01_dataset_gen/raw_outputs/18_beta_cell_90_dataset/raw_datasets/cell_beta_0p15_p_0p00/dataset_085_seed_8511234/dataset_meta.json
cell_beta_0p15_p_0p00,beta,86,8611234,0.15,0.0,02_dnn/01_dataset_gen/raw_outputs/18_beta_cell_90_dataset/raw_datasets/cell_beta_0p15_p_0p00/dataset_086_seed_8611234/dataset.npz,02_dnn/01_dataset_gen/raw_outputs/18_beta_cell_90_dataset/raw_datasets/cell_beta_0p15_p_0p00/dataset_086_seed_8611234/dataset_meta.json
cell_beta_0p15_p_0p00,beta,87,8711234,0.15,0.0,02_dnn/01_dataset_gen/raw_outputs/18_beta_cell_90_dataset/raw_datasets/cell_beta_0p15_p_0p00/dataset_087_seed_8711234/dataset.npz,02_dnn/01_dataset_gen/raw_outputs/18_beta_cell_90_dataset/raw_datasets/cell_beta_0p15_p_0p00/dataset_087_seed_8711234/dataset_meta.json
cell_beta_0p15_p_0p00,beta,88,8811234,0.15,0.0,02_dnn/01_dataset_gen/raw_outputs/18_beta_cell_90_dataset/raw_datasets/cell_beta_0p15_p_0p00/dataset_088_seed_8811234/dataset.npz,02_dnn/01_dataset_gen/raw_outputs/18_beta_cell_90_dataset/raw_datasets/cell_beta_0p15_p_0p00/dataset_088_seed_8811234/dataset_meta.json
cell_beta_0p15_p_0p00,beta,89,8911234,0.15,0.0,02_dnn/01_dataset_gen/raw_outputs/18_beta_cell_90_dataset/raw_datasets/cell_beta_0p15_p_0p00/dataset_089_seed_8911234/dataset.npz,02_dnn/01_dataset_gen/raw_outputs/18_beta_cell_90_dataset/raw_datasets/cell_beta_0p15_p_0p00/dataset_089_seed_8911234/dataset_meta.json
cell_beta_0p17_p_0p00,beta,0,13234,0.17,0.0,02_dnn/01_dataset_gen/raw_outputs/18_beta_cell_90_dataset/raw_datasets/cell_beta_0p17_p_0p00/dataset_000_seed_013234/dataset.npz,02_dnn/01_dataset_gen/raw_outputs/18_beta_cell_90_dataset/raw_datasets/cell_beta_0p17_p_0p00/dataset_000_seed_013234/dataset_meta.json
cell_beta_0p17_p_0p00,beta,1,113234,0.17,0.0,02_dnn/01_dataset_gen/raw_outputs/18_beta_cell_90_dataset/raw_datasets/cell_beta_0p17_p_0p00/dataset_001_seed_113234/dataset.npz,02_dnn/01_dataset_gen/raw_outputs/18_beta_cell_90_dataset/raw_datasets/cell_beta_0p17_p_0p00/dataset_001_seed_113234/dataset_meta.json
cell_beta_0p17_p_0p00,beta,2,213234,0.17,0.0,02_dnn/01_dataset_gen/raw_outputs/18_beta_cell_90_dataset/raw_datasets/cell_beta_0p17_p_0p00/dataset_002_seed_213234/dataset.npz,02_dnn/01_dataset_gen/raw_outputs/18_beta_cell_90_dataset/raw_datasets/cell_beta_0p17_p_0p00/dataset_002_seed_213234/dataset_meta.json
cell_beta_0p17_p_0p00,beta,3,313234,0.17,0.0,02_dnn/01_dataset_gen/raw_outputs/18_beta_cell_90_dataset/raw_datasets/cell_beta_0p17_p_0p00/dataset_003_seed_313234/dataset.npz,02_dnn/01_dataset_gen/raw_outputs/18_beta_cell_90_dataset/raw_datasets/cell_beta_0p17_p_0p00/dataset_003_seed_313234/dataset_meta.json
cell_beta_0p17_p_0p00,beta,4,413234,0.17,0.0,02_dnn/01_dataset_gen/raw_outputs/18_beta_cell_90_dataset/raw_datasets/cell_beta_0p17_p_0p00/dataset_004_seed_413234/dataset.npz,02_dnn/01_dataset_gen/raw_outputs/18_beta_cell_90_dataset/raw_datasets/cell_beta_0p17_p_0p00/dataset_004_seed_413234/dataset_meta.json
cell_beta_0p17_p_0p00,beta,5,513234,0.17,0.0,02_dnn/01_dataset_gen/raw_outputs/18_beta_cell_90_dataset/raw_datasets/cell_beta_0p17_p_0p00/dataset_005_seed_513234/dataset.npz,02_dnn/01_dataset_gen/raw_outputs/18_beta_cell_90_dataset/raw_datasets/cell_beta_0p17_p_0p00/dataset_005_seed_513234/dataset_meta.json
cell_beta_0p17_p_0p00,beta,6,613234,0.17,0.0,02_dnn/01_dataset_gen/raw_outputs/18_beta_cell_90_dataset/raw_datasets/cell_beta_0p17_p_0p00/dataset_006_seed_613234/dataset.npz,02_dnn/01_dataset_gen/raw_outputs/18_beta_cell_90_dataset/raw_datasets/cell_beta_0p17_p_0p00/dataset_006_seed_613234/dataset_meta.json
cell_beta_0p17_p_0p00,beta,7,713234,0.17,0.0,02_dnn/01_dataset_gen/raw_outputs/18_beta_cell_90_dataset/raw_datasets/cell_beta_0p17_p_0p00/dataset_007_seed_713234/dataset.npz,02_dnn/01_dataset_gen/raw_outputs/18_beta_cell_90_dataset/raw_datasets/cell_beta_0p17_p_0p00/dataset_007_seed_713234/dataset_meta.json
cell_beta_0p17_p_0p00,beta,8,813234,0.17,0.0,02_dnn/01_dataset_gen/raw_outputs/18_beta_cell_90_dataset/raw_datasets/cell_beta_0p17_p_0p00/dataset_008_seed_813234/dataset.npz,02_dnn/01_dataset_gen/raw_outputs/18_beta_cell_90_dataset/raw_datasets/cell_beta_0p17_p_0p00/dataset_008_seed_813234/dataset_meta.json
cell_beta_0p17_p_0p00,beta,9,913234,0.17,0.0,02_dnn/01_dataset_gen/raw_outputs/18_beta_cell_90_dataset/raw_datasets/cell_beta_0p17_p_0p00/dataset_009_seed_913234/dataset.npz,02_dnn/01_dataset_gen/raw_outputs/18_beta_cell_90_dataset/raw_datasets/cell_beta_0p17_p_0p00/dataset_009_seed_913234/dataset_meta.json
cell_beta_0p17_p_0p00,beta,10,1013234,0.17,0.0,02_dnn/01_dataset_gen/raw_outputs/18_beta_cell_90_dataset/raw_datasets/cell_beta_0p17_p_0p00/dataset_010_seed_1013234/dataset.npz,02_dnn/01_dataset_gen/raw_outputs/18_beta_cell_90_dataset/raw_datasets/cell_beta_0p17_p_0p00/dataset_010_seed_1013234/dataset_meta.json
cell_beta_0p17_p_0p00,beta,11,1113234,0.17,0.0,02_dnn/01_dataset_gen/raw_outputs/18_beta_cell_90_dataset/raw_datasets/cell_beta_0p17_p_0p00/dataset_011_seed_1113234/dataset.npz,02_dnn/01_dataset_gen/raw_outputs/18_beta_cell_90_dataset/raw_datasets/cell_beta_0p17_p_0p00/dataset_011_seed_1113234/dataset_meta.json
cell_beta_0p17_p_0p00,beta,12,1213234,0.17,0.0,02_dnn/01_dataset_gen/raw_outputs/18_beta_cell_90_dataset/raw_datasets/cell_beta_0p17_p_0p00/dataset_012_seed_1213234/dataset.npz,02_dnn/01_dataset_gen/raw_outputs/18_beta_cell_90_dataset/raw_datasets/cell_beta_0p17_p_0p00/dataset_012_seed_1213234/dataset_meta.json
cell_beta_0p17_p_0p00,beta,13,1313234,0.17,0.0,02_dnn/01_dataset_gen/raw_outputs/18_beta_cell_90_dataset/raw_datasets/cell_beta_0p17_p_0p00/dataset_013_seed_1313234/dataset.npz,02_dnn/01_dataset_gen/raw_outputs/18_beta_cell_90_dataset/raw_datasets/cell_beta_0p17_p_0p00/dataset_013_seed_1313234/dataset_meta.json
cell_beta_0p17_p_0p00,beta,14,1413234,0.17,0.0,02_dnn/01_dataset_gen/raw_outputs/18_beta_cell_90_dataset/raw_datasets/cell_beta_0p17_p_0p00/dataset_014_seed_1413234/dataset.npz,02_dnn/01_dataset_gen/raw_outputs/18_beta_cell_90_dataset/raw_datasets/cell_beta_0p17_p_0p00/dataset_014_seed_1413234/dataset_meta.json
cell_beta_0p17_p_0p00,beta,15,1513234,0.17,0.0,02_dnn/01_dataset_gen/raw_outputs/18_beta_cell_90_dataset/raw_datasets/cell_beta_0p17_p_0p00/dataset_015_seed_1513234/dataset.npz,02_dnn/01_dataset_gen/raw_outputs/18_beta_cell_90_dataset/raw_datasets/cell_beta_0p17_p_0p00/dataset_015_seed_1513234/dataset_meta.json
cell_beta_0p17_p_0p00,beta,16,1613234,0.17,0.0,02_dnn/01_dataset_gen/raw_outputs/18_beta_cell_90_dataset/raw_datasets/cell_beta_0p17_p_0p00/dataset_016_seed_1613234/dataset.npz,02_dnn/01_dataset_gen/raw_outputs/18_beta_cell_90_dataset/raw_datasets/cell_beta_0p17_p_0p00/dataset_016_seed_1613234/dataset_meta.json
cell_beta_0p17_p_0p00,beta,17,1713234,0.17,0.0,02_dnn/01_dataset_gen/raw_outputs/18_beta_cell_90_dataset/raw_datasets/cell_beta_0p17_p_0p00/dataset_017_seed_1713234/dataset.npz,02_dnn/01_dataset_gen/raw_outputs/18_beta_cell_90_dataset/raw_datasets/cell_beta_0p17_p_0p00/dataset_017_seed_1713234/dataset_meta.json
cell_beta_0p17_p_0p00,beta,18,1813234,0.17,0.0,02_dnn/01_dataset_gen/raw_outputs/18_beta_cell_90_dataset/raw_datasets/cell_beta_0p17_p_0p00/dataset_018_seed_1813234/dataset.npz,02_dnn/01_dataset_gen/raw_outputs/18_beta_cell_90_dataset/raw_datasets/cell_beta_0p17_p_0p00/dataset_018_seed_1813234/dataset_meta.json
cell_beta_0p17_p_0p00,beta,19,1913234,0.17,0.0,02_dnn/01_dataset_gen/raw_outputs/18_beta_cell_90_dataset/raw_datasets/cell_beta_0p17_p_0p00/dataset_019_seed_1913234/dataset.npz,02_dnn/01_dataset_gen/raw_outputs/18_beta_cell_90_dataset/raw_datasets/cell_beta_0p17_p_0p00/dataset_019_seed_1913234/dataset_meta.json
cell_beta_0p17_p_0p00,beta,20,2013234,0.17,0.0,02_dnn/01_dataset_gen/raw_outputs/18_beta_cell_90_dataset/raw_datasets/cell_beta_0p17_p_0p00/dataset_020_seed_2013234/dataset.npz,02_dnn/01_dataset_gen/raw_outputs/18_beta_cell_90_dataset/raw_datasets/cell_beta_0p17_p_0p00/dataset_020_seed_2013234/dataset_meta.json
cell_beta_0p17_p_0p00,beta,21,2113234,0.17,0.0,02_dnn/01_dataset_gen/raw_outputs/18_beta_cell_90_dataset/raw_datasets/cell_beta_0p17_p_0p00/dataset_021_seed_2113234/dataset.npz,02_dnn/01_dataset_gen/raw_outputs/18_beta_cell_90_dataset/raw_datasets/cell_beta_0p17_p_0p00/dataset_021_seed_2113234/dataset_meta.json
cell_beta_0p17_p_0p00,beta,22,2213234,0.17,0.0,02_dnn/01_dataset_gen/raw_outputs/18_beta_cell_90_dataset/raw_datasets/cell_beta_0p17_p_0p00/dataset_022_seed_2213234/dataset.npz,02_dnn/01_dataset_gen/raw_outputs/18_beta_cell_90_dataset/raw_datasets/cell_beta_0p17_p_0p00/dataset_022_seed_2213234/dataset_meta.json
cell_beta_0p17_p_0p00,beta,23,2313234,0.17,0.0,02_dnn/01_dataset_gen/raw_outputs/18_beta_cell_90_dataset/raw_datasets/cell_beta_0p17_p_0p00/dataset_023_seed_2313234/dataset.npz,02_dnn/01_dataset_gen/raw_outputs/18_beta_cell_90_dataset/raw_datasets/cell_beta_0p17_p_0p00/dataset_023_seed_2313234/dataset_meta.json
cell_beta_0p17_p_0p00,beta,24,2413234,0.17,0.0,02_dnn/01_dataset_gen/raw_outputs/18_beta_cell_90_dataset/raw_datasets/cell_beta_0p17_p_0p00/dataset_024_seed_2413234/dataset.npz,02_dnn/01_dataset_gen/raw_outputs/18_beta_cell_90_dataset/raw_datasets/cell_beta_0p17_p_0p00/dataset_024_seed_2413234/dataset_meta.json
cell_beta_0p17_p_0p00,beta,25,2513234,0.17,0.0,02_dnn/01_dataset_gen/raw_outputs/18_beta_cell_90_dataset/raw_datasets/cell_beta_0p17_p_0p00/dataset_025_seed_2513234/dataset.npz,02_dnn/01_dataset_gen/raw_outputs/18_beta_cell_90_dataset/raw_datasets/cell_beta_0p17_p_0p00/dataset_025_seed_2513234/dataset_meta.json
cell_beta_0p17_p_0p00,beta,26,2613234,0.17,0.0,02_dnn/01_dataset_gen/raw_outputs/18_beta_cell_90_dataset/raw_datasets/cell_beta_0p17_p_0p00/dataset_026_seed_2613234/dataset.npz,02_dnn/01_dataset_gen/raw_outputs/18_beta_cell_90_dataset/raw_datasets/cell_beta_0p17_p_0p00/dataset_026_seed_2613234/dataset_meta.json
cell_beta_0p17_p_0p00,beta,27,2713234,0.17,0.0,02_dnn/01_dataset_gen/raw_outputs/18_beta_cell_90_dataset/raw_datasets/cell_beta_0p17_p_0p00/dataset_027_seed_2713234/dataset.npz,02_dnn/01_dataset_gen/raw_outputs/18_beta_cell_90_dataset/raw_datasets/cell_beta_0p17_p_0p00/dataset_027_seed_2713234/dataset_meta.json
cell_beta_0p17_p_0p00,beta,28,2813234,0.17,0.0,02_dnn/01_dataset_gen/raw_outputs/18_beta_cell_90_dataset/raw_datasets/cell_beta_0p17_p_0p00/dataset_028_seed_2813234/dataset.npz,02_dnn/01_dataset_gen/raw_outputs/18_beta_cell_90_dataset/raw_datasets/cell_beta_0p17_p_0p00/dataset_028_seed_2813234/dataset_meta.json
cell_beta_0p17_p_0p00,beta,29,2913234,0.17,0.0,02_dnn/01_dataset_gen/raw_outputs/18_beta_cell_90_dataset/raw_datasets/cell_beta_0p17_p_0p00/dataset_029_seed_2913234/dataset.npz,02_dnn/01_dataset_gen/raw_outputs/18_beta_cell_90_dataset/raw_datasets/cell_beta_0p17_p_0p00/dataset_029_seed_2913234/dataset_meta.json
cell_beta_0p17_p_0p00,beta,30,3013234,0.17,0.0,02_dnn/01_dataset_gen/raw_outputs/18_beta_cell_90_dataset/raw_datasets/cell_beta_0p17_p_0p00/dataset_030_seed_3013234/dataset.npz,02_dnn/01_dataset_gen/raw_outputs/18_beta_cell_90_dataset/raw_datasets/cell_beta_0p17_p_0p00/dataset_030_seed_3013234/dataset_meta.json
cell_beta_0p17_p_0p00,beta,31,3113234,0.17,0.0,02_dnn/01_dataset_gen/raw_outputs/18_beta_cell_90_dataset/raw_datasets/cell_beta_0p17_p_0p00/dataset_031_seed_3113234/dataset.npz,02_dnn/01_dataset_gen/raw_outputs/18_beta_cell_90_dataset/raw_datasets/cell_beta_0p17_p_0p00/dataset_031_seed_3113234/dataset_meta.json
cell_beta_0p17_p_0p00,beta,32,3213234,0.17,0.0,02_dnn/01_dataset_gen/raw_outputs/18_beta_cell_90_dataset/raw_datasets/cell_beta_0p17_p_0p00/dataset_032_seed_3213234/dataset.npz,02_dnn/01_dataset_gen/raw_outputs/18_beta_cell_90_dataset/raw_datasets/cell_beta_0p17_p_0p00/dataset_032_seed_3213234/dataset_meta.json
cell_beta_0p17_p_0p00,beta,33,3313234,0.17,0.0,02_dnn/01_dataset_gen/raw_outputs/18_beta_cell_90_dataset/raw_datasets/cell_beta_0p17_p_0p00/dataset_033_seed_3313234/dataset.npz,02_dnn/01_dataset_gen/raw_outputs/18_beta_cell_90_dataset/raw_datasets/cell_beta_0p17_p_0p00/dataset_033_seed_3313234/dataset_meta.json
cell_beta_0p17_p_0p00,beta,34,3413234,0.17,0.0,02_dnn/01_dataset_gen/raw_outputs/18_beta_cell_90_dataset/raw_datasets/cell_beta_0p17_p_0p00/dataset_034_seed_3413234/dataset.npz,02_dnn/01_dataset_gen/raw_outputs/18_beta_cell_90_dataset/raw_datasets/cell_beta_0p17_p_0p00/dataset_034_seed_3413234/dataset_meta.json
cell_beta_0p17_p_0p00,beta,35,3513234,0.17,0.0,02_dnn/01_dataset_gen/raw_outputs/18_beta_cell_90_dataset/raw_datasets/cell_beta_0p17_p_0p00/dataset_035_seed_3513234/dataset.npz,02_dnn/01_dataset_gen/raw_outputs/18_beta_cell_90_dataset/raw_datasets/cell_beta_0p17_p_0p00/dataset_035_seed_3513234/dataset_meta.json
cell_beta_0p17_p_0p00,beta,36,3613234,0.17,0.0,02_dnn/01_dataset_gen/raw_outputs/18_beta_cell_90_dataset/raw_datasets/cell_beta_0p17_p_0p00/dataset_036_seed_3613234/dataset.npz,02_dnn/01_dataset_gen/raw_outputs/18_beta_cell_90_dataset/raw_datasets/cell_beta_0p17_p_0p00/dataset_036_seed_3613234/dataset_meta.json
cell_beta_0p17_p_0p00,beta,37,3713234,0.17,0.0,02_dnn/01_dataset_gen/raw_outputs/18_beta_cell_90_dataset/raw_datasets/cell_beta_0p17_p_0p00/dataset_037_seed_3713234/dataset.npz,02_dnn/01_dataset_gen/raw_outputs/18_beta_cell_90_dataset/raw_datasets/cell_beta_0p17_p_0p00/dataset_037_seed_3713234/dataset_meta.json
cell_beta_0p17_p_0p00,beta,38,3813234,0.17,0.0,02_dnn/01_dataset_gen/raw_outputs/18_beta_cell_90_dataset/raw_datasets/cell_beta_0p17_p_0p00/dataset_038_seed_3813234/dataset.npz,02_dnn/01_dataset_gen/raw_outputs/18_beta_cell_90_dataset/raw_datasets/cell_beta_0p17_p_0p00/dataset_038_seed_3813234/dataset_meta.json
cell_beta_0p17_p_0p00,beta,39,3913234,0.17,0.0,02_dnn/01_dataset_gen/raw_outputs/18_beta_cell_90_dataset/raw_datasets/cell_beta_0p17_p_0p00/dataset_039_seed_3913234/dataset.npz,02_dnn/01_dataset_gen/raw_outputs/18_beta_cell_90_dataset/raw_datasets/cell_beta_0p17_p_0p00/dataset_039_seed_3913234/dataset_meta.json
cell_beta_0p17_p_0p00,beta,40,4013234,0.17,0.0,02_dnn/01_dataset_gen/raw_outputs/18_beta_cell_90_dataset/raw_datasets/cell_beta_0p17_p_0p00/dataset_040_seed_4013234/dataset.npz,02_dnn/01_dataset_gen/raw_outputs/18_beta_cell_90_dataset/raw_datasets/cell_beta_0p17_p_0p00/dataset_040_seed_4013234/dataset_meta.json
cell_beta_0p17_p_0p00,beta,41,4113234,0.17,0.0,02_dnn/01_dataset_gen/raw_outputs/18_beta_cell_90_dataset/raw_datasets/cell_beta_0p17_p_0p00/dataset_041_seed_4113234/dataset.npz,02_dnn/01_dataset_gen/raw_outputs/18_beta_cell_90_dataset/raw_datasets/cell_beta_0p17_p_0p00/dataset_041_seed_4113234/dataset_meta.json
cell_beta_0p17_p_0p00,beta,42,4213234,0.17,0.0,02_dnn/01_dataset_gen/raw_outputs/18_beta_cell_90_dataset/raw_datasets/cell_beta_0p17_p_0p00/dataset_042_seed_4213234/dataset.npz,02_dnn/01_dataset_gen/raw_outputs/18_beta_cell_90_dataset/raw_datasets/cell_beta_0p17_p_0p00/dataset_042_seed_4213234/dataset_meta.json
cell_beta_0p17_p_0p00,beta,43,4313234,0.17,0.0,02_dnn/01_dataset_gen/raw_outputs/18_beta_cell_90_dataset/raw_datasets/cell_beta_0p17_p_0p00/dataset_043_seed_4313234/dataset.npz,02_dnn/01_dataset_gen/raw_outputs/18_beta_cell_90_dataset/raw_datasets/cell_beta_0p17_p_0p00/dataset_043_seed_4313234/dataset_meta.json
cell_beta_0p17_p_0p00,beta,44,4413234,0.17,0.0,02_dnn/01_dataset_gen/raw_outputs/18_beta_cell_90_dataset/raw_datasets/cell_beta_0p17_p_0p00/dataset_044_seed_4413234/dataset.npz,02_dnn/01_dataset_gen/raw_outputs/18_beta_cell_90_dataset/raw_datasets/cell_beta_0p17_p_0p00/dataset_044_seed_4413234/dataset_meta.json
cell_beta_0p17_p_0p00,beta,45,4513234,0.17,0.0,02_dnn/01_dataset_gen/raw_outputs/18_beta_cell_90_dataset/raw_datasets/cell_beta_0p17_p_0p00/dataset_045_seed_4513234/dataset.npz,02_dnn/01_dataset_gen/raw_outputs/18_beta_cell_90_dataset/raw_datasets/cell_beta_0p17_p_0p00/dataset_045_seed_4513234/dataset_meta.json
cell_beta_0p17_p_0p00,beta,46,4613234,0.17,0.0,02_dnn/01_dataset_gen/raw_outputs/18_beta_cell_90_dataset/raw_datasets/cell_beta_0p17_p_0p00/dataset_046_seed_4613234/dataset.npz,02_dnn/01_dataset_gen/raw_outputs/18_beta_cell_90_dataset/raw_datasets/cell_beta_0p17_p_0p00/dataset_046_seed_4613234/dataset_meta.json
cell_beta_0p17_p_0p00,beta,47,4713234,0.17,0.0,02_dnn/01_dataset_gen/raw_outputs/18_beta_cell_90_dataset/raw_datasets/cell_beta_0p17_p_0p00/dataset_047_seed_4713234/dataset.npz,02_dnn/01_dataset_gen/raw_outputs/18_beta_cell_90_dataset/raw_datasets/cell_beta_0p17_p_0p00/dataset_047_seed_4713234/dataset_meta.json
cell_beta_0p17_p_0p00,beta,48,4813234,0.17,0.0,02_dnn/01_dataset_gen/raw_outputs/18_beta_cell_90_dataset/raw_datasets/cell_beta_0p17_p_0p00/dataset_048_seed_4813234/dataset.npz,02_dnn/01_dataset_gen/raw_outputs/18_beta_cell_90_dataset/raw_datasets/cell_beta_0p17_p_0p00/dataset_048_seed_4813234/dataset_meta.json
cell_beta_0p17_p_0p00,beta,49,4913234,0.17,0.0,02_dnn/01_dataset_gen/raw_outputs/18_beta_cell_90_dataset/raw_datasets/cell_beta_0p17_p_0p00/dataset_049_seed_4913234/dataset.npz,02_dnn/01_dataset_gen/raw_outputs/18_beta_cell_90_dataset/raw_datasets/cell_beta_0p17_p_0p00/dataset_049_seed_4913234/dataset_meta.json
cell_beta_0p17_p_0p00,beta,50,5013234,0.17,0.0,02_dnn/01_dataset_gen/raw_outputs/18_beta_cell_90_dataset/raw_datasets/cell_beta_0p17_p_0p00/dataset_050_seed_5013234/dataset.npz,02_dnn/01_dataset_gen/raw_outputs/18_beta_cell_90_dataset/raw_datasets/cell_beta_0p17_p_0p00/dataset_050_seed_5013234/dataset_meta.json
cell_beta_0p17_p_0p00,beta,51,5113234,0.17,0.0,02_dnn/01_dataset_gen/raw_outputs/18_beta_cell_90_dataset/raw_datasets/cell_beta_0p17_p_0p00/dataset_051_seed_5113234/dataset.npz,02_dnn/01_dataset_gen/raw_outputs/18_beta_cell_90_dataset/raw_datasets/cell_beta_0p17_p_0p00/dataset_051_seed_5113234/dataset_meta.json
cell_beta_0p17_p_0p00,beta,52,5213234,0.17,0.0,02_dnn/01_dataset_gen/raw_outputs/18_beta_cell_90_dataset/raw_datasets/cell_beta_0p17_p_0p00/dataset_052_seed_5213234/dataset.npz,02_dnn/01_dataset_gen/raw_outputs/18_beta_cell_90_dataset/raw_datasets/cell_beta_0p17_p_0p00/dataset_052_seed_5213234/dataset_meta.json
cell_beta_0p17_p_0p00,beta,53,5313234,0.17,0.0,02_dnn/01_dataset_gen/raw_outputs/18_beta_cell_90_dataset/raw_datasets/cell_beta_0p17_p_0p00/dataset_053_seed_5313234/dataset.npz,02_dnn/01_dataset_gen/raw_outputs/18_beta_cell_90_dataset/raw_datasets/cell_beta_0p17_p_0p00/dataset_053_seed_5313234/dataset_meta.json
cell_beta_0p17_p_0p00,beta,54,5413234,0.17,0.0,02_dnn/01_dataset_gen/raw_outputs/18_beta_cell_90_dataset/raw_datasets/cell_beta_0p17_p_0p00/dataset_054_seed_5413234/dataset.npz,02_dnn/01_dataset_gen/raw_outputs/18_beta_cell_90_dataset/raw_datasets/cell_beta_0p17_p_0p00/dataset_054_seed_5413234/dataset_meta.json
cell_beta_0p17_p_0p00,beta,55,5513234,0.17,0.0,02_dnn/01_dataset_gen/raw_outputs/18_beta_cell_90_dataset/raw_datasets/cell_beta_0p17_p_0p00/dataset_055_seed_5513234/dataset.npz,02_dnn/01_dataset_gen/raw_outputs/18_beta_cell_90_dataset/raw_datasets/cell_beta_0p17_p_0p00/dataset_055_seed_5513234/dataset_meta.json
cell_beta_0p17_p_0p00,beta,56,5613234,0.17,0.0,02_dnn/01_dataset_gen/raw_outputs/18_beta_cell_90_dataset/raw_datasets/cell_beta_0p17_p_0p00/dataset_056_seed_5613234/dataset.npz,02_dnn/01_dataset_gen/raw_outputs/18_beta_cell_90_dataset/raw_datasets/cell_beta_0p17_p_0p00/dataset_056_seed_5613234/dataset_meta.json
cell_beta_0p17_p_0p00,beta,57,5713234,0.17,0.0,02_dnn/01_dataset_gen/raw_outputs/18_beta_cell_90_dataset/raw_datasets/cell_beta_0p17_p_0p00/dataset_057_seed_5713234/dataset.npz,02_dnn/01_dataset_gen/raw_outputs/18_beta_cell_90_dataset/raw_datasets/cell_beta_0p17_p_0p00/dataset_057_seed_5713234/dataset_meta.json
cell_beta_0p17_p_0p00,beta,58,5813234,0.17,0.0,02_dnn/01_dataset_gen/raw_outputs/18_beta_cell_90_dataset/raw_datasets/cell_beta_0p17_p_0p00/dataset_058_seed_5813234/dataset.npz,02_dnn/01_dataset_gen/raw_outputs/18_beta_cell_90_dataset/raw_datasets/cell_beta_0p17_p_0p00/dataset_058_seed_5813234/dataset_meta.json
cell_beta_0p17_p_0p00,beta,59,5913234,0.17,0.0,02_dnn/01_dataset_gen/raw_outputs/18_beta_cell_90_dataset/raw_datasets/cell_beta_0p17_p_0p00/dataset_059_seed_5913234/dataset.npz,02_dnn/01_dataset_gen/raw_outputs/18_beta_cell_90_dataset/raw_datasets/cell_beta_0p17_p_0p00/dataset_059_seed_5913234/dataset_meta.json
cell_beta_0p17_p_0p00,beta,60,6013234,0.17,0.0,02_dnn/01_dataset_gen/raw_outputs/18_beta_cell_90_dataset/raw_datasets/cell_beta_0p17_p_0p00/dataset_060_seed_6013234/dataset.npz,02_dnn/01_dataset_gen/raw_outputs/18_beta_cell_90_dataset/raw_datasets/cell_beta_0p17_p_0p00/dataset_060_seed_6013234/dataset_meta.json
cell_beta_0p17_p_0p00,beta,61,6113234,0.17,0.0,02_dnn/01_dataset_gen/raw_outputs/18_beta_cell_90_dataset/raw_datasets/cell_beta_0p17_p_0p00/dataset_061_seed_6113234/dataset.npz,02_dnn/01_dataset_gen/raw_outputs/18_beta_cell_90_dataset/raw_datasets/cell_beta_0p17_p_0p00/dataset_061_seed_6113234/dataset_meta.json
cell_beta_0p17_p_0p00,beta,62,6213234,0.17,0.0,02_dnn/01_dataset_gen/raw_outputs/18_beta_cell_90_dataset/raw_datasets/cell_beta_0p17_p_0p00/dataset_062_seed_6213234/dataset.npz,02_dnn/01_dataset_gen/raw_outputs/18_beta_cell_90_dataset/raw_datasets/cell_beta_0p17_p_0p00/dataset_062_seed_6213234/dataset_meta.json
cell_beta_0p17_p_0p00,beta,63,6313234,0.17,0.0,02_dnn/01_dataset_gen/raw_outputs/18_beta_cell_90_dataset/raw_datasets/cell_beta_0p17_p_0p00/dataset_063_seed_6313234/dataset.npz,02_dnn/01_dataset_gen/raw_outputs/18_beta_cell_90_dataset/raw_datasets/cell_beta_0p17_p_0p00/dataset_063_seed_6313234/dataset_meta.json
cell_beta_0p17_p_0p00,beta,64,6413234,0.17,0.0,02_dnn/01_dataset_gen/raw_outputs/18_beta_cell_90_dataset/raw_datasets/cell_beta_0p17_p_0p00/dataset_064_seed_6413234/dataset.npz,02_dnn/01_dataset_gen/raw_outputs/18_beta_cell_90_dataset/raw_datasets/cell_beta_0p17_p_0p00/dataset_064_seed_6413234/dataset_meta.json
cell_beta_0p17_p_0p00,beta,65,6513234,0.17,0.0,02_dnn/01_dataset_gen/raw_outputs/18_beta_cell_90_dataset/raw_datasets/cell_beta_0p17_p_0p00/dataset_065_seed_6513234/dataset.npz,02_dnn/01_dataset_gen/raw_outputs/18_beta_cell_90_dataset/raw_datasets/cell_beta_0p17_p_0p00/dataset_065_seed_6513234/dataset_meta.json
cell_beta_0p17_p_0p00,beta,66,6613234,0.17,0.0,02_dnn/01_dataset_gen/raw_outputs/18_beta_cell_90_dataset/raw_datasets/cell_beta_0p17_p_0p00/dataset_066_seed_6613234/dataset.npz,02_dnn/01_dataset_gen/raw_outputs/18_beta_cell_90_dataset/raw_datasets/cell_beta_0p17_p_0p00/dataset_066_seed_6613234/dataset_meta.json
cell_beta_0p17_p_0p00,beta,67,6713234,0.17,0.0,02_dnn/01_dataset_gen/raw_outputs/18_beta_cell_90_dataset/raw_datasets/cell_beta_0p17_p_0p00/dataset_067_seed_6713234/dataset.npz,02_dnn/01_dataset_gen/raw_outputs/18_beta_cell_90_dataset/raw_datasets/cell_beta_0p17_p_0p00/dataset_067_seed_6713234/dataset_meta.json
cell_beta_0p17_p_0p00,beta,68,6813234,0.17,0.0,02_dnn/01_dataset_gen/raw_outputs/18_beta_cell_90_dataset/raw_datasets/cell_beta_0p17_p_0p00/dataset_068_seed_6813234/dataset.npz,02_dnn/01_dataset_gen/raw_outputs/18_beta_cell_90_dataset/raw_datasets/cell_beta_0p17_p_0p00/dataset_068_seed_6813234/dataset_meta.json
cell_beta_0p17_p_0p00,beta,69,6913234,0.17,0.0,02_dnn/01_dataset_gen/raw_outputs/18_beta_cell_90_dataset/raw_datasets/cell_beta_0p17_p_0p00/dataset_069_seed_6913234/dataset.npz,02_dnn/01_dataset_gen/raw_outputs/18_beta_cell_90_dataset/raw_datasets/cell_beta_0p17_p_0p00/dataset_069_seed_6913234/dataset_meta.json
cell_beta_0p17_p_0p00,beta,70,7013234,0.17,0.0,02_dnn/01_dataset_gen/raw_outputs/18_beta_cell_90_dataset/raw_datasets/cell_beta_0p17_p_0p00/dataset_070_seed_7013234/dataset.npz,02_dnn/01_dataset_gen/raw_outputs/18_beta_cell_90_dataset/raw_datasets/cell_beta_0p17_p_0p00/dataset_070_seed_7013234/dataset_meta.json
cell_beta_0p17_p_0p00,beta,71,7113234,0.17,0.0,02_dnn/01_dataset_gen/raw_outputs/18_beta_cell_90_dataset/raw_datasets/cell_beta_0p17_p_0p00/dataset_071_seed_7113234/dataset.npz,02_dnn/01_dataset_gen/raw_outputs/18_beta_cell_90_dataset/raw_datasets/cell_beta_0p17_p_0p00/dataset_071_seed_7113234/dataset_meta.json
cell_beta_0p17_p_0p00,beta,72,7213234,0.17,0.0,02_dnn/01_dataset_gen/raw_outputs/18_beta_cell_90_dataset/raw_datasets/cell_beta_0p17_p_0p00/dataset_072_seed_7213234/dataset.npz,02_dnn/01_dataset_gen/raw_outputs/18_beta_cell_90_dataset/raw_datasets/cell_beta_0p17_p_0p00/dataset_072_seed_7213234/dataset_meta.json
cell_beta_0p17_p_0p00,beta,73,7313234,0.17,0.0,02_dnn/01_dataset_gen/raw_outputs/18_beta_cell_90_dataset/raw_datasets/cell_beta_0p17_p_0p00/dataset_073_seed_7313234/dataset.npz,02_dnn/01_dataset_gen/raw_outputs/18_beta_cell_90_dataset/raw_datasets/cell_beta_0p17_p_0p00/dataset_073_seed_7313234/dataset_meta.json
cell_beta_0p17_p_0p00,beta,74,7413234,0.17,0.0,02_dnn/01_dataset_gen/raw_outputs/18_beta_cell_90_dataset/raw_datasets/cell_beta_0p17_p_0p00/dataset_074_seed_7413234/dataset.npz,02_dnn/01_dataset_gen/raw_outputs/18_beta_cell_90_dataset/raw_datasets/cell_beta_0p17_p_0p00/dataset_074_seed_7413234/dataset_meta.json
cell_beta_0p17_p_0p00,beta,75,7513234,0.17,0.0,02_dnn/01_dataset_gen/raw_outputs/18_beta_cell_90_dataset/raw_datasets/cell_beta_0p17_p_0p00/dataset_075_seed_7513234/dataset.npz,02_dnn/01_dataset_gen/raw_outputs/18_beta_cell_90_dataset/raw_datasets/cell_beta_0p17_p_0p00/dataset_075_seed_7513234/dataset_meta.json
cell_beta_0p17_p_0p00,beta,76,7613234,0.17,0.0,02_dnn/01_dataset_gen/raw_outputs/18_beta_cell_90_dataset/raw_datasets/cell_beta_0p17_p_0p00/dataset_076_seed_7613234/dataset.npz,02_dnn/01_dataset_gen/raw_outputs/18_beta_cell_90_dataset/raw_datasets/cell_beta_0p17_p_0p00/dataset_076_seed_7613234/dataset_meta.json
cell_beta_0p17_p_0p00,beta,77,7713234,0.17,0.0,02_dnn/01_dataset_gen/raw_outputs/18_beta_cell_90_dataset/raw_datasets/cell_beta_0p17_p_0p00/dataset_077_seed_7713234/dataset.npz,02_dnn/01_dataset_gen/raw_outputs/18_beta_cell_90_dataset/raw_datasets/cell_beta_0p17_p_0p00/dataset_077_seed_7713234/dataset_meta.json
cell_beta_0p17_p_0p00,beta,78,7813234,0.17,0.0,02_dnn/01_dataset_gen/raw_outputs/18_beta_cell_90_dataset/raw_datasets/cell_beta_0p17_p_0p00/dataset_078_seed_7813234/dataset.npz,02_dnn/01_dataset_gen/raw_outputs/18_beta_cell_90_dataset/raw_datasets/cell_beta_0p17_p_0p00/dataset_078_seed_7813234/dataset_meta.json
cell_beta_0p17_p_0p00,beta,79,7913234,0.17,0.0,02_dnn/01_dataset_gen/raw_outputs/18_beta_cell_90_dataset/raw_datasets/cell_beta_0p17_p_0p00/dataset_079_seed_7913234/dataset.npz,02_dnn/01_dataset_gen/raw_outputs/18_beta_cell_90_dataset/raw_datasets/cell_beta_0p17_p_0p00/dataset_079_seed_7913234/dataset_meta.json
cell_beta_0p17_p_0p00,beta,80,8013234,0.17,0.0,02_dnn/01_dataset_gen/raw_outputs/18_beta_cell_90_dataset/raw_datasets/cell_beta_0p17_p_0p00/dataset_080_seed_8013234/dataset.npz,02_dnn/01_dataset_gen/raw_outputs/18_beta_cell_90_dataset/raw_datasets/cell_beta_0p17_p_0p00/dataset_080_seed_8013234/dataset_meta.json
cell_beta_0p17_p_0p00,beta,81,8113234,0.17,0.0,02_dnn/01_dataset_gen/raw_outputs/18_beta_cell_90_dataset/raw_datasets/cell_beta_0p17_p_0p00/dataset_081_seed_8113234/dataset.npz,02_dnn/01_dataset_gen/raw_outputs/18_beta_cell_90_dataset/raw_datasets/cell_beta_0p17_p_0p00/dataset_081_seed_8113234/dataset_meta.json
cell_beta_0p17_p_0p00,beta,82,8213234,0.17,0.0,02_dnn/01_dataset_gen/raw_outputs/18_beta_cell_90_dataset/raw_datasets/cell_beta_0p17_p_0p00/dataset_082_seed_8213234/dataset.npz,02_dnn/01_dataset_gen/raw_outputs/18_beta_cell_90_dataset/raw_datasets/cell_beta_0p17_p_0p00/dataset_082_seed_8213234/dataset_meta.json
cell_beta_0p17_p_0p00,beta,83,8313234,0.17,0.0,02_dnn/01_dataset_gen/raw_outputs/18_beta_cell_90_dataset/raw_datasets/cell_beta_0p17_p_0p00/dataset_083_seed_8313234/dataset.npz,02_dnn/01_dataset_gen/raw_outputs/18_beta_cell_90_dataset/raw_datasets/cell_beta_0p17_p_0p00/dataset_083_seed_8313234/dataset_meta.json
cell_beta_0p17_p_0p00,beta,84,8413234,0.17,0.0,02_dnn/01_dataset_gen/raw_outputs/18_beta_cell_90_dataset/raw_datasets/cell_beta_0p17_p_0p00/dataset_084_seed_8413234/dataset.npz,02_dnn/01_dataset_gen/raw_outputs/18_beta_cell_90_dataset/raw_datasets/cell_beta_0p17_p_0p00/dataset_084_seed_8413234/dataset_meta.json
cell_beta_0p17_p_0p00,beta,85,8513234,0.17,0.0,02_dnn/01_dataset_gen/raw_outputs/18_beta_cell_90_dataset/raw_datasets/cell_beta_0p17_p_0p00/dataset_085_seed_8513234/dataset.npz,02_dnn/01_dataset_gen/raw_outputs/18_beta_cell_90_dataset/raw_datasets/cell_beta_0p17_p_0p00/dataset_085_seed_8513234/dataset_meta.json
cell_beta_0p17_p_0p00,beta,86,8613234,0.17,0.0,02_dnn/01_dataset_gen/raw_outputs/18_beta_cell_90_dataset/raw_datasets/cell_beta_0p17_p_0p00/dataset_086_seed_8613234/dataset.npz,02_dnn/01_dataset_gen/raw_outputs/18_beta_cell_90_dataset/raw_datasets/cell_beta_0p17_p_0p00/dataset_086_seed_8613234/dataset_meta.json
cell_beta_0p17_p_0p00,beta,87,8713234,0.17,0.0,02_dnn/01_dataset_gen/raw_outputs/18_beta_cell_90_dataset/raw_datasets/cell_beta_0p17_p_0p00/dataset_087_seed_8713234/dataset.npz,02_dnn/01_dataset_gen/raw_outputs/18_beta_cell_90_dataset/raw_datasets/cell_beta_0p17_p_0p00/dataset_087_seed_8713234/dataset_meta.json
cell_beta_0p17_p_0p00,beta,88,8813234,0.17,0.0,02_dnn/01_dataset_gen/raw_outputs/18_beta_cell_90_dataset/raw_datasets/cell_beta_0p17_p_0p00/dataset_088_seed_8813234/dataset.npz,02_dnn/01_dataset_gen/raw_outputs/18_beta_cell_90_dataset/raw_datasets/cell_beta_0p17_p_0p00/dataset_088_seed_8813234/dataset_meta.json
cell_beta_0p17_p_0p00,beta,89,8913234,0.17,0.0,02_dnn/01_dataset_gen/raw_outputs/18_beta_cell_90_dataset/raw_datasets/cell_beta_0p17_p_0p00/dataset_089_seed_8913234/dataset.npz,02_dnn/01_dataset_gen/raw_outputs/18_beta_cell_90_dataset/raw_datasets/cell_beta_0p17_p_0p00/dataset_089_seed_8913234/dataset_meta.json
cell_beta_0p19_p_0p00,beta,0,15234,0.19,0.0,02_dnn/01_dataset_gen/raw_outputs/18_beta_cell_90_dataset/raw_datasets/cell_beta_0p19_p_0p00/dataset_000_seed_015234/dataset.npz,02_dnn/01_dataset_gen/raw_outputs/18_beta_cell_90_dataset/raw_datasets/cell_beta_0p19_p_0p00/dataset_000_seed_015234/dataset_meta.json
cell_beta_0p19_p_0p00,beta,1,115234,0.19,0.0,02_dnn/01_dataset_gen/raw_outputs/18_beta_cell_90_dataset/raw_datasets/cell_beta_0p19_p_0p00/dataset_001_seed_115234/dataset.npz,02_dnn/01_dataset_gen/raw_outputs/18_beta_cell_90_dataset/raw_datasets/cell_beta_0p19_p_0p00/dataset_001_seed_115234/dataset_meta.json
cell_beta_0p19_p_0p00,beta,2,215234,0.19,0.0,02_dnn/01_dataset_gen/raw_outputs/18_beta_cell_90_dataset/raw_datasets/cell_beta_0p19_p_0p00/dataset_002_seed_215234/dataset.npz,02_dnn/01_dataset_gen/raw_outputs/18_beta_cell_90_dataset/raw_datasets/cell_beta_0p19_p_0p00/dataset_002_seed_215234/dataset_meta.json
cell_beta_0p19_p_0p00,beta,3,315234,0.19,0.0,02_dnn/01_dataset_gen/raw_outputs/18_beta_cell_90_dataset/raw_datasets/cell_beta_0p19_p_0p00/dataset_003_seed_315234/dataset.npz,02_dnn/01_dataset_gen/raw_outputs/18_beta_cell_90_dataset/raw_datasets/cell_beta_0p19_p_0p00/dataset_003_seed_315234/dataset_meta.json
cell_beta_0p19_p_0p00,beta,4,415234,0.19,0.0,02_dnn/01_dataset_gen/raw_outputs/18_beta_cell_90_dataset/raw_datasets/cell_beta_0p19_p_0p00/dataset_004_seed_415234/dataset.npz,02_dnn/01_dataset_gen/raw_outputs/18_beta_cell_90_dataset/raw_datasets/cell_beta_0p19_p_0p00/dataset_004_seed_415234/dataset_meta.json
cell_beta_0p19_p_0p00,beta,5,515234,0.19,0.0,02_dnn/01_dataset_gen/raw_outputs/18_beta_cell_90_dataset/raw_datasets/cell_beta_0p19_p_0p00/dataset_005_seed_515234/dataset.npz,02_dnn/01_dataset_gen/raw_outputs/18_beta_cell_90_dataset/raw_datasets/cell_beta_0p19_p_0p00/dataset_005_seed_515234/dataset_meta.json
cell_beta_0p19_p_0p00,beta,6,615234,0.19,0.0,02_dnn/01_dataset_gen/raw_outputs/18_beta_cell_90_dataset/raw_datasets/cell_beta_0p19_p_0p00/dataset_006_seed_615234/dataset.npz,02_dnn/01_dataset_gen/raw_outputs/18_beta_cell_90_dataset/raw_datasets/cell_beta_0p19_p_0p00/dataset_006_seed_615234/dataset_meta.json
cell_beta_0p19_p_0p00,beta,7,715234,0.19,0.0,02_dnn/01_dataset_gen/raw_outputs/18_beta_cell_90_dataset/raw_datasets/cell_beta_0p19_p_0p00/dataset_007_seed_715234/dataset.npz,02_dnn/01_dataset_gen/raw_outputs/18_beta_cell_90_dataset/raw_datasets/cell_beta_0p19_p_0p00/dataset_007_seed_715234/dataset_meta.json
cell_beta_0p19_p_0p00,beta,8,815234,0.19,0.0,02_dnn/01_dataset_gen/raw_outputs/18_beta_cell_90_dataset/raw_datasets/cell_beta_0p19_p_0p00/dataset_008_seed_815234/dataset.npz,02_dnn/01_dataset_gen/raw_outputs/18_beta_cell_90_dataset/raw_datasets/cell_beta_0p19_p_0p00/dataset_008_seed_815234/dataset_meta.json
cell_beta_0p19_p_0p00,beta,9,915234,0.19,0.0,02_dnn/01_dataset_gen/raw_outputs/18_beta_cell_90_dataset/raw_datasets/cell_beta_0p19_p_0p00/dataset_009_seed_915234/dataset.npz,02_dnn/01_dataset_gen/raw_outputs/18_beta_cell_90_dataset/raw_datasets/cell_beta_0p19_p_0p00/dataset_009_seed_915234/dataset_meta.json
cell_beta_0p19_p_0p00,beta,10,1015234,0.19,0.0,02_dnn/01_dataset_gen/raw_outputs/18_beta_cell_90_dataset/raw_datasets/cell_beta_0p19_p_0p00/dataset_010_seed_1015234/dataset.npz,02_dnn/01_dataset_gen/raw_outputs/18_beta_cell_90_dataset/raw_datasets/cell_beta_0p19_p_0p00/dataset_010_seed_1015234/dataset_meta.json
cell_beta_0p19_p_0p00,beta,11,1115234,0.19,0.0,02_dnn/01_dataset_gen/raw_outputs/18_beta_cell_90_dataset/raw_datasets/cell_beta_0p19_p_0p00/dataset_011_seed_1115234/dataset.npz,02_dnn/01_dataset_gen/raw_outputs/18_beta_cell_90_dataset/raw_datasets/cell_beta_0p19_p_0p00/dataset_011_seed_1115234/dataset_meta.json
cell_beta_0p19_p_0p00,beta,12,1215234,0.19,0.0,02_dnn/01_dataset_gen/raw_outputs/18_beta_cell_90_dataset/raw_datasets/cell_beta_0p19_p_0p00/dataset_012_seed_1215234/dataset.npz,02_dnn/01_dataset_gen/raw_outputs/18_beta_cell_90_dataset/raw_datasets/cell_beta_0p19_p_0p00/dataset_012_seed_1215234/dataset_meta.json
cell_beta_0p19_p_0p00,beta,13,1315234,0.19,0.0,02_dnn/01_dataset_gen/raw_outputs/18_beta_cell_90_dataset/raw_datasets/cell_beta_0p19_p_0p00/dataset_013_seed_1315234/dataset.npz,02_dnn/01_dataset_gen/raw_outputs/18_beta_cell_90_dataset/raw_datasets/cell_beta_0p19_p_0p00/dataset_013_seed_1315234/dataset_meta.json
cell_beta_0p19_p_0p00,beta,14,1415234,0.19,0.0,02_dnn/01_dataset_gen/raw_outputs/18_beta_cell_90_dataset/raw_datasets/cell_beta_0p19_p_0p00/dataset_014_seed_1415234/dataset.npz,02_dnn/01_dataset_gen/raw_outputs/18_beta_cell_90_dataset/raw_datasets/cell_beta_0p19_p_0p00/dataset_014_seed_1415234/dataset_meta.json
cell_beta_0p19_p_0p00,beta,15,1515234,0.19,0.0,02_dnn/01_dataset_gen/raw_outputs/18_beta_cell_90_dataset/raw_datasets/cell_beta_0p19_p_0p00/dataset_015_seed_1515234/dataset.npz,02_dnn/01_dataset_gen/raw_outputs/18_beta_cell_90_dataset/raw_datasets/cell_beta_0p19_p_0p00/dataset_015_seed_1515234/dataset_meta.json
cell_beta_0p19_p_0p00,beta,16,1615234,0.19,0.0,02_dnn/01_dataset_gen/raw_outputs/18_beta_cell_90_dataset/raw_datasets/cell_beta_0p19_p_0p00/dataset_016_seed_1615234/dataset.npz,02_dnn/01_dataset_gen/raw_outputs/18_beta_cell_90_dataset/raw_datasets/cell_beta_0p19_p_0p00/dataset_016_seed_1615234/dataset_meta.json
cell_beta_0p19_p_0p00,beta,17,1715234,0.19,0.0,02_dnn/01_dataset_gen/raw_outputs/18_beta_cell_90_dataset/raw_datasets/cell_beta_0p19_p_0p00/dataset_017_seed_1715234/dataset.npz,02_dnn/01_dataset_gen/raw_outputs/18_beta_cell_90_dataset/raw_datasets/cell_beta_0p19_p_0p00/dataset_017_seed_1715234/dataset_meta.json
cell_beta_0p19_p_0p00,beta,18,1815234,0.19,0.0,02_dnn/01_dataset_gen/raw_outputs/18_beta_cell_90_dataset/raw_datasets/cell_beta_0p19_p_0p00/dataset_018_seed_1815234/dataset.npz,02_dnn/01_dataset_gen/raw_outputs/18_beta_cell_90_dataset/raw_datasets/cell_beta_0p19_p_0p00/dataset_018_seed_1815234/dataset_meta.json
cell_beta_0p19_p_0p00,beta,19,1915234,0.19,0.0,02_dnn/01_dataset_gen/raw_outputs/18_beta_cell_90_dataset/raw_datasets/cell_beta_0p19_p_0p00/dataset_019_seed_1915234/dataset.npz,02_dnn/01_dataset_gen/raw_outputs/18_beta_cell_90_dataset/raw_datasets/cell_beta_0p19_p_0p00/dataset_019_seed_1915234/dataset_meta.json
cell_beta_0p19_p_0p00,beta,20,2015234,0.19,0.0,02_dnn/01_dataset_gen/raw_outputs/18_beta_cell_90_dataset/raw_datasets/cell_beta_0p19_p_0p00/dataset_020_seed_2015234/dataset.npz,02_dnn/01_dataset_gen/raw_outputs/18_beta_cell_90_dataset/raw_datasets/cell_beta_0p19_p_0p00/dataset_020_seed_2015234/dataset_meta.json
cell_beta_0p19_p_0p00,beta,21,2115234,0.19,0.0,02_dnn/01_dataset_gen/raw_outputs/18_beta_cell_90_dataset/raw_datasets/cell_beta_0p19_p_0p00/dataset_021_seed_2115234/dataset.npz,02_dnn/01_dataset_gen/raw_outputs/18_beta_cell_90_dataset/raw_datasets/cell_beta_0p19_p_0p00/dataset_021_seed_2115234/dataset_meta.json
cell_beta_0p19_p_0p00,beta,22,2215234,0.19,0.0,02_dnn/01_dataset_gen/raw_outputs/18_beta_cell_90_dataset/raw_datasets/cell_beta_0p19_p_0p00/dataset_022_seed_2215234/dataset.npz,02_dnn/01_dataset_gen/raw_outputs/18_beta_cell_90_dataset/raw_datasets/cell_beta_0p19_p_0p00/dataset_022_seed_2215234/dataset_meta.json
cell_beta_0p19_p_0p00,beta,23,2315234,0.19,0.0,02_dnn/01_dataset_gen/raw_outputs/18_beta_cell_90_dataset/raw_datasets/cell_beta_0p19_p_0p00/dataset_023_seed_2315234/dataset.npz,02_dnn/01_dataset_gen/raw_outputs/18_beta_cell_90_dataset/raw_datasets/cell_beta_0p19_p_0p00/dataset_023_seed_2315234/dataset_meta.json
cell_beta_0p19_p_0p00,beta,24,2415234,0.19,0.0,02_dnn/01_dataset_gen/raw_outputs/18_beta_cell_90_dataset/raw_datasets/cell_beta_0p19_p_0p00/dataset_024_seed_2415234/dataset.npz,02_dnn/01_dataset_gen/raw_outputs/18_beta_cell_90_dataset/raw_datasets/cell_beta_0p19_p_0p00/dataset_024_seed_2415234/dataset_meta.json
cell_beta_0p19_p_0p00,beta,25,2515234,0.19,0.0,02_dnn/01_dataset_gen/raw_outputs/18_beta_cell_90_dataset/raw_datasets/cell_beta_0p19_p_0p00/dataset_025_seed_2515234/dataset.npz,02_dnn/01_dataset_gen/raw_outputs/18_beta_cell_90_dataset/raw_datasets/cell_beta_0p19_p_0p00/dataset_025_seed_2515234/dataset_meta.json
cell_beta_0p19_p_0p00,beta,26,2615234,0.19,0.0,02_dnn/01_dataset_gen/raw_outputs/18_beta_cell_90_dataset/raw_datasets/cell_beta_0p19_p_0p00/dataset_026_seed_2615234/dataset.npz,02_dnn/01_dataset_gen/raw_outputs/18_beta_cell_90_dataset/raw_datasets/cell_beta_0p19_p_0p00/dataset_026_seed_2615234/dataset_meta.json
cell_beta_0p19_p_0p00,beta,27,2715234,0.19,0.0,02_dnn/01_dataset_gen/raw_outputs/18_beta_cell_90_dataset/raw_datasets/cell_beta_0p19_p_0p00/dataset_027_seed_2715234/dataset.npz,02_dnn/01_dataset_gen/raw_outputs/18_beta_cell_90_dataset/raw_datasets/cell_beta_0p19_p_0p00/dataset_027_seed_2715234/dataset_meta.json
cell_beta_0p19_p_0p00,beta,28,2815234,0.19,0.0,02_dnn/01_dataset_gen/raw_outputs/18_beta_cell_90_dataset/raw_datasets/cell_beta_0p19_p_0p00/dataset_028_seed_2815234/dataset.npz,02_dnn/01_dataset_gen/raw_outputs/18_beta_cell_90_dataset/raw_datasets/cell_beta_0p19_p_0p00/dataset_028_seed_2815234/dataset_meta.json
cell_beta_0p19_p_0p00,beta,29,2915234,0.19,0.0,02_dnn/01_dataset_gen/raw_outputs/18_beta_cell_90_dataset/raw_datasets/cell_beta_0p19_p_0p00/dataset_029_seed_2915234/dataset.npz,02_dnn/01_dataset_gen/raw_outputs/18_beta_cell_90_dataset/raw_datasets/cell_beta_0p19_p_0p00/dataset_029_seed_2915234/dataset_meta.json
cell_beta_0p19_p_0p00,beta,30,3015234,0.19,0.0,02_dnn/01_dataset_gen/raw_outputs/18_beta_cell_90_dataset/raw_datasets/cell_beta_0p19_p_0p00/dataset_030_seed_3015234/dataset.npz,02_dnn/01_dataset_gen/raw_outputs/18_beta_cell_90_dataset/raw_datasets/cell_beta_0p19_p_0p00/dataset_030_seed_3015234/dataset_meta.json
cell_beta_0p19_p_0p00,beta,31,3115234,0.19,0.0,02_dnn/01_dataset_gen/raw_outputs/18_beta_cell_90_dataset/raw_datasets/cell_beta_0p19_p_0p00/dataset_031_seed_3115234/dataset.npz,02_dnn/01_dataset_gen/raw_outputs/18_beta_cell_90_dataset/raw_datasets/cell_beta_0p19_p_0p00/dataset_031_seed_3115234/dataset_meta.json
cell_beta_0p19_p_0p00,beta,32,3215234,0.19,0.0,02_dnn/01_dataset_gen/raw_outputs/18_beta_cell_90_dataset/raw_datasets/cell_beta_0p19_p_0p00/dataset_032_seed_3215234/dataset.npz,02_dnn/01_dataset_gen/raw_outputs/18_beta_cell_90_dataset/raw_datasets/cell_beta_0p19_p_0p00/dataset_032_seed_3215234/dataset_meta.json
cell_beta_0p19_p_0p00,beta,33,3315234,0.19,0.0,02_dnn/01_dataset_gen/raw_outputs/18_beta_cell_90_dataset/raw_datasets/cell_beta_0p19_p_0p00/dataset_033_seed_3315234/dataset.npz,02_dnn/01_dataset_gen/raw_outputs/18_beta_cell_90_dataset/raw_datasets/cell_beta_0p19_p_0p00/dataset_033_seed_3315234/dataset_meta.json
cell_beta_0p19_p_0p00,beta,34,3415234,0.19,0.0,02_dnn/01_dataset_gen/raw_outputs/18_beta_cell_90_dataset/raw_datasets/cell_beta_0p19_p_0p00/dataset_034_seed_3415234/dataset.npz,02_dnn/01_dataset_gen/raw_outputs/18_beta_cell_90_dataset/raw_datasets/cell_beta_0p19_p_0p00/dataset_034_seed_3415234/dataset_meta.json
cell_beta_0p19_p_0p00,beta,35,3515234,0.19,0.0,02_dnn/01_dataset_gen/raw_outputs/18_beta_cell_90_dataset/raw_datasets/cell_beta_0p19_p_0p00/dataset_035_seed_3515234/dataset.npz,02_dnn/01_dataset_gen/raw_outputs/18_beta_cell_90_dataset/raw_datasets/cell_beta_0p19_p_0p00/dataset_035_seed_3515234/dataset_meta.json
cell_beta_0p19_p_0p00,beta,36,3615234,0.19,0.0,02_dnn/01_dataset_gen/raw_outputs/18_beta_cell_90_dataset/raw_datasets/cell_beta_0p19_p_0p00/dataset_036_seed_3615234/dataset.npz,02_dnn/01_dataset_gen/raw_outputs/18_beta_cell_90_dataset/raw_datasets/cell_beta_0p19_p_0p00/dataset_036_seed_3615234/dataset_meta.json
cell_beta_0p19_p_0p00,beta,37,3715234,0.19,0.0,02_dnn/01_dataset_gen/raw_outputs/18_beta_cell_90_dataset/raw_datasets/cell_beta_0p19_p_0p00/dataset_037_seed_3715234/dataset.npz,02_dnn/01_dataset_gen/raw_outputs/18_beta_cell_90_dataset/raw_datasets/cell_beta_0p19_p_0p00/dataset_037_seed_3715234/dataset_meta.json
cell_beta_0p19_p_0p00,beta,38,3815234,0.19,0.0,02_dnn/01_dataset_gen/raw_outputs/18_beta_cell_90_dataset/raw_datasets/cell_beta_0p19_p_0p00/dataset_038_seed_3815234/dataset.npz,02_dnn/01_dataset_gen/raw_outputs/18_beta_cell_90_dataset/raw_datasets/cell_beta_0p19_p_0p00/dataset_038_seed_3815234/dataset_meta.json
cell_beta_0p19_p_0p00,beta,39,3915234,0.19,0.0,02_dnn/01_dataset_gen/raw_outputs/18_beta_cell_90_dataset/raw_datasets/cell_beta_0p19_p_0p00/dataset_039_seed_3915234/dataset.npz,02_dnn/01_dataset_gen/raw_outputs/18_beta_cell_90_dataset/raw_datasets/cell_beta_0p19_p_0p00/dataset_039_seed_3915234/dataset_meta.json
cell_beta_0p19_p_0p00,beta,40,4015234,0.19,0.0,02_dnn/01_dataset_gen/raw_outputs/18_beta_cell_90_dataset/raw_datasets/cell_beta_0p19_p_0p00/dataset_040_seed_4015234/dataset.npz,02_dnn/01_dataset_gen/raw_outputs/18_beta_cell_90_dataset/raw_datasets/cell_beta_0p19_p_0p00/dataset_040_seed_4015234/dataset_meta.json
cell_beta_0p19_p_0p00,beta,41,4115234,0.19,0.0,02_dnn/01_dataset_gen/raw_outputs/18_beta_cell_90_dataset/raw_datasets/cell_beta_0p19_p_0p00/dataset_041_seed_4115234/dataset.npz,02_dnn/01_dataset_gen/raw_outputs/18_beta_cell_90_dataset/raw_datasets/cell_beta_0p19_p_0p00/dataset_041_seed_4115234/dataset_meta.json
cell_beta_0p19_p_0p00,beta,42,4215234,0.19,0.0,02_dnn/01_dataset_gen/raw_outputs/18_beta_cell_90_dataset/raw_datasets/cell_beta_0p19_p_0p00/dataset_042_seed_4215234/dataset.npz,02_dnn/01_dataset_gen/raw_outputs/18_beta_cell_90_dataset/raw_datasets/cell_beta_0p19_p_0p00/dataset_042_seed_4215234/dataset_meta.json
cell_beta_0p19_p_0p00,beta,43,4315234,0.19,0.0,02_dnn/01_dataset_gen/raw_outputs/18_beta_cell_90_dataset/raw_datasets/cell_beta_0p19_p_0p00/dataset_043_seed_4315234/dataset.npz,02_dnn/01_dataset_gen/raw_outputs/18_beta_cell_90_dataset/raw_datasets/cell_beta_0p19_p_0p00/dataset_043_seed_4315234/dataset_meta.json
cell_beta_0p19_p_0p00,beta,44,4415234,0.19,0.0,02_dnn/01_dataset_gen/raw_outputs/18_beta_cell_90_dataset/raw_datasets/cell_beta_0p19_p_0p00/dataset_044_seed_4415234/dataset.npz,02_dnn/01_dataset_gen/raw_outputs/18_beta_cell_90_dataset/raw_datasets/cell_beta_0p19_p_0p00/dataset_044_seed_4415234/dataset_meta.json
cell_beta_0p19_p_0p00,beta,45,4515234,0.19,0.0,02_dnn/01_dataset_gen/raw_outputs/18_beta_cell_90_dataset/raw_datasets/cell_beta_0p19_p_0p00/dataset_045_seed_4515234/dataset.npz,02_dnn/01_dataset_gen/raw_outputs/18_beta_cell_90_dataset/raw_datasets/cell_beta_0p19_p_0p00/dataset_045_seed_4515234/dataset_meta.json
cell_beta_0p19_p_0p00,beta,46,4615234,0.19,0.0,02_dnn/01_dataset_gen/raw_outputs/18_beta_cell_90_dataset/raw_datasets/cell_beta_0p19_p_0p00/dataset_046_seed_4615234/dataset.npz,02_dnn/01_dataset_gen/raw_outputs/18_beta_cell_90_dataset/raw_datasets/cell_beta_0p19_p_0p00/dataset_046_seed_4615234/dataset_meta.json
cell_beta_0p19_p_0p00,beta,47,4715234,0.19,0.0,02_dnn/01_dataset_gen/raw_outputs/18_beta_cell_90_dataset/raw_datasets/cell_beta_0p19_p_0p00/dataset_047_seed_4715234/dataset.npz,02_dnn/01_dataset_gen/raw_outputs/18_beta_cell_90_dataset/raw_datasets/cell_beta_0p19_p_0p00/dataset_047_seed_4715234/dataset_meta.json
cell_beta_0p19_p_0p00,beta,48,4815234,0.19,0.0,02_dnn/01_dataset_gen/raw_outputs/18_beta_cell_90_dataset/raw_datasets/cell_beta_0p19_p_0p00/dataset_048_seed_4815234/dataset.npz,02_dnn/01_dataset_gen/raw_outputs/18_beta_cell_90_dataset/raw_datasets/cell_beta_0p19_p_0p00/dataset_048_seed_4815234/dataset_meta.json
cell_beta_0p19_p_0p00,beta,49,4915234,0.19,0.0,02_dnn/01_dataset_gen/raw_outputs/18_beta_cell_90_dataset/raw_datasets/cell_beta_0p19_p_0p00/dataset_049_seed_4915234/dataset.npz,02_dnn/01_dataset_gen/raw_outputs/18_beta_cell_90_dataset/raw_datasets/cell_beta_0p19_p_0p00/dataset_049_seed_4915234/dataset_meta.json
cell_beta_0p19_p_0p00,beta,50,5015234,0.19,0.0,02_dnn/01_dataset_gen/raw_outputs/18_beta_cell_90_dataset/raw_datasets/cell_beta_0p19_p_0p00/dataset_050_seed_5015234/dataset.npz,02_dnn/01_dataset_gen/raw_outputs/18_beta_cell_90_dataset/raw_datasets/cell_beta_0p19_p_0p00/dataset_050_seed_5015234/dataset_meta.json
cell_beta_0p19_p_0p00,beta,51,5115234,0.19,0.0,02_dnn/01_dataset_gen/raw_outputs/18_beta_cell_90_dataset/raw_datasets/cell_beta_0p19_p_0p00/dataset_051_seed_5115234/dataset.npz,02_dnn/01_dataset_gen/raw_outputs/18_beta_cell_90_dataset/raw_datasets/cell_beta_0p19_p_0p00/dataset_051_seed_5115234/dataset_meta.json
cell_beta_0p19_p_0p00,beta,52,5215234,0.19,0.0,02_dnn/01_dataset_gen/raw_outputs/18_beta_cell_90_dataset/raw_datasets/cell_beta_0p19_p_0p00/dataset_052_seed_5215234/dataset.npz,02_dnn/01_dataset_gen/raw_outputs/18_beta_cell_90_dataset/raw_datasets/cell_beta_0p19_p_0p00/dataset_052_seed_5215234/dataset_meta.json
cell_beta_0p19_p_0p00,beta,53,5315234,0.19,0.0,02_dnn/01_dataset_gen/raw_outputs/18_beta_cell_90_dataset/raw_datasets/cell_beta_0p19_p_0p00/dataset_053_seed_5315234/dataset.npz,02_dnn/01_dataset_gen/raw_outputs/18_beta_cell_90_dataset/raw_datasets/cell_beta_0p19_p_0p00/dataset_053_seed_5315234/dataset_meta.json
cell_beta_0p19_p_0p00,beta,54,5415234,0.19,0.0,02_dnn/01_dataset_gen/raw_outputs/18_beta_cell_90_dataset/raw_datasets/cell_beta_0p19_p_0p00/dataset_054_seed_5415234/dataset.npz,02_dnn/01_dataset_gen/raw_outputs/18_beta_cell_90_dataset/raw_datasets/cell_beta_0p19_p_0p00/dataset_054_seed_5415234/dataset_meta.json
cell_beta_0p19_p_0p00,beta,55,5515234,0.19,0.0,02_dnn/01_dataset_gen/raw_outputs/18_beta_cell_90_dataset/raw_datasets/cell_beta_0p19_p_0p00/dataset_055_seed_5515234/dataset.npz,02_dnn/01_dataset_gen/raw_outputs/18_beta_cell_90_dataset/raw_datasets/cell_beta_0p19_p_0p00/dataset_055_seed_5515234/dataset_meta.json
cell_beta_0p19_p_0p00,beta,56,5615234,0.19,0.0,02_dnn/01_dataset_gen/raw_outputs/18_beta_cell_90_dataset/raw_datasets/cell_beta_0p19_p_0p00/dataset_056_seed_5615234/dataset.npz,02_dnn/01_dataset_gen/raw_outputs/18_beta_cell_90_dataset/raw_datasets/cell_beta_0p19_p_0p00/dataset_056_seed_5615234/dataset_meta.json
cell_beta_0p19_p_0p00,beta,57,5715234,0.19,0.0,02_dnn/01_dataset_gen/raw_outputs/18_beta_cell_90_dataset/raw_datasets/cell_beta_0p19_p_0p00/dataset_057_seed_5715234/dataset.npz,02_dnn/01_dataset_gen/raw_outputs/18_beta_cell_90_dataset/raw_datasets/cell_beta_0p19_p_0p00/dataset_057_seed_5715234/dataset_meta.json
cell_beta_0p19_p_0p00,beta,58,5815234,0.19,0.0,02_dnn/01_dataset_gen/raw_outputs/18_beta_cell_90_dataset/raw_datasets/cell_beta_0p19_p_0p00/dataset_058_seed_5815234/dataset.npz,02_dnn/01_dataset_gen/raw_outputs/18_beta_cell_90_dataset/raw_datasets/cell_beta_0p19_p_0p00/dataset_058_seed_5815234/dataset_meta.json
cell_beta_0p19_p_0p00,beta,59,5915234,0.19,0.0,02_dnn/01_dataset_gen/raw_outputs/18_beta_cell_90_dataset/raw_datasets/cell_beta_0p19_p_0p00/dataset_059_seed_5915234/dataset.npz,02_dnn/01_dataset_gen/raw_outputs/18_beta_cell_90_dataset/raw_datasets/cell_beta_0p19_p_0p00/dataset_059_seed_5915234/dataset_meta.json
cell_beta_0p19_p_0p00,beta,60,6015234,0.19,0.0,02_dnn/01_dataset_gen/raw_outputs/18_beta_cell_90_dataset/raw_datasets/cell_beta_0p19_p_0p00/dataset_060_seed_6015234/dataset.npz,02_dnn/01_dataset_gen/raw_outputs/18_beta_cell_90_dataset/raw_datasets/cell_beta_0p19_p_0p00/dataset_060_seed_6015234/dataset_meta.json
cell_beta_0p19_p_0p00,beta,61,6115234,0.19,0.0,02_dnn/01_dataset_gen/raw_outputs/18_beta_cell_90_dataset/raw_datasets/cell_beta_0p19_p_0p00/dataset_061_seed_6115234/dataset.npz,02_dnn/01_dataset_gen/raw_outputs/18_beta_cell_90_dataset/raw_datasets/cell_beta_0p19_p_0p00/dataset_061_seed_6115234/dataset_meta.json
cell_beta_0p19_p_0p00,beta,62,6215234,0.19,0.0,02_dnn/01_dataset_gen/raw_outputs/18_beta_cell_90_dataset/raw_datasets/cell_beta_0p19_p_0p00/dataset_062_seed_6215234/dataset.npz,02_dnn/01_dataset_gen/raw_outputs/18_beta_cell_90_dataset/raw_datasets/cell_beta_0p19_p_0p00/dataset_062_seed_6215234/dataset_meta.json
cell_beta_0p19_p_0p00,beta,63,6315234,0.19,0.0,02_dnn/01_dataset_gen/raw_outputs/18_beta_cell_90_dataset/raw_datasets/cell_beta_0p19_p_0p00/dataset_063_seed_6315234/dataset.npz,02_dnn/01_dataset_gen/raw_outputs/18_beta_cell_90_dataset/raw_datasets/cell_beta_0p19_p_0p00/dataset_063_seed_6315234/dataset_meta.json
cell_beta_0p19_p_0p00,beta,64,6415234,0.19,0.0,02_dnn/01_dataset_gen/raw_outputs/18_beta_cell_90_dataset/raw_datasets/cell_beta_0p19_p_0p00/dataset_064_seed_6415234/dataset.npz,02_dnn/01_dataset_gen/raw_outputs/18_beta_cell_90_dataset/raw_datasets/cell_beta_0p19_p_0p00/dataset_064_seed_6415234/dataset_meta.json
cell_beta_0p19_p_0p00,beta,65,6515234,0.19,0.0,02_dnn/01_dataset_gen/raw_outputs/18_beta_cell_90_dataset/raw_datasets/cell_beta_0p19_p_0p00/dataset_065_seed_6515234/dataset.npz,02_dnn/01_dataset_gen/raw_outputs/18_beta_cell_90_dataset/raw_datasets/cell_beta_0p19_p_0p00/dataset_065_seed_6515234/dataset_meta.json
cell_beta_0p19_p_0p00,beta,66,6615234,0.19,0.0,02_dnn/01_dataset_gen/raw_outputs/18_beta_cell_90_dataset/raw_datasets/cell_beta_0p19_p_0p00/dataset_066_seed_6615234/dataset.npz,02_dnn/01_dataset_gen/raw_outputs/18_beta_cell_90_dataset/raw_datasets/cell_beta_0p19_p_0p00/dataset_066_seed_6615234/dataset_meta.json
cell_beta_0p19_p_0p00,beta,67,6715234,0.19,0.0,02_dnn/01_dataset_gen/raw_outputs/18_beta_cell_90_dataset/raw_datasets/cell_beta_0p19_p_0p00/dataset_067_seed_6715234/dataset.npz,02_dnn/01_dataset_gen/raw_outputs/18_beta_cell_90_dataset/raw_datasets/cell_beta_0p19_p_0p00/dataset_067_seed_6715234/dataset_meta.json
cell_beta_0p19_p_0p00,beta,68,6815234,0.19,0.0,02_dnn/01_dataset_gen/raw_outputs/18_beta_cell_90_dataset/raw_datasets/cell_beta_0p19_p_0p00/dataset_068_seed_6815234/dataset.npz,02_dnn/01_dataset_gen/raw_outputs/18_beta_cell_90_dataset/raw_datasets/cell_beta_0p19_p_0p00/dataset_068_seed_6815234/dataset_meta.json
cell_beta_0p19_p_0p00,beta,69,6915234,0.19,0.0,02_dnn/01_dataset_gen/raw_outputs/18_beta_cell_90_dataset/raw_datasets/cell_beta_0p19_p_0p00/dataset_069_seed_6915234/dataset.npz,02_dnn/01_dataset_gen/raw_outputs/18_beta_cell_90_dataset/raw_datasets/cell_beta_0p19_p_0p00/dataset_069_seed_6915234/dataset_meta.json
cell_beta_0p19_p_0p00,beta,70,7015234,0.19,0.0,02_dnn/01_dataset_gen/raw_outputs/18_beta_cell_90_dataset/raw_datasets/cell_beta_0p19_p_0p00/dataset_070_seed_7015234/dataset.npz,02_dnn/01_dataset_gen/raw_outputs/18_beta_cell_90_dataset/raw_datasets/cell_beta_0p19_p_0p00/dataset_070_seed_7015234/dataset_meta.json
cell_beta_0p19_p_0p00,beta,71,7115234,0.19,0.0,02_dnn/01_dataset_gen/raw_outputs/18_beta_cell_90_dataset/raw_datasets/cell_beta_0p19_p_0p00/dataset_071_seed_7115234/dataset.npz,02_dnn/01_dataset_gen/raw_outputs/18_beta_cell_90_dataset/raw_datasets/cell_beta_0p19_p_0p00/dataset_071_seed_7115234/dataset_meta.json
cell_beta_0p19_p_0p00,beta,72,7215234,0.19,0.0,02_dnn/01_dataset_gen/raw_outputs/18_beta_cell_90_dataset/raw_datasets/cell_beta_0p19_p_0p00/dataset_072_seed_7215234/dataset.npz,02_dnn/01_dataset_gen/raw_outputs/18_beta_cell_90_dataset/raw_datasets/cell_beta_0p19_p_0p00/dataset_072_seed_7215234/dataset_meta.json
cell_beta_0p19_p_0p00,beta,73,7315234,0.19,0.0,02_dnn/01_dataset_gen/raw_outputs/18_beta_cell_90_dataset/raw_datasets/cell_beta_0p19_p_0p00/dataset_073_seed_7315234/dataset.npz,02_dnn/01_dataset_gen/raw_outputs/18_beta_cell_90_dataset/raw_datasets/cell_beta_0p19_p_0p00/dataset_073_seed_7315234/dataset_meta.json
cell_beta_0p19_p_0p00,beta,74,7415234,0.19,0.0,02_dnn/01_dataset_gen/raw_outputs/18_beta_cell_90_dataset/raw_datasets/cell_beta_0p19_p_0p00/dataset_074_seed_7415234/dataset.npz,02_dnn/01_dataset_gen/raw_outputs/18_beta_cell_90_dataset/raw_datasets/cell_beta_0p19_p_0p00/dataset_074_seed_7415234/dataset_meta.json
cell_beta_0p19_p_0p00,beta,75,7515234,0.19,0.0,02_dnn/01_dataset_gen/raw_outputs/18_beta_cell_90_dataset/raw_datasets/cell_beta_0p19_p_0p00/dataset_075_seed_7515234/dataset.npz,02_dnn/01_dataset_gen/raw_outputs/18_beta_cell_90_dataset/raw_datasets/cell_beta_0p19_p_0p00/dataset_075_seed_7515234/dataset_meta.json
cell_beta_0p19_p_0p00,beta,76,7615234,0.19,0.0,02_dnn/01_dataset_gen/raw_outputs/18_beta_cell_90_dataset/raw_datasets/cell_beta_0p19_p_0p00/dataset_076_seed_7615234/dataset.npz,02_dnn/01_dataset_gen/raw_outputs/18_beta_cell_90_dataset/raw_datasets/cell_beta_0p19_p_0p00/dataset_076_seed_7615234/dataset_meta.json
cell_beta_0p19_p_0p00,beta,77,7715234,0.19,0.0,02_dnn/01_dataset_gen/raw_outputs/18_beta_cell_90_dataset/raw_datasets/cell_beta_0p19_p_0p00/dataset_077_seed_7715234/dataset.npz,02_dnn/01_dataset_gen/raw_outputs/18_beta_cell_90_dataset/raw_datasets/cell_beta_0p19_p_0p00/dataset_077_seed_7715234/dataset_meta.json
cell_beta_0p19_p_0p00,beta,78,7815234,0.19,0.0,02_dnn/01_dataset_gen/raw_outputs/18_beta_cell_90_dataset/raw_datasets/cell_beta_0p19_p_0p00/dataset_078_seed_7815234/dataset.npz,02_dnn/01_dataset_gen/raw_outputs/18_beta_cell_90_dataset/raw_datasets/cell_beta_0p19_p_0p00/dataset_078_seed_7815234/dataset_meta.json
cell_beta_0p19_p_0p00,beta,79,7915234,0.19,0.0,02_dnn/01_dataset_gen/raw_outputs/18_beta_cell_90_dataset/raw_datasets/cell_beta_0p19_p_0p00/dataset_079_seed_7915234/dataset.npz,02_dnn/01_dataset_gen/raw_outputs/18_beta_cell_90_dataset/raw_datasets/cell_beta_0p19_p_0p00/dataset_079_seed_7915234/dataset_meta.json
cell_beta_0p19_p_0p00,beta,80,8015234,0.19,0.0,02_dnn/01_dataset_gen/raw_outputs/18_beta_cell_90_dataset/raw_datasets/cell_beta_0p19_p_0p00/dataset_080_seed_8015234/dataset.npz,02_dnn/01_dataset_gen/raw_outputs/18_beta_cell_90_dataset/raw_datasets/cell_beta_0p19_p_0p00/dataset_080_seed_8015234/dataset_meta.json
cell_beta_0p19_p_0p00,beta,81,8115234,0.19,0.0,02_dnn/01_dataset_gen/raw_outputs/18_beta_cell_90_dataset/raw_datasets/cell_beta_0p19_p_0p00/dataset_081_seed_8115234/dataset.npz,02_dnn/01_dataset_gen/raw_outputs/18_beta_cell_90_dataset/raw_datasets/cell_beta_0p19_p_0p00/dataset_081_seed_8115234/dataset_meta.json
cell_beta_0p19_p_0p00,beta,82,8215234,0.19,0.0,02_dnn/01_dataset_gen/raw_outputs/18_beta_cell_90_dataset/raw_datasets/cell_beta_0p19_p_0p00/dataset_082_seed_8215234/dataset.npz,02_dnn/01_dataset_gen/raw_outputs/18_beta_cell_90_dataset/raw_datasets/cell_beta_0p19_p_0p00/dataset_082_seed_8215234/dataset_meta.json
cell_beta_0p19_p_0p00,beta,83,8315234,0.19,0.0,02_dnn/01_dataset_gen/raw_outputs/18_beta_cell_90_dataset/raw_datasets/cell_beta_0p19_p_0p00/dataset_083_seed_8315234/dataset.npz,02_dnn/01_dataset_gen/raw_outputs/18_beta_cell_90_dataset/raw_datasets/cell_beta_0p19_p_0p00/dataset_083_seed_8315234/dataset_meta.json
cell_beta_0p19_p_0p00,beta,84,8415234,0.19,0.0,02_dnn/01_dataset_gen/raw_outputs/18_beta_cell_90_dataset/raw_datasets/cell_beta_0p19_p_0p00/dataset_084_seed_8415234/dataset.npz,02_dnn/01_dataset_gen/raw_outputs/18_beta_cell_90_dataset/raw_datasets/cell_beta_0p19_p_0p00/dataset_084_seed_8415234/dataset_meta.json
cell_beta_0p19_p_0p00,beta,85,8515234,0.19,0.0,02_dnn/01_dataset_gen/raw_outputs/18_beta_cell_90_dataset/raw_datasets/cell_beta_0p19_p_0p00/dataset_085_seed_8515234/dataset.npz,02_dnn/01_dataset_gen/raw_outputs/18_beta_cell_90_dataset/raw_datasets/cell_beta_0p19_p_0p00/dataset_085_seed_8515234/dataset_meta.json
cell_beta_0p19_p_0p00,beta,86,8615234,0.19,0.0,02_dnn/01_dataset_gen/raw_outputs/18_beta_cell_90_dataset/raw_datasets/cell_beta_0p19_p_0p00/dataset_086_seed_8615234/dataset.npz,02_dnn/01_dataset_gen/raw_outputs/18_beta_cell_90_dataset/raw_datasets/cell_beta_0p19_p_0p00/dataset_086_seed_8615234/dataset_meta.json
cell_beta_0p19_p_0p00,beta,87,8715234,0.19,0.0,02_dnn/01_dataset_gen/raw_outputs/18_beta_cell_90_dataset/raw_datasets/cell_beta_0p19_p_0p00/dataset_087_seed_8715234/dataset.npz,02_dnn/01_dataset_gen/raw_outputs/18_beta_cell_90_dataset/raw_datasets/cell_beta_0p19_p_0p00/dataset_087_seed_8715234/dataset_meta.json
cell_beta_0p19_p_0p00,beta,88,8815234,0.19,0.0,02_dnn/01_dataset_gen/raw_outputs/18_beta_cell_90_dataset/raw_datasets/cell_beta_0p19_p_0p00/dataset_088_seed_8815234/dataset.npz,02_dnn/01_dataset_gen/raw_outputs/18_beta_cell_90_dataset/raw_datasets/cell_beta_0p19_p_0p00/dataset_088_seed_8815234/dataset_meta.json
cell_beta_0p19_p_0p00,beta,89,8915234,0.19,0.0,02_dnn/01_dataset_gen/raw_outputs/18_beta_cell_90_dataset/raw_datasets/cell_beta_0p19_p_0p00/dataset_089_seed_8915234/dataset.npz,02_dnn/01_dataset_gen/raw_outputs/18_beta_cell_90_dataset/raw_datasets/cell_beta_0p19_p_0p00/dataset_089_seed_8915234/dataset_meta.json
cell_beta_0p21_p_0p00,beta,0,17234,0.21,0.0,02_dnn/01_dataset_gen/raw_outputs/18_beta_cell_90_dataset/raw_datasets/cell_beta_0p21_p_0p00/dataset_000_seed_017234/dataset.npz,02_dnn/01_dataset_gen/raw_outputs/18_beta_cell_90_dataset/raw_datasets/cell_beta_0p21_p_0p00/dataset_000_seed_017234/dataset_meta.json
cell_beta_0p21_p_0p00,beta,1,117234,0.21,0.0,02_dnn/01_dataset_gen/raw_outputs/18_beta_cell_90_dataset/raw_datasets/cell_beta_0p21_p_0p00/dataset_001_seed_117234/dataset.npz,02_dnn/01_dataset_gen/raw_outputs/18_beta_cell_90_dataset/raw_datasets/cell_beta_0p21_p_0p00/dataset_001_seed_117234/dataset_meta.json
cell_beta_0p21_p_0p00,beta,2,217234,0.21,0.0,02_dnn/01_dataset_gen/raw_outputs/18_beta_cell_90_dataset/raw_datasets/cell_beta_0p21_p_0p00/dataset_002_seed_217234/dataset.npz,02_dnn/01_dataset_gen/raw_outputs/18_beta_cell_90_dataset/raw_datasets/cell_beta_0p21_p_0p00/dataset_002_seed_217234/dataset_meta.json
cell_beta_0p21_p_0p00,beta,3,317234,0.21,0.0,02_dnn/01_dataset_gen/raw_outputs/18_beta_cell_90_dataset/raw_datasets/cell_beta_0p21_p_0p00/dataset_003_seed_317234/dataset.npz,02_dnn/01_dataset_gen/raw_outputs/18_beta_cell_90_dataset/raw_datasets/cell_beta_0p21_p_0p00/dataset_003_seed_317234/dataset_meta.json
cell_beta_0p21_p_0p00,beta,4,417234,0.21,0.0,02_dnn/01_dataset_gen/raw_outputs/18_beta_cell_90_dataset/raw_datasets/cell_beta_0p21_p_0p00/dataset_004_seed_417234/dataset.npz,02_dnn/01_dataset_gen/raw_outputs/18_beta_cell_90_dataset/raw_datasets/cell_beta_0p21_p_0p00/dataset_004_seed_417234/dataset_meta.json
cell_beta_0p21_p_0p00,beta,5,517234,0.21,0.0,02_dnn/01_dataset_gen/raw_outputs/18_beta_cell_90_dataset/raw_datasets/cell_beta_0p21_p_0p00/dataset_005_seed_517234/dataset.npz,02_dnn/01_dataset_gen/raw_outputs/18_beta_cell_90_dataset/raw_datasets/cell_beta_0p21_p_0p00/dataset_005_seed_517234/dataset_meta.json
cell_beta_0p21_p_0p00,beta,6,617234,0.21,0.0,02_dnn/01_dataset_gen/raw_outputs/18_beta_cell_90_dataset/raw_datasets/cell_beta_0p21_p_0p00/dataset_006_seed_617234/dataset.npz,02_dnn/01_dataset_gen/raw_outputs/18_beta_cell_90_dataset/raw_datasets/cell_beta_0p21_p_0p00/dataset_006_seed_617234/dataset_meta.json
cell_beta_0p21_p_0p00,beta,7,717234,0.21,0.0,02_dnn/01_dataset_gen/raw_outputs/18_beta_cell_90_dataset/raw_datasets/cell_beta_0p21_p_0p00/dataset_007_seed_717234/dataset.npz,02_dnn/01_dataset_gen/raw_outputs/18_beta_cell_90_dataset/raw_datasets/cell_beta_0p21_p_0p00/dataset_007_seed_717234/dataset_meta.json
cell_beta_0p21_p_0p00,beta,8,817234,0.21,0.0,02_dnn/01_dataset_gen/raw_outputs/18_beta_cell_90_dataset/raw_datasets/cell_beta_0p21_p_0p00/dataset_008_seed_817234/dataset.npz,02_dnn/01_dataset_gen/raw_outputs/18_beta_cell_90_dataset/raw_datasets/cell_beta_0p21_p_0p00/dataset_008_seed_817234/dataset_meta.json
cell_beta_0p21_p_0p00,beta,9,917234,0.21,0.0,02_dnn/01_dataset_gen/raw_outputs/18_beta_cell_90_dataset/raw_datasets/cell_beta_0p21_p_0p00/dataset_009_seed_917234/dataset.npz,02_dnn/01_dataset_gen/raw_outputs/18_beta_cell_90_dataset/raw_datasets/cell_beta_0p21_p_0p00/dataset_009_seed_917234/dataset_meta.json
cell_beta_0p21_p_0p00,beta,10,1017234,0.21,0.0,02_dnn/01_dataset_gen/raw_outputs/18_beta_cell_90_dataset/raw_datasets/cell_beta_0p21_p_0p00/dataset_010_seed_1017234/dataset.npz,02_dnn/01_dataset_gen/raw_outputs/18_beta_cell_90_dataset/raw_datasets/cell_beta_0p21_p_0p00/dataset_010_seed_1017234/dataset_meta.json
cell_beta_0p21_p_0p00,beta,11,1117234,0.21,0.0,02_dnn/01_dataset_gen/raw_outputs/18_beta_cell_90_dataset/raw_datasets/cell_beta_0p21_p_0p00/dataset_011_seed_1117234/dataset.npz,02_dnn/01_dataset_gen/raw_outputs/18_beta_cell_90_dataset/raw_datasets/cell_beta_0p21_p_0p00/dataset_011_seed_1117234/dataset_meta.json
cell_beta_0p21_p_0p00,beta,12,1217234,0.21,0.0,02_dnn/01_dataset_gen/raw_outputs/18_beta_cell_90_dataset/raw_datasets/cell_beta_0p21_p_0p00/dataset_012_seed_1217234/dataset.npz,02_dnn/01_dataset_gen/raw_outputs/18_beta_cell_90_dataset/raw_datasets/cell_beta_0p21_p_0p00/dataset_012_seed_1217234/dataset_meta.json
cell_beta_0p21_p_0p00,beta,13,1317234,0.21,0.0,02_dnn/01_dataset_gen/raw_outputs/18_beta_cell_90_dataset/raw_datasets/cell_beta_0p21_p_0p00/dataset_013_seed_1317234/dataset.npz,02_dnn/01_dataset_gen/raw_outputs/18_beta_cell_90_dataset/raw_datasets/cell_beta_0p21_p_0p00/dataset_013_seed_1317234/dataset_meta.json
cell_beta_0p21_p_0p00,beta,14,1417234,0.21,0.0,02_dnn/01_dataset_gen/raw_outputs/18_beta_cell_90_dataset/raw_datasets/cell_beta_0p21_p_0p00/dataset_014_seed_1417234/dataset.npz,02_dnn/01_dataset_gen/raw_outputs/18_beta_cell_90_dataset/raw_datasets/cell_beta_0p21_p_0p00/dataset_014_seed_1417234/dataset_meta.json
cell_beta_0p21_p_0p00,beta,15,1517234,0.21,0.0,02_dnn/01_dataset_gen/raw_outputs/18_beta_cell_90_dataset/raw_datasets/cell_beta_0p21_p_0p00/dataset_015_seed_1517234/dataset.npz,02_dnn/01_dataset_gen/raw_outputs/18_beta_cell_90_dataset/raw_datasets/cell_beta_0p21_p_0p00/dataset_015_seed_1517234/dataset_meta.json
cell_beta_0p21_p_0p00,beta,16,1617234,0.21,0.0,02_dnn/01_dataset_gen/raw_outputs/18_beta_cell_90_dataset/raw_datasets/cell_beta_0p21_p_0p00/dataset_016_seed_1617234/dataset.npz,02_dnn/01_dataset_gen/raw_outputs/18_beta_cell_90_dataset/raw_datasets/cell_beta_0p21_p_0p00/dataset_016_seed_1617234/dataset_meta.json
cell_beta_0p21_p_0p00,beta,17,1717234,0.21,0.0,02_dnn/01_dataset_gen/raw_outputs/18_beta_cell_90_dataset/raw_datasets/cell_beta_0p21_p_0p00/dataset_017_seed_1717234/dataset.npz,02_dnn/01_dataset_gen/raw_outputs/18_beta_cell_90_dataset/raw_datasets/cell_beta_0p21_p_0p00/dataset_017_seed_1717234/dataset_meta.json
cell_beta_0p21_p_0p00,beta,18,1817234,0.21,0.0,02_dnn/01_dataset_gen/raw_outputs/18_beta_cell_90_dataset/raw_datasets/cell_beta_0p21_p_0p00/dataset_018_seed_1817234/dataset.npz,02_dnn/01_dataset_gen/raw_outputs/18_beta_cell_90_dataset/raw_datasets/cell_beta_0p21_p_0p00/dataset_018_seed_1817234/dataset_meta.json
cell_beta_0p21_p_0p00,beta,19,1917234,0.21,0.0,02_dnn/01_dataset_gen/raw_outputs/18_beta_cell_90_dataset/raw_datasets/cell_beta_0p21_p_0p00/dataset_019_seed_1917234/dataset.npz,02_dnn/01_dataset_gen/raw_outputs/18_beta_cell_90_dataset/raw_datasets/cell_beta_0p21_p_0p00/dataset_019_seed_1917234/dataset_meta.json
cell_beta_0p21_p_0p00,beta,20,2017234,0.21,0.0,02_dnn/01_dataset_gen/raw_outputs/18_beta_cell_90_dataset/raw_datasets/cell_beta_0p21_p_0p00/dataset_020_seed_2017234/dataset.npz,02_dnn/01_dataset_gen/raw_outputs/18_beta_cell_90_dataset/raw_datasets/cell_beta_0p21_p_0p00/dataset_020_seed_2017234/dataset_meta.json
cell_beta_0p21_p_0p00,beta,21,2117234,0.21,0.0,02_dnn/01_dataset_gen/raw_outputs/18_beta_cell_90_dataset/raw_datasets/cell_beta_0p21_p_0p00/dataset_021_seed_2117234/dataset.npz,02_dnn/01_dataset_gen/raw_outputs/18_beta_cell_90_dataset/raw_datasets/cell_beta_0p21_p_0p00/dataset_021_seed_2117234/dataset_meta.json
cell_beta_0p21_p_0p00,beta,22,2217234,0.21,0.0,02_dnn/01_dataset_gen/raw_outputs/18_beta_cell_90_dataset/raw_datasets/cell_beta_0p21_p_0p00/dataset_022_seed_2217234/dataset.npz,02_dnn/01_dataset_gen/raw_outputs/18_beta_cell_90_dataset/raw_datasets/cell_beta_0p21_p_0p00/dataset_022_seed_2217234/dataset_meta.json
cell_beta_0p21_p_0p00,beta,23,2317234,0.21,0.0,02_dnn/01_dataset_gen/raw_outputs/18_beta_cell_90_dataset/raw_datasets/cell_beta_0p21_p_0p00/dataset_023_seed_2317234/dataset.npz,02_dnn/01_dataset_gen/raw_outputs/18_beta_cell_90_dataset/raw_datasets/cell_beta_0p21_p_0p00/dataset_023_seed_2317234/dataset_meta.json
cell_beta_0p21_p_0p00,beta,24,2417234,0.21,0.0,02_dnn/01_dataset_gen/raw_outputs/18_beta_cell_90_dataset/raw_datasets/cell_beta_0p21_p_0p00/dataset_024_seed_2417234/dataset.npz,02_dnn/01_dataset_gen/raw_outputs/18_beta_cell_90_dataset/raw_datasets/cell_beta_0p21_p_0p00/dataset_024_seed_2417234/dataset_meta.json
cell_beta_0p21_p_0p00,beta,25,2517234,0.21,0.0,02_dnn/01_dataset_gen/raw_outputs/18_beta_cell_90_dataset/raw_datasets/cell_beta_0p21_p_0p00/dataset_025_seed_2517234/dataset.npz,02_dnn/01_dataset_gen/raw_outputs/18_beta_cell_90_dataset/raw_datasets/cell_beta_0p21_p_0p00/dataset_025_seed_2517234/dataset_meta.json
cell_beta_0p21_p_0p00,beta,26,2617234,0.21,0.0,02_dnn/01_dataset_gen/raw_outputs/18_beta_cell_90_dataset/raw_datasets/cell_beta_0p21_p_0p00/dataset_026_seed_2617234/dataset.npz,02_dnn/01_dataset_gen/raw_outputs/18_beta_cell_90_dataset/raw_datasets/cell_beta_0p21_p_0p00/dataset_026_seed_2617234/dataset_meta.json
cell_beta_0p21_p_0p00,beta,27,2717234,0.21,0.0,02_dnn/01_dataset_gen/raw_outputs/18_beta_cell_90_dataset/raw_datasets/cell_beta_0p21_p_0p00/dataset_027_seed_2717234/dataset.npz,02_dnn/01_dataset_gen/raw_outputs/18_beta_cell_90_dataset/raw_datasets/cell_beta_0p21_p_0p00/dataset_027_seed_2717234/dataset_meta.json
cell_beta_0p21_p_0p00,beta,28,2817234,0.21,0.0,02_dnn/01_dataset_gen/raw_outputs/18_beta_cell_90_dataset/raw_datasets/cell_beta_0p21_p_0p00/dataset_028_seed_2817234/dataset.npz,02_dnn/01_dataset_gen/raw_outputs/18_beta_cell_90_dataset/raw_datasets/cell_beta_0p21_p_0p00/dataset_028_seed_2817234/dataset_meta.json
cell_beta_0p21_p_0p00,beta,29,2917234,0.21,0.0,02_dnn/01_dataset_gen/raw_outputs/18_beta_cell_90_dataset/raw_datasets/cell_beta_0p21_p_0p00/dataset_029_seed_2917234/dataset.npz,02_dnn/01_dataset_gen/raw_outputs/18_beta_cell_90_dataset/raw_datasets/cell_beta_0p21_p_0p00/dataset_029_seed_2917234/dataset_meta.json
cell_beta_0p21_p_0p00,beta,30,3017234,0.21,0.0,02_dnn/01_dataset_gen/raw_outputs/18_beta_cell_90_dataset/raw_datasets/cell_beta_0p21_p_0p00/dataset_030_seed_3017234/dataset.npz,02_dnn/01_dataset_gen/raw_outputs/18_beta_cell_90_dataset/raw_datasets/cell_beta_0p21_p_0p00/dataset_030_seed_3017234/dataset_meta.json
cell_beta_0p21_p_0p00,beta,31,3117234,0.21,0.0,02_dnn/01_dataset_gen/raw_outputs/18_beta_cell_90_dataset/raw_datasets/cell_beta_0p21_p_0p00/dataset_031_seed_3117234/dataset.npz,02_dnn/01_dataset_gen/raw_outputs/18_beta_cell_90_dataset/raw_datasets/cell_beta_0p21_p_0p00/dataset_031_seed_3117234/dataset_meta.json
cell_beta_0p21_p_0p00,beta,32,3217234,0.21,0.0,02_dnn/01_dataset_gen/raw_outputs/18_beta_cell_90_dataset/raw_datasets/cell_beta_0p21_p_0p00/dataset_032_seed_3217234/dataset.npz,02_dnn/01_dataset_gen/raw_outputs/18_beta_cell_90_dataset/raw_datasets/cell_beta_0p21_p_0p00/dataset_032_seed_3217234/dataset_meta.json
cell_beta_0p21_p_0p00,beta,33,3317234,0.21,0.0,02_dnn/01_dataset_gen/raw_outputs/18_beta_cell_90_dataset/raw_datasets/cell_beta_0p21_p_0p00/dataset_033_seed_3317234/dataset.npz,02_dnn/01_dataset_gen/raw_outputs/18_beta_cell_90_dataset/raw_datasets/cell_beta_0p21_p_0p00/dataset_033_seed_3317234/dataset_meta.json
cell_beta_0p21_p_0p00,beta,34,3417234,0.21,0.0,02_dnn/01_dataset_gen/raw_outputs/18_beta_cell_90_dataset/raw_datasets/cell_beta_0p21_p_0p00/dataset_034_seed_3417234/dataset.npz,02_dnn/01_dataset_gen/raw_outputs/18_beta_cell_90_dataset/raw_datasets/cell_beta_0p21_p_0p00/dataset_034_seed_3417234/dataset_meta.json
cell_beta_0p21_p_0p00,beta,35,3517234,0.21,0.0,02_dnn/01_dataset_gen/raw_outputs/18_beta_cell_90_dataset/raw_datasets/cell_beta_0p21_p_0p00/dataset_035_seed_3517234/dataset.npz,02_dnn/01_dataset_gen/raw_outputs/18_beta_cell_90_dataset/raw_datasets/cell_beta_0p21_p_0p00/dataset_035_seed_3517234/dataset_meta.json
cell_beta_0p21_p_0p00,beta,36,3617234,0.21,0.0,02_dnn/01_dataset_gen/raw_outputs/18_beta_cell_90_dataset/raw_datasets/cell_beta_0p21_p_0p00/dataset_036_seed_3617234/dataset.npz,02_dnn/01_dataset_gen/raw_outputs/18_beta_cell_90_dataset/raw_datasets/cell_beta_0p21_p_0p00/dataset_036_seed_3617234/dataset_meta.json
cell_beta_0p21_p_0p00,beta,37,3717234,0.21,0.0,02_dnn/01_dataset_gen/raw_outputs/18_beta_cell_90_dataset/raw_datasets/cell_beta_0p21_p_0p00/dataset_037_seed_3717234/dataset.npz,02_dnn/01_dataset_gen/raw_outputs/18_beta_cell_90_dataset/raw_datasets/cell_beta_0p21_p_0p00/dataset_037_seed_3717234/dataset_meta.json
cell_beta_0p21_p_0p00,beta,38,3817234,0.21,0.0,02_dnn/01_dataset_gen/raw_outputs/18_beta_cell_90_dataset/raw_datasets/cell_beta_0p21_p_0p00/dataset_038_seed_3817234/dataset.npz,02_dnn/01_dataset_gen/raw_outputs/18_beta_cell_90_dataset/raw_datasets/cell_beta_0p21_p_0p00/dataset_038_seed_3817234/dataset_meta.json
cell_beta_0p21_p_0p00,beta,39,3917234,0.21,0.0,02_dnn/01_dataset_gen/raw_outputs/18_beta_cell_90_dataset/raw_datasets/cell_beta_0p21_p_0p00/dataset_039_seed_3917234/dataset.npz,02_dnn/01_dataset_gen/raw_outputs/18_beta_cell_90_dataset/raw_datasets/cell_beta_0p21_p_0p00/dataset_039_seed_3917234/dataset_meta.json
cell_beta_0p21_p_0p00,beta,40,4017234,0.21,0.0,02_dnn/01_dataset_gen/raw_outputs/18_beta_cell_90_dataset/raw_datasets/cell_beta_0p21_p_0p00/dataset_040_seed_4017234/dataset.npz,02_dnn/01_dataset_gen/raw_outputs/18_beta_cell_90_dataset/raw_datasets/cell_beta_0p21_p_0p00/dataset_040_seed_4017234/dataset_meta.json
cell_beta_0p21_p_0p00,beta,41,4117234,0.21,0.0,02_dnn/01_dataset_gen/raw_outputs/18_beta_cell_90_dataset/raw_datasets/cell_beta_0p21_p_0p00/dataset_041_seed_4117234/dataset.npz,02_dnn/01_dataset_gen/raw_outputs/18_beta_cell_90_dataset/raw_datasets/cell_beta_0p21_p_0p00/dataset_041_seed_4117234/dataset_meta.json
cell_beta_0p21_p_0p00,beta,42,4217234,0.21,0.0,02_dnn/01_dataset_gen/raw_outputs/18_beta_cell_90_dataset/raw_datasets/cell_beta_0p21_p_0p00/dataset_042_seed_4217234/dataset.npz,02_dnn/01_dataset_gen/raw_outputs/18_beta_cell_90_dataset/raw_datasets/cell_beta_0p21_p_0p00/dataset_042_seed_4217234/dataset_meta.json
cell_beta_0p21_p_0p00,beta,43,4317234,0.21,0.0,02_dnn/01_dataset_gen/raw_outputs/18_beta_cell_90_dataset/raw_datasets/cell_beta_0p21_p_0p00/dataset_043_seed_4317234/dataset.npz,02_dnn/01_dataset_gen/raw_outputs/18_beta_cell_90_dataset/raw_datasets/cell_beta_0p21_p_0p00/dataset_043_seed_4317234/dataset_meta.json
cell_beta_0p21_p_0p00,beta,44,4417234,0.21,0.0,02_dnn/01_dataset_gen/raw_outputs/18_beta_cell_90_dataset/raw_datasets/cell_beta_0p21_p_0p00/dataset_044_seed_4417234/dataset.npz,02_dnn/01_dataset_gen/raw_outputs/18_beta_cell_90_dataset/raw_datasets/cell_beta_0p21_p_0p00/dataset_044_seed_4417234/dataset_meta.json
cell_beta_0p21_p_0p00,beta,45,4517234,0.21,0.0,02_dnn/01_dataset_gen/raw_outputs/18_beta_cell_90_dataset/raw_datasets/cell_beta_0p21_p_0p00/dataset_045_seed_4517234/dataset.npz,02_dnn/01_dataset_gen/raw_outputs/18_beta_cell_90_dataset/raw_datasets/cell_beta_0p21_p_0p00/dataset_045_seed_4517234/dataset_meta.json
cell_beta_0p21_p_0p00,beta,46,4617234,0.21,0.0,02_dnn/01_dataset_gen/raw_outputs/18_beta_cell_90_dataset/raw_datasets/cell_beta_0p21_p_0p00/dataset_046_seed_4617234/dataset.npz,02_dnn/01_dataset_gen/raw_outputs/18_beta_cell_90_dataset/raw_datasets/cell_beta_0p21_p_0p00/dataset_046_seed_4617234/dataset_meta.json
cell_beta_0p21_p_0p00,beta,47,4717234,0.21,0.0,02_dnn/01_dataset_gen/raw_outputs/18_beta_cell_90_dataset/raw_datasets/cell_beta_0p21_p_0p00/dataset_047_seed_4717234/dataset.npz,02_dnn/01_dataset_gen/raw_outputs/18_beta_cell_90_dataset/raw_datasets/cell_beta_0p21_p_0p00/dataset_047_seed_4717234/dataset_meta.json
cell_beta_0p21_p_0p00,beta,48,4817234,0.21,0.0,02_dnn/01_dataset_gen/raw_outputs/18_beta_cell_90_dataset/raw_datasets/cell_beta_0p21_p_0p00/dataset_048_seed_4817234/dataset.npz,02_dnn/01_dataset_gen/raw_outputs/18_beta_cell_90_dataset/raw_datasets/cell_beta_0p21_p_0p00/dataset_048_seed_4817234/dataset_meta.json
cell_beta_0p21_p_0p00,beta,49,4917234,0.21,0.0,02_dnn/01_dataset_gen/raw_outputs/18_beta_cell_90_dataset/raw_datasets/cell_beta_0p21_p_0p00/dataset_049_seed_4917234/dataset.npz,02_dnn/01_dataset_gen/raw_outputs/18_beta_cell_90_dataset/raw_datasets/cell_beta_0p21_p_0p00/dataset_049_seed_4917234/dataset_meta.json
cell_beta_0p21_p_0p00,beta,50,5017234,0.21,0.0,02_dnn/01_dataset_gen/raw_outputs/18_beta_cell_90_dataset/raw_datasets/cell_beta_0p21_p_0p00/dataset_050_seed_5017234/dataset.npz,02_dnn/01_dataset_gen/raw_outputs/18_beta_cell_90_dataset/raw_datasets/cell_beta_0p21_p_0p00/dataset_050_seed_5017234/dataset_meta.json
cell_beta_0p21_p_0p00,beta,51,5117234,0.21,0.0,02_dnn/01_dataset_gen/raw_outputs/18_beta_cell_90_dataset/raw_datasets/cell_beta_0p21_p_0p00/dataset_051_seed_5117234/dataset.npz,02_dnn/01_dataset_gen/raw_outputs/18_beta_cell_90_dataset/raw_datasets/cell_beta_0p21_p_0p00/dataset_051_seed_5117234/dataset_meta.json
cell_beta_0p21_p_0p00,beta,52,5217234,0.21,0.0,02_dnn/01_dataset_gen/raw_outputs/18_beta_cell_90_dataset/raw_datasets/cell_beta_0p21_p_0p00/dataset_052_seed_5217234/dataset.npz,02_dnn/01_dataset_gen/raw_outputs/18_beta_cell_90_dataset/raw_datasets/cell_beta_0p21_p_0p00/dataset_052_seed_5217234/dataset_meta.json
cell_beta_0p21_p_0p00,beta,53,5317234,0.21,0.0,02_dnn/01_dataset_gen/raw_outputs/18_beta_cell_90_dataset/raw_datasets/cell_beta_0p21_p_0p00/dataset_053_seed_5317234/dataset.npz,02_dnn/01_dataset_gen/raw_outputs/18_beta_cell_90_dataset/raw_datasets/cell_beta_0p21_p_0p00/dataset_053_seed_5317234/dataset_meta.json
cell_beta_0p21_p_0p00,beta,54,5417234,0.21,0.0,02_dnn/01_dataset_gen/raw_outputs/18_beta_cell_90_dataset/raw_datasets/cell_beta_0p21_p_0p00/dataset_054_seed_5417234/dataset.npz,02_dnn/01_dataset_gen/raw_outputs/18_beta_cell_90_dataset/raw_datasets/cell_beta_0p21_p_0p00/dataset_054_seed_5417234/dataset_meta.json
cell_beta_0p21_p_0p00,beta,55,5517234,0.21,0.0,02_dnn/01_dataset_gen/raw_outputs/18_beta_cell_90_dataset/raw_datasets/cell_beta_0p21_p_0p00/dataset_055_seed_5517234/dataset.npz,02_dnn/01_dataset_gen/raw_outputs/18_beta_cell_90_dataset/raw_datasets/cell_beta_0p21_p_0p00/dataset_055_seed_5517234/dataset_meta.json
cell_beta_0p21_p_0p00,beta,56,5617234,0.21,0.0,02_dnn/01_dataset_gen/raw_outputs/18_beta_cell_90_dataset/raw_datasets/cell_beta_0p21_p_0p00/dataset_056_seed_5617234/dataset.npz,02_dnn/01_dataset_gen/raw_outputs/18_beta_cell_90_dataset/raw_datasets/cell_beta_0p21_p_0p00/dataset_056_seed_5617234/dataset_meta.json
cell_beta_0p21_p_0p00,beta,57,5717234,0.21,0.0,02_dnn/01_dataset_gen/raw_outputs/18_beta_cell_90_dataset/raw_datasets/cell_beta_0p21_p_0p00/dataset_057_seed_5717234/dataset.npz,02_dnn/01_dataset_gen/raw_outputs/18_beta_cell_90_dataset/raw_datasets/cell_beta_0p21_p_0p00/dataset_057_seed_5717234/dataset_meta.json
cell_beta_0p21_p_0p00,beta,58,5817234,0.21,0.0,02_dnn/01_dataset_gen/raw_outputs/18_beta_cell_90_dataset/raw_datasets/cell_beta_0p21_p_0p00/dataset_058_seed_5817234/dataset.npz,02_dnn/01_dataset_gen/raw_outputs/18_beta_cell_90_dataset/raw_datasets/cell_beta_0p21_p_0p00/dataset_058_seed_5817234/dataset_meta.json
cell_beta_0p21_p_0p00,beta,59,5917234,0.21,0.0,02_dnn/01_dataset_gen/raw_outputs/18_beta_cell_90_dataset/raw_datasets/cell_beta_0p21_p_0p00/dataset_059_seed_5917234/dataset.npz,02_dnn/01_dataset_gen/raw_outputs/18_beta_cell_90_dataset/raw_datasets/cell_beta_0p21_p_0p00/dataset_059_seed_5917234/dataset_meta.json
cell_beta_0p21_p_0p00,beta,60,6017234,0.21,0.0,02_dnn/01_dataset_gen/raw_outputs/18_beta_cell_90_dataset/raw_datasets/cell_beta_0p21_p_0p00/dataset_060_seed_6017234/dataset.npz,02_dnn/01_dataset_gen/raw_outputs/18_beta_cell_90_dataset/raw_datasets/cell_beta_0p21_p_0p00/dataset_060_seed_6017234/dataset_meta.json
cell_beta_0p21_p_0p00,beta,61,6117234,0.21,0.0,02_dnn/01_dataset_gen/raw_outputs/18_beta_cell_90_dataset/raw_datasets/cell_beta_0p21_p_0p00/dataset_061_seed_6117234/dataset.npz,02_dnn/01_dataset_gen/raw_outputs/18_beta_cell_90_dataset/raw_datasets/cell_beta_0p21_p_0p00/dataset_061_seed_6117234/dataset_meta.json
cell_beta_0p21_p_0p00,beta,62,6217234,0.21,0.0,02_dnn/01_dataset_gen/raw_outputs/18_beta_cell_90_dataset/raw_datasets/cell_beta_0p21_p_0p00/dataset_062_seed_6217234/dataset.npz,02_dnn/01_dataset_gen/raw_outputs/18_beta_cell_90_dataset/raw_datasets/cell_beta_0p21_p_0p00/dataset_062_seed_6217234/dataset_meta.json
cell_beta_0p21_p_0p00,beta,63,6317234,0.21,0.0,02_dnn/01_dataset_gen/raw_outputs/18_beta_cell_90_dataset/raw_datasets/cell_beta_0p21_p_0p00/dataset_063_seed_6317234/dataset.npz,02_dnn/01_dataset_gen/raw_outputs/18_beta_cell_90_dataset/raw_datasets/cell_beta_0p21_p_0p00/dataset_063_seed_6317234/dataset_meta.json
cell_beta_0p21_p_0p00,beta,64,6417234,0.21,0.0,02_dnn/01_dataset_gen/raw_outputs/18_beta_cell_90_dataset/raw_datasets/cell_beta_0p21_p_0p00/dataset_064_seed_6417234/dataset.npz,02_dnn/01_dataset_gen/raw_outputs/18_beta_cell_90_dataset/raw_datasets/cell_beta_0p21_p_0p00/dataset_064_seed_6417234/dataset_meta.json
cell_beta_0p21_p_0p00,beta,65,6517234,0.21,0.0,02_dnn/01_dataset_gen/raw_outputs/18_beta_cell_90_dataset/raw_datasets/cell_beta_0p21_p_0p00/dataset_065_seed_6517234/dataset.npz,02_dnn/01_dataset_gen/raw_outputs/18_beta_cell_90_dataset/raw_datasets/cell_beta_0p21_p_0p00/dataset_065_seed_6517234/dataset_meta.json
cell_beta_0p21_p_0p00,beta,66,6617234,0.21,0.0,02_dnn/01_dataset_gen/raw_outputs/18_beta_cell_90_dataset/raw_datasets/cell_beta_0p21_p_0p00/dataset_066_seed_6617234/dataset.npz,02_dnn/01_dataset_gen/raw_outputs/18_beta_cell_90_dataset/raw_datasets/cell_beta_0p21_p_0p00/dataset_066_seed_6617234/dataset_meta.json
cell_beta_0p21_p_0p00,beta,67,6717234,0.21,0.0,02_dnn/01_dataset_gen/raw_outputs/18_beta_cell_90_dataset/raw_datasets/cell_beta_0p21_p_0p00/dataset_067_seed_6717234/dataset.npz,02_dnn/01_dataset_gen/raw_outputs/18_beta_cell_90_dataset/raw_datasets/cell_beta_0p21_p_0p00/dataset_067_seed_6717234/dataset_meta.json
cell_beta_0p21_p_0p00,beta,68,6817234,0.21,0.0,02_dnn/01_dataset_gen/raw_outputs/18_beta_cell_90_dataset/raw_datasets/cell_beta_0p21_p_0p00/dataset_068_seed_6817234/dataset.npz,02_dnn/01_dataset_gen/raw_outputs/18_beta_cell_90_dataset/raw_datasets/cell_beta_0p21_p_0p00/dataset_068_seed_6817234/dataset_meta.json
cell_beta_0p21_p_0p00,beta,69,6917234,0.21,0.0,02_dnn/01_dataset_gen/raw_outputs/18_beta_cell_90_dataset/raw_datasets/cell_beta_0p21_p_0p00/dataset_069_seed_6917234/dataset.npz,02_dnn/01_dataset_gen/raw_outputs/18_beta_cell_90_dataset/raw_datasets/cell_beta_0p21_p_0p00/dataset_069_seed_6917234/dataset_meta.json
cell_beta_0p21_p_0p00,beta,70,7017234,0.21,0.0,02_dnn/01_dataset_gen/raw_outputs/18_beta_cell_90_dataset/raw_datasets/cell_beta_0p21_p_0p00/dataset_070_seed_7017234/dataset.npz,02_dnn/01_dataset_gen/raw_outputs/18_beta_cell_90_dataset/raw_datasets/cell_beta_0p21_p_0p00/dataset_070_seed_7017234/dataset_meta.json
cell_beta_0p21_p_0p00,beta,71,7117234,0.21,0.0,02_dnn/01_dataset_gen/raw_outputs/18_beta_cell_90_dataset/raw_datasets/cell_beta_0p21_p_0p00/dataset_071_seed_7117234/dataset.npz,02_dnn/01_dataset_gen/raw_outputs/18_beta_cell_90_dataset/raw_datasets/cell_beta_0p21_p_0p00/dataset_071_seed_7117234/dataset_meta.json
cell_beta_0p21_p_0p00,beta,72,7217234,0.21,0.0,02_dnn/01_dataset_gen/raw_outputs/18_beta_cell_90_dataset/raw_datasets/cell_beta_0p21_p_0p00/dataset_072_seed_7217234/dataset.npz,02_dnn/01_dataset_gen/raw_outputs/18_beta_cell_90_dataset/raw_datasets/cell_beta_0p21_p_0p00/dataset_072_seed_7217234/dataset_meta.json
cell_beta_0p21_p_0p00,beta,73,7317234,0.21,0.0,02_dnn/01_dataset_gen/raw_outputs/18_beta_cell_90_dataset/raw_datasets/cell_beta_0p21_p_0p00/dataset_073_seed_7317234/dataset.npz,02_dnn/01_dataset_gen/raw_outputs/18_beta_cell_90_dataset/raw_datasets/cell_beta_0p21_p_0p00/dataset_073_seed_7317234/dataset_meta.json
cell_beta_0p21_p_0p00,beta,74,7417234,0.21,0.0,02_dnn/01_dataset_gen/raw_outputs/18_beta_cell_90_dataset/raw_datasets/cell_beta_0p21_p_0p00/dataset_074_seed_7417234/dataset.npz,02_dnn/01_dataset_gen/raw_outputs/18_beta_cell_90_dataset/raw_datasets/cell_beta_0p21_p_0p00/dataset_074_seed_7417234/dataset_meta.json
cell_beta_0p21_p_0p00,beta,75,7517234,0.21,0.0,02_dnn/01_dataset_gen/raw_outputs/18_beta_cell_90_dataset/raw_datasets/cell_beta_0p21_p_0p00/dataset_075_seed_7517234/dataset.npz,02_dnn/01_dataset_gen/raw_outputs/18_beta_cell_90_dataset/raw_datasets/cell_beta_0p21_p_0p00/dataset_075_seed_7517234/dataset_meta.json
cell_beta_0p21_p_0p00,beta,76,7617234,0.21,0.0,02_dnn/01_dataset_gen/raw_outputs/18_beta_cell_90_dataset/raw_datasets/cell_beta_0p21_p_0p00/dataset_076_seed_7617234/dataset.npz,02_dnn/01_dataset_gen/raw_outputs/18_beta_cell_90_dataset/raw_datasets/cell_beta_0p21_p_0p00/dataset_076_seed_7617234/dataset_meta.json
cell_beta_0p21_p_0p00,beta,77,7717234,0.21,0.0,02_dnn/01_dataset_gen/raw_outputs/18_beta_cell_90_dataset/raw_datasets/cell_beta_0p21_p_0p00/dataset_077_seed_7717234/dataset.npz,02_dnn/01_dataset_gen/raw_outputs/18_beta_cell_90_dataset/raw_datasets/cell_beta_0p21_p_0p00/dataset_077_seed_7717234/dataset_meta.json
cell_beta_0p21_p_0p00,beta,78,7817234,0.21,0.0,02_dnn/01_dataset_gen/raw_outputs/18_beta_cell_90_dataset/raw_datasets/cell_beta_0p21_p_0p00/dataset_078_seed_7817234/dataset.npz,02_dnn/01_dataset_gen/raw_outputs/18_beta_cell_90_dataset/raw_datasets/cell_beta_0p21_p_0p00/dataset_078_seed_7817234/dataset_meta.json
cell_beta_0p21_p_0p00,beta,79,7917234,0.21,0.0,02_dnn/01_dataset_gen/raw_outputs/18_beta_cell_90_dataset/raw_datasets/cell_beta_0p21_p_0p00/dataset_079_seed_7917234/dataset.npz,02_dnn/01_dataset_gen/raw_outputs/18_beta_cell_90_dataset/raw_datasets/cell_beta_0p21_p_0p00/dataset_079_seed_7917234/dataset_meta.json
cell_beta_0p21_p_0p00,beta,80,8017234,0.21,0.0,02_dnn/01_dataset_gen/raw_outputs/18_beta_cell_90_dataset/raw_datasets/cell_beta_0p21_p_0p00/dataset_080_seed_8017234/dataset.npz,02_dnn/01_dataset_gen/raw_outputs/18_beta_cell_90_dataset/raw_datasets/cell_beta_0p21_p_0p00/dataset_080_seed_8017234/dataset_meta.json
cell_beta_0p21_p_0p00,beta,81,8117234,0.21,0.0,02_dnn/01_dataset_gen/raw_outputs/18_beta_cell_90_dataset/raw_datasets/cell_beta_0p21_p_0p00/dataset_081_seed_8117234/dataset.npz,02_dnn/01_dataset_gen/raw_outputs/18_beta_cell_90_dataset/raw_datasets/cell_beta_0p21_p_0p00/dataset_081_seed_8117234/dataset_meta.json
cell_beta_0p21_p_0p00,beta,82,8217234,0.21,0.0,02_dnn/01_dataset_gen/raw_outputs/18_beta_cell_90_dataset/raw_datasets/cell_beta_0p21_p_0p00/dataset_082_seed_8217234/dataset.npz,02_dnn/01_dataset_gen/raw_outputs/18_beta_cell_90_dataset/raw_datasets/cell_beta_0p21_p_0p00/dataset_082_seed_8217234/dataset_meta.json
cell_beta_0p21_p_0p00,beta,83,8317234,0.21,0.0,02_dnn/01_dataset_gen/raw_outputs/18_beta_cell_90_dataset/raw_datasets/cell_beta_0p21_p_0p00/dataset_083_seed_8317234/dataset.npz,02_dnn/01_dataset_gen/raw_outputs/18_beta_cell_90_dataset/raw_datasets/cell_beta_0p21_p_0p00/dataset_083_seed_8317234/dataset_meta.json
cell_beta_0p21_p_0p00,beta,84,8417234,0.21,0.0,02_dnn/01_dataset_gen/raw_outputs/18_beta_cell_90_dataset/raw_datasets/cell_beta_0p21_p_0p00/dataset_084_seed_8417234/dataset.npz,02_dnn/01_dataset_gen/raw_outputs/18_beta_cell_90_dataset/raw_datasets/cell_beta_0p21_p_0p00/dataset_084_seed_8417234/dataset_meta.json
cell_beta_0p21_p_0p00,beta,85,8517234,0.21,0.0,02_dnn/01_dataset_gen/raw_outputs/18_beta_cell_90_dataset/raw_datasets/cell_beta_0p21_p_0p00/dataset_085_seed_8517234/dataset.npz,02_dnn/01_dataset_gen/raw_outputs/18_beta_cell_90_dataset/raw_datasets/cell_beta_0p21_p_0p00/dataset_085_seed_8517234/dataset_meta.json
cell_beta_0p21_p_0p00,beta,86,8617234,0.21,0.0,02_dnn/01_dataset_gen/raw_outputs/18_beta_cell_90_dataset/raw_datasets/cell_beta_0p21_p_0p00/dataset_086_seed_8617234/dataset.npz,02_dnn/01_dataset_gen/raw_outputs/18_beta_cell_90_dataset/raw_datasets/cell_beta_0p21_p_0p00/dataset_086_seed_8617234/dataset_meta.json
cell_beta_0p21_p_0p00,beta,87,8717234,0.21,0.0,02_dnn/01_dataset_gen/raw_outputs/18_beta_cell_90_dataset/raw_datasets/cell_beta_0p21_p_0p00/dataset_087_seed_8717234/dataset.npz,02_dnn/01_dataset_gen/raw_outputs/18_beta_cell_90_dataset/raw_datasets/cell_beta_0p21_p_0p00/dataset_087_seed_8717234/dataset_meta.json
cell_beta_0p21_p_0p00,beta,88,8817234,0.21,0.0,02_dnn/01_dataset_gen/raw_outputs/18_beta_cell_90_dataset/raw_datasets/cell_beta_0p21_p_0p00/dataset_088_seed_8817234/dataset.npz,02_dnn/01_dataset_gen/raw_outputs/18_beta_cell_90_dataset/raw_datasets/cell_beta_0p21_p_0p00/dataset_088_seed_8817234/dataset_meta.json
cell_beta_0p21_p_0p00,beta,89,8917234,0.21,0.0,02_dnn/01_dataset_gen/raw_outputs/18_beta_cell_90_dataset/raw_datasets/cell_beta_0p21_p_0p00/dataset_089_seed_8917234/dataset.npz,02_dnn/01_dataset_gen/raw_outputs/18_beta_cell_90_dataset/raw_datasets/cell_beta_0p21_p_0p00/dataset_089_seed_8917234/dataset_meta.json
cell_beta_0p23_p_0p00,beta,0,19234,0.23,0.0,02_dnn/01_dataset_gen/raw_outputs/18_beta_cell_90_dataset/raw_datasets/cell_beta_0p23_p_0p00/dataset_000_seed_019234/dataset.npz,02_dnn/01_dataset_gen/raw_outputs/18_beta_cell_90_dataset/raw_datasets/cell_beta_0p23_p_0p00/dataset_000_seed_019234/dataset_meta.json
cell_beta_0p23_p_0p00,beta,1,119234,0.23,0.0,02_dnn/01_dataset_gen/raw_outputs/18_beta_cell_90_dataset/raw_datasets/cell_beta_0p23_p_0p00/dataset_001_seed_119234/dataset.npz,02_dnn/01_dataset_gen/raw_outputs/18_beta_cell_90_dataset/raw_datasets/cell_beta_0p23_p_0p00/dataset_001_seed_119234/dataset_meta.json
cell_beta_0p23_p_0p00,beta,2,219234,0.23,0.0,02_dnn/01_dataset_gen/raw_outputs/18_beta_cell_90_dataset/raw_datasets/cell_beta_0p23_p_0p00/dataset_002_seed_219234/dataset.npz,02_dnn/01_dataset_gen/raw_outputs/18_beta_cell_90_dataset/raw_datasets/cell_beta_0p23_p_0p00/dataset_002_seed_219234/dataset_meta.json
cell_beta_0p23_p_0p00,beta,3,319234,0.23,0.0,02_dnn/01_dataset_gen/raw_outputs/18_beta_cell_90_dataset/raw_datasets/cell_beta_0p23_p_0p00/dataset_003_seed_319234/dataset.npz,02_dnn/01_dataset_gen/raw_outputs/18_beta_cell_90_dataset/raw_datasets/cell_beta_0p23_p_0p00/dataset_003_seed_319234/dataset_meta.json
cell_beta_0p23_p_0p00,beta,4,419234,0.23,0.0,02_dnn/01_dataset_gen/raw_outputs/18_beta_cell_90_dataset/raw_datasets/cell_beta_0p23_p_0p00/dataset_004_seed_419234/dataset.npz,02_dnn/01_dataset_gen/raw_outputs/18_beta_cell_90_dataset/raw_datasets/cell_beta_0p23_p_0p00/dataset_004_seed_419234/dataset_meta.json
cell_beta_0p23_p_0p00,beta,5,519234,0.23,0.0,02_dnn/01_dataset_gen/raw_outputs/18_beta_cell_90_dataset/raw_datasets/cell_beta_0p23_p_0p00/dataset_005_seed_519234/dataset.npz,02_dnn/01_dataset_gen/raw_outputs/18_beta_cell_90_dataset/raw_datasets/cell_beta_0p23_p_0p00/dataset_005_seed_519234/dataset_meta.json
cell_beta_0p23_p_0p00,beta,6,619234,0.23,0.0,02_dnn/01_dataset_gen/raw_outputs/18_beta_cell_90_dataset/raw_datasets/cell_beta_0p23_p_0p00/dataset_006_seed_619234/dataset.npz,02_dnn/01_dataset_gen/raw_outputs/18_beta_cell_90_dataset/raw_datasets/cell_beta_0p23_p_0p00/dataset_006_seed_619234/dataset_meta.json
cell_beta_0p23_p_0p00,beta,7,719234,0.23,0.0,02_dnn/01_dataset_gen/raw_outputs/18_beta_cell_90_dataset/raw_datasets/cell_beta_0p23_p_0p00/dataset_007_seed_719234/dataset.npz,02_dnn/01_dataset_gen/raw_outputs/18_beta_cell_90_dataset/raw_datasets/cell_beta_0p23_p_0p00/dataset_007_seed_719234/dataset_meta.json
cell_beta_0p23_p_0p00,beta,8,819234,0.23,0.0,02_dnn/01_dataset_gen/raw_outputs/18_beta_cell_90_dataset/raw_datasets/cell_beta_0p23_p_0p00/dataset_008_seed_819234/dataset.npz,02_dnn/01_dataset_gen/raw_outputs/18_beta_cell_90_dataset/raw_datasets/cell_beta_0p23_p_0p00/dataset_008_seed_819234/dataset_meta.json
cell_beta_0p23_p_0p00,beta,9,919234,0.23,0.0,02_dnn/01_dataset_gen/raw_outputs/18_beta_cell_90_dataset/raw_datasets/cell_beta_0p23_p_0p00/dataset_009_seed_919234/dataset.npz,02_dnn/01_dataset_gen/raw_outputs/18_beta_cell_90_dataset/raw_datasets/cell_beta_0p23_p_0p00/dataset_009_seed_919234/dataset_meta.json
cell_beta_0p23_p_0p00,beta,10,1019234,0.23,0.0,02_dnn/01_dataset_gen/raw_outputs/18_beta_cell_90_dataset/raw_datasets/cell_beta_0p23_p_0p00/dataset_010_seed_1019234/dataset.npz,02_dnn/01_dataset_gen/raw_outputs/18_beta_cell_90_dataset/raw_datasets/cell_beta_0p23_p_0p00/dataset_010_seed_1019234/dataset_meta.json
cell_beta_0p23_p_0p00,beta,11,1119234,0.23,0.0,02_dnn/01_dataset_gen/raw_outputs/18_beta_cell_90_dataset/raw_datasets/cell_beta_0p23_p_0p00/dataset_011_seed_1119234/dataset.npz,02_dnn/01_dataset_gen/raw_outputs/18_beta_cell_90_dataset/raw_datasets/cell_beta_0p23_p_0p00/dataset_011_seed_1119234/dataset_meta.json
cell_beta_0p23_p_0p00,beta,12,1219234,0.23,0.0,02_dnn/01_dataset_gen/raw_outputs/18_beta_cell_90_dataset/raw_datasets/cell_beta_0p23_p_0p00/dataset_012_seed_1219234/dataset.npz,02_dnn/01_dataset_gen/raw_outputs/18_beta_cell_90_dataset/raw_datasets/cell_beta_0p23_p_0p00/dataset_012_seed_1219234/dataset_meta.json
cell_beta_0p23_p_0p00,beta,13,1319234,0.23,0.0,02_dnn/01_dataset_gen/raw_outputs/18_beta_cell_90_dataset/raw_datasets/cell_beta_0p23_p_0p00/dataset_013_seed_1319234/dataset.npz,02_dnn/01_dataset_gen/raw_outputs/18_beta_cell_90_dataset/raw_datasets/cell_beta_0p23_p_0p00/dataset_013_seed_1319234/dataset_meta.json
cell_beta_0p23_p_0p00,beta,14,1419234,0.23,0.0,02_dnn/01_dataset_gen/raw_outputs/18_beta_cell_90_dataset/raw_datasets/cell_beta_0p23_p_0p00/dataset_014_seed_1419234/dataset.npz,02_dnn/01_dataset_gen/raw_outputs/18_beta_cell_90_dataset/raw_datasets/cell_beta_0p23_p_0p00/dataset_014_seed_1419234/dataset_meta.json
cell_beta_0p23_p_0p00,beta,15,1519234,0.23,0.0,02_dnn/01_dataset_gen/raw_outputs/18_beta_cell_90_dataset/raw_datasets/cell_beta_0p23_p_0p00/dataset_015_seed_1519234/dataset.npz,02_dnn/01_dataset_gen/raw_outputs/18_beta_cell_90_dataset/raw_datasets/cell_beta_0p23_p_0p00/dataset_015_seed_1519234/dataset_meta.json
cell_beta_0p23_p_0p00,beta,16,1619234,0.23,0.0,02_dnn/01_dataset_gen/raw_outputs/18_beta_cell_90_dataset/raw_datasets/cell_beta_0p23_p_0p00/dataset_016_seed_1619234/dataset.npz,02_dnn/01_dataset_gen/raw_outputs/18_beta_cell_90_dataset/raw_datasets/cell_beta_0p23_p_0p00/dataset_016_seed_1619234/dataset_meta.json
cell_beta_0p23_p_0p00,beta,17,1719234,0.23,0.0,02_dnn/01_dataset_gen/raw_outputs/18_beta_cell_90_dataset/raw_datasets/cell_beta_0p23_p_0p00/dataset_017_seed_1719234/dataset.npz,02_dnn/01_dataset_gen/raw_outputs/18_beta_cell_90_dataset/raw_datasets/cell_beta_0p23_p_0p00/dataset_017_seed_1719234/dataset_meta.json
cell_beta_0p23_p_0p00,beta,18,1819234,0.23,0.0,02_dnn/01_dataset_gen/raw_outputs/18_beta_cell_90_dataset/raw_datasets/cell_beta_0p23_p_0p00/dataset_018_seed_1819234/dataset.npz,02_dnn/01_dataset_gen/raw_outputs/18_beta_cell_90_dataset/raw_datasets/cell_beta_0p23_p_0p00/dataset_018_seed_1819234/dataset_meta.json
cell_beta_0p23_p_0p00,beta,19,1919234,0.23,0.0,02_dnn/01_dataset_gen/raw_outputs/18_beta_cell_90_dataset/raw_datasets/cell_beta_0p23_p_0p00/dataset_019_seed_1919234/dataset.npz,02_dnn/01_dataset_gen/raw_outputs/18_beta_cell_90_dataset/raw_datasets/cell_beta_0p23_p_0p00/dataset_019_seed_1919234/dataset_meta.json
cell_beta_0p23_p_0p00,beta,20,2019234,0.23,0.0,02_dnn/01_dataset_gen/raw_outputs/18_beta_cell_90_dataset/raw_datasets/cell_beta_0p23_p_0p00/dataset_020_seed_2019234/dataset.npz,02_dnn/01_dataset_gen/raw_outputs/18_beta_cell_90_dataset/raw_datasets/cell_beta_0p23_p_0p00/dataset_020_seed_2019234/dataset_meta.json
cell_beta_0p23_p_0p00,beta,21,2119234,0.23,0.0,02_dnn/01_dataset_gen/raw_outputs/18_beta_cell_90_dataset/raw_datasets/cell_beta_0p23_p_0p00/dataset_021_seed_2119234/dataset.npz,02_dnn/01_dataset_gen/raw_outputs/18_beta_cell_90_dataset/raw_datasets/cell_beta_0p23_p_0p00/dataset_021_seed_2119234/dataset_meta.json
cell_beta_0p23_p_0p00,beta,22,2219234,0.23,0.0,02_dnn/01_dataset_gen/raw_outputs/18_beta_cell_90_dataset/raw_datasets/cell_beta_0p23_p_0p00/dataset_022_seed_2219234/dataset.npz,02_dnn/01_dataset_gen/raw_outputs/18_beta_cell_90_dataset/raw_datasets/cell_beta_0p23_p_0p00/dataset_022_seed_2219234/dataset_meta.json
cell_beta_0p23_p_0p00,beta,23,2319234,0.23,0.0,02_dnn/01_dataset_gen/raw_outputs/18_beta_cell_90_dataset/raw_datasets/cell_beta_0p23_p_0p00/dataset_023_seed_2319234/dataset.npz,02_dnn/01_dataset_gen/raw_outputs/18_beta_cell_90_dataset/raw_datasets/cell_beta_0p23_p_0p00/dataset_023_seed_2319234/dataset_meta.json
cell_beta_0p23_p_0p00,beta,24,2419234,0.23,0.0,02_dnn/01_dataset_gen/raw_outputs/18_beta_cell_90_dataset/raw_datasets/cell_beta_0p23_p_0p00/dataset_024_seed_2419234/dataset.npz,02_dnn/01_dataset_gen/raw_outputs/18_beta_cell_90_dataset/raw_datasets/cell_beta_0p23_p_0p00/dataset_024_seed_2419234/dataset_meta.json
cell_beta_0p23_p_0p00,beta,25,2519234,0.23,0.0,02_dnn/01_dataset_gen/raw_outputs/18_beta_cell_90_dataset/raw_datasets/cell_beta_0p23_p_0p00/dataset_025_seed_2519234/dataset.npz,02_dnn/01_dataset_gen/raw_outputs/18_beta_cell_90_dataset/raw_datasets/cell_beta_0p23_p_0p00/dataset_025_seed_2519234/dataset_meta.json
cell_beta_0p23_p_0p00,beta,26,2619234,0.23,0.0,02_dnn/01_dataset_gen/raw_outputs/18_beta_cell_90_dataset/raw_datasets/cell_beta_0p23_p_0p00/dataset_026_seed_2619234/dataset.npz,02_dnn/01_dataset_gen/raw_outputs/18_beta_cell_90_dataset/raw_datasets/cell_beta_0p23_p_0p00/dataset_026_seed_2619234/dataset_meta.json
cell_beta_0p23_p_0p00,beta,27,2719234,0.23,0.0,02_dnn/01_dataset_gen/raw_outputs/18_beta_cell_90_dataset/raw_datasets/cell_beta_0p23_p_0p00/dataset_027_seed_2719234/dataset.npz,02_dnn/01_dataset_gen/raw_outputs/18_beta_cell_90_dataset/raw_datasets/cell_beta_0p23_p_0p00/dataset_027_seed_2719234/dataset_meta.json
cell_beta_0p23_p_0p00,beta,28,2819234,0.23,0.0,02_dnn/01_dataset_gen/raw_outputs/18_beta_cell_90_dataset/raw_datasets/cell_beta_0p23_p_0p00/dataset_028_seed_2819234/dataset.npz,02_dnn/01_dataset_gen/raw_outputs/18_beta_cell_90_dataset/raw_datasets/cell_beta_0p23_p_0p00/dataset_028_seed_2819234/dataset_meta.json
cell_beta_0p23_p_0p00,beta,29,2919234,0.23,0.0,02_dnn/01_dataset_gen/raw_outputs/18_beta_cell_90_dataset/raw_datasets/cell_beta_0p23_p_0p00/dataset_029_seed_2919234/dataset.npz,02_dnn/01_dataset_gen/raw_outputs/18_beta_cell_90_dataset/raw_datasets/cell_beta_0p23_p_0p00/dataset_029_seed_2919234/dataset_meta.json
cell_beta_0p23_p_0p00,beta,30,3019234,0.23,0.0,02_dnn/01_dataset_gen/raw_outputs/18_beta_cell_90_dataset/raw_datasets/cell_beta_0p23_p_0p00/dataset_030_seed_3019234/dataset.npz,02_dnn/01_dataset_gen/raw_outputs/18_beta_cell_90_dataset/raw_datasets/cell_beta_0p23_p_0p00/dataset_030_seed_3019234/dataset_meta.json
cell_beta_0p23_p_0p00,beta,31,3119234,0.23,0.0,02_dnn/01_dataset_gen/raw_outputs/18_beta_cell_90_dataset/raw_datasets/cell_beta_0p23_p_0p00/dataset_031_seed_3119234/dataset.npz,02_dnn/01_dataset_gen/raw_outputs/18_beta_cell_90_dataset/raw_datasets/cell_beta_0p23_p_0p00/dataset_031_seed_3119234/dataset_meta.json
cell_beta_0p23_p_0p00,beta,32,3219234,0.23,0.0,02_dnn/01_dataset_gen/raw_outputs/18_beta_cell_90_dataset/raw_datasets/cell_beta_0p23_p_0p00/dataset_032_seed_3219234/dataset.npz,02_dnn/01_dataset_gen/raw_outputs/18_beta_cell_90_dataset/raw_datasets/cell_beta_0p23_p_0p00/dataset_032_seed_3219234/dataset_meta.json
cell_beta_0p23_p_0p00,beta,33,3319234,0.23,0.0,02_dnn/01_dataset_gen/raw_outputs/18_beta_cell_90_dataset/raw_datasets/cell_beta_0p23_p_0p00/dataset_033_seed_3319234/dataset.npz,02_dnn/01_dataset_gen/raw_outputs/18_beta_cell_90_dataset/raw_datasets/cell_beta_0p23_p_0p00/dataset_033_seed_3319234/dataset_meta.json
cell_beta_0p23_p_0p00,beta,34,3419234,0.23,0.0,02_dnn/01_dataset_gen/raw_outputs/18_beta_cell_90_dataset/raw_datasets/cell_beta_0p23_p_0p00/dataset_034_seed_3419234/dataset.npz,02_dnn/01_dataset_gen/raw_outputs/18_beta_cell_90_dataset/raw_datasets/cell_beta_0p23_p_0p00/dataset_034_seed_3419234/dataset_meta.json
cell_beta_0p23_p_0p00,beta,35,3519234,0.23,0.0,02_dnn/01_dataset_gen/raw_outputs/18_beta_cell_90_dataset/raw_datasets/cell_beta_0p23_p_0p00/dataset_035_seed_3519234/dataset.npz,02_dnn/01_dataset_gen/raw_outputs/18_beta_cell_90_dataset/raw_datasets/cell_beta_0p23_p_0p00/dataset_035_seed_3519234/dataset_meta.json
cell_beta_0p23_p_0p00,beta,36,3619234,0.23,0.0,02_dnn/01_dataset_gen/raw_outputs/18_beta_cell_90_dataset/raw_datasets/cell_beta_0p23_p_0p00/dataset_036_seed_3619234/dataset.npz,02_dnn/01_dataset_gen/raw_outputs/18_beta_cell_90_dataset/raw_datasets/cell_beta_0p23_p_0p00/dataset_036_seed_3619234/dataset_meta.json
cell_beta_0p23_p_0p00,beta,37,3719234,0.23,0.0,02_dnn/01_dataset_gen/raw_outputs/18_beta_cell_90_dataset/raw_datasets/cell_beta_0p23_p_0p00/dataset_037_seed_3719234/dataset.npz,02_dnn/01_dataset_gen/raw_outputs/18_beta_cell_90_dataset/raw_datasets/cell_beta_0p23_p_0p00/dataset_037_seed_3719234/dataset_meta.json
cell_beta_0p23_p_0p00,beta,38,3819234,0.23,0.0,02_dnn/01_dataset_gen/raw_outputs/18_beta_cell_90_dataset/raw_datasets/cell_beta_0p23_p_0p00/dataset_038_seed_3819234/dataset.npz,02_dnn/01_dataset_gen/raw_outputs/18_beta_cell_90_dataset/raw_datasets/cell_beta_0p23_p_0p00/dataset_038_seed_3819234/dataset_meta.json
cell_beta_0p23_p_0p00,beta,39,3919234,0.23,0.0,02_dnn/01_dataset_gen/raw_outputs/18_beta_cell_90_dataset/raw_datasets/cell_beta_0p23_p_0p00/dataset_039_seed_3919234/dataset.npz,02_dnn/01_dataset_gen/raw_outputs/18_beta_cell_90_dataset/raw_datasets/cell_beta_0p23_p_0p00/dataset_039_seed_3919234/dataset_meta.json
cell_beta_0p23_p_0p00,beta,40,4019234,0.23,0.0,02_dnn/01_dataset_gen/raw_outputs/18_beta_cell_90_dataset/raw_datasets/cell_beta_0p23_p_0p00/dataset_040_seed_4019234/dataset.npz,02_dnn/01_dataset_gen/raw_outputs/18_beta_cell_90_dataset/raw_datasets/cell_beta_0p23_p_0p00/dataset_040_seed_4019234/dataset_meta.json
cell_beta_0p23_p_0p00,beta,41,4119234,0.23,0.0,02_dnn/01_dataset_gen/raw_outputs/18_beta_cell_90_dataset/raw_datasets/cell_beta_0p23_p_0p00/dataset_041_seed_4119234/dataset.npz,02_dnn/01_dataset_gen/raw_outputs/18_beta_cell_90_dataset/raw_datasets/cell_beta_0p23_p_0p00/dataset_041_seed_4119234/dataset_meta.json
cell_beta_0p23_p_0p00,beta,42,4219234,0.23,0.0,02_dnn/01_dataset_gen/raw_outputs/18_beta_cell_90_dataset/raw_datasets/cell_beta_0p23_p_0p00/dataset_042_seed_4219234/dataset.npz,02_dnn/01_dataset_gen/raw_outputs/18_beta_cell_90_dataset/raw_datasets/cell_beta_0p23_p_0p00/dataset_042_seed_4219234/dataset_meta.json
cell_beta_0p23_p_0p00,beta,43,4319234,0.23,0.0,02_dnn/01_dataset_gen/raw_outputs/18_beta_cell_90_dataset/raw_datasets/cell_beta_0p23_p_0p00/dataset_043_seed_4319234/dataset.npz,02_dnn/01_dataset_gen/raw_outputs/18_beta_cell_90_dataset/raw_datasets/cell_beta_0p23_p_0p00/dataset_043_seed_4319234/dataset_meta.json
cell_beta_0p23_p_0p00,beta,44,4419234,0.23,0.0,02_dnn/01_dataset_gen/raw_outputs/18_beta_cell_90_dataset/raw_datasets/cell_beta_0p23_p_0p00/dataset_044_seed_4419234/dataset.npz,02_dnn/01_dataset_gen/raw_outputs/18_beta_cell_90_dataset/raw_datasets/cell_beta_0p23_p_0p00/dataset_044_seed_4419234/dataset_meta.json
cell_beta_0p23_p_0p00,beta,45,4519234,0.23,0.0,02_dnn/01_dataset_gen/raw_outputs/18_beta_cell_90_dataset/raw_datasets/cell_beta_0p23_p_0p00/dataset_045_seed_4519234/dataset.npz,02_dnn/01_dataset_gen/raw_outputs/18_beta_cell_90_dataset/raw_datasets/cell_beta_0p23_p_0p00/dataset_045_seed_4519234/dataset_meta.json
cell_beta_0p23_p_0p00,beta,46,4619234,0.23,0.0,02_dnn/01_dataset_gen/raw_outputs/18_beta_cell_90_dataset/raw_datasets/cell_beta_0p23_p_0p00/dataset_046_seed_4619234/dataset.npz,02_dnn/01_dataset_gen/raw_outputs/18_beta_cell_90_dataset/raw_datasets/cell_beta_0p23_p_0p00/dataset_046_seed_4619234/dataset_meta.json
cell_beta_0p23_p_0p00,beta,47,4719234,0.23,0.0,02_dnn/01_dataset_gen/raw_outputs/18_beta_cell_90_dataset/raw_datasets/cell_beta_0p23_p_0p00/dataset_047_seed_4719234/dataset.npz,02_dnn/01_dataset_gen/raw_outputs/18_beta_cell_90_dataset/raw_datasets/cell_beta_0p23_p_0p00/dataset_047_seed_4719234/dataset_meta.json
cell_beta_0p23_p_0p00,beta,48,4819234,0.23,0.0,02_dnn/01_dataset_gen/raw_outputs/18_beta_cell_90_dataset/raw_datasets/cell_beta_0p23_p_0p00/dataset_048_seed_4819234/dataset.npz,02_dnn/01_dataset_gen/raw_outputs/18_beta_cell_90_dataset/raw_datasets/cell_beta_0p23_p_0p00/dataset_048_seed_4819234/dataset_meta.json
cell_beta_0p23_p_0p00,beta,49,4919234,0.23,0.0,02_dnn/01_dataset_gen/raw_outputs/18_beta_cell_90_dataset/raw_datasets/cell_beta_0p23_p_0p00/dataset_049_seed_4919234/dataset.npz,02_dnn/01_dataset_gen/raw_outputs/18_beta_cell_90_dataset/raw_datasets/cell_beta_0p23_p_0p00/dataset_049_seed_4919234/dataset_meta.json
cell_beta_0p23_p_0p00,beta,50,5019234,0.23,0.0,02_dnn/01_dataset_gen/raw_outputs/18_beta_cell_90_dataset/raw_datasets/cell_beta_0p23_p_0p00/dataset_050_seed_5019234/dataset.npz,02_dnn/01_dataset_gen/raw_outputs/18_beta_cell_90_dataset/raw_datasets/cell_beta_0p23_p_0p00/dataset_050_seed_5019234/dataset_meta.json
cell_beta_0p23_p_0p00,beta,51,5119234,0.23,0.0,02_dnn/01_dataset_gen/raw_outputs/18_beta_cell_90_dataset/raw_datasets/cell_beta_0p23_p_0p00/dataset_051_seed_5119234/dataset.npz,02_dnn/01_dataset_gen/raw_outputs/18_beta_cell_90_dataset/raw_datasets/cell_beta_0p23_p_0p00/dataset_051_seed_5119234/dataset_meta.json
cell_beta_0p23_p_0p00,beta,52,5219234,0.23,0.0,02_dnn/01_dataset_gen/raw_outputs/18_beta_cell_90_dataset/raw_datasets/cell_beta_0p23_p_0p00/dataset_052_seed_5219234/dataset.npz,02_dnn/01_dataset_gen/raw_outputs/18_beta_cell_90_dataset/raw_datasets/cell_beta_0p23_p_0p00/dataset_052_seed_5219234/dataset_meta.json
cell_beta_0p23_p_0p00,beta,53,5319234,0.23,0.0,02_dnn/01_dataset_gen/raw_outputs/18_beta_cell_90_dataset/raw_datasets/cell_beta_0p23_p_0p00/dataset_053_seed_5319234/dataset.npz,02_dnn/01_dataset_gen/raw_outputs/18_beta_cell_90_dataset/raw_datasets/cell_beta_0p23_p_0p00/dataset_053_seed_5319234/dataset_meta.json
cell_beta_0p23_p_0p00,beta,54,5419234,0.23,0.0,02_dnn/01_dataset_gen/raw_outputs/18_beta_cell_90_dataset/raw_datasets/cell_beta_0p23_p_0p00/dataset_054_seed_5419234/dataset.npz,02_dnn/01_dataset_gen/raw_outputs/18_beta_cell_90_dataset/raw_datasets/cell_beta_0p23_p_0p00/dataset_054_seed_5419234/dataset_meta.json
cell_beta_0p23_p_0p00,beta,55,5519234,0.23,0.0,02_dnn/01_dataset_gen/raw_outputs/18_beta_cell_90_dataset/raw_datasets/cell_beta_0p23_p_0p00/dataset_055_seed_5519234/dataset.npz,02_dnn/01_dataset_gen/raw_outputs/18_beta_cell_90_dataset/raw_datasets/cell_beta_0p23_p_0p00/dataset_055_seed_5519234/dataset_meta.json
cell_beta_0p23_p_0p00,beta,56,5619234,0.23,0.0,02_dnn/01_dataset_gen/raw_outputs/18_beta_cell_90_dataset/raw_datasets/cell_beta_0p23_p_0p00/dataset_056_seed_5619234/dataset.npz,02_dnn/01_dataset_gen/raw_outputs/18_beta_cell_90_dataset/raw_datasets/cell_beta_0p23_p_0p00/dataset_056_seed_5619234/dataset_meta.json
cell_beta_0p23_p_0p00,beta,57,5719234,0.23,0.0,02_dnn/01_dataset_gen/raw_outputs/18_beta_cell_90_dataset/raw_datasets/cell_beta_0p23_p_0p00/dataset_057_seed_5719234/dataset.npz,02_dnn/01_dataset_gen/raw_outputs/18_beta_cell_90_dataset/raw_datasets/cell_beta_0p23_p_0p00/dataset_057_seed_5719234/dataset_meta.json
cell_beta_0p23_p_0p00,beta,58,5819234,0.23,0.0,02_dnn/01_dataset_gen/raw_outputs/18_beta_cell_90_dataset/raw_datasets/cell_beta_0p23_p_0p00/dataset_058_seed_5819234/dataset.npz,02_dnn/01_dataset_gen/raw_outputs/18_beta_cell_90_dataset/raw_datasets/cell_beta_0p23_p_0p00/dataset_058_seed_5819234/dataset_meta.json
cell_beta_0p23_p_0p00,beta,59,5919234,0.23,0.0,02_dnn/01_dataset_gen/raw_outputs/18_beta_cell_90_dataset/raw_datasets/cell_beta_0p23_p_0p00/dataset_059_seed_5919234/dataset.npz,02_dnn/01_dataset_gen/raw_outputs/18_beta_cell_90_dataset/raw_datasets/cell_beta_0p23_p_0p00/dataset_059_seed_5919234/dataset_meta.json
cell_beta_0p23_p_0p00,beta,60,6019234,0.23,0.0,02_dnn/01_dataset_gen/raw_outputs/18_beta_cell_90_dataset/raw_datasets/cell_beta_0p23_p_0p00/dataset_060_seed_6019234/dataset.npz,02_dnn/01_dataset_gen/raw_outputs/18_beta_cell_90_dataset/raw_datasets/cell_beta_0p23_p_0p00/dataset_060_seed_6019234/dataset_meta.json
cell_beta_0p23_p_0p00,beta,61,6119234,0.23,0.0,02_dnn/01_dataset_gen/raw_outputs/18_beta_cell_90_dataset/raw_datasets/cell_beta_0p23_p_0p00/dataset_061_seed_6119234/dataset.npz,02_dnn/01_dataset_gen/raw_outputs/18_beta_cell_90_dataset/raw_datasets/cell_beta_0p23_p_0p00/dataset_061_seed_6119234/dataset_meta.json
cell_beta_0p23_p_0p00,beta,62,6219234,0.23,0.0,02_dnn/01_dataset_gen/raw_outputs/18_beta_cell_90_dataset/raw_datasets/cell_beta_0p23_p_0p00/dataset_062_seed_6219234/dataset.npz,02_dnn/01_dataset_gen/raw_outputs/18_beta_cell_90_dataset/raw_datasets/cell_beta_0p23_p_0p00/dataset_062_seed_6219234/dataset_meta.json
cell_beta_0p23_p_0p00,beta,63,6319234,0.23,0.0,02_dnn/01_dataset_gen/raw_outputs/18_beta_cell_90_dataset/raw_datasets/cell_beta_0p23_p_0p00/dataset_063_seed_6319234/dataset.npz,02_dnn/01_dataset_gen/raw_outputs/18_beta_cell_90_dataset/raw_datasets/cell_beta_0p23_p_0p00/dataset_063_seed_6319234/dataset_meta.json
cell_beta_0p23_p_0p00,beta,64,6419234,0.23,0.0,02_dnn/01_dataset_gen/raw_outputs/18_beta_cell_90_dataset/raw_datasets/cell_beta_0p23_p_0p00/dataset_064_seed_6419234/dataset.npz,02_dnn/01_dataset_gen/raw_outputs/18_beta_cell_90_dataset/raw_datasets/cell_beta_0p23_p_0p00/dataset_064_seed_6419234/dataset_meta.json
cell_beta_0p23_p_0p00,beta,65,6519234,0.23,0.0,02_dnn/01_dataset_gen/raw_outputs/18_beta_cell_90_dataset/raw_datasets/cell_beta_0p23_p_0p00/dataset_065_seed_6519234/dataset.npz,02_dnn/01_dataset_gen/raw_outputs/18_beta_cell_90_dataset/raw_datasets/cell_beta_0p23_p_0p00/dataset_065_seed_6519234/dataset_meta.json
cell_beta_0p23_p_0p00,beta,66,6619234,0.23,0.0,02_dnn/01_dataset_gen/raw_outputs/18_beta_cell_90_dataset/raw_datasets/cell_beta_0p23_p_0p00/dataset_066_seed_6619234/dataset.npz,02_dnn/01_dataset_gen/raw_outputs/18_beta_cell_90_dataset/raw_datasets/cell_beta_0p23_p_0p00/dataset_066_seed_6619234/dataset_meta.json
cell_beta_0p23_p_0p00,beta,67,6719234,0.23,0.0,02_dnn/01_dataset_gen/raw_outputs/18_beta_cell_90_dataset/raw_datasets/cell_beta_0p23_p_0p00/dataset_067_seed_6719234/dataset.npz,02_dnn/01_dataset_gen/raw_outputs/18_beta_cell_90_dataset/raw_datasets/cell_beta_0p23_p_0p00/dataset_067_seed_6719234/dataset_meta.json
cell_beta_0p23_p_0p00,beta,68,6819234,0.23,0.0,02_dnn/01_dataset_gen/raw_outputs/18_beta_cell_90_dataset/raw_datasets/cell_beta_0p23_p_0p00/dataset_068_seed_6819234/dataset.npz,02_dnn/01_dataset_gen/raw_outputs/18_beta_cell_90_dataset/raw_datasets/cell_beta_0p23_p_0p00/dataset_068_seed_6819234/dataset_meta.json
cell_beta_0p23_p_0p00,beta,69,6919234,0.23,0.0,02_dnn/01_dataset_gen/raw_outputs/18_beta_cell_90_dataset/raw_datasets/cell_beta_0p23_p_0p00/dataset_069_seed_6919234/dataset.npz,02_dnn/01_dataset_gen/raw_outputs/18_beta_cell_90_dataset/raw_datasets/cell_beta_0p23_p_0p00/dataset_069_seed_6919234/dataset_meta.json
cell_beta_0p23_p_0p00,beta,70,7019234,0.23,0.0,02_dnn/01_dataset_gen/raw_outputs/18_beta_cell_90_dataset/raw_datasets/cell_beta_0p23_p_0p00/dataset_070_seed_7019234/dataset.npz,02_dnn/01_dataset_gen/raw_outputs/18_beta_cell_90_dataset/raw_datasets/cell_beta_0p23_p_0p00/dataset_070_seed_7019234/dataset_meta.json
cell_beta_0p23_p_0p00,beta,71,7119234,0.23,0.0,02_dnn/01_dataset_gen/raw_outputs/18_beta_cell_90_dataset/raw_datasets/cell_beta_0p23_p_0p00/dataset_071_seed_7119234/dataset.npz,02_dnn/01_dataset_gen/raw_outputs/18_beta_cell_90_dataset/raw_datasets/cell_beta_0p23_p_0p00/dataset_071_seed_7119234/dataset_meta.json
cell_beta_0p23_p_0p00,beta,72,7219234,0.23,0.0,02_dnn/01_dataset_gen/raw_outputs/18_beta_cell_90_dataset/raw_datasets/cell_beta_0p23_p_0p00/dataset_072_seed_7219234/dataset.npz,02_dnn/01_dataset_gen/raw_outputs/18_beta_cell_90_dataset/raw_datasets/cell_beta_0p23_p_0p00/dataset_072_seed_7219234/dataset_meta.json
cell_beta_0p23_p_0p00,beta,73,7319234,0.23,0.0,02_dnn/01_dataset_gen/raw_outputs/18_beta_cell_90_dataset/raw_datasets/cell_beta_0p23_p_0p00/dataset_073_seed_7319234/dataset.npz,02_dnn/01_dataset_gen/raw_outputs/18_beta_cell_90_dataset/raw_datasets/cell_beta_0p23_p_0p00/dataset_073_seed_7319234/dataset_meta.json
cell_beta_0p23_p_0p00,beta,74,7419234,0.23,0.0,02_dnn/01_dataset_gen/raw_outputs/18_beta_cell_90_dataset/raw_datasets/cell_beta_0p23_p_0p00/dataset_074_seed_7419234/dataset.npz,02_dnn/01_dataset_gen/raw_outputs/18_beta_cell_90_dataset/raw_datasets/cell_beta_0p23_p_0p00/dataset_074_seed_7419234/dataset_meta.json
cell_beta_0p23_p_0p00,beta,75,7519234,0.23,0.0,02_dnn/01_dataset_gen/raw_outputs/18_beta_cell_90_dataset/raw_datasets/cell_beta_0p23_p_0p00/dataset_075_seed_7519234/dataset.npz,02_dnn/01_dataset_gen/raw_outputs/18_beta_cell_90_dataset/raw_datasets/cell_beta_0p23_p_0p00/dataset_075_seed_7519234/dataset_meta.json
cell_beta_0p23_p_0p00,beta,76,7619234,0.23,0.0,02_dnn/01_dataset_gen/raw_outputs/18_beta_cell_90_dataset/raw_datasets/cell_beta_0p23_p_0p00/dataset_076_seed_7619234/dataset.npz,02_dnn/01_dataset_gen/raw_outputs/18_beta_cell_90_dataset/raw_datasets/cell_beta_0p23_p_0p00/dataset_076_seed_7619234/dataset_meta.json
cell_beta_0p23_p_0p00,beta,77,7719234,0.23,0.0,02_dnn/01_dataset_gen/raw_outputs/18_beta_cell_90_dataset/raw_datasets/cell_beta_0p23_p_0p00/dataset_077_seed_7719234/dataset.npz,02_dnn/01_dataset_gen/raw_outputs/18_beta_cell_90_dataset/raw_datasets/cell_beta_0p23_p_0p00/dataset_077_seed_7719234/dataset_meta.json
cell_beta_0p23_p_0p00,beta,78,7819234,0.23,0.0,02_dnn/01_dataset_gen/raw_outputs/18_beta_cell_90_dataset/raw_datasets/cell_beta_0p23_p_0p00/dataset_078_seed_7819234/dataset.npz,02_dnn/01_dataset_gen/raw_outputs/18_beta_cell_90_dataset/raw_datasets/cell_beta_0p23_p_0p00/dataset_078_seed_7819234/dataset_meta.json
cell_beta_0p23_p_0p00,beta,79,7919234,0.23,0.0,02_dnn/01_dataset_gen/raw_outputs/18_beta_cell_90_dataset/raw_datasets/cell_beta_0p23_p_0p00/dataset_079_seed_7919234/dataset.npz,02_dnn/01_dataset_gen/raw_outputs/18_beta_cell_90_dataset/raw_datasets/cell_beta_0p23_p_0p00/dataset_079_seed_7919234/dataset_meta.json
cell_beta_0p23_p_0p00,beta,80,8019234,0.23,0.0,02_dnn/01_dataset_gen/raw_outputs/18_beta_cell_90_dataset/raw_datasets/cell_beta_0p23_p_0p00/dataset_080_seed_8019234/dataset.npz,02_dnn/01_dataset_gen/raw_outputs/18_beta_cell_90_dataset/raw_datasets/cell_beta_0p23_p_0p00/dataset_080_seed_8019234/dataset_meta.json
cell_beta_0p23_p_0p00,beta,81,8119234,0.23,0.0,02_dnn/01_dataset_gen/raw_outputs/18_beta_cell_90_dataset/raw_datasets/cell_beta_0p23_p_0p00/dataset_081_seed_8119234/dataset.npz,02_dnn/01_dataset_gen/raw_outputs/18_beta_cell_90_dataset/raw_datasets/cell_beta_0p23_p_0p00/dataset_081_seed_8119234/dataset_meta.json
cell_beta_0p23_p_0p00,beta,82,8219234,0.23,0.0,02_dnn/01_dataset_gen/raw_outputs/18_beta_cell_90_dataset/raw_datasets/cell_beta_0p23_p_0p00/dataset_082_seed_8219234/dataset.npz,02_dnn/01_dataset_gen/raw_outputs/18_beta_cell_90_dataset/raw_datasets/cell_beta_0p23_p_0p00/dataset_082_seed_8219234/dataset_meta.json
cell_beta_0p23_p_0p00,beta,83,8319234,0.23,0.0,02_dnn/01_dataset_gen/raw_outputs/18_beta_cell_90_dataset/raw_datasets/cell_beta_0p23_p_0p00/dataset_083_seed_8319234/dataset.npz,02_dnn/01_dataset_gen/raw_outputs/18_beta_cell_90_dataset/raw_datasets/cell_beta_0p23_p_0p00/dataset_083_seed_8319234/dataset_meta.json
cell_beta_0p23_p_0p00,beta,84,8419234,0.23,0.0,02_dnn/01_dataset_gen/raw_outputs/18_beta_cell_90_dataset/raw_datasets/cell_beta_0p23_p_0p00/dataset_084_seed_8419234/dataset.npz,02_dnn/01_dataset_gen/raw_outputs/18_beta_cell_90_dataset/raw_datasets/cell_beta_0p23_p_0p00/dataset_084_seed_8419234/dataset_meta.json
cell_beta_0p23_p_0p00,beta,85,8519234,0.23,0.0,02_dnn/01_dataset_gen/raw_outputs/18_beta_cell_90_dataset/raw_datasets/cell_beta_0p23_p_0p00/dataset_085_seed_8519234/dataset.npz,02_dnn/01_dataset_gen/raw_outputs/18_beta_cell_90_dataset/raw_datasets/cell_beta_0p23_p_0p00/dataset_085_seed_8519234/dataset_meta.json
cell_beta_0p23_p_0p00,beta,86,8619234,0.23,0.0,02_dnn/01_dataset_gen/raw_outputs/18_beta_cell_90_dataset/raw_datasets/cell_beta_0p23_p_0p00/dataset_086_seed_8619234/dataset.npz,02_dnn/01_dataset_gen/raw_outputs/18_beta_cell_90_dataset/raw_datasets/cell_beta_0p23_p_0p00/dataset_086_seed_8619234/dataset_meta.json
cell_beta_0p23_p_0p00,beta,87,8719234,0.23,0.0,02_dnn/01_dataset_gen/raw_outputs/18_beta_cell_90_dataset/raw_datasets/cell_beta_0p23_p_0p00/dataset_087_seed_8719234/dataset.npz,02_dnn/01_dataset_gen/raw_outputs/18_beta_cell_90_dataset/raw_datasets/cell_beta_0p23_p_0p00/dataset_087_seed_8719234/dataset_meta.json
cell_beta_0p23_p_0p00,beta,88,8819234,0.23,0.0,02_dnn/01_dataset_gen/raw_outputs/18_beta_cell_90_dataset/raw_datasets/cell_beta_0p23_p_0p00/dataset_088_seed_8819234/dataset.npz,02_dnn/01_dataset_gen/raw_outputs/18_beta_cell_90_dataset/raw_datasets/cell_beta_0p23_p_0p00/dataset_088_seed_8819234/dataset_meta.json
cell_beta_0p23_p_0p00,beta,89,8919234,0.23,0.0,02_dnn/01_dataset_gen/raw_outputs/18_beta_cell_90_dataset/raw_datasets/cell_beta_0p23_p_0p00/dataset_089_seed_8919234/dataset.npz,02_dnn/01_dataset_gen/raw_outputs/18_beta_cell_90_dataset/raw_datasets/cell_beta_0p23_p_0p00/dataset_089_seed_8919234/dataset_meta.json
cell_beta_0p25_p_0p00,beta,0,21234,0.25,0.0,02_dnn/01_dataset_gen/raw_outputs/18_beta_cell_90_dataset/raw_datasets/cell_beta_0p25_p_0p00/dataset_000_seed_021234/dataset.npz,02_dnn/01_dataset_gen/raw_outputs/18_beta_cell_90_dataset/raw_datasets/cell_beta_0p25_p_0p00/dataset_000_seed_021234/dataset_meta.json
cell_beta_0p25_p_0p00,beta,1,121234,0.25,0.0,02_dnn/01_dataset_gen/raw_outputs/18_beta_cell_90_dataset/raw_datasets/cell_beta_0p25_p_0p00/dataset_001_seed_121234/dataset.npz,02_dnn/01_dataset_gen/raw_outputs/18_beta_cell_90_dataset/raw_datasets/cell_beta_0p25_p_0p00/dataset_001_seed_121234/dataset_meta.json
cell_beta_0p25_p_0p00,beta,2,221234,0.25,0.0,02_dnn/01_dataset_gen/raw_outputs/18_beta_cell_90_dataset/raw_datasets/cell_beta_0p25_p_0p00/dataset_002_seed_221234/dataset.npz,02_dnn/01_dataset_gen/raw_outputs/18_beta_cell_90_dataset/raw_datasets/cell_beta_0p25_p_0p00/dataset_002_seed_221234/dataset_meta.json
cell_beta_0p25_p_0p00,beta,3,321234,0.25,0.0,02_dnn/01_dataset_gen/raw_outputs/18_beta_cell_90_dataset/raw_datasets/cell_beta_0p25_p_0p00/dataset_003_seed_321234/dataset.npz,02_dnn/01_dataset_gen/raw_outputs/18_beta_cell_90_dataset/raw_datasets/cell_beta_0p25_p_0p00/dataset_003_seed_321234/dataset_meta.json
cell_beta_0p25_p_0p00,beta,4,421234,0.25,0.0,02_dnn/01_dataset_gen/raw_outputs/18_beta_cell_90_dataset/raw_datasets/cell_beta_0p25_p_0p00/dataset_004_seed_421234/dataset.npz,02_dnn/01_dataset_gen/raw_outputs/18_beta_cell_90_dataset/raw_datasets/cell_beta_0p25_p_0p00/dataset_004_seed_421234/dataset_meta.json
cell_beta_0p25_p_0p00,beta,5,521234,0.25,0.0,02_dnn/01_dataset_gen/raw_outputs/18_beta_cell_90_dataset/raw_datasets/cell_beta_0p25_p_0p00/dataset_005_seed_521234/dataset.npz,02_dnn/01_dataset_gen/raw_outputs/18_beta_cell_90_dataset/raw_datasets/cell_beta_0p25_p_0p00/dataset_005_seed_521234/dataset_meta.json
cell_beta_0p25_p_0p00,beta,6,621234,0.25,0.0,02_dnn/01_dataset_gen/raw_outputs/18_beta_cell_90_dataset/raw_datasets/cell_beta_0p25_p_0p00/dataset_006_seed_621234/dataset.npz,02_dnn/01_dataset_gen/raw_outputs/18_beta_cell_90_dataset/raw_datasets/cell_beta_0p25_p_0p00/dataset_006_seed_621234/dataset_meta.json
cell_beta_0p25_p_0p00,beta,7,721234,0.25,0.0,02_dnn/01_dataset_gen/raw_outputs/18_beta_cell_90_dataset/raw_datasets/cell_beta_0p25_p_0p00/dataset_007_seed_721234/dataset.npz,02_dnn/01_dataset_gen/raw_outputs/18_beta_cell_90_dataset/raw_datasets/cell_beta_0p25_p_0p00/dataset_007_seed_721234/dataset_meta.json
cell_beta_0p25_p_0p00,beta,8,821234,0.25,0.0,02_dnn/01_dataset_gen/raw_outputs/18_beta_cell_90_dataset/raw_datasets/cell_beta_0p25_p_0p00/dataset_008_seed_821234/dataset.npz,02_dnn/01_dataset_gen/raw_outputs/18_beta_cell_90_dataset/raw_datasets/cell_beta_0p25_p_0p00/dataset_008_seed_821234/dataset_meta.json
cell_beta_0p25_p_0p00,beta,9,921234,0.25,0.0,02_dnn/01_dataset_gen/raw_outputs/18_beta_cell_90_dataset/raw_datasets/cell_beta_0p25_p_0p00/dataset_009_seed_921234/dataset.npz,02_dnn/01_dataset_gen/raw_outputs/18_beta_cell_90_dataset/raw_datasets/cell_beta_0p25_p_0p00/dataset_009_seed_921234/dataset_meta.json
cell_beta_0p25_p_0p00,beta,10,1021234,0.25,0.0,02_dnn/01_dataset_gen/raw_outputs/18_beta_cell_90_dataset/raw_datasets/cell_beta_0p25_p_0p00/dataset_010_seed_1021234/dataset.npz,02_dnn/01_dataset_gen/raw_outputs/18_beta_cell_90_dataset/raw_datasets/cell_beta_0p25_p_0p00/dataset_010_seed_1021234/dataset_meta.json
cell_beta_0p25_p_0p00,beta,11,1121234,0.25,0.0,02_dnn/01_dataset_gen/raw_outputs/18_beta_cell_90_dataset/raw_datasets/cell_beta_0p25_p_0p00/dataset_011_seed_1121234/dataset.npz,02_dnn/01_dataset_gen/raw_outputs/18_beta_cell_90_dataset/raw_datasets/cell_beta_0p25_p_0p00/dataset_011_seed_1121234/dataset_meta.json
cell_beta_0p25_p_0p00,beta,12,1221234,0.25,0.0,02_dnn/01_dataset_gen/raw_outputs/18_beta_cell_90_dataset/raw_datasets/cell_beta_0p25_p_0p00/dataset_012_seed_1221234/dataset.npz,02_dnn/01_dataset_gen/raw_outputs/18_beta_cell_90_dataset/raw_datasets/cell_beta_0p25_p_0p00/dataset_012_seed_1221234/dataset_meta.json
cell_beta_0p25_p_0p00,beta,13,1321234,0.25,0.0,02_dnn/01_dataset_gen/raw_outputs/18_beta_cell_90_dataset/raw_datasets/cell_beta_0p25_p_0p00/dataset_013_seed_1321234/dataset.npz,02_dnn/01_dataset_gen/raw_outputs/18_beta_cell_90_dataset/raw_datasets/cell_beta_0p25_p_0p00/dataset_013_seed_1321234/dataset_meta.json
cell_beta_0p25_p_0p00,beta,14,1421234,0.25,0.0,02_dnn/01_dataset_gen/raw_outputs/18_beta_cell_90_dataset/raw_datasets/cell_beta_0p25_p_0p00/dataset_014_seed_1421234/dataset.npz,02_dnn/01_dataset_gen/raw_outputs/18_beta_cell_90_dataset/raw_datasets/cell_beta_0p25_p_0p00/dataset_014_seed_1421234/dataset_meta.json
cell_beta_0p25_p_0p00,beta,15,1521234,0.25,0.0,02_dnn/01_dataset_gen/raw_outputs/18_beta_cell_90_dataset/raw_datasets/cell_beta_0p25_p_0p00/dataset_015_seed_1521234/dataset.npz,02_dnn/01_dataset_gen/raw_outputs/18_beta_cell_90_dataset/raw_datasets/cell_beta_0p25_p_0p00/dataset_015_seed_1521234/dataset_meta.json
cell_beta_0p25_p_0p00,beta,16,1621234,0.25,0.0,02_dnn/01_dataset_gen/raw_outputs/18_beta_cell_90_dataset/raw_datasets/cell_beta_0p25_p_0p00/dataset_016_seed_1621234/dataset.npz,02_dnn/01_dataset_gen/raw_outputs/18_beta_cell_90_dataset/raw_datasets/cell_beta_0p25_p_0p00/dataset_016_seed_1621234/dataset_meta.json
cell_beta_0p25_p_0p00,beta,17,1721234,0.25,0.0,02_dnn/01_dataset_gen/raw_outputs/18_beta_cell_90_dataset/raw_datasets/cell_beta_0p25_p_0p00/dataset_017_seed_1721234/dataset.npz,02_dnn/01_dataset_gen/raw_outputs/18_beta_cell_90_dataset/raw_datasets/cell_beta_0p25_p_0p00/dataset_017_seed_1721234/dataset_meta.json
cell_beta_0p25_p_0p00,beta,18,1821234,0.25,0.0,02_dnn/01_dataset_gen/raw_outputs/18_beta_cell_90_dataset/raw_datasets/cell_beta_0p25_p_0p00/dataset_018_seed_1821234/dataset.npz,02_dnn/01_dataset_gen/raw_outputs/18_beta_cell_90_dataset/raw_datasets/cell_beta_0p25_p_0p00/dataset_018_seed_1821234/dataset_meta.json
cell_beta_0p25_p_0p00,beta,19,1921234,0.25,0.0,02_dnn/01_dataset_gen/raw_outputs/18_beta_cell_90_dataset/raw_datasets/cell_beta_0p25_p_0p00/dataset_019_seed_1921234/dataset.npz,02_dnn/01_dataset_gen/raw_outputs/18_beta_cell_90_dataset/raw_datasets/cell_beta_0p25_p_0p00/dataset_019_seed_1921234/dataset_meta.json
cell_beta_0p25_p_0p00,beta,20,2021234,0.25,0.0,02_dnn/01_dataset_gen/raw_outputs/18_beta_cell_90_dataset/raw_datasets/cell_beta_0p25_p_0p00/dataset_020_seed_2021234/dataset.npz,02_dnn/01_dataset_gen/raw_outputs/18_beta_cell_90_dataset/raw_datasets/cell_beta_0p25_p_0p00/dataset_020_seed_2021234/dataset_meta.json
cell_beta_0p25_p_0p00,beta,21,2121234,0.25,0.0,02_dnn/01_dataset_gen/raw_outputs/18_beta_cell_90_dataset/raw_datasets/cell_beta_0p25_p_0p00/dataset_021_seed_2121234/dataset.npz,02_dnn/01_dataset_gen/raw_outputs/18_beta_cell_90_dataset/raw_datasets/cell_beta_0p25_p_0p00/dataset_021_seed_2121234/dataset_meta.json
cell_beta_0p25_p_0p00,beta,22,2221234,0.25,0.0,02_dnn/01_dataset_gen/raw_outputs/18_beta_cell_90_dataset/raw_datasets/cell_beta_0p25_p_0p00/dataset_022_seed_2221234/dataset.npz,02_dnn/01_dataset_gen/raw_outputs/18_beta_cell_90_dataset/raw_datasets/cell_beta_0p25_p_0p00/dataset_022_seed_2221234/dataset_meta.json
cell_beta_0p25_p_0p00,beta,23,2321234,0.25,0.0,02_dnn/01_dataset_gen/raw_outputs/18_beta_cell_90_dataset/raw_datasets/cell_beta_0p25_p_0p00/dataset_023_seed_2321234/dataset.npz,02_dnn/01_dataset_gen/raw_outputs/18_beta_cell_90_dataset/raw_datasets/cell_beta_0p25_p_0p00/dataset_023_seed_2321234/dataset_meta.json
cell_beta_0p25_p_0p00,beta,24,2421234,0.25,0.0,02_dnn/01_dataset_gen/raw_outputs/18_beta_cell_90_dataset/raw_datasets/cell_beta_0p25_p_0p00/dataset_024_seed_2421234/dataset.npz,02_dnn/01_dataset_gen/raw_outputs/18_beta_cell_90_dataset/raw_datasets/cell_beta_0p25_p_0p00/dataset_024_seed_2421234/dataset_meta.json
cell_beta_0p25_p_0p00,beta,25,2521234,0.25,0.0,02_dnn/01_dataset_gen/raw_outputs/18_beta_cell_90_dataset/raw_datasets/cell_beta_0p25_p_0p00/dataset_025_seed_2521234/dataset.npz,02_dnn/01_dataset_gen/raw_outputs/18_beta_cell_90_dataset/raw_datasets/cell_beta_0p25_p_0p00/dataset_025_seed_2521234/dataset_meta.json
cell_beta_0p25_p_0p00,beta,26,2621234,0.25,0.0,02_dnn/01_dataset_gen/raw_outputs/18_beta_cell_90_dataset/raw_datasets/cell_beta_0p25_p_0p00/dataset_026_seed_2621234/dataset.npz,02_dnn/01_dataset_gen/raw_outputs/18_beta_cell_90_dataset/raw_datasets/cell_beta_0p25_p_0p00/dataset_026_seed_2621234/dataset_meta.json
cell_beta_0p25_p_0p00,beta,27,2721234,0.25,0.0,02_dnn/01_dataset_gen/raw_outputs/18_beta_cell_90_dataset/raw_datasets/cell_beta_0p25_p_0p00/dataset_027_seed_2721234/dataset.npz,02_dnn/01_dataset_gen/raw_outputs/18_beta_cell_90_dataset/raw_datasets/cell_beta_0p25_p_0p00/dataset_027_seed_2721234/dataset_meta.json
cell_beta_0p25_p_0p00,beta,28,2821234,0.25,0.0,02_dnn/01_dataset_gen/raw_outputs/18_beta_cell_90_dataset/raw_datasets/cell_beta_0p25_p_0p00/dataset_028_seed_2821234/dataset.npz,02_dnn/01_dataset_gen/raw_outputs/18_beta_cell_90_dataset/raw_datasets/cell_beta_0p25_p_0p00/dataset_028_seed_2821234/dataset_meta.json
cell_beta_0p25_p_0p00,beta,29,2921234,0.25,0.0,02_dnn/01_dataset_gen/raw_outputs/18_beta_cell_90_dataset/raw_datasets/cell_beta_0p25_p_0p00/dataset_029_seed_2921234/dataset.npz,02_dnn/01_dataset_gen/raw_outputs/18_beta_cell_90_dataset/raw_datasets/cell_beta_0p25_p_0p00/dataset_029_seed_2921234/dataset_meta.json
cell_beta_0p25_p_0p00,beta,30,3021234,0.25,0.0,02_dnn/01_dataset_gen/raw_outputs/18_beta_cell_90_dataset/raw_datasets/cell_beta_0p25_p_0p00/dataset_030_seed_3021234/dataset.npz,02_dnn/01_dataset_gen/raw_outputs/18_beta_cell_90_dataset/raw_datasets/cell_beta_0p25_p_0p00/dataset_030_seed_3021234/dataset_meta.json
cell_beta_0p25_p_0p00,beta,31,3121234,0.25,0.0,02_dnn/01_dataset_gen/raw_outputs/18_beta_cell_90_dataset/raw_datasets/cell_beta_0p25_p_0p00/dataset_031_seed_3121234/dataset.npz,02_dnn/01_dataset_gen/raw_outputs/18_beta_cell_90_dataset/raw_datasets/cell_beta_0p25_p_0p00/dataset_031_seed_3121234/dataset_meta.json
cell_beta_0p25_p_0p00,beta,32,3221234,0.25,0.0,02_dnn/01_dataset_gen/raw_outputs/18_beta_cell_90_dataset/raw_datasets/cell_beta_0p25_p_0p00/dataset_032_seed_3221234/dataset.npz,02_dnn/01_dataset_gen/raw_outputs/18_beta_cell_90_dataset/raw_datasets/cell_beta_0p25_p_0p00/dataset_032_seed_3221234/dataset_meta.json
cell_beta_0p25_p_0p00,beta,33,3321234,0.25,0.0,02_dnn/01_dataset_gen/raw_outputs/18_beta_cell_90_dataset/raw_datasets/cell_beta_0p25_p_0p00/dataset_033_seed_3321234/dataset.npz,02_dnn/01_dataset_gen/raw_outputs/18_beta_cell_90_dataset/raw_datasets/cell_beta_0p25_p_0p00/dataset_033_seed_3321234/dataset_meta.json
cell_beta_0p25_p_0p00,beta,34,3421234,0.25,0.0,02_dnn/01_dataset_gen/raw_outputs/18_beta_cell_90_dataset/raw_datasets/cell_beta_0p25_p_0p00/dataset_034_seed_3421234/dataset.npz,02_dnn/01_dataset_gen/raw_outputs/18_beta_cell_90_dataset/raw_datasets/cell_beta_0p25_p_0p00/dataset_034_seed_3421234/dataset_meta.json
cell_beta_0p25_p_0p00,beta,35,3521234,0.25,0.0,02_dnn/01_dataset_gen/raw_outputs/18_beta_cell_90_dataset/raw_datasets/cell_beta_0p25_p_0p00/dataset_035_seed_3521234/dataset.npz,02_dnn/01_dataset_gen/raw_outputs/18_beta_cell_90_dataset/raw_datasets/cell_beta_0p25_p_0p00/dataset_035_seed_3521234/dataset_meta.json
cell_beta_0p25_p_0p00,beta,36,3621234,0.25,0.0,02_dnn/01_dataset_gen/raw_outputs/18_beta_cell_90_dataset/raw_datasets/cell_beta_0p25_p_0p00/dataset_036_seed_3621234/dataset.npz,02_dnn/01_dataset_gen/raw_outputs/18_beta_cell_90_dataset/raw_datasets/cell_beta_0p25_p_0p00/dataset_036_seed_3621234/dataset_meta.json
cell_beta_0p25_p_0p00,beta,37,3721234,0.25,0.0,02_dnn/01_dataset_gen/raw_outputs/18_beta_cell_90_dataset/raw_datasets/cell_beta_0p25_p_0p00/dataset_037_seed_3721234/dataset.npz,02_dnn/01_dataset_gen/raw_outputs/18_beta_cell_90_dataset/raw_datasets/cell_beta_0p25_p_0p00/dataset_037_seed_3721234/dataset_meta.json
cell_beta_0p25_p_0p00,beta,38,3821234,0.25,0.0,02_dnn/01_dataset_gen/raw_outputs/18_beta_cell_90_dataset/raw_datasets/cell_beta_0p25_p_0p00/dataset_038_seed_3821234/dataset.npz,02_dnn/01_dataset_gen/raw_outputs/18_beta_cell_90_dataset/raw_datasets/cell_beta_0p25_p_0p00/dataset_038_seed_3821234/dataset_meta.json
cell_beta_0p25_p_0p00,beta,39,3921234,0.25,0.0,02_dnn/01_dataset_gen/raw_outputs/18_beta_cell_90_dataset/raw_datasets/cell_beta_0p25_p_0p00/dataset_039_seed_3921234/dataset.npz,02_dnn/01_dataset_gen/raw_outputs/18_beta_cell_90_dataset/raw_datasets/cell_beta_0p25_p_0p00/dataset_039_seed_3921234/dataset_meta.json
cell_beta_0p25_p_0p00,beta,40,4021234,0.25,0.0,02_dnn/01_dataset_gen/raw_outputs/18_beta_cell_90_dataset/raw_datasets/cell_beta_0p25_p_0p00/dataset_040_seed_4021234/dataset.npz,02_dnn/01_dataset_gen/raw_outputs/18_beta_cell_90_dataset/raw_datasets/cell_beta_0p25_p_0p00/dataset_040_seed_4021234/dataset_meta.json
cell_beta_0p25_p_0p00,beta,41,4121234,0.25,0.0,02_dnn/01_dataset_gen/raw_outputs/18_beta_cell_90_dataset/raw_datasets/cell_beta_0p25_p_0p00/dataset_041_seed_4121234/dataset.npz,02_dnn/01_dataset_gen/raw_outputs/18_beta_cell_90_dataset/raw_datasets/cell_beta_0p25_p_0p00/dataset_041_seed_4121234/dataset_meta.json
cell_beta_0p25_p_0p00,beta,42,4221234,0.25,0.0,02_dnn/01_dataset_gen/raw_outputs/18_beta_cell_90_dataset/raw_datasets/cell_beta_0p25_p_0p00/dataset_042_seed_4221234/dataset.npz,02_dnn/01_dataset_gen/raw_outputs/18_beta_cell_90_dataset/raw_datasets/cell_beta_0p25_p_0p00/dataset_042_seed_4221234/dataset_meta.json
cell_beta_0p25_p_0p00,beta,43,4321234,0.25,0.0,02_dnn/01_dataset_gen/raw_outputs/18_beta_cell_90_dataset/raw_datasets/cell_beta_0p25_p_0p00/dataset_043_seed_4321234/dataset.npz,02_dnn/01_dataset_gen/raw_outputs/18_beta_cell_90_dataset/raw_datasets/cell_beta_0p25_p_0p00/dataset_043_seed_4321234/dataset_meta.json
cell_beta_0p25_p_0p00,beta,44,4421234,0.25,0.0,02_dnn/01_dataset_gen/raw_outputs/18_beta_cell_90_dataset/raw_datasets/cell_beta_0p25_p_0p00/dataset_044_seed_4421234/dataset.npz,02_dnn/01_dataset_gen/raw_outputs/18_beta_cell_90_dataset/raw_datasets/cell_beta_0p25_p_0p00/dataset_044_seed_4421234/dataset_meta.json
cell_beta_0p25_p_0p00,beta,45,4521234,0.25,0.0,02_dnn/01_dataset_gen/raw_outputs/18_beta_cell_90_dataset/raw_datasets/cell_beta_0p25_p_0p00/dataset_045_seed_4521234/dataset.npz,02_dnn/01_dataset_gen/raw_outputs/18_beta_cell_90_dataset/raw_datasets/cell_beta_0p25_p_0p00/dataset_045_seed_4521234/dataset_meta.json
cell_beta_0p25_p_0p00,beta,46,4621234,0.25,0.0,02_dnn/01_dataset_gen/raw_outputs/18_beta_cell_90_dataset/raw_datasets/cell_beta_0p25_p_0p00/dataset_046_seed_4621234/dataset.npz,02_dnn/01_dataset_gen/raw_outputs/18_beta_cell_90_dataset/raw_datasets/cell_beta_0p25_p_0p00/dataset_046_seed_4621234/dataset_meta.json
cell_beta_0p25_p_0p00,beta,47,4721234,0.25,0.0,02_dnn/01_dataset_gen/raw_outputs/18_beta_cell_90_dataset/raw_datasets/cell_beta_0p25_p_0p00/dataset_047_seed_4721234/dataset.npz,02_dnn/01_dataset_gen/raw_outputs/18_beta_cell_90_dataset/raw_datasets/cell_beta_0p25_p_0p00/dataset_047_seed_4721234/dataset_meta.json
cell_beta_0p25_p_0p00,beta,48,4821234,0.25,0.0,02_dnn/01_dataset_gen/raw_outputs/18_beta_cell_90_dataset/raw_datasets/cell_beta_0p25_p_0p00/dataset_048_seed_4821234/dataset.npz,02_dnn/01_dataset_gen/raw_outputs/18_beta_cell_90_dataset/raw_datasets/cell_beta_0p25_p_0p00/dataset_048_seed_4821234/dataset_meta.json
cell_beta_0p25_p_0p00,beta,49,4921234,0.25,0.0,02_dnn/01_dataset_gen/raw_outputs/18_beta_cell_90_dataset/raw_datasets/cell_beta_0p25_p_0p00/dataset_049_seed_4921234/dataset.npz,02_dnn/01_dataset_gen/raw_outputs/18_beta_cell_90_dataset/raw_datasets/cell_beta_0p25_p_0p00/dataset_049_seed_4921234/dataset_meta.json
cell_beta_0p25_p_0p00,beta,50,5021234,0.25,0.0,02_dnn/01_dataset_gen/raw_outputs/18_beta_cell_90_dataset/raw_datasets/cell_beta_0p25_p_0p00/dataset_050_seed_5021234/dataset.npz,02_dnn/01_dataset_gen/raw_outputs/18_beta_cell_90_dataset/raw_datasets/cell_beta_0p25_p_0p00/dataset_050_seed_5021234/dataset_meta.json
cell_beta_0p25_p_0p00,beta,51,5121234,0.25,0.0,02_dnn/01_dataset_gen/raw_outputs/18_beta_cell_90_dataset/raw_datasets/cell_beta_0p25_p_0p00/dataset_051_seed_5121234/dataset.npz,02_dnn/01_dataset_gen/raw_outputs/18_beta_cell_90_dataset/raw_datasets/cell_beta_0p25_p_0p00/dataset_051_seed_5121234/dataset_meta.json
cell_beta_0p25_p_0p00,beta,52,5221234,0.25,0.0,02_dnn/01_dataset_gen/raw_outputs/18_beta_cell_90_dataset/raw_datasets/cell_beta_0p25_p_0p00/dataset_052_seed_5221234/dataset.npz,02_dnn/01_dataset_gen/raw_outputs/18_beta_cell_90_dataset/raw_datasets/cell_beta_0p25_p_0p00/dataset_052_seed_5221234/dataset_meta.json
cell_beta_0p25_p_0p00,beta,53,5321234,0.25,0.0,02_dnn/01_dataset_gen/raw_outputs/18_beta_cell_90_dataset/raw_datasets/cell_beta_0p25_p_0p00/dataset_053_seed_5321234/dataset.npz,02_dnn/01_dataset_gen/raw_outputs/18_beta_cell_90_dataset/raw_datasets/cell_beta_0p25_p_0p00/dataset_053_seed_5321234/dataset_meta.json
cell_beta_0p25_p_0p00,beta,54,5421234,0.25,0.0,02_dnn/01_dataset_gen/raw_outputs/18_beta_cell_90_dataset/raw_datasets/cell_beta_0p25_p_0p00/dataset_054_seed_5421234/dataset.npz,02_dnn/01_dataset_gen/raw_outputs/18_beta_cell_90_dataset/raw_datasets/cell_beta_0p25_p_0p00/dataset_054_seed_5421234/dataset_meta.json
cell_beta_0p25_p_0p00,beta,55,5521234,0.25,0.0,02_dnn/01_dataset_gen/raw_outputs/18_beta_cell_90_dataset/raw_datasets/cell_beta_0p25_p_0p00/dataset_055_seed_5521234/dataset.npz,02_dnn/01_dataset_gen/raw_outputs/18_beta_cell_90_dataset/raw_datasets/cell_beta_0p25_p_0p00/dataset_055_seed_5521234/dataset_meta.json
cell_beta_0p25_p_0p00,beta,56,5621234,0.25,0.0,02_dnn/01_dataset_gen/raw_outputs/18_beta_cell_90_dataset/raw_datasets/cell_beta_0p25_p_0p00/dataset_056_seed_5621234/dataset.npz,02_dnn/01_dataset_gen/raw_outputs/18_beta_cell_90_dataset/raw_datasets/cell_beta_0p25_p_0p00/dataset_056_seed_5621234/dataset_meta.json
cell_beta_0p25_p_0p00,beta,57,5721234,0.25,0.0,02_dnn/01_dataset_gen/raw_outputs/18_beta_cell_90_dataset/raw_datasets/cell_beta_0p25_p_0p00/dataset_057_seed_5721234/dataset.npz,02_dnn/01_dataset_gen/raw_outputs/18_beta_cell_90_dataset/raw_datasets/cell_beta_0p25_p_0p00/dataset_057_seed_5721234/dataset_meta.json
cell_beta_0p25_p_0p00,beta,58,5821234,0.25,0.0,02_dnn/01_dataset_gen/raw_outputs/18_beta_cell_90_dataset/raw_datasets/cell_beta_0p25_p_0p00/dataset_058_seed_5821234/dataset.npz,02_dnn/01_dataset_gen/raw_outputs/18_beta_cell_90_dataset/raw_datasets/cell_beta_0p25_p_0p00/dataset_058_seed_5821234/dataset_meta.json
cell_beta_0p25_p_0p00,beta,59,5921234,0.25,0.0,02_dnn/01_dataset_gen/raw_outputs/18_beta_cell_90_dataset/raw_datasets/cell_beta_0p25_p_0p00/dataset_059_seed_5921234/dataset.npz,02_dnn/01_dataset_gen/raw_outputs/18_beta_cell_90_dataset/raw_datasets/cell_beta_0p25_p_0p00/dataset_059_seed_5921234/dataset_meta.json
cell_beta_0p25_p_0p00,beta,60,6021234,0.25,0.0,02_dnn/01_dataset_gen/raw_outputs/18_beta_cell_90_dataset/raw_datasets/cell_beta_0p25_p_0p00/dataset_060_seed_6021234/dataset.npz,02_dnn/01_dataset_gen/raw_outputs/18_beta_cell_90_dataset/raw_datasets/cell_beta_0p25_p_0p00/dataset_060_seed_6021234/dataset_meta.json
cell_beta_0p25_p_0p00,beta,61,6121234,0.25,0.0,02_dnn/01_dataset_gen/raw_outputs/18_beta_cell_90_dataset/raw_datasets/cell_beta_0p25_p_0p00/dataset_061_seed_6121234/dataset.npz,02_dnn/01_dataset_gen/raw_outputs/18_beta_cell_90_dataset/raw_datasets/cell_beta_0p25_p_0p00/dataset_061_seed_6121234/dataset_meta.json
cell_beta_0p25_p_0p00,beta,62,6221234,0.25,0.0,02_dnn/01_dataset_gen/raw_outputs/18_beta_cell_90_dataset/raw_datasets/cell_beta_0p25_p_0p00/dataset_062_seed_6221234/dataset.npz,02_dnn/01_dataset_gen/raw_outputs/18_beta_cell_90_dataset/raw_datasets/cell_beta_0p25_p_0p00/dataset_062_seed_6221234/dataset_meta.json
cell_beta_0p25_p_0p00,beta,63,6321234,0.25,0.0,02_dnn/01_dataset_gen/raw_outputs/18_beta_cell_90_dataset/raw_datasets/cell_beta_0p25_p_0p00/dataset_063_seed_6321234/dataset.npz,02_dnn/01_dataset_gen/raw_outputs/18_beta_cell_90_dataset/raw_datasets/cell_beta_0p25_p_0p00/dataset_063_seed_6321234/dataset_meta.json
cell_beta_0p25_p_0p00,beta,64,6421234,0.25,0.0,02_dnn/01_dataset_gen/raw_outputs/18_beta_cell_90_dataset/raw_datasets/cell_beta_0p25_p_0p00/dataset_064_seed_6421234/dataset.npz,02_dnn/01_dataset_gen/raw_outputs/18_beta_cell_90_dataset/raw_datasets/cell_beta_0p25_p_0p00/dataset_064_seed_6421234/dataset_meta.json
cell_beta_0p25_p_0p00,beta,65,6521234,0.25,0.0,02_dnn/01_dataset_gen/raw_outputs/18_beta_cell_90_dataset/raw_datasets/cell_beta_0p25_p_0p00/dataset_065_seed_6521234/dataset.npz,02_dnn/01_dataset_gen/raw_outputs/18_beta_cell_90_dataset/raw_datasets/cell_beta_0p25_p_0p00/dataset_065_seed_6521234/dataset_meta.json
cell_beta_0p25_p_0p00,beta,66,6621234,0.25,0.0,02_dnn/01_dataset_gen/raw_outputs/18_beta_cell_90_dataset/raw_datasets/cell_beta_0p25_p_0p00/dataset_066_seed_6621234/dataset.npz,02_dnn/01_dataset_gen/raw_outputs/18_beta_cell_90_dataset/raw_datasets/cell_beta_0p25_p_0p00/dataset_066_seed_6621234/dataset_meta.json
cell_beta_0p25_p_0p00,beta,67,6721234,0.25,0.0,02_dnn/01_dataset_gen/raw_outputs/18_beta_cell_90_dataset/raw_datasets/cell_beta_0p25_p_0p00/dataset_067_seed_6721234/dataset.npz,02_dnn/01_dataset_gen/raw_outputs/18_beta_cell_90_dataset/raw_datasets/cell_beta_0p25_p_0p00/dataset_067_seed_6721234/dataset_meta.json
cell_beta_0p25_p_0p00,beta,68,6821234,0.25,0.0,02_dnn/01_dataset_gen/raw_outputs/18_beta_cell_90_dataset/raw_datasets/cell_beta_0p25_p_0p00/dataset_068_seed_6821234/dataset.npz,02_dnn/01_dataset_gen/raw_outputs/18_beta_cell_90_dataset/raw_datasets/cell_beta_0p25_p_0p00/dataset_068_seed_6821234/dataset_meta.json
cell_beta_0p25_p_0p00,beta,69,6921234,0.25,0.0,02_dnn/01_dataset_gen/raw_outputs/18_beta_cell_90_dataset/raw_datasets/cell_beta_0p25_p_0p00/dataset_069_seed_6921234/dataset.npz,02_dnn/01_dataset_gen/raw_outputs/18_beta_cell_90_dataset/raw_datasets/cell_beta_0p25_p_0p00/dataset_069_seed_6921234/dataset_meta.json
cell_beta_0p25_p_0p00,beta,70,7021234,0.25,0.0,02_dnn/01_dataset_gen/raw_outputs/18_beta_cell_90_dataset/raw_datasets/cell_beta_0p25_p_0p00/dataset_070_seed_7021234/dataset.npz,02_dnn/01_dataset_gen/raw_outputs/18_beta_cell_90_dataset/raw_datasets/cell_beta_0p25_p_0p00/dataset_070_seed_7021234/dataset_meta.json
cell_beta_0p25_p_0p00,beta,71,7121234,0.25,0.0,02_dnn/01_dataset_gen/raw_outputs/18_beta_cell_90_dataset/raw_datasets/cell_beta_0p25_p_0p00/dataset_071_seed_7121234/dataset.npz,02_dnn/01_dataset_gen/raw_outputs/18_beta_cell_90_dataset/raw_datasets/cell_beta_0p25_p_0p00/dataset_071_seed_7121234/dataset_meta.json
cell_beta_0p25_p_0p00,beta,72,7221234,0.25,0.0,02_dnn/01_dataset_gen/raw_outputs/18_beta_cell_90_dataset/raw_datasets/cell_beta_0p25_p_0p00/dataset_072_seed_7221234/dataset.npz,02_dnn/01_dataset_gen/raw_outputs/18_beta_cell_90_dataset/raw_datasets/cell_beta_0p25_p_0p00/dataset_072_seed_7221234/dataset_meta.json
cell_beta_0p25_p_0p00,beta,73,7321234,0.25,0.0,02_dnn/01_dataset_gen/raw_outputs/18_beta_cell_90_dataset/raw_datasets/cell_beta_0p25_p_0p00/dataset_073_seed_7321234/dataset.npz,02_dnn/01_dataset_gen/raw_outputs/18_beta_cell_90_dataset/raw_datasets/cell_beta_0p25_p_0p00/dataset_073_seed_7321234/dataset_meta.json
cell_beta_0p25_p_0p00,beta,74,7421234,0.25,0.0,02_dnn/01_dataset_gen/raw_outputs/18_beta_cell_90_dataset/raw_datasets/cell_beta_0p25_p_0p00/dataset_074_seed_7421234/dataset.npz,02_dnn/01_dataset_gen/raw_outputs/18_beta_cell_90_dataset/raw_datasets/cell_beta_0p25_p_0p00/dataset_074_seed_7421234/dataset_meta.json
cell_beta_0p25_p_0p00,beta,75,7521234,0.25,0.0,02_dnn/01_dataset_gen/raw_outputs/18_beta_cell_90_dataset/raw_datasets/cell_beta_0p25_p_0p00/dataset_075_seed_7521234/dataset.npz,02_dnn/01_dataset_gen/raw_outputs/18_beta_cell_90_dataset/raw_datasets/cell_beta_0p25_p_0p00/dataset_075_seed_7521234/dataset_meta.json
cell_beta_0p25_p_0p00,beta,76,7621234,0.25,0.0,02_dnn/01_dataset_gen/raw_outputs/18_beta_cell_90_dataset/raw_datasets/cell_beta_0p25_p_0p00/dataset_076_seed_7621234/dataset.npz,02_dnn/01_dataset_gen/raw_outputs/18_beta_cell_90_dataset/raw_datasets/cell_beta_0p25_p_0p00/dataset_076_seed_7621234/dataset_meta.json
cell_beta_0p25_p_0p00,beta,77,7721234,0.25,0.0,02_dnn/01_dataset_gen/raw_outputs/18_beta_cell_90_dataset/raw_datasets/cell_beta_0p25_p_0p00/dataset_077_seed_7721234/dataset.npz,02_dnn/01_dataset_gen/raw_outputs/18_beta_cell_90_dataset/raw_datasets/cell_beta_0p25_p_0p00/dataset_077_seed_7721234/dataset_meta.json
cell_beta_0p25_p_0p00,beta,78,7821234,0.25,0.0,02_dnn/01_dataset_gen/raw_outputs/18_beta_cell_90_dataset/raw_datasets/cell_beta_0p25_p_0p00/dataset_078_seed_7821234/dataset.npz,02_dnn/01_dataset_gen/raw_outputs/18_beta_cell_90_dataset/raw_datasets/cell_beta_0p25_p_0p00/dataset_078_seed_7821234/dataset_meta.json
cell_beta_0p25_p_0p00,beta,79,7921234,0.25,0.0,02_dnn/01_dataset_gen/raw_outputs/18_beta_cell_90_dataset/raw_datasets/cell_beta_0p25_p_0p00/dataset_079_seed_7921234/dataset.npz,02_dnn/01_dataset_gen/raw_outputs/18_beta_cell_90_dataset/raw_datasets/cell_beta_0p25_p_0p00/dataset_079_seed_7921234/dataset_meta.json
cell_beta_0p25_p_0p00,beta,80,8021234,0.25,0.0,02_dnn/01_dataset_gen/raw_outputs/18_beta_cell_90_dataset/raw_datasets/cell_beta_0p25_p_0p00/dataset_080_seed_8021234/dataset.npz,02_dnn/01_dataset_gen/raw_outputs/18_beta_cell_90_dataset/raw_datasets/cell_beta_0p25_p_0p00/dataset_080_seed_8021234/dataset_meta.json
cell_beta_0p25_p_0p00,beta,81,8121234,0.25,0.0,02_dnn/01_dataset_gen/raw_outputs/18_beta_cell_90_dataset/raw_datasets/cell_beta_0p25_p_0p00/dataset_081_seed_8121234/dataset.npz,02_dnn/01_dataset_gen/raw_outputs/18_beta_cell_90_dataset/raw_datasets/cell_beta_0p25_p_0p00/dataset_081_seed_8121234/dataset_meta.json
cell_beta_0p25_p_0p00,beta,82,8221234,0.25,0.0,02_dnn/01_dataset_gen/raw_outputs/18_beta_cell_90_dataset/raw_datasets/cell_beta_0p25_p_0p00/dataset_082_seed_8221234/dataset.npz,02_dnn/01_dataset_gen/raw_outputs/18_beta_cell_90_dataset/raw_datasets/cell_beta_0p25_p_0p00/dataset_082_seed_8221234/dataset_meta.json
cell_beta_0p25_p_0p00,beta,83,8321234,0.25,0.0,02_dnn/01_dataset_gen/raw_outputs/18_beta_cell_90_dataset/raw_datasets/cell_beta_0p25_p_0p00/dataset_083_seed_8321234/dataset.npz,02_dnn/01_dataset_gen/raw_outputs/18_beta_cell_90_dataset/raw_datasets/cell_beta_0p25_p_0p00/dataset_083_seed_8321234/dataset_meta.json
cell_beta_0p25_p_0p00,beta,84,8421234,0.25,0.0,02_dnn/01_dataset_gen/raw_outputs/18_beta_cell_90_dataset/raw_datasets/cell_beta_0p25_p_0p00/dataset_084_seed_8421234/dataset.npz,02_dnn/01_dataset_gen/raw_outputs/18_beta_cell_90_dataset/raw_datasets/cell_beta_0p25_p_0p00/dataset_084_seed_8421234/dataset_meta.json
cell_beta_0p25_p_0p00,beta,85,8521234,0.25,0.0,02_dnn/01_dataset_gen/raw_outputs/18_beta_cell_90_dataset/raw_datasets/cell_beta_0p25_p_0p00/dataset_085_seed_8521234/dataset.npz,02_dnn/01_dataset_gen/raw_outputs/18_beta_cell_90_dataset/raw_datasets/cell_beta_0p25_p_0p00/dataset_085_seed_8521234/dataset_meta.json
cell_beta_0p25_p_0p00,beta,86,8621234,0.25,0.0,02_dnn/01_dataset_gen/raw_outputs/18_beta_cell_90_dataset/raw_datasets/cell_beta_0p25_p_0p00/dataset_086_seed_8621234/dataset.npz,02_dnn/01_dataset_gen/raw_outputs/18_beta_cell_90_dataset/raw_datasets/cell_beta_0p25_p_0p00/dataset_086_seed_8621234/dataset_meta.json
cell_beta_0p25_p_0p00,beta,87,8721234,0.25,0.0,02_dnn/01_dataset_gen/raw_outputs/18_beta_cell_90_dataset/raw_datasets/cell_beta_0p25_p_0p00/dataset_087_seed_8721234/dataset.npz,02_dnn/01_dataset_gen/raw_outputs/18_beta_cell_90_dataset/raw_datasets/cell_beta_0p25_p_0p00/dataset_087_seed_8721234/dataset_meta.json
cell_beta_0p25_p_0p00,beta,88,8821234,0.25,0.0,02_dnn/01_dataset_gen/raw_outputs/18_beta_cell_90_dataset/raw_datasets/cell_beta_0p25_p_0p00/dataset_088_seed_8821234/dataset.npz,02_dnn/01_dataset_gen/raw_outputs/18_beta_cell_90_dataset/raw_datasets/cell_beta_0p25_p_0p00/dataset_088_seed_8821234/dataset_meta.json
cell_beta_0p25_p_0p00,beta,89,8921234,0.25,0.0,02_dnn/01_dataset_gen/raw_outputs/18_beta_cell_90_dataset/raw_datasets/cell_beta_0p25_p_0p00/dataset_089_seed_8921234/dataset.npz,02_dnn/01_dataset_gen/raw_outputs/18_beta_cell_90_dataset/raw_datasets/cell_beta_0p25_p_0p00/dataset_089_seed_8921234/dataset_meta.json
cell_beta_0p27_p_0p00,beta,0,23234,0.27,0.0,02_dnn/01_dataset_gen/raw_outputs/18_beta_cell_90_dataset/raw_datasets/cell_beta_0p27_p_0p00/dataset_000_seed_023234/dataset.npz,02_dnn/01_dataset_gen/raw_outputs/18_beta_cell_90_dataset/raw_datasets/cell_beta_0p27_p_0p00/dataset_000_seed_023234/dataset_meta.json
cell_beta_0p27_p_0p00,beta,1,123234,0.27,0.0,02_dnn/01_dataset_gen/raw_outputs/18_beta_cell_90_dataset/raw_datasets/cell_beta_0p27_p_0p00/dataset_001_seed_123234/dataset.npz,02_dnn/01_dataset_gen/raw_outputs/18_beta_cell_90_dataset/raw_datasets/cell_beta_0p27_p_0p00/dataset_001_seed_123234/dataset_meta.json
cell_beta_0p27_p_0p00,beta,2,223234,0.27,0.0,02_dnn/01_dataset_gen/raw_outputs/18_beta_cell_90_dataset/raw_datasets/cell_beta_0p27_p_0p00/dataset_002_seed_223234/dataset.npz,02_dnn/01_dataset_gen/raw_outputs/18_beta_cell_90_dataset/raw_datasets/cell_beta_0p27_p_0p00/dataset_002_seed_223234/dataset_meta.json
cell_beta_0p27_p_0p00,beta,3,323234,0.27,0.0,02_dnn/01_dataset_gen/raw_outputs/18_beta_cell_90_dataset/raw_datasets/cell_beta_0p27_p_0p00/dataset_003_seed_323234/dataset.npz,02_dnn/01_dataset_gen/raw_outputs/18_beta_cell_90_dataset/raw_datasets/cell_beta_0p27_p_0p00/dataset_003_seed_323234/dataset_meta.json
cell_beta_0p27_p_0p00,beta,4,423234,0.27,0.0,02_dnn/01_dataset_gen/raw_outputs/18_beta_cell_90_dataset/raw_datasets/cell_beta_0p27_p_0p00/dataset_004_seed_423234/dataset.npz,02_dnn/01_dataset_gen/raw_outputs/18_beta_cell_90_dataset/raw_datasets/cell_beta_0p27_p_0p00/dataset_004_seed_423234/dataset_meta.json
cell_beta_0p27_p_0p00,beta,5,523234,0.27,0.0,02_dnn/01_dataset_gen/raw_outputs/18_beta_cell_90_dataset/raw_datasets/cell_beta_0p27_p_0p00/dataset_005_seed_523234/dataset.npz,02_dnn/01_dataset_gen/raw_outputs/18_beta_cell_90_dataset/raw_datasets/cell_beta_0p27_p_0p00/dataset_005_seed_523234/dataset_meta.json
cell_beta_0p27_p_0p00,beta,6,623234,0.27,0.0,02_dnn/01_dataset_gen/raw_outputs/18_beta_cell_90_dataset/raw_datasets/cell_beta_0p27_p_0p00/dataset_006_seed_623234/dataset.npz,02_dnn/01_dataset_gen/raw_outputs/18_beta_cell_90_dataset/raw_datasets/cell_beta_0p27_p_0p00/dataset_006_seed_623234/dataset_meta.json
cell_beta_0p27_p_0p00,beta,7,723234,0.27,0.0,02_dnn/01_dataset_gen/raw_outputs/18_beta_cell_90_dataset/raw_datasets/cell_beta_0p27_p_0p00/dataset_007_seed_723234/dataset.npz,02_dnn/01_dataset_gen/raw_outputs/18_beta_cell_90_dataset/raw_datasets/cell_beta_0p27_p_0p00/dataset_007_seed_723234/dataset_meta.json
cell_beta_0p27_p_0p00,beta,8,823234,0.27,0.0,02_dnn/01_dataset_gen/raw_outputs/18_beta_cell_90_dataset/raw_datasets/cell_beta_0p27_p_0p00/dataset_008_seed_823234/dataset.npz,02_dnn/01_dataset_gen/raw_outputs/18_beta_cell_90_dataset/raw_datasets/cell_beta_0p27_p_0p00/dataset_008_seed_823234/dataset_meta.json
cell_beta_0p27_p_0p00,beta,9,923234,0.27,0.0,02_dnn/01_dataset_gen/raw_outputs/18_beta_cell_90_dataset/raw_datasets/cell_beta_0p27_p_0p00/dataset_009_seed_923234/dataset.npz,02_dnn/01_dataset_gen/raw_outputs/18_beta_cell_90_dataset/raw_datasets/cell_beta_0p27_p_0p00/dataset_009_seed_923234/dataset_meta.json
cell_beta_0p27_p_0p00,beta,10,1023234,0.27,0.0,02_dnn/01_dataset_gen/raw_outputs/18_beta_cell_90_dataset/raw_datasets/cell_beta_0p27_p_0p00/dataset_010_seed_1023234/dataset.npz,02_dnn/01_dataset_gen/raw_outputs/18_beta_cell_90_dataset/raw_datasets/cell_beta_0p27_p_0p00/dataset_010_seed_1023234/dataset_meta.json
cell_beta_0p27_p_0p00,beta,11,1123234,0.27,0.0,02_dnn/01_dataset_gen/raw_outputs/18_beta_cell_90_dataset/raw_datasets/cell_beta_0p27_p_0p00/dataset_011_seed_1123234/dataset.npz,02_dnn/01_dataset_gen/raw_outputs/18_beta_cell_90_dataset/raw_datasets/cell_beta_0p27_p_0p00/dataset_011_seed_1123234/dataset_meta.json
cell_beta_0p27_p_0p00,beta,12,1223234,0.27,0.0,02_dnn/01_dataset_gen/raw_outputs/18_beta_cell_90_dataset/raw_datasets/cell_beta_0p27_p_0p00/dataset_012_seed_1223234/dataset.npz,02_dnn/01_dataset_gen/raw_outputs/18_beta_cell_90_dataset/raw_datasets/cell_beta_0p27_p_0p00/dataset_012_seed_1223234/dataset_meta.json
cell_beta_0p27_p_0p00,beta,13,1323234,0.27,0.0,02_dnn/01_dataset_gen/raw_outputs/18_beta_cell_90_dataset/raw_datasets/cell_beta_0p27_p_0p00/dataset_013_seed_1323234/dataset.npz,02_dnn/01_dataset_gen/raw_outputs/18_beta_cell_90_dataset/raw_datasets/cell_beta_0p27_p_0p00/dataset_013_seed_1323234/dataset_meta.json
cell_beta_0p27_p_0p00,beta,14,1423234,0.27,0.0,02_dnn/01_dataset_gen/raw_outputs/18_beta_cell_90_dataset/raw_datasets/cell_beta_0p27_p_0p00/dataset_014_seed_1423234/dataset.npz,02_dnn/01_dataset_gen/raw_outputs/18_beta_cell_90_dataset/raw_datasets/cell_beta_0p27_p_0p00/dataset_014_seed_1423234/dataset_meta.json
cell_beta_0p27_p_0p00,beta,15,1523234,0.27,0.0,02_dnn/01_dataset_gen/raw_outputs/18_beta_cell_90_dataset/raw_datasets/cell_beta_0p27_p_0p00/dataset_015_seed_1523234/dataset.npz,02_dnn/01_dataset_gen/raw_outputs/18_beta_cell_90_dataset/raw_datasets/cell_beta_0p27_p_0p00/dataset_015_seed_1523234/dataset_meta.json
cell_beta_0p27_p_0p00,beta,16,1623234,0.27,0.0,02_dnn/01_dataset_gen/raw_outputs/18_beta_cell_90_dataset/raw_datasets/cell_beta_0p27_p_0p00/dataset_016_seed_1623234/dataset.npz,02_dnn/01_dataset_gen/raw_outputs/18_beta_cell_90_dataset/raw_datasets/cell_beta_0p27_p_0p00/dataset_016_seed_1623234/dataset_meta.json
cell_beta_0p27_p_0p00,beta,17,1723234,0.27,0.0,02_dnn/01_dataset_gen/raw_outputs/18_beta_cell_90_dataset/raw_datasets/cell_beta_0p27_p_0p00/dataset_017_seed_1723234/dataset.npz,02_dnn/01_dataset_gen/raw_outputs/18_beta_cell_90_dataset/raw_datasets/cell_beta_0p27_p_0p00/dataset_017_seed_1723234/dataset_meta.json
cell_beta_0p27_p_0p00,beta,18,1823234,0.27,0.0,02_dnn/01_dataset_gen/raw_outputs/18_beta_cell_90_dataset/raw_datasets/cell_beta_0p27_p_0p00/dataset_018_seed_1823234/dataset.npz,02_dnn/01_dataset_gen/raw_outputs/18_beta_cell_90_dataset/raw_datasets/cell_beta_0p27_p_0p00/dataset_018_seed_1823234/dataset_meta.json
cell_beta_0p27_p_0p00,beta,19,1923234,0.27,0.0,02_dnn/01_dataset_gen/raw_outputs/18_beta_cell_90_dataset/raw_datasets/cell_beta_0p27_p_0p00/dataset_019_seed_1923234/dataset.npz,02_dnn/01_dataset_gen/raw_outputs/18_beta_cell_90_dataset/raw_datasets/cell_beta_0p27_p_0p00/dataset_019_seed_1923234/dataset_meta.json
cell_beta_0p27_p_0p00,beta,20,2023234,0.27,0.0,02_dnn/01_dataset_gen/raw_outputs/18_beta_cell_90_dataset/raw_datasets/cell_beta_0p27_p_0p00/dataset_020_seed_2023234/dataset.npz,02_dnn/01_dataset_gen/raw_outputs/18_beta_cell_90_dataset/raw_datasets/cell_beta_0p27_p_0p00/dataset_020_seed_2023234/dataset_meta.json
cell_beta_0p27_p_0p00,beta,21,2123234,0.27,0.0,02_dnn/01_dataset_gen/raw_outputs/18_beta_cell_90_dataset/raw_datasets/cell_beta_0p27_p_0p00/dataset_021_seed_2123234/dataset.npz,02_dnn/01_dataset_gen/raw_outputs/18_beta_cell_90_dataset/raw_datasets/cell_beta_0p27_p_0p00/dataset_021_seed_2123234/dataset_meta.json
cell_beta_0p27_p_0p00,beta,22,2223234,0.27,0.0,02_dnn/01_dataset_gen/raw_outputs/18_beta_cell_90_dataset/raw_datasets/cell_beta_0p27_p_0p00/dataset_022_seed_2223234/dataset.npz,02_dnn/01_dataset_gen/raw_outputs/18_beta_cell_90_dataset/raw_datasets/cell_beta_0p27_p_0p00/dataset_022_seed_2223234/dataset_meta.json
cell_beta_0p27_p_0p00,beta,23,2323234,0.27,0.0,02_dnn/01_dataset_gen/raw_outputs/18_beta_cell_90_dataset/raw_datasets/cell_beta_0p27_p_0p00/dataset_023_seed_2323234/dataset.npz,02_dnn/01_dataset_gen/raw_outputs/18_beta_cell_90_dataset/raw_datasets/cell_beta_0p27_p_0p00/dataset_023_seed_2323234/dataset_meta.json
cell_beta_0p27_p_0p00,beta,24,2423234,0.27,0.0,02_dnn/01_dataset_gen/raw_outputs/18_beta_cell_90_dataset/raw_datasets/cell_beta_0p27_p_0p00/dataset_024_seed_2423234/dataset.npz,02_dnn/01_dataset_gen/raw_outputs/18_beta_cell_90_dataset/raw_datasets/cell_beta_0p27_p_0p00/dataset_024_seed_2423234/dataset_meta.json
cell_beta_0p27_p_0p00,beta,25,2523234,0.27,0.0,02_dnn/01_dataset_gen/raw_outputs/18_beta_cell_90_dataset/raw_datasets/cell_beta_0p27_p_0p00/dataset_025_seed_2523234/dataset.npz,02_dnn/01_dataset_gen/raw_outputs/18_beta_cell_90_dataset/raw_datasets/cell_beta_0p27_p_0p00/dataset_025_seed_2523234/dataset_meta.json
cell_beta_0p27_p_0p00,beta,26,2623234,0.27,0.0,02_dnn/01_dataset_gen/raw_outputs/18_beta_cell_90_dataset/raw_datasets/cell_beta_0p27_p_0p00/dataset_026_seed_2623234/dataset.npz,02_dnn/01_dataset_gen/raw_outputs/18_beta_cell_90_dataset/raw_datasets/cell_beta_0p27_p_0p00/dataset_026_seed_2623234/dataset_meta.json
cell_beta_0p27_p_0p00,beta,27,2723234,0.27,0.0,02_dnn/01_dataset_gen/raw_outputs/18_beta_cell_90_dataset/raw_datasets/cell_beta_0p27_p_0p00/dataset_027_seed_2723234/dataset.npz,02_dnn/01_dataset_gen/raw_outputs/18_beta_cell_90_dataset/raw_datasets/cell_beta_0p27_p_0p00/dataset_027_seed_2723234/dataset_meta.json
cell_beta_0p27_p_0p00,beta,28,2823234,0.27,0.0,02_dnn/01_dataset_gen/raw_outputs/18_beta_cell_90_dataset/raw_datasets/cell_beta_0p27_p_0p00/dataset_028_seed_2823234/dataset.npz,02_dnn/01_dataset_gen/raw_outputs/18_beta_cell_90_dataset/raw_datasets/cell_beta_0p27_p_0p00/dataset_028_seed_2823234/dataset_meta.json
cell_beta_0p27_p_0p00,beta,29,2923234,0.27,0.0,02_dnn/01_dataset_gen/raw_outputs/18_beta_cell_90_dataset/raw_datasets/cell_beta_0p27_p_0p00/dataset_029_seed_2923234/dataset.npz,02_dnn/01_dataset_gen/raw_outputs/18_beta_cell_90_dataset/raw_datasets/cell_beta_0p27_p_0p00/dataset_029_seed_2923234/dataset_meta.json
cell_beta_0p27_p_0p00,beta,30,3023234,0.27,0.0,02_dnn/01_dataset_gen/raw_outputs/18_beta_cell_90_dataset/raw_datasets/cell_beta_0p27_p_0p00/dataset_030_seed_3023234/dataset.npz,02_dnn/01_dataset_gen/raw_outputs/18_beta_cell_90_dataset/raw_datasets/cell_beta_0p27_p_0p00/dataset_030_seed_3023234/dataset_meta.json
cell_beta_0p27_p_0p00,beta,31,3123234,0.27,0.0,02_dnn/01_dataset_gen/raw_outputs/18_beta_cell_90_dataset/raw_datasets/cell_beta_0p27_p_0p00/dataset_031_seed_3123234/dataset.npz,02_dnn/01_dataset_gen/raw_outputs/18_beta_cell_90_dataset/raw_datasets/cell_beta_0p27_p_0p00/dataset_031_seed_3123234/dataset_meta.json
cell_beta_0p27_p_0p00,beta,32,3223234,0.27,0.0,02_dnn/01_dataset_gen/raw_outputs/18_beta_cell_90_dataset/raw_datasets/cell_beta_0p27_p_0p00/dataset_032_seed_3223234/dataset.npz,02_dnn/01_dataset_gen/raw_outputs/18_beta_cell_90_dataset/raw_datasets/cell_beta_0p27_p_0p00/dataset_032_seed_3223234/dataset_meta.json
cell_beta_0p27_p_0p00,beta,33,3323234,0.27,0.0,02_dnn/01_dataset_gen/raw_outputs/18_beta_cell_90_dataset/raw_datasets/cell_beta_0p27_p_0p00/dataset_033_seed_3323234/dataset.npz,02_dnn/01_dataset_gen/raw_outputs/18_beta_cell_90_dataset/raw_datasets/cell_beta_0p27_p_0p00/dataset_033_seed_3323234/dataset_meta.json
cell_beta_0p27_p_0p00,beta,34,3423234,0.27,0.0,02_dnn/01_dataset_gen/raw_outputs/18_beta_cell_90_dataset/raw_datasets/cell_beta_0p27_p_0p00/dataset_034_seed_3423234/dataset.npz,02_dnn/01_dataset_gen/raw_outputs/18_beta_cell_90_dataset/raw_datasets/cell_beta_0p27_p_0p00/dataset_034_seed_3423234/dataset_meta.json
cell_beta_0p27_p_0p00,beta,35,3523234,0.27,0.0,02_dnn/01_dataset_gen/raw_outputs/18_beta_cell_90_dataset/raw_datasets/cell_beta_0p27_p_0p00/dataset_035_seed_3523234/dataset.npz,02_dnn/01_dataset_gen/raw_outputs/18_beta_cell_90_dataset/raw_datasets/cell_beta_0p27_p_0p00/dataset_035_seed_3523234/dataset_meta.json
cell_beta_0p27_p_0p00,beta,36,3623234,0.27,0.0,02_dnn/01_dataset_gen/raw_outputs/18_beta_cell_90_dataset/raw_datasets/cell_beta_0p27_p_0p00/dataset_036_seed_3623234/dataset.npz,02_dnn/01_dataset_gen/raw_outputs/18_beta_cell_90_dataset/raw_datasets/cell_beta_0p27_p_0p00/dataset_036_seed_3623234/dataset_meta.json
cell_beta_0p27_p_0p00,beta,37,3723234,0.27,0.0,02_dnn/01_dataset_gen/raw_outputs/18_beta_cell_90_dataset/raw_datasets/cell_beta_0p27_p_0p00/dataset_037_seed_3723234/dataset.npz,02_dnn/01_dataset_gen/raw_outputs/18_beta_cell_90_dataset/raw_datasets/cell_beta_0p27_p_0p00/dataset_037_seed_3723234/dataset_meta.json
cell_beta_0p27_p_0p00,beta,38,3823234,0.27,0.0,02_dnn/01_dataset_gen/raw_outputs/18_beta_cell_90_dataset/raw_datasets/cell_beta_0p27_p_0p00/dataset_038_seed_3823234/dataset.npz,02_dnn/01_dataset_gen/raw_outputs/18_beta_cell_90_dataset/raw_datasets/cell_beta_0p27_p_0p00/dataset_038_seed_3823234/dataset_meta.json
cell_beta_0p27_p_0p00,beta,39,3923234,0.27,0.0,02_dnn/01_dataset_gen/raw_outputs/18_beta_cell_90_dataset/raw_datasets/cell_beta_0p27_p_0p00/dataset_039_seed_3923234/dataset.npz,02_dnn/01_dataset_gen/raw_outputs/18_beta_cell_90_dataset/raw_datasets/cell_beta_0p27_p_0p00/dataset_039_seed_3923234/dataset_meta.json
cell_beta_0p27_p_0p00,beta,40,4023234,0.27,0.0,02_dnn/01_dataset_gen/raw_outputs/18_beta_cell_90_dataset/raw_datasets/cell_beta_0p27_p_0p00/dataset_040_seed_4023234/dataset.npz,02_dnn/01_dataset_gen/raw_outputs/18_beta_cell_90_dataset/raw_datasets/cell_beta_0p27_p_0p00/dataset_040_seed_4023234/dataset_meta.json
cell_beta_0p27_p_0p00,beta,41,4123234,0.27,0.0,02_dnn/01_dataset_gen/raw_outputs/18_beta_cell_90_dataset/raw_datasets/cell_beta_0p27_p_0p00/dataset_041_seed_4123234/dataset.npz,02_dnn/01_dataset_gen/raw_outputs/18_beta_cell_90_dataset/raw_datasets/cell_beta_0p27_p_0p00/dataset_041_seed_4123234/dataset_meta.json
cell_beta_0p27_p_0p00,beta,42,4223234,0.27,0.0,02_dnn/01_dataset_gen/raw_outputs/18_beta_cell_90_dataset/raw_datasets/cell_beta_0p27_p_0p00/dataset_042_seed_4223234/dataset.npz,02_dnn/01_dataset_gen/raw_outputs/18_beta_cell_90_dataset/raw_datasets/cell_beta_0p27_p_0p00/dataset_042_seed_4223234/dataset_meta.json
cell_beta_0p27_p_0p00,beta,43,4323234,0.27,0.0,02_dnn/01_dataset_gen/raw_outputs/18_beta_cell_90_dataset/raw_datasets/cell_beta_0p27_p_0p00/dataset_043_seed_4323234/dataset.npz,02_dnn/01_dataset_gen/raw_outputs/18_beta_cell_90_dataset/raw_datasets/cell_beta_0p27_p_0p00/dataset_043_seed_4323234/dataset_meta.json
cell_beta_0p27_p_0p00,beta,44,4423234,0.27,0.0,02_dnn/01_dataset_gen/raw_outputs/18_beta_cell_90_dataset/raw_datasets/cell_beta_0p27_p_0p00/dataset_044_seed_4423234/dataset.npz,02_dnn/01_dataset_gen/raw_outputs/18_beta_cell_90_dataset/raw_datasets/cell_beta_0p27_p_0p00/dataset_044_seed_4423234/dataset_meta.json
cell_beta_0p27_p_0p00,beta,45,4523234,0.27,0.0,02_dnn/01_dataset_gen/raw_outputs/18_beta_cell_90_dataset/raw_datasets/cell_beta_0p27_p_0p00/dataset_045_seed_4523234/dataset.npz,02_dnn/01_dataset_gen/raw_outputs/18_beta_cell_90_dataset/raw_datasets/cell_beta_0p27_p_0p00/dataset_045_seed_4523234/dataset_meta.json
cell_beta_0p27_p_0p00,beta,46,4623234,0.27,0.0,02_dnn/01_dataset_gen/raw_outputs/18_beta_cell_90_dataset/raw_datasets/cell_beta_0p27_p_0p00/dataset_046_seed_4623234/dataset.npz,02_dnn/01_dataset_gen/raw_outputs/18_beta_cell_90_dataset/raw_datasets/cell_beta_0p27_p_0p00/dataset_046_seed_4623234/dataset_meta.json
cell_beta_0p27_p_0p00,beta,47,4723234,0.27,0.0,02_dnn/01_dataset_gen/raw_outputs/18_beta_cell_90_dataset/raw_datasets/cell_beta_0p27_p_0p00/dataset_047_seed_4723234/dataset.npz,02_dnn/01_dataset_gen/raw_outputs/18_beta_cell_90_dataset/raw_datasets/cell_beta_0p27_p_0p00/dataset_047_seed_4723234/dataset_meta.json
cell_beta_0p27_p_0p00,beta,48,4823234,0.27,0.0,02_dnn/01_dataset_gen/raw_outputs/18_beta_cell_90_dataset/raw_datasets/cell_beta_0p27_p_0p00/dataset_048_seed_4823234/dataset.npz,02_dnn/01_dataset_gen/raw_outputs/18_beta_cell_90_dataset/raw_datasets/cell_beta_0p27_p_0p00/dataset_048_seed_4823234/dataset_meta.json
cell_beta_0p27_p_0p00,beta,49,4923234,0.27,0.0,02_dnn/01_dataset_gen/raw_outputs/18_beta_cell_90_dataset/raw_datasets/cell_beta_0p27_p_0p00/dataset_049_seed_4923234/dataset.npz,02_dnn/01_dataset_gen/raw_outputs/18_beta_cell_90_dataset/raw_datasets/cell_beta_0p27_p_0p00/dataset_049_seed_4923234/dataset_meta.json
cell_beta_0p27_p_0p00,beta,50,5023234,0.27,0.0,02_dnn/01_dataset_gen/raw_outputs/18_beta_cell_90_dataset/raw_datasets/cell_beta_0p27_p_0p00/dataset_050_seed_5023234/dataset.npz,02_dnn/01_dataset_gen/raw_outputs/18_beta_cell_90_dataset/raw_datasets/cell_beta_0p27_p_0p00/dataset_050_seed_5023234/dataset_meta.json
cell_beta_0p27_p_0p00,beta,51,5123234,0.27,0.0,02_dnn/01_dataset_gen/raw_outputs/18_beta_cell_90_dataset/raw_datasets/cell_beta_0p27_p_0p00/dataset_051_seed_5123234/dataset.npz,02_dnn/01_dataset_gen/raw_outputs/18_beta_cell_90_dataset/raw_datasets/cell_beta_0p27_p_0p00/dataset_051_seed_5123234/dataset_meta.json
cell_beta_0p27_p_0p00,beta,52,5223234,0.27,0.0,02_dnn/01_dataset_gen/raw_outputs/18_beta_cell_90_dataset/raw_datasets/cell_beta_0p27_p_0p00/dataset_052_seed_5223234/dataset.npz,02_dnn/01_dataset_gen/raw_outputs/18_beta_cell_90_dataset/raw_datasets/cell_beta_0p27_p_0p00/dataset_052_seed_5223234/dataset_meta.json
cell_beta_0p27_p_0p00,beta,53,5323234,0.27,0.0,02_dnn/01_dataset_gen/raw_outputs/18_beta_cell_90_dataset/raw_datasets/cell_beta_0p27_p_0p00/dataset_053_seed_5323234/dataset.npz,02_dnn/01_dataset_gen/raw_outputs/18_beta_cell_90_dataset/raw_datasets/cell_beta_0p27_p_0p00/dataset_053_seed_5323234/dataset_meta.json
cell_beta_0p27_p_0p00,beta,54,5423234,0.27,0.0,02_dnn/01_dataset_gen/raw_outputs/18_beta_cell_90_dataset/raw_datasets/cell_beta_0p27_p_0p00/dataset_054_seed_5423234/dataset.npz,02_dnn/01_dataset_gen/raw_outputs/18_beta_cell_90_dataset/raw_datasets/cell_beta_0p27_p_0p00/dataset_054_seed_5423234/dataset_meta.json
cell_beta_0p27_p_0p00,beta,55,5523234,0.27,0.0,02_dnn/01_dataset_gen/raw_outputs/18_beta_cell_90_dataset/raw_datasets/cell_beta_0p27_p_0p00/dataset_055_seed_5523234/dataset.npz,02_dnn/01_dataset_gen/raw_outputs/18_beta_cell_90_dataset/raw_datasets/cell_beta_0p27_p_0p00/dataset_055_seed_5523234/dataset_meta.json
cell_beta_0p27_p_0p00,beta,56,5623234,0.27,0.0,02_dnn/01_dataset_gen/raw_outputs/18_beta_cell_90_dataset/raw_datasets/cell_beta_0p27_p_0p00/dataset_056_seed_5623234/dataset.npz,02_dnn/01_dataset_gen/raw_outputs/18_beta_cell_90_dataset/raw_datasets/cell_beta_0p27_p_0p00/dataset_056_seed_5623234/dataset_meta.json
cell_beta_0p27_p_0p00,beta,57,5723234,0.27,0.0,02_dnn/01_dataset_gen/raw_outputs/18_beta_cell_90_dataset/raw_datasets/cell_beta_0p27_p_0p00/dataset_057_seed_5723234/dataset.npz,02_dnn/01_dataset_gen/raw_outputs/18_beta_cell_90_dataset/raw_datasets/cell_beta_0p27_p_0p00/dataset_057_seed_5723234/dataset_meta.json
cell_beta_0p27_p_0p00,beta,58,5823234,0.27,0.0,02_dnn/01_dataset_gen/raw_outputs/18_beta_cell_90_dataset/raw_datasets/cell_beta_0p27_p_0p00/dataset_058_seed_5823234/dataset.npz,02_dnn/01_dataset_gen/raw_outputs/18_beta_cell_90_dataset/raw_datasets/cell_beta_0p27_p_0p00/dataset_058_seed_5823234/dataset_meta.json
cell_beta_0p27_p_0p00,beta,59,5923234,0.27,0.0,02_dnn/01_dataset_gen/raw_outputs/18_beta_cell_90_dataset/raw_datasets/cell_beta_0p27_p_0p00/dataset_059_seed_5923234/dataset.npz,02_dnn/01_dataset_gen/raw_outputs/18_beta_cell_90_dataset/raw_datasets/cell_beta_0p27_p_0p00/dataset_059_seed_5923234/dataset_meta.json
cell_beta_0p27_p_0p00,beta,60,6023234,0.27,0.0,02_dnn/01_dataset_gen/raw_outputs/18_beta_cell_90_dataset/raw_datasets/cell_beta_0p27_p_0p00/dataset_060_seed_6023234/dataset.npz,02_dnn/01_dataset_gen/raw_outputs/18_beta_cell_90_dataset/raw_datasets/cell_beta_0p27_p_0p00/dataset_060_seed_6023234/dataset_meta.json
cell_beta_0p27_p_0p00,beta,61,6123234,0.27,0.0,02_dnn/01_dataset_gen/raw_outputs/18_beta_cell_90_dataset/raw_datasets/cell_beta_0p27_p_0p00/dataset_061_seed_6123234/dataset.npz,02_dnn/01_dataset_gen/raw_outputs/18_beta_cell_90_dataset/raw_datasets/cell_beta_0p27_p_0p00/dataset_061_seed_6123234/dataset_meta.json
cell_beta_0p27_p_0p00,beta,62,6223234,0.27,0.0,02_dnn/01_dataset_gen/raw_outputs/18_beta_cell_90_dataset/raw_datasets/cell_beta_0p27_p_0p00/dataset_062_seed_6223234/dataset.npz,02_dnn/01_dataset_gen/raw_outputs/18_beta_cell_90_dataset/raw_datasets/cell_beta_0p27_p_0p00/dataset_062_seed_6223234/dataset_meta.json
cell_beta_0p27_p_0p00,beta,63,6323234,0.27,0.0,02_dnn/01_dataset_gen/raw_outputs/18_beta_cell_90_dataset/raw_datasets/cell_beta_0p27_p_0p00/dataset_063_seed_6323234/dataset.npz,02_dnn/01_dataset_gen/raw_outputs/18_beta_cell_90_dataset/raw_datasets/cell_beta_0p27_p_0p00/dataset_063_seed_6323234/dataset_meta.json
cell_beta_0p27_p_0p00,beta,64,6423234,0.27,0.0,02_dnn/01_dataset_gen/raw_outputs/18_beta_cell_90_dataset/raw_datasets/cell_beta_0p27_p_0p00/dataset_064_seed_6423234/dataset.npz,02_dnn/01_dataset_gen/raw_outputs/18_beta_cell_90_dataset/raw_datasets/cell_beta_0p27_p_0p00/dataset_064_seed_6423234/dataset_meta.json
cell_beta_0p27_p_0p00,beta,65,6523234,0.27,0.0,02_dnn/01_dataset_gen/raw_outputs/18_beta_cell_90_dataset/raw_datasets/cell_beta_0p27_p_0p00/dataset_065_seed_6523234/dataset.npz,02_dnn/01_dataset_gen/raw_outputs/18_beta_cell_90_dataset/raw_datasets/cell_beta_0p27_p_0p00/dataset_065_seed_6523234/dataset_meta.json
cell_beta_0p27_p_0p00,beta,66,6623234,0.27,0.0,02_dnn/01_dataset_gen/raw_outputs/18_beta_cell_90_dataset/raw_datasets/cell_beta_0p27_p_0p00/dataset_066_seed_6623234/dataset.npz,02_dnn/01_dataset_gen/raw_outputs/18_beta_cell_90_dataset/raw_datasets/cell_beta_0p27_p_0p00/dataset_066_seed_6623234/dataset_meta.json
cell_beta_0p27_p_0p00,beta,67,6723234,0.27,0.0,02_dnn/01_dataset_gen/raw_outputs/18_beta_cell_90_dataset/raw_datasets/cell_beta_0p27_p_0p00/dataset_067_seed_6723234/dataset.npz,02_dnn/01_dataset_gen/raw_outputs/18_beta_cell_90_dataset/raw_datasets/cell_beta_0p27_p_0p00/dataset_067_seed_6723234/dataset_meta.json
cell_beta_0p27_p_0p00,beta,68,6823234,0.27,0.0,02_dnn/01_dataset_gen/raw_outputs/18_beta_cell_90_dataset/raw_datasets/cell_beta_0p27_p_0p00/dataset_068_seed_6823234/dataset.npz,02_dnn/01_dataset_gen/raw_outputs/18_beta_cell_90_dataset/raw_datasets/cell_beta_0p27_p_0p00/dataset_068_seed_6823234/dataset_meta.json
cell_beta_0p27_p_0p00,beta,69,6923234,0.27,0.0,02_dnn/01_dataset_gen/raw_outputs/18_beta_cell_90_dataset/raw_datasets/cell_beta_0p27_p_0p00/dataset_069_seed_6923234/dataset.npz,02_dnn/01_dataset_gen/raw_outputs/18_beta_cell_90_dataset/raw_datasets/cell_beta_0p27_p_0p00/dataset_069_seed_6923234/dataset_meta.json
cell_beta_0p27_p_0p00,beta,70,7023234,0.27,0.0,02_dnn/01_dataset_gen/raw_outputs/18_beta_cell_90_dataset/raw_datasets/cell_beta_0p27_p_0p00/dataset_070_seed_7023234/dataset.npz,02_dnn/01_dataset_gen/raw_outputs/18_beta_cell_90_dataset/raw_datasets/cell_beta_0p27_p_0p00/dataset_070_seed_7023234/dataset_meta.json
cell_beta_0p27_p_0p00,beta,71,7123234,0.27,0.0,02_dnn/01_dataset_gen/raw_outputs/18_beta_cell_90_dataset/raw_datasets/cell_beta_0p27_p_0p00/dataset_071_seed_7123234/dataset.npz,02_dnn/01_dataset_gen/raw_outputs/18_beta_cell_90_dataset/raw_datasets/cell_beta_0p27_p_0p00/dataset_071_seed_7123234/dataset_meta.json
cell_beta_0p27_p_0p00,beta,72,7223234,0.27,0.0,02_dnn/01_dataset_gen/raw_outputs/18_beta_cell_90_dataset/raw_datasets/cell_beta_0p27_p_0p00/dataset_072_seed_7223234/dataset.npz,02_dnn/01_dataset_gen/raw_outputs/18_beta_cell_90_dataset/raw_datasets/cell_beta_0p27_p_0p00/dataset_072_seed_7223234/dataset_meta.json
cell_beta_0p27_p_0p00,beta,73,7323234,0.27,0.0,02_dnn/01_dataset_gen/raw_outputs/18_beta_cell_90_dataset/raw_datasets/cell_beta_0p27_p_0p00/dataset_073_seed_7323234/dataset.npz,02_dnn/01_dataset_gen/raw_outputs/18_beta_cell_90_dataset/raw_datasets/cell_beta_0p27_p_0p00/dataset_073_seed_7323234/dataset_meta.json
cell_beta_0p27_p_0p00,beta,74,7423234,0.27,0.0,02_dnn/01_dataset_gen/raw_outputs/18_beta_cell_90_dataset/raw_datasets/cell_beta_0p27_p_0p00/dataset_074_seed_7423234/dataset.npz,02_dnn/01_dataset_gen/raw_outputs/18_beta_cell_90_dataset/raw_datasets/cell_beta_0p27_p_0p00/dataset_074_seed_7423234/dataset_meta.json
cell_beta_0p27_p_0p00,beta,75,7523234,0.27,0.0,02_dnn/01_dataset_gen/raw_outputs/18_beta_cell_90_dataset/raw_datasets/cell_beta_0p27_p_0p00/dataset_075_seed_7523234/dataset.npz,02_dnn/01_dataset_gen/raw_outputs/18_beta_cell_90_dataset/raw_datasets/cell_beta_0p27_p_0p00/dataset_075_seed_7523234/dataset_meta.json
cell_beta_0p27_p_0p00,beta,76,7623234,0.27,0.0,02_dnn/01_dataset_gen/raw_outputs/18_beta_cell_90_dataset/raw_datasets/cell_beta_0p27_p_0p00/dataset_076_seed_7623234/dataset.npz,02_dnn/01_dataset_gen/raw_outputs/18_beta_cell_90_dataset/raw_datasets/cell_beta_0p27_p_0p00/dataset_076_seed_7623234/dataset_meta.json
cell_beta_0p27_p_0p00,beta,77,7723234,0.27,0.0,02_dnn/01_dataset_gen/raw_outputs/18_beta_cell_90_dataset/raw_datasets/cell_beta_0p27_p_0p00/dataset_077_seed_7723234/dataset.npz,02_dnn/01_dataset_gen/raw_outputs/18_beta_cell_90_dataset/raw_datasets/cell_beta_0p27_p_0p00/dataset_077_seed_7723234/dataset_meta.json
cell_beta_0p27_p_0p00,beta,78,7823234,0.27,0.0,02_dnn/01_dataset_gen/raw_outputs/18_beta_cell_90_dataset/raw_datasets/cell_beta_0p27_p_0p00/dataset_078_seed_7823234/dataset.npz,02_dnn/01_dataset_gen/raw_outputs/18_beta_cell_90_dataset/raw_datasets/cell_beta_0p27_p_0p00/dataset_078_seed_7823234/dataset_meta.json
cell_beta_0p27_p_0p00,beta,79,7923234,0.27,0.0,02_dnn/01_dataset_gen/raw_outputs/18_beta_cell_90_dataset/raw_datasets/cell_beta_0p27_p_0p00/dataset_079_seed_7923234/dataset.npz,02_dnn/01_dataset_gen/raw_outputs/18_beta_cell_90_dataset/raw_datasets/cell_beta_0p27_p_0p00/dataset_079_seed_7923234/dataset_meta.json
cell_beta_0p27_p_0p00,beta,80,8023234,0.27,0.0,02_dnn/01_dataset_gen/raw_outputs/18_beta_cell_90_dataset/raw_datasets/cell_beta_0p27_p_0p00/dataset_080_seed_8023234/dataset.npz,02_dnn/01_dataset_gen/raw_outputs/18_beta_cell_90_dataset/raw_datasets/cell_beta_0p27_p_0p00/dataset_080_seed_8023234/dataset_meta.json
cell_beta_0p27_p_0p00,beta,81,8123234,0.27,0.0,02_dnn/01_dataset_gen/raw_outputs/18_beta_cell_90_dataset/raw_datasets/cell_beta_0p27_p_0p00/dataset_081_seed_8123234/dataset.npz,02_dnn/01_dataset_gen/raw_outputs/18_beta_cell_90_dataset/raw_datasets/cell_beta_0p27_p_0p00/dataset_081_seed_8123234/dataset_meta.json
cell_beta_0p27_p_0p00,beta,82,8223234,0.27,0.0,02_dnn/01_dataset_gen/raw_outputs/18_beta_cell_90_dataset/raw_datasets/cell_beta_0p27_p_0p00/dataset_082_seed_8223234/dataset.npz,02_dnn/01_dataset_gen/raw_outputs/18_beta_cell_90_dataset/raw_datasets/cell_beta_0p27_p_0p00/dataset_082_seed_8223234/dataset_meta.json
cell_beta_0p27_p_0p00,beta,83,8323234,0.27,0.0,02_dnn/01_dataset_gen/raw_outputs/18_beta_cell_90_dataset/raw_datasets/cell_beta_0p27_p_0p00/dataset_083_seed_8323234/dataset.npz,02_dnn/01_dataset_gen/raw_outputs/18_beta_cell_90_dataset/raw_datasets/cell_beta_0p27_p_0p00/dataset_083_seed_8323234/dataset_meta.json
cell_beta_0p27_p_0p00,beta,84,8423234,0.27,0.0,02_dnn/01_dataset_gen/raw_outputs/18_beta_cell_90_dataset/raw_datasets/cell_beta_0p27_p_0p00/dataset_084_seed_8423234/dataset.npz,02_dnn/01_dataset_gen/raw_outputs/18_beta_cell_90_dataset/raw_datasets/cell_beta_0p27_p_0p00/dataset_084_seed_8423234/dataset_meta.json
cell_beta_0p27_p_0p00,beta,85,8523234,0.27,0.0,02_dnn/01_dataset_gen/raw_outputs/18_beta_cell_90_dataset/raw_datasets/cell_beta_0p27_p_0p00/dataset_085_seed_8523234/dataset.npz,02_dnn/01_dataset_gen/raw_outputs/18_beta_cell_90_dataset/raw_datasets/cell_beta_0p27_p_0p00/dataset_085_seed_8523234/dataset_meta.json
cell_beta_0p27_p_0p00,beta,86,8623234,0.27,0.0,02_dnn/01_dataset_gen/raw_outputs/18_beta_cell_90_dataset/raw_datasets/cell_beta_0p27_p_0p00/dataset_086_seed_8623234/dataset.npz,02_dnn/01_dataset_gen/raw_outputs/18_beta_cell_90_dataset/raw_datasets/cell_beta_0p27_p_0p00/dataset_086_seed_8623234/dataset_meta.json
cell_beta_0p27_p_0p00,beta,87,8723234,0.27,0.0,02_dnn/01_dataset_gen/raw_outputs/18_beta_cell_90_dataset/raw_datasets/cell_beta_0p27_p_0p00/dataset_087_seed_8723234/dataset.npz,02_dnn/01_dataset_gen/raw_outputs/18_beta_cell_90_dataset/raw_datasets/cell_beta_0p27_p_0p00/dataset_087_seed_8723234/dataset_meta.json
cell_beta_0p27_p_0p00,beta,88,8823234,0.27,0.0,02_dnn/01_dataset_gen/raw_outputs/18_beta_cell_90_dataset/raw_datasets/cell_beta_0p27_p_0p00/dataset_088_seed_8823234/dataset.npz,02_dnn/01_dataset_gen/raw_outputs/18_beta_cell_90_dataset/raw_datasets/cell_beta_0p27_p_0p00/dataset_088_seed_8823234/dataset_meta.json
cell_beta_0p27_p_0p00,beta,89,8923234,0.27,0.0,02_dnn/01_dataset_gen/raw_outputs/18_beta_cell_90_dataset/raw_datasets/cell_beta_0p27_p_0p00/dataset_089_seed_8923234/dataset.npz,02_dnn/01_dataset_gen/raw_outputs/18_beta_cell_90_dataset/raw_datasets/cell_beta_0p27_p_0p00/dataset_089_seed_8923234/dataset_meta.json
cell_beta_0p29_p_0p00,beta,0,25234,0.29,0.0,02_dnn/01_dataset_gen/raw_outputs/18_beta_cell_90_dataset/raw_datasets/cell_beta_0p29_p_0p00/dataset_000_seed_025234/dataset.npz,02_dnn/01_dataset_gen/raw_outputs/18_beta_cell_90_dataset/raw_datasets/cell_beta_0p29_p_0p00/dataset_000_seed_025234/dataset_meta.json
cell_beta_0p29_p_0p00,beta,1,125234,0.29,0.0,02_dnn/01_dataset_gen/raw_outputs/18_beta_cell_90_dataset/raw_datasets/cell_beta_0p29_p_0p00/dataset_001_seed_125234/dataset.npz,02_dnn/01_dataset_gen/raw_outputs/18_beta_cell_90_dataset/raw_datasets/cell_beta_0p29_p_0p00/dataset_001_seed_125234/dataset_meta.json
cell_beta_0p29_p_0p00,beta,2,225234,0.29,0.0,02_dnn/01_dataset_gen/raw_outputs/18_beta_cell_90_dataset/raw_datasets/cell_beta_0p29_p_0p00/dataset_002_seed_225234/dataset.npz,02_dnn/01_dataset_gen/raw_outputs/18_beta_cell_90_dataset/raw_datasets/cell_beta_0p29_p_0p00/dataset_002_seed_225234/dataset_meta.json
cell_beta_0p29_p_0p00,beta,3,325234,0.29,0.0,02_dnn/01_dataset_gen/raw_outputs/18_beta_cell_90_dataset/raw_datasets/cell_beta_0p29_p_0p00/dataset_003_seed_325234/dataset.npz,02_dnn/01_dataset_gen/raw_outputs/18_beta_cell_90_dataset/raw_datasets/cell_beta_0p29_p_0p00/dataset_003_seed_325234/dataset_meta.json
cell_beta_0p29_p_0p00,beta,4,425234,0.29,0.0,02_dnn/01_dataset_gen/raw_outputs/18_beta_cell_90_dataset/raw_datasets/cell_beta_0p29_p_0p00/dataset_004_seed_425234/dataset.npz,02_dnn/01_dataset_gen/raw_outputs/18_beta_cell_90_dataset/raw_datasets/cell_beta_0p29_p_0p00/dataset_004_seed_425234/dataset_meta.json
cell_beta_0p29_p_0p00,beta,5,525234,0.29,0.0,02_dnn/01_dataset_gen/raw_outputs/18_beta_cell_90_dataset/raw_datasets/cell_beta_0p29_p_0p00/dataset_005_seed_525234/dataset.npz,02_dnn/01_dataset_gen/raw_outputs/18_beta_cell_90_dataset/raw_datasets/cell_beta_0p29_p_0p00/dataset_005_seed_525234/dataset_meta.json
cell_beta_0p29_p_0p00,beta,6,625234,0.29,0.0,02_dnn/01_dataset_gen/raw_outputs/18_beta_cell_90_dataset/raw_datasets/cell_beta_0p29_p_0p00/dataset_006_seed_625234/dataset.npz,02_dnn/01_dataset_gen/raw_outputs/18_beta_cell_90_dataset/raw_datasets/cell_beta_0p29_p_0p00/dataset_006_seed_625234/dataset_meta.json
cell_beta_0p29_p_0p00,beta,7,725234,0.29,0.0,02_dnn/01_dataset_gen/raw_outputs/18_beta_cell_90_dataset/raw_datasets/cell_beta_0p29_p_0p00/dataset_007_seed_725234/dataset.npz,02_dnn/01_dataset_gen/raw_outputs/18_beta_cell_90_dataset/raw_datasets/cell_beta_0p29_p_0p00/dataset_007_seed_725234/dataset_meta.json
cell_beta_0p29_p_0p00,beta,8,825234,0.29,0.0,02_dnn/01_dataset_gen/raw_outputs/18_beta_cell_90_dataset/raw_datasets/cell_beta_0p29_p_0p00/dataset_008_seed_825234/dataset.npz,02_dnn/01_dataset_gen/raw_outputs/18_beta_cell_90_dataset/raw_datasets/cell_beta_0p29_p_0p00/dataset_008_seed_825234/dataset_meta.json
cell_beta_0p29_p_0p00,beta,9,925234,0.29,0.0,02_dnn/01_dataset_gen/raw_outputs/18_beta_cell_90_dataset/raw_datasets/cell_beta_0p29_p_0p00/dataset_009_seed_925234/dataset.npz,02_dnn/01_dataset_gen/raw_outputs/18_beta_cell_90_dataset/raw_datasets/cell_beta_0p29_p_0p00/dataset_009_seed_925234/dataset_meta.json
cell_beta_0p29_p_0p00,beta,10,1025234,0.29,0.0,02_dnn/01_dataset_gen/raw_outputs/18_beta_cell_90_dataset/raw_datasets/cell_beta_0p29_p_0p00/dataset_010_seed_1025234/dataset.npz,02_dnn/01_dataset_gen/raw_outputs/18_beta_cell_90_dataset/raw_datasets/cell_beta_0p29_p_0p00/dataset_010_seed_1025234/dataset_meta.json
cell_beta_0p29_p_0p00,beta,11,1125234,0.29,0.0,02_dnn/01_dataset_gen/raw_outputs/18_beta_cell_90_dataset/raw_datasets/cell_beta_0p29_p_0p00/dataset_011_seed_1125234/dataset.npz,02_dnn/01_dataset_gen/raw_outputs/18_beta_cell_90_dataset/raw_datasets/cell_beta_0p29_p_0p00/dataset_011_seed_1125234/dataset_meta.json
cell_beta_0p29_p_0p00,beta,12,1225234,0.29,0.0,02_dnn/01_dataset_gen/raw_outputs/18_beta_cell_90_dataset/raw_datasets/cell_beta_0p29_p_0p00/dataset_012_seed_1225234/dataset.npz,02_dnn/01_dataset_gen/raw_outputs/18_beta_cell_90_dataset/raw_datasets/cell_beta_0p29_p_0p00/dataset_012_seed_1225234/dataset_meta.json
cell_beta_0p29_p_0p00,beta,13,1325234,0.29,0.0,02_dnn/01_dataset_gen/raw_outputs/18_beta_cell_90_dataset/raw_datasets/cell_beta_0p29_p_0p00/dataset_013_seed_1325234/dataset.npz,02_dnn/01_dataset_gen/raw_outputs/18_beta_cell_90_dataset/raw_datasets/cell_beta_0p29_p_0p00/dataset_013_seed_1325234/dataset_meta.json
cell_beta_0p29_p_0p00,beta,14,1425234,0.29,0.0,02_dnn/01_dataset_gen/raw_outputs/18_beta_cell_90_dataset/raw_datasets/cell_beta_0p29_p_0p00/dataset_014_seed_1425234/dataset.npz,02_dnn/01_dataset_gen/raw_outputs/18_beta_cell_90_dataset/raw_datasets/cell_beta_0p29_p_0p00/dataset_014_seed_1425234/dataset_meta.json
cell_beta_0p29_p_0p00,beta,15,1525234,0.29,0.0,02_dnn/01_dataset_gen/raw_outputs/18_beta_cell_90_dataset/raw_datasets/cell_beta_0p29_p_0p00/dataset_015_seed_1525234/dataset.npz,02_dnn/01_dataset_gen/raw_outputs/18_beta_cell_90_dataset/raw_datasets/cell_beta_0p29_p_0p00/dataset_015_seed_1525234/dataset_meta.json
cell_beta_0p29_p_0p00,beta,16,1625234,0.29,0.0,02_dnn/01_dataset_gen/raw_outputs/18_beta_cell_90_dataset/raw_datasets/cell_beta_0p29_p_0p00/dataset_016_seed_1625234/dataset.npz,02_dnn/01_dataset_gen/raw_outputs/18_beta_cell_90_dataset/raw_datasets/cell_beta_0p29_p_0p00/dataset_016_seed_1625234/dataset_meta.json
cell_beta_0p29_p_0p00,beta,17,1725234,0.29,0.0,02_dnn/01_dataset_gen/raw_outputs/18_beta_cell_90_dataset/raw_datasets/cell_beta_0p29_p_0p00/dataset_017_seed_1725234/dataset.npz,02_dnn/01_dataset_gen/raw_outputs/18_beta_cell_90_dataset/raw_datasets/cell_beta_0p29_p_0p00/dataset_017_seed_1725234/dataset_meta.json
cell_beta_0p29_p_0p00,beta,18,1825234,0.29,0.0,02_dnn/01_dataset_gen/raw_outputs/18_beta_cell_90_dataset/raw_datasets/cell_beta_0p29_p_0p00/dataset_018_seed_1825234/dataset.npz,02_dnn/01_dataset_gen/raw_outputs/18_beta_cell_90_dataset/raw_datasets/cell_beta_0p29_p_0p00/dataset_018_seed_1825234/dataset_meta.json
cell_beta_0p29_p_0p00,beta,19,1925234,0.29,0.0,02_dnn/01_dataset_gen/raw_outputs/18_beta_cell_90_dataset/raw_datasets/cell_beta_0p29_p_0p00/dataset_019_seed_1925234/dataset.npz,02_dnn/01_dataset_gen/raw_outputs/18_beta_cell_90_dataset/raw_datasets/cell_beta_0p29_p_0p00/dataset_019_seed_1925234/dataset_meta.json
cell_beta_0p29_p_0p00,beta,20,2025234,0.29,0.0,02_dnn/01_dataset_gen/raw_outputs/18_beta_cell_90_dataset/raw_datasets/cell_beta_0p29_p_0p00/dataset_020_seed_2025234/dataset.npz,02_dnn/01_dataset_gen/raw_outputs/18_beta_cell_90_dataset/raw_datasets/cell_beta_0p29_p_0p00/dataset_020_seed_2025234/dataset_meta.json
cell_beta_0p29_p_0p00,beta,21,2125234,0.29,0.0,02_dnn/01_dataset_gen/raw_outputs/18_beta_cell_90_dataset/raw_datasets/cell_beta_0p29_p_0p00/dataset_021_seed_2125234/dataset.npz,02_dnn/01_dataset_gen/raw_outputs/18_beta_cell_90_dataset/raw_datasets/cell_beta_0p29_p_0p00/dataset_021_seed_2125234/dataset_meta.json
cell_beta_0p29_p_0p00,beta,22,2225234,0.29,0.0,02_dnn/01_dataset_gen/raw_outputs/18_beta_cell_90_dataset/raw_datasets/cell_beta_0p29_p_0p00/dataset_022_seed_2225234/dataset.npz,02_dnn/01_dataset_gen/raw_outputs/18_beta_cell_90_dataset/raw_datasets/cell_beta_0p29_p_0p00/dataset_022_seed_2225234/dataset_meta.json
cell_beta_0p29_p_0p00,beta,23,2325234,0.29,0.0,02_dnn/01_dataset_gen/raw_outputs/18_beta_cell_90_dataset/raw_datasets/cell_beta_0p29_p_0p00/dataset_023_seed_2325234/dataset.npz,02_dnn/01_dataset_gen/raw_outputs/18_beta_cell_90_dataset/raw_datasets/cell_beta_0p29_p_0p00/dataset_023_seed_2325234/dataset_meta.json
cell_beta_0p29_p_0p00,beta,24,2425234,0.29,0.0,02_dnn/01_dataset_gen/raw_outputs/18_beta_cell_90_dataset/raw_datasets/cell_beta_0p29_p_0p00/dataset_024_seed_2425234/dataset.npz,02_dnn/01_dataset_gen/raw_outputs/18_beta_cell_90_dataset/raw_datasets/cell_beta_0p29_p_0p00/dataset_024_seed_2425234/dataset_meta.json
cell_beta_0p29_p_0p00,beta,25,2525234,0.29,0.0,02_dnn/01_dataset_gen/raw_outputs/18_beta_cell_90_dataset/raw_datasets/cell_beta_0p29_p_0p00/dataset_025_seed_2525234/dataset.npz,02_dnn/01_dataset_gen/raw_outputs/18_beta_cell_90_dataset/raw_datasets/cell_beta_0p29_p_0p00/dataset_025_seed_2525234/dataset_meta.json
cell_beta_0p29_p_0p00,beta,26,2625234,0.29,0.0,02_dnn/01_dataset_gen/raw_outputs/18_beta_cell_90_dataset/raw_datasets/cell_beta_0p29_p_0p00/dataset_026_seed_2625234/dataset.npz,02_dnn/01_dataset_gen/raw_outputs/18_beta_cell_90_dataset/raw_datasets/cell_beta_0p29_p_0p00/dataset_026_seed_2625234/dataset_meta.json
cell_beta_0p29_p_0p00,beta,27,2725234,0.29,0.0,02_dnn/01_dataset_gen/raw_outputs/18_beta_cell_90_dataset/raw_datasets/cell_beta_0p29_p_0p00/dataset_027_seed_2725234/dataset.npz,02_dnn/01_dataset_gen/raw_outputs/18_beta_cell_90_dataset/raw_datasets/cell_beta_0p29_p_0p00/dataset_027_seed_2725234/dataset_meta.json
cell_beta_0p29_p_0p00,beta,28,2825234,0.29,0.0,02_dnn/01_dataset_gen/raw_outputs/18_beta_cell_90_dataset/raw_datasets/cell_beta_0p29_p_0p00/dataset_028_seed_2825234/dataset.npz,02_dnn/01_dataset_gen/raw_outputs/18_beta_cell_90_dataset/raw_datasets/cell_beta_0p29_p_0p00/dataset_028_seed_2825234/dataset_meta.json
cell_beta_0p29_p_0p00,beta,29,2925234,0.29,0.0,02_dnn/01_dataset_gen/raw_outputs/18_beta_cell_90_dataset/raw_datasets/cell_beta_0p29_p_0p00/dataset_029_seed_2925234/dataset.npz,02_dnn/01_dataset_gen/raw_outputs/18_beta_cell_90_dataset/raw_datasets/cell_beta_0p29_p_0p00/dataset_029_seed_2925234/dataset_meta.json
cell_beta_0p29_p_0p00,beta,30,3025234,0.29,0.0,02_dnn/01_dataset_gen/raw_outputs/18_beta_cell_90_dataset/raw_datasets/cell_beta_0p29_p_0p00/dataset_030_seed_3025234/dataset.npz,02_dnn/01_dataset_gen/raw_outputs/18_beta_cell_90_dataset/raw_datasets/cell_beta_0p29_p_0p00/dataset_030_seed_3025234/dataset_meta.json
cell_beta_0p29_p_0p00,beta,31,3125234,0.29,0.0,02_dnn/01_dataset_gen/raw_outputs/18_beta_cell_90_dataset/raw_datasets/cell_beta_0p29_p_0p00/dataset_031_seed_3125234/dataset.npz,02_dnn/01_dataset_gen/raw_outputs/18_beta_cell_90_dataset/raw_datasets/cell_beta_0p29_p_0p00/dataset_031_seed_3125234/dataset_meta.json
cell_beta_0p29_p_0p00,beta,32,3225234,0.29,0.0,02_dnn/01_dataset_gen/raw_outputs/18_beta_cell_90_dataset/raw_datasets/cell_beta_0p29_p_0p00/dataset_032_seed_3225234/dataset.npz,02_dnn/01_dataset_gen/raw_outputs/18_beta_cell_90_dataset/raw_datasets/cell_beta_0p29_p_0p00/dataset_032_seed_3225234/dataset_meta.json
cell_beta_0p29_p_0p00,beta,33,3325234,0.29,0.0,02_dnn/01_dataset_gen/raw_outputs/18_beta_cell_90_dataset/raw_datasets/cell_beta_0p29_p_0p00/dataset_033_seed_3325234/dataset.npz,02_dnn/01_dataset_gen/raw_outputs/18_beta_cell_90_dataset/raw_datasets/cell_beta_0p29_p_0p00/dataset_033_seed_3325234/dataset_meta.json
cell_beta_0p29_p_0p00,beta,34,3425234,0.29,0.0,02_dnn/01_dataset_gen/raw_outputs/18_beta_cell_90_dataset/raw_datasets/cell_beta_0p29_p_0p00/dataset_034_seed_3425234/dataset.npz,02_dnn/01_dataset_gen/raw_outputs/18_beta_cell_90_dataset/raw_datasets/cell_beta_0p29_p_0p00/dataset_034_seed_3425234/dataset_meta.json
cell_beta_0p29_p_0p00,beta,35,3525234,0.29,0.0,02_dnn/01_dataset_gen/raw_outputs/18_beta_cell_90_dataset/raw_datasets/cell_beta_0p29_p_0p00/dataset_035_seed_3525234/dataset.npz,02_dnn/01_dataset_gen/raw_outputs/18_beta_cell_90_dataset/raw_datasets/cell_beta_0p29_p_0p00/dataset_035_seed_3525234/dataset_meta.json
cell_beta_0p29_p_0p00,beta,36,3625234,0.29,0.0,02_dnn/01_dataset_gen/raw_outputs/18_beta_cell_90_dataset/raw_datasets/cell_beta_0p29_p_0p00/dataset_036_seed_3625234/dataset.npz,02_dnn/01_dataset_gen/raw_outputs/18_beta_cell_90_dataset/raw_datasets/cell_beta_0p29_p_0p00/dataset_036_seed_3625234/dataset_meta.json
cell_beta_0p29_p_0p00,beta,37,3725234,0.29,0.0,02_dnn/01_dataset_gen/raw_outputs/18_beta_cell_90_dataset/raw_datasets/cell_beta_0p29_p_0p00/dataset_037_seed_3725234/dataset.npz,02_dnn/01_dataset_gen/raw_outputs/18_beta_cell_90_dataset/raw_datasets/cell_beta_0p29_p_0p00/dataset_037_seed_3725234/dataset_meta.json
cell_beta_0p29_p_0p00,beta,38,3825234,0.29,0.0,02_dnn/01_dataset_gen/raw_outputs/18_beta_cell_90_dataset/raw_datasets/cell_beta_0p29_p_0p00/dataset_038_seed_3825234/dataset.npz,02_dnn/01_dataset_gen/raw_outputs/18_beta_cell_90_dataset/raw_datasets/cell_beta_0p29_p_0p00/dataset_038_seed_3825234/dataset_meta.json
cell_beta_0p29_p_0p00,beta,39,3925234,0.29,0.0,02_dnn/01_dataset_gen/raw_outputs/18_beta_cell_90_dataset/raw_datasets/cell_beta_0p29_p_0p00/dataset_039_seed_3925234/dataset.npz,02_dnn/01_dataset_gen/raw_outputs/18_beta_cell_90_dataset/raw_datasets/cell_beta_0p29_p_0p00/dataset_039_seed_3925234/dataset_meta.json
cell_beta_0p29_p_0p00,beta,40,4025234,0.29,0.0,02_dnn/01_dataset_gen/raw_outputs/18_beta_cell_90_dataset/raw_datasets/cell_beta_0p29_p_0p00/dataset_040_seed_4025234/dataset.npz,02_dnn/01_dataset_gen/raw_outputs/18_beta_cell_90_dataset/raw_datasets/cell_beta_0p29_p_0p00/dataset_040_seed_4025234/dataset_meta.json
cell_beta_0p29_p_0p00,beta,41,4125234,0.29,0.0,02_dnn/01_dataset_gen/raw_outputs/18_beta_cell_90_dataset/raw_datasets/cell_beta_0p29_p_0p00/dataset_041_seed_4125234/dataset.npz,02_dnn/01_dataset_gen/raw_outputs/18_beta_cell_90_dataset/raw_datasets/cell_beta_0p29_p_0p00/dataset_041_seed_4125234/dataset_meta.json
cell_beta_0p29_p_0p00,beta,42,4225234,0.29,0.0,02_dnn/01_dataset_gen/raw_outputs/18_beta_cell_90_dataset/raw_datasets/cell_beta_0p29_p_0p00/dataset_042_seed_4225234/dataset.npz,02_dnn/01_dataset_gen/raw_outputs/18_beta_cell_90_dataset/raw_datasets/cell_beta_0p29_p_0p00/dataset_042_seed_4225234/dataset_meta.json
cell_beta_0p29_p_0p00,beta,43,4325234,0.29,0.0,02_dnn/01_dataset_gen/raw_outputs/18_beta_cell_90_dataset/raw_datasets/cell_beta_0p29_p_0p00/dataset_043_seed_4325234/dataset.npz,02_dnn/01_dataset_gen/raw_outputs/18_beta_cell_90_dataset/raw_datasets/cell_beta_0p29_p_0p00/dataset_043_seed_4325234/dataset_meta.json
cell_beta_0p29_p_0p00,beta,44,4425234,0.29,0.0,02_dnn/01_dataset_gen/raw_outputs/18_beta_cell_90_dataset/raw_datasets/cell_beta_0p29_p_0p00/dataset_044_seed_4425234/dataset.npz,02_dnn/01_dataset_gen/raw_outputs/18_beta_cell_90_dataset/raw_datasets/cell_beta_0p29_p_0p00/dataset_044_seed_4425234/dataset_meta.json
cell_beta_0p29_p_0p00,beta,45,4525234,0.29,0.0,02_dnn/01_dataset_gen/raw_outputs/18_beta_cell_90_dataset/raw_datasets/cell_beta_0p29_p_0p00/dataset_045_seed_4525234/dataset.npz,02_dnn/01_dataset_gen/raw_outputs/18_beta_cell_90_dataset/raw_datasets/cell_beta_0p29_p_0p00/dataset_045_seed_4525234/dataset_meta.json
cell_beta_0p29_p_0p00,beta,46,4625234,0.29,0.0,02_dnn/01_dataset_gen/raw_outputs/18_beta_cell_90_dataset/raw_datasets/cell_beta_0p29_p_0p00/dataset_046_seed_4625234/dataset.npz,02_dnn/01_dataset_gen/raw_outputs/18_beta_cell_90_dataset/raw_datasets/cell_beta_0p29_p_0p00/dataset_046_seed_4625234/dataset_meta.json
cell_beta_0p29_p_0p00,beta,47,4725234,0.29,0.0,02_dnn/01_dataset_gen/raw_outputs/18_beta_cell_90_dataset/raw_datasets/cell_beta_0p29_p_0p00/dataset_047_seed_4725234/dataset.npz,02_dnn/01_dataset_gen/raw_outputs/18_beta_cell_90_dataset/raw_datasets/cell_beta_0p29_p_0p00/dataset_047_seed_4725234/dataset_meta.json
cell_beta_0p29_p_0p00,beta,48,4825234,0.29,0.0,02_dnn/01_dataset_gen/raw_outputs/18_beta_cell_90_dataset/raw_datasets/cell_beta_0p29_p_0p00/dataset_048_seed_4825234/dataset.npz,02_dnn/01_dataset_gen/raw_outputs/18_beta_cell_90_dataset/raw_datasets/cell_beta_0p29_p_0p00/dataset_048_seed_4825234/dataset_meta.json
cell_beta_0p29_p_0p00,beta,49,4925234,0.29,0.0,02_dnn/01_dataset_gen/raw_outputs/18_beta_cell_90_dataset/raw_datasets/cell_beta_0p29_p_0p00/dataset_049_seed_4925234/dataset.npz,02_dnn/01_dataset_gen/raw_outputs/18_beta_cell_90_dataset/raw_datasets/cell_beta_0p29_p_0p00/dataset_049_seed_4925234/dataset_meta.json
cell_beta_0p29_p_0p00,beta,50,5025234,0.29,0.0,02_dnn/01_dataset_gen/raw_outputs/18_beta_cell_90_dataset/raw_datasets/cell_beta_0p29_p_0p00/dataset_050_seed_5025234/dataset.npz,02_dnn/01_dataset_gen/raw_outputs/18_beta_cell_90_dataset/raw_datasets/cell_beta_0p29_p_0p00/dataset_050_seed_5025234/dataset_meta.json
cell_beta_0p29_p_0p00,beta,51,5125234,0.29,0.0,02_dnn/01_dataset_gen/raw_outputs/18_beta_cell_90_dataset/raw_datasets/cell_beta_0p29_p_0p00/dataset_051_seed_5125234/dataset.npz,02_dnn/01_dataset_gen/raw_outputs/18_beta_cell_90_dataset/raw_datasets/cell_beta_0p29_p_0p00/dataset_051_seed_5125234/dataset_meta.json
cell_beta_0p29_p_0p00,beta,52,5225234,0.29,0.0,02_dnn/01_dataset_gen/raw_outputs/18_beta_cell_90_dataset/raw_datasets/cell_beta_0p29_p_0p00/dataset_052_seed_5225234/dataset.npz,02_dnn/01_dataset_gen/raw_outputs/18_beta_cell_90_dataset/raw_datasets/cell_beta_0p29_p_0p00/dataset_052_seed_5225234/dataset_meta.json
cell_beta_0p29_p_0p00,beta,53,5325234,0.29,0.0,02_dnn/01_dataset_gen/raw_outputs/18_beta_cell_90_dataset/raw_datasets/cell_beta_0p29_p_0p00/dataset_053_seed_5325234/dataset.npz,02_dnn/01_dataset_gen/raw_outputs/18_beta_cell_90_dataset/raw_datasets/cell_beta_0p29_p_0p00/dataset_053_seed_5325234/dataset_meta.json
cell_beta_0p29_p_0p00,beta,54,5425234,0.29,0.0,02_dnn/01_dataset_gen/raw_outputs/18_beta_cell_90_dataset/raw_datasets/cell_beta_0p29_p_0p00/dataset_054_seed_5425234/dataset.npz,02_dnn/01_dataset_gen/raw_outputs/18_beta_cell_90_dataset/raw_datasets/cell_beta_0p29_p_0p00/dataset_054_seed_5425234/dataset_meta.json
cell_beta_0p29_p_0p00,beta,55,5525234,0.29,0.0,02_dnn/01_dataset_gen/raw_outputs/18_beta_cell_90_dataset/raw_datasets/cell_beta_0p29_p_0p00/dataset_055_seed_5525234/dataset.npz,02_dnn/01_dataset_gen/raw_outputs/18_beta_cell_90_dataset/raw_datasets/cell_beta_0p29_p_0p00/dataset_055_seed_5525234/dataset_meta.json
cell_beta_0p29_p_0p00,beta,56,5625234,0.29,0.0,02_dnn/01_dataset_gen/raw_outputs/18_beta_cell_90_dataset/raw_datasets/cell_beta_0p29_p_0p00/dataset_056_seed_5625234/dataset.npz,02_dnn/01_dataset_gen/raw_outputs/18_beta_cell_90_dataset/raw_datasets/cell_beta_0p29_p_0p00/dataset_056_seed_5625234/dataset_meta.json
cell_beta_0p29_p_0p00,beta,57,5725234,0.29,0.0,02_dnn/01_dataset_gen/raw_outputs/18_beta_cell_90_dataset/raw_datasets/cell_beta_0p29_p_0p00/dataset_057_seed_5725234/dataset.npz,02_dnn/01_dataset_gen/raw_outputs/18_beta_cell_90_dataset/raw_datasets/cell_beta_0p29_p_0p00/dataset_057_seed_5725234/dataset_meta.json
cell_beta_0p29_p_0p00,beta,58,5825234,0.29,0.0,02_dnn/01_dataset_gen/raw_outputs/18_beta_cell_90_dataset/raw_datasets/cell_beta_0p29_p_0p00/dataset_058_seed_5825234/dataset.npz,02_dnn/01_dataset_gen/raw_outputs/18_beta_cell_90_dataset/raw_datasets/cell_beta_0p29_p_0p00/dataset_058_seed_5825234/dataset_meta.json
cell_beta_0p29_p_0p00,beta,59,5925234,0.29,0.0,02_dnn/01_dataset_gen/raw_outputs/18_beta_cell_90_dataset/raw_datasets/cell_beta_0p29_p_0p00/dataset_059_seed_5925234/dataset.npz,02_dnn/01_dataset_gen/raw_outputs/18_beta_cell_90_dataset/raw_datasets/cell_beta_0p29_p_0p00/dataset_059_seed_5925234/dataset_meta.json
cell_beta_0p29_p_0p00,beta,60,6025234,0.29,0.0,02_dnn/01_dataset_gen/raw_outputs/18_beta_cell_90_dataset/raw_datasets/cell_beta_0p29_p_0p00/dataset_060_seed_6025234/dataset.npz,02_dnn/01_dataset_gen/raw_outputs/18_beta_cell_90_dataset/raw_datasets/cell_beta_0p29_p_0p00/dataset_060_seed_6025234/dataset_meta.json
cell_beta_0p29_p_0p00,beta,61,6125234,0.29,0.0,02_dnn/01_dataset_gen/raw_outputs/18_beta_cell_90_dataset/raw_datasets/cell_beta_0p29_p_0p00/dataset_061_seed_6125234/dataset.npz,02_dnn/01_dataset_gen/raw_outputs/18_beta_cell_90_dataset/raw_datasets/cell_beta_0p29_p_0p00/dataset_061_seed_6125234/dataset_meta.json
cell_beta_0p29_p_0p00,beta,62,6225234,0.29,0.0,02_dnn/01_dataset_gen/raw_outputs/18_beta_cell_90_dataset/raw_datasets/cell_beta_0p29_p_0p00/dataset_062_seed_6225234/dataset.npz,02_dnn/01_dataset_gen/raw_outputs/18_beta_cell_90_dataset/raw_datasets/cell_beta_0p29_p_0p00/dataset_062_seed_6225234/dataset_meta.json
cell_beta_0p29_p_0p00,beta,63,6325234,0.29,0.0,02_dnn/01_dataset_gen/raw_outputs/18_beta_cell_90_dataset/raw_datasets/cell_beta_0p29_p_0p00/dataset_063_seed_6325234/dataset.npz,02_dnn/01_dataset_gen/raw_outputs/18_beta_cell_90_dataset/raw_datasets/cell_beta_0p29_p_0p00/dataset_063_seed_6325234/dataset_meta.json
cell_beta_0p29_p_0p00,beta,64,6425234,0.29,0.0,02_dnn/01_dataset_gen/raw_outputs/18_beta_cell_90_dataset/raw_datasets/cell_beta_0p29_p_0p00/dataset_064_seed_6425234/dataset.npz,02_dnn/01_dataset_gen/raw_outputs/18_beta_cell_90_dataset/raw_datasets/cell_beta_0p29_p_0p00/dataset_064_seed_6425234/dataset_meta.json
cell_beta_0p29_p_0p00,beta,65,6525234,0.29,0.0,02_dnn/01_dataset_gen/raw_outputs/18_beta_cell_90_dataset/raw_datasets/cell_beta_0p29_p_0p00/dataset_065_seed_6525234/dataset.npz,02_dnn/01_dataset_gen/raw_outputs/18_beta_cell_90_dataset/raw_datasets/cell_beta_0p29_p_0p00/dataset_065_seed_6525234/dataset_meta.json
cell_beta_0p29_p_0p00,beta,66,6625234,0.29,0.0,02_dnn/01_dataset_gen/raw_outputs/18_beta_cell_90_dataset/raw_datasets/cell_beta_0p29_p_0p00/dataset_066_seed_6625234/dataset.npz,02_dnn/01_dataset_gen/raw_outputs/18_beta_cell_90_dataset/raw_datasets/cell_beta_0p29_p_0p00/dataset_066_seed_6625234/dataset_meta.json
cell_beta_0p29_p_0p00,beta,67,6725234,0.29,0.0,02_dnn/01_dataset_gen/raw_outputs/18_beta_cell_90_dataset/raw_datasets/cell_beta_0p29_p_0p00/dataset_067_seed_6725234/dataset.npz,02_dnn/01_dataset_gen/raw_outputs/18_beta_cell_90_dataset/raw_datasets/cell_beta_0p29_p_0p00/dataset_067_seed_6725234/dataset_meta.json
cell_beta_0p29_p_0p00,beta,68,6825234,0.29,0.0,02_dnn/01_dataset_gen/raw_outputs/18_beta_cell_90_dataset/raw_datasets/cell_beta_0p29_p_0p00/dataset_068_seed_6825234/dataset.npz,02_dnn/01_dataset_gen/raw_outputs/18_beta_cell_90_dataset/raw_datasets/cell_beta_0p29_p_0p00/dataset_068_seed_6825234/dataset_meta.json
cell_beta_0p29_p_0p00,beta,69,6925234,0.29,0.0,02_dnn/01_dataset_gen/raw_outputs/18_beta_cell_90_dataset/raw_datasets/cell_beta_0p29_p_0p00/dataset_069_seed_6925234/dataset.npz,02_dnn/01_dataset_gen/raw_outputs/18_beta_cell_90_dataset/raw_datasets/cell_beta_0p29_p_0p00/dataset_069_seed_6925234/dataset_meta.json
cell_beta_0p29_p_0p00,beta,70,7025234,0.29,0.0,02_dnn/01_dataset_gen/raw_outputs/18_beta_cell_90_dataset/raw_datasets/cell_beta_0p29_p_0p00/dataset_070_seed_7025234/dataset.npz,02_dnn/01_dataset_gen/raw_outputs/18_beta_cell_90_dataset/raw_datasets/cell_beta_0p29_p_0p00/dataset_070_seed_7025234/dataset_meta.json
cell_beta_0p29_p_0p00,beta,71,7125234,0.29,0.0,02_dnn/01_dataset_gen/raw_outputs/18_beta_cell_90_dataset/raw_datasets/cell_beta_0p29_p_0p00/dataset_071_seed_7125234/dataset.npz,02_dnn/01_dataset_gen/raw_outputs/18_beta_cell_90_dataset/raw_datasets/cell_beta_0p29_p_0p00/dataset_071_seed_7125234/dataset_meta.json
cell_beta_0p29_p_0p00,beta,72,7225234,0.29,0.0,02_dnn/01_dataset_gen/raw_outputs/18_beta_cell_90_dataset/raw_datasets/cell_beta_0p29_p_0p00/dataset_072_seed_7225234/dataset.npz,02_dnn/01_dataset_gen/raw_outputs/18_beta_cell_90_dataset/raw_datasets/cell_beta_0p29_p_0p00/dataset_072_seed_7225234/dataset_meta.json
cell_beta_0p29_p_0p00,beta,73,7325234,0.29,0.0,02_dnn/01_dataset_gen/raw_outputs/18_beta_cell_90_dataset/raw_datasets/cell_beta_0p29_p_0p00/dataset_073_seed_7325234/dataset.npz,02_dnn/01_dataset_gen/raw_outputs/18_beta_cell_90_dataset/raw_datasets/cell_beta_0p29_p_0p00/dataset_073_seed_7325234/dataset_meta.json
cell_beta_0p29_p_0p00,beta,74,7425234,0.29,0.0,02_dnn/01_dataset_gen/raw_outputs/18_beta_cell_90_dataset/raw_datasets/cell_beta_0p29_p_0p00/dataset_074_seed_7425234/dataset.npz,02_dnn/01_dataset_gen/raw_outputs/18_beta_cell_90_dataset/raw_datasets/cell_beta_0p29_p_0p00/dataset_074_seed_7425234/dataset_meta.json
cell_beta_0p29_p_0p00,beta,75,7525234,0.29,0.0,02_dnn/01_dataset_gen/raw_outputs/18_beta_cell_90_dataset/raw_datasets/cell_beta_0p29_p_0p00/dataset_075_seed_7525234/dataset.npz,02_dnn/01_dataset_gen/raw_outputs/18_beta_cell_90_dataset/raw_datasets/cell_beta_0p29_p_0p00/dataset_075_seed_7525234/dataset_meta.json
cell_beta_0p29_p_0p00,beta,76,7625234,0.29,0.0,02_dnn/01_dataset_gen/raw_outputs/18_beta_cell_90_dataset/raw_datasets/cell_beta_0p29_p_0p00/dataset_076_seed_7625234/dataset.npz,02_dnn/01_dataset_gen/raw_outputs/18_beta_cell_90_dataset/raw_datasets/cell_beta_0p29_p_0p00/dataset_076_seed_7625234/dataset_meta.json
cell_beta_0p29_p_0p00,beta,77,7725234,0.29,0.0,02_dnn/01_dataset_gen/raw_outputs/18_beta_cell_90_dataset/raw_datasets/cell_beta_0p29_p_0p00/dataset_077_seed_7725234/dataset.npz,02_dnn/01_dataset_gen/raw_outputs/18_beta_cell_90_dataset/raw_datasets/cell_beta_0p29_p_0p00/dataset_077_seed_7725234/dataset_meta.json
cell_beta_0p29_p_0p00,beta,78,7825234,0.29,0.0,02_dnn/01_dataset_gen/raw_outputs/18_beta_cell_90_dataset/raw_datasets/cell_beta_0p29_p_0p00/dataset_078_seed_7825234/dataset.npz,02_dnn/01_dataset_gen/raw_outputs/18_beta_cell_90_dataset/raw_datasets/cell_beta_0p29_p_0p00/dataset_078_seed_7825234/dataset_meta.json
cell_beta_0p29_p_0p00,beta,79,7925234,0.29,0.0,02_dnn/01_dataset_gen/raw_outputs/18_beta_cell_90_dataset/raw_datasets/cell_beta_0p29_p_0p00/dataset_079_seed_7925234/dataset.npz,02_dnn/01_dataset_gen/raw_outputs/18_beta_cell_90_dataset/raw_datasets/cell_beta_0p29_p_0p00/dataset_079_seed_7925234/dataset_meta.json
cell_beta_0p29_p_0p00,beta,80,8025234,0.29,0.0,02_dnn/01_dataset_gen/raw_outputs/18_beta_cell_90_dataset/raw_datasets/cell_beta_0p29_p_0p00/dataset_080_seed_8025234/dataset.npz,02_dnn/01_dataset_gen/raw_outputs/18_beta_cell_90_dataset/raw_datasets/cell_beta_0p29_p_0p00/dataset_080_seed_8025234/dataset_meta.json
cell_beta_0p29_p_0p00,beta,81,8125234,0.29,0.0,02_dnn/01_dataset_gen/raw_outputs/18_beta_cell_90_dataset/raw_datasets/cell_beta_0p29_p_0p00/dataset_081_seed_8125234/dataset.npz,02_dnn/01_dataset_gen/raw_outputs/18_beta_cell_90_dataset/raw_datasets/cell_beta_0p29_p_0p00/dataset_081_seed_8125234/dataset_meta.json
cell_beta_0p29_p_0p00,beta,82,8225234,0.29,0.0,02_dnn/01_dataset_gen/raw_outputs/18_beta_cell_90_dataset/raw_datasets/cell_beta_0p29_p_0p00/dataset_082_seed_8225234/dataset.npz,02_dnn/01_dataset_gen/raw_outputs/18_beta_cell_90_dataset/raw_datasets/cell_beta_0p29_p_0p00/dataset_082_seed_8225234/dataset_meta.json
cell_beta_0p29_p_0p00,beta,83,8325234,0.29,0.0,02_dnn/01_dataset_gen/raw_outputs/18_beta_cell_90_dataset/raw_datasets/cell_beta_0p29_p_0p00/dataset_083_seed_8325234/dataset.npz,02_dnn/01_dataset_gen/raw_outputs/18_beta_cell_90_dataset/raw_datasets/cell_beta_0p29_p_0p00/dataset_083_seed_8325234/dataset_meta.json
cell_beta_0p29_p_0p00,beta,84,8425234,0.29,0.0,02_dnn/01_dataset_gen/raw_outputs/18_beta_cell_90_dataset/raw_datasets/cell_beta_0p29_p_0p00/dataset_084_seed_8425234/dataset.npz,02_dnn/01_dataset_gen/raw_outputs/18_beta_cell_90_dataset/raw_datasets/cell_beta_0p29_p_0p00/dataset_084_seed_8425234/dataset_meta.json
cell_beta_0p29_p_0p00,beta,85,8525234,0.29,0.0,02_dnn/01_dataset_gen/raw_outputs/18_beta_cell_90_dataset/raw_datasets/cell_beta_0p29_p_0p00/dataset_085_seed_8525234/dataset.npz,02_dnn/01_dataset_gen/raw_outputs/18_beta_cell_90_dataset/raw_datasets/cell_beta_0p29_p_0p00/dataset_085_seed_8525234/dataset_meta.json
cell_beta_0p29_p_0p00,beta,86,8625234,0.29,0.0,02_dnn/01_dataset_gen/raw_outputs/18_beta_cell_90_dataset/raw_datasets/cell_beta_0p29_p_0p00/dataset_086_seed_8625234/dataset.npz,02_dnn/01_dataset_gen/raw_outputs/18_beta_cell_90_dataset/raw_datasets/cell_beta_0p29_p_0p00/dataset_086_seed_8625234/dataset_meta.json
cell_beta_0p29_p_0p00,beta,87,8725234,0.29,0.0,02_dnn/01_dataset_gen/raw_outputs/18_beta_cell_90_dataset/raw_datasets/cell_beta_0p29_p_0p00/dataset_087_seed_8725234/dataset.npz,02_dnn/01_dataset_gen/raw_outputs/18_beta_cell_90_dataset/raw_datasets/cell_beta_0p29_p_0p00/dataset_087_seed_8725234/dataset_meta.json
cell_beta_0p29_p_0p00,beta,88,8825234,0.29,0.0,02_dnn/01_dataset_gen/raw_outputs/18_beta_cell_90_dataset/raw_datasets/cell_beta_0p29_p_0p00/dataset_088_seed_8825234/dataset.npz,02_dnn/01_dataset_gen/raw_outputs/18_beta_cell_90_dataset/raw_datasets/cell_beta_0p29_p_0p00/dataset_088_seed_8825234/dataset_meta.json
cell_beta_0p29_p_0p00,beta,89,8925234,0.29,0.0,02_dnn/01_dataset_gen/raw_outputs/18_beta_cell_90_dataset/raw_datasets/cell_beta_0p29_p_0p00/dataset_089_seed_8925234/dataset.npz,02_dnn/01_dataset_gen/raw_outputs/18_beta_cell_90_dataset/raw_datasets/cell_beta_0p29_p_0p00/dataset_089_seed_8925234/dataset_meta.json
cell_beta_0p31_p_0p00,beta,0,27234,0.31,0.0,02_dnn/01_dataset_gen/raw_outputs/18_beta_cell_90_dataset/raw_datasets/cell_beta_0p31_p_0p00/dataset_000_seed_027234/dataset.npz,02_dnn/01_dataset_gen/raw_outputs/18_beta_cell_90_dataset/raw_datasets/cell_beta_0p31_p_0p00/dataset_000_seed_027234/dataset_meta.json
cell_beta_0p31_p_0p00,beta,1,127234,0.31,0.0,02_dnn/01_dataset_gen/raw_outputs/18_beta_cell_90_dataset/raw_datasets/cell_beta_0p31_p_0p00/dataset_001_seed_127234/dataset.npz,02_dnn/01_dataset_gen/raw_outputs/18_beta_cell_90_dataset/raw_datasets/cell_beta_0p31_p_0p00/dataset_001_seed_127234/dataset_meta.json
cell_beta_0p31_p_0p00,beta,2,227234,0.31,0.0,02_dnn/01_dataset_gen/raw_outputs/18_beta_cell_90_dataset/raw_datasets/cell_beta_0p31_p_0p00/dataset_002_seed_227234/dataset.npz,02_dnn/01_dataset_gen/raw_outputs/18_beta_cell_90_dataset/raw_datasets/cell_beta_0p31_p_0p00/dataset_002_seed_227234/dataset_meta.json
cell_beta_0p31_p_0p00,beta,3,327234,0.31,0.0,02_dnn/01_dataset_gen/raw_outputs/18_beta_cell_90_dataset/raw_datasets/cell_beta_0p31_p_0p00/dataset_003_seed_327234/dataset.npz,02_dnn/01_dataset_gen/raw_outputs/18_beta_cell_90_dataset/raw_datasets/cell_beta_0p31_p_0p00/dataset_003_seed_327234/dataset_meta.json
cell_beta_0p31_p_0p00,beta,4,427234,0.31,0.0,02_dnn/01_dataset_gen/raw_outputs/18_beta_cell_90_dataset/raw_datasets/cell_beta_0p31_p_0p00/dataset_004_seed_427234/dataset.npz,02_dnn/01_dataset_gen/raw_outputs/18_beta_cell_90_dataset/raw_datasets/cell_beta_0p31_p_0p00/dataset_004_seed_427234/dataset_meta.json
cell_beta_0p31_p_0p00,beta,5,527234,0.31,0.0,02_dnn/01_dataset_gen/raw_outputs/18_beta_cell_90_dataset/raw_datasets/cell_beta_0p31_p_0p00/dataset_005_seed_527234/dataset.npz,02_dnn/01_dataset_gen/raw_outputs/18_beta_cell_90_dataset/raw_datasets/cell_beta_0p31_p_0p00/dataset_005_seed_527234/dataset_meta.json
cell_beta_0p31_p_0p00,beta,6,627234,0.31,0.0,02_dnn/01_dataset_gen/raw_outputs/18_beta_cell_90_dataset/raw_datasets/cell_beta_0p31_p_0p00/dataset_006_seed_627234/dataset.npz,02_dnn/01_dataset_gen/raw_outputs/18_beta_cell_90_dataset/raw_datasets/cell_beta_0p31_p_0p00/dataset_006_seed_627234/dataset_meta.json
cell_beta_0p31_p_0p00,beta,7,727234,0.31,0.0,02_dnn/01_dataset_gen/raw_outputs/18_beta_cell_90_dataset/raw_datasets/cell_beta_0p31_p_0p00/dataset_007_seed_727234/dataset.npz,02_dnn/01_dataset_gen/raw_outputs/18_beta_cell_90_dataset/raw_datasets/cell_beta_0p31_p_0p00/dataset_007_seed_727234/dataset_meta.json
cell_beta_0p31_p_0p00,beta,8,827234,0.31,0.0,02_dnn/01_dataset_gen/raw_outputs/18_beta_cell_90_dataset/raw_datasets/cell_beta_0p31_p_0p00/dataset_008_seed_827234/dataset.npz,02_dnn/01_dataset_gen/raw_outputs/18_beta_cell_90_dataset/raw_datasets/cell_beta_0p31_p_0p00/dataset_008_seed_827234/dataset_meta.json
cell_beta_0p31_p_0p00,beta,9,927234,0.31,0.0,02_dnn/01_dataset_gen/raw_outputs/18_beta_cell_90_dataset/raw_datasets/cell_beta_0p31_p_0p00/dataset_009_seed_927234/dataset.npz,02_dnn/01_dataset_gen/raw_outputs/18_beta_cell_90_dataset/raw_datasets/cell_beta_0p31_p_0p00/dataset_009_seed_927234/dataset_meta.json
cell_beta_0p31_p_0p00,beta,10,1027234,0.31,0.0,02_dnn/01_dataset_gen/raw_outputs/18_beta_cell_90_dataset/raw_datasets/cell_beta_0p31_p_0p00/dataset_010_seed_1027234/dataset.npz,02_dnn/01_dataset_gen/raw_outputs/18_beta_cell_90_dataset/raw_datasets/cell_beta_0p31_p_0p00/dataset_010_seed_1027234/dataset_meta.json
cell_beta_0p31_p_0p00,beta,11,1127234,0.31,0.0,02_dnn/01_dataset_gen/raw_outputs/18_beta_cell_90_dataset/raw_datasets/cell_beta_0p31_p_0p00/dataset_011_seed_1127234/dataset.npz,02_dnn/01_dataset_gen/raw_outputs/18_beta_cell_90_dataset/raw_datasets/cell_beta_0p31_p_0p00/dataset_011_seed_1127234/dataset_meta.json
cell_beta_0p31_p_0p00,beta,12,1227234,0.31,0.0,02_dnn/01_dataset_gen/raw_outputs/18_beta_cell_90_dataset/raw_datasets/cell_beta_0p31_p_0p00/dataset_012_seed_1227234/dataset.npz,02_dnn/01_dataset_gen/raw_outputs/18_beta_cell_90_dataset/raw_datasets/cell_beta_0p31_p_0p00/dataset_012_seed_1227234/dataset_meta.json
cell_beta_0p31_p_0p00,beta,13,1327234,0.31,0.0,02_dnn/01_dataset_gen/raw_outputs/18_beta_cell_90_dataset/raw_datasets/cell_beta_0p31_p_0p00/dataset_013_seed_1327234/dataset.npz,02_dnn/01_dataset_gen/raw_outputs/18_beta_cell_90_dataset/raw_datasets/cell_beta_0p31_p_0p00/dataset_013_seed_1327234/dataset_meta.json
cell_beta_0p31_p_0p00,beta,14,1427234,0.31,0.0,02_dnn/01_dataset_gen/raw_outputs/18_beta_cell_90_dataset/raw_datasets/cell_beta_0p31_p_0p00/dataset_014_seed_1427234/dataset.npz,02_dnn/01_dataset_gen/raw_outputs/18_beta_cell_90_dataset/raw_datasets/cell_beta_0p31_p_0p00/dataset_014_seed_1427234/dataset_meta.json
cell_beta_0p31_p_0p00,beta,15,1527234,0.31,0.0,02_dnn/01_dataset_gen/raw_outputs/18_beta_cell_90_dataset/raw_datasets/cell_beta_0p31_p_0p00/dataset_015_seed_1527234/dataset.npz,02_dnn/01_dataset_gen/raw_outputs/18_beta_cell_90_dataset/raw_datasets/cell_beta_0p31_p_0p00/dataset_015_seed_1527234/dataset_meta.json
cell_beta_0p31_p_0p00,beta,16,1627234,0.31,0.0,02_dnn/01_dataset_gen/raw_outputs/18_beta_cell_90_dataset/raw_datasets/cell_beta_0p31_p_0p00/dataset_016_seed_1627234/dataset.npz,02_dnn/01_dataset_gen/raw_outputs/18_beta_cell_90_dataset/raw_datasets/cell_beta_0p31_p_0p00/dataset_016_seed_1627234/dataset_meta.json
cell_beta_0p31_p_0p00,beta,17,1727234,0.31,0.0,02_dnn/01_dataset_gen/raw_outputs/18_beta_cell_90_dataset/raw_datasets/cell_beta_0p31_p_0p00/dataset_017_seed_1727234/dataset.npz,02_dnn/01_dataset_gen/raw_outputs/18_beta_cell_90_dataset/raw_datasets/cell_beta_0p31_p_0p00/dataset_017_seed_1727234/dataset_meta.json
cell_beta_0p31_p_0p00,beta,18,1827234,0.31,0.0,02_dnn/01_dataset_gen/raw_outputs/18_beta_cell_90_dataset/raw_datasets/cell_beta_0p31_p_0p00/dataset_018_seed_1827234/dataset.npz,02_dnn/01_dataset_gen/raw_outputs/18_beta_cell_90_dataset/raw_datasets/cell_beta_0p31_p_0p00/dataset_018_seed_1827234/dataset_meta.json
cell_beta_0p31_p_0p00,beta,19,1927234,0.31,0.0,02_dnn/01_dataset_gen/raw_outputs/18_beta_cell_90_dataset/raw_datasets/cell_beta_0p31_p_0p00/dataset_019_seed_1927234/dataset.npz,02_dnn/01_dataset_gen/raw_outputs/18_beta_cell_90_dataset/raw_datasets/cell_beta_0p31_p_0p00/dataset_019_seed_1927234/dataset_meta.json
cell_beta_0p31_p_0p00,beta,20,2027234,0.31,0.0,02_dnn/01_dataset_gen/raw_outputs/18_beta_cell_90_dataset/raw_datasets/cell_beta_0p31_p_0p00/dataset_020_seed_2027234/dataset.npz,02_dnn/01_dataset_gen/raw_outputs/18_beta_cell_90_dataset/raw_datasets/cell_beta_0p31_p_0p00/dataset_020_seed_2027234/dataset_meta.json
cell_beta_0p31_p_0p00,beta,21,2127234,0.31,0.0,02_dnn/01_dataset_gen/raw_outputs/18_beta_cell_90_dataset/raw_datasets/cell_beta_0p31_p_0p00/dataset_021_seed_2127234/dataset.npz,02_dnn/01_dataset_gen/raw_outputs/18_beta_cell_90_dataset/raw_datasets/cell_beta_0p31_p_0p00/dataset_021_seed_2127234/dataset_meta.json
cell_beta_0p31_p_0p00,beta,22,2227234,0.31,0.0,02_dnn/01_dataset_gen/raw_outputs/18_beta_cell_90_dataset/raw_datasets/cell_beta_0p31_p_0p00/dataset_022_seed_2227234/dataset.npz,02_dnn/01_dataset_gen/raw_outputs/18_beta_cell_90_dataset/raw_datasets/cell_beta_0p31_p_0p00/dataset_022_seed_2227234/dataset_meta.json
cell_beta_0p31_p_0p00,beta,23,2327234,0.31,0.0,02_dnn/01_dataset_gen/raw_outputs/18_beta_cell_90_dataset/raw_datasets/cell_beta_0p31_p_0p00/dataset_023_seed_2327234/dataset.npz,02_dnn/01_dataset_gen/raw_outputs/18_beta_cell_90_dataset/raw_datasets/cell_beta_0p31_p_0p00/dataset_023_seed_2327234/dataset_meta.json
cell_beta_0p31_p_0p00,beta,24,2427234,0.31,0.0,02_dnn/01_dataset_gen/raw_outputs/18_beta_cell_90_dataset/raw_datasets/cell_beta_0p31_p_0p00/dataset_024_seed_2427234/dataset.npz,02_dnn/01_dataset_gen/raw_outputs/18_beta_cell_90_dataset/raw_datasets/cell_beta_0p31_p_0p00/dataset_024_seed_2427234/dataset_meta.json
cell_beta_0p31_p_0p00,beta,25,2527234,0.31,0.0,02_dnn/01_dataset_gen/raw_outputs/18_beta_cell_90_dataset/raw_datasets/cell_beta_0p31_p_0p00/dataset_025_seed_2527234/dataset.npz,02_dnn/01_dataset_gen/raw_outputs/18_beta_cell_90_dataset/raw_datasets/cell_beta_0p31_p_0p00/dataset_025_seed_2527234/dataset_meta.json
cell_beta_0p31_p_0p00,beta,26,2627234,0.31,0.0,02_dnn/01_dataset_gen/raw_outputs/18_beta_cell_90_dataset/raw_datasets/cell_beta_0p31_p_0p00/dataset_026_seed_2627234/dataset.npz,02_dnn/01_dataset_gen/raw_outputs/18_beta_cell_90_dataset/raw_datasets/cell_beta_0p31_p_0p00/dataset_026_seed_2627234/dataset_meta.json
cell_beta_0p31_p_0p00,beta,27,2727234,0.31,0.0,02_dnn/01_dataset_gen/raw_outputs/18_beta_cell_90_dataset/raw_datasets/cell_beta_0p31_p_0p00/dataset_027_seed_2727234/dataset.npz,02_dnn/01_dataset_gen/raw_outputs/18_beta_cell_90_dataset/raw_datasets/cell_beta_0p31_p_0p00/dataset_027_seed_2727234/dataset_meta.json
cell_beta_0p31_p_0p00,beta,28,2827234,0.31,0.0,02_dnn/01_dataset_gen/raw_outputs/18_beta_cell_90_dataset/raw_datasets/cell_beta_0p31_p_0p00/dataset_028_seed_2827234/dataset.npz,02_dnn/01_dataset_gen/raw_outputs/18_beta_cell_90_dataset/raw_datasets/cell_beta_0p31_p_0p00/dataset_028_seed_2827234/dataset_meta.json
cell_beta_0p31_p_0p00,beta,29,2927234,0.31,0.0,02_dnn/01_dataset_gen/raw_outputs/18_beta_cell_90_dataset/raw_datasets/cell_beta_0p31_p_0p00/dataset_029_seed_2927234/dataset.npz,02_dnn/01_dataset_gen/raw_outputs/18_beta_cell_90_dataset/raw_datasets/cell_beta_0p31_p_0p00/dataset_029_seed_2927234/dataset_meta.json
cell_beta_0p31_p_0p00,beta,30,3027234,0.31,0.0,02_dnn/01_dataset_gen/raw_outputs/18_beta_cell_90_dataset/raw_datasets/cell_beta_0p31_p_0p00/dataset_030_seed_3027234/dataset.npz,02_dnn/01_dataset_gen/raw_outputs/18_beta_cell_90_dataset/raw_datasets/cell_beta_0p31_p_0p00/dataset_030_seed_3027234/dataset_meta.json
cell_beta_0p31_p_0p00,beta,31,3127234,0.31,0.0,02_dnn/01_dataset_gen/raw_outputs/18_beta_cell_90_dataset/raw_datasets/cell_beta_0p31_p_0p00/dataset_031_seed_3127234/dataset.npz,02_dnn/01_dataset_gen/raw_outputs/18_beta_cell_90_dataset/raw_datasets/cell_beta_0p31_p_0p00/dataset_031_seed_3127234/dataset_meta.json
cell_beta_0p31_p_0p00,beta,32,3227234,0.31,0.0,02_dnn/01_dataset_gen/raw_outputs/18_beta_cell_90_dataset/raw_datasets/cell_beta_0p31_p_0p00/dataset_032_seed_3227234/dataset.npz,02_dnn/01_dataset_gen/raw_outputs/18_beta_cell_90_dataset/raw_datasets/cell_beta_0p31_p_0p00/dataset_032_seed_3227234/dataset_meta.json
cell_beta_0p31_p_0p00,beta,33,3327234,0.31,0.0,02_dnn/01_dataset_gen/raw_outputs/18_beta_cell_90_dataset/raw_datasets/cell_beta_0p31_p_0p00/dataset_033_seed_3327234/dataset.npz,02_dnn/01_dataset_gen/raw_outputs/18_beta_cell_90_dataset/raw_datasets/cell_beta_0p31_p_0p00/dataset_033_seed_3327234/dataset_meta.json
cell_beta_0p31_p_0p00,beta,34,3427234,0.31,0.0,02_dnn/01_dataset_gen/raw_outputs/18_beta_cell_90_dataset/raw_datasets/cell_beta_0p31_p_0p00/dataset_034_seed_3427234/dataset.npz,02_dnn/01_dataset_gen/raw_outputs/18_beta_cell_90_dataset/raw_datasets/cell_beta_0p31_p_0p00/dataset_034_seed_3427234/dataset_meta.json
cell_beta_0p31_p_0p00,beta,35,3527234,0.31,0.0,02_dnn/01_dataset_gen/raw_outputs/18_beta_cell_90_dataset/raw_datasets/cell_beta_0p31_p_0p00/dataset_035_seed_3527234/dataset.npz,02_dnn/01_dataset_gen/raw_outputs/18_beta_cell_90_dataset/raw_datasets/cell_beta_0p31_p_0p00/dataset_035_seed_3527234/dataset_meta.json
cell_beta_0p31_p_0p00,beta,36,3627234,0.31,0.0,02_dnn/01_dataset_gen/raw_outputs/18_beta_cell_90_dataset/raw_datasets/cell_beta_0p31_p_0p00/dataset_036_seed_3627234/dataset.npz,02_dnn/01_dataset_gen/raw_outputs/18_beta_cell_90_dataset/raw_datasets/cell_beta_0p31_p_0p00/dataset_036_seed_3627234/dataset_meta.json
cell_beta_0p31_p_0p00,beta,37,3727234,0.31,0.0,02_dnn/01_dataset_gen/raw_outputs/18_beta_cell_90_dataset/raw_datasets/cell_beta_0p31_p_0p00/dataset_037_seed_3727234/dataset.npz,02_dnn/01_dataset_gen/raw_outputs/18_beta_cell_90_dataset/raw_datasets/cell_beta_0p31_p_0p00/dataset_037_seed_3727234/dataset_meta.json
cell_beta_0p31_p_0p00,beta,38,3827234,0.31,0.0,02_dnn/01_dataset_gen/raw_outputs/18_beta_cell_90_dataset/raw_datasets/cell_beta_0p31_p_0p00/dataset_038_seed_3827234/dataset.npz,02_dnn/01_dataset_gen/raw_outputs/18_beta_cell_90_dataset/raw_datasets/cell_beta_0p31_p_0p00/dataset_038_seed_3827234/dataset_meta.json
cell_beta_0p31_p_0p00,beta,39,3927234,0.31,0.0,02_dnn/01_dataset_gen/raw_outputs/18_beta_cell_90_dataset/raw_datasets/cell_beta_0p31_p_0p00/dataset_039_seed_3927234/dataset.npz,02_dnn/01_dataset_gen/raw_outputs/18_beta_cell_90_dataset/raw_datasets/cell_beta_0p31_p_0p00/dataset_039_seed_3927234/dataset_meta.json
cell_beta_0p31_p_0p00,beta,40,4027234,0.31,0.0,02_dnn/01_dataset_gen/raw_outputs/18_beta_cell_90_dataset/raw_datasets/cell_beta_0p31_p_0p00/dataset_040_seed_4027234/dataset.npz,02_dnn/01_dataset_gen/raw_outputs/18_beta_cell_90_dataset/raw_datasets/cell_beta_0p31_p_0p00/dataset_040_seed_4027234/dataset_meta.json
cell_beta_0p31_p_0p00,beta,41,4127234,0.31,0.0,02_dnn/01_dataset_gen/raw_outputs/18_beta_cell_90_dataset/raw_datasets/cell_beta_0p31_p_0p00/dataset_041_seed_4127234/dataset.npz,02_dnn/01_dataset_gen/raw_outputs/18_beta_cell_90_dataset/raw_datasets/cell_beta_0p31_p_0p00/dataset_041_seed_4127234/dataset_meta.json
cell_beta_0p31_p_0p00,beta,42,4227234,0.31,0.0,02_dnn/01_dataset_gen/raw_outputs/18_beta_cell_90_dataset/raw_datasets/cell_beta_0p31_p_0p00/dataset_042_seed_4227234/dataset.npz,02_dnn/01_dataset_gen/raw_outputs/18_beta_cell_90_dataset/raw_datasets/cell_beta_0p31_p_0p00/dataset_042_seed_4227234/dataset_meta.json
cell_beta_0p31_p_0p00,beta,43,4327234,0.31,0.0,02_dnn/01_dataset_gen/raw_outputs/18_beta_cell_90_dataset/raw_datasets/cell_beta_0p31_p_0p00/dataset_043_seed_4327234/dataset.npz,02_dnn/01_dataset_gen/raw_outputs/18_beta_cell_90_dataset/raw_datasets/cell_beta_0p31_p_0p00/dataset_043_seed_4327234/dataset_meta.json
cell_beta_0p31_p_0p00,beta,44,4427234,0.31,0.0,02_dnn/01_dataset_gen/raw_outputs/18_beta_cell_90_dataset/raw_datasets/cell_beta_0p31_p_0p00/dataset_044_seed_4427234/dataset.npz,02_dnn/01_dataset_gen/raw_outputs/18_beta_cell_90_dataset/raw_datasets/cell_beta_0p31_p_0p00/dataset_044_seed_4427234/dataset_meta.json
cell_beta_0p31_p_0p00,beta,45,4527234,0.31,0.0,02_dnn/01_dataset_gen/raw_outputs/18_beta_cell_90_dataset/raw_datasets/cell_beta_0p31_p_0p00/dataset_045_seed_4527234/dataset.npz,02_dnn/01_dataset_gen/raw_outputs/18_beta_cell_90_dataset/raw_datasets/cell_beta_0p31_p_0p00/dataset_045_seed_4527234/dataset_meta.json
cell_beta_0p31_p_0p00,beta,46,4627234,0.31,0.0,02_dnn/01_dataset_gen/raw_outputs/18_beta_cell_90_dataset/raw_datasets/cell_beta_0p31_p_0p00/dataset_046_seed_4627234/dataset.npz,02_dnn/01_dataset_gen/raw_outputs/18_beta_cell_90_dataset/raw_datasets/cell_beta_0p31_p_0p00/dataset_046_seed_4627234/dataset_meta.json
cell_beta_0p31_p_0p00,beta,47,4727234,0.31,0.0,02_dnn/01_dataset_gen/raw_outputs/18_beta_cell_90_dataset/raw_datasets/cell_beta_0p31_p_0p00/dataset_047_seed_4727234/dataset.npz,02_dnn/01_dataset_gen/raw_outputs/18_beta_cell_90_dataset/raw_datasets/cell_beta_0p31_p_0p00/dataset_047_seed_4727234/dataset_meta.json
cell_beta_0p31_p_0p00,beta,48,4827234,0.31,0.0,02_dnn/01_dataset_gen/raw_outputs/18_beta_cell_90_dataset/raw_datasets/cell_beta_0p31_p_0p00/dataset_048_seed_4827234/dataset.npz,02_dnn/01_dataset_gen/raw_outputs/18_beta_cell_90_dataset/raw_datasets/cell_beta_0p31_p_0p00/dataset_048_seed_4827234/dataset_meta.json
cell_beta_0p31_p_0p00,beta,49,4927234,0.31,0.0,02_dnn/01_dataset_gen/raw_outputs/18_beta_cell_90_dataset/raw_datasets/cell_beta_0p31_p_0p00/dataset_049_seed_4927234/dataset.npz,02_dnn/01_dataset_gen/raw_outputs/18_beta_cell_90_dataset/raw_datasets/cell_beta_0p31_p_0p00/dataset_049_seed_4927234/dataset_meta.json
cell_beta_0p31_p_0p00,beta,50,5027234,0.31,0.0,02_dnn/01_dataset_gen/raw_outputs/18_beta_cell_90_dataset/raw_datasets/cell_beta_0p31_p_0p00/dataset_050_seed_5027234/dataset.npz,02_dnn/01_dataset_gen/raw_outputs/18_beta_cell_90_dataset/raw_datasets/cell_beta_0p31_p_0p00/dataset_050_seed_5027234/dataset_meta.json
cell_beta_0p31_p_0p00,beta,51,5127234,0.31,0.0,02_dnn/01_dataset_gen/raw_outputs/18_beta_cell_90_dataset/raw_datasets/cell_beta_0p31_p_0p00/dataset_051_seed_5127234/dataset.npz,02_dnn/01_dataset_gen/raw_outputs/18_beta_cell_90_dataset/raw_datasets/cell_beta_0p31_p_0p00/dataset_051_seed_5127234/dataset_meta.json
cell_beta_0p31_p_0p00,beta,52,5227234,0.31,0.0,02_dnn/01_dataset_gen/raw_outputs/18_beta_cell_90_dataset/raw_datasets/cell_beta_0p31_p_0p00/dataset_052_seed_5227234/dataset.npz,02_dnn/01_dataset_gen/raw_outputs/18_beta_cell_90_dataset/raw_datasets/cell_beta_0p31_p_0p00/dataset_052_seed_5227234/dataset_meta.json
cell_beta_0p31_p_0p00,beta,53,5327234,0.31,0.0,02_dnn/01_dataset_gen/raw_outputs/18_beta_cell_90_dataset/raw_datasets/cell_beta_0p31_p_0p00/dataset_053_seed_5327234/dataset.npz,02_dnn/01_dataset_gen/raw_outputs/18_beta_cell_90_dataset/raw_datasets/cell_beta_0p31_p_0p00/dataset_053_seed_5327234/dataset_meta.json
cell_beta_0p31_p_0p00,beta,54,5427234,0.31,0.0,02_dnn/01_dataset_gen/raw_outputs/18_beta_cell_90_dataset/raw_datasets/cell_beta_0p31_p_0p00/dataset_054_seed_5427234/dataset.npz,02_dnn/01_dataset_gen/raw_outputs/18_beta_cell_90_dataset/raw_datasets/cell_beta_0p31_p_0p00/dataset_054_seed_5427234/dataset_meta.json
cell_beta_0p31_p_0p00,beta,55,5527234,0.31,0.0,02_dnn/01_dataset_gen/raw_outputs/18_beta_cell_90_dataset/raw_datasets/cell_beta_0p31_p_0p00/dataset_055_seed_5527234/dataset.npz,02_dnn/01_dataset_gen/raw_outputs/18_beta_cell_90_dataset/raw_datasets/cell_beta_0p31_p_0p00/dataset_055_seed_5527234/dataset_meta.json
cell_beta_0p31_p_0p00,beta,56,5627234,0.31,0.0,02_dnn/01_dataset_gen/raw_outputs/18_beta_cell_90_dataset/raw_datasets/cell_beta_0p31_p_0p00/dataset_056_seed_5627234/dataset.npz,02_dnn/01_dataset_gen/raw_outputs/18_beta_cell_90_dataset/raw_datasets/cell_beta_0p31_p_0p00/dataset_056_seed_5627234/dataset_meta.json
cell_beta_0p31_p_0p00,beta,57,5727234,0.31,0.0,02_dnn/01_dataset_gen/raw_outputs/18_beta_cell_90_dataset/raw_datasets/cell_beta_0p31_p_0p00/dataset_057_seed_5727234/dataset.npz,02_dnn/01_dataset_gen/raw_outputs/18_beta_cell_90_dataset/raw_datasets/cell_beta_0p31_p_0p00/dataset_057_seed_5727234/dataset_meta.json
cell_beta_0p31_p_0p00,beta,58,5827234,0.31,0.0,02_dnn/01_dataset_gen/raw_outputs/18_beta_cell_90_dataset/raw_datasets/cell_beta_0p31_p_0p00/dataset_058_seed_5827234/dataset.npz,02_dnn/01_dataset_gen/raw_outputs/18_beta_cell_90_dataset/raw_datasets/cell_beta_0p31_p_0p00/dataset_058_seed_5827234/dataset_meta.json
cell_beta_0p31_p_0p00,beta,59,5927234,0.31,0.0,02_dnn/01_dataset_gen/raw_outputs/18_beta_cell_90_dataset/raw_datasets/cell_beta_0p31_p_0p00/dataset_059_seed_5927234/dataset.npz,02_dnn/01_dataset_gen/raw_outputs/18_beta_cell_90_dataset/raw_datasets/cell_beta_0p31_p_0p00/dataset_059_seed_5927234/dataset_meta.json
cell_beta_0p31_p_0p00,beta,60,6027234,0.31,0.0,02_dnn/01_dataset_gen/raw_outputs/18_beta_cell_90_dataset/raw_datasets/cell_beta_0p31_p_0p00/dataset_060_seed_6027234/dataset.npz,02_dnn/01_dataset_gen/raw_outputs/18_beta_cell_90_dataset/raw_datasets/cell_beta_0p31_p_0p00/dataset_060_seed_6027234/dataset_meta.json
cell_beta_0p31_p_0p00,beta,61,6127234,0.31,0.0,02_dnn/01_dataset_gen/raw_outputs/18_beta_cell_90_dataset/raw_datasets/cell_beta_0p31_p_0p00/dataset_061_seed_6127234/dataset.npz,02_dnn/01_dataset_gen/raw_outputs/18_beta_cell_90_dataset/raw_datasets/cell_beta_0p31_p_0p00/dataset_061_seed_6127234/dataset_meta.json
cell_beta_0p31_p_0p00,beta,62,6227234,0.31,0.0,02_dnn/01_dataset_gen/raw_outputs/18_beta_cell_90_dataset/raw_datasets/cell_beta_0p31_p_0p00/dataset_062_seed_6227234/dataset.npz,02_dnn/01_dataset_gen/raw_outputs/18_beta_cell_90_dataset/raw_datasets/cell_beta_0p31_p_0p00/dataset_062_seed_6227234/dataset_meta.json
cell_beta_0p31_p_0p00,beta,63,6327234,0.31,0.0,02_dnn/01_dataset_gen/raw_outputs/18_beta_cell_90_dataset/raw_datasets/cell_beta_0p31_p_0p00/dataset_063_seed_6327234/dataset.npz,02_dnn/01_dataset_gen/raw_outputs/18_beta_cell_90_dataset/raw_datasets/cell_beta_0p31_p_0p00/dataset_063_seed_6327234/dataset_meta.json
cell_beta_0p31_p_0p00,beta,64,6427234,0.31,0.0,02_dnn/01_dataset_gen/raw_outputs/18_beta_cell_90_dataset/raw_datasets/cell_beta_0p31_p_0p00/dataset_064_seed_6427234/dataset.npz,02_dnn/01_dataset_gen/raw_outputs/18_beta_cell_90_dataset/raw_datasets/cell_beta_0p31_p_0p00/dataset_064_seed_6427234/dataset_meta.json
cell_beta_0p31_p_0p00,beta,65,6527234,0.31,0.0,02_dnn/01_dataset_gen/raw_outputs/18_beta_cell_90_dataset/raw_datasets/cell_beta_0p31_p_0p00/dataset_065_seed_6527234/dataset.npz,02_dnn/01_dataset_gen/raw_outputs/18_beta_cell_90_dataset/raw_datasets/cell_beta_0p31_p_0p00/dataset_065_seed_6527234/dataset_meta.json
cell_beta_0p31_p_0p00,beta,66,6627234,0.31,0.0,02_dnn/01_dataset_gen/raw_outputs/18_beta_cell_90_dataset/raw_datasets/cell_beta_0p31_p_0p00/dataset_066_seed_6627234/dataset.npz,02_dnn/01_dataset_gen/raw_outputs/18_beta_cell_90_dataset/raw_datasets/cell_beta_0p31_p_0p00/dataset_066_seed_6627234/dataset_meta.json
cell_beta_0p31_p_0p00,beta,67,6727234,0.31,0.0,02_dnn/01_dataset_gen/raw_outputs/18_beta_cell_90_dataset/raw_datasets/cell_beta_0p31_p_0p00/dataset_067_seed_6727234/dataset.npz,02_dnn/01_dataset_gen/raw_outputs/18_beta_cell_90_dataset/raw_datasets/cell_beta_0p31_p_0p00/dataset_067_seed_6727234/dataset_meta.json
cell_beta_0p31_p_0p00,beta,68,6827234,0.31,0.0,02_dnn/01_dataset_gen/raw_outputs/18_beta_cell_90_dataset/raw_datasets/cell_beta_0p31_p_0p00/dataset_068_seed_6827234/dataset.npz,02_dnn/01_dataset_gen/raw_outputs/18_beta_cell_90_dataset/raw_datasets/cell_beta_0p31_p_0p00/dataset_068_seed_6827234/dataset_meta.json
cell_beta_0p31_p_0p00,beta,69,6927234,0.31,0.0,02_dnn/01_dataset_gen/raw_outputs/18_beta_cell_90_dataset/raw_datasets/cell_beta_0p31_p_0p00/dataset_069_seed_6927234/dataset.npz,02_dnn/01_dataset_gen/raw_outputs/18_beta_cell_90_dataset/raw_datasets/cell_beta_0p31_p_0p00/dataset_069_seed_6927234/dataset_meta.json
cell_beta_0p31_p_0p00,beta,70,7027234,0.31,0.0,02_dnn/01_dataset_gen/raw_outputs/18_beta_cell_90_dataset/raw_datasets/cell_beta_0p31_p_0p00/dataset_070_seed_7027234/dataset.npz,02_dnn/01_dataset_gen/raw_outputs/18_beta_cell_90_dataset/raw_datasets/cell_beta_0p31_p_0p00/dataset_070_seed_7027234/dataset_meta.json
cell_beta_0p31_p_0p00,beta,71,7127234,0.31,0.0,02_dnn/01_dataset_gen/raw_outputs/18_beta_cell_90_dataset/raw_datasets/cell_beta_0p31_p_0p00/dataset_071_seed_7127234/dataset.npz,02_dnn/01_dataset_gen/raw_outputs/18_beta_cell_90_dataset/raw_datasets/cell_beta_0p31_p_0p00/dataset_071_seed_7127234/dataset_meta.json
cell_beta_0p31_p_0p00,beta,72,7227234,0.31,0.0,02_dnn/01_dataset_gen/raw_outputs/18_beta_cell_90_dataset/raw_datasets/cell_beta_0p31_p_0p00/dataset_072_seed_7227234/dataset.npz,02_dnn/01_dataset_gen/raw_outputs/18_beta_cell_90_dataset/raw_datasets/cell_beta_0p31_p_0p00/dataset_072_seed_7227234/dataset_meta.json
cell_beta_0p31_p_0p00,beta,73,7327234,0.31,0.0,02_dnn/01_dataset_gen/raw_outputs/18_beta_cell_90_dataset/raw_datasets/cell_beta_0p31_p_0p00/dataset_073_seed_7327234/dataset.npz,02_dnn/01_dataset_gen/raw_outputs/18_beta_cell_90_dataset/raw_datasets/cell_beta_0p31_p_0p00/dataset_073_seed_7327234/dataset_meta.json
cell_beta_0p31_p_0p00,beta,74,7427234,0.31,0.0,02_dnn/01_dataset_gen/raw_outputs/18_beta_cell_90_dataset/raw_datasets/cell_beta_0p31_p_0p00/dataset_074_seed_7427234/dataset.npz,02_dnn/01_dataset_gen/raw_outputs/18_beta_cell_90_dataset/raw_datasets/cell_beta_0p31_p_0p00/dataset_074_seed_7427234/dataset_meta.json
cell_beta_0p31_p_0p00,beta,75,7527234,0.31,0.0,02_dnn/01_dataset_gen/raw_outputs/18_beta_cell_90_dataset/raw_datasets/cell_beta_0p31_p_0p00/dataset_075_seed_7527234/dataset.npz,02_dnn/01_dataset_gen/raw_outputs/18_beta_cell_90_dataset/raw_datasets/cell_beta_0p31_p_0p00/dataset_075_seed_7527234/dataset_meta.json
cell_beta_0p31_p_0p00,beta,76,7627234,0.31,0.0,02_dnn/01_dataset_gen/raw_outputs/18_beta_cell_90_dataset/raw_datasets/cell_beta_0p31_p_0p00/dataset_076_seed_7627234/dataset.npz,02_dnn/01_dataset_gen/raw_outputs/18_beta_cell_90_dataset/raw_datasets/cell_beta_0p31_p_0p00/dataset_076_seed_7627234/dataset_meta.json
cell_beta_0p31_p_0p00,beta,77,7727234,0.31,0.0,02_dnn/01_dataset_gen/raw_outputs/18_beta_cell_90_dataset/raw_datasets/cell_beta_0p31_p_0p00/dataset_077_seed_7727234/dataset.npz,02_dnn/01_dataset_gen/raw_outputs/18_beta_cell_90_dataset/raw_datasets/cell_beta_0p31_p_0p00/dataset_077_seed_7727234/dataset_meta.json
cell_beta_0p31_p_0p00,beta,78,7827234,0.31,0.0,02_dnn/01_dataset_gen/raw_outputs/18_beta_cell_90_dataset/raw_datasets/cell_beta_0p31_p_0p00/dataset_078_seed_7827234/dataset.npz,02_dnn/01_dataset_gen/raw_outputs/18_beta_cell_90_dataset/raw_datasets/cell_beta_0p31_p_0p00/dataset_078_seed_7827234/dataset_meta.json
cell_beta_0p31_p_0p00,beta,79,7927234,0.31,0.0,02_dnn/01_dataset_gen/raw_outputs/18_beta_cell_90_dataset/raw_datasets/cell_beta_0p31_p_0p00/dataset_079_seed_7927234/dataset.npz,02_dnn/01_dataset_gen/raw_outputs/18_beta_cell_90_dataset/raw_datasets/cell_beta_0p31_p_0p00/dataset_079_seed_7927234/dataset_meta.json
cell_beta_0p31_p_0p00,beta,80,8027234,0.31,0.0,02_dnn/01_dataset_gen/raw_outputs/18_beta_cell_90_dataset/raw_datasets/cell_beta_0p31_p_0p00/dataset_080_seed_8027234/dataset.npz,02_dnn/01_dataset_gen/raw_outputs/18_beta_cell_90_dataset/raw_datasets/cell_beta_0p31_p_0p00/dataset_080_seed_8027234/dataset_meta.json
cell_beta_0p31_p_0p00,beta,81,8127234,0.31,0.0,02_dnn/01_dataset_gen/raw_outputs/18_beta_cell_90_dataset/raw_datasets/cell_beta_0p31_p_0p00/dataset_081_seed_8127234/dataset.npz,02_dnn/01_dataset_gen/raw_outputs/18_beta_cell_90_dataset/raw_datasets/cell_beta_0p31_p_0p00/dataset_081_seed_8127234/dataset_meta.json
cell_beta_0p31_p_0p00,beta,82,8227234,0.31,0.0,02_dnn/01_dataset_gen/raw_outputs/18_beta_cell_90_dataset/raw_datasets/cell_beta_0p31_p_0p00/dataset_082_seed_8227234/dataset.npz,02_dnn/01_dataset_gen/raw_outputs/18_beta_cell_90_dataset/raw_datasets/cell_beta_0p31_p_0p00/dataset_082_seed_8227234/dataset_meta.json
cell_beta_0p31_p_0p00,beta,83,8327234,0.31,0.0,02_dnn/01_dataset_gen/raw_outputs/18_beta_cell_90_dataset/raw_datasets/cell_beta_0p31_p_0p00/dataset_083_seed_8327234/dataset.npz,02_dnn/01_dataset_gen/raw_outputs/18_beta_cell_90_dataset/raw_datasets/cell_beta_0p31_p_0p00/dataset_083_seed_8327234/dataset_meta.json
cell_beta_0p31_p_0p00,beta,84,8427234,0.31,0.0,02_dnn/01_dataset_gen/raw_outputs/18_beta_cell_90_dataset/raw_datasets/cell_beta_0p31_p_0p00/dataset_084_seed_8427234/dataset.npz,02_dnn/01_dataset_gen/raw_outputs/18_beta_cell_90_dataset/raw_datasets/cell_beta_0p31_p_0p00/dataset_084_seed_8427234/dataset_meta.json
cell_beta_0p31_p_0p00,beta,85,8527234,0.31,0.0,02_dnn/01_dataset_gen/raw_outputs/18_beta_cell_90_dataset/raw_datasets/cell_beta_0p31_p_0p00/dataset_085_seed_8527234/dataset.npz,02_dnn/01_dataset_gen/raw_outputs/18_beta_cell_90_dataset/raw_datasets/cell_beta_0p31_p_0p00/dataset_085_seed_8527234/dataset_meta.json
cell_beta_0p31_p_0p00,beta,86,8627234,0.31,0.0,02_dnn/01_dataset_gen/raw_outputs/18_beta_cell_90_dataset/raw_datasets/cell_beta_0p31_p_0p00/dataset_086_seed_8627234/dataset.npz,02_dnn/01_dataset_gen/raw_outputs/18_beta_cell_90_dataset/raw_datasets/cell_beta_0p31_p_0p00/dataset_086_seed_8627234/dataset_meta.json
cell_beta_0p31_p_0p00,beta,87,8727234,0.31,0.0,02_dnn/01_dataset_gen/raw_outputs/18_beta_cell_90_dataset/raw_datasets/cell_beta_0p31_p_0p00/dataset_087_seed_8727234/dataset.npz,02_dnn/01_dataset_gen/raw_outputs/18_beta_cell_90_dataset/raw_datasets/cell_beta_0p31_p_0p00/dataset_087_seed_8727234/dataset_meta.json
cell_beta_0p31_p_0p00,beta,88,8827234,0.31,0.0,02_dnn/01_dataset_gen/raw_outputs/18_beta_cell_90_dataset/raw_datasets/cell_beta_0p31_p_0p00/dataset_088_seed_8827234/dataset.npz,02_dnn/01_dataset_gen/raw_outputs/18_beta_cell_90_dataset/raw_datasets/cell_beta_0p31_p_0p00/dataset_088_seed_8827234/dataset_meta.json
cell_beta_0p31_p_0p00,beta,89,8927234,0.31,0.0,02_dnn/01_dataset_gen/raw_outputs/18_beta_cell_90_dataset/raw_datasets/cell_beta_0p31_p_0p00/dataset_089_seed_8927234/dataset.npz,02_dnn/01_dataset_gen/raw_outputs/18_beta_cell_90_dataset/raw_datasets/cell_beta_0p31_p_0p00/dataset_089_seed_8927234/dataset_meta.json
cell_beta_0p33_p_0p00,beta,0,29234,0.33,0.0,02_dnn/01_dataset_gen/raw_outputs/18_beta_cell_90_dataset/raw_datasets/cell_beta_0p33_p_0p00/dataset_000_seed_029234/dataset.npz,02_dnn/01_dataset_gen/raw_outputs/18_beta_cell_90_dataset/raw_datasets/cell_beta_0p33_p_0p00/dataset_000_seed_029234/dataset_meta.json
cell_beta_0p33_p_0p00,beta,1,129234,0.33,0.0,02_dnn/01_dataset_gen/raw_outputs/18_beta_cell_90_dataset/raw_datasets/cell_beta_0p33_p_0p00/dataset_001_seed_129234/dataset.npz,02_dnn/01_dataset_gen/raw_outputs/18_beta_cell_90_dataset/raw_datasets/cell_beta_0p33_p_0p00/dataset_001_seed_129234/dataset_meta.json
cell_beta_0p33_p_0p00,beta,2,229234,0.33,0.0,02_dnn/01_dataset_gen/raw_outputs/18_beta_cell_90_dataset/raw_datasets/cell_beta_0p33_p_0p00/dataset_002_seed_229234/dataset.npz,02_dnn/01_dataset_gen/raw_outputs/18_beta_cell_90_dataset/raw_datasets/cell_beta_0p33_p_0p00/dataset_002_seed_229234/dataset_meta.json
cell_beta_0p33_p_0p00,beta,3,329234,0.33,0.0,02_dnn/01_dataset_gen/raw_outputs/18_beta_cell_90_dataset/raw_datasets/cell_beta_0p33_p_0p00/dataset_003_seed_329234/dataset.npz,02_dnn/01_dataset_gen/raw_outputs/18_beta_cell_90_dataset/raw_datasets/cell_beta_0p33_p_0p00/dataset_003_seed_329234/dataset_meta.json
cell_beta_0p33_p_0p00,beta,4,429234,0.33,0.0,02_dnn/01_dataset_gen/raw_outputs/18_beta_cell_90_dataset/raw_datasets/cell_beta_0p33_p_0p00/dataset_004_seed_429234/dataset.npz,02_dnn/01_dataset_gen/raw_outputs/18_beta_cell_90_dataset/raw_datasets/cell_beta_0p33_p_0p00/dataset_004_seed_429234/dataset_meta.json
cell_beta_0p33_p_0p00,beta,5,529234,0.33,0.0,02_dnn/01_dataset_gen/raw_outputs/18_beta_cell_90_dataset/raw_datasets/cell_beta_0p33_p_0p00/dataset_005_seed_529234/dataset.npz,02_dnn/01_dataset_gen/raw_outputs/18_beta_cell_90_dataset/raw_datasets/cell_beta_0p33_p_0p00/dataset_005_seed_529234/dataset_meta.json
cell_beta_0p33_p_0p00,beta,6,629234,0.33,0.0,02_dnn/01_dataset_gen/raw_outputs/18_beta_cell_90_dataset/raw_datasets/cell_beta_0p33_p_0p00/dataset_006_seed_629234/dataset.npz,02_dnn/01_dataset_gen/raw_outputs/18_beta_cell_90_dataset/raw_datasets/cell_beta_0p33_p_0p00/dataset_006_seed_629234/dataset_meta.json
cell_beta_0p33_p_0p00,beta,7,729234,0.33,0.0,02_dnn/01_dataset_gen/raw_outputs/18_beta_cell_90_dataset/raw_datasets/cell_beta_0p33_p_0p00/dataset_007_seed_729234/dataset.npz,02_dnn/01_dataset_gen/raw_outputs/18_beta_cell_90_dataset/raw_datasets/cell_beta_0p33_p_0p00/dataset_007_seed_729234/dataset_meta.json
cell_beta_0p33_p_0p00,beta,8,829234,0.33,0.0,02_dnn/01_dataset_gen/raw_outputs/18_beta_cell_90_dataset/raw_datasets/cell_beta_0p33_p_0p00/dataset_008_seed_829234/dataset.npz,02_dnn/01_dataset_gen/raw_outputs/18_beta_cell_90_dataset/raw_datasets/cell_beta_0p33_p_0p00/dataset_008_seed_829234/dataset_meta.json
cell_beta_0p33_p_0p00,beta,9,929234,0.33,0.0,02_dnn/01_dataset_gen/raw_outputs/18_beta_cell_90_dataset/raw_datasets/cell_beta_0p33_p_0p00/dataset_009_seed_929234/dataset.npz,02_dnn/01_dataset_gen/raw_outputs/18_beta_cell_90_dataset/raw_datasets/cell_beta_0p33_p_0p00/dataset_009_seed_929234/dataset_meta.json
cell_beta_0p33_p_0p00,beta,10,1029234,0.33,0.0,02_dnn/01_dataset_gen/raw_outputs/18_beta_cell_90_dataset/raw_datasets/cell_beta_0p33_p_0p00/dataset_010_seed_1029234/dataset.npz,02_dnn/01_dataset_gen/raw_outputs/18_beta_cell_90_dataset/raw_datasets/cell_beta_0p33_p_0p00/dataset_010_seed_1029234/dataset_meta.json
cell_beta_0p33_p_0p00,beta,11,1129234,0.33,0.0,02_dnn/01_dataset_gen/raw_outputs/18_beta_cell_90_dataset/raw_datasets/cell_beta_0p33_p_0p00/dataset_011_seed_1129234/dataset.npz,02_dnn/01_dataset_gen/raw_outputs/18_beta_cell_90_dataset/raw_datasets/cell_beta_0p33_p_0p00/dataset_011_seed_1129234/dataset_meta.json
cell_beta_0p33_p_0p00,beta,12,1229234,0.33,0.0,02_dnn/01_dataset_gen/raw_outputs/18_beta_cell_90_dataset/raw_datasets/cell_beta_0p33_p_0p00/dataset_012_seed_1229234/dataset.npz,02_dnn/01_dataset_gen/raw_outputs/18_beta_cell_90_dataset/raw_datasets/cell_beta_0p33_p_0p00/dataset_012_seed_1229234/dataset_meta.json
cell_beta_0p33_p_0p00,beta,13,1329234,0.33,0.0,02_dnn/01_dataset_gen/raw_outputs/18_beta_cell_90_dataset/raw_datasets/cell_beta_0p33_p_0p00/dataset_013_seed_1329234/dataset.npz,02_dnn/01_dataset_gen/raw_outputs/18_beta_cell_90_dataset/raw_datasets/cell_beta_0p33_p_0p00/dataset_013_seed_1329234/dataset_meta.json
cell_beta_0p33_p_0p00,beta,14,1429234,0.33,0.0,02_dnn/01_dataset_gen/raw_outputs/18_beta_cell_90_dataset/raw_datasets/cell_beta_0p33_p_0p00/dataset_014_seed_1429234/dataset.npz,02_dnn/01_dataset_gen/raw_outputs/18_beta_cell_90_dataset/raw_datasets/cell_beta_0p33_p_0p00/dataset_014_seed_1429234/dataset_meta.json
cell_beta_0p33_p_0p00,beta,15,1529234,0.33,0.0,02_dnn/01_dataset_gen/raw_outputs/18_beta_cell_90_dataset/raw_datasets/cell_beta_0p33_p_0p00/dataset_015_seed_1529234/dataset.npz,02_dnn/01_dataset_gen/raw_outputs/18_beta_cell_90_dataset/raw_datasets/cell_beta_0p33_p_0p00/dataset_015_seed_1529234/dataset_meta.json
cell_beta_0p33_p_0p00,beta,16,1629234,0.33,0.0,02_dnn/01_dataset_gen/raw_outputs/18_beta_cell_90_dataset/raw_datasets/cell_beta_0p33_p_0p00/dataset_016_seed_1629234/dataset.npz,02_dnn/01_dataset_gen/raw_outputs/18_beta_cell_90_dataset/raw_datasets/cell_beta_0p33_p_0p00/dataset_016_seed_1629234/dataset_meta.json
cell_beta_0p33_p_0p00,beta,17,1729234,0.33,0.0,02_dnn/01_dataset_gen/raw_outputs/18_beta_cell_90_dataset/raw_datasets/cell_beta_0p33_p_0p00/dataset_017_seed_1729234/dataset.npz,02_dnn/01_dataset_gen/raw_outputs/18_beta_cell_90_dataset/raw_datasets/cell_beta_0p33_p_0p00/dataset_017_seed_1729234/dataset_meta.json
cell_beta_0p33_p_0p00,beta,18,1829234,0.33,0.0,02_dnn/01_dataset_gen/raw_outputs/18_beta_cell_90_dataset/raw_datasets/cell_beta_0p33_p_0p00/dataset_018_seed_1829234/dataset.npz,02_dnn/01_dataset_gen/raw_outputs/18_beta_cell_90_dataset/raw_datasets/cell_beta_0p33_p_0p00/dataset_018_seed_1829234/dataset_meta.json
cell_beta_0p33_p_0p00,beta,19,1929234,0.33,0.0,02_dnn/01_dataset_gen/raw_outputs/18_beta_cell_90_dataset/raw_datasets/cell_beta_0p33_p_0p00/dataset_019_seed_1929234/dataset.npz,02_dnn/01_dataset_gen/raw_outputs/18_beta_cell_90_dataset/raw_datasets/cell_beta_0p33_p_0p00/dataset_019_seed_1929234/dataset_meta.json
cell_beta_0p33_p_0p00,beta,20,2029234,0.33,0.0,02_dnn/01_dataset_gen/raw_outputs/18_beta_cell_90_dataset/raw_datasets/cell_beta_0p33_p_0p00/dataset_020_seed_2029234/dataset.npz,02_dnn/01_dataset_gen/raw_outputs/18_beta_cell_90_dataset/raw_datasets/cell_beta_0p33_p_0p00/dataset_020_seed_2029234/dataset_meta.json
cell_beta_0p33_p_0p00,beta,21,2129234,0.33,0.0,02_dnn/01_dataset_gen/raw_outputs/18_beta_cell_90_dataset/raw_datasets/cell_beta_0p33_p_0p00/dataset_021_seed_2129234/dataset.npz,02_dnn/01_dataset_gen/raw_outputs/18_beta_cell_90_dataset/raw_datasets/cell_beta_0p33_p_0p00/dataset_021_seed_2129234/dataset_meta.json
cell_beta_0p33_p_0p00,beta,22,2229234,0.33,0.0,02_dnn/01_dataset_gen/raw_outputs/18_beta_cell_90_dataset/raw_datasets/cell_beta_0p33_p_0p00/dataset_022_seed_2229234/dataset.npz,02_dnn/01_dataset_gen/raw_outputs/18_beta_cell_90_dataset/raw_datasets/cell_beta_0p33_p_0p00/dataset_022_seed_2229234/dataset_meta.json
cell_beta_0p33_p_0p00,beta,23,2329234,0.33,0.0,02_dnn/01_dataset_gen/raw_outputs/18_beta_cell_90_dataset/raw_datasets/cell_beta_0p33_p_0p00/dataset_023_seed_2329234/dataset.npz,02_dnn/01_dataset_gen/raw_outputs/18_beta_cell_90_dataset/raw_datasets/cell_beta_0p33_p_0p00/dataset_023_seed_2329234/dataset_meta.json
cell_beta_0p33_p_0p00,beta,24,2429234,0.33,0.0,02_dnn/01_dataset_gen/raw_outputs/18_beta_cell_90_dataset/raw_datasets/cell_beta_0p33_p_0p00/dataset_024_seed_2429234/dataset.npz,02_dnn/01_dataset_gen/raw_outputs/18_beta_cell_90_dataset/raw_datasets/cell_beta_0p33_p_0p00/dataset_024_seed_2429234/dataset_meta.json
cell_beta_0p33_p_0p00,beta,25,2529234,0.33,0.0,02_dnn/01_dataset_gen/raw_outputs/18_beta_cell_90_dataset/raw_datasets/cell_beta_0p33_p_0p00/dataset_025_seed_2529234/dataset.npz,02_dnn/01_dataset_gen/raw_outputs/18_beta_cell_90_dataset/raw_datasets/cell_beta_0p33_p_0p00/dataset_025_seed_2529234/dataset_meta.json
cell_beta_0p33_p_0p00,beta,26,2629234,0.33,0.0,02_dnn/01_dataset_gen/raw_outputs/18_beta_cell_90_dataset/raw_datasets/cell_beta_0p33_p_0p00/dataset_026_seed_2629234/dataset.npz,02_dnn/01_dataset_gen/raw_outputs/18_beta_cell_90_dataset/raw_datasets/cell_beta_0p33_p_0p00/dataset_026_seed_2629234/dataset_meta.json
cell_beta_0p33_p_0p00,beta,27,2729234,0.33,0.0,02_dnn/01_dataset_gen/raw_outputs/18_beta_cell_90_dataset/raw_datasets/cell_beta_0p33_p_0p00/dataset_027_seed_2729234/dataset.npz,02_dnn/01_dataset_gen/raw_outputs/18_beta_cell_90_dataset/raw_datasets/cell_beta_0p33_p_0p00/dataset_027_seed_2729234/dataset_meta.json
cell_beta_0p33_p_0p00,beta,28,2829234,0.33,0.0,02_dnn/01_dataset_gen/raw_outputs/18_beta_cell_90_dataset/raw_datasets/cell_beta_0p33_p_0p00/dataset_028_seed_2829234/dataset.npz,02_dnn/01_dataset_gen/raw_outputs/18_beta_cell_90_dataset/raw_datasets/cell_beta_0p33_p_0p00/dataset_028_seed_2829234/dataset_meta.json
cell_beta_0p33_p_0p00,beta,29,2929234,0.33,0.0,02_dnn/01_dataset_gen/raw_outputs/18_beta_cell_90_dataset/raw_datasets/cell_beta_0p33_p_0p00/dataset_029_seed_2929234/dataset.npz,02_dnn/01_dataset_gen/raw_outputs/18_beta_cell_90_dataset/raw_datasets/cell_beta_0p33_p_0p00/dataset_029_seed_2929234/dataset_meta.json
cell_beta_0p33_p_0p00,beta,30,3029234,0.33,0.0,02_dnn/01_dataset_gen/raw_outputs/18_beta_cell_90_dataset/raw_datasets/cell_beta_0p33_p_0p00/dataset_030_seed_3029234/dataset.npz,02_dnn/01_dataset_gen/raw_outputs/18_beta_cell_90_dataset/raw_datasets/cell_beta_0p33_p_0p00/dataset_030_seed_3029234/dataset_meta.json
cell_beta_0p33_p_0p00,beta,31,3129234,0.33,0.0,02_dnn/01_dataset_gen/raw_outputs/18_beta_cell_90_dataset/raw_datasets/cell_beta_0p33_p_0p00/dataset_031_seed_3129234/dataset.npz,02_dnn/01_dataset_gen/raw_outputs/18_beta_cell_90_dataset/raw_datasets/cell_beta_0p33_p_0p00/dataset_031_seed_3129234/dataset_meta.json
cell_beta_0p33_p_0p00,beta,32,3229234,0.33,0.0,02_dnn/01_dataset_gen/raw_outputs/18_beta_cell_90_dataset/raw_datasets/cell_beta_0p33_p_0p00/dataset_032_seed_3229234/dataset.npz,02_dnn/01_dataset_gen/raw_outputs/18_beta_cell_90_dataset/raw_datasets/cell_beta_0p33_p_0p00/dataset_032_seed_3229234/dataset_meta.json
cell_beta_0p33_p_0p00,beta,33,3329234,0.33,0.0,02_dnn/01_dataset_gen/raw_outputs/18_beta_cell_90_dataset/raw_datasets/cell_beta_0p33_p_0p00/dataset_033_seed_3329234/dataset.npz,02_dnn/01_dataset_gen/raw_outputs/18_beta_cell_90_dataset/raw_datasets/cell_beta_0p33_p_0p00/dataset_033_seed_3329234/dataset_meta.json
cell_beta_0p33_p_0p00,beta,34,3429234,0.33,0.0,02_dnn/01_dataset_gen/raw_outputs/18_beta_cell_90_dataset/raw_datasets/cell_beta_0p33_p_0p00/dataset_034_seed_3429234/dataset.npz,02_dnn/01_dataset_gen/raw_outputs/18_beta_cell_90_dataset/raw_datasets/cell_beta_0p33_p_0p00/dataset_034_seed_3429234/dataset_meta.json
cell_beta_0p33_p_0p00,beta,35,3529234,0.33,0.0,02_dnn/01_dataset_gen/raw_outputs/18_beta_cell_90_dataset/raw_datasets/cell_beta_0p33_p_0p00/dataset_035_seed_3529234/dataset.npz,02_dnn/01_dataset_gen/raw_outputs/18_beta_cell_90_dataset/raw_datasets/cell_beta_0p33_p_0p00/dataset_035_seed_3529234/dataset_meta.json
cell_beta_0p33_p_0p00,beta,36,3629234,0.33,0.0,02_dnn/01_dataset_gen/raw_outputs/18_beta_cell_90_dataset/raw_datasets/cell_beta_0p33_p_0p00/dataset_036_seed_3629234/dataset.npz,02_dnn/01_dataset_gen/raw_outputs/18_beta_cell_90_dataset/raw_datasets/cell_beta_0p33_p_0p00/dataset_036_seed_3629234/dataset_meta.json
cell_beta_0p33_p_0p00,beta,37,3729234,0.33,0.0,02_dnn/01_dataset_gen/raw_outputs/18_beta_cell_90_dataset/raw_datasets/cell_beta_0p33_p_0p00/dataset_037_seed_3729234/dataset.npz,02_dnn/01_dataset_gen/raw_outputs/18_beta_cell_90_dataset/raw_datasets/cell_beta_0p33_p_0p00/dataset_037_seed_3729234/dataset_meta.json
cell_beta_0p33_p_0p00,beta,38,3829234,0.33,0.0,02_dnn/01_dataset_gen/raw_outputs/18_beta_cell_90_dataset/raw_datasets/cell_beta_0p33_p_0p00/dataset_038_seed_3829234/dataset.npz,02_dnn/01_dataset_gen/raw_outputs/18_beta_cell_90_dataset/raw_datasets/cell_beta_0p33_p_0p00/dataset_038_seed_3829234/dataset_meta.json
cell_beta_0p33_p_0p00,beta,39,3929234,0.33,0.0,02_dnn/01_dataset_gen/raw_outputs/18_beta_cell_90_dataset/raw_datasets/cell_beta_0p33_p_0p00/dataset_039_seed_3929234/dataset.npz,02_dnn/01_dataset_gen/raw_outputs/18_beta_cell_90_dataset/raw_datasets/cell_beta_0p33_p_0p00/dataset_039_seed_3929234/dataset_meta.json
cell_beta_0p33_p_0p00,beta,40,4029234,0.33,0.0,02_dnn/01_dataset_gen/raw_outputs/18_beta_cell_90_dataset/raw_datasets/cell_beta_0p33_p_0p00/dataset_040_seed_4029234/dataset.npz,02_dnn/01_dataset_gen/raw_outputs/18_beta_cell_90_dataset/raw_datasets/cell_beta_0p33_p_0p00/dataset_040_seed_4029234/dataset_meta.json
cell_beta_0p33_p_0p00,beta,41,4129234,0.33,0.0,02_dnn/01_dataset_gen/raw_outputs/18_beta_cell_90_dataset/raw_datasets/cell_beta_0p33_p_0p00/dataset_041_seed_4129234/dataset.npz,02_dnn/01_dataset_gen/raw_outputs/18_beta_cell_90_dataset/raw_datasets/cell_beta_0p33_p_0p00/dataset_041_seed_4129234/dataset_meta.json
cell_beta_0p33_p_0p00,beta,42,4229234,0.33,0.0,02_dnn/01_dataset_gen/raw_outputs/18_beta_cell_90_dataset/raw_datasets/cell_beta_0p33_p_0p00/dataset_042_seed_4229234/dataset.npz,02_dnn/01_dataset_gen/raw_outputs/18_beta_cell_90_dataset/raw_datasets/cell_beta_0p33_p_0p00/dataset_042_seed_4229234/dataset_meta.json
cell_beta_0p33_p_0p00,beta,43,4329234,0.33,0.0,02_dnn/01_dataset_gen/raw_outputs/18_beta_cell_90_dataset/raw_datasets/cell_beta_0p33_p_0p00/dataset_043_seed_4329234/dataset.npz,02_dnn/01_dataset_gen/raw_outputs/18_beta_cell_90_dataset/raw_datasets/cell_beta_0p33_p_0p00/dataset_043_seed_4329234/dataset_meta.json
cell_beta_0p33_p_0p00,beta,44,4429234,0.33,0.0,02_dnn/01_dataset_gen/raw_outputs/18_beta_cell_90_dataset/raw_datasets/cell_beta_0p33_p_0p00/dataset_044_seed_4429234/dataset.npz,02_dnn/01_dataset_gen/raw_outputs/18_beta_cell_90_dataset/raw_datasets/cell_beta_0p33_p_0p00/dataset_044_seed_4429234/dataset_meta.json
cell_beta_0p33_p_0p00,beta,45,4529234,0.33,0.0,02_dnn/01_dataset_gen/raw_outputs/18_beta_cell_90_dataset/raw_datasets/cell_beta_0p33_p_0p00/dataset_045_seed_4529234/dataset.npz,02_dnn/01_dataset_gen/raw_outputs/18_beta_cell_90_dataset/raw_datasets/cell_beta_0p33_p_0p00/dataset_045_seed_4529234/dataset_meta.json
cell_beta_0p33_p_0p00,beta,46,4629234,0.33,0.0,02_dnn/01_dataset_gen/raw_outputs/18_beta_cell_90_dataset/raw_datasets/cell_beta_0p33_p_0p00/dataset_046_seed_4629234/dataset.npz,02_dnn/01_dataset_gen/raw_outputs/18_beta_cell_90_dataset/raw_datasets/cell_beta_0p33_p_0p00/dataset_046_seed_4629234/dataset_meta.json
cell_beta_0p33_p_0p00,beta,47,4729234,0.33,0.0,02_dnn/01_dataset_gen/raw_outputs/18_beta_cell_90_dataset/raw_datasets/cell_beta_0p33_p_0p00/dataset_047_seed_4729234/dataset.npz,02_dnn/01_dataset_gen/raw_outputs/18_beta_cell_90_dataset/raw_datasets/cell_beta_0p33_p_0p00/dataset_047_seed_4729234/dataset_meta.json
cell_beta_0p33_p_0p00,beta,48,4829234,0.33,0.0,02_dnn/01_dataset_gen/raw_outputs/18_beta_cell_90_dataset/raw_datasets/cell_beta_0p33_p_0p00/dataset_048_seed_4829234/dataset.npz,02_dnn/01_dataset_gen/raw_outputs/18_beta_cell_90_dataset/raw_datasets/cell_beta_0p33_p_0p00/dataset_048_seed_4829234/dataset_meta.json
cell_beta_0p33_p_0p00,beta,49,4929234,0.33,0.0,02_dnn/01_dataset_gen/raw_outputs/18_beta_cell_90_dataset/raw_datasets/cell_beta_0p33_p_0p00/dataset_049_seed_4929234/dataset.npz,02_dnn/01_dataset_gen/raw_outputs/18_beta_cell_90_dataset/raw_datasets/cell_beta_0p33_p_0p00/dataset_049_seed_4929234/dataset_meta.json
cell_beta_0p33_p_0p00,beta,50,5029234,0.33,0.0,02_dnn/01_dataset_gen/raw_outputs/18_beta_cell_90_dataset/raw_datasets/cell_beta_0p33_p_0p00/dataset_050_seed_5029234/dataset.npz,02_dnn/01_dataset_gen/raw_outputs/18_beta_cell_90_dataset/raw_datasets/cell_beta_0p33_p_0p00/dataset_050_seed_5029234/dataset_meta.json
cell_beta_0p33_p_0p00,beta,51,5129234,0.33,0.0,02_dnn/01_dataset_gen/raw_outputs/18_beta_cell_90_dataset/raw_datasets/cell_beta_0p33_p_0p00/dataset_051_seed_5129234/dataset.npz,02_dnn/01_dataset_gen/raw_outputs/18_beta_cell_90_dataset/raw_datasets/cell_beta_0p33_p_0p00/dataset_051_seed_5129234/dataset_meta.json
cell_beta_0p33_p_0p00,beta,52,5229234,0.33,0.0,02_dnn/01_dataset_gen/raw_outputs/18_beta_cell_90_dataset/raw_datasets/cell_beta_0p33_p_0p00/dataset_052_seed_5229234/dataset.npz,02_dnn/01_dataset_gen/raw_outputs/18_beta_cell_90_dataset/raw_datasets/cell_beta_0p33_p_0p00/dataset_052_seed_5229234/dataset_meta.json
cell_beta_0p33_p_0p00,beta,53,5329234,0.33,0.0,02_dnn/01_dataset_gen/raw_outputs/18_beta_cell_90_dataset/raw_datasets/cell_beta_0p33_p_0p00/dataset_053_seed_5329234/dataset.npz,02_dnn/01_dataset_gen/raw_outputs/18_beta_cell_90_dataset/raw_datasets/cell_beta_0p33_p_0p00/dataset_053_seed_5329234/dataset_meta.json
cell_beta_0p33_p_0p00,beta,54,5429234,0.33,0.0,02_dnn/01_dataset_gen/raw_outputs/18_beta_cell_90_dataset/raw_datasets/cell_beta_0p33_p_0p00/dataset_054_seed_5429234/dataset.npz,02_dnn/01_dataset_gen/raw_outputs/18_beta_cell_90_dataset/raw_datasets/cell_beta_0p33_p_0p00/dataset_054_seed_5429234/dataset_meta.json
cell_beta_0p33_p_0p00,beta,55,5529234,0.33,0.0,02_dnn/01_dataset_gen/raw_outputs/18_beta_cell_90_dataset/raw_datasets/cell_beta_0p33_p_0p00/dataset_055_seed_5529234/dataset.npz,02_dnn/01_dataset_gen/raw_outputs/18_beta_cell_90_dataset/raw_datasets/cell_beta_0p33_p_0p00/dataset_055_seed_5529234/dataset_meta.json
cell_beta_0p33_p_0p00,beta,56,5629234,0.33,0.0,02_dnn/01_dataset_gen/raw_outputs/18_beta_cell_90_dataset/raw_datasets/cell_beta_0p33_p_0p00/dataset_056_seed_5629234/dataset.npz,02_dnn/01_dataset_gen/raw_outputs/18_beta_cell_90_dataset/raw_datasets/cell_beta_0p33_p_0p00/dataset_056_seed_5629234/dataset_meta.json
cell_beta_0p33_p_0p00,beta,57,5729234,0.33,0.0,02_dnn/01_dataset_gen/raw_outputs/18_beta_cell_90_dataset/raw_datasets/cell_beta_0p33_p_0p00/dataset_057_seed_5729234/dataset.npz,02_dnn/01_dataset_gen/raw_outputs/18_beta_cell_90_dataset/raw_datasets/cell_beta_0p33_p_0p00/dataset_057_seed_5729234/dataset_meta.json
cell_beta_0p33_p_0p00,beta,58,5829234,0.33,0.0,02_dnn/01_dataset_gen/raw_outputs/18_beta_cell_90_dataset/raw_datasets/cell_beta_0p33_p_0p00/dataset_058_seed_5829234/dataset.npz,02_dnn/01_dataset_gen/raw_outputs/18_beta_cell_90_dataset/raw_datasets/cell_beta_0p33_p_0p00/dataset_058_seed_5829234/dataset_meta.json
cell_beta_0p33_p_0p00,beta,59,5929234,0.33,0.0,02_dnn/01_dataset_gen/raw_outputs/18_beta_cell_90_dataset/raw_datasets/cell_beta_0p33_p_0p00/dataset_059_seed_5929234/dataset.npz,02_dnn/01_dataset_gen/raw_outputs/18_beta_cell_90_dataset/raw_datasets/cell_beta_0p33_p_0p00/dataset_059_seed_5929234/dataset_meta.json
cell_beta_0p33_p_0p00,beta,60,6029234,0.33,0.0,02_dnn/01_dataset_gen/raw_outputs/18_beta_cell_90_dataset/raw_datasets/cell_beta_0p33_p_0p00/dataset_060_seed_6029234/dataset.npz,02_dnn/01_dataset_gen/raw_outputs/18_beta_cell_90_dataset/raw_datasets/cell_beta_0p33_p_0p00/dataset_060_seed_6029234/dataset_meta.json
cell_beta_0p33_p_0p00,beta,61,6129234,0.33,0.0,02_dnn/01_dataset_gen/raw_outputs/18_beta_cell_90_dataset/raw_datasets/cell_beta_0p33_p_0p00/dataset_061_seed_6129234/dataset.npz,02_dnn/01_dataset_gen/raw_outputs/18_beta_cell_90_dataset/raw_datasets/cell_beta_0p33_p_0p00/dataset_061_seed_6129234/dataset_meta.json
cell_beta_0p33_p_0p00,beta,62,6229234,0.33,0.0,02_dnn/01_dataset_gen/raw_outputs/18_beta_cell_90_dataset/raw_datasets/cell_beta_0p33_p_0p00/dataset_062_seed_6229234/dataset.npz,02_dnn/01_dataset_gen/raw_outputs/18_beta_cell_90_dataset/raw_datasets/cell_beta_0p33_p_0p00/dataset_062_seed_6229234/dataset_meta.json
cell_beta_0p33_p_0p00,beta,63,6329234,0.33,0.0,02_dnn/01_dataset_gen/raw_outputs/18_beta_cell_90_dataset/raw_datasets/cell_beta_0p33_p_0p00/dataset_063_seed_6329234/dataset.npz,02_dnn/01_dataset_gen/raw_outputs/18_beta_cell_90_dataset/raw_datasets/cell_beta_0p33_p_0p00/dataset_063_seed_6329234/dataset_meta.json
cell_beta_0p33_p_0p00,beta,64,6429234,0.33,0.0,02_dnn/01_dataset_gen/raw_outputs/18_beta_cell_90_dataset/raw_datasets/cell_beta_0p33_p_0p00/dataset_064_seed_6429234/dataset.npz,02_dnn/01_dataset_gen/raw_outputs/18_beta_cell_90_dataset/raw_datasets/cell_beta_0p33_p_0p00/dataset_064_seed_6429234/dataset_meta.json
cell_beta_0p33_p_0p00,beta,65,6529234,0.33,0.0,02_dnn/01_dataset_gen/raw_outputs/18_beta_cell_90_dataset/raw_datasets/cell_beta_0p33_p_0p00/dataset_065_seed_6529234/dataset.npz,02_dnn/01_dataset_gen/raw_outputs/18_beta_cell_90_dataset/raw_datasets/cell_beta_0p33_p_0p00/dataset_065_seed_6529234/dataset_meta.json
cell_beta_0p33_p_0p00,beta,66,6629234,0.33,0.0,02_dnn/01_dataset_gen/raw_outputs/18_beta_cell_90_dataset/raw_datasets/cell_beta_0p33_p_0p00/dataset_066_seed_6629234/dataset.npz,02_dnn/01_dataset_gen/raw_outputs/18_beta_cell_90_dataset/raw_datasets/cell_beta_0p33_p_0p00/dataset_066_seed_6629234/dataset_meta.json
cell_beta_0p33_p_0p00,beta,67,6729234,0.33,0.0,02_dnn/01_dataset_gen/raw_outputs/18_beta_cell_90_dataset/raw_datasets/cell_beta_0p33_p_0p00/dataset_067_seed_6729234/dataset.npz,02_dnn/01_dataset_gen/raw_outputs/18_beta_cell_90_dataset/raw_datasets/cell_beta_0p33_p_0p00/dataset_067_seed_6729234/dataset_meta.json
cell_beta_0p33_p_0p00,beta,68,6829234,0.33,0.0,02_dnn/01_dataset_gen/raw_outputs/18_beta_cell_90_dataset/raw_datasets/cell_beta_0p33_p_0p00/dataset_068_seed_6829234/dataset.npz,02_dnn/01_dataset_gen/raw_outputs/18_beta_cell_90_dataset/raw_datasets/cell_beta_0p33_p_0p00/dataset_068_seed_6829234/dataset_meta.json
cell_beta_0p33_p_0p00,beta,69,6929234,0.33,0.0,02_dnn/01_dataset_gen/raw_outputs/18_beta_cell_90_dataset/raw_datasets/cell_beta_0p33_p_0p00/dataset_069_seed_6929234/dataset.npz,02_dnn/01_dataset_gen/raw_outputs/18_beta_cell_90_dataset/raw_datasets/cell_beta_0p33_p_0p00/dataset_069_seed_6929234/dataset_meta.json
cell_beta_0p33_p_0p00,beta,70,7029234,0.33,0.0,02_dnn/01_dataset_gen/raw_outputs/18_beta_cell_90_dataset/raw_datasets/cell_beta_0p33_p_0p00/dataset_070_seed_7029234/dataset.npz,02_dnn/01_dataset_gen/raw_outputs/18_beta_cell_90_dataset/raw_datasets/cell_beta_0p33_p_0p00/dataset_070_seed_7029234/dataset_meta.json
cell_beta_0p33_p_0p00,beta,71,7129234,0.33,0.0,02_dnn/01_dataset_gen/raw_outputs/18_beta_cell_90_dataset/raw_datasets/cell_beta_0p33_p_0p00/dataset_071_seed_7129234/dataset.npz,02_dnn/01_dataset_gen/raw_outputs/18_beta_cell_90_dataset/raw_datasets/cell_beta_0p33_p_0p00/dataset_071_seed_7129234/dataset_meta.json
cell_beta_0p33_p_0p00,beta,72,7229234,0.33,0.0,02_dnn/01_dataset_gen/raw_outputs/18_beta_cell_90_dataset/raw_datasets/cell_beta_0p33_p_0p00/dataset_072_seed_7229234/dataset.npz,02_dnn/01_dataset_gen/raw_outputs/18_beta_cell_90_dataset/raw_datasets/cell_beta_0p33_p_0p00/dataset_072_seed_7229234/dataset_meta.json
cell_beta_0p33_p_0p00,beta,73,7329234,0.33,0.0,02_dnn/01_dataset_gen/raw_outputs/18_beta_cell_90_dataset/raw_datasets/cell_beta_0p33_p_0p00/dataset_073_seed_7329234/dataset.npz,02_dnn/01_dataset_gen/raw_outputs/18_beta_cell_90_dataset/raw_datasets/cell_beta_0p33_p_0p00/dataset_073_seed_7329234/dataset_meta.json
cell_beta_0p33_p_0p00,beta,74,7429234,0.33,0.0,02_dnn/01_dataset_gen/raw_outputs/18_beta_cell_90_dataset/raw_datasets/cell_beta_0p33_p_0p00/dataset_074_seed_7429234/dataset.npz,02_dnn/01_dataset_gen/raw_outputs/18_beta_cell_90_dataset/raw_datasets/cell_beta_0p33_p_0p00/dataset_074_seed_7429234/dataset_meta.json
cell_beta_0p33_p_0p00,beta,75,7529234,0.33,0.0,02_dnn/01_dataset_gen/raw_outputs/18_beta_cell_90_dataset/raw_datasets/cell_beta_0p33_p_0p00/dataset_075_seed_7529234/dataset.npz,02_dnn/01_dataset_gen/raw_outputs/18_beta_cell_90_dataset/raw_datasets/cell_beta_0p33_p_0p00/dataset_075_seed_7529234/dataset_meta.json
cell_beta_0p33_p_0p00,beta,76,7629234,0.33,0.0,02_dnn/01_dataset_gen/raw_outputs/18_beta_cell_90_dataset/raw_datasets/cell_beta_0p33_p_0p00/dataset_076_seed_7629234/dataset.npz,02_dnn/01_dataset_gen/raw_outputs/18_beta_cell_90_dataset/raw_datasets/cell_beta_0p33_p_0p00/dataset_076_seed_7629234/dataset_meta.json
cell_beta_0p33_p_0p00,beta,77,7729234,0.33,0.0,02_dnn/01_dataset_gen/raw_outputs/18_beta_cell_90_dataset/raw_datasets/cell_beta_0p33_p_0p00/dataset_077_seed_7729234/dataset.npz,02_dnn/01_dataset_gen/raw_outputs/18_beta_cell_90_dataset/raw_datasets/cell_beta_0p33_p_0p00/dataset_077_seed_7729234/dataset_meta.json
cell_beta_0p33_p_0p00,beta,78,7829234,0.33,0.0,02_dnn/01_dataset_gen/raw_outputs/18_beta_cell_90_dataset/raw_datasets/cell_beta_0p33_p_0p00/dataset_078_seed_7829234/dataset.npz,02_dnn/01_dataset_gen/raw_outputs/18_beta_cell_90_dataset/raw_datasets/cell_beta_0p33_p_0p00/dataset_078_seed_7829234/dataset_meta.json
cell_beta_0p33_p_0p00,beta,79,7929234,0.33,0.0,02_dnn/01_dataset_gen/raw_outputs/18_beta_cell_90_dataset/raw_datasets/cell_beta_0p33_p_0p00/dataset_079_seed_7929234/dataset.npz,02_dnn/01_dataset_gen/raw_outputs/18_beta_cell_90_dataset/raw_datasets/cell_beta_0p33_p_0p00/dataset_079_seed_7929234/dataset_meta.json
cell_beta_0p33_p_0p00,beta,80,8029234,0.33,0.0,02_dnn/01_dataset_gen/raw_outputs/18_beta_cell_90_dataset/raw_datasets/cell_beta_0p33_p_0p00/dataset_080_seed_8029234/dataset.npz,02_dnn/01_dataset_gen/raw_outputs/18_beta_cell_90_dataset/raw_datasets/cell_beta_0p33_p_0p00/dataset_080_seed_8029234/dataset_meta.json
cell_beta_0p33_p_0p00,beta,81,8129234,0.33,0.0,02_dnn/01_dataset_gen/raw_outputs/18_beta_cell_90_dataset/raw_datasets/cell_beta_0p33_p_0p00/dataset_081_seed_8129234/dataset.npz,02_dnn/01_dataset_gen/raw_outputs/18_beta_cell_90_dataset/raw_datasets/cell_beta_0p33_p_0p00/dataset_081_seed_8129234/dataset_meta.json
cell_beta_0p33_p_0p00,beta,82,8229234,0.33,0.0,02_dnn/01_dataset_gen/raw_outputs/18_beta_cell_90_dataset/raw_datasets/cell_beta_0p33_p_0p00/dataset_082_seed_8229234/dataset.npz,02_dnn/01_dataset_gen/raw_outputs/18_beta_cell_90_dataset/raw_datasets/cell_beta_0p33_p_0p00/dataset_082_seed_8229234/dataset_meta.json
cell_beta_0p33_p_0p00,beta,83,8329234,0.33,0.0,02_dnn/01_dataset_gen/raw_outputs/18_beta_cell_90_dataset/raw_datasets/cell_beta_0p33_p_0p00/dataset_083_seed_8329234/dataset.npz,02_dnn/01_dataset_gen/raw_outputs/18_beta_cell_90_dataset/raw_datasets/cell_beta_0p33_p_0p00/dataset_083_seed_8329234/dataset_meta.json
cell_beta_0p33_p_0p00,beta,84,8429234,0.33,0.0,02_dnn/01_dataset_gen/raw_outputs/18_beta_cell_90_dataset/raw_datasets/cell_beta_0p33_p_0p00/dataset_084_seed_8429234/dataset.npz,02_dnn/01_dataset_gen/raw_outputs/18_beta_cell_90_dataset/raw_datasets/cell_beta_0p33_p_0p00/dataset_084_seed_8429234/dataset_meta.json
cell_beta_0p33_p_0p00,beta,85,8529234,0.33,0.0,02_dnn/01_dataset_gen/raw_outputs/18_beta_cell_90_dataset/raw_datasets/cell_beta_0p33_p_0p00/dataset_085_seed_8529234/dataset.npz,02_dnn/01_dataset_gen/raw_outputs/18_beta_cell_90_dataset/raw_datasets/cell_beta_0p33_p_0p00/dataset_085_seed_8529234/dataset_meta.json
cell_beta_0p33_p_0p00,beta,86,8629234,0.33,0.0,02_dnn/01_dataset_gen/raw_outputs/18_beta_cell_90_dataset/raw_datasets/cell_beta_0p33_p_0p00/dataset_086_seed_8629234/dataset.npz,02_dnn/01_dataset_gen/raw_outputs/18_beta_cell_90_dataset/raw_datasets/cell_beta_0p33_p_0p00/dataset_086_seed_8629234/dataset_meta.json
cell_beta_0p33_p_0p00,beta,87,8729234,0.33,0.0,02_dnn/01_dataset_gen/raw_outputs/18_beta_cell_90_dataset/raw_datasets/cell_beta_0p33_p_0p00/dataset_087_seed_8729234/dataset.npz,02_dnn/01_dataset_gen/raw_outputs/18_beta_cell_90_dataset/raw_datasets/cell_beta_0p33_p_0p00/dataset_087_seed_8729234/dataset_meta.json
cell_beta_0p33_p_0p00,beta,88,8829234,0.33,0.0,02_dnn/01_dataset_gen/raw_outputs/18_beta_cell_90_dataset/raw_datasets/cell_beta_0p33_p_0p00/dataset_088_seed_8829234/dataset.npz,02_dnn/01_dataset_gen/raw_outputs/18_beta_cell_90_dataset/raw_datasets/cell_beta_0p33_p_0p00/dataset_088_seed_8829234/dataset_meta.json
cell_beta_0p33_p_0p00,beta,89,8929234,0.33,0.0,02_dnn/01_dataset_gen/raw_outputs/18_beta_cell_90_dataset/raw_datasets/cell_beta_0p33_p_0p00/dataset_089_seed_8929234/dataset.npz,02_dnn/01_dataset_gen/raw_outputs/18_beta_cell_90_dataset/raw_datasets/cell_beta_0p33_p_0p00/dataset_089_seed_8929234/dataset_meta.json
cell_beta_0p35_p_0p00,beta,0,31234,0.35,0.0,02_dnn/01_dataset_gen/raw_outputs/18_beta_cell_90_dataset/raw_datasets/cell_beta_0p35_p_0p00/dataset_000_seed_031234/dataset.npz,02_dnn/01_dataset_gen/raw_outputs/18_beta_cell_90_dataset/raw_datasets/cell_beta_0p35_p_0p00/dataset_000_seed_031234/dataset_meta.json
cell_beta_0p35_p_0p00,beta,1,131234,0.35,0.0,02_dnn/01_dataset_gen/raw_outputs/18_beta_cell_90_dataset/raw_datasets/cell_beta_0p35_p_0p00/dataset_001_seed_131234/dataset.npz,02_dnn/01_dataset_gen/raw_outputs/18_beta_cell_90_dataset/raw_datasets/cell_beta_0p35_p_0p00/dataset_001_seed_131234/dataset_meta.json
cell_beta_0p35_p_0p00,beta,2,231234,0.35,0.0,02_dnn/01_dataset_gen/raw_outputs/18_beta_cell_90_dataset/raw_datasets/cell_beta_0p35_p_0p00/dataset_002_seed_231234/dataset.npz,02_dnn/01_dataset_gen/raw_outputs/18_beta_cell_90_dataset/raw_datasets/cell_beta_0p35_p_0p00/dataset_002_seed_231234/dataset_meta.json
cell_beta_0p35_p_0p00,beta,3,331234,0.35,0.0,02_dnn/01_dataset_gen/raw_outputs/18_beta_cell_90_dataset/raw_datasets/cell_beta_0p35_p_0p00/dataset_003_seed_331234/dataset.npz,02_dnn/01_dataset_gen/raw_outputs/18_beta_cell_90_dataset/raw_datasets/cell_beta_0p35_p_0p00/dataset_003_seed_331234/dataset_meta.json
cell_beta_0p35_p_0p00,beta,4,431234,0.35,0.0,02_dnn/01_dataset_gen/raw_outputs/18_beta_cell_90_dataset/raw_datasets/cell_beta_0p35_p_0p00/dataset_004_seed_431234/dataset.npz,02_dnn/01_dataset_gen/raw_outputs/18_beta_cell_90_dataset/raw_datasets/cell_beta_0p35_p_0p00/dataset_004_seed_431234/dataset_meta.json
cell_beta_0p35_p_0p00,beta,5,531234,0.35,0.0,02_dnn/01_dataset_gen/raw_outputs/18_beta_cell_90_dataset/raw_datasets/cell_beta_0p35_p_0p00/dataset_005_seed_531234/dataset.npz,02_dnn/01_dataset_gen/raw_outputs/18_beta_cell_90_dataset/raw_datasets/cell_beta_0p35_p_0p00/dataset_005_seed_531234/dataset_meta.json
cell_beta_0p35_p_0p00,beta,6,631234,0.35,0.0,02_dnn/01_dataset_gen/raw_outputs/18_beta_cell_90_dataset/raw_datasets/cell_beta_0p35_p_0p00/dataset_006_seed_631234/dataset.npz,02_dnn/01_dataset_gen/raw_outputs/18_beta_cell_90_dataset/raw_datasets/cell_beta_0p35_p_0p00/dataset_006_seed_631234/dataset_meta.json
cell_beta_0p35_p_0p00,beta,7,731234,0.35,0.0,02_dnn/01_dataset_gen/raw_outputs/18_beta_cell_90_dataset/raw_datasets/cell_beta_0p35_p_0p00/dataset_007_seed_731234/dataset.npz,02_dnn/01_dataset_gen/raw_outputs/18_beta_cell_90_dataset/raw_datasets/cell_beta_0p35_p_0p00/dataset_007_seed_731234/dataset_meta.json
cell_beta_0p35_p_0p00,beta,8,831234,0.35,0.0,02_dnn/01_dataset_gen/raw_outputs/18_beta_cell_90_dataset/raw_datasets/cell_beta_0p35_p_0p00/dataset_008_seed_831234/dataset.npz,02_dnn/01_dataset_gen/raw_outputs/18_beta_cell_90_dataset/raw_datasets/cell_beta_0p35_p_0p00/dataset_008_seed_831234/dataset_meta.json
cell_beta_0p35_p_0p00,beta,9,931234,0.35,0.0,02_dnn/01_dataset_gen/raw_outputs/18_beta_cell_90_dataset/raw_datasets/cell_beta_0p35_p_0p00/dataset_009_seed_931234/dataset.npz,02_dnn/01_dataset_gen/raw_outputs/18_beta_cell_90_dataset/raw_datasets/cell_beta_0p35_p_0p00/dataset_009_seed_931234/dataset_meta.json
cell_beta_0p35_p_0p00,beta,10,1031234,0.35,0.0,02_dnn/01_dataset_gen/raw_outputs/18_beta_cell_90_dataset/raw_datasets/cell_beta_0p35_p_0p00/dataset_010_seed_1031234/dataset.npz,02_dnn/01_dataset_gen/raw_outputs/18_beta_cell_90_dataset/raw_datasets/cell_beta_0p35_p_0p00/dataset_010_seed_1031234/dataset_meta.json
cell_beta_0p35_p_0p00,beta,11,1131234,0.35,0.0,02_dnn/01_dataset_gen/raw_outputs/18_beta_cell_90_dataset/raw_datasets/cell_beta_0p35_p_0p00/dataset_011_seed_1131234/dataset.npz,02_dnn/01_dataset_gen/raw_outputs/18_beta_cell_90_dataset/raw_datasets/cell_beta_0p35_p_0p00/dataset_011_seed_1131234/dataset_meta.json
cell_beta_0p35_p_0p00,beta,12,1231234,0.35,0.0,02_dnn/01_dataset_gen/raw_outputs/18_beta_cell_90_dataset/raw_datasets/cell_beta_0p35_p_0p00/dataset_012_seed_1231234/dataset.npz,02_dnn/01_dataset_gen/raw_outputs/18_beta_cell_90_dataset/raw_datasets/cell_beta_0p35_p_0p00/dataset_012_seed_1231234/dataset_meta.json
cell_beta_0p35_p_0p00,beta,13,1331234,0.35,0.0,02_dnn/01_dataset_gen/raw_outputs/18_beta_cell_90_dataset/raw_datasets/cell_beta_0p35_p_0p00/dataset_013_seed_1331234/dataset.npz,02_dnn/01_dataset_gen/raw_outputs/18_beta_cell_90_dataset/raw_datasets/cell_beta_0p35_p_0p00/dataset_013_seed_1331234/dataset_meta.json
cell_beta_0p35_p_0p00,beta,14,1431234,0.35,0.0,02_dnn/01_dataset_gen/raw_outputs/18_beta_cell_90_dataset/raw_datasets/cell_beta_0p35_p_0p00/dataset_014_seed_1431234/dataset.npz,02_dnn/01_dataset_gen/raw_outputs/18_beta_cell_90_dataset/raw_datasets/cell_beta_0p35_p_0p00/dataset_014_seed_1431234/dataset_meta.json
cell_beta_0p35_p_0p00,beta,15,1531234,0.35,0.0,02_dnn/01_dataset_gen/raw_outputs/18_beta_cell_90_dataset/raw_datasets/cell_beta_0p35_p_0p00/dataset_015_seed_1531234/dataset.npz,02_dnn/01_dataset_gen/raw_outputs/18_beta_cell_90_dataset/raw_datasets/cell_beta_0p35_p_0p00/dataset_015_seed_1531234/dataset_meta.json
cell_beta_0p35_p_0p00,beta,16,1631234,0.35,0.0,02_dnn/01_dataset_gen/raw_outputs/18_beta_cell_90_dataset/raw_datasets/cell_beta_0p35_p_0p00/dataset_016_seed_1631234/dataset.npz,02_dnn/01_dataset_gen/raw_outputs/18_beta_cell_90_dataset/raw_datasets/cell_beta_0p35_p_0p00/dataset_016_seed_1631234/dataset_meta.json
cell_beta_0p35_p_0p00,beta,17,1731234,0.35,0.0,02_dnn/01_dataset_gen/raw_outputs/18_beta_cell_90_dataset/raw_datasets/cell_beta_0p35_p_0p00/dataset_017_seed_1731234/dataset.npz,02_dnn/01_dataset_gen/raw_outputs/18_beta_cell_90_dataset/raw_datasets/cell_beta_0p35_p_0p00/dataset_017_seed_1731234/dataset_meta.json
cell_beta_0p35_p_0p00,beta,18,1831234,0.35,0.0,02_dnn/01_dataset_gen/raw_outputs/18_beta_cell_90_dataset/raw_datasets/cell_beta_0p35_p_0p00/dataset_018_seed_1831234/dataset.npz,02_dnn/01_dataset_gen/raw_outputs/18_beta_cell_90_dataset/raw_datasets/cell_beta_0p35_p_0p00/dataset_018_seed_1831234/dataset_meta.json
cell_beta_0p35_p_0p00,beta,19,1931234,0.35,0.0,02_dnn/01_dataset_gen/raw_outputs/18_beta_cell_90_dataset/raw_datasets/cell_beta_0p35_p_0p00/dataset_019_seed_1931234/dataset.npz,02_dnn/01_dataset_gen/raw_outputs/18_beta_cell_90_dataset/raw_datasets/cell_beta_0p35_p_0p00/dataset_019_seed_1931234/dataset_meta.json
cell_beta_0p35_p_0p00,beta,20,2031234,0.35,0.0,02_dnn/01_dataset_gen/raw_outputs/18_beta_cell_90_dataset/raw_datasets/cell_beta_0p35_p_0p00/dataset_020_seed_2031234/dataset.npz,02_dnn/01_dataset_gen/raw_outputs/18_beta_cell_90_dataset/raw_datasets/cell_beta_0p35_p_0p00/dataset_020_seed_2031234/dataset_meta.json
cell_beta_0p35_p_0p00,beta,21,2131234,0.35,0.0,02_dnn/01_dataset_gen/raw_outputs/18_beta_cell_90_dataset/raw_datasets/cell_beta_0p35_p_0p00/dataset_021_seed_2131234/dataset.npz,02_dnn/01_dataset_gen/raw_outputs/18_beta_cell_90_dataset/raw_datasets/cell_beta_0p35_p_0p00/dataset_021_seed_2131234/dataset_meta.json
cell_beta_0p35_p_0p00,beta,22,2231234,0.35,0.0,02_dnn/01_dataset_gen/raw_outputs/18_beta_cell_90_dataset/raw_datasets/cell_beta_0p35_p_0p00/dataset_022_seed_2231234/dataset.npz,02_dnn/01_dataset_gen/raw_outputs/18_beta_cell_90_dataset/raw_datasets/cell_beta_0p35_p_0p00/dataset_022_seed_2231234/dataset_meta.json
cell_beta_0p35_p_0p00,beta,23,2331234,0.35,0.0,02_dnn/01_dataset_gen/raw_outputs/18_beta_cell_90_dataset/raw_datasets/cell_beta_0p35_p_0p00/dataset_023_seed_2331234/dataset.npz,02_dnn/01_dataset_gen/raw_outputs/18_beta_cell_90_dataset/raw_datasets/cell_beta_0p35_p_0p00/dataset_023_seed_2331234/dataset_meta.json
cell_beta_0p35_p_0p00,beta,24,2431234,0.35,0.0,02_dnn/01_dataset_gen/raw_outputs/18_beta_cell_90_dataset/raw_datasets/cell_beta_0p35_p_0p00/dataset_024_seed_2431234/dataset.npz,02_dnn/01_dataset_gen/raw_outputs/18_beta_cell_90_dataset/raw_datasets/cell_beta_0p35_p_0p00/dataset_024_seed_2431234/dataset_meta.json
cell_beta_0p35_p_0p00,beta,25,2531234,0.35,0.0,02_dnn/01_dataset_gen/raw_outputs/18_beta_cell_90_dataset/raw_datasets/cell_beta_0p35_p_0p00/dataset_025_seed_2531234/dataset.npz,02_dnn/01_dataset_gen/raw_outputs/18_beta_cell_90_dataset/raw_datasets/cell_beta_0p35_p_0p00/dataset_025_seed_2531234/dataset_meta.json
cell_beta_0p35_p_0p00,beta,26,2631234,0.35,0.0,02_dnn/01_dataset_gen/raw_outputs/18_beta_cell_90_dataset/raw_datasets/cell_beta_0p35_p_0p00/dataset_026_seed_2631234/dataset.npz,02_dnn/01_dataset_gen/raw_outputs/18_beta_cell_90_dataset/raw_datasets/cell_beta_0p35_p_0p00/dataset_026_seed_2631234/dataset_meta.json
cell_beta_0p35_p_0p00,beta,27,2731234,0.35,0.0,02_dnn/01_dataset_gen/raw_outputs/18_beta_cell_90_dataset/raw_datasets/cell_beta_0p35_p_0p00/dataset_027_seed_2731234/dataset.npz,02_dnn/01_dataset_gen/raw_outputs/18_beta_cell_90_dataset/raw_datasets/cell_beta_0p35_p_0p00/dataset_027_seed_2731234/dataset_meta.json
cell_beta_0p35_p_0p00,beta,28,2831234,0.35,0.0,02_dnn/01_dataset_gen/raw_outputs/18_beta_cell_90_dataset/raw_datasets/cell_beta_0p35_p_0p00/dataset_028_seed_2831234/dataset.npz,02_dnn/01_dataset_gen/raw_outputs/18_beta_cell_90_dataset/raw_datasets/cell_beta_0p35_p_0p00/dataset_028_seed_2831234/dataset_meta.json
cell_beta_0p35_p_0p00,beta,29,2931234,0.35,0.0,02_dnn/01_dataset_gen/raw_outputs/18_beta_cell_90_dataset/raw_datasets/cell_beta_0p35_p_0p00/dataset_029_seed_2931234/dataset.npz,02_dnn/01_dataset_gen/raw_outputs/18_beta_cell_90_dataset/raw_datasets/cell_beta_0p35_p_0p00/dataset_029_seed_2931234/dataset_meta.json
cell_beta_0p35_p_0p00,beta,30,3031234,0.35,0.0,02_dnn/01_dataset_gen/raw_outputs/18_beta_cell_90_dataset/raw_datasets/cell_beta_0p35_p_0p00/dataset_030_seed_3031234/dataset.npz,02_dnn/01_dataset_gen/raw_outputs/18_beta_cell_90_dataset/raw_datasets/cell_beta_0p35_p_0p00/dataset_030_seed_3031234/dataset_meta.json
cell_beta_0p35_p_0p00,beta,31,3131234,0.35,0.0,02_dnn/01_dataset_gen/raw_outputs/18_beta_cell_90_dataset/raw_datasets/cell_beta_0p35_p_0p00/dataset_031_seed_3131234/dataset.npz,02_dnn/01_dataset_gen/raw_outputs/18_beta_cell_90_dataset/raw_datasets/cell_beta_0p35_p_0p00/dataset_031_seed_3131234/dataset_meta.json
cell_beta_0p35_p_0p00,beta,32,3231234,0.35,0.0,02_dnn/01_dataset_gen/raw_outputs/18_beta_cell_90_dataset/raw_datasets/cell_beta_0p35_p_0p00/dataset_032_seed_3231234/dataset.npz,02_dnn/01_dataset_gen/raw_outputs/18_beta_cell_90_dataset/raw_datasets/cell_beta_0p35_p_0p00/dataset_032_seed_3231234/dataset_meta.json
cell_beta_0p35_p_0p00,beta,33,3331234,0.35,0.0,02_dnn/01_dataset_gen/raw_outputs/18_beta_cell_90_dataset/raw_datasets/cell_beta_0p35_p_0p00/dataset_033_seed_3331234/dataset.npz,02_dnn/01_dataset_gen/raw_outputs/18_beta_cell_90_dataset/raw_datasets/cell_beta_0p35_p_0p00/dataset_033_seed_3331234/dataset_meta.json
cell_beta_0p35_p_0p00,beta,34,3431234,0.35,0.0,02_dnn/01_dataset_gen/raw_outputs/18_beta_cell_90_dataset/raw_datasets/cell_beta_0p35_p_0p00/dataset_034_seed_3431234/dataset.npz,02_dnn/01_dataset_gen/raw_outputs/18_beta_cell_90_dataset/raw_datasets/cell_beta_0p35_p_0p00/dataset_034_seed_3431234/dataset_meta.json
cell_beta_0p35_p_0p00,beta,35,3531234,0.35,0.0,02_dnn/01_dataset_gen/raw_outputs/18_beta_cell_90_dataset/raw_datasets/cell_beta_0p35_p_0p00/dataset_035_seed_3531234/dataset.npz,02_dnn/01_dataset_gen/raw_outputs/18_beta_cell_90_dataset/raw_datasets/cell_beta_0p35_p_0p00/dataset_035_seed_3531234/dataset_meta.json
cell_beta_0p35_p_0p00,beta,36,3631234,0.35,0.0,02_dnn/01_dataset_gen/raw_outputs/18_beta_cell_90_dataset/raw_datasets/cell_beta_0p35_p_0p00/dataset_036_seed_3631234/dataset.npz,02_dnn/01_dataset_gen/raw_outputs/18_beta_cell_90_dataset/raw_datasets/cell_beta_0p35_p_0p00/dataset_036_seed_3631234/dataset_meta.json
cell_beta_0p35_p_0p00,beta,37,3731234,0.35,0.0,02_dnn/01_dataset_gen/raw_outputs/18_beta_cell_90_dataset/raw_datasets/cell_beta_0p35_p_0p00/dataset_037_seed_3731234/dataset.npz,02_dnn/01_dataset_gen/raw_outputs/18_beta_cell_90_dataset/raw_datasets/cell_beta_0p35_p_0p00/dataset_037_seed_3731234/dataset_meta.json
cell_beta_0p35_p_0p00,beta,38,3831234,0.35,0.0,02_dnn/01_dataset_gen/raw_outputs/18_beta_cell_90_dataset/raw_datasets/cell_beta_0p35_p_0p00/dataset_038_seed_3831234/dataset.npz,02_dnn/01_dataset_gen/raw_outputs/18_beta_cell_90_dataset/raw_datasets/cell_beta_0p35_p_0p00/dataset_038_seed_3831234/dataset_meta.json
cell_beta_0p35_p_0p00,beta,39,3931234,0.35,0.0,02_dnn/01_dataset_gen/raw_outputs/18_beta_cell_90_dataset/raw_datasets/cell_beta_0p35_p_0p00/dataset_039_seed_3931234/dataset.npz,02_dnn/01_dataset_gen/raw_outputs/18_beta_cell_90_dataset/raw_datasets/cell_beta_0p35_p_0p00/dataset_039_seed_3931234/dataset_meta.json
cell_beta_0p35_p_0p00,beta,40,4031234,0.35,0.0,02_dnn/01_dataset_gen/raw_outputs/18_beta_cell_90_dataset/raw_datasets/cell_beta_0p35_p_0p00/dataset_040_seed_4031234/dataset.npz,02_dnn/01_dataset_gen/raw_outputs/18_beta_cell_90_dataset/raw_datasets/cell_beta_0p35_p_0p00/dataset_040_seed_4031234/dataset_meta.json
cell_beta_0p35_p_0p00,beta,41,4131234,0.35,0.0,02_dnn/01_dataset_gen/raw_outputs/18_beta_cell_90_dataset/raw_datasets/cell_beta_0p35_p_0p00/dataset_041_seed_4131234/dataset.npz,02_dnn/01_dataset_gen/raw_outputs/18_beta_cell_90_dataset/raw_datasets/cell_beta_0p35_p_0p00/dataset_041_seed_4131234/dataset_meta.json
cell_beta_0p35_p_0p00,beta,42,4231234,0.35,0.0,02_dnn/01_dataset_gen/raw_outputs/18_beta_cell_90_dataset/raw_datasets/cell_beta_0p35_p_0p00/dataset_042_seed_4231234/dataset.npz,02_dnn/01_dataset_gen/raw_outputs/18_beta_cell_90_dataset/raw_datasets/cell_beta_0p35_p_0p00/dataset_042_seed_4231234/dataset_meta.json
cell_beta_0p35_p_0p00,beta,43,4331234,0.35,0.0,02_dnn/01_dataset_gen/raw_outputs/18_beta_cell_90_dataset/raw_datasets/cell_beta_0p35_p_0p00/dataset_043_seed_4331234/dataset.npz,02_dnn/01_dataset_gen/raw_outputs/18_beta_cell_90_dataset/raw_datasets/cell_beta_0p35_p_0p00/dataset_043_seed_4331234/dataset_meta.json
cell_beta_0p35_p_0p00,beta,44,4431234,0.35,0.0,02_dnn/01_dataset_gen/raw_outputs/18_beta_cell_90_dataset/raw_datasets/cell_beta_0p35_p_0p00/dataset_044_seed_4431234/dataset.npz,02_dnn/01_dataset_gen/raw_outputs/18_beta_cell_90_dataset/raw_datasets/cell_beta_0p35_p_0p00/dataset_044_seed_4431234/dataset_meta.json
cell_beta_0p35_p_0p00,beta,45,4531234,0.35,0.0,02_dnn/01_dataset_gen/raw_outputs/18_beta_cell_90_dataset/raw_datasets/cell_beta_0p35_p_0p00/dataset_045_seed_4531234/dataset.npz,02_dnn/01_dataset_gen/raw_outputs/18_beta_cell_90_dataset/raw_datasets/cell_beta_0p35_p_0p00/dataset_045_seed_4531234/dataset_meta.json
cell_beta_0p35_p_0p00,beta,46,4631234,0.35,0.0,02_dnn/01_dataset_gen/raw_outputs/18_beta_cell_90_dataset/raw_datasets/cell_beta_0p35_p_0p00/dataset_046_seed_4631234/dataset.npz,02_dnn/01_dataset_gen/raw_outputs/18_beta_cell_90_dataset/raw_datasets/cell_beta_0p35_p_0p00/dataset_046_seed_4631234/dataset_meta.json
cell_beta_0p35_p_0p00,beta,47,4731234,0.35,0.0,02_dnn/01_dataset_gen/raw_outputs/18_beta_cell_90_dataset/raw_datasets/cell_beta_0p35_p_0p00/dataset_047_seed_4731234/dataset.npz,02_dnn/01_dataset_gen/raw_outputs/18_beta_cell_90_dataset/raw_datasets/cell_beta_0p35_p_0p00/dataset_047_seed_4731234/dataset_meta.json
cell_beta_0p35_p_0p00,beta,48,4831234,0.35,0.0,02_dnn/01_dataset_gen/raw_outputs/18_beta_cell_90_dataset/raw_datasets/cell_beta_0p35_p_0p00/dataset_048_seed_4831234/dataset.npz,02_dnn/01_dataset_gen/raw_outputs/18_beta_cell_90_dataset/raw_datasets/cell_beta_0p35_p_0p00/dataset_048_seed_4831234/dataset_meta.json
cell_beta_0p35_p_0p00,beta,49,4931234,0.35,0.0,02_dnn/01_dataset_gen/raw_outputs/18_beta_cell_90_dataset/raw_datasets/cell_beta_0p35_p_0p00/dataset_049_seed_4931234/dataset.npz,02_dnn/01_dataset_gen/raw_outputs/18_beta_cell_90_dataset/raw_datasets/cell_beta_0p35_p_0p00/dataset_049_seed_4931234/dataset_meta.json
cell_beta_0p35_p_0p00,beta,50,5031234,0.35,0.0,02_dnn/01_dataset_gen/raw_outputs/18_beta_cell_90_dataset/raw_datasets/cell_beta_0p35_p_0p00/dataset_050_seed_5031234/dataset.npz,02_dnn/01_dataset_gen/raw_outputs/18_beta_cell_90_dataset/raw_datasets/cell_beta_0p35_p_0p00/dataset_050_seed_5031234/dataset_meta.json
cell_beta_0p35_p_0p00,beta,51,5131234,0.35,0.0,02_dnn/01_dataset_gen/raw_outputs/18_beta_cell_90_dataset/raw_datasets/cell_beta_0p35_p_0p00/dataset_051_seed_5131234/dataset.npz,02_dnn/01_dataset_gen/raw_outputs/18_beta_cell_90_dataset/raw_datasets/cell_beta_0p35_p_0p00/dataset_051_seed_5131234/dataset_meta.json
cell_beta_0p35_p_0p00,beta,52,5231234,0.35,0.0,02_dnn/01_dataset_gen/raw_outputs/18_beta_cell_90_dataset/raw_datasets/cell_beta_0p35_p_0p00/dataset_052_seed_5231234/dataset.npz,02_dnn/01_dataset_gen/raw_outputs/18_beta_cell_90_dataset/raw_datasets/cell_beta_0p35_p_0p00/dataset_052_seed_5231234/dataset_meta.json
cell_beta_0p35_p_0p00,beta,53,5331234,0.35,0.0,02_dnn/01_dataset_gen/raw_outputs/18_beta_cell_90_dataset/raw_datasets/cell_beta_0p35_p_0p00/dataset_053_seed_5331234/dataset.npz,02_dnn/01_dataset_gen/raw_outputs/18_beta_cell_90_dataset/raw_datasets/cell_beta_0p35_p_0p00/dataset_053_seed_5331234/dataset_meta.json
cell_beta_0p35_p_0p00,beta,54,5431234,0.35,0.0,02_dnn/01_dataset_gen/raw_outputs/18_beta_cell_90_dataset/raw_datasets/cell_beta_0p35_p_0p00/dataset_054_seed_5431234/dataset.npz,02_dnn/01_dataset_gen/raw_outputs/18_beta_cell_90_dataset/raw_datasets/cell_beta_0p35_p_0p00/dataset_054_seed_5431234/dataset_meta.json
cell_beta_0p35_p_0p00,beta,55,5531234,0.35,0.0,02_dnn/01_dataset_gen/raw_outputs/18_beta_cell_90_dataset/raw_datasets/cell_beta_0p35_p_0p00/dataset_055_seed_5531234/dataset.npz,02_dnn/01_dataset_gen/raw_outputs/18_beta_cell_90_dataset/raw_datasets/cell_beta_0p35_p_0p00/dataset_055_seed_5531234/dataset_meta.json
cell_beta_0p35_p_0p00,beta,56,5631234,0.35,0.0,02_dnn/01_dataset_gen/raw_outputs/18_beta_cell_90_dataset/raw_datasets/cell_beta_0p35_p_0p00/dataset_056_seed_5631234/dataset.npz,02_dnn/01_dataset_gen/raw_outputs/18_beta_cell_90_dataset/raw_datasets/cell_beta_0p35_p_0p00/dataset_056_seed_5631234/dataset_meta.json
cell_beta_0p35_p_0p00,beta,57,5731234,0.35,0.0,02_dnn/01_dataset_gen/raw_outputs/18_beta_cell_90_dataset/raw_datasets/cell_beta_0p35_p_0p00/dataset_057_seed_5731234/dataset.npz,02_dnn/01_dataset_gen/raw_outputs/18_beta_cell_90_dataset/raw_datasets/cell_beta_0p35_p_0p00/dataset_057_seed_5731234/dataset_meta.json
cell_beta_0p35_p_0p00,beta,58,5831234,0.35,0.0,02_dnn/01_dataset_gen/raw_outputs/18_beta_cell_90_dataset/raw_datasets/cell_beta_0p35_p_0p00/dataset_058_seed_5831234/dataset.npz,02_dnn/01_dataset_gen/raw_outputs/18_beta_cell_90_dataset/raw_datasets/cell_beta_0p35_p_0p00/dataset_058_seed_5831234/dataset_meta.json
cell_beta_0p35_p_0p00,beta,59,5931234,0.35,0.0,02_dnn/01_dataset_gen/raw_outputs/18_beta_cell_90_dataset/raw_datasets/cell_beta_0p35_p_0p00/dataset_059_seed_5931234/dataset.npz,02_dnn/01_dataset_gen/raw_outputs/18_beta_cell_90_dataset/raw_datasets/cell_beta_0p35_p_0p00/dataset_059_seed_5931234/dataset_meta.json
cell_beta_0p35_p_0p00,beta,60,6031234,0.35,0.0,02_dnn/01_dataset_gen/raw_outputs/18_beta_cell_90_dataset/raw_datasets/cell_beta_0p35_p_0p00/dataset_060_seed_6031234/dataset.npz,02_dnn/01_dataset_gen/raw_outputs/18_beta_cell_90_dataset/raw_datasets/cell_beta_0p35_p_0p00/dataset_060_seed_6031234/dataset_meta.json
cell_beta_0p35_p_0p00,beta,61,6131234,0.35,0.0,02_dnn/01_dataset_gen/raw_outputs/18_beta_cell_90_dataset/raw_datasets/cell_beta_0p35_p_0p00/dataset_061_seed_6131234/dataset.npz,02_dnn/01_dataset_gen/raw_outputs/18_beta_cell_90_dataset/raw_datasets/cell_beta_0p35_p_0p00/dataset_061_seed_6131234/dataset_meta.json
cell_beta_0p35_p_0p00,beta,62,6231234,0.35,0.0,02_dnn/01_dataset_gen/raw_outputs/18_beta_cell_90_dataset/raw_datasets/cell_beta_0p35_p_0p00/dataset_062_seed_6231234/dataset.npz,02_dnn/01_dataset_gen/raw_outputs/18_beta_cell_90_dataset/raw_datasets/cell_beta_0p35_p_0p00/dataset_062_seed_6231234/dataset_meta.json
cell_beta_0p35_p_0p00,beta,63,6331234,0.35,0.0,02_dnn/01_dataset_gen/raw_outputs/18_beta_cell_90_dataset/raw_datasets/cell_beta_0p35_p_0p00/dataset_063_seed_6331234/dataset.npz,02_dnn/01_dataset_gen/raw_outputs/18_beta_cell_90_dataset/raw_datasets/cell_beta_0p35_p_0p00/dataset_063_seed_6331234/dataset_meta.json
cell_beta_0p35_p_0p00,beta,64,6431234,0.35,0.0,02_dnn/01_dataset_gen/raw_outputs/18_beta_cell_90_dataset/raw_datasets/cell_beta_0p35_p_0p00/dataset_064_seed_6431234/dataset.npz,02_dnn/01_dataset_gen/raw_outputs/18_beta_cell_90_dataset/raw_datasets/cell_beta_0p35_p_0p00/dataset_064_seed_6431234/dataset_meta.json
cell_beta_0p35_p_0p00,beta,65,6531234,0.35,0.0,02_dnn/01_dataset_gen/raw_outputs/18_beta_cell_90_dataset/raw_datasets/cell_beta_0p35_p_0p00/dataset_065_seed_6531234/dataset.npz,02_dnn/01_dataset_gen/raw_outputs/18_beta_cell_90_dataset/raw_datasets/cell_beta_0p35_p_0p00/dataset_065_seed_6531234/dataset_meta.json
cell_beta_0p35_p_0p00,beta,66,6631234,0.35,0.0,02_dnn/01_dataset_gen/raw_outputs/18_beta_cell_90_dataset/raw_datasets/cell_beta_0p35_p_0p00/dataset_066_seed_6631234/dataset.npz,02_dnn/01_dataset_gen/raw_outputs/18_beta_cell_90_dataset/raw_datasets/cell_beta_0p35_p_0p00/dataset_066_seed_6631234/dataset_meta.json
cell_beta_0p35_p_0p00,beta,67,6731234,0.35,0.0,02_dnn/01_dataset_gen/raw_outputs/18_beta_cell_90_dataset/raw_datasets/cell_beta_0p35_p_0p00/dataset_067_seed_6731234/dataset.npz,02_dnn/01_dataset_gen/raw_outputs/18_beta_cell_90_dataset/raw_datasets/cell_beta_0p35_p_0p00/dataset_067_seed_6731234/dataset_meta.json
cell_beta_0p35_p_0p00,beta,68,6831234,0.35,0.0,02_dnn/01_dataset_gen/raw_outputs/18_beta_cell_90_dataset/raw_datasets/cell_beta_0p35_p_0p00/dataset_068_seed_6831234/dataset.npz,02_dnn/01_dataset_gen/raw_outputs/18_beta_cell_90_dataset/raw_datasets/cell_beta_0p35_p_0p00/dataset_068_seed_6831234/dataset_meta.json
cell_beta_0p35_p_0p00,beta,69,6931234,0.35,0.0,02_dnn/01_dataset_gen/raw_outputs/18_beta_cell_90_dataset/raw_datasets/cell_beta_0p35_p_0p00/dataset_069_seed_6931234/dataset.npz,02_dnn/01_dataset_gen/raw_outputs/18_beta_cell_90_dataset/raw_datasets/cell_beta_0p35_p_0p00/dataset_069_seed_6931234/dataset_meta.json
cell_beta_0p35_p_0p00,beta,70,7031234,0.35,0.0,02_dnn/01_dataset_gen/raw_outputs/18_beta_cell_90_dataset/raw_datasets/cell_beta_0p35_p_0p00/dataset_070_seed_7031234/dataset.npz,02_dnn/01_dataset_gen/raw_outputs/18_beta_cell_90_dataset/raw_datasets/cell_beta_0p35_p_0p00/dataset_070_seed_7031234/dataset_meta.json
cell_beta_0p35_p_0p00,beta,71,7131234,0.35,0.0,02_dnn/01_dataset_gen/raw_outputs/18_beta_cell_90_dataset/raw_datasets/cell_beta_0p35_p_0p00/dataset_071_seed_7131234/dataset.npz,02_dnn/01_dataset_gen/raw_outputs/18_beta_cell_90_dataset/raw_datasets/cell_beta_0p35_p_0p00/dataset_071_seed_7131234/dataset_meta.json
cell_beta_0p35_p_0p00,beta,72,7231234,0.35,0.0,02_dnn/01_dataset_gen/raw_outputs/18_beta_cell_90_dataset/raw_datasets/cell_beta_0p35_p_0p00/dataset_072_seed_7231234/dataset.npz,02_dnn/01_dataset_gen/raw_outputs/18_beta_cell_90_dataset/raw_datasets/cell_beta_0p35_p_0p00/dataset_072_seed_7231234/dataset_meta.json
cell_beta_0p35_p_0p00,beta,73,7331234,0.35,0.0,02_dnn/01_dataset_gen/raw_outputs/18_beta_cell_90_dataset/raw_datasets/cell_beta_0p35_p_0p00/dataset_073_seed_7331234/dataset.npz,02_dnn/01_dataset_gen/raw_outputs/18_beta_cell_90_dataset/raw_datasets/cell_beta_0p35_p_0p00/dataset_073_seed_7331234/dataset_meta.json
cell_beta_0p35_p_0p00,beta,74,7431234,0.35,0.0,02_dnn/01_dataset_gen/raw_outputs/18_beta_cell_90_dataset/raw_datasets/cell_beta_0p35_p_0p00/dataset_074_seed_7431234/dataset.npz,02_dnn/01_dataset_gen/raw_outputs/18_beta_cell_90_dataset/raw_datasets/cell_beta_0p35_p_0p00/dataset_074_seed_7431234/dataset_meta.json
cell_beta_0p35_p_0p00,beta,75,7531234,0.35,0.0,02_dnn/01_dataset_gen/raw_outputs/18_beta_cell_90_dataset/raw_datasets/cell_beta_0p35_p_0p00/dataset_075_seed_7531234/dataset.npz,02_dnn/01_dataset_gen/raw_outputs/18_beta_cell_90_dataset/raw_datasets/cell_beta_0p35_p_0p00/dataset_075_seed_7531234/dataset_meta.json
cell_beta_0p35_p_0p00,beta,76,7631234,0.35,0.0,02_dnn/01_dataset_gen/raw_outputs/18_beta_cell_90_dataset/raw_datasets/cell_beta_0p35_p_0p00/dataset_076_seed_7631234/dataset.npz,02_dnn/01_dataset_gen/raw_outputs/18_beta_cell_90_dataset/raw_datasets/cell_beta_0p35_p_0p00/dataset_076_seed_7631234/dataset_meta.json
cell_beta_0p35_p_0p00,beta,77,7731234,0.35,0.0,02_dnn/01_dataset_gen/raw_outputs/18_beta_cell_90_dataset/raw_datasets/cell_beta_0p35_p_0p00/dataset_077_seed_7731234/dataset.npz,02_dnn/01_dataset_gen/raw_outputs/18_beta_cell_90_dataset/raw_datasets/cell_beta_0p35_p_0p00/dataset_077_seed_7731234/dataset_meta.json
cell_beta_0p35_p_0p00,beta,78,7831234,0.35,0.0,02_dnn/01_dataset_gen/raw_outputs/18_beta_cell_90_dataset/raw_datasets/cell_beta_0p35_p_0p00/dataset_078_seed_7831234/dataset.npz,02_dnn/01_dataset_gen/raw_outputs/18_beta_cell_90_dataset/raw_datasets/cell_beta_0p35_p_0p00/dataset_078_seed_7831234/dataset_meta.json
cell_beta_0p35_p_0p00,beta,79,7931234,0.35,0.0,02_dnn/01_dataset_gen/raw_outputs/18_beta_cell_90_dataset/raw_datasets/cell_beta_0p35_p_0p00/dataset_079_seed_7931234/dataset.npz,02_dnn/01_dataset_gen/raw_outputs/18_beta_cell_90_dataset/raw_datasets/cell_beta_0p35_p_0p00/dataset_079_seed_7931234/dataset_meta.json
cell_beta_0p35_p_0p00,beta,80,8031234,0.35,0.0,02_dnn/01_dataset_gen/raw_outputs/18_beta_cell_90_dataset/raw_datasets/cell_beta_0p35_p_0p00/dataset_080_seed_8031234/dataset.npz,02_dnn/01_dataset_gen/raw_outputs/18_beta_cell_90_dataset/raw_datasets/cell_beta_0p35_p_0p00/dataset_080_seed_8031234/dataset_meta.json
cell_beta_0p35_p_0p00,beta,81,8131234,0.35,0.0,02_dnn/01_dataset_gen/raw_outputs/18_beta_cell_90_dataset/raw_datasets/cell_beta_0p35_p_0p00/dataset_081_seed_8131234/dataset.npz,02_dnn/01_dataset_gen/raw_outputs/18_beta_cell_90_dataset/raw_datasets/cell_beta_0p35_p_0p00/dataset_081_seed_8131234/dataset_meta.json
cell_beta_0p35_p_0p00,beta,82,8231234,0.35,0.0,02_dnn/01_dataset_gen/raw_outputs/18_beta_cell_90_dataset/raw_datasets/cell_beta_0p35_p_0p00/dataset_082_seed_8231234/dataset.npz,02_dnn/01_dataset_gen/raw_outputs/18_beta_cell_90_dataset/raw_datasets/cell_beta_0p35_p_0p00/dataset_082_seed_8231234/dataset_meta.json
cell_beta_0p35_p_0p00,beta,83,8331234,0.35,0.0,02_dnn/01_dataset_gen/raw_outputs/18_beta_cell_90_dataset/raw_datasets/cell_beta_0p35_p_0p00/dataset_083_seed_8331234/dataset.npz,02_dnn/01_dataset_gen/raw_outputs/18_beta_cell_90_dataset/raw_datasets/cell_beta_0p35_p_0p00/dataset_083_seed_8331234/dataset_meta.json
cell_beta_0p35_p_0p00,beta,84,8431234,0.35,0.0,02_dnn/01_dataset_gen/raw_outputs/18_beta_cell_90_dataset/raw_datasets/cell_beta_0p35_p_0p00/dataset_084_seed_8431234/dataset.npz,02_dnn/01_dataset_gen/raw_outputs/18_beta_cell_90_dataset/raw_datasets/cell_beta_0p35_p_0p00/dataset_084_seed_8431234/dataset_meta.json
cell_beta_0p35_p_0p00,beta,85,8531234,0.35,0.0,02_dnn/01_dataset_gen/raw_outputs/18_beta_cell_90_dataset/raw_datasets/cell_beta_0p35_p_0p00/dataset_085_seed_8531234/dataset.npz,02_dnn/01_dataset_gen/raw_outputs/18_beta_cell_90_dataset/raw_datasets/cell_beta_0p35_p_0p00/dataset_085_seed_8531234/dataset_meta.json
cell_beta_0p35_p_0p00,beta,86,8631234,0.35,0.0,02_dnn/01_dataset_gen/raw_outputs/18_beta_cell_90_dataset/raw_datasets/cell_beta_0p35_p_0p00/dataset_086_seed_8631234/dataset.npz,02_dnn/01_dataset_gen/raw_outputs/18_beta_cell_90_dataset/raw_datasets/cell_beta_0p35_p_0p00/dataset_086_seed_8631234/dataset_meta.json
cell_beta_0p35_p_0p00,beta,87,8731234,0.35,0.0,02_dnn/01_dataset_gen/raw_outputs/18_beta_cell_90_dataset/raw_datasets/cell_beta_0p35_p_0p00/dataset_087_seed_8731234/dataset.npz,02_dnn/01_dataset_gen/raw_outputs/18_beta_cell_90_dataset/raw_datasets/cell_beta_0p35_p_0p00/dataset_087_seed_8731234/dataset_meta.json
cell_beta_0p35_p_0p00,beta,88,8831234,0.35,0.0,02_dnn/01_dataset_gen/raw_outputs/18_beta_cell_90_dataset/raw_datasets/cell_beta_0p35_p_0p00/dataset_088_seed_8831234/dataset.npz,02_dnn/01_dataset_gen/raw_outputs/18_beta_cell_90_dataset/raw_datasets/cell_beta_0p35_p_0p00/dataset_088_seed_8831234/dataset_meta.json
cell_beta_0p35_p_0p00,beta,89,8931234,0.35,0.0,02_dnn/01_dataset_gen/raw_outputs/18_beta_cell_90_dataset/raw_datasets/cell_beta_0p35_p_0p00/dataset_089_seed_8931234/dataset.npz,02_dnn/01_dataset_gen/raw_outputs/18_beta_cell_90_dataset/raw_datasets/cell_beta_0p35_p_0p00/dataset_089_seed_8931234/dataset_meta.json
cell_beta_0p37_p_0p00,beta,0,33234,0.37,0.0,02_dnn/01_dataset_gen/raw_outputs/18_beta_cell_90_dataset/raw_datasets/cell_beta_0p37_p_0p00/dataset_000_seed_033234/dataset.npz,02_dnn/01_dataset_gen/raw_outputs/18_beta_cell_90_dataset/raw_datasets/cell_beta_0p37_p_0p00/dataset_000_seed_033234/dataset_meta.json
cell_beta_0p37_p_0p00,beta,1,133234,0.37,0.0,02_dnn/01_dataset_gen/raw_outputs/18_beta_cell_90_dataset/raw_datasets/cell_beta_0p37_p_0p00/dataset_001_seed_133234/dataset.npz,02_dnn/01_dataset_gen/raw_outputs/18_beta_cell_90_dataset/raw_datasets/cell_beta_0p37_p_0p00/dataset_001_seed_133234/dataset_meta.json
cell_beta_0p37_p_0p00,beta,2,233234,0.37,0.0,02_dnn/01_dataset_gen/raw_outputs/18_beta_cell_90_dataset/raw_datasets/cell_beta_0p37_p_0p00/dataset_002_seed_233234/dataset.npz,02_dnn/01_dataset_gen/raw_outputs/18_beta_cell_90_dataset/raw_datasets/cell_beta_0p37_p_0p00/dataset_002_seed_233234/dataset_meta.json
cell_beta_0p37_p_0p00,beta,3,333234,0.37,0.0,02_dnn/01_dataset_gen/raw_outputs/18_beta_cell_90_dataset/raw_datasets/cell_beta_0p37_p_0p00/dataset_003_seed_333234/dataset.npz,02_dnn/01_dataset_gen/raw_outputs/18_beta_cell_90_dataset/raw_datasets/cell_beta_0p37_p_0p00/dataset_003_seed_333234/dataset_meta.json
cell_beta_0p37_p_0p00,beta,4,433234,0.37,0.0,02_dnn/01_dataset_gen/raw_outputs/18_beta_cell_90_dataset/raw_datasets/cell_beta_0p37_p_0p00/dataset_004_seed_433234/dataset.npz,02_dnn/01_dataset_gen/raw_outputs/18_beta_cell_90_dataset/raw_datasets/cell_beta_0p37_p_0p00/dataset_004_seed_433234/dataset_meta.json
cell_beta_0p37_p_0p00,beta,5,533234,0.37,0.0,02_dnn/01_dataset_gen/raw_outputs/18_beta_cell_90_dataset/raw_datasets/cell_beta_0p37_p_0p00/dataset_005_seed_533234/dataset.npz,02_dnn/01_dataset_gen/raw_outputs/18_beta_cell_90_dataset/raw_datasets/cell_beta_0p37_p_0p00/dataset_005_seed_533234/dataset_meta.json
cell_beta_0p37_p_0p00,beta,6,633234,0.37,0.0,02_dnn/01_dataset_gen/raw_outputs/18_beta_cell_90_dataset/raw_datasets/cell_beta_0p37_p_0p00/dataset_006_seed_633234/dataset.npz,02_dnn/01_dataset_gen/raw_outputs/18_beta_cell_90_dataset/raw_datasets/cell_beta_0p37_p_0p00/dataset_006_seed_633234/dataset_meta.json
cell_beta_0p37_p_0p00,beta,7,733234,0.37,0.0,02_dnn/01_dataset_gen/raw_outputs/18_beta_cell_90_dataset/raw_datasets/cell_beta_0p37_p_0p00/dataset_007_seed_733234/dataset.npz,02_dnn/01_dataset_gen/raw_outputs/18_beta_cell_90_dataset/raw_datasets/cell_beta_0p37_p_0p00/dataset_007_seed_733234/dataset_meta.json
cell_beta_0p37_p_0p00,beta,8,833234,0.37,0.0,02_dnn/01_dataset_gen/raw_outputs/18_beta_cell_90_dataset/raw_datasets/cell_beta_0p37_p_0p00/dataset_008_seed_833234/dataset.npz,02_dnn/01_dataset_gen/raw_outputs/18_beta_cell_90_dataset/raw_datasets/cell_beta_0p37_p_0p00/dataset_008_seed_833234/dataset_meta.json
cell_beta_0p37_p_0p00,beta,9,933234,0.37,0.0,02_dnn/01_dataset_gen/raw_outputs/18_beta_cell_90_dataset/raw_datasets/cell_beta_0p37_p_0p00/dataset_009_seed_933234/dataset.npz,02_dnn/01_dataset_gen/raw_outputs/18_beta_cell_90_dataset/raw_datasets/cell_beta_0p37_p_0p00/dataset_009_seed_933234/dataset_meta.json
cell_beta_0p37_p_0p00,beta,10,1033234,0.37,0.0,02_dnn/01_dataset_gen/raw_outputs/18_beta_cell_90_dataset/raw_datasets/cell_beta_0p37_p_0p00/dataset_010_seed_1033234/dataset.npz,02_dnn/01_dataset_gen/raw_outputs/18_beta_cell_90_dataset/raw_datasets/cell_beta_0p37_p_0p00/dataset_010_seed_1033234/dataset_meta.json
cell_beta_0p37_p_0p00,beta,11,1133234,0.37,0.0,02_dnn/01_dataset_gen/raw_outputs/18_beta_cell_90_dataset/raw_datasets/cell_beta_0p37_p_0p00/dataset_011_seed_1133234/dataset.npz,02_dnn/01_dataset_gen/raw_outputs/18_beta_cell_90_dataset/raw_datasets/cell_beta_0p37_p_0p00/dataset_011_seed_1133234/dataset_meta.json
cell_beta_0p37_p_0p00,beta,12,1233234,0.37,0.0,02_dnn/01_dataset_gen/raw_outputs/18_beta_cell_90_dataset/raw_datasets/cell_beta_0p37_p_0p00/dataset_012_seed_1233234/dataset.npz,02_dnn/01_dataset_gen/raw_outputs/18_beta_cell_90_dataset/raw_datasets/cell_beta_0p37_p_0p00/dataset_012_seed_1233234/dataset_meta.json
cell_beta_0p37_p_0p00,beta,13,1333234,0.37,0.0,02_dnn/01_dataset_gen/raw_outputs/18_beta_cell_90_dataset/raw_datasets/cell_beta_0p37_p_0p00/dataset_013_seed_1333234/dataset.npz,02_dnn/01_dataset_gen/raw_outputs/18_beta_cell_90_dataset/raw_datasets/cell_beta_0p37_p_0p00/dataset_013_seed_1333234/dataset_meta.json
cell_beta_0p37_p_0p00,beta,14,1433234,0.37,0.0,02_dnn/01_dataset_gen/raw_outputs/18_beta_cell_90_dataset/raw_datasets/cell_beta_0p37_p_0p00/dataset_014_seed_1433234/dataset.npz,02_dnn/01_dataset_gen/raw_outputs/18_beta_cell_90_dataset/raw_datasets/cell_beta_0p37_p_0p00/dataset_014_seed_1433234/dataset_meta.json
cell_beta_0p37_p_0p00,beta,15,1533234,0.37,0.0,02_dnn/01_dataset_gen/raw_outputs/18_beta_cell_90_dataset/raw_datasets/cell_beta_0p37_p_0p00/dataset_015_seed_1533234/dataset.npz,02_dnn/01_dataset_gen/raw_outputs/18_beta_cell_90_dataset/raw_datasets/cell_beta_0p37_p_0p00/dataset_015_seed_1533234/dataset_meta.json
cell_beta_0p37_p_0p00,beta,16,1633234,0.37,0.0,02_dnn/01_dataset_gen/raw_outputs/18_beta_cell_90_dataset/raw_datasets/cell_beta_0p37_p_0p00/dataset_016_seed_1633234/dataset.npz,02_dnn/01_dataset_gen/raw_outputs/18_beta_cell_90_dataset/raw_datasets/cell_beta_0p37_p_0p00/dataset_016_seed_1633234/dataset_meta.json
cell_beta_0p37_p_0p00,beta,17,1733234,0.37,0.0,02_dnn/01_dataset_gen/raw_outputs/18_beta_cell_90_dataset/raw_datasets/cell_beta_0p37_p_0p00/dataset_017_seed_1733234/dataset.npz,02_dnn/01_dataset_gen/raw_outputs/18_beta_cell_90_dataset/raw_datasets/cell_beta_0p37_p_0p00/dataset_017_seed_1733234/dataset_meta.json
cell_beta_0p37_p_0p00,beta,18,1833234,0.37,0.0,02_dnn/01_dataset_gen/raw_outputs/18_beta_cell_90_dataset/raw_datasets/cell_beta_0p37_p_0p00/dataset_018_seed_1833234/dataset.npz,02_dnn/01_dataset_gen/raw_outputs/18_beta_cell_90_dataset/raw_datasets/cell_beta_0p37_p_0p00/dataset_018_seed_1833234/dataset_meta.json
cell_beta_0p37_p_0p00,beta,19,1933234,0.37,0.0,02_dnn/01_dataset_gen/raw_outputs/18_beta_cell_90_dataset/raw_datasets/cell_beta_0p37_p_0p00/dataset_019_seed_1933234/dataset.npz,02_dnn/01_dataset_gen/raw_outputs/18_beta_cell_90_dataset/raw_datasets/cell_beta_0p37_p_0p00/dataset_019_seed_1933234/dataset_meta.json
cell_beta_0p37_p_0p00,beta,20,2033234,0.37,0.0,02_dnn/01_dataset_gen/raw_outputs/18_beta_cell_90_dataset/raw_datasets/cell_beta_0p37_p_0p00/dataset_020_seed_2033234/dataset.npz,02_dnn/01_dataset_gen/raw_outputs/18_beta_cell_90_dataset/raw_datasets/cell_beta_0p37_p_0p00/dataset_020_seed_2033234/dataset_meta.json
cell_beta_0p37_p_0p00,beta,21,2133234,0.37,0.0,02_dnn/01_dataset_gen/raw_outputs/18_beta_cell_90_dataset/raw_datasets/cell_beta_0p37_p_0p00/dataset_021_seed_2133234/dataset.npz,02_dnn/01_dataset_gen/raw_outputs/18_beta_cell_90_dataset/raw_datasets/cell_beta_0p37_p_0p00/dataset_021_seed_2133234/dataset_meta.json
cell_beta_0p37_p_0p00,beta,22,2233234,0.37,0.0,02_dnn/01_dataset_gen/raw_outputs/18_beta_cell_90_dataset/raw_datasets/cell_beta_0p37_p_0p00/dataset_022_seed_2233234/dataset.npz,02_dnn/01_dataset_gen/raw_outputs/18_beta_cell_90_dataset/raw_datasets/cell_beta_0p37_p_0p00/dataset_022_seed_2233234/dataset_meta.json
cell_beta_0p37_p_0p00,beta,23,2333234,0.37,0.0,02_dnn/01_dataset_gen/raw_outputs/18_beta_cell_90_dataset/raw_datasets/cell_beta_0p37_p_0p00/dataset_023_seed_2333234/dataset.npz,02_dnn/01_dataset_gen/raw_outputs/18_beta_cell_90_dataset/raw_datasets/cell_beta_0p37_p_0p00/dataset_023_seed_2333234/dataset_meta.json
cell_beta_0p37_p_0p00,beta,24,2433234,0.37,0.0,02_dnn/01_dataset_gen/raw_outputs/18_beta_cell_90_dataset/raw_datasets/cell_beta_0p37_p_0p00/dataset_024_seed_2433234/dataset.npz,02_dnn/01_dataset_gen/raw_outputs/18_beta_cell_90_dataset/raw_datasets/cell_beta_0p37_p_0p00/dataset_024_seed_2433234/dataset_meta.json
cell_beta_0p37_p_0p00,beta,25,2533234,0.37,0.0,02_dnn/01_dataset_gen/raw_outputs/18_beta_cell_90_dataset/raw_datasets/cell_beta_0p37_p_0p00/dataset_025_seed_2533234/dataset.npz,02_dnn/01_dataset_gen/raw_outputs/18_beta_cell_90_dataset/raw_datasets/cell_beta_0p37_p_0p00/dataset_025_seed_2533234/dataset_meta.json
cell_beta_0p37_p_0p00,beta,26,2633234,0.37,0.0,02_dnn/01_dataset_gen/raw_outputs/18_beta_cell_90_dataset/raw_datasets/cell_beta_0p37_p_0p00/dataset_026_seed_2633234/dataset.npz,02_dnn/01_dataset_gen/raw_outputs/18_beta_cell_90_dataset/raw_datasets/cell_beta_0p37_p_0p00/dataset_026_seed_2633234/dataset_meta.json
cell_beta_0p37_p_0p00,beta,27,2733234,0.37,0.0,02_dnn/01_dataset_gen/raw_outputs/18_beta_cell_90_dataset/raw_datasets/cell_beta_0p37_p_0p00/dataset_027_seed_2733234/dataset.npz,02_dnn/01_dataset_gen/raw_outputs/18_beta_cell_90_dataset/raw_datasets/cell_beta_0p37_p_0p00/dataset_027_seed_2733234/dataset_meta.json
cell_beta_0p37_p_0p00,beta,28,2833234,0.37,0.0,02_dnn/01_dataset_gen/raw_outputs/18_beta_cell_90_dataset/raw_datasets/cell_beta_0p37_p_0p00/dataset_028_seed_2833234/dataset.npz,02_dnn/01_dataset_gen/raw_outputs/18_beta_cell_90_dataset/raw_datasets/cell_beta_0p37_p_0p00/dataset_028_seed_2833234/dataset_meta.json
cell_beta_0p37_p_0p00,beta,29,2933234,0.37,0.0,02_dnn/01_dataset_gen/raw_outputs/18_beta_cell_90_dataset/raw_datasets/cell_beta_0p37_p_0p00/dataset_029_seed_2933234/dataset.npz,02_dnn/01_dataset_gen/raw_outputs/18_beta_cell_90_dataset/raw_datasets/cell_beta_0p37_p_0p00/dataset_029_seed_2933234/dataset_meta.json
cell_beta_0p37_p_0p00,beta,30,3033234,0.37,0.0,02_dnn/01_dataset_gen/raw_outputs/18_beta_cell_90_dataset/raw_datasets/cell_beta_0p37_p_0p00/dataset_030_seed_3033234/dataset.npz,02_dnn/01_dataset_gen/raw_outputs/18_beta_cell_90_dataset/raw_datasets/cell_beta_0p37_p_0p00/dataset_030_seed_3033234/dataset_meta.json
cell_beta_0p37_p_0p00,beta,31,3133234,0.37,0.0,02_dnn/01_dataset_gen/raw_outputs/18_beta_cell_90_dataset/raw_datasets/cell_beta_0p37_p_0p00/dataset_031_seed_3133234/dataset.npz,02_dnn/01_dataset_gen/raw_outputs/18_beta_cell_90_dataset/raw_datasets/cell_beta_0p37_p_0p00/dataset_031_seed_3133234/dataset_meta.json
cell_beta_0p37_p_0p00,beta,32,3233234,0.37,0.0,02_dnn/01_dataset_gen/raw_outputs/18_beta_cell_90_dataset/raw_datasets/cell_beta_0p37_p_0p00/dataset_032_seed_3233234/dataset.npz,02_dnn/01_dataset_gen/raw_outputs/18_beta_cell_90_dataset/raw_datasets/cell_beta_0p37_p_0p00/dataset_032_seed_3233234/dataset_meta.json
cell_beta_0p37_p_0p00,beta,33,3333234,0.37,0.0,02_dnn/01_dataset_gen/raw_outputs/18_beta_cell_90_dataset/raw_datasets/cell_beta_0p37_p_0p00/dataset_033_seed_3333234/dataset.npz,02_dnn/01_dataset_gen/raw_outputs/18_beta_cell_90_dataset/raw_datasets/cell_beta_0p37_p_0p00/dataset_033_seed_3333234/dataset_meta.json
cell_beta_0p37_p_0p00,beta,34,3433234,0.37,0.0,02_dnn/01_dataset_gen/raw_outputs/18_beta_cell_90_dataset/raw_datasets/cell_beta_0p37_p_0p00/dataset_034_seed_3433234/dataset.npz,02_dnn/01_dataset_gen/raw_outputs/18_beta_cell_90_dataset/raw_datasets/cell_beta_0p37_p_0p00/dataset_034_seed_3433234/dataset_meta.json
cell_beta_0p37_p_0p00,beta,35,3533234,0.37,0.0,02_dnn/01_dataset_gen/raw_outputs/18_beta_cell_90_dataset/raw_datasets/cell_beta_0p37_p_0p00/dataset_035_seed_3533234/dataset.npz,02_dnn/01_dataset_gen/raw_outputs/18_beta_cell_90_dataset/raw_datasets/cell_beta_0p37_p_0p00/dataset_035_seed_3533234/dataset_meta.json
cell_beta_0p37_p_0p00,beta,36,3633234,0.37,0.0,02_dnn/01_dataset_gen/raw_outputs/18_beta_cell_90_dataset/raw_datasets/cell_beta_0p37_p_0p00/dataset_036_seed_3633234/dataset.npz,02_dnn/01_dataset_gen/raw_outputs/18_beta_cell_90_dataset/raw_datasets/cell_beta_0p37_p_0p00/dataset_036_seed_3633234/dataset_meta.json
cell_beta_0p37_p_0p00,beta,37,3733234,0.37,0.0,02_dnn/01_dataset_gen/raw_outputs/18_beta_cell_90_dataset/raw_datasets/cell_beta_0p37_p_0p00/dataset_037_seed_3733234/dataset.npz,02_dnn/01_dataset_gen/raw_outputs/18_beta_cell_90_dataset/raw_datasets/cell_beta_0p37_p_0p00/dataset_037_seed_3733234/dataset_meta.json
cell_beta_0p37_p_0p00,beta,38,3833234,0.37,0.0,02_dnn/01_dataset_gen/raw_outputs/18_beta_cell_90_dataset/raw_datasets/cell_beta_0p37_p_0p00/dataset_038_seed_3833234/dataset.npz,02_dnn/01_dataset_gen/raw_outputs/18_beta_cell_90_dataset/raw_datasets/cell_beta_0p37_p_0p00/dataset_038_seed_3833234/dataset_meta.json
cell_beta_0p37_p_0p00,beta,39,3933234,0.37,0.0,02_dnn/01_dataset_gen/raw_outputs/18_beta_cell_90_dataset/raw_datasets/cell_beta_0p37_p_0p00/dataset_039_seed_3933234/dataset.npz,02_dnn/01_dataset_gen/raw_outputs/18_beta_cell_90_dataset/raw_datasets/cell_beta_0p37_p_0p00/dataset_039_seed_3933234/dataset_meta.json
cell_beta_0p37_p_0p00,beta,40,4033234,0.37,0.0,02_dnn/01_dataset_gen/raw_outputs/18_beta_cell_90_dataset/raw_datasets/cell_beta_0p37_p_0p00/dataset_040_seed_4033234/dataset.npz,02_dnn/01_dataset_gen/raw_outputs/18_beta_cell_90_dataset/raw_datasets/cell_beta_0p37_p_0p00/dataset_040_seed_4033234/dataset_meta.json
cell_beta_0p37_p_0p00,beta,41,4133234,0.37,0.0,02_dnn/01_dataset_gen/raw_outputs/18_beta_cell_90_dataset/raw_datasets/cell_beta_0p37_p_0p00/dataset_041_seed_4133234/dataset.npz,02_dnn/01_dataset_gen/raw_outputs/18_beta_cell_90_dataset/raw_datasets/cell_beta_0p37_p_0p00/dataset_041_seed_4133234/dataset_meta.json
cell_beta_0p37_p_0p00,beta,42,4233234,0.37,0.0,02_dnn/01_dataset_gen/raw_outputs/18_beta_cell_90_dataset/raw_datasets/cell_beta_0p37_p_0p00/dataset_042_seed_4233234/dataset.npz,02_dnn/01_dataset_gen/raw_outputs/18_beta_cell_90_dataset/raw_datasets/cell_beta_0p37_p_0p00/dataset_042_seed_4233234/dataset_meta.json
cell_beta_0p37_p_0p00,beta,43,4333234,0.37,0.0,02_dnn/01_dataset_gen/raw_outputs/18_beta_cell_90_dataset/raw_datasets/cell_beta_0p37_p_0p00/dataset_043_seed_4333234/dataset.npz,02_dnn/01_dataset_gen/raw_outputs/18_beta_cell_90_dataset/raw_datasets/cell_beta_0p37_p_0p00/dataset_043_seed_4333234/dataset_meta.json
cell_beta_0p37_p_0p00,beta,44,4433234,0.37,0.0,02_dnn/01_dataset_gen/raw_outputs/18_beta_cell_90_dataset/raw_datasets/cell_beta_0p37_p_0p00/dataset_044_seed_4433234/dataset.npz,02_dnn/01_dataset_gen/raw_outputs/18_beta_cell_90_dataset/raw_datasets/cell_beta_0p37_p_0p00/dataset_044_seed_4433234/dataset_meta.json
cell_beta_0p37_p_0p00,beta,45,4533234,0.37,0.0,02_dnn/01_dataset_gen/raw_outputs/18_beta_cell_90_dataset/raw_datasets/cell_beta_0p37_p_0p00/dataset_045_seed_4533234/dataset.npz,02_dnn/01_dataset_gen/raw_outputs/18_beta_cell_90_dataset/raw_datasets/cell_beta_0p37_p_0p00/dataset_045_seed_4533234/dataset_meta.json
cell_beta_0p37_p_0p00,beta,46,4633234,0.37,0.0,02_dnn/01_dataset_gen/raw_outputs/18_beta_cell_90_dataset/raw_datasets/cell_beta_0p37_p_0p00/dataset_046_seed_4633234/dataset.npz,02_dnn/01_dataset_gen/raw_outputs/18_beta_cell_90_dataset/raw_datasets/cell_beta_0p37_p_0p00/dataset_046_seed_4633234/dataset_meta.json
cell_beta_0p37_p_0p00,beta,47,4733234,0.37,0.0,02_dnn/01_dataset_gen/raw_outputs/18_beta_cell_90_dataset/raw_datasets/cell_beta_0p37_p_0p00/dataset_047_seed_4733234/dataset.npz,02_dnn/01_dataset_gen/raw_outputs/18_beta_cell_90_dataset/raw_datasets/cell_beta_0p37_p_0p00/dataset_047_seed_4733234/dataset_meta.json
cell_beta_0p37_p_0p00,beta,48,4833234,0.37,0.0,02_dnn/01_dataset_gen/raw_outputs/18_beta_cell_90_dataset/raw_datasets/cell_beta_0p37_p_0p00/dataset_048_seed_4833234/dataset.npz,02_dnn/01_dataset_gen/raw_outputs/18_beta_cell_90_dataset/raw_datasets/cell_beta_0p37_p_0p00/dataset_048_seed_4833234/dataset_meta.json
cell_beta_0p37_p_0p00,beta,49,4933234,0.37,0.0,02_dnn/01_dataset_gen/raw_outputs/18_beta_cell_90_dataset/raw_datasets/cell_beta_0p37_p_0p00/dataset_049_seed_4933234/dataset.npz,02_dnn/01_dataset_gen/raw_outputs/18_beta_cell_90_dataset/raw_datasets/cell_beta_0p37_p_0p00/dataset_049_seed_4933234/dataset_meta.json
cell_beta_0p37_p_0p00,beta,50,5033234,0.37,0.0,02_dnn/01_dataset_gen/raw_outputs/18_beta_cell_90_dataset/raw_datasets/cell_beta_0p37_p_0p00/dataset_050_seed_5033234/dataset.npz,02_dnn/01_dataset_gen/raw_outputs/18_beta_cell_90_dataset/raw_datasets/cell_beta_0p37_p_0p00/dataset_050_seed_5033234/dataset_meta.json
cell_beta_0p37_p_0p00,beta,51,5133234,0.37,0.0,02_dnn/01_dataset_gen/raw_outputs/18_beta_cell_90_dataset/raw_datasets/cell_beta_0p37_p_0p00/dataset_051_seed_5133234/dataset.npz,02_dnn/01_dataset_gen/raw_outputs/18_beta_cell_90_dataset/raw_datasets/cell_beta_0p37_p_0p00/dataset_051_seed_5133234/dataset_meta.json
cell_beta_0p37_p_0p00,beta,52,5233234,0.37,0.0,02_dnn/01_dataset_gen/raw_outputs/18_beta_cell_90_dataset/raw_datasets/cell_beta_0p37_p_0p00/dataset_052_seed_5233234/dataset.npz,02_dnn/01_dataset_gen/raw_outputs/18_beta_cell_90_dataset/raw_datasets/cell_beta_0p37_p_0p00/dataset_052_seed_5233234/dataset_meta.json
cell_beta_0p37_p_0p00,beta,53,5333234,0.37,0.0,02_dnn/01_dataset_gen/raw_outputs/18_beta_cell_90_dataset/raw_datasets/cell_beta_0p37_p_0p00/dataset_053_seed_5333234/dataset.npz,02_dnn/01_dataset_gen/raw_outputs/18_beta_cell_90_dataset/raw_datasets/cell_beta_0p37_p_0p00/dataset_053_seed_5333234/dataset_meta.json
cell_beta_0p37_p_0p00,beta,54,5433234,0.37,0.0,02_dnn/01_dataset_gen/raw_outputs/18_beta_cell_90_dataset/raw_datasets/cell_beta_0p37_p_0p00/dataset_054_seed_5433234/dataset.npz,02_dnn/01_dataset_gen/raw_outputs/18_beta_cell_90_dataset/raw_datasets/cell_beta_0p37_p_0p00/dataset_054_seed_5433234/dataset_meta.json
cell_beta_0p37_p_0p00,beta,55,5533234,0.37,0.0,02_dnn/01_dataset_gen/raw_outputs/18_beta_cell_90_dataset/raw_datasets/cell_beta_0p37_p_0p00/dataset_055_seed_5533234/dataset.npz,02_dnn/01_dataset_gen/raw_outputs/18_beta_cell_90_dataset/raw_datasets/cell_beta_0p37_p_0p00/dataset_055_seed_5533234/dataset_meta.json
cell_beta_0p37_p_0p00,beta,56,5633234,0.37,0.0,02_dnn/01_dataset_gen/raw_outputs/18_beta_cell_90_dataset/raw_datasets/cell_beta_0p37_p_0p00/dataset_056_seed_5633234/dataset.npz,02_dnn/01_dataset_gen/raw_outputs/18_beta_cell_90_dataset/raw_datasets/cell_beta_0p37_p_0p00/dataset_056_seed_5633234/dataset_meta.json
cell_beta_0p37_p_0p00,beta,57,5733234,0.37,0.0,02_dnn/01_dataset_gen/raw_outputs/18_beta_cell_90_dataset/raw_datasets/cell_beta_0p37_p_0p00/dataset_057_seed_5733234/dataset.npz,02_dnn/01_dataset_gen/raw_outputs/18_beta_cell_90_dataset/raw_datasets/cell_beta_0p37_p_0p00/dataset_057_seed_5733234/dataset_meta.json
cell_beta_0p37_p_0p00,beta,58,5833234,0.37,0.0,02_dnn/01_dataset_gen/raw_outputs/18_beta_cell_90_dataset/raw_datasets/cell_beta_0p37_p_0p00/dataset_058_seed_5833234/dataset.npz,02_dnn/01_dataset_gen/raw_outputs/18_beta_cell_90_dataset/raw_datasets/cell_beta_0p37_p_0p00/dataset_058_seed_5833234/dataset_meta.json
cell_beta_0p37_p_0p00,beta,59,5933234,0.37,0.0,02_dnn/01_dataset_gen/raw_outputs/18_beta_cell_90_dataset/raw_datasets/cell_beta_0p37_p_0p00/dataset_059_seed_5933234/dataset.npz,02_dnn/01_dataset_gen/raw_outputs/18_beta_cell_90_dataset/raw_datasets/cell_beta_0p37_p_0p00/dataset_059_seed_5933234/dataset_meta.json
cell_beta_0p37_p_0p00,beta,60,6033234,0.37,0.0,02_dnn/01_dataset_gen/raw_outputs/18_beta_cell_90_dataset/raw_datasets/cell_beta_0p37_p_0p00/dataset_060_seed_6033234/dataset.npz,02_dnn/01_dataset_gen/raw_outputs/18_beta_cell_90_dataset/raw_datasets/cell_beta_0p37_p_0p00/dataset_060_seed_6033234/dataset_meta.json
cell_beta_0p37_p_0p00,beta,61,6133234,0.37,0.0,02_dnn/01_dataset_gen/raw_outputs/18_beta_cell_90_dataset/raw_datasets/cell_beta_0p37_p_0p00/dataset_061_seed_6133234/dataset.npz,02_dnn/01_dataset_gen/raw_outputs/18_beta_cell_90_dataset/raw_datasets/cell_beta_0p37_p_0p00/dataset_061_seed_6133234/dataset_meta.json
cell_beta_0p37_p_0p00,beta,62,6233234,0.37,0.0,02_dnn/01_dataset_gen/raw_outputs/18_beta_cell_90_dataset/raw_datasets/cell_beta_0p37_p_0p00/dataset_062_seed_6233234/dataset.npz,02_dnn/01_dataset_gen/raw_outputs/18_beta_cell_90_dataset/raw_datasets/cell_beta_0p37_p_0p00/dataset_062_seed_6233234/dataset_meta.json
cell_beta_0p37_p_0p00,beta,63,6333234,0.37,0.0,02_dnn/01_dataset_gen/raw_outputs/18_beta_cell_90_dataset/raw_datasets/cell_beta_0p37_p_0p00/dataset_063_seed_6333234/dataset.npz,02_dnn/01_dataset_gen/raw_outputs/18_beta_cell_90_dataset/raw_datasets/cell_beta_0p37_p_0p00/dataset_063_seed_6333234/dataset_meta.json
cell_beta_0p37_p_0p00,beta,64,6433234,0.37,0.0,02_dnn/01_dataset_gen/raw_outputs/18_beta_cell_90_dataset/raw_datasets/cell_beta_0p37_p_0p00/dataset_064_seed_6433234/dataset.npz,02_dnn/01_dataset_gen/raw_outputs/18_beta_cell_90_dataset/raw_datasets/cell_beta_0p37_p_0p00/dataset_064_seed_6433234/dataset_meta.json
cell_beta_0p37_p_0p00,beta,65,6533234,0.37,0.0,02_dnn/01_dataset_gen/raw_outputs/18_beta_cell_90_dataset/raw_datasets/cell_beta_0p37_p_0p00/dataset_065_seed_6533234/dataset.npz,02_dnn/01_dataset_gen/raw_outputs/18_beta_cell_90_dataset/raw_datasets/cell_beta_0p37_p_0p00/dataset_065_seed_6533234/dataset_meta.json
cell_beta_0p37_p_0p00,beta,66,6633234,0.37,0.0,02_dnn/01_dataset_gen/raw_outputs/18_beta_cell_90_dataset/raw_datasets/cell_beta_0p37_p_0p00/dataset_066_seed_6633234/dataset.npz,02_dnn/01_dataset_gen/raw_outputs/18_beta_cell_90_dataset/raw_datasets/cell_beta_0p37_p_0p00/dataset_066_seed_6633234/dataset_meta.json
cell_beta_0p37_p_0p00,beta,67,6733234,0.37,0.0,02_dnn/01_dataset_gen/raw_outputs/18_beta_cell_90_dataset/raw_datasets/cell_beta_0p37_p_0p00/dataset_067_seed_6733234/dataset.npz,02_dnn/01_dataset_gen/raw_outputs/18_beta_cell_90_dataset/raw_datasets/cell_beta_0p37_p_0p00/dataset_067_seed_6733234/dataset_meta.json
cell_beta_0p37_p_0p00,beta,68,6833234,0.37,0.0,02_dnn/01_dataset_gen/raw_outputs/18_beta_cell_90_dataset/raw_datasets/cell_beta_0p37_p_0p00/dataset_068_seed_6833234/dataset.npz,02_dnn/01_dataset_gen/raw_outputs/18_beta_cell_90_dataset/raw_datasets/cell_beta_0p37_p_0p00/dataset_068_seed_6833234/dataset_meta.json
cell_beta_0p37_p_0p00,beta,69,6933234,0.37,0.0,02_dnn/01_dataset_gen/raw_outputs/18_beta_cell_90_dataset/raw_datasets/cell_beta_0p37_p_0p00/dataset_069_seed_6933234/dataset.npz,02_dnn/01_dataset_gen/raw_outputs/18_beta_cell_90_dataset/raw_datasets/cell_beta_0p37_p_0p00/dataset_069_seed_6933234/dataset_meta.json
cell_beta_0p37_p_0p00,beta,70,7033234,0.37,0.0,02_dnn/01_dataset_gen/raw_outputs/18_beta_cell_90_dataset/raw_datasets/cell_beta_0p37_p_0p00/dataset_070_seed_7033234/dataset.npz,02_dnn/01_dataset_gen/raw_outputs/18_beta_cell_90_dataset/raw_datasets/cell_beta_0p37_p_0p00/dataset_070_seed_7033234/dataset_meta.json
cell_beta_0p37_p_0p00,beta,71,7133234,0.37,0.0,02_dnn/01_dataset_gen/raw_outputs/18_beta_cell_90_dataset/raw_datasets/cell_beta_0p37_p_0p00/dataset_071_seed_7133234/dataset.npz,02_dnn/01_dataset_gen/raw_outputs/18_beta_cell_90_dataset/raw_datasets/cell_beta_0p37_p_0p00/dataset_071_seed_7133234/dataset_meta.json
cell_beta_0p37_p_0p00,beta,72,7233234,0.37,0.0,02_dnn/01_dataset_gen/raw_outputs/18_beta_cell_90_dataset/raw_datasets/cell_beta_0p37_p_0p00/dataset_072_seed_7233234/dataset.npz,02_dnn/01_dataset_gen/raw_outputs/18_beta_cell_90_dataset/raw_datasets/cell_beta_0p37_p_0p00/dataset_072_seed_7233234/dataset_meta.json
cell_beta_0p37_p_0p00,beta,73,7333234,0.37,0.0,02_dnn/01_dataset_gen/raw_outputs/18_beta_cell_90_dataset/raw_datasets/cell_beta_0p37_p_0p00/dataset_073_seed_7333234/dataset.npz,02_dnn/01_dataset_gen/raw_outputs/18_beta_cell_90_dataset/raw_datasets/cell_beta_0p37_p_0p00/dataset_073_seed_7333234/dataset_meta.json
cell_beta_0p37_p_0p00,beta,74,7433234,0.37,0.0,02_dnn/01_dataset_gen/raw_outputs/18_beta_cell_90_dataset/raw_datasets/cell_beta_0p37_p_0p00/dataset_074_seed_7433234/dataset.npz,02_dnn/01_dataset_gen/raw_outputs/18_beta_cell_90_dataset/raw_datasets/cell_beta_0p37_p_0p00/dataset_074_seed_7433234/dataset_meta.json
cell_beta_0p37_p_0p00,beta,75,7533234,0.37,0.0,02_dnn/01_dataset_gen/raw_outputs/18_beta_cell_90_dataset/raw_datasets/cell_beta_0p37_p_0p00/dataset_075_seed_7533234/dataset.npz,02_dnn/01_dataset_gen/raw_outputs/18_beta_cell_90_dataset/raw_datasets/cell_beta_0p37_p_0p00/dataset_075_seed_7533234/dataset_meta.json
cell_beta_0p37_p_0p00,beta,76,7633234,0.37,0.0,02_dnn/01_dataset_gen/raw_outputs/18_beta_cell_90_dataset/raw_datasets/cell_beta_0p37_p_0p00/dataset_076_seed_7633234/dataset.npz,02_dnn/01_dataset_gen/raw_outputs/18_beta_cell_90_dataset/raw_datasets/cell_beta_0p37_p_0p00/dataset_076_seed_7633234/dataset_meta.json
cell_beta_0p37_p_0p00,beta,77,7733234,0.37,0.0,02_dnn/01_dataset_gen/raw_outputs/18_beta_cell_90_dataset/raw_datasets/cell_beta_0p37_p_0p00/dataset_077_seed_7733234/dataset.npz,02_dnn/01_dataset_gen/raw_outputs/18_beta_cell_90_dataset/raw_datasets/cell_beta_0p37_p_0p00/dataset_077_seed_7733234/dataset_meta.json
cell_beta_0p37_p_0p00,beta,78,7833234,0.37,0.0,02_dnn/01_dataset_gen/raw_outputs/18_beta_cell_90_dataset/raw_datasets/cell_beta_0p37_p_0p00/dataset_078_seed_7833234/dataset.npz,02_dnn/01_dataset_gen/raw_outputs/18_beta_cell_90_dataset/raw_datasets/cell_beta_0p37_p_0p00/dataset_078_seed_7833234/dataset_meta.json
cell_beta_0p37_p_0p00,beta,79,7933234,0.37,0.0,02_dnn/01_dataset_gen/raw_outputs/18_beta_cell_90_dataset/raw_datasets/cell_beta_0p37_p_0p00/dataset_079_seed_7933234/dataset.npz,02_dnn/01_dataset_gen/raw_outputs/18_beta_cell_90_dataset/raw_datasets/cell_beta_0p37_p_0p00/dataset_079_seed_7933234/dataset_meta.json
cell_beta_0p37_p_0p00,beta,80,8033234,0.37,0.0,02_dnn/01_dataset_gen/raw_outputs/18_beta_cell_90_dataset/raw_datasets/cell_beta_0p37_p_0p00/dataset_080_seed_8033234/dataset.npz,02_dnn/01_dataset_gen/raw_outputs/18_beta_cell_90_dataset/raw_datasets/cell_beta_0p37_p_0p00/dataset_080_seed_8033234/dataset_meta.json
cell_beta_0p37_p_0p00,beta,81,8133234,0.37,0.0,02_dnn/01_dataset_gen/raw_outputs/18_beta_cell_90_dataset/raw_datasets/cell_beta_0p37_p_0p00/dataset_081_seed_8133234/dataset.npz,02_dnn/01_dataset_gen/raw_outputs/18_beta_cell_90_dataset/raw_datasets/cell_beta_0p37_p_0p00/dataset_081_seed_8133234/dataset_meta.json
cell_beta_0p37_p_0p00,beta,82,8233234,0.37,0.0,02_dnn/01_dataset_gen/raw_outputs/18_beta_cell_90_dataset/raw_datasets/cell_beta_0p37_p_0p00/dataset_082_seed_8233234/dataset.npz,02_dnn/01_dataset_gen/raw_outputs/18_beta_cell_90_dataset/raw_datasets/cell_beta_0p37_p_0p00/dataset_082_seed_8233234/dataset_meta.json
cell_beta_0p37_p_0p00,beta,83,8333234,0.37,0.0,02_dnn/01_dataset_gen/raw_outputs/18_beta_cell_90_dataset/raw_datasets/cell_beta_0p37_p_0p00/dataset_083_seed_8333234/dataset.npz,02_dnn/01_dataset_gen/raw_outputs/18_beta_cell_90_dataset/raw_datasets/cell_beta_0p37_p_0p00/dataset_083_seed_8333234/dataset_meta.json
cell_beta_0p37_p_0p00,beta,84,8433234,0.37,0.0,02_dnn/01_dataset_gen/raw_outputs/18_beta_cell_90_dataset/raw_datasets/cell_beta_0p37_p_0p00/dataset_084_seed_8433234/dataset.npz,02_dnn/01_dataset_gen/raw_outputs/18_beta_cell_90_dataset/raw_datasets/cell_beta_0p37_p_0p00/dataset_084_seed_8433234/dataset_meta.json
cell_beta_0p37_p_0p00,beta,85,8533234,0.37,0.0,02_dnn/01_dataset_gen/raw_outputs/18_beta_cell_90_dataset/raw_datasets/cell_beta_0p37_p_0p00/dataset_085_seed_8533234/dataset.npz,02_dnn/01_dataset_gen/raw_outputs/18_beta_cell_90_dataset/raw_datasets/cell_beta_0p37_p_0p00/dataset_085_seed_8533234/dataset_meta.json
cell_beta_0p37_p_0p00,beta,86,8633234,0.37,0.0,02_dnn/01_dataset_gen/raw_outputs/18_beta_cell_90_dataset/raw_datasets/cell_beta_0p37_p_0p00/dataset_086_seed_8633234/dataset.npz,02_dnn/01_dataset_gen/raw_outputs/18_beta_cell_90_dataset/raw_datasets/cell_beta_0p37_p_0p00/dataset_086_seed_8633234/dataset_meta.json
cell_beta_0p37_p_0p00,beta,87,8733234,0.37,0.0,02_dnn/01_dataset_gen/raw_outputs/18_beta_cell_90_dataset/raw_datasets/cell_beta_0p37_p_0p00/dataset_087_seed_8733234/dataset.npz,02_dnn/01_dataset_gen/raw_outputs/18_beta_cell_90_dataset/raw_datasets/cell_beta_0p37_p_0p00/dataset_087_seed_8733234/dataset_meta.json
cell_beta_0p37_p_0p00,beta,88,8833234,0.37,0.0,02_dnn/01_dataset_gen/raw_outputs/18_beta_cell_90_dataset/raw_datasets/cell_beta_0p37_p_0p00/dataset_088_seed_8833234/dataset.npz,02_dnn/01_dataset_gen/raw_outputs/18_beta_cell_90_dataset/raw_datasets/cell_beta_0p37_p_0p00/dataset_088_seed_8833234/dataset_meta.json
cell_beta_0p37_p_0p00,beta,89,8933234,0.37,0.0,02_dnn/01_dataset_gen/raw_outputs/18_beta_cell_90_dataset/raw_datasets/cell_beta_0p37_p_0p00/dataset_089_seed_8933234/dataset.npz,02_dnn/01_dataset_gen/raw_outputs/18_beta_cell_90_dataset/raw_datasets/cell_beta_0p37_p_0p00/dataset_089_seed_8933234/dataset_meta.json
cell_beta_0p39_p_0p00,beta,0,35234,0.39,0.0,02_dnn/01_dataset_gen/raw_outputs/18_beta_cell_90_dataset/raw_datasets/cell_beta_0p39_p_0p00/dataset_000_seed_035234/dataset.npz,02_dnn/01_dataset_gen/raw_outputs/18_beta_cell_90_dataset/raw_datasets/cell_beta_0p39_p_0p00/dataset_000_seed_035234/dataset_meta.json
cell_beta_0p39_p_0p00,beta,1,135234,0.39,0.0,02_dnn/01_dataset_gen/raw_outputs/18_beta_cell_90_dataset/raw_datasets/cell_beta_0p39_p_0p00/dataset_001_seed_135234/dataset.npz,02_dnn/01_dataset_gen/raw_outputs/18_beta_cell_90_dataset/raw_datasets/cell_beta_0p39_p_0p00/dataset_001_seed_135234/dataset_meta.json
cell_beta_0p39_p_0p00,beta,2,235234,0.39,0.0,02_dnn/01_dataset_gen/raw_outputs/18_beta_cell_90_dataset/raw_datasets/cell_beta_0p39_p_0p00/dataset_002_seed_235234/dataset.npz,02_dnn/01_dataset_gen/raw_outputs/18_beta_cell_90_dataset/raw_datasets/cell_beta_0p39_p_0p00/dataset_002_seed_235234/dataset_meta.json
cell_beta_0p39_p_0p00,beta,3,335234,0.39,0.0,02_dnn/01_dataset_gen/raw_outputs/18_beta_cell_90_dataset/raw_datasets/cell_beta_0p39_p_0p00/dataset_003_seed_335234/dataset.npz,02_dnn/01_dataset_gen/raw_outputs/18_beta_cell_90_dataset/raw_datasets/cell_beta_0p39_p_0p00/dataset_003_seed_335234/dataset_meta.json
cell_beta_0p39_p_0p00,beta,4,435234,0.39,0.0,02_dnn/01_dataset_gen/raw_outputs/18_beta_cell_90_dataset/raw_datasets/cell_beta_0p39_p_0p00/dataset_004_seed_435234/dataset.npz,02_dnn/01_dataset_gen/raw_outputs/18_beta_cell_90_dataset/raw_datasets/cell_beta_0p39_p_0p00/dataset_004_seed_435234/dataset_meta.json
cell_beta_0p39_p_0p00,beta,5,535234,0.39,0.0,02_dnn/01_dataset_gen/raw_outputs/18_beta_cell_90_dataset/raw_datasets/cell_beta_0p39_p_0p00/dataset_005_seed_535234/dataset.npz,02_dnn/01_dataset_gen/raw_outputs/18_beta_cell_90_dataset/raw_datasets/cell_beta_0p39_p_0p00/dataset_005_seed_535234/dataset_meta.json
cell_beta_0p39_p_0p00,beta,6,635234,0.39,0.0,02_dnn/01_dataset_gen/raw_outputs/18_beta_cell_90_dataset/raw_datasets/cell_beta_0p39_p_0p00/dataset_006_seed_635234/dataset.npz,02_dnn/01_dataset_gen/raw_outputs/18_beta_cell_90_dataset/raw_datasets/cell_beta_0p39_p_0p00/dataset_006_seed_635234/dataset_meta.json
cell_beta_0p39_p_0p00,beta,7,735234,0.39,0.0,02_dnn/01_dataset_gen/raw_outputs/18_beta_cell_90_dataset/raw_datasets/cell_beta_0p39_p_0p00/dataset_007_seed_735234/dataset.npz,02_dnn/01_dataset_gen/raw_outputs/18_beta_cell_90_dataset/raw_datasets/cell_beta_0p39_p_0p00/dataset_007_seed_735234/dataset_meta.json
cell_beta_0p39_p_0p00,beta,8,835234,0.39,0.0,02_dnn/01_dataset_gen/raw_outputs/18_beta_cell_90_dataset/raw_datasets/cell_beta_0p39_p_0p00/dataset_008_seed_835234/dataset.npz,02_dnn/01_dataset_gen/raw_outputs/18_beta_cell_90_dataset/raw_datasets/cell_beta_0p39_p_0p00/dataset_008_seed_835234/dataset_meta.json
cell_beta_0p39_p_0p00,beta,9,935234,0.39,0.0,02_dnn/01_dataset_gen/raw_outputs/18_beta_cell_90_dataset/raw_datasets/cell_beta_0p39_p_0p00/dataset_009_seed_935234/dataset.npz,02_dnn/01_dataset_gen/raw_outputs/18_beta_cell_90_dataset/raw_datasets/cell_beta_0p39_p_0p00/dataset_009_seed_935234/dataset_meta.json
cell_beta_0p39_p_0p00,beta,10,1035234,0.39,0.0,02_dnn/01_dataset_gen/raw_outputs/18_beta_cell_90_dataset/raw_datasets/cell_beta_0p39_p_0p00/dataset_010_seed_1035234/dataset.npz,02_dnn/01_dataset_gen/raw_outputs/18_beta_cell_90_dataset/raw_datasets/cell_beta_0p39_p_0p00/dataset_010_seed_1035234/dataset_meta.json
cell_beta_0p39_p_0p00,beta,11,1135234,0.39,0.0,02_dnn/01_dataset_gen/raw_outputs/18_beta_cell_90_dataset/raw_datasets/cell_beta_0p39_p_0p00/dataset_011_seed_1135234/dataset.npz,02_dnn/01_dataset_gen/raw_outputs/18_beta_cell_90_dataset/raw_datasets/cell_beta_0p39_p_0p00/dataset_011_seed_1135234/dataset_meta.json
cell_beta_0p39_p_0p00,beta,12,1235234,0.39,0.0,02_dnn/01_dataset_gen/raw_outputs/18_beta_cell_90_dataset/raw_datasets/cell_beta_0p39_p_0p00/dataset_012_seed_1235234/dataset.npz,02_dnn/01_dataset_gen/raw_outputs/18_beta_cell_90_dataset/raw_datasets/cell_beta_0p39_p_0p00/dataset_012_seed_1235234/dataset_meta.json
cell_beta_0p39_p_0p00,beta,13,1335234,0.39,0.0,02_dnn/01_dataset_gen/raw_outputs/18_beta_cell_90_dataset/raw_datasets/cell_beta_0p39_p_0p00/dataset_013_seed_1335234/dataset.npz,02_dnn/01_dataset_gen/raw_outputs/18_beta_cell_90_dataset/raw_datasets/cell_beta_0p39_p_0p00/dataset_013_seed_1335234/dataset_meta.json
cell_beta_0p39_p_0p00,beta,14,1435234,0.39,0.0,02_dnn/01_dataset_gen/raw_outputs/18_beta_cell_90_dataset/raw_datasets/cell_beta_0p39_p_0p00/dataset_014_seed_1435234/dataset.npz,02_dnn/01_dataset_gen/raw_outputs/18_beta_cell_90_dataset/raw_datasets/cell_beta_0p39_p_0p00/dataset_014_seed_1435234/dataset_meta.json
cell_beta_0p39_p_0p00,beta,15,1535234,0.39,0.0,02_dnn/01_dataset_gen/raw_outputs/18_beta_cell_90_dataset/raw_datasets/cell_beta_0p39_p_0p00/dataset_015_seed_1535234/dataset.npz,02_dnn/01_dataset_gen/raw_outputs/18_beta_cell_90_dataset/raw_datasets/cell_beta_0p39_p_0p00/dataset_015_seed_1535234/dataset_meta.json
cell_beta_0p39_p_0p00,beta,16,1635234,0.39,0.0,02_dnn/01_dataset_gen/raw_outputs/18_beta_cell_90_dataset/raw_datasets/cell_beta_0p39_p_0p00/dataset_016_seed_1635234/dataset.npz,02_dnn/01_dataset_gen/raw_outputs/18_beta_cell_90_dataset/raw_datasets/cell_beta_0p39_p_0p00/dataset_016_seed_1635234/dataset_meta.json
cell_beta_0p39_p_0p00,beta,17,1735234,0.39,0.0,02_dnn/01_dataset_gen/raw_outputs/18_beta_cell_90_dataset/raw_datasets/cell_beta_0p39_p_0p00/dataset_017_seed_1735234/dataset.npz,02_dnn/01_dataset_gen/raw_outputs/18_beta_cell_90_dataset/raw_datasets/cell_beta_0p39_p_0p00/dataset_017_seed_1735234/dataset_meta.json
cell_beta_0p39_p_0p00,beta,18,1835234,0.39,0.0,02_dnn/01_dataset_gen/raw_outputs/18_beta_cell_90_dataset/raw_datasets/cell_beta_0p39_p_0p00/dataset_018_seed_1835234/dataset.npz,02_dnn/01_dataset_gen/raw_outputs/18_beta_cell_90_dataset/raw_datasets/cell_beta_0p39_p_0p00/dataset_018_seed_1835234/dataset_meta.json
cell_beta_0p39_p_0p00,beta,19,1935234,0.39,0.0,02_dnn/01_dataset_gen/raw_outputs/18_beta_cell_90_dataset/raw_datasets/cell_beta_0p39_p_0p00/dataset_019_seed_1935234/dataset.npz,02_dnn/01_dataset_gen/raw_outputs/18_beta_cell_90_dataset/raw_datasets/cell_beta_0p39_p_0p00/dataset_019_seed_1935234/dataset_meta.json
cell_beta_0p39_p_0p00,beta,20,2035234,0.39,0.0,02_dnn/01_dataset_gen/raw_outputs/18_beta_cell_90_dataset/raw_datasets/cell_beta_0p39_p_0p00/dataset_020_seed_2035234/dataset.npz,02_dnn/01_dataset_gen/raw_outputs/18_beta_cell_90_dataset/raw_datasets/cell_beta_0p39_p_0p00/dataset_020_seed_2035234/dataset_meta.json
cell_beta_0p39_p_0p00,beta,21,2135234,0.39,0.0,02_dnn/01_dataset_gen/raw_outputs/18_beta_cell_90_dataset/raw_datasets/cell_beta_0p39_p_0p00/dataset_021_seed_2135234/dataset.npz,02_dnn/01_dataset_gen/raw_outputs/18_beta_cell_90_dataset/raw_datasets/cell_beta_0p39_p_0p00/dataset_021_seed_2135234/dataset_meta.json
cell_beta_0p39_p_0p00,beta,22,2235234,0.39,0.0,02_dnn/01_dataset_gen/raw_outputs/18_beta_cell_90_dataset/raw_datasets/cell_beta_0p39_p_0p00/dataset_022_seed_2235234/dataset.npz,02_dnn/01_dataset_gen/raw_outputs/18_beta_cell_90_dataset/raw_datasets/cell_beta_0p39_p_0p00/dataset_022_seed_2235234/dataset_meta.json
cell_beta_0p39_p_0p00,beta,23,2335234,0.39,0.0,02_dnn/01_dataset_gen/raw_outputs/18_beta_cell_90_dataset/raw_datasets/cell_beta_0p39_p_0p00/dataset_023_seed_2335234/dataset.npz,02_dnn/01_dataset_gen/raw_outputs/18_beta_cell_90_dataset/raw_datasets/cell_beta_0p39_p_0p00/dataset_023_seed_2335234/dataset_meta.json
cell_beta_0p39_p_0p00,beta,24,2435234,0.39,0.0,02_dnn/01_dataset_gen/raw_outputs/18_beta_cell_90_dataset/raw_datasets/cell_beta_0p39_p_0p00/dataset_024_seed_2435234/dataset.npz,02_dnn/01_dataset_gen/raw_outputs/18_beta_cell_90_dataset/raw_datasets/cell_beta_0p39_p_0p00/dataset_024_seed_2435234/dataset_meta.json
cell_beta_0p39_p_0p00,beta,25,2535234,0.39,0.0,02_dnn/01_dataset_gen/raw_outputs/18_beta_cell_90_dataset/raw_datasets/cell_beta_0p39_p_0p00/dataset_025_seed_2535234/dataset.npz,02_dnn/01_dataset_gen/raw_outputs/18_beta_cell_90_dataset/raw_datasets/cell_beta_0p39_p_0p00/dataset_025_seed_2535234/dataset_meta.json
cell_beta_0p39_p_0p00,beta,26,2635234,0.39,0.0,02_dnn/01_dataset_gen/raw_outputs/18_beta_cell_90_dataset/raw_datasets/cell_beta_0p39_p_0p00/dataset_026_seed_2635234/dataset.npz,02_dnn/01_dataset_gen/raw_outputs/18_beta_cell_90_dataset/raw_datasets/cell_beta_0p39_p_0p00/dataset_026_seed_2635234/dataset_meta.json
cell_beta_0p39_p_0p00,beta,27,2735234,0.39,0.0,02_dnn/01_dataset_gen/raw_outputs/18_beta_cell_90_dataset/raw_datasets/cell_beta_0p39_p_0p00/dataset_027_seed_2735234/dataset.npz,02_dnn/01_dataset_gen/raw_outputs/18_beta_cell_90_dataset/raw_datasets/cell_beta_0p39_p_0p00/dataset_027_seed_2735234/dataset_meta.json
cell_beta_0p39_p_0p00,beta,28,2835234,0.39,0.0,02_dnn/01_dataset_gen/raw_outputs/18_beta_cell_90_dataset/raw_datasets/cell_beta_0p39_p_0p00/dataset_028_seed_2835234/dataset.npz,02_dnn/01_dataset_gen/raw_outputs/18_beta_cell_90_dataset/raw_datasets/cell_beta_0p39_p_0p00/dataset_028_seed_2835234/dataset_meta.json
cell_beta_0p39_p_0p00,beta,29,2935234,0.39,0.0,02_dnn/01_dataset_gen/raw_outputs/18_beta_cell_90_dataset/raw_datasets/cell_beta_0p39_p_0p00/dataset_029_seed_2935234/dataset.npz,02_dnn/01_dataset_gen/raw_outputs/18_beta_cell_90_dataset/raw_datasets/cell_beta_0p39_p_0p00/dataset_029_seed_2935234/dataset_meta.json
cell_beta_0p39_p_0p00,beta,30,3035234,0.39,0.0,02_dnn/01_dataset_gen/raw_outputs/18_beta_cell_90_dataset/raw_datasets/cell_beta_0p39_p_0p00/dataset_030_seed_3035234/dataset.npz,02_dnn/01_dataset_gen/raw_outputs/18_beta_cell_90_dataset/raw_datasets/cell_beta_0p39_p_0p00/dataset_030_seed_3035234/dataset_meta.json
cell_beta_0p39_p_0p00,beta,31,3135234,0.39,0.0,02_dnn/01_dataset_gen/raw_outputs/18_beta_cell_90_dataset/raw_datasets/cell_beta_0p39_p_0p00/dataset_031_seed_3135234/dataset.npz,02_dnn/01_dataset_gen/raw_outputs/18_beta_cell_90_dataset/raw_datasets/cell_beta_0p39_p_0p00/dataset_031_seed_3135234/dataset_meta.json
cell_beta_0p39_p_0p00,beta,32,3235234,0.39,0.0,02_dnn/01_dataset_gen/raw_outputs/18_beta_cell_90_dataset/raw_datasets/cell_beta_0p39_p_0p00/dataset_032_seed_3235234/dataset.npz,02_dnn/01_dataset_gen/raw_outputs/18_beta_cell_90_dataset/raw_datasets/cell_beta_0p39_p_0p00/dataset_032_seed_3235234/dataset_meta.json
cell_beta_0p39_p_0p00,beta,33,3335234,0.39,0.0,02_dnn/01_dataset_gen/raw_outputs/18_beta_cell_90_dataset/raw_datasets/cell_beta_0p39_p_0p00/dataset_033_seed_3335234/dataset.npz,02_dnn/01_dataset_gen/raw_outputs/18_beta_cell_90_dataset/raw_datasets/cell_beta_0p39_p_0p00/dataset_033_seed_3335234/dataset_meta.json
cell_beta_0p39_p_0p00,beta,34,3435234,0.39,0.0,02_dnn/01_dataset_gen/raw_outputs/18_beta_cell_90_dataset/raw_datasets/cell_beta_0p39_p_0p00/dataset_034_seed_3435234/dataset.npz,02_dnn/01_dataset_gen/raw_outputs/18_beta_cell_90_dataset/raw_datasets/cell_beta_0p39_p_0p00/dataset_034_seed_3435234/dataset_meta.json
cell_beta_0p39_p_0p00,beta,35,3535234,0.39,0.0,02_dnn/01_dataset_gen/raw_outputs/18_beta_cell_90_dataset/raw_datasets/cell_beta_0p39_p_0p00/dataset_035_seed_3535234/dataset.npz,02_dnn/01_dataset_gen/raw_outputs/18_beta_cell_90_dataset/raw_datasets/cell_beta_0p39_p_0p00/dataset_035_seed_3535234/dataset_meta.json
cell_beta_0p39_p_0p00,beta,36,3635234,0.39,0.0,02_dnn/01_dataset_gen/raw_outputs/18_beta_cell_90_dataset/raw_datasets/cell_beta_0p39_p_0p00/dataset_036_seed_3635234/dataset.npz,02_dnn/01_dataset_gen/raw_outputs/18_beta_cell_90_dataset/raw_datasets/cell_beta_0p39_p_0p00/dataset_036_seed_3635234/dataset_meta.json
cell_beta_0p39_p_0p00,beta,37,3735234,0.39,0.0,02_dnn/01_dataset_gen/raw_outputs/18_beta_cell_90_dataset/raw_datasets/cell_beta_0p39_p_0p00/dataset_037_seed_3735234/dataset.npz,02_dnn/01_dataset_gen/raw_outputs/18_beta_cell_90_dataset/raw_datasets/cell_beta_0p39_p_0p00/dataset_037_seed_3735234/dataset_meta.json
cell_beta_0p39_p_0p00,beta,38,3835234,0.39,0.0,02_dnn/01_dataset_gen/raw_outputs/18_beta_cell_90_dataset/raw_datasets/cell_beta_0p39_p_0p00/dataset_038_seed_3835234/dataset.npz,02_dnn/01_dataset_gen/raw_outputs/18_beta_cell_90_dataset/raw_datasets/cell_beta_0p39_p_0p00/dataset_038_seed_3835234/dataset_meta.json
cell_beta_0p39_p_0p00,beta,39,3935234,0.39,0.0,02_dnn/01_dataset_gen/raw_outputs/18_beta_cell_90_dataset/raw_datasets/cell_beta_0p39_p_0p00/dataset_039_seed_3935234/dataset.npz,02_dnn/01_dataset_gen/raw_outputs/18_beta_cell_90_dataset/raw_datasets/cell_beta_0p39_p_0p00/dataset_039_seed_3935234/dataset_meta.json
cell_beta_0p39_p_0p00,beta,40,4035234,0.39,0.0,02_dnn/01_dataset_gen/raw_outputs/18_beta_cell_90_dataset/raw_datasets/cell_beta_0p39_p_0p00/dataset_040_seed_4035234/dataset.npz,02_dnn/01_dataset_gen/raw_outputs/18_beta_cell_90_dataset/raw_datasets/cell_beta_0p39_p_0p00/dataset_040_seed_4035234/dataset_meta.json
cell_beta_0p39_p_0p00,beta,41,4135234,0.39,0.0,02_dnn/01_dataset_gen/raw_outputs/18_beta_cell_90_dataset/raw_datasets/cell_beta_0p39_p_0p00/dataset_041_seed_4135234/dataset.npz,02_dnn/01_dataset_gen/raw_outputs/18_beta_cell_90_dataset/raw_datasets/cell_beta_0p39_p_0p00/dataset_041_seed_4135234/dataset_meta.json
cell_beta_0p39_p_0p00,beta,42,4235234,0.39,0.0,02_dnn/01_dataset_gen/raw_outputs/18_beta_cell_90_dataset/raw_datasets/cell_beta_0p39_p_0p00/dataset_042_seed_4235234/dataset.npz,02_dnn/01_dataset_gen/raw_outputs/18_beta_cell_90_dataset/raw_datasets/cell_beta_0p39_p_0p00/dataset_042_seed_4235234/dataset_meta.json
cell_beta_0p39_p_0p00,beta,43,4335234,0.39,0.0,02_dnn/01_dataset_gen/raw_outputs/18_beta_cell_90_dataset/raw_datasets/cell_beta_0p39_p_0p00/dataset_043_seed_4335234/dataset.npz,02_dnn/01_dataset_gen/raw_outputs/18_beta_cell_90_dataset/raw_datasets/cell_beta_0p39_p_0p00/dataset_043_seed_4335234/dataset_meta.json
cell_beta_0p39_p_0p00,beta,44,4435234,0.39,0.0,02_dnn/01_dataset_gen/raw_outputs/18_beta_cell_90_dataset/raw_datasets/cell_beta_0p39_p_0p00/dataset_044_seed_4435234/dataset.npz,02_dnn/01_dataset_gen/raw_outputs/18_beta_cell_90_dataset/raw_datasets/cell_beta_0p39_p_0p00/dataset_044_seed_4435234/dataset_meta.json
cell_beta_0p39_p_0p00,beta,45,4535234,0.39,0.0,02_dnn/01_dataset_gen/raw_outputs/18_beta_cell_90_dataset/raw_datasets/cell_beta_0p39_p_0p00/dataset_045_seed_4535234/dataset.npz,02_dnn/01_dataset_gen/raw_outputs/18_beta_cell_90_dataset/raw_datasets/cell_beta_0p39_p_0p00/dataset_045_seed_4535234/dataset_meta.json
cell_beta_0p39_p_0p00,beta,46,4635234,0.39,0.0,02_dnn/01_dataset_gen/raw_outputs/18_beta_cell_90_dataset/raw_datasets/cell_beta_0p39_p_0p00/dataset_046_seed_4635234/dataset.npz,02_dnn/01_dataset_gen/raw_outputs/18_beta_cell_90_dataset/raw_datasets/cell_beta_0p39_p_0p00/dataset_046_seed_4635234/dataset_meta.json
cell_beta_0p39_p_0p00,beta,47,4735234,0.39,0.0,02_dnn/01_dataset_gen/raw_outputs/18_beta_cell_90_dataset/raw_datasets/cell_beta_0p39_p_0p00/dataset_047_seed_4735234/dataset.npz,02_dnn/01_dataset_gen/raw_outputs/18_beta_cell_90_dataset/raw_datasets/cell_beta_0p39_p_0p00/dataset_047_seed_4735234/dataset_meta.json
cell_beta_0p39_p_0p00,beta,48,4835234,0.39,0.0,02_dnn/01_dataset_gen/raw_outputs/18_beta_cell_90_dataset/raw_datasets/cell_beta_0p39_p_0p00/dataset_048_seed_4835234/dataset.npz,02_dnn/01_dataset_gen/raw_outputs/18_beta_cell_90_dataset/raw_datasets/cell_beta_0p39_p_0p00/dataset_048_seed_4835234/dataset_meta.json
cell_beta_0p39_p_0p00,beta,49,4935234,0.39,0.0,02_dnn/01_dataset_gen/raw_outputs/18_beta_cell_90_dataset/raw_datasets/cell_beta_0p39_p_0p00/dataset_049_seed_4935234/dataset.npz,02_dnn/01_dataset_gen/raw_outputs/18_beta_cell_90_dataset/raw_datasets/cell_beta_0p39_p_0p00/dataset_049_seed_4935234/dataset_meta.json
cell_beta_0p39_p_0p00,beta,50,5035234,0.39,0.0,02_dnn/01_dataset_gen/raw_outputs/18_beta_cell_90_dataset/raw_datasets/cell_beta_0p39_p_0p00/dataset_050_seed_5035234/dataset.npz,02_dnn/01_dataset_gen/raw_outputs/18_beta_cell_90_dataset/raw_datasets/cell_beta_0p39_p_0p00/dataset_050_seed_5035234/dataset_meta.json
cell_beta_0p39_p_0p00,beta,51,5135234,0.39,0.0,02_dnn/01_dataset_gen/raw_outputs/18_beta_cell_90_dataset/raw_datasets/cell_beta_0p39_p_0p00/dataset_051_seed_5135234/dataset.npz,02_dnn/01_dataset_gen/raw_outputs/18_beta_cell_90_dataset/raw_datasets/cell_beta_0p39_p_0p00/dataset_051_seed_5135234/dataset_meta.json
cell_beta_0p39_p_0p00,beta,52,5235234,0.39,0.0,02_dnn/01_dataset_gen/raw_outputs/18_beta_cell_90_dataset/raw_datasets/cell_beta_0p39_p_0p00/dataset_052_seed_5235234/dataset.npz,02_dnn/01_dataset_gen/raw_outputs/18_beta_cell_90_dataset/raw_datasets/cell_beta_0p39_p_0p00/dataset_052_seed_5235234/dataset_meta.json
cell_beta_0p39_p_0p00,beta,53,5335234,0.39,0.0,02_dnn/01_dataset_gen/raw_outputs/18_beta_cell_90_dataset/raw_datasets/cell_beta_0p39_p_0p00/dataset_053_seed_5335234/dataset.npz,02_dnn/01_dataset_gen/raw_outputs/18_beta_cell_90_dataset/raw_datasets/cell_beta_0p39_p_0p00/dataset_053_seed_5335234/dataset_meta.json
cell_beta_0p39_p_0p00,beta,54,5435234,0.39,0.0,02_dnn/01_dataset_gen/raw_outputs/18_beta_cell_90_dataset/raw_datasets/cell_beta_0p39_p_0p00/dataset_054_seed_5435234/dataset.npz,02_dnn/01_dataset_gen/raw_outputs/18_beta_cell_90_dataset/raw_datasets/cell_beta_0p39_p_0p00/dataset_054_seed_5435234/dataset_meta.json
cell_beta_0p39_p_0p00,beta,55,5535234,0.39,0.0,02_dnn/01_dataset_gen/raw_outputs/18_beta_cell_90_dataset/raw_datasets/cell_beta_0p39_p_0p00/dataset_055_seed_5535234/dataset.npz,02_dnn/01_dataset_gen/raw_outputs/18_beta_cell_90_dataset/raw_datasets/cell_beta_0p39_p_0p00/dataset_055_seed_5535234/dataset_meta.json
cell_beta_0p39_p_0p00,beta,56,5635234,0.39,0.0,02_dnn/01_dataset_gen/raw_outputs/18_beta_cell_90_dataset/raw_datasets/cell_beta_0p39_p_0p00/dataset_056_seed_5635234/dataset.npz,02_dnn/01_dataset_gen/raw_outputs/18_beta_cell_90_dataset/raw_datasets/cell_beta_0p39_p_0p00/dataset_056_seed_5635234/dataset_meta.json
cell_beta_0p39_p_0p00,beta,57,5735234,0.39,0.0,02_dnn/01_dataset_gen/raw_outputs/18_beta_cell_90_dataset/raw_datasets/cell_beta_0p39_p_0p00/dataset_057_seed_5735234/dataset.npz,02_dnn/01_dataset_gen/raw_outputs/18_beta_cell_90_dataset/raw_datasets/cell_beta_0p39_p_0p00/dataset_057_seed_5735234/dataset_meta.json
cell_beta_0p39_p_0p00,beta,58,5835234,0.39,0.0,02_dnn/01_dataset_gen/raw_outputs/18_beta_cell_90_dataset/raw_datasets/cell_beta_0p39_p_0p00/dataset_058_seed_5835234/dataset.npz,02_dnn/01_dataset_gen/raw_outputs/18_beta_cell_90_dataset/raw_datasets/cell_beta_0p39_p_0p00/dataset_058_seed_5835234/dataset_meta.json
cell_beta_0p39_p_0p00,beta,59,5935234,0.39,0.0,02_dnn/01_dataset_gen/raw_outputs/18_beta_cell_90_dataset/raw_datasets/cell_beta_0p39_p_0p00/dataset_059_seed_5935234/dataset.npz,02_dnn/01_dataset_gen/raw_outputs/18_beta_cell_90_dataset/raw_datasets/cell_beta_0p39_p_0p00/dataset_059_seed_5935234/dataset_meta.json
cell_beta_0p39_p_0p00,beta,60,6035234,0.39,0.0,02_dnn/01_dataset_gen/raw_outputs/18_beta_cell_90_dataset/raw_datasets/cell_beta_0p39_p_0p00/dataset_060_seed_6035234/dataset.npz,02_dnn/01_dataset_gen/raw_outputs/18_beta_cell_90_dataset/raw_datasets/cell_beta_0p39_p_0p00/dataset_060_seed_6035234/dataset_meta.json
cell_beta_0p39_p_0p00,beta,61,6135234,0.39,0.0,02_dnn/01_dataset_gen/raw_outputs/18_beta_cell_90_dataset/raw_datasets/cell_beta_0p39_p_0p00/dataset_061_seed_6135234/dataset.npz,02_dnn/01_dataset_gen/raw_outputs/18_beta_cell_90_dataset/raw_datasets/cell_beta_0p39_p_0p00/dataset_061_seed_6135234/dataset_meta.json
cell_beta_0p39_p_0p00,beta,62,6235234,0.39,0.0,02_dnn/01_dataset_gen/raw_outputs/18_beta_cell_90_dataset/raw_datasets/cell_beta_0p39_p_0p00/dataset_062_seed_6235234/dataset.npz,02_dnn/01_dataset_gen/raw_outputs/18_beta_cell_90_dataset/raw_datasets/cell_beta_0p39_p_0p00/dataset_062_seed_6235234/dataset_meta.json
cell_beta_0p39_p_0p00,beta,63,6335234,0.39,0.0,02_dnn/01_dataset_gen/raw_outputs/18_beta_cell_90_dataset/raw_datasets/cell_beta_0p39_p_0p00/dataset_063_seed_6335234/dataset.npz,02_dnn/01_dataset_gen/raw_outputs/18_beta_cell_90_dataset/raw_datasets/cell_beta_0p39_p_0p00/dataset_063_seed_6335234/dataset_meta.json
cell_beta_0p39_p_0p00,beta,64,6435234,0.39,0.0,02_dnn/01_dataset_gen/raw_outputs/18_beta_cell_90_dataset/raw_datasets/cell_beta_0p39_p_0p00/dataset_064_seed_6435234/dataset.npz,02_dnn/01_dataset_gen/raw_outputs/18_beta_cell_90_dataset/raw_datasets/cell_beta_0p39_p_0p00/dataset_064_seed_6435234/dataset_meta.json
cell_beta_0p39_p_0p00,beta,65,6535234,0.39,0.0,02_dnn/01_dataset_gen/raw_outputs/18_beta_cell_90_dataset/raw_datasets/cell_beta_0p39_p_0p00/dataset_065_seed_6535234/dataset.npz,02_dnn/01_dataset_gen/raw_outputs/18_beta_cell_90_dataset/raw_datasets/cell_beta_0p39_p_0p00/dataset_065_seed_6535234/dataset_meta.json
cell_beta_0p39_p_0p00,beta,66,6635234,0.39,0.0,02_dnn/01_dataset_gen/raw_outputs/18_beta_cell_90_dataset/raw_datasets/cell_beta_0p39_p_0p00/dataset_066_seed_6635234/dataset.npz,02_dnn/01_dataset_gen/raw_outputs/18_beta_cell_90_dataset/raw_datasets/cell_beta_0p39_p_0p00/dataset_066_seed_6635234/dataset_meta.json
cell_beta_0p39_p_0p00,beta,67,6735234,0.39,0.0,02_dnn/01_dataset_gen/raw_outputs/18_beta_cell_90_dataset/raw_datasets/cell_beta_0p39_p_0p00/dataset_067_seed_6735234/dataset.npz,02_dnn/01_dataset_gen/raw_outputs/18_beta_cell_90_dataset/raw_datasets/cell_beta_0p39_p_0p00/dataset_067_seed_6735234/dataset_meta.json
cell_beta_0p39_p_0p00,beta,68,6835234,0.39,0.0,02_dnn/01_dataset_gen/raw_outputs/18_beta_cell_90_dataset/raw_datasets/cell_beta_0p39_p_0p00/dataset_068_seed_6835234/dataset.npz,02_dnn/01_dataset_gen/raw_outputs/18_beta_cell_90_dataset/raw_datasets/cell_beta_0p39_p_0p00/dataset_068_seed_6835234/dataset_meta.json
cell_beta_0p39_p_0p00,beta,69,6935234,0.39,0.0,02_dnn/01_dataset_gen/raw_outputs/18_beta_cell_90_dataset/raw_datasets/cell_beta_0p39_p_0p00/dataset_069_seed_6935234/dataset.npz,02_dnn/01_dataset_gen/raw_outputs/18_beta_cell_90_dataset/raw_datasets/cell_beta_0p39_p_0p00/dataset_069_seed_6935234/dataset_meta.json
cell_beta_0p39_p_0p00,beta,70,7035234,0.39,0.0,02_dnn/01_dataset_gen/raw_outputs/18_beta_cell_90_dataset/raw_datasets/cell_beta_0p39_p_0p00/dataset_070_seed_7035234/dataset.npz,02_dnn/01_dataset_gen/raw_outputs/18_beta_cell_90_dataset/raw_datasets/cell_beta_0p39_p_0p00/dataset_070_seed_7035234/dataset_meta.json
cell_beta_0p39_p_0p00,beta,71,7135234,0.39,0.0,02_dnn/01_dataset_gen/raw_outputs/18_beta_cell_90_dataset/raw_datasets/cell_beta_0p39_p_0p00/dataset_071_seed_7135234/dataset.npz,02_dnn/01_dataset_gen/raw_outputs/18_beta_cell_90_dataset/raw_datasets/cell_beta_0p39_p_0p00/dataset_071_seed_7135234/dataset_meta.json
cell_beta_0p39_p_0p00,beta,72,7235234,0.39,0.0,02_dnn/01_dataset_gen/raw_outputs/18_beta_cell_90_dataset/raw_datasets/cell_beta_0p39_p_0p00/dataset_072_seed_7235234/dataset.npz,02_dnn/01_dataset_gen/raw_outputs/18_beta_cell_90_dataset/raw_datasets/cell_beta_0p39_p_0p00/dataset_072_seed_7235234/dataset_meta.json
cell_beta_0p39_p_0p00,beta,73,7335234,0.39,0.0,02_dnn/01_dataset_gen/raw_outputs/18_beta_cell_90_dataset/raw_datasets/cell_beta_0p39_p_0p00/dataset_073_seed_7335234/dataset.npz,02_dnn/01_dataset_gen/raw_outputs/18_beta_cell_90_dataset/raw_datasets/cell_beta_0p39_p_0p00/dataset_073_seed_7335234/dataset_meta.json
cell_beta_0p39_p_0p00,beta,74,7435234,0.39,0.0,02_dnn/01_dataset_gen/raw_outputs/18_beta_cell_90_dataset/raw_datasets/cell_beta_0p39_p_0p00/dataset_074_seed_7435234/dataset.npz,02_dnn/01_dataset_gen/raw_outputs/18_beta_cell_90_dataset/raw_datasets/cell_beta_0p39_p_0p00/dataset_074_seed_7435234/dataset_meta.json
cell_beta_0p39_p_0p00,beta,75,7535234,0.39,0.0,02_dnn/01_dataset_gen/raw_outputs/18_beta_cell_90_dataset/raw_datasets/cell_beta_0p39_p_0p00/dataset_075_seed_7535234/dataset.npz,02_dnn/01_dataset_gen/raw_outputs/18_beta_cell_90_dataset/raw_datasets/cell_beta_0p39_p_0p00/dataset_075_seed_7535234/dataset_meta.json
cell_beta_0p39_p_0p00,beta,76,7635234,0.39,0.0,02_dnn/01_dataset_gen/raw_outputs/18_beta_cell_90_dataset/raw_datasets/cell_beta_0p39_p_0p00/dataset_076_seed_7635234/dataset.npz,02_dnn/01_dataset_gen/raw_outputs/18_beta_cell_90_dataset/raw_datasets/cell_beta_0p39_p_0p00/dataset_076_seed_7635234/dataset_meta.json
cell_beta_0p39_p_0p00,beta,77,7735234,0.39,0.0,02_dnn/01_dataset_gen/raw_outputs/18_beta_cell_90_dataset/raw_datasets/cell_beta_0p39_p_0p00/dataset_077_seed_7735234/dataset.npz,02_dnn/01_dataset_gen/raw_outputs/18_beta_cell_90_dataset/raw_datasets/cell_beta_0p39_p_0p00/dataset_077_seed_7735234/dataset_meta.json
cell_beta_0p39_p_0p00,beta,78,7835234,0.39,0.0,02_dnn/01_dataset_gen/raw_outputs/18_beta_cell_90_dataset/raw_datasets/cell_beta_0p39_p_0p00/dataset_078_seed_7835234/dataset.npz,02_dnn/01_dataset_gen/raw_outputs/18_beta_cell_90_dataset/raw_datasets/cell_beta_0p39_p_0p00/dataset_078_seed_7835234/dataset_meta.json
cell_beta_0p39_p_0p00,beta,79,7935234,0.39,0.0,02_dnn/01_dataset_gen/raw_outputs/18_beta_cell_90_dataset/raw_datasets/cell_beta_0p39_p_0p00/dataset_079_seed_7935234/dataset.npz,02_dnn/01_dataset_gen/raw_outputs/18_beta_cell_90_dataset/raw_datasets/cell_beta_0p39_p_0p00/dataset_079_seed_7935234/dataset_meta.json
cell_beta_0p39_p_0p00,beta,80,8035234,0.39,0.0,02_dnn/01_dataset_gen/raw_outputs/18_beta_cell_90_dataset/raw_datasets/cell_beta_0p39_p_0p00/dataset_080_seed_8035234/dataset.npz,02_dnn/01_dataset_gen/raw_outputs/18_beta_cell_90_dataset/raw_datasets/cell_beta_0p39_p_0p00/dataset_080_seed_8035234/dataset_meta.json
cell_beta_0p39_p_0p00,beta,81,8135234,0.39,0.0,02_dnn/01_dataset_gen/raw_outputs/18_beta_cell_90_dataset/raw_datasets/cell_beta_0p39_p_0p00/dataset_081_seed_8135234/dataset.npz,02_dnn/01_dataset_gen/raw_outputs/18_beta_cell_90_dataset/raw_datasets/cell_beta_0p39_p_0p00/dataset_081_seed_8135234/dataset_meta.json
cell_beta_0p39_p_0p00,beta,82,8235234,0.39,0.0,02_dnn/01_dataset_gen/raw_outputs/18_beta_cell_90_dataset/raw_datasets/cell_beta_0p39_p_0p00/dataset_082_seed_8235234/dataset.npz,02_dnn/01_dataset_gen/raw_outputs/18_beta_cell_90_dataset/raw_datasets/cell_beta_0p39_p_0p00/dataset_082_seed_8235234/dataset_meta.json
cell_beta_0p39_p_0p00,beta,83,8335234,0.39,0.0,02_dnn/01_dataset_gen/raw_outputs/18_beta_cell_90_dataset/raw_datasets/cell_beta_0p39_p_0p00/dataset_083_seed_8335234/dataset.npz,02_dnn/01_dataset_gen/raw_outputs/18_beta_cell_90_dataset/raw_datasets/cell_beta_0p39_p_0p00/dataset_083_seed_8335234/dataset_meta.json
cell_beta_0p39_p_0p00,beta,84,8435234,0.39,0.0,02_dnn/01_dataset_gen/raw_outputs/18_beta_cell_90_dataset/raw_datasets/cell_beta_0p39_p_0p00/dataset_084_seed_8435234/dataset.npz,02_dnn/01_dataset_gen/raw_outputs/18_beta_cell_90_dataset/raw_datasets/cell_beta_0p39_p_0p00/dataset_084_seed_8435234/dataset_meta.json
cell_beta_0p39_p_0p00,beta,85,8535234,0.39,0.0,02_dnn/01_dataset_gen/raw_outputs/18_beta_cell_90_dataset/raw_datasets/cell_beta_0p39_p_0p00/dataset_085_seed_8535234/dataset.npz,02_dnn/01_dataset_gen/raw_outputs/18_beta_cell_90_dataset/raw_datasets/cell_beta_0p39_p_0p00/dataset_085_seed_8535234/dataset_meta.json
cell_beta_0p39_p_0p00,beta,86,8635234,0.39,0.0,02_dnn/01_dataset_gen/raw_outputs/18_beta_cell_90_dataset/raw_datasets/cell_beta_0p39_p_0p00/dataset_086_seed_8635234/dataset.npz,02_dnn/01_dataset_gen/raw_outputs/18_beta_cell_90_dataset/raw_datasets/cell_beta_0p39_p_0p00/dataset_086_seed_8635234/dataset_meta.json
cell_beta_0p39_p_0p00,beta,87,8735234,0.39,0.0,02_dnn/01_dataset_gen/raw_outputs/18_beta_cell_90_dataset/raw_datasets/cell_beta_0p39_p_0p00/dataset_087_seed_8735234/dataset.npz,02_dnn/01_dataset_gen/raw_outputs/18_beta_cell_90_dataset/raw_datasets/cell_beta_0p39_p_0p00/dataset_087_seed_8735234/dataset_meta.json
cell_beta_0p39_p_0p00,beta,88,8835234,0.39,0.0,02_dnn/01_dataset_gen/raw_outputs/18_beta_cell_90_dataset/raw_datasets/cell_beta_0p39_p_0p00/dataset_088_seed_8835234/dataset.npz,02_dnn/01_dataset_gen/raw_outputs/18_beta_cell_90_dataset/raw_datasets/cell_beta_0p39_p_0p00/dataset_088_seed_8835234/dataset_meta.json
cell_beta_0p39_p_0p00,beta,89,8935234,0.39,0.0,02_dnn/01_dataset_gen/raw_outputs/18_beta_cell_90_dataset/raw_datasets/cell_beta_0p39_p_0p00/dataset_089_seed_8935234/dataset.npz,02_dnn/01_dataset_gen/raw_outputs/18_beta_cell_90_dataset/raw_datasets/cell_beta_0p39_p_0p00/dataset_089_seed_8935234/dataset_meta.json
