beta,radius,sample_row_count,ref_count,dataset_count,claim,acceptance
0.05,0.01,1800,1800,60,pass,pass
0.05,0.02,1800,1800,60,pass,pass
0.05,0.03,1800,1800,60,pass,pass
0.05,0.04,1800,1800,60,pass,pass
0.05,0.05,1800,1800,60,pass,pass
0.05,0.06,1800,1800,60,pass,pass
0.05,0.07,1800,1800,60,pass,pass
0.05,0.08,1800,1800,60,pass,pass
0.05,0.09,1800,1800,60,pass,pass
0.05,0.1,1800,1800,60,pass,pass
0.05,0.11,1800,1800,60,pass,pass
0.05,0.12,1800,1800,60,pass,pass
0.05,0.13,1800,1800,60,pass,pass
0.05,0.14,1800,1800,60,pass,pass
0.05,0.15,1800,1800,60,pass,pass
0.05,0.16,1800,1800,60,pass,pass
0.05,0.17,1800,1800,60,pass,pass
0.05,0.18,1800,1800,60,pass,pass
0.05,0.19,1800,1800,60,pass,pass
0.05,0.2,1800,1800,60,pass,pass
0.05,0.21,1800,1800,60,pass,pass
0.05,0.22,1800,1800,60,pass,pass
0.05,0.23,1800,1800,60,pass,pass
0.05,0.24,1800,1800,60,pass,pass
0.05,0.25,1800,1800,60,pass,pass
0.05,0.26,1800,1800,60,pass,pass
0.05,0.27,1800,1800,60,pass,pass
0.05,0.28,1800,1800,60,pass,pass
0.05,0.29,1800,1800,60,pass,pass
0.05,0.3,1800,1800,60,pass,pass
0.05,0.31,1800,1800,60,pass,pass
0.05,0.32,1800,1800,60,pass,pass
0.05,0.33,1800,1800,60,pass,pass
0.05,0.34,1800,1800,60,pass,pass
0.05,0.35,1800,1800,60,pass,pass
0.05,0.36,1800,1800,60,pass,pass
0.05,0.37,1800,1800,60,pass,pass
0.05,0.38,1800,1800,60,pass,pass
0.05,0.39,1800,1800,60,pass,pass
0.05,0.4,1800,1800,60,pass,pass
0.05,0.41,1800,1800,60,pass,pass
0.05,0.42,1800,1800,60,pass,pass
0.05,0.43,1800,1800,60,pass,pass
0.05,0.44,1800,1800,60,pass,pass
0.05,0.45,1800,1800,60,pass,pass
0.05,0.46,1800,1800,60,pass,pass
0.05,0.47,1800,1800,60,pass,pass
0.05,0.48,1800,1800,60,pass,pass
0.05,0.49,1800,1800,60,pass,pass
0.05,0.5,1800,1800,60,pass,pass
0.05,0.51,1800,1800,60,pass,pass
0.05,0.52,1800,1800,60,pass,pass
0.05,0.53,1800,1800,60,pass,pass
0.05,0.54,1800,1800,60,pass,pass
0.05,0.55,1800,1800,60,pass,pass
0.05,0.56,1800,1800,60,pass,pass
0.05,0.57,1800,1800,60,pass,pass
0.05,0.58,1800,1800,60,pass,pass
0.05,0.59,1800,1800,60,pass,pass
0.05,0.6,1800,1800,60,pass,pass
0.05,0.61,1800,1800,60,pass,pass
0.05,0.62,1800,1800,60,pass,pass
0.05,0.63,1800,1800,60,pass,pass
0.05,0.64,1800,1800,60,pass,pass
0.05,0.65,1800,1800,60,pass,pass
0.05,0.66,1800,1800,60,pass,pass
0.05,0.67,1800,1800,60,pass,pass
0.05,0.68,1800,1800,60,pass,pass
0.05,0.69,1800,1800,60,pass,pass
0.05,0.7,1800,1800,60,pass,pass
0.05,0.71,1800,1800,60,pass,pass
0.05,0.72,1800,1800,60,pass,pass
0.05,0.73,1800,1800,60,pass,pass
0.05,0.74,1800,1800,60,pass,pass
0.05,0.75,1800,1800,60,pass,pass
0.05,0.76,1800,1800,60,pass,pass
0.05,0.77,1800,1800,60,pass,pass
0.05,0.78,1800,1800,60,pass,pass
0.05,0.79,1800,1800,60,pass,pass
0.05,0.8,1800,1800,60,pass,pass
0.05,0.81,1800,1800,60,pass,pass
0.05,0.82,1800,1800,60,pass,pass
0.05,0.83,1800,1800,60,pass,pass
0.05,0.84,1800,1800,60,pass,pass
0.05,0.85,1800,1800,60,pass,pass
0.05,0.86,1800,1800,60,pass,pass
0.05,0.87,1800,1800,60,pass,pass
0.05,0.88,1800,1800,60,pass,pass
0.05,0.89,1800,1800,60,pass,pass
0.05,0.9,1800,1800,60,pass,pass
0.05,0.91,1800,1800,60,pass,pass
0.05,0.92,1800,1800,60,pass,pass
0.05,0.93,1800,1800,60,pass,pass
0.05,0.94,1800,1800,60,pass,pass
0.05,0.95,1800,1800,60,pass,pass
0.05,0.96,1800,1800,60,pass,pass
0.05,0.97,1800,1800,60,pass,pass
0.05,0.98,1800,1800,60,pass,pass
0.05,0.99,1800,1800,60,pass,pass
0.05,1.0,1800,1800,60,pass,pass
0.05,1.01,1800,1800,60,pass,pass
0.05,1.02,1800,1800,60,pass,pass
0.05,1.03,1800,1800,60,pass,pass
0.05,1.04,1800,1800,60,pass,pass
0.05,1.05,1800,1800,60,pass,pass
0.05,1.06,1800,1800,60,pass,pass
0.05,1.07,1800,1800,60,pass,pass
0.05,1.08,1800,1800,60,pass,pass
0.05,1.09,1800,1800,60,pass,pass
0.05,1.1,1800,1800,60,pass,pass
0.05,1.11,1800,1800,60,pass,pass
0.05,1.12,1800,1800,60,pass,pass
0.05,1.13,1800,1800,60,pass,pass
0.05,1.14,1800,1800,60,pass,pass
0.05,1.15,1800,1800,60,pass,pass
0.05,1.16,1800,1800,60,pass,pass
0.05,1.17,1800,1800,60,pass,pass
0.05,1.18,1800,1800,60,pass,pass
0.05,1.19,1800,1800,60,pass,pass
0.05,1.2,1800,1800,60,pass,pass
0.05,1.21,1800,1800,60,pass,pass
0.05,1.22,1800,1800,60,pass,pass
0.05,1.23,1800,1800,60,pass,pass
0.05,1.24,1800,1800,60,pass,pass
0.05,1.25,1800,1800,60,pass,pass
0.05,1.26,1800,1800,60,pass,pass
0.05,1.27,1800,1800,60,pass,pass
0.05,1.28,1800,1800,60,pass,pass
0.05,1.29,1800,1800,60,pass,pass
0.05,1.3,1800,1800,60,pass,pass
0.05,1.31,1800,1800,60,pass,pass
0.05,1.32,1800,1800,60,pass,pass
0.05,1.33,1800,1800,60,pass,pass
0.05,1.34,1800,1800,60,pass,pass
0.05,1.35,1800,1800,60,pass,pass
0.05,1.36,1800,1800,60,pass,pass
0.05,1.37,1800,1800,60,pass,pass
0.05,1.38,1800,1800,60,pass,pass
0.05,1.39,1800,1800,60,pass,pass
0.05,1.4,1800,1800,60,pass,pass
0.05,1.41,1800,1800,60,pass,pass
0.05,1.42,1800,1800,60,pass,pass
0.05,1.43,1800,1800,60,pass,pass
0.05,1.44,1800,1800,60,pass,pass
0.05,1.45,1800,1800,60,pass,pass
0.05,1.46,1800,1800,60,pass,pass
0.05,1.47,1800,1800,60,pass,pass
0.05,1.48,1800,1800,60,pass,pass
0.05,1.49,1800,1800,60,pass,pass
0.05,1.5,1800,1800,60,pass,pass
0.05,1.51,1800,1800,60,pass,pass
0.05,1.52,1800,1800,60,pass,pass
0.05,1.53,1800,1800,60,pass,pass
0.05,1.54,1800,1800,60,pass,pass
0.05,1.55,1800,1800,60,pass,pass
0.05,1.56,1800,1800,60,pass,pass
0.05,1.57,1800,1800,60,pass,pass
0.05,1.58,1800,1800,60,pass,pass
0.05,1.59,1800,1800,60,pass,pass
0.05,1.6,1800,1800,60,pass,pass
0.05,1.61,1800,1800,60,pass,pass
0.05,1.62,1800,1800,60,pass,pass
0.05,1.63,1800,1800,60,pass,pass
0.05,1.64,1800,1800,60,pass,pass
0.05,1.65,1800,1800,60,pass,pass
0.05,1.66,1800,1800,60,pass,pass
0.05,1.67,1800,1800,60,pass,pass
0.05,1.68,1800,1800,60,pass,pass
0.05,1.69,1800,1800,60,pass,pass
0.05,1.7,1800,1800,60,pass,pass
0.05,1.71,1800,1800,60,pass,pass
0.05,1.72,1800,1800,60,pass,pass
0.05,1.73,1800,1800,60,pass,pass
0.05,1.74,1800,1800,60,pass,pass
0.05,1.75,1800,1800,60,pass,pass
0.05,1.76,1800,1800,60,pass,pass
0.05,1.77,1800,1800,60,pass,pass
0.05,1.78,1800,1800,60,pass,pass
0.05,1.79,1800,1800,60,pass,pass
0.05,1.8,1800,1800,60,pass,pass
0.05,1.81,1800,1800,60,pass,pass
0.05,1.82,1800,1800,60,pass,pass
0.05,1.83,1800,1800,60,pass,pass
0.05,1.84,1800,1800,60,pass,pass
0.05,1.85,1800,1800,60,pass,pass
0.05,1.86,1800,1800,60,pass,pass
0.05,1.87,1800,1800,60,pass,pass
0.05,1.88,1800,1800,60,pass,pass
0.05,1.89,1800,1800,60,pass,pass
0.05,1.9,1800,1800,60,pass,pass
0.05,1.91,1800,1800,60,pass,pass
0.05,1.92,1800,1800,60,pass,pass
0.05,1.93,1800,1800,60,pass,pass
0.05,1.94,1800,1800,60,pass,pass
0.05,1.95,1800,1800,60,pass,pass
0.05,1.96,1800,1800,60,pass,pass
0.05,1.97,1800,1800,60,pass,pass
0.05,1.98,1800,1800,60,pass,pass
0.05,1.99,1800,1800,60,pass,pass
0.05,2.0,1800,1800,60,pass,pass
0.05,2.01,1800,1800,60,pass,pass
0.05,2.02,1800,1800,60,pass,pass
0.05,2.03,1800,1800,60,pass,pass
0.05,2.04,1800,1800,60,pass,pass
0.05,2.05,1800,1800,60,pass,pass
0.05,2.06,1800,1800,60,pass,pass
0.05,2.07,1800,1800,60,pass,pass
0.05,2.08,1800,1800,60,pass,pass
0.05,2.09,1800,1800,60,pass,pass
0.05,2.1,1800,1800,60,pass,pass
0.05,2.11,1800,1800,60,pass,pass
0.05,2.12,1800,1800,60,pass,pass
0.05,2.13,1800,1800,60,pass,pass
0.05,2.14,1800,1800,60,pass,pass
0.05,2.15,1800,1800,60,pass,pass
0.05,2.16,1800,1800,60,pass,pass
0.05,2.17,1800,1800,60,pass,pass
0.05,2.18,1800,1800,60,pass,pass
0.05,2.19,1800,1800,60,pass,pass
0.05,2.2,1800,1800,60,pass,pass
0.05,2.21,1800,1800,60,pass,pass
0.05,2.22,1800,1800,60,pass,pass
0.05,2.23,1800,1800,60,pass,pass
0.05,2.24,1800,1800,60,pass,pass
0.05,2.25,1800,1800,60,pass,pass
0.05,2.26,1800,1800,60,pass,pass
0.05,2.27,1800,1800,60,pass,pass
0.05,2.28,1800,1800,60,pass,pass
0.05,2.29,1800,1800,60,pass,pass
0.05,2.3,1800,1800,60,pass,pass
0.05,2.31,1800,1800,60,pass,pass
0.05,2.32,1800,1800,60,pass,pass
0.05,2.33,1800,1800,60,pass,pass
0.05,2.34,1800,1800,60,pass,pass
0.05,2.35,1800,1800,60,pass,pass
0.05,2.36,1800,1800,60,pass,pass
0.05,2.37,1800,1800,60,pass,pass
0.05,2.38,1800,1800,60,pass,pass
0.05,2.39,1800,1800,60,pass,pass
0.05,2.4,1800,1800,60,pass,pass
0.05,2.41,1800,1800,60,pass,pass
0.05,2.42,1800,1800,60,pass,pass
0.05,2.43,1800,1800,60,pass,pass
0.05,2.44,1800,1800,60,pass,pass
0.05,2.45,1800,1800,60,pass,pass
0.05,2.46,1800,1800,60,pass,pass
0.05,2.47,1800,1800,60,pass,pass
0.05,2.48,1800,1800,60,pass,pass
0.05,2.49,1800,1800,60,pass,pass
0.05,2.5,1800,1800,60,pass,pass
0.07,0.01,1800,1800,60,pass,pass
0.07,0.02,1800,1800,60,pass,pass
0.07,0.03,1800,1800,60,pass,pass
0.07,0.04,1800,1800,60,pass,pass
0.07,0.05,1800,1800,60,pass,pass
0.07,0.06,1800,1800,60,pass,pass
0.07,0.07,1800,1800,60,pass,pass
0.07,0.08,1800,1800,60,pass,pass
0.07,0.09,1800,1800,60,pass,pass
0.07,0.1,1800,1800,60,pass,pass
0.07,0.11,1800,1800,60,pass,pass
0.07,0.12,1800,1800,60,pass,pass
0.07,0.13,1800,1800,60,pass,pass
0.07,0.14,1800,1800,60,pass,pass
0.07,0.15,1800,1800,60,pass,pass
0.07,0.16,1800,1800,60,pass,pass
0.07,0.17,1800,1800,60,pass,pass
0.07,0.18,1800,1800,60,pass,pass
0.07,0.19,1800,1800,60,pass,pass
0.07,0.2,1800,1800,60,pass,pass
0.07,0.21,1800,1800,60,pass,pass
0.07,0.22,1800,1800,60,pass,pass
0.07,0.23,1800,1800,60,pass,pass
0.07,0.24,1800,1800,60,pass,pass
0.07,0.25,1800,1800,60,pass,pass
0.07,0.26,1800,1800,60,pass,pass
0.07,0.27,1800,1800,60,pass,pass
0.07,0.28,1800,1800,60,pass,pass
0.07,0.29,1800,1800,60,pass,pass
0.07,0.3,1800,1800,60,pass,pass
0.07,0.31,1800,1800,60,pass,pass
0.07,0.32,1800,1800,60,pass,pass
0.07,0.33,1800,1800,60,pass,pass
0.07,0.34,1800,1800,60,pass,pass
0.07,0.35,1800,1800,60,pass,pass
0.07,0.36,1800,1800,60,pass,pass
0.07,0.37,1800,1800,60,pass,pass
0.07,0.38,1800,1800,60,pass,pass
0.07,0.39,1800,1800,60,pass,pass
0.07,0.4,1800,1800,60,pass,pass
0.07,0.41,1800,1800,60,pass,pass
0.07,0.42,1800,1800,60,pass,pass
0.07,0.43,1800,1800,60,pass,pass
0.07,0.44,1800,1800,60,pass,pass
0.07,0.45,1800,1800,60,pass,pass
0.07,0.46,1800,1800,60,pass,pass
0.07,0.47,1800,1800,60,pass,pass
0.07,0.48,1800,1800,60,pass,pass
0.07,0.49,1800,1800,60,pass,pass
0.07,0.5,1800,1800,60,pass,pass
0.07,0.51,1800,1800,60,pass,pass
0.07,0.52,1800,1800,60,pass,pass
0.07,0.53,1800,1800,60,pass,pass
0.07,0.54,1800,1800,60,pass,pass
0.07,0.55,1800,1800,60,pass,pass
0.07,0.56,1800,1800,60,pass,pass
0.07,0.57,1800,1800,60,pass,pass
0.07,0.58,1800,1800,60,pass,pass
0.07,0.59,1800,1800,60,pass,pass
0.07,0.6,1800,1800,60,pass,pass
0.07,0.61,1800,1800,60,pass,pass
0.07,0.62,1800,1800,60,pass,pass
0.07,0.63,1800,1800,60,pass,pass
0.07,0.64,1800,1800,60,pass,pass
0.07,0.65,1800,1800,60,pass,pass
0.07,0.66,1800,1800,60,pass,pass
0.07,0.67,1800,1800,60,pass,pass
0.07,0.68,1800,1800,60,pass,pass
0.07,0.69,1800,1800,60,pass,pass
0.07,0.7,1800,1800,60,pass,pass
0.07,0.71,1800,1800,60,pass,pass
0.07,0.72,1800,1800,60,pass,pass
0.07,0.73,1800,1800,60,pass,pass
0.07,0.74,1800,1800,60,pass,pass
0.07,0.75,1800,1800,60,pass,pass
0.07,0.76,1800,1800,60,pass,pass
0.07,0.77,1800,1800,60,pass,pass
0.07,0.78,1800,1800,60,pass,pass
0.07,0.79,1800,1800,60,pass,pass
0.07,0.8,1800,1800,60,pass,pass
0.07,0.81,1800,1800,60,pass,pass
0.07,0.82,1800,1800,60,pass,pass
0.07,0.83,1800,1800,60,pass,pass
0.07,0.84,1800,1800,60,pass,pass
0.07,0.85,1800,1800,60,pass,pass
0.07,0.86,1800,1800,60,pass,pass
0.07,0.87,1800,1800,60,pass,pass
0.07,0.88,1800,1800,60,pass,pass
0.07,0.89,1800,1800,60,pass,pass
0.07,0.9,1800,1800,60,pass,pass
0.07,0.91,1800,1800,60,pass,pass
0.07,0.92,1800,1800,60,pass,pass
0.07,0.93,1800,1800,60,pass,pass
0.07,0.94,1800,1800,60,pass,pass
0.07,0.95,1800,1800,60,pass,pass
0.07,0.96,1800,1800,60,pass,pass
0.07,0.97,1800,1800,60,pass,pass
0.07,0.98,1800,1800,60,pass,pass
0.07,0.99,1800,1800,60,pass,pass
0.07,1.0,1800,1800,60,pass,pass
0.07,1.01,1800,1800,60,pass,pass
0.07,1.02,1800,1800,60,pass,pass
0.07,1.03,1800,1800,60,pass,pass
0.07,1.04,1800,1800,60,pass,pass
0.07,1.05,1800,1800,60,pass,pass
0.07,1.06,1800,1800,60,pass,pass
0.07,1.07,1800,1800,60,pass,pass
0.07,1.08,1800,1800,60,pass,pass
0.07,1.09,1800,1800,60,pass,pass
0.07,1.1,1800,1800,60,pass,pass
0.07,1.11,1800,1800,60,pass,pass
0.07,1.12,1800,1800,60,pass,pass
0.07,1.13,1800,1800,60,pass,pass
0.07,1.14,1800,1800,60,pass,pass
0.07,1.15,1800,1800,60,pass,pass
0.07,1.16,1800,1800,60,pass,pass
0.07,1.17,1800,1800,60,pass,pass
0.07,1.18,1800,1800,60,pass,pass
0.07,1.19,1800,1800,60,pass,pass
0.07,1.2,1800,1800,60,pass,pass
0.07,1.21,1800,1800,60,pass,pass
0.07,1.22,1800,1800,60,pass,pass
0.07,1.23,1800,1800,60,pass,pass
0.07,1.24,1800,1800,60,pass,pass
0.07,1.25,1800,1800,60,pass,pass
0.07,1.26,1800,1800,60,pass,pass
0.07,1.27,1800,1800,60,pass,pass
0.07,1.28,1800,1800,60,pass,pass
0.07,1.29,1800,1800,60,pass,pass
0.07,1.3,1800,1800,60,pass,pass
0.07,1.31,1800,1800,60,pass,pass
0.07,1.32,1800,1800,60,pass,pass
0.07,1.33,1800,1800,60,pass,pass
0.07,1.34,1800,1800,60,pass,pass
0.07,1.35,1800,1800,60,pass,pass
0.07,1.36,1800,1800,60,pass,pass
0.07,1.37,1800,1800,60,pass,pass
0.07,1.38,1800,1800,60,pass,pass
0.07,1.39,1800,1800,60,pass,pass
0.07,1.4,1800,1800,60,pass,pass
0.07,1.41,1800,1800,60,pass,pass
0.07,1.42,1800,1800,60,pass,pass
0.07,1.43,1800,1800,60,pass,pass
0.07,1.44,1800,1800,60,pass,pass
0.07,1.45,1800,1800,60,pass,pass
0.07,1.46,1800,1800,60,pass,pass
0.07,1.47,1800,1800,60,pass,pass
0.07,1.48,1800,1800,60,pass,pass
0.07,1.49,1800,1800,60,pass,pass
0.07,1.5,1800,1800,60,pass,pass
0.07,1.51,1800,1800,60,pass,pass
0.07,1.52,1800,1800,60,pass,pass
0.07,1.53,1800,1800,60,pass,pass
0.07,1.54,1800,1800,60,pass,pass
0.07,1.55,1800,1800,60,pass,pass
0.07,1.56,1800,1800,60,pass,pass
0.07,1.57,1800,1800,60,pass,pass
0.07,1.58,1800,1800,60,pass,pass
0.07,1.59,1800,1800,60,pass,pass
0.07,1.6,1800,1800,60,pass,pass
0.07,1.61,1800,1800,60,pass,pass
0.07,1.62,1800,1800,60,pass,pass
0.07,1.63,1800,1800,60,pass,pass
0.07,1.64,1800,1800,60,pass,pass
0.07,1.65,1800,1800,60,pass,pass
0.07,1.66,1800,1800,60,pass,pass
0.07,1.67,1800,1800,60,pass,pass
0.07,1.68,1800,1800,60,pass,pass
0.07,1.69,1800,1800,60,pass,pass
0.07,1.7,1800,1800,60,pass,pass
0.07,1.71,1800,1800,60,pass,pass
0.07,1.72,1800,1800,60,pass,pass
0.07,1.73,1800,1800,60,pass,pass
0.07,1.74,1800,1800,60,pass,pass
0.07,1.75,1800,1800,60,pass,pass
0.07,1.76,1800,1800,60,pass,pass
0.07,1.77,1800,1800,60,pass,pass
0.07,1.78,1800,1800,60,pass,pass
0.07,1.79,1800,1800,60,pass,pass
0.07,1.8,1800,1800,60,pass,pass
0.07,1.81,1800,1800,60,pass,pass
0.07,1.82,1800,1800,60,pass,pass
0.07,1.83,1800,1800,60,pass,pass
0.07,1.84,1800,1800,60,pass,pass
0.07,1.85,1800,1800,60,pass,pass
0.07,1.86,1800,1800,60,pass,pass
0.07,1.87,1800,1800,60,pass,pass
0.07,1.88,1800,1800,60,pass,pass
0.07,1.89,1800,1800,60,pass,pass
0.07,1.9,1800,1800,60,pass,pass
0.07,1.91,1800,1800,60,pass,pass
0.07,1.92,1800,1800,60,pass,pass
0.07,1.93,1800,1800,60,pass,pass
0.07,1.94,1800,1800,60,pass,pass
0.07,1.95,1800,1800,60,pass,pass
0.07,1.96,1800,1800,60,pass,pass
0.07,1.97,1800,1800,60,pass,pass
0.07,1.98,1800,1800,60,pass,pass
0.07,1.99,1800,1800,60,pass,pass
0.07,2.0,1800,1800,60,pass,pass
0.07,2.01,1800,1800,60,pass,pass
0.07,2.02,1800,1800,60,pass,pass
0.07,2.03,1800,1800,60,pass,pass
0.07,2.04,1800,1800,60,pass,pass
0.07,2.05,1800,1800,60,pass,pass
0.07,2.06,1800,1800,60,pass,pass
0.07,2.07,1800,1800,60,pass,pass
0.07,2.08,1800,1800,60,pass,pass
0.07,2.09,1800,1800,60,pass,pass
0.07,2.1,1800,1800,60,pass,pass
0.07,2.11,1800,1800,60,pass,pass
0.07,2.12,1800,1800,60,pass,pass
0.07,2.13,1800,1800,60,pass,pass
0.07,2.14,1800,1800,60,pass,pass
0.07,2.15,1800,1800,60,pass,pass
0.07,2.16,1800,1800,60,pass,pass
0.07,2.17,1800,1800,60,pass,pass
0.07,2.18,1800,1800,60,pass,pass
0.07,2.19,1800,1800,60,pass,pass
0.07,2.2,1800,1800,60,pass,pass
0.07,2.21,1800,1800,60,pass,pass
0.07,2.22,1800,1800,60,pass,pass
0.07,2.23,1800,1800,60,pass,pass
0.07,2.24,1800,1800,60,pass,pass
0.07,2.25,1800,1800,60,pass,pass
0.07,2.26,1800,1800,60,pass,pass
0.07,2.27,1800,1800,60,pass,pass
0.07,2.28,1800,1800,60,pass,pass
0.07,2.29,1800,1800,60,pass,pass
0.07,2.3,1800,1800,60,pass,pass
0.07,2.31,1800,1800,60,pass,pass
0.07,2.32,1800,1800,60,pass,pass
0.07,2.33,1800,1800,60,pass,pass
0.07,2.34,1800,1800,60,pass,pass
0.07,2.35,1800,1800,60,pass,pass
0.07,2.36,1800,1800,60,pass,pass
0.07,2.37,1800,1800,60,pass,pass
0.07,2.38,1800,1800,60,pass,pass
0.07,2.39,1800,1800,60,pass,pass
0.07,2.4,1800,1800,60,pass,pass
0.07,2.41,1800,1800,60,pass,pass
0.07,2.42,1800,1800,60,pass,pass
0.07,2.43,1800,1800,60,pass,pass
0.07,2.44,1800,1800,60,pass,pass
0.07,2.45,1800,1800,60,pass,pass
0.07,2.46,1800,1800,60,pass,pass
0.07,2.47,1800,1800,60,pass,pass
0.07,2.48,1800,1800,60,pass,pass
0.07,2.49,1800,1800,60,pass,pass
0.07,2.5,1800,1800,60,pass,pass
0.09,0.01,1800,1800,60,pass,pass
0.09,0.02,1800,1800,60,pass,pass
0.09,0.03,1800,1800,60,pass,pass
0.09,0.04,1800,1800,60,pass,pass
0.09,0.05,1800,1800,60,pass,pass
0.09,0.06,1800,1800,60,pass,pass
0.09,0.07,1800,1800,60,pass,pass
0.09,0.08,1800,1800,60,pass,pass
0.09,0.09,1800,1800,60,pass,pass
0.09,0.1,1800,1800,60,pass,pass
0.09,0.11,1800,1800,60,pass,pass
0.09,0.12,1800,1800,60,pass,pass
0.09,0.13,1800,1800,60,pass,pass
0.09,0.14,1800,1800,60,pass,pass
0.09,0.15,1800,1800,60,pass,pass
0.09,0.16,1800,1800,60,pass,pass
0.09,0.17,1800,1800,60,pass,pass
0.09,0.18,1800,1800,60,pass,pass
0.09,0.19,1800,1800,60,pass,pass
0.09,0.2,1800,1800,60,pass,pass
0.09,0.21,1800,1800,60,pass,pass
0.09,0.22,1800,1800,60,pass,pass
0.09,0.23,1800,1800,60,pass,pass
0.09,0.24,1800,1800,60,pass,pass
0.09,0.25,1800,1800,60,pass,pass
0.09,0.26,1800,1800,60,pass,pass
0.09,0.27,1800,1800,60,pass,pass
0.09,0.28,1800,1800,60,pass,pass
0.09,0.29,1800,1800,60,pass,pass
0.09,0.3,1800,1800,60,pass,pass
0.09,0.31,1800,1800,60,pass,pass
0.09,0.32,1800,1800,60,pass,pass
0.09,0.33,1800,1800,60,pass,pass
0.09,0.34,1800,1800,60,pass,pass
0.09,0.35,1800,1800,60,pass,pass
0.09,0.36,1800,1800,60,pass,pass
0.09,0.37,1800,1800,60,pass,pass
0.09,0.38,1800,1800,60,pass,pass
0.09,0.39,1800,1800,60,pass,pass
0.09,0.4,1800,1800,60,pass,pass
0.09,0.41,1800,1800,60,pass,pass
0.09,0.42,1800,1800,60,pass,pass
0.09,0.43,1800,1800,60,pass,pass
0.09,0.44,1800,1800,60,pass,pass
0.09,0.45,1800,1800,60,pass,pass
0.09,0.46,1800,1800,60,pass,pass
0.09,0.47,1800,1800,60,pass,pass
0.09,0.48,1800,1800,60,pass,pass
0.09,0.49,1800,1800,60,pass,pass
0.09,0.5,1800,1800,60,pass,pass
0.09,0.51,1800,1800,60,pass,pass
0.09,0.52,1800,1800,60,pass,pass
0.09,0.53,1800,1800,60,pass,pass
0.09,0.54,1800,1800,60,pass,pass
0.09,0.55,1800,1800,60,pass,pass
0.09,0.56,1800,1800,60,pass,pass
0.09,0.57,1800,1800,60,pass,pass
0.09,0.58,1800,1800,60,pass,pass
0.09,0.59,1800,1800,60,pass,pass
0.09,0.6,1800,1800,60,pass,pass
0.09,0.61,1800,1800,60,pass,pass
0.09,0.62,1800,1800,60,pass,pass
0.09,0.63,1800,1800,60,pass,pass
0.09,0.64,1800,1800,60,pass,pass
0.09,0.65,1800,1800,60,pass,pass
0.09,0.66,1800,1800,60,pass,pass
0.09,0.67,1800,1800,60,pass,pass
0.09,0.68,1800,1800,60,pass,pass
0.09,0.69,1800,1800,60,pass,pass
0.09,0.7,1800,1800,60,pass,pass
0.09,0.71,1800,1800,60,pass,pass
0.09,0.72,1800,1800,60,pass,pass
0.09,0.73,1800,1800,60,pass,pass
0.09,0.74,1800,1800,60,pass,pass
0.09,0.75,1800,1800,60,pass,pass
0.09,0.76,1800,1800,60,pass,pass
0.09,0.77,1800,1800,60,pass,pass
0.09,0.78,1800,1800,60,pass,pass
0.09,0.79,1800,1800,60,pass,pass
0.09,0.8,1800,1800,60,pass,pass
0.09,0.81,1800,1800,60,pass,pass
0.09,0.82,1800,1800,60,pass,pass
0.09,0.83,1800,1800,60,pass,pass
0.09,0.84,1800,1800,60,pass,pass
0.09,0.85,1800,1800,60,pass,pass
0.09,0.86,1800,1800,60,pass,pass
0.09,0.87,1800,1800,60,pass,pass
0.09,0.88,1800,1800,60,pass,pass
0.09,0.89,1800,1800,60,pass,pass
0.09,0.9,1800,1800,60,pass,pass
0.09,0.91,1800,1800,60,pass,pass
0.09,0.92,1800,1800,60,pass,pass
0.09,0.93,1800,1800,60,pass,pass
0.09,0.94,1800,1800,60,pass,pass
0.09,0.95,1800,1800,60,pass,pass
0.09,0.96,1800,1800,60,pass,pass
0.09,0.97,1800,1800,60,pass,pass
0.09,0.98,1800,1800,60,pass,pass
0.09,0.99,1800,1800,60,pass,pass
0.09,1.0,1800,1800,60,pass,pass
0.09,1.01,1800,1800,60,pass,pass
0.09,1.02,1800,1800,60,pass,pass
0.09,1.03,1800,1800,60,pass,pass
0.09,1.04,1800,1800,60,pass,pass
0.09,1.05,1800,1800,60,pass,pass
0.09,1.06,1800,1800,60,pass,pass
0.09,1.07,1800,1800,60,pass,pass
0.09,1.08,1800,1800,60,pass,pass
0.09,1.09,1800,1800,60,pass,pass
0.09,1.1,1800,1800,60,pass,pass
0.09,1.11,1800,1800,60,pass,pass
0.09,1.12,1800,1800,60,pass,pass
0.09,1.13,1800,1800,60,pass,pass
0.09,1.14,1800,1800,60,pass,pass
0.09,1.15,1800,1800,60,pass,pass
0.09,1.16,1800,1800,60,pass,pass
0.09,1.17,1800,1800,60,pass,pass
0.09,1.18,1800,1800,60,pass,pass
0.09,1.19,1800,1800,60,pass,pass
0.09,1.2,1800,1800,60,pass,pass
0.09,1.21,1800,1800,60,pass,pass
0.09,1.22,1800,1800,60,pass,pass
0.09,1.23,1800,1800,60,pass,pass
0.09,1.24,1800,1800,60,pass,pass
0.09,1.25,1800,1800,60,pass,pass
0.09,1.26,1800,1800,60,pass,pass
0.09,1.27,1800,1800,60,pass,pass
0.09,1.28,1800,1800,60,pass,pass
0.09,1.29,1800,1800,60,pass,pass
0.09,1.3,1800,1800,60,pass,pass
0.09,1.31,1800,1800,60,pass,pass
0.09,1.32,1800,1800,60,pass,pass
0.09,1.33,1800,1800,60,pass,pass
0.09,1.34,1800,1800,60,pass,pass
0.09,1.35,1800,1800,60,pass,pass
0.09,1.36,1800,1800,60,pass,pass
0.09,1.37,1800,1800,60,pass,pass
0.09,1.38,1800,1800,60,pass,pass
0.09,1.39,1800,1800,60,pass,pass
0.09,1.4,1800,1800,60,pass,pass
0.09,1.41,1800,1800,60,pass,pass
0.09,1.42,1800,1800,60,pass,pass
0.09,1.43,1800,1800,60,pass,pass
0.09,1.44,1800,1800,60,pass,pass
0.09,1.45,1800,1800,60,pass,pass
0.09,1.46,1800,1800,60,pass,pass
0.09,1.47,1800,1800,60,pass,pass
0.09,1.48,1800,1800,60,pass,pass
0.09,1.49,1800,1800,60,pass,pass
0.09,1.5,1800,1800,60,pass,pass
0.09,1.51,1800,1800,60,pass,pass
0.09,1.52,1800,1800,60,pass,pass
0.09,1.53,1800,1800,60,pass,pass
0.09,1.54,1800,1800,60,pass,pass
0.09,1.55,1800,1800,60,pass,pass
0.09,1.56,1800,1800,60,pass,pass
0.09,1.57,1800,1800,60,pass,pass
0.09,1.58,1800,1800,60,pass,pass
0.09,1.59,1800,1800,60,pass,pass
0.09,1.6,1800,1800,60,pass,pass
0.09,1.61,1800,1800,60,pass,pass
0.09,1.62,1800,1800,60,pass,pass
0.09,1.63,1800,1800,60,pass,pass
0.09,1.64,1800,1800,60,pass,pass
0.09,1.65,1800,1800,60,pass,pass
0.09,1.66,1800,1800,60,pass,pass
0.09,1.67,1800,1800,60,pass,pass
0.09,1.68,1800,1800,60,pass,pass
0.09,1.69,1800,1800,60,pass,pass
0.09,1.7,1800,1800,60,pass,pass
0.09,1.71,1800,1800,60,pass,pass
0.09,1.72,1800,1800,60,pass,pass
0.09,1.73,1800,1800,60,pass,pass
0.09,1.74,1800,1800,60,pass,pass
0.09,1.75,1800,1800,60,pass,pass
0.09,1.76,1800,1800,60,pass,pass
0.09,1.77,1800,1800,60,pass,pass
0.09,1.78,1800,1800,60,pass,pass
0.09,1.79,1800,1800,60,pass,pass
0.09,1.8,1800,1800,60,pass,pass
0.09,1.81,1800,1800,60,pass,pass
0.09,1.82,1800,1800,60,pass,pass
0.09,1.83,1800,1800,60,pass,pass
0.09,1.84,1800,1800,60,pass,pass
0.09,1.85,1800,1800,60,pass,pass
0.09,1.86,1800,1800,60,pass,pass
0.09,1.87,1800,1800,60,pass,pass
0.09,1.88,1800,1800,60,pass,pass
0.09,1.89,1800,1800,60,pass,pass
0.09,1.9,1800,1800,60,pass,pass
0.09,1.91,1800,1800,60,pass,pass
0.09,1.92,1800,1800,60,pass,pass
0.09,1.93,1800,1800,60,pass,pass
0.09,1.94,1800,1800,60,pass,pass
0.09,1.95,1800,1800,60,pass,pass
0.09,1.96,1800,1800,60,pass,pass
0.09,1.97,1800,1800,60,pass,pass
0.09,1.98,1800,1800,60,pass,pass
0.09,1.99,1800,1800,60,pass,pass
0.09,2.0,1800,1800,60,pass,pass
0.09,2.01,1800,1800,60,pass,pass
0.09,2.02,1800,1800,60,pass,pass
0.09,2.03,1800,1800,60,pass,pass
0.09,2.04,1800,1800,60,pass,pass
0.09,2.05,1800,1800,60,pass,pass
0.09,2.06,1800,1800,60,pass,pass
0.09,2.07,1800,1800,60,pass,pass
0.09,2.08,1800,1800,60,pass,pass
0.09,2.09,1800,1800,60,pass,pass
0.09,2.1,1800,1800,60,pass,pass
0.09,2.11,1800,1800,60,pass,pass
0.09,2.12,1800,1800,60,pass,pass
0.09,2.13,1800,1800,60,pass,pass
0.09,2.14,1800,1800,60,pass,pass
0.09,2.15,1800,1800,60,pass,pass
0.09,2.16,1800,1800,60,pass,pass
0.09,2.17,1800,1800,60,pass,pass
0.09,2.18,1800,1800,60,pass,pass
0.09,2.19,1800,1800,60,pass,pass
0.09,2.2,1800,1800,60,pass,pass
0.09,2.21,1800,1800,60,pass,pass
0.09,2.22,1800,1800,60,pass,pass
0.09,2.23,1800,1800,60,pass,pass
0.09,2.24,1800,1800,60,pass,pass
0.09,2.25,1800,1800,60,pass,pass
0.09,2.26,1800,1800,60,pass,pass
0.09,2.27,1800,1800,60,pass,pass
0.09,2.28,1800,1800,60,pass,pass
0.09,2.29,1800,1800,60,pass,pass
0.09,2.3,1800,1800,60,pass,pass
0.09,2.31,1800,1800,60,pass,pass
0.09,2.32,1800,1800,60,pass,pass
0.09,2.33,1800,1800,60,pass,pass
0.09,2.34,1800,1800,60,pass,pass
0.09,2.35,1800,1800,60,pass,pass
0.09,2.36,1800,1800,60,pass,pass
0.09,2.37,1800,1800,60,pass,pass
0.09,2.38,1800,1800,60,pass,pass
0.09,2.39,1800,1800,60,pass,pass
0.09,2.4,1800,1800,60,pass,pass
0.09,2.41,1800,1800,60,pass,pass
0.09,2.42,1800,1800,60,pass,pass
0.09,2.43,1800,1800,60,pass,pass
0.09,2.44,1800,1800,60,pass,pass
0.09,2.45,1800,1800,60,pass,pass
0.09,2.46,1800,1800,60,pass,pass
0.09,2.47,1800,1800,60,pass,pass
0.09,2.48,1800,1800,60,pass,pass
0.09,2.49,1800,1800,60,pass,pass
0.09,2.5,1800,1800,60,pass,pass
0.11,0.01,1800,1800,60,pass,pass
0.11,0.02,1800,1800,60,pass,pass
0.11,0.03,1800,1800,60,pass,pass
0.11,0.04,1800,1800,60,pass,pass
0.11,0.05,1800,1800,60,pass,pass
0.11,0.06,1800,1800,60,pass,pass
0.11,0.07,1800,1800,60,pass,pass
0.11,0.08,1800,1800,60,pass,pass
0.11,0.09,1800,1800,60,pass,pass
0.11,0.1,1800,1800,60,pass,pass
0.11,0.11,1800,1800,60,pass,pass
0.11,0.12,1800,1800,60,pass,pass
0.11,0.13,1800,1800,60,pass,pass
0.11,0.14,1800,1800,60,pass,pass
0.11,0.15,1800,1800,60,pass,pass
0.11,0.16,1800,1800,60,pass,pass
0.11,0.17,1800,1800,60,pass,pass
0.11,0.18,1800,1800,60,pass,pass
0.11,0.19,1800,1800,60,pass,pass
0.11,0.2,1800,1800,60,pass,pass
0.11,0.21,1800,1800,60,pass,pass
0.11,0.22,1800,1800,60,pass,pass
0.11,0.23,1800,1800,60,pass,pass
0.11,0.24,1800,1800,60,pass,pass
0.11,0.25,1800,1800,60,pass,pass
0.11,0.26,1800,1800,60,pass,pass
0.11,0.27,1800,1800,60,pass,pass
0.11,0.28,1800,1800,60,pass,pass
0.11,0.29,1800,1800,60,pass,pass
0.11,0.3,1800,1800,60,pass,pass
0.11,0.31,1800,1800,60,pass,pass
0.11,0.32,1800,1800,60,pass,pass
0.11,0.33,1800,1800,60,pass,pass
0.11,0.34,1800,1800,60,pass,pass
0.11,0.35,1800,1800,60,pass,pass
0.11,0.36,1800,1800,60,pass,pass
0.11,0.37,1800,1800,60,pass,pass
0.11,0.38,1800,1800,60,pass,pass
0.11,0.39,1800,1800,60,pass,pass
0.11,0.4,1800,1800,60,pass,pass
0.11,0.41,1800,1800,60,pass,pass
0.11,0.42,1800,1800,60,pass,pass
0.11,0.43,1800,1800,60,pass,pass
0.11,0.44,1800,1800,60,pass,pass
0.11,0.45,1800,1800,60,pass,pass
0.11,0.46,1800,1800,60,pass,pass
0.11,0.47,1800,1800,60,pass,pass
0.11,0.48,1800,1800,60,pass,pass
0.11,0.49,1800,1800,60,pass,pass
0.11,0.5,1800,1800,60,pass,pass
0.11,0.51,1800,1800,60,pass,pass
0.11,0.52,1800,1800,60,pass,pass
0.11,0.53,1800,1800,60,pass,pass
0.11,0.54,1800,1800,60,pass,pass
0.11,0.55,1800,1800,60,pass,pass
0.11,0.56,1800,1800,60,pass,pass
0.11,0.57,1800,1800,60,pass,pass
0.11,0.58,1800,1800,60,pass,pass
0.11,0.59,1800,1800,60,pass,pass
0.11,0.6,1800,1800,60,pass,pass
0.11,0.61,1800,1800,60,pass,pass
0.11,0.62,1800,1800,60,pass,pass
0.11,0.63,1800,1800,60,pass,pass
0.11,0.64,1800,1800,60,pass,pass
0.11,0.65,1800,1800,60,pass,pass
0.11,0.66,1800,1800,60,pass,pass
0.11,0.67,1800,1800,60,pass,pass
0.11,0.68,1800,1800,60,pass,pass
0.11,0.69,1800,1800,60,pass,pass
0.11,0.7,1800,1800,60,pass,pass
0.11,0.71,1800,1800,60,pass,pass
0.11,0.72,1800,1800,60,pass,pass
0.11,0.73,1800,1800,60,pass,pass
0.11,0.74,1800,1800,60,pass,pass
0.11,0.75,1800,1800,60,pass,pass
0.11,0.76,1800,1800,60,pass,pass
0.11,0.77,1800,1800,60,pass,pass
0.11,0.78,1800,1800,60,pass,pass
0.11,0.79,1800,1800,60,pass,pass
0.11,0.8,1800,1800,60,pass,pass
0.11,0.81,1800,1800,60,pass,pass
0.11,0.82,1800,1800,60,pass,pass
0.11,0.83,1800,1800,60,pass,pass
0.11,0.84,1800,1800,60,pass,pass
0.11,0.85,1800,1800,60,pass,pass
0.11,0.86,1800,1800,60,pass,pass
0.11,0.87,1800,1800,60,pass,pass
0.11,0.88,1800,1800,60,pass,pass
0.11,0.89,1800,1800,60,pass,pass
0.11,0.9,1800,1800,60,pass,pass
0.11,0.91,1800,1800,60,pass,pass
0.11,0.92,1800,1800,60,pass,pass
0.11,0.93,1800,1800,60,pass,pass
0.11,0.94,1800,1800,60,pass,pass
0.11,0.95,1800,1800,60,pass,pass
0.11,0.96,1800,1800,60,pass,pass
0.11,0.97,1800,1800,60,pass,pass
0.11,0.98,1800,1800,60,pass,pass
0.11,0.99,1800,1800,60,pass,pass
0.11,1.0,1800,1800,60,pass,pass
0.11,1.01,1800,1800,60,pass,pass
0.11,1.02,1800,1800,60,pass,pass
0.11,1.03,1800,1800,60,pass,pass
0.11,1.04,1800,1800,60,pass,pass
0.11,1.05,1800,1800,60,pass,pass
0.11,1.06,1800,1800,60,pass,pass
0.11,1.07,1800,1800,60,pass,pass
0.11,1.08,1800,1800,60,pass,pass
0.11,1.09,1800,1800,60,pass,pass
0.11,1.1,1800,1800,60,pass,pass
0.11,1.11,1800,1800,60,pass,pass
0.11,1.12,1800,1800,60,pass,pass
0.11,1.13,1800,1800,60,pass,pass
0.11,1.14,1800,1800,60,pass,pass
0.11,1.15,1800,1800,60,pass,pass
0.11,1.16,1800,1800,60,pass,pass
0.11,1.17,1800,1800,60,pass,pass
0.11,1.18,1800,1800,60,pass,pass
0.11,1.19,1800,1800,60,pass,pass
0.11,1.2,1800,1800,60,pass,pass
0.11,1.21,1800,1800,60,pass,pass
0.11,1.22,1800,1800,60,pass,pass
0.11,1.23,1800,1800,60,pass,pass
0.11,1.24,1800,1800,60,pass,pass
0.11,1.25,1800,1800,60,pass,pass
0.11,1.26,1800,1800,60,pass,pass
0.11,1.27,1800,1800,60,pass,pass
0.11,1.28,1800,1800,60,pass,pass
0.11,1.29,1800,1800,60,pass,pass
0.11,1.3,1800,1800,60,pass,pass
0.11,1.31,1800,1800,60,pass,pass
0.11,1.32,1800,1800,60,pass,pass
0.11,1.33,1800,1800,60,pass,pass
0.11,1.34,1800,1800,60,pass,pass
0.11,1.35,1800,1800,60,pass,pass
0.11,1.36,1800,1800,60,pass,pass
0.11,1.37,1800,1800,60,pass,pass
0.11,1.38,1800,1800,60,pass,pass
0.11,1.39,1800,1800,60,pass,pass
0.11,1.4,1800,1800,60,pass,pass
0.11,1.41,1800,1800,60,pass,pass
0.11,1.42,1800,1800,60,pass,pass
0.11,1.43,1800,1800,60,pass,pass
0.11,1.44,1800,1800,60,pass,pass
0.11,1.45,1800,1800,60,pass,pass
0.11,1.46,1800,1800,60,pass,pass
0.11,1.47,1800,1800,60,pass,pass
0.11,1.48,1800,1800,60,pass,pass
0.11,1.49,1800,1800,60,pass,pass
0.11,1.5,1800,1800,60,pass,pass
0.11,1.51,1800,1800,60,pass,pass
0.11,1.52,1800,1800,60,pass,pass
0.11,1.53,1800,1800,60,pass,pass
0.11,1.54,1800,1800,60,pass,pass
0.11,1.55,1800,1800,60,pass,pass
0.11,1.56,1800,1800,60,pass,pass
0.11,1.57,1800,1800,60,pass,pass
0.11,1.58,1800,1800,60,pass,pass
0.11,1.59,1800,1800,60,pass,pass
0.11,1.6,1800,1800,60,pass,pass
0.11,1.61,1800,1800,60,pass,pass
0.11,1.62,1800,1800,60,pass,pass
0.11,1.63,1800,1800,60,pass,pass
0.11,1.64,1800,1800,60,pass,pass
0.11,1.65,1800,1800,60,pass,pass
0.11,1.66,1800,1800,60,pass,pass
0.11,1.67,1800,1800,60,pass,pass
0.11,1.68,1800,1800,60,pass,pass
0.11,1.69,1800,1800,60,pass,pass
0.11,1.7,1800,1800,60,pass,pass
0.11,1.71,1800,1800,60,pass,pass
0.11,1.72,1800,1800,60,pass,pass
0.11,1.73,1800,1800,60,pass,pass
0.11,1.74,1800,1800,60,pass,pass
0.11,1.75,1800,1800,60,pass,pass
0.11,1.76,1800,1800,60,pass,pass
0.11,1.77,1800,1800,60,pass,pass
0.11,1.78,1800,1800,60,pass,pass
0.11,1.79,1800,1800,60,pass,pass
0.11,1.8,1800,1800,60,pass,pass
0.11,1.81,1800,1800,60,pass,pass
0.11,1.82,1800,1800,60,pass,pass
0.11,1.83,1800,1800,60,pass,pass
0.11,1.84,1800,1800,60,pass,pass
0.11,1.85,1800,1800,60,pass,pass
0.11,1.86,1800,1800,60,pass,pass
0.11,1.87,1800,1800,60,pass,pass
0.11,1.88,1800,1800,60,pass,pass
0.11,1.89,1800,1800,60,pass,pass
0.11,1.9,1800,1800,60,pass,pass
0.11,1.91,1800,1800,60,pass,pass
0.11,1.92,1800,1800,60,pass,pass
0.11,1.93,1800,1800,60,pass,pass
0.11,1.94,1800,1800,60,pass,pass
0.11,1.95,1800,1800,60,pass,pass
0.11,1.96,1800,1800,60,pass,pass
0.11,1.97,1800,1800,60,pass,pass
0.11,1.98,1800,1800,60,pass,pass
0.11,1.99,1800,1800,60,pass,pass
0.11,2.0,1800,1800,60,pass,pass
0.11,2.01,1800,1800,60,pass,pass
0.11,2.02,1800,1800,60,pass,pass
0.11,2.03,1800,1800,60,pass,pass
0.11,2.04,1800,1800,60,pass,pass
0.11,2.05,1800,1800,60,pass,pass
0.11,2.06,1800,1800,60,pass,pass
0.11,2.07,1800,1800,60,pass,pass
0.11,2.08,1800,1800,60,pass,pass
0.11,2.09,1800,1800,60,pass,pass
0.11,2.1,1800,1800,60,pass,pass
0.11,2.11,1800,1800,60,pass,pass
0.11,2.12,1800,1800,60,pass,pass
0.11,2.13,1800,1800,60,pass,pass
0.11,2.14,1800,1800,60,pass,pass
0.11,2.15,1800,1800,60,pass,pass
0.11,2.16,1800,1800,60,pass,pass
0.11,2.17,1800,1800,60,pass,pass
0.11,2.18,1800,1800,60,pass,pass
0.11,2.19,1800,1800,60,pass,pass
0.11,2.2,1800,1800,60,pass,pass
0.11,2.21,1800,1800,60,pass,pass
0.11,2.22,1800,1800,60,pass,pass
0.11,2.23,1800,1800,60,pass,pass
0.11,2.24,1800,1800,60,pass,pass
0.11,2.25,1800,1800,60,pass,pass
0.11,2.26,1800,1800,60,pass,pass
0.11,2.27,1800,1800,60,pass,pass
0.11,2.28,1800,1800,60,pass,pass
0.11,2.29,1800,1800,60,pass,pass
0.11,2.3,1800,1800,60,pass,pass
0.11,2.31,1800,1800,60,pass,pass
0.11,2.32,1800,1800,60,pass,pass
0.11,2.33,1800,1800,60,pass,pass
0.11,2.34,1800,1800,60,pass,pass
0.11,2.35,1800,1800,60,pass,pass
0.11,2.36,1800,1800,60,pass,pass
0.11,2.37,1800,1800,60,pass,pass
0.11,2.38,1800,1800,60,pass,pass
0.11,2.39,1800,1800,60,pass,pass
0.11,2.4,1800,1800,60,pass,pass
0.11,2.41,1800,1800,60,pass,pass
0.11,2.42,1800,1800,60,pass,pass
0.11,2.43,1800,1800,60,pass,pass
0.11,2.44,1800,1800,60,pass,pass
0.11,2.45,1800,1800,60,pass,pass
0.11,2.46,1800,1800,60,pass,pass
0.11,2.47,1800,1800,60,pass,pass
0.11,2.48,1800,1800,60,pass,pass
0.11,2.49,1800,1800,60,pass,pass
0.11,2.5,1800,1800,60,pass,pass
0.13,0.01,1800,1800,60,pass,pass
0.13,0.02,1800,1800,60,pass,pass
0.13,0.03,1800,1800,60,pass,pass
0.13,0.04,1800,1800,60,pass,pass
0.13,0.05,1800,1800,60,pass,pass
0.13,0.06,1800,1800,60,pass,pass
0.13,0.07,1800,1800,60,pass,pass
0.13,0.08,1800,1800,60,pass,pass
0.13,0.09,1800,1800,60,pass,pass
0.13,0.1,1800,1800,60,pass,pass
0.13,0.11,1800,1800,60,pass,pass
0.13,0.12,1800,1800,60,pass,pass
0.13,0.13,1800,1800,60,pass,pass
0.13,0.14,1800,1800,60,pass,pass
0.13,0.15,1800,1800,60,pass,pass
0.13,0.16,1800,1800,60,pass,pass
0.13,0.17,1800,1800,60,pass,pass
0.13,0.18,1800,1800,60,pass,pass
0.13,0.19,1800,1800,60,pass,pass
0.13,0.2,1800,1800,60,pass,pass
0.13,0.21,1800,1800,60,pass,pass
0.13,0.22,1800,1800,60,pass,pass
0.13,0.23,1800,1800,60,pass,pass
0.13,0.24,1800,1800,60,pass,pass
0.13,0.25,1800,1800,60,pass,pass
0.13,0.26,1800,1800,60,pass,pass
0.13,0.27,1800,1800,60,pass,pass
0.13,0.28,1800,1800,60,pass,pass
0.13,0.29,1800,1800,60,pass,pass
0.13,0.3,1800,1800,60,pass,pass
0.13,0.31,1800,1800,60,pass,pass
0.13,0.32,1800,1800,60,pass,pass
0.13,0.33,1800,1800,60,pass,pass
0.13,0.34,1800,1800,60,pass,pass
0.13,0.35,1800,1800,60,pass,pass
0.13,0.36,1800,1800,60,pass,pass
0.13,0.37,1800,1800,60,pass,pass
0.13,0.38,1800,1800,60,pass,pass
0.13,0.39,1800,1800,60,pass,pass
0.13,0.4,1800,1800,60,pass,pass
0.13,0.41,1800,1800,60,pass,pass
0.13,0.42,1800,1800,60,pass,pass
0.13,0.43,1800,1800,60,pass,pass
0.13,0.44,1800,1800,60,pass,pass
0.13,0.45,1800,1800,60,pass,pass
0.13,0.46,1800,1800,60,pass,pass
0.13,0.47,1800,1800,60,pass,pass
0.13,0.48,1800,1800,60,pass,pass
0.13,0.49,1800,1800,60,pass,pass
0.13,0.5,1800,1800,60,pass,pass
0.13,0.51,1800,1800,60,pass,pass
0.13,0.52,1800,1800,60,pass,pass
0.13,0.53,1800,1800,60,pass,pass
0.13,0.54,1800,1800,60,pass,pass
0.13,0.55,1800,1800,60,pass,pass
0.13,0.56,1800,1800,60,pass,pass
0.13,0.57,1800,1800,60,pass,pass
0.13,0.58,1800,1800,60,pass,pass
0.13,0.59,1800,1800,60,pass,pass
0.13,0.6,1800,1800,60,pass,pass
0.13,0.61,1800,1800,60,pass,pass
0.13,0.62,1800,1800,60,pass,pass
0.13,0.63,1800,1800,60,pass,pass
0.13,0.64,1800,1800,60,pass,pass
0.13,0.65,1800,1800,60,pass,pass
0.13,0.66,1800,1800,60,pass,pass
0.13,0.67,1800,1800,60,pass,pass
0.13,0.68,1800,1800,60,pass,pass
0.13,0.69,1800,1800,60,pass,pass
0.13,0.7,1800,1800,60,pass,pass
0.13,0.71,1800,1800,60,pass,pass
0.13,0.72,1800,1800,60,pass,pass
0.13,0.73,1800,1800,60,pass,pass
0.13,0.74,1800,1800,60,pass,pass
0.13,0.75,1800,1800,60,pass,pass
0.13,0.76,1800,1800,60,pass,pass
0.13,0.77,1800,1800,60,pass,pass
0.13,0.78,1800,1800,60,pass,pass
0.13,0.79,1800,1800,60,pass,pass
0.13,0.8,1800,1800,60,pass,pass
0.13,0.81,1800,1800,60,pass,pass
0.13,0.82,1800,1800,60,pass,pass
0.13,0.83,1800,1800,60,pass,pass
0.13,0.84,1800,1800,60,pass,pass
0.13,0.85,1800,1800,60,pass,pass
0.13,0.86,1800,1800,60,pass,pass
0.13,0.87,1800,1800,60,pass,pass
0.13,0.88,1800,1800,60,pass,pass
0.13,0.89,1800,1800,60,pass,pass
0.13,0.9,1800,1800,60,pass,pass
0.13,0.91,1800,1800,60,pass,pass
0.13,0.92,1800,1800,60,pass,pass
0.13,0.93,1800,1800,60,pass,pass
0.13,0.94,1800,1800,60,pass,pass
0.13,0.95,1800,1800,60,pass,pass
0.13,0.96,1800,1800,60,pass,pass
0.13,0.97,1800,1800,60,pass,pass
0.13,0.98,1800,1800,60,pass,pass
0.13,0.99,1800,1800,60,pass,pass
0.13,1.0,1800,1800,60,pass,pass
0.13,1.01,1800,1800,60,pass,pass
0.13,1.02,1800,1800,60,pass,pass
0.13,1.03,1800,1800,60,pass,pass
0.13,1.04,1800,1800,60,pass,pass
0.13,1.05,1800,1800,60,pass,pass
0.13,1.06,1800,1800,60,pass,pass
0.13,1.07,1800,1800,60,pass,pass
0.13,1.08,1800,1800,60,pass,pass
0.13,1.09,1800,1800,60,pass,pass
0.13,1.1,1800,1800,60,pass,pass
0.13,1.11,1800,1800,60,pass,pass
0.13,1.12,1800,1800,60,pass,pass
0.13,1.13,1800,1800,60,pass,pass
0.13,1.14,1800,1800,60,pass,pass
0.13,1.15,1800,1800,60,pass,pass
0.13,1.16,1800,1800,60,pass,pass
0.13,1.17,1800,1800,60,pass,pass
0.13,1.18,1800,1800,60,pass,pass
0.13,1.19,1800,1800,60,pass,pass
0.13,1.2,1800,1800,60,pass,pass
0.13,1.21,1800,1800,60,pass,pass
0.13,1.22,1800,1800,60,pass,pass
0.13,1.23,1800,1800,60,pass,pass
0.13,1.24,1800,1800,60,pass,pass
0.13,1.25,1800,1800,60,pass,pass
0.13,1.26,1800,1800,60,pass,pass
0.13,1.27,1800,1800,60,pass,pass
0.13,1.28,1800,1800,60,pass,pass
0.13,1.29,1800,1800,60,pass,pass
0.13,1.3,1800,1800,60,pass,pass
0.13,1.31,1800,1800,60,pass,pass
0.13,1.32,1800,1800,60,pass,pass
0.13,1.33,1800,1800,60,pass,pass
0.13,1.34,1800,1800,60,pass,pass
0.13,1.35,1800,1800,60,pass,pass
0.13,1.36,1800,1800,60,pass,pass
0.13,1.37,1800,1800,60,pass,pass
0.13,1.38,1800,1800,60,pass,pass
0.13,1.39,1800,1800,60,pass,pass
0.13,1.4,1800,1800,60,pass,pass
0.13,1.41,1800,1800,60,pass,pass
0.13,1.42,1800,1800,60,pass,pass
0.13,1.43,1800,1800,60,pass,pass
0.13,1.44,1800,1800,60,pass,pass
0.13,1.45,1800,1800,60,pass,pass
0.13,1.46,1800,1800,60,pass,pass
0.13,1.47,1800,1800,60,pass,pass
0.13,1.48,1800,1800,60,pass,pass
0.13,1.49,1800,1800,60,pass,pass
0.13,1.5,1800,1800,60,pass,pass
0.13,1.51,1800,1800,60,pass,pass
0.13,1.52,1800,1800,60,pass,pass
0.13,1.53,1800,1800,60,pass,pass
0.13,1.54,1800,1800,60,pass,pass
0.13,1.55,1800,1800,60,pass,pass
0.13,1.56,1800,1800,60,pass,pass
0.13,1.57,1800,1800,60,pass,pass
0.13,1.58,1800,1800,60,pass,pass
0.13,1.59,1800,1800,60,pass,pass
0.13,1.6,1800,1800,60,pass,pass
0.13,1.61,1800,1800,60,pass,pass
0.13,1.62,1800,1800,60,pass,pass
0.13,1.63,1800,1800,60,pass,pass
0.13,1.64,1800,1800,60,pass,pass
0.13,1.65,1800,1800,60,pass,pass
0.13,1.66,1800,1800,60,pass,pass
0.13,1.67,1800,1800,60,pass,pass
0.13,1.68,1800,1800,60,pass,pass
0.13,1.69,1800,1800,60,pass,pass
0.13,1.7,1800,1800,60,pass,pass
0.13,1.71,1800,1800,60,pass,pass
0.13,1.72,1800,1800,60,pass,pass
0.13,1.73,1800,1800,60,pass,pass
0.13,1.74,1800,1800,60,pass,pass
0.13,1.75,1800,1800,60,pass,pass
0.13,1.76,1800,1800,60,pass,pass
0.13,1.77,1800,1800,60,pass,pass
0.13,1.78,1800,1800,60,pass,pass
0.13,1.79,1800,1800,60,pass,pass
0.13,1.8,1800,1800,60,pass,pass
0.13,1.81,1800,1800,60,pass,pass
0.13,1.82,1800,1800,60,pass,pass
0.13,1.83,1800,1800,60,pass,pass
0.13,1.84,1800,1800,60,pass,pass
0.13,1.85,1800,1800,60,pass,pass
0.13,1.86,1800,1800,60,pass,pass
0.13,1.87,1800,1800,60,pass,pass
0.13,1.88,1800,1800,60,pass,pass
0.13,1.89,1800,1800,60,pass,pass
0.13,1.9,1800,1800,60,pass,pass
0.13,1.91,1800,1800,60,pass,pass
0.13,1.92,1800,1800,60,pass,pass
0.13,1.93,1800,1800,60,pass,pass
0.13,1.94,1800,1800,60,pass,pass
0.13,1.95,1800,1800,60,pass,pass
0.13,1.96,1800,1800,60,pass,pass
0.13,1.97,1800,1800,60,pass,pass
0.13,1.98,1800,1800,60,pass,pass
0.13,1.99,1800,1800,60,pass,pass
0.13,2.0,1800,1800,60,pass,pass
0.13,2.01,1800,1800,60,pass,pass
0.13,2.02,1800,1800,60,pass,pass
0.13,2.03,1800,1800,60,pass,pass
0.13,2.04,1800,1800,60,pass,pass
0.13,2.05,1800,1800,60,pass,pass
0.13,2.06,1800,1800,60,pass,pass
0.13,2.07,1800,1800,60,pass,pass
0.13,2.08,1800,1800,60,pass,pass
0.13,2.09,1800,1800,60,pass,pass
0.13,2.1,1800,1800,60,pass,pass
0.13,2.11,1800,1800,60,pass,pass
0.13,2.12,1800,1800,60,pass,pass
0.13,2.13,1800,1800,60,pass,pass
0.13,2.14,1800,1800,60,pass,pass
0.13,2.15,1800,1800,60,pass,pass
0.13,2.16,1800,1800,60,pass,pass
0.13,2.17,1800,1800,60,pass,pass
0.13,2.18,1800,1800,60,pass,pass
0.13,2.19,1800,1800,60,pass,pass
0.13,2.2,1800,1800,60,pass,pass
0.13,2.21,1800,1800,60,pass,pass
0.13,2.22,1800,1800,60,pass,pass
0.13,2.23,1800,1800,60,pass,pass
0.13,2.24,1800,1800,60,pass,pass
0.13,2.25,1800,1800,60,pass,pass
0.13,2.26,1800,1800,60,pass,pass
0.13,2.27,1800,1800,60,pass,pass
0.13,2.28,1800,1800,60,pass,pass
0.13,2.29,1800,1800,60,pass,pass
0.13,2.3,1800,1800,60,pass,pass
0.13,2.31,1800,1800,60,pass,pass
0.13,2.32,1800,1800,60,pass,pass
0.13,2.33,1800,1800,60,pass,pass
0.13,2.34,1800,1800,60,pass,pass
0.13,2.35,1800,1800,60,pass,pass
0.13,2.36,1800,1800,60,pass,pass
0.13,2.37,1800,1800,60,pass,pass
0.13,2.38,1800,1800,60,pass,pass
0.13,2.39,1800,1800,60,pass,pass
0.13,2.4,1800,1800,60,pass,pass
0.13,2.41,1800,1800,60,pass,pass
0.13,2.42,1800,1800,60,pass,pass
0.13,2.43,1800,1800,60,pass,pass
0.13,2.44,1800,1800,60,pass,pass
0.13,2.45,1800,1800,60,pass,pass
0.13,2.46,1800,1800,60,pass,pass
0.13,2.47,1800,1800,60,pass,pass
0.13,2.48,1800,1800,60,pass,pass
0.13,2.49,1800,1800,60,pass,pass
0.13,2.5,1800,1800,60,pass,pass
0.15,0.01,1800,1800,60,pass,pass
0.15,0.02,1800,1800,60,pass,pass
0.15,0.03,1800,1800,60,pass,pass
0.15,0.04,1800,1800,60,pass,pass
0.15,0.05,1800,1800,60,pass,pass
0.15,0.06,1800,1800,60,pass,pass
0.15,0.07,1800,1800,60,pass,pass
0.15,0.08,1800,1800,60,pass,pass
0.15,0.09,1800,1800,60,pass,pass
0.15,0.1,1800,1800,60,pass,pass
0.15,0.11,1800,1800,60,pass,pass
0.15,0.12,1800,1800,60,pass,pass
0.15,0.13,1800,1800,60,pass,pass
0.15,0.14,1800,1800,60,pass,pass
0.15,0.15,1800,1800,60,pass,pass
0.15,0.16,1800,1800,60,pass,pass
0.15,0.17,1800,1800,60,pass,pass
0.15,0.18,1800,1800,60,pass,pass
0.15,0.19,1800,1800,60,pass,pass
0.15,0.2,1800,1800,60,pass,pass
0.15,0.21,1800,1800,60,pass,pass
0.15,0.22,1800,1800,60,pass,pass
0.15,0.23,1800,1800,60,pass,pass
0.15,0.24,1800,1800,60,pass,pass
0.15,0.25,1800,1800,60,pass,pass
0.15,0.26,1800,1800,60,pass,pass
0.15,0.27,1800,1800,60,pass,pass
0.15,0.28,1800,1800,60,pass,pass
0.15,0.29,1800,1800,60,pass,pass
0.15,0.3,1800,1800,60,pass,pass
0.15,0.31,1800,1800,60,pass,pass
0.15,0.32,1800,1800,60,pass,pass
0.15,0.33,1800,1800,60,pass,pass
0.15,0.34,1800,1800,60,pass,pass
0.15,0.35,1800,1800,60,pass,pass
0.15,0.36,1800,1800,60,pass,pass
0.15,0.37,1800,1800,60,pass,pass
0.15,0.38,1800,1800,60,pass,pass
0.15,0.39,1800,1800,60,pass,pass
0.15,0.4,1800,1800,60,pass,pass
0.15,0.41,1800,1800,60,pass,pass
0.15,0.42,1800,1800,60,pass,pass
0.15,0.43,1800,1800,60,pass,pass
0.15,0.44,1800,1800,60,pass,pass
0.15,0.45,1800,1800,60,pass,pass
0.15,0.46,1800,1800,60,pass,pass
0.15,0.47,1800,1800,60,pass,pass
0.15,0.48,1800,1800,60,pass,pass
0.15,0.49,1800,1800,60,pass,pass
0.15,0.5,1800,1800,60,pass,pass
0.15,0.51,1800,1800,60,pass,pass
0.15,0.52,1800,1800,60,pass,pass
0.15,0.53,1800,1800,60,pass,pass
0.15,0.54,1800,1800,60,pass,pass
0.15,0.55,1800,1800,60,pass,pass
0.15,0.56,1800,1800,60,pass,pass
0.15,0.57,1800,1800,60,pass,pass
0.15,0.58,1800,1800,60,pass,pass
0.15,0.59,1800,1800,60,pass,pass
0.15,0.6,1800,1800,60,pass,pass
0.15,0.61,1800,1800,60,pass,pass
0.15,0.62,1800,1800,60,pass,pass
0.15,0.63,1800,1800,60,pass,pass
0.15,0.64,1800,1800,60,pass,pass
0.15,0.65,1800,1800,60,pass,pass
0.15,0.66,1800,1800,60,pass,pass
0.15,0.67,1800,1800,60,pass,pass
0.15,0.68,1800,1800,60,pass,pass
0.15,0.69,1800,1800,60,pass,pass
0.15,0.7,1800,1800,60,pass,pass
0.15,0.71,1800,1800,60,pass,pass
0.15,0.72,1800,1800,60,pass,pass
0.15,0.73,1800,1800,60,pass,pass
0.15,0.74,1800,1800,60,pass,pass
0.15,0.75,1800,1800,60,pass,pass
0.15,0.76,1800,1800,60,pass,pass
0.15,0.77,1800,1800,60,pass,pass
0.15,0.78,1800,1800,60,pass,pass
0.15,0.79,1800,1800,60,pass,pass
0.15,0.8,1800,1800,60,pass,pass
0.15,0.81,1800,1800,60,pass,pass
0.15,0.82,1800,1800,60,pass,pass
0.15,0.83,1800,1800,60,pass,pass
0.15,0.84,1800,1800,60,pass,pass
0.15,0.85,1800,1800,60,pass,pass
0.15,0.86,1800,1800,60,pass,pass
0.15,0.87,1800,1800,60,pass,pass
0.15,0.88,1800,1800,60,pass,pass
0.15,0.89,1800,1800,60,pass,pass
0.15,0.9,1800,1800,60,pass,pass
0.15,0.91,1800,1800,60,pass,pass
0.15,0.92,1800,1800,60,pass,pass
0.15,0.93,1800,1800,60,pass,pass
0.15,0.94,1800,1800,60,pass,pass
0.15,0.95,1800,1800,60,pass,pass
0.15,0.96,1800,1800,60,pass,pass
0.15,0.97,1800,1800,60,pass,pass
0.15,0.98,1800,1800,60,pass,pass
0.15,0.99,1800,1800,60,pass,pass
0.15,1.0,1800,1800,60,pass,pass
0.15,1.01,1800,1800,60,pass,pass
0.15,1.02,1800,1800,60,pass,pass
0.15,1.03,1800,1800,60,pass,pass
0.15,1.04,1800,1800,60,pass,pass
0.15,1.05,1800,1800,60,pass,pass
0.15,1.06,1800,1800,60,pass,pass
0.15,1.07,1800,1800,60,pass,pass
0.15,1.08,1800,1800,60,pass,pass
0.15,1.09,1800,1800,60,pass,pass
0.15,1.1,1800,1800,60,pass,pass
0.15,1.11,1800,1800,60,pass,pass
0.15,1.12,1800,1800,60,pass,pass
0.15,1.13,1800,1800,60,pass,pass
0.15,1.14,1800,1800,60,pass,pass
0.15,1.15,1800,1800,60,pass,pass
0.15,1.16,1800,1800,60,pass,pass
0.15,1.17,1800,1800,60,pass,pass
0.15,1.18,1800,1800,60,pass,pass
0.15,1.19,1800,1800,60,pass,pass
0.15,1.2,1800,1800,60,pass,pass
0.15,1.21,1800,1800,60,pass,pass
0.15,1.22,1800,1800,60,pass,pass
0.15,1.23,1800,1800,60,pass,pass
0.15,1.24,1800,1800,60,pass,pass
0.15,1.25,1800,1800,60,pass,pass
0.15,1.26,1800,1800,60,pass,pass
0.15,1.27,1800,1800,60,pass,pass
0.15,1.28,1800,1800,60,pass,pass
0.15,1.29,1800,1800,60,pass,pass
0.15,1.3,1800,1800,60,pass,pass
0.15,1.31,1800,1800,60,pass,pass
0.15,1.32,1800,1800,60,pass,pass
0.15,1.33,1800,1800,60,pass,pass
0.15,1.34,1800,1800,60,pass,pass
0.15,1.35,1800,1800,60,pass,pass
0.15,1.36,1800,1800,60,pass,pass
0.15,1.37,1800,1800,60,pass,pass
0.15,1.38,1800,1800,60,pass,pass
0.15,1.39,1800,1800,60,pass,pass
0.15,1.4,1800,1800,60,pass,pass
0.15,1.41,1800,1800,60,pass,pass
0.15,1.42,1800,1800,60,pass,pass
0.15,1.43,1800,1800,60,pass,pass
0.15,1.44,1800,1800,60,pass,pass
0.15,1.45,1800,1800,60,pass,pass
0.15,1.46,1800,1800,60,pass,pass
0.15,1.47,1800,1800,60,pass,pass
0.15,1.48,1800,1800,60,pass,pass
0.15,1.49,1800,1800,60,pass,pass
0.15,1.5,1800,1800,60,pass,pass
0.15,1.51,1800,1800,60,pass,pass
0.15,1.52,1800,1800,60,pass,pass
0.15,1.53,1800,1800,60,pass,pass
0.15,1.54,1800,1800,60,pass,pass
0.15,1.55,1800,1800,60,pass,pass
0.15,1.56,1800,1800,60,pass,pass
0.15,1.57,1800,1800,60,pass,pass
0.15,1.58,1800,1800,60,pass,pass
0.15,1.59,1800,1800,60,pass,pass
0.15,1.6,1800,1800,60,pass,pass
0.15,1.61,1800,1800,60,pass,pass
0.15,1.62,1800,1800,60,pass,pass
0.15,1.63,1800,1800,60,pass,pass
0.15,1.64,1800,1800,60,pass,pass
0.15,1.65,1800,1800,60,pass,pass
0.15,1.66,1800,1800,60,pass,pass
0.15,1.67,1800,1800,60,pass,pass
0.15,1.68,1800,1800,60,pass,pass
0.15,1.69,1800,1800,60,pass,pass
0.15,1.7,1800,1800,60,pass,pass
0.15,1.71,1800,1800,60,pass,pass
0.15,1.72,1800,1800,60,pass,pass
0.15,1.73,1800,1800,60,pass,pass
0.15,1.74,1800,1800,60,pass,pass
0.15,1.75,1800,1800,60,pass,pass
0.15,1.76,1800,1800,60,pass,pass
0.15,1.77,1800,1800,60,pass,pass
0.15,1.78,1800,1800,60,pass,pass
0.15,1.79,1800,1800,60,pass,pass
0.15,1.8,1800,1800,60,pass,pass
0.15,1.81,1800,1800,60,pass,pass
0.15,1.82,1800,1800,60,pass,pass
0.15,1.83,1800,1800,60,pass,pass
0.15,1.84,1800,1800,60,pass,pass
0.15,1.85,1800,1800,60,pass,pass
0.15,1.86,1800,1800,60,pass,pass
0.15,1.87,1800,1800,60,pass,pass
0.15,1.88,1800,1800,60,pass,pass
0.15,1.89,1800,1800,60,pass,pass
0.15,1.9,1800,1800,60,pass,pass
0.15,1.91,1800,1800,60,pass,pass
0.15,1.92,1800,1800,60,pass,pass
0.15,1.93,1800,1800,60,pass,pass
0.15,1.94,1800,1800,60,pass,pass
0.15,1.95,1800,1800,60,pass,pass
0.15,1.96,1800,1800,60,pass,pass
0.15,1.97,1800,1800,60,pass,pass
0.15,1.98,1800,1800,60,pass,pass
0.15,1.99,1800,1800,60,pass,pass
0.15,2.0,1800,1800,60,pass,pass
0.15,2.01,1800,1800,60,pass,pass
0.15,2.02,1800,1800,60,pass,pass
0.15,2.03,1800,1800,60,pass,pass
0.15,2.04,1800,1800,60,pass,pass
0.15,2.05,1800,1800,60,pass,pass
0.15,2.06,1800,1800,60,pass,pass
0.15,2.07,1800,1800,60,pass,pass
0.15,2.08,1800,1800,60,pass,pass
0.15,2.09,1800,1800,60,pass,pass
0.15,2.1,1800,1800,60,pass,pass
0.15,2.11,1800,1800,60,pass,pass
0.15,2.12,1800,1800,60,pass,pass
0.15,2.13,1800,1800,60,pass,pass
0.15,2.14,1800,1800,60,pass,pass
0.15,2.15,1800,1800,60,pass,pass
0.15,2.16,1800,1800,60,pass,pass
0.15,2.17,1800,1800,60,pass,pass
0.15,2.18,1800,1800,60,pass,pass
0.15,2.19,1800,1800,60,pass,pass
0.15,2.2,1800,1800,60,pass,pass
0.15,2.21,1800,1800,60,pass,pass
0.15,2.22,1800,1800,60,pass,pass
0.15,2.23,1800,1800,60,pass,pass
0.15,2.24,1800,1800,60,pass,pass
0.15,2.25,1800,1800,60,pass,pass
0.15,2.26,1800,1800,60,pass,pass
0.15,2.27,1800,1800,60,pass,pass
0.15,2.28,1800,1800,60,pass,pass
0.15,2.29,1800,1800,60,pass,pass
0.15,2.3,1800,1800,60,pass,pass
0.15,2.31,1800,1800,60,pass,pass
0.15,2.32,1800,1800,60,pass,pass
0.15,2.33,1800,1800,60,pass,pass
0.15,2.34,1800,1800,60,pass,pass
0.15,2.35,1800,1800,60,pass,pass
0.15,2.36,1800,1800,60,pass,pass
0.15,2.37,1800,1800,60,pass,pass
0.15,2.38,1800,1800,60,pass,pass
0.15,2.39,1800,1800,60,pass,pass
0.15,2.4,1800,1800,60,pass,pass
0.15,2.41,1800,1800,60,pass,pass
0.15,2.42,1800,1800,60,pass,pass
0.15,2.43,1800,1800,60,pass,pass
0.15,2.44,1800,1800,60,pass,pass
0.15,2.45,1800,1800,60,pass,pass
0.15,2.46,1800,1800,60,pass,pass
0.15,2.47,1800,1800,60,pass,pass
0.15,2.48,1800,1800,60,pass,pass
0.15,2.49,1800,1800,60,pass,pass
0.15,2.5,1800,1800,60,pass,pass
0.17,0.01,1800,1800,60,pass,pass
0.17,0.02,1800,1800,60,pass,pass
0.17,0.03,1800,1800,60,pass,pass
0.17,0.04,1800,1800,60,pass,pass
0.17,0.05,1800,1800,60,pass,pass
0.17,0.06,1800,1800,60,pass,pass
0.17,0.07,1800,1800,60,pass,pass
0.17,0.08,1800,1800,60,pass,pass
0.17,0.09,1800,1800,60,pass,pass
0.17,0.1,1800,1800,60,pass,pass
0.17,0.11,1800,1800,60,pass,pass
0.17,0.12,1800,1800,60,pass,pass
0.17,0.13,1800,1800,60,pass,pass
0.17,0.14,1800,1800,60,pass,pass
0.17,0.15,1800,1800,60,pass,pass
0.17,0.16,1800,1800,60,pass,pass
0.17,0.17,1800,1800,60,pass,pass
0.17,0.18,1800,1800,60,pass,pass
0.17,0.19,1800,1800,60,pass,pass
0.17,0.2,1800,1800,60,pass,pass
0.17,0.21,1800,1800,60,pass,pass
0.17,0.22,1800,1800,60,pass,pass
0.17,0.23,1800,1800,60,pass,pass
0.17,0.24,1800,1800,60,pass,pass
0.17,0.25,1800,1800,60,pass,pass
0.17,0.26,1800,1800,60,pass,pass
0.17,0.27,1800,1800,60,pass,pass
0.17,0.28,1800,1800,60,pass,pass
0.17,0.29,1800,1800,60,pass,pass
0.17,0.3,1800,1800,60,pass,pass
0.17,0.31,1800,1800,60,pass,pass
0.17,0.32,1800,1800,60,pass,pass
0.17,0.33,1800,1800,60,pass,pass
0.17,0.34,1800,1800,60,pass,pass
0.17,0.35,1800,1800,60,pass,pass
0.17,0.36,1800,1800,60,pass,pass
0.17,0.37,1800,1800,60,pass,pass
0.17,0.38,1800,1800,60,pass,pass
0.17,0.39,1800,1800,60,pass,pass
0.17,0.4,1800,1800,60,pass,pass
0.17,0.41,1800,1800,60,pass,pass
0.17,0.42,1800,1800,60,pass,pass
0.17,0.43,1800,1800,60,pass,pass
0.17,0.44,1800,1800,60,pass,pass
0.17,0.45,1800,1800,60,pass,pass
0.17,0.46,1800,1800,60,pass,pass
0.17,0.47,1800,1800,60,pass,pass
0.17,0.48,1800,1800,60,pass,pass
0.17,0.49,1800,1800,60,pass,pass
0.17,0.5,1800,1800,60,pass,pass
0.17,0.51,1800,1800,60,pass,pass
0.17,0.52,1800,1800,60,pass,pass
0.17,0.53,1800,1800,60,pass,pass
0.17,0.54,1800,1800,60,pass,pass
0.17,0.55,1800,1800,60,pass,pass
0.17,0.56,1800,1800,60,pass,pass
0.17,0.57,1800,1800,60,pass,pass
0.17,0.58,1800,1800,60,pass,pass
0.17,0.59,1800,1800,60,pass,pass
0.17,0.6,1800,1800,60,pass,pass
0.17,0.61,1800,1800,60,pass,pass
0.17,0.62,1800,1800,60,pass,pass
0.17,0.63,1800,1800,60,pass,pass
0.17,0.64,1800,1800,60,pass,pass
0.17,0.65,1800,1800,60,pass,pass
0.17,0.66,1800,1800,60,pass,pass
0.17,0.67,1800,1800,60,pass,pass
0.17,0.68,1800,1800,60,pass,pass
0.17,0.69,1800,1800,60,pass,pass
0.17,0.7,1800,1800,60,pass,pass
0.17,0.71,1800,1800,60,pass,pass
0.17,0.72,1800,1800,60,pass,pass
0.17,0.73,1800,1800,60,pass,pass
0.17,0.74,1800,1800,60,pass,pass
0.17,0.75,1800,1800,60,pass,pass
0.17,0.76,1800,1800,60,pass,pass
0.17,0.77,1800,1800,60,pass,pass
0.17,0.78,1800,1800,60,pass,pass
0.17,0.79,1800,1800,60,pass,pass
0.17,0.8,1800,1800,60,pass,pass
0.17,0.81,1800,1800,60,pass,pass
0.17,0.82,1800,1800,60,pass,pass
0.17,0.83,1800,1800,60,pass,pass
0.17,0.84,1800,1800,60,pass,pass
0.17,0.85,1800,1800,60,pass,pass
0.17,0.86,1800,1800,60,pass,pass
0.17,0.87,1800,1800,60,pass,pass
0.17,0.88,1800,1800,60,pass,pass
0.17,0.89,1800,1800,60,pass,pass
0.17,0.9,1800,1800,60,pass,pass
0.17,0.91,1800,1800,60,pass,pass
0.17,0.92,1800,1800,60,pass,pass
0.17,0.93,1800,1800,60,pass,pass
0.17,0.94,1800,1800,60,pass,pass
0.17,0.95,1800,1800,60,pass,pass
0.17,0.96,1800,1800,60,pass,pass
0.17,0.97,1800,1800,60,pass,pass
0.17,0.98,1800,1800,60,pass,pass
0.17,0.99,1800,1800,60,pass,pass
0.17,1.0,1800,1800,60,pass,pass
0.17,1.01,1800,1800,60,pass,pass
0.17,1.02,1800,1800,60,pass,pass
0.17,1.03,1800,1800,60,pass,pass
0.17,1.04,1800,1800,60,pass,pass
0.17,1.05,1800,1800,60,pass,pass
0.17,1.06,1800,1800,60,pass,pass
0.17,1.07,1800,1800,60,pass,pass
0.17,1.08,1800,1800,60,pass,pass
0.17,1.09,1800,1800,60,pass,pass
0.17,1.1,1800,1800,60,pass,pass
0.17,1.11,1800,1800,60,pass,pass
0.17,1.12,1800,1800,60,pass,pass
0.17,1.13,1800,1800,60,pass,pass
0.17,1.14,1800,1800,60,pass,pass
0.17,1.15,1800,1800,60,pass,pass
0.17,1.16,1800,1800,60,pass,pass
0.17,1.17,1800,1800,60,pass,pass
0.17,1.18,1800,1800,60,pass,pass
0.17,1.19,1800,1800,60,pass,pass
0.17,1.2,1800,1800,60,pass,pass
0.17,1.21,1800,1800,60,pass,pass
0.17,1.22,1800,1800,60,pass,pass
0.17,1.23,1800,1800,60,pass,pass
0.17,1.24,1800,1800,60,pass,pass
0.17,1.25,1800,1800,60,pass,pass
0.17,1.26,1800,1800,60,pass,pass
0.17,1.27,1800,1800,60,pass,pass
0.17,1.28,1800,1800,60,pass,pass
0.17,1.29,1800,1800,60,pass,pass
0.17,1.3,1800,1800,60,pass,pass
0.17,1.31,1800,1800,60,pass,pass
0.17,1.32,1800,1800,60,pass,pass
0.17,1.33,1800,1800,60,pass,pass
0.17,1.34,1800,1800,60,pass,pass
0.17,1.35,1800,1800,60,pass,pass
0.17,1.36,1800,1800,60,pass,pass
0.17,1.37,1800,1800,60,pass,pass
0.17,1.38,1800,1800,60,pass,pass
0.17,1.39,1800,1800,60,pass,pass
0.17,1.4,1800,1800,60,pass,pass
0.17,1.41,1800,1800,60,pass,pass
0.17,1.42,1800,1800,60,pass,pass
0.17,1.43,1800,1800,60,pass,pass
0.17,1.44,1800,1800,60,pass,pass
0.17,1.45,1800,1800,60,pass,pass
0.17,1.46,1800,1800,60,pass,pass
0.17,1.47,1800,1800,60,pass,pass
0.17,1.48,1800,1800,60,pass,pass
0.17,1.49,1800,1800,60,pass,pass
0.17,1.5,1800,1800,60,pass,pass
0.17,1.51,1800,1800,60,pass,pass
0.17,1.52,1800,1800,60,pass,pass
0.17,1.53,1800,1800,60,pass,pass
0.17,1.54,1800,1800,60,pass,pass
0.17,1.55,1800,1800,60,pass,pass
0.17,1.56,1800,1800,60,pass,pass
0.17,1.57,1800,1800,60,pass,pass
0.17,1.58,1800,1800,60,pass,pass
0.17,1.59,1800,1800,60,pass,pass
0.17,1.6,1800,1800,60,pass,pass
0.17,1.61,1800,1800,60,pass,pass
0.17,1.62,1800,1800,60,pass,pass
0.17,1.63,1800,1800,60,pass,pass
0.17,1.64,1800,1800,60,pass,pass
0.17,1.65,1800,1800,60,pass,pass
0.17,1.66,1800,1800,60,pass,pass
0.17,1.67,1800,1800,60,pass,pass
0.17,1.68,1800,1800,60,pass,pass
0.17,1.69,1800,1800,60,pass,pass
0.17,1.7,1800,1800,60,pass,pass
0.17,1.71,1800,1800,60,pass,pass
0.17,1.72,1800,1800,60,pass,pass
0.17,1.73,1800,1800,60,pass,pass
0.17,1.74,1800,1800,60,pass,pass
0.17,1.75,1800,1800,60,pass,pass
0.17,1.76,1800,1800,60,pass,pass
0.17,1.77,1800,1800,60,pass,pass
0.17,1.78,1800,1800,60,pass,pass
0.17,1.79,1800,1800,60,pass,pass
0.17,1.8,1800,1800,60,pass,pass
0.17,1.81,1800,1800,60,pass,pass
0.17,1.82,1800,1800,60,pass,pass
0.17,1.83,1800,1800,60,pass,pass
0.17,1.84,1800,1800,60,pass,pass
0.17,1.85,1800,1800,60,pass,pass
0.17,1.86,1800,1800,60,pass,pass
0.17,1.87,1800,1800,60,pass,pass
0.17,1.88,1800,1800,60,pass,pass
0.17,1.89,1800,1800,60,pass,pass
0.17,1.9,1800,1800,60,pass,pass
0.17,1.91,1800,1800,60,pass,pass
0.17,1.92,1800,1800,60,pass,pass
0.17,1.93,1800,1800,60,pass,pass
0.17,1.94,1800,1800,60,pass,pass
0.17,1.95,1800,1800,60,pass,pass
0.17,1.96,1800,1800,60,pass,pass
0.17,1.97,1800,1800,60,pass,pass
0.17,1.98,1800,1800,60,pass,pass
0.17,1.99,1800,1800,60,pass,pass
0.17,2.0,1800,1800,60,pass,pass
0.17,2.01,1800,1800,60,pass,pass
0.17,2.02,1800,1800,60,pass,pass
0.17,2.03,1800,1800,60,pass,pass
0.17,2.04,1800,1800,60,pass,pass
0.17,2.05,1800,1800,60,pass,pass
0.17,2.06,1800,1800,60,pass,pass
0.17,2.07,1800,1800,60,pass,pass
0.17,2.08,1800,1800,60,pass,pass
0.17,2.09,1800,1800,60,pass,pass
0.17,2.1,1800,1800,60,pass,pass
0.17,2.11,1800,1800,60,pass,pass
0.17,2.12,1800,1800,60,pass,pass
0.17,2.13,1800,1800,60,pass,pass
0.17,2.14,1800,1800,60,pass,pass
0.17,2.15,1800,1800,60,pass,pass
0.17,2.16,1800,1800,60,pass,pass
0.17,2.17,1800,1800,60,pass,pass
0.17,2.18,1800,1800,60,pass,pass
0.17,2.19,1800,1800,60,pass,pass
0.17,2.2,1800,1800,60,pass,pass
0.17,2.21,1800,1800,60,pass,pass
0.17,2.22,1800,1800,60,pass,pass
0.17,2.23,1800,1800,60,pass,pass
0.17,2.24,1800,1800,60,pass,pass
0.17,2.25,1800,1800,60,pass,pass
0.17,2.26,1800,1800,60,pass,pass
0.17,2.27,1800,1800,60,pass,pass
0.17,2.28,1800,1800,60,pass,pass
0.17,2.29,1800,1800,60,pass,pass
0.17,2.3,1800,1800,60,pass,pass
0.17,2.31,1800,1800,60,pass,pass
0.17,2.32,1800,1800,60,pass,pass
0.17,2.33,1800,1800,60,pass,pass
0.17,2.34,1800,1800,60,pass,pass
0.17,2.35,1800,1800,60,pass,pass
0.17,2.36,1800,1800,60,pass,pass
0.17,2.37,1800,1800,60,pass,pass
0.17,2.38,1800,1800,60,pass,pass
0.17,2.39,1800,1800,60,pass,pass
0.17,2.4,1800,1800,60,pass,pass
0.17,2.41,1800,1800,60,pass,pass
0.17,2.42,1800,1800,60,pass,pass
0.17,2.43,1800,1800,60,pass,pass
0.17,2.44,1800,1800,60,pass,pass
0.17,2.45,1800,1800,60,pass,pass
0.17,2.46,1800,1800,60,pass,pass
0.17,2.47,1800,1800,60,pass,pass
0.17,2.48,1800,1800,60,pass,pass
0.17,2.49,1800,1800,60,pass,pass
0.17,2.5,1800,1800,60,pass,pass
0.19,0.01,1800,1800,60,pass,pass
0.19,0.02,1800,1800,60,pass,pass
0.19,0.03,1800,1800,60,pass,pass
0.19,0.04,1800,1800,60,pass,pass
0.19,0.05,1800,1800,60,pass,pass
0.19,0.06,1800,1800,60,pass,pass
0.19,0.07,1800,1800,60,pass,pass
0.19,0.08,1800,1800,60,pass,pass
0.19,0.09,1800,1800,60,pass,pass
0.19,0.1,1800,1800,60,pass,pass
0.19,0.11,1800,1800,60,pass,pass
0.19,0.12,1800,1800,60,pass,pass
0.19,0.13,1800,1800,60,pass,pass
0.19,0.14,1800,1800,60,pass,pass
0.19,0.15,1800,1800,60,pass,pass
0.19,0.16,1800,1800,60,pass,pass
0.19,0.17,1800,1800,60,pass,pass
0.19,0.18,1800,1800,60,pass,pass
0.19,0.19,1800,1800,60,pass,pass
0.19,0.2,1800,1800,60,pass,pass
0.19,0.21,1800,1800,60,pass,pass
0.19,0.22,1800,1800,60,pass,pass
0.19,0.23,1800,1800,60,pass,pass
0.19,0.24,1800,1800,60,pass,pass
0.19,0.25,1800,1800,60,pass,pass
0.19,0.26,1800,1800,60,pass,pass
0.19,0.27,1800,1800,60,pass,pass
0.19,0.28,1800,1800,60,pass,pass
0.19,0.29,1800,1800,60,pass,pass
0.19,0.3,1800,1800,60,pass,pass
0.19,0.31,1800,1800,60,pass,pass
0.19,0.32,1800,1800,60,pass,pass
0.19,0.33,1800,1800,60,pass,pass
0.19,0.34,1800,1800,60,pass,pass
0.19,0.35,1800,1800,60,pass,pass
0.19,0.36,1800,1800,60,pass,pass
0.19,0.37,1800,1800,60,pass,pass
0.19,0.38,1800,1800,60,pass,pass
0.19,0.39,1800,1800,60,pass,pass
0.19,0.4,1800,1800,60,pass,pass
0.19,0.41,1800,1800,60,pass,pass
0.19,0.42,1800,1800,60,pass,pass
0.19,0.43,1800,1800,60,pass,pass
0.19,0.44,1800,1800,60,pass,pass
0.19,0.45,1800,1800,60,pass,pass
0.19,0.46,1800,1800,60,pass,pass
0.19,0.47,1800,1800,60,pass,pass
0.19,0.48,1800,1800,60,pass,pass
0.19,0.49,1800,1800,60,pass,pass
0.19,0.5,1800,1800,60,pass,pass
0.19,0.51,1800,1800,60,pass,pass
0.19,0.52,1800,1800,60,pass,pass
0.19,0.53,1800,1800,60,pass,pass
0.19,0.54,1800,1800,60,pass,pass
0.19,0.55,1800,1800,60,pass,pass
0.19,0.56,1800,1800,60,pass,pass
0.19,0.57,1800,1800,60,pass,pass
0.19,0.58,1800,1800,60,pass,pass
0.19,0.59,1800,1800,60,pass,pass
0.19,0.6,1800,1800,60,pass,pass
0.19,0.61,1800,1800,60,pass,pass
0.19,0.62,1800,1800,60,pass,pass
0.19,0.63,1800,1800,60,pass,pass
0.19,0.64,1800,1800,60,pass,pass
0.19,0.65,1800,1800,60,pass,pass
0.19,0.66,1800,1800,60,pass,pass
0.19,0.67,1800,1800,60,pass,pass
0.19,0.68,1800,1800,60,pass,pass
0.19,0.69,1800,1800,60,pass,pass
0.19,0.7,1800,1800,60,pass,pass
0.19,0.71,1800,1800,60,pass,pass
0.19,0.72,1800,1800,60,pass,pass
0.19,0.73,1800,1800,60,pass,pass
0.19,0.74,1800,1800,60,pass,pass
0.19,0.75,1800,1800,60,pass,pass
0.19,0.76,1800,1800,60,pass,pass
0.19,0.77,1800,1800,60,pass,pass
0.19,0.78,1800,1800,60,pass,pass
0.19,0.79,1800,1800,60,pass,pass
0.19,0.8,1800,1800,60,pass,pass
0.19,0.81,1800,1800,60,pass,pass
0.19,0.82,1800,1800,60,pass,pass
0.19,0.83,1800,1800,60,pass,pass
0.19,0.84,1800,1800,60,pass,pass
0.19,0.85,1800,1800,60,pass,pass
0.19,0.86,1800,1800,60,pass,pass
0.19,0.87,1800,1800,60,pass,pass
0.19,0.88,1800,1800,60,pass,pass
0.19,0.89,1800,1800,60,pass,pass
0.19,0.9,1800,1800,60,pass,pass
0.19,0.91,1800,1800,60,pass,pass
0.19,0.92,1800,1800,60,pass,pass
0.19,0.93,1800,1800,60,pass,pass
0.19,0.94,1800,1800,60,pass,pass
0.19,0.95,1800,1800,60,pass,pass
0.19,0.96,1800,1800,60,pass,pass
0.19,0.97,1800,1800,60,pass,pass
0.19,0.98,1800,1800,60,pass,pass
0.19,0.99,1800,1800,60,pass,pass
0.19,1.0,1800,1800,60,pass,pass
0.19,1.01,1800,1800,60,pass,pass
0.19,1.02,1800,1800,60,pass,pass
0.19,1.03,1800,1800,60,pass,pass
0.19,1.04,1800,1800,60,pass,pass
0.19,1.05,1800,1800,60,pass,pass
0.19,1.06,1800,1800,60,pass,pass
0.19,1.07,1800,1800,60,pass,pass
0.19,1.08,1800,1800,60,pass,pass
0.19,1.09,1800,1800,60,pass,pass
0.19,1.1,1800,1800,60,pass,pass
0.19,1.11,1800,1800,60,pass,pass
0.19,1.12,1800,1800,60,pass,pass
0.19,1.13,1800,1800,60,pass,pass
0.19,1.14,1800,1800,60,pass,pass
0.19,1.15,1800,1800,60,pass,pass
0.19,1.16,1800,1800,60,pass,pass
0.19,1.17,1800,1800,60,pass,pass
0.19,1.18,1800,1800,60,pass,pass
0.19,1.19,1800,1800,60,pass,pass
0.19,1.2,1800,1800,60,pass,pass
0.19,1.21,1800,1800,60,pass,pass
0.19,1.22,1800,1800,60,pass,pass
0.19,1.23,1800,1800,60,pass,pass
0.19,1.24,1800,1800,60,pass,pass
0.19,1.25,1800,1800,60,pass,pass
0.19,1.26,1800,1800,60,pass,pass
0.19,1.27,1800,1800,60,pass,pass
0.19,1.28,1800,1800,60,pass,pass
0.19,1.29,1800,1800,60,pass,pass
0.19,1.3,1800,1800,60,pass,pass
0.19,1.31,1800,1800,60,pass,pass
0.19,1.32,1800,1800,60,pass,pass
0.19,1.33,1800,1800,60,pass,pass
0.19,1.34,1800,1800,60,pass,pass
0.19,1.35,1800,1800,60,pass,pass
0.19,1.36,1800,1800,60,pass,pass
0.19,1.37,1800,1800,60,pass,pass
0.19,1.38,1800,1800,60,pass,pass
0.19,1.39,1800,1800,60,pass,pass
0.19,1.4,1800,1800,60,pass,pass
0.19,1.41,1800,1800,60,pass,pass
0.19,1.42,1800,1800,60,pass,pass
0.19,1.43,1800,1800,60,pass,pass
0.19,1.44,1800,1800,60,pass,pass
0.19,1.45,1800,1800,60,pass,pass
0.19,1.46,1800,1800,60,pass,pass
0.19,1.47,1800,1800,60,pass,pass
0.19,1.48,1800,1800,60,pass,pass
0.19,1.49,1800,1800,60,pass,pass
0.19,1.5,1800,1800,60,pass,pass
0.19,1.51,1800,1800,60,pass,pass
0.19,1.52,1800,1800,60,pass,pass
0.19,1.53,1800,1800,60,pass,pass
0.19,1.54,1800,1800,60,pass,pass
0.19,1.55,1800,1800,60,pass,pass
0.19,1.56,1800,1800,60,pass,pass
0.19,1.57,1800,1800,60,pass,pass
0.19,1.58,1800,1800,60,pass,pass
0.19,1.59,1800,1800,60,pass,pass
0.19,1.6,1800,1800,60,pass,pass
0.19,1.61,1800,1800,60,pass,pass
0.19,1.62,1800,1800,60,pass,pass
0.19,1.63,1800,1800,60,pass,pass
0.19,1.64,1800,1800,60,pass,pass
0.19,1.65,1800,1800,60,pass,pass
0.19,1.66,1800,1800,60,pass,pass
0.19,1.67,1800,1800,60,pass,pass
0.19,1.68,1800,1800,60,pass,pass
0.19,1.69,1800,1800,60,pass,pass
0.19,1.7,1800,1800,60,pass,pass
0.19,1.71,1800,1800,60,pass,pass
0.19,1.72,1800,1800,60,pass,pass
0.19,1.73,1800,1800,60,pass,pass
0.19,1.74,1800,1800,60,pass,pass
0.19,1.75,1800,1800,60,pass,pass
0.19,1.76,1800,1800,60,pass,pass
0.19,1.77,1800,1800,60,pass,pass
0.19,1.78,1800,1800,60,pass,pass
0.19,1.79,1800,1800,60,pass,pass
0.19,1.8,1800,1800,60,pass,pass
0.19,1.81,1800,1800,60,pass,pass
0.19,1.82,1800,1800,60,pass,pass
0.19,1.83,1800,1800,60,pass,pass
0.19,1.84,1800,1800,60,pass,pass
0.19,1.85,1800,1800,60,pass,pass
0.19,1.86,1800,1800,60,pass,pass
0.19,1.87,1800,1800,60,pass,pass
0.19,1.88,1800,1800,60,pass,pass
0.19,1.89,1800,1800,60,pass,pass
0.19,1.9,1800,1800,60,pass,pass
0.19,1.91,1800,1800,60,pass,pass
0.19,1.92,1800,1800,60,pass,pass
0.19,1.93,1800,1800,60,pass,pass
0.19,1.94,1800,1800,60,pass,pass
0.19,1.95,1800,1800,60,pass,pass
0.19,1.96,1800,1800,60,pass,pass
0.19,1.97,1800,1800,60,pass,pass
0.19,1.98,1800,1800,60,pass,pass
0.19,1.99,1800,1800,60,pass,pass
0.19,2.0,1800,1800,60,pass,pass
0.19,2.01,1800,1800,60,pass,pass
0.19,2.02,1800,1800,60,pass,pass
0.19,2.03,1800,1800,60,pass,pass
0.19,2.04,1800,1800,60,pass,pass
0.19,2.05,1800,1800,60,pass,pass
0.19,2.06,1800,1800,60,pass,pass
0.19,2.07,1800,1800,60,pass,pass
0.19,2.08,1800,1800,60,pass,pass
0.19,2.09,1800,1800,60,pass,pass
0.19,2.1,1800,1800,60,pass,pass
0.19,2.11,1800,1800,60,pass,pass
0.19,2.12,1800,1800,60,pass,pass
0.19,2.13,1800,1800,60,pass,pass
0.19,2.14,1800,1800,60,pass,pass
0.19,2.15,1800,1800,60,pass,pass
0.19,2.16,1800,1800,60,pass,pass
0.19,2.17,1800,1800,60,pass,pass
0.19,2.18,1800,1800,60,pass,pass
0.19,2.19,1800,1800,60,pass,pass
0.19,2.2,1800,1800,60,pass,pass
0.19,2.21,1800,1800,60,pass,pass
0.19,2.22,1800,1800,60,pass,pass
0.19,2.23,1800,1800,60,pass,pass
0.19,2.24,1800,1800,60,pass,pass
0.19,2.25,1800,1800,60,pass,pass
0.19,2.26,1800,1800,60,pass,pass
0.19,2.27,1800,1800,60,pass,pass
0.19,2.28,1800,1800,60,pass,pass
0.19,2.29,1800,1800,60,pass,pass
0.19,2.3,1800,1800,60,pass,pass
0.19,2.31,1800,1800,60,pass,pass
0.19,2.32,1800,1800,60,pass,pass
0.19,2.33,1800,1800,60,pass,pass
0.19,2.34,1800,1800,60,pass,pass
0.19,2.35,1800,1800,60,pass,pass
0.19,2.36,1800,1800,60,pass,pass
0.19,2.37,1800,1800,60,pass,pass
0.19,2.38,1800,1800,60,pass,pass
0.19,2.39,1800,1800,60,pass,pass
0.19,2.4,1800,1800,60,pass,pass
0.19,2.41,1800,1800,60,pass,pass
0.19,2.42,1800,1800,60,pass,pass
0.19,2.43,1800,1800,60,pass,pass
0.19,2.44,1800,1800,60,pass,pass
0.19,2.45,1800,1800,60,pass,pass
0.19,2.46,1800,1800,60,pass,pass
0.19,2.47,1800,1800,60,pass,pass
0.19,2.48,1800,1800,60,pass,pass
0.19,2.49,1800,1800,60,pass,pass
0.19,2.5,1800,1800,60,pass,pass
0.21,0.01,1800,1800,60,pass,pass
0.21,0.02,1800,1800,60,pass,pass
0.21,0.03,1800,1800,60,pass,pass
0.21,0.04,1800,1800,60,pass,pass
0.21,0.05,1800,1800,60,pass,pass
0.21,0.06,1800,1800,60,pass,pass
0.21,0.07,1800,1800,60,pass,pass
0.21,0.08,1800,1800,60,pass,pass
0.21,0.09,1800,1800,60,pass,pass
0.21,0.1,1800,1800,60,pass,pass
0.21,0.11,1800,1800,60,pass,pass
0.21,0.12,1800,1800,60,pass,pass
0.21,0.13,1800,1800,60,pass,pass
0.21,0.14,1800,1800,60,pass,pass
0.21,0.15,1800,1800,60,pass,pass
0.21,0.16,1800,1800,60,pass,pass
0.21,0.17,1800,1800,60,pass,pass
0.21,0.18,1800,1800,60,pass,pass
0.21,0.19,1800,1800,60,pass,pass
0.21,0.2,1800,1800,60,pass,pass
0.21,0.21,1800,1800,60,pass,pass
0.21,0.22,1800,1800,60,pass,pass
0.21,0.23,1800,1800,60,pass,pass
0.21,0.24,1800,1800,60,pass,pass
0.21,0.25,1800,1800,60,pass,pass
0.21,0.26,1800,1800,60,pass,pass
0.21,0.27,1800,1800,60,pass,pass
0.21,0.28,1800,1800,60,pass,pass
0.21,0.29,1800,1800,60,pass,pass
0.21,0.3,1800,1800,60,pass,pass
0.21,0.31,1800,1800,60,pass,pass
0.21,0.32,1800,1800,60,pass,pass
0.21,0.33,1800,1800,60,pass,pass
0.21,0.34,1800,1800,60,pass,pass
0.21,0.35,1800,1800,60,pass,pass
0.21,0.36,1800,1800,60,pass,pass
0.21,0.37,1800,1800,60,pass,pass
0.21,0.38,1800,1800,60,pass,pass
0.21,0.39,1800,1800,60,pass,pass
0.21,0.4,1800,1800,60,pass,pass
0.21,0.41,1800,1800,60,pass,pass
0.21,0.42,1800,1800,60,pass,pass
0.21,0.43,1800,1800,60,pass,pass
0.21,0.44,1800,1800,60,pass,pass
0.21,0.45,1800,1800,60,pass,pass
0.21,0.46,1800,1800,60,pass,pass
0.21,0.47,1800,1800,60,pass,pass
0.21,0.48,1800,1800,60,pass,pass
0.21,0.49,1800,1800,60,pass,pass
0.21,0.5,1800,1800,60,pass,pass
0.21,0.51,1800,1800,60,pass,pass
0.21,0.52,1800,1800,60,pass,pass
0.21,0.53,1800,1800,60,pass,pass
0.21,0.54,1800,1800,60,pass,pass
0.21,0.55,1800,1800,60,pass,pass
0.21,0.56,1800,1800,60,pass,pass
0.21,0.57,1800,1800,60,pass,pass
0.21,0.58,1800,1800,60,pass,pass
0.21,0.59,1800,1800,60,pass,pass
0.21,0.6,1800,1800,60,pass,pass
0.21,0.61,1800,1800,60,pass,pass
0.21,0.62,1800,1800,60,pass,pass
0.21,0.63,1800,1800,60,pass,pass
0.21,0.64,1800,1800,60,pass,pass
0.21,0.65,1800,1800,60,pass,pass
0.21,0.66,1800,1800,60,pass,pass
0.21,0.67,1800,1800,60,pass,pass
0.21,0.68,1800,1800,60,pass,pass
0.21,0.69,1800,1800,60,pass,pass
0.21,0.7,1800,1800,60,pass,pass
0.21,0.71,1800,1800,60,pass,pass
0.21,0.72,1800,1800,60,pass,pass
0.21,0.73,1800,1800,60,pass,pass
0.21,0.74,1800,1800,60,pass,pass
0.21,0.75,1800,1800,60,pass,pass
0.21,0.76,1800,1800,60,pass,pass
0.21,0.77,1800,1800,60,pass,pass
0.21,0.78,1800,1800,60,pass,pass
0.21,0.79,1800,1800,60,pass,pass
0.21,0.8,1800,1800,60,pass,pass
0.21,0.81,1800,1800,60,pass,pass
0.21,0.82,1800,1800,60,pass,pass
0.21,0.83,1800,1800,60,pass,pass
0.21,0.84,1800,1800,60,pass,pass
0.21,0.85,1800,1800,60,pass,pass
0.21,0.86,1800,1800,60,pass,pass
0.21,0.87,1800,1800,60,pass,pass
0.21,0.88,1800,1800,60,pass,pass
0.21,0.89,1800,1800,60,pass,pass
0.21,0.9,1800,1800,60,pass,pass
0.21,0.91,1800,1800,60,pass,pass
0.21,0.92,1800,1800,60,pass,pass
0.21,0.93,1800,1800,60,pass,pass
0.21,0.94,1800,1800,60,pass,pass
0.21,0.95,1800,1800,60,pass,pass
0.21,0.96,1800,1800,60,pass,pass
0.21,0.97,1800,1800,60,pass,pass
0.21,0.98,1800,1800,60,pass,pass
0.21,0.99,1800,1800,60,pass,pass
0.21,1.0,1800,1800,60,pass,pass
0.21,1.01,1800,1800,60,pass,pass
0.21,1.02,1800,1800,60,pass,pass
0.21,1.03,1800,1800,60,pass,pass
0.21,1.04,1800,1800,60,pass,pass
0.21,1.05,1800,1800,60,pass,pass
0.21,1.06,1800,1800,60,pass,pass
0.21,1.07,1800,1800,60,pass,pass
0.21,1.08,1800,1800,60,pass,pass
0.21,1.09,1800,1800,60,pass,pass
0.21,1.1,1800,1800,60,pass,pass
0.21,1.11,1800,1800,60,pass,pass
0.21,1.12,1800,1800,60,pass,pass
0.21,1.13,1800,1800,60,pass,pass
0.21,1.14,1800,1800,60,pass,pass
0.21,1.15,1800,1800,60,pass,pass
0.21,1.16,1800,1800,60,pass,pass
0.21,1.17,1800,1800,60,pass,pass
0.21,1.18,1800,1800,60,pass,pass
0.21,1.19,1800,1800,60,pass,pass
0.21,1.2,1800,1800,60,pass,pass
0.21,1.21,1800,1800,60,pass,pass
0.21,1.22,1800,1800,60,pass,pass
0.21,1.23,1800,1800,60,pass,pass
0.21,1.24,1800,1800,60,pass,pass
0.21,1.25,1800,1800,60,pass,pass
0.21,1.26,1800,1800,60,pass,pass
0.21,1.27,1800,1800,60,pass,pass
0.21,1.28,1800,1800,60,pass,pass
0.21,1.29,1800,1800,60,pass,pass
0.21,1.3,1800,1800,60,pass,pass
0.21,1.31,1800,1800,60,pass,pass
0.21,1.32,1800,1800,60,pass,pass
0.21,1.33,1800,1800,60,pass,pass
0.21,1.34,1800,1800,60,pass,pass
0.21,1.35,1800,1800,60,pass,pass
0.21,1.36,1800,1800,60,pass,pass
0.21,1.37,1800,1800,60,pass,pass
0.21,1.38,1800,1800,60,pass,pass
0.21,1.39,1800,1800,60,pass,pass
0.21,1.4,1800,1800,60,pass,pass
0.21,1.41,1800,1800,60,pass,pass
0.21,1.42,1800,1800,60,pass,pass
0.21,1.43,1800,1800,60,pass,pass
0.21,1.44,1800,1800,60,pass,pass
0.21,1.45,1800,1800,60,pass,pass
0.21,1.46,1800,1800,60,pass,pass
0.21,1.47,1800,1800,60,pass,pass
0.21,1.48,1800,1800,60,pass,pass
0.21,1.49,1800,1800,60,pass,pass
0.21,1.5,1800,1800,60,pass,pass
0.21,1.51,1800,1800,60,pass,pass
0.21,1.52,1800,1800,60,pass,pass
0.21,1.53,1800,1800,60,pass,pass
0.21,1.54,1800,1800,60,pass,pass
0.21,1.55,1800,1800,60,pass,pass
0.21,1.56,1800,1800,60,pass,pass
0.21,1.57,1800,1800,60,pass,pass
0.21,1.58,1800,1800,60,pass,pass
0.21,1.59,1800,1800,60,pass,pass
0.21,1.6,1800,1800,60,pass,pass
0.21,1.61,1800,1800,60,pass,pass
0.21,1.62,1800,1800,60,pass,pass
0.21,1.63,1800,1800,60,pass,pass
0.21,1.64,1800,1800,60,pass,pass
0.21,1.65,1800,1800,60,pass,pass
0.21,1.66,1800,1800,60,pass,pass
0.21,1.67,1800,1800,60,pass,pass
0.21,1.68,1800,1800,60,pass,pass
0.21,1.69,1800,1800,60,pass,pass
0.21,1.7,1800,1800,60,pass,pass
0.21,1.71,1800,1800,60,pass,pass
0.21,1.72,1800,1800,60,pass,pass
0.21,1.73,1800,1800,60,pass,pass
0.21,1.74,1800,1800,60,pass,pass
0.21,1.75,1800,1800,60,pass,pass
0.21,1.76,1800,1800,60,pass,pass
0.21,1.77,1800,1800,60,pass,pass
0.21,1.78,1800,1800,60,pass,pass
0.21,1.79,1800,1800,60,pass,pass
0.21,1.8,1800,1800,60,pass,pass
0.21,1.81,1800,1800,60,pass,pass
0.21,1.82,1800,1800,60,pass,pass
0.21,1.83,1800,1800,60,pass,pass
0.21,1.84,1800,1800,60,pass,pass
0.21,1.85,1800,1800,60,pass,pass
0.21,1.86,1800,1800,60,pass,pass
0.21,1.87,1800,1800,60,pass,pass
0.21,1.88,1800,1800,60,pass,pass
0.21,1.89,1800,1800,60,pass,pass
0.21,1.9,1800,1800,60,pass,pass
0.21,1.91,1800,1800,60,pass,pass
0.21,1.92,1800,1800,60,pass,pass
0.21,1.93,1800,1800,60,pass,pass
0.21,1.94,1800,1800,60,pass,pass
0.21,1.95,1800,1800,60,pass,pass
0.21,1.96,1800,1800,60,pass,pass
0.21,1.97,1800,1800,60,pass,pass
0.21,1.98,1800,1800,60,pass,pass
0.21,1.99,1800,1800,60,pass,pass
0.21,2.0,1800,1800,60,pass,pass
0.21,2.01,1800,1800,60,pass,pass
0.21,2.02,1800,1800,60,pass,pass
0.21,2.03,1800,1800,60,pass,pass
0.21,2.04,1800,1800,60,pass,pass
0.21,2.05,1800,1800,60,pass,pass
0.21,2.06,1800,1800,60,pass,pass
0.21,2.07,1800,1800,60,pass,pass
0.21,2.08,1800,1800,60,pass,pass
0.21,2.09,1800,1800,60,pass,pass
0.21,2.1,1800,1800,60,pass,pass
0.21,2.11,1800,1800,60,pass,pass
0.21,2.12,1800,1800,60,pass,pass
0.21,2.13,1800,1800,60,pass,pass
0.21,2.14,1800,1800,60,pass,pass
0.21,2.15,1800,1800,60,pass,pass
0.21,2.16,1800,1800,60,pass,pass
0.21,2.17,1800,1800,60,pass,pass
0.21,2.18,1800,1800,60,pass,pass
0.21,2.19,1800,1800,60,pass,pass
0.21,2.2,1800,1800,60,pass,pass
0.21,2.21,1800,1800,60,pass,pass
0.21,2.22,1800,1800,60,pass,pass
0.21,2.23,1800,1800,60,pass,pass
0.21,2.24,1800,1800,60,pass,pass
0.21,2.25,1800,1800,60,pass,pass
0.21,2.26,1800,1800,60,pass,pass
0.21,2.27,1800,1800,60,pass,pass
0.21,2.28,1800,1800,60,pass,pass
0.21,2.29,1800,1800,60,pass,pass
0.21,2.3,1800,1800,60,pass,pass
0.21,2.31,1800,1800,60,pass,pass
0.21,2.32,1800,1800,60,pass,pass
0.21,2.33,1800,1800,60,pass,pass
0.21,2.34,1800,1800,60,pass,pass
0.21,2.35,1800,1800,60,pass,pass
0.21,2.36,1800,1800,60,pass,pass
0.21,2.37,1800,1800,60,pass,pass
0.21,2.38,1800,1800,60,pass,pass
0.21,2.39,1800,1800,60,pass,pass
0.21,2.4,1800,1800,60,pass,pass
0.21,2.41,1800,1800,60,pass,pass
0.21,2.42,1800,1800,60,pass,pass
0.21,2.43,1800,1800,60,pass,pass
0.21,2.44,1800,1800,60,pass,pass
0.21,2.45,1800,1800,60,pass,pass
0.21,2.46,1800,1800,60,pass,pass
0.21,2.47,1800,1800,60,pass,pass
0.21,2.48,1800,1800,60,pass,pass
0.21,2.49,1800,1800,60,pass,pass
0.21,2.5,1800,1800,60,pass,pass
0.23,0.01,1800,1800,60,pass,pass
0.23,0.02,1800,1800,60,pass,pass
0.23,0.03,1800,1800,60,pass,pass
0.23,0.04,1800,1800,60,pass,pass
0.23,0.05,1800,1800,60,pass,pass
0.23,0.06,1800,1800,60,pass,pass
0.23,0.07,1800,1800,60,pass,pass
0.23,0.08,1800,1800,60,pass,pass
0.23,0.09,1800,1800,60,pass,pass
0.23,0.1,1800,1800,60,pass,pass
0.23,0.11,1800,1800,60,pass,pass
0.23,0.12,1800,1800,60,pass,pass
0.23,0.13,1800,1800,60,pass,pass
0.23,0.14,1800,1800,60,pass,pass
0.23,0.15,1800,1800,60,pass,pass
0.23,0.16,1800,1800,60,pass,pass
0.23,0.17,1800,1800,60,pass,pass
0.23,0.18,1800,1800,60,pass,pass
0.23,0.19,1800,1800,60,pass,pass
0.23,0.2,1800,1800,60,pass,pass
0.23,0.21,1800,1800,60,pass,pass
0.23,0.22,1800,1800,60,pass,pass
0.23,0.23,1800,1800,60,pass,pass
0.23,0.24,1800,1800,60,pass,pass
0.23,0.25,1800,1800,60,pass,pass
0.23,0.26,1800,1800,60,pass,pass
0.23,0.27,1800,1800,60,pass,pass
0.23,0.28,1800,1800,60,pass,pass
0.23,0.29,1800,1800,60,pass,pass
0.23,0.3,1800,1800,60,pass,pass
0.23,0.31,1800,1800,60,pass,pass
0.23,0.32,1800,1800,60,pass,pass
0.23,0.33,1800,1800,60,pass,pass
0.23,0.34,1800,1800,60,pass,pass
0.23,0.35,1800,1800,60,pass,pass
0.23,0.36,1800,1800,60,pass,pass
0.23,0.37,1800,1800,60,pass,pass
0.23,0.38,1800,1800,60,pass,pass
0.23,0.39,1800,1800,60,pass,pass
0.23,0.4,1800,1800,60,pass,pass
0.23,0.41,1800,1800,60,pass,pass
0.23,0.42,1800,1800,60,pass,pass
0.23,0.43,1800,1800,60,pass,pass
0.23,0.44,1800,1800,60,pass,pass
0.23,0.45,1800,1800,60,pass,pass
0.23,0.46,1800,1800,60,pass,pass
0.23,0.47,1800,1800,60,pass,pass
0.23,0.48,1800,1800,60,pass,pass
0.23,0.49,1800,1800,60,pass,pass
0.23,0.5,1800,1800,60,pass,pass
0.23,0.51,1800,1800,60,pass,pass
0.23,0.52,1800,1800,60,pass,pass
0.23,0.53,1800,1800,60,pass,pass
0.23,0.54,1800,1800,60,pass,pass
0.23,0.55,1800,1800,60,pass,pass
0.23,0.56,1800,1800,60,pass,pass
0.23,0.57,1800,1800,60,pass,pass
0.23,0.58,1800,1800,60,pass,pass
0.23,0.59,1800,1800,60,pass,pass
0.23,0.6,1800,1800,60,pass,pass
0.23,0.61,1800,1800,60,pass,pass
0.23,0.62,1800,1800,60,pass,pass
0.23,0.63,1800,1800,60,pass,pass
0.23,0.64,1800,1800,60,pass,pass
0.23,0.65,1800,1800,60,pass,pass
0.23,0.66,1800,1800,60,pass,pass
0.23,0.67,1800,1800,60,pass,pass
0.23,0.68,1800,1800,60,pass,pass
0.23,0.69,1800,1800,60,pass,pass
0.23,0.7,1800,1800,60,pass,pass
0.23,0.71,1800,1800,60,pass,pass
0.23,0.72,1800,1800,60,pass,pass
0.23,0.73,1800,1800,60,pass,pass
0.23,0.74,1800,1800,60,pass,pass
0.23,0.75,1800,1800,60,pass,pass
0.23,0.76,1800,1800,60,pass,pass
0.23,0.77,1800,1800,60,pass,pass
0.23,0.78,1800,1800,60,pass,pass
0.23,0.79,1800,1800,60,pass,pass
0.23,0.8,1800,1800,60,pass,pass
0.23,0.81,1800,1800,60,pass,pass
0.23,0.82,1800,1800,60,pass,pass
0.23,0.83,1800,1800,60,pass,pass
0.23,0.84,1800,1800,60,pass,pass
0.23,0.85,1800,1800,60,pass,pass
0.23,0.86,1800,1800,60,pass,pass
0.23,0.87,1800,1800,60,pass,pass
0.23,0.88,1800,1800,60,pass,pass
0.23,0.89,1800,1800,60,pass,pass
0.23,0.9,1800,1800,60,pass,pass
0.23,0.91,1800,1800,60,pass,pass
0.23,0.92,1800,1800,60,pass,pass
0.23,0.93,1800,1800,60,pass,pass
0.23,0.94,1800,1800,60,pass,pass
0.23,0.95,1800,1800,60,pass,pass
0.23,0.96,1800,1800,60,pass,pass
0.23,0.97,1800,1800,60,pass,pass
0.23,0.98,1800,1800,60,pass,pass
0.23,0.99,1800,1800,60,pass,pass
0.23,1.0,1800,1800,60,pass,pass
0.23,1.01,1800,1800,60,pass,pass
0.23,1.02,1800,1800,60,pass,pass
0.23,1.03,1800,1800,60,pass,pass
0.23,1.04,1800,1800,60,pass,pass
0.23,1.05,1800,1800,60,pass,pass
0.23,1.06,1800,1800,60,pass,pass
0.23,1.07,1800,1800,60,pass,pass
0.23,1.08,1800,1800,60,pass,pass
0.23,1.09,1800,1800,60,pass,pass
0.23,1.1,1800,1800,60,pass,pass
0.23,1.11,1800,1800,60,pass,pass
0.23,1.12,1800,1800,60,pass,pass
0.23,1.13,1800,1800,60,pass,pass
0.23,1.14,1800,1800,60,pass,pass
0.23,1.15,1800,1800,60,pass,pass
0.23,1.16,1800,1800,60,pass,pass
0.23,1.17,1800,1800,60,pass,pass
0.23,1.18,1800,1800,60,pass,pass
0.23,1.19,1800,1800,60,pass,pass
0.23,1.2,1800,1800,60,pass,pass
0.23,1.21,1800,1800,60,pass,pass
0.23,1.22,1800,1800,60,pass,pass
0.23,1.23,1800,1800,60,pass,pass
0.23,1.24,1800,1800,60,pass,pass
0.23,1.25,1800,1800,60,pass,pass
0.23,1.26,1800,1800,60,pass,pass
0.23,1.27,1800,1800,60,pass,pass
0.23,1.28,1800,1800,60,pass,pass
0.23,1.29,1800,1800,60,pass,pass
0.23,1.3,1800,1800,60,pass,pass
0.23,1.31,1800,1800,60,pass,pass
0.23,1.32,1800,1800,60,pass,pass
0.23,1.33,1800,1800,60,pass,pass
0.23,1.34,1800,1800,60,pass,pass
0.23,1.35,1800,1800,60,pass,pass
0.23,1.36,1800,1800,60,pass,pass
0.23,1.37,1800,1800,60,pass,pass
0.23,1.38,1800,1800,60,pass,pass
0.23,1.39,1800,1800,60,pass,pass
0.23,1.4,1800,1800,60,pass,pass
0.23,1.41,1800,1800,60,pass,pass
0.23,1.42,1800,1800,60,pass,pass
0.23,1.43,1800,1800,60,pass,pass
0.23,1.44,1800,1800,60,pass,pass
0.23,1.45,1800,1800,60,pass,pass
0.23,1.46,1800,1800,60,pass,pass
0.23,1.47,1800,1800,60,pass,pass
0.23,1.48,1800,1800,60,pass,pass
0.23,1.49,1800,1800,60,pass,pass
0.23,1.5,1800,1800,60,pass,pass
0.23,1.51,1800,1800,60,pass,pass
0.23,1.52,1800,1800,60,pass,pass
0.23,1.53,1800,1800,60,pass,pass
0.23,1.54,1800,1800,60,pass,pass
0.23,1.55,1800,1800,60,pass,pass
0.23,1.56,1800,1800,60,pass,pass
0.23,1.57,1800,1800,60,pass,pass
0.23,1.58,1800,1800,60,pass,pass
0.23,1.59,1800,1800,60,pass,pass
0.23,1.6,1800,1800,60,pass,pass
0.23,1.61,1800,1800,60,pass,pass
0.23,1.62,1800,1800,60,pass,pass
0.23,1.63,1800,1800,60,pass,pass
0.23,1.64,1800,1800,60,pass,pass
0.23,1.65,1800,1800,60,pass,pass
0.23,1.66,1800,1800,60,pass,pass
0.23,1.67,1800,1800,60,pass,pass
0.23,1.68,1800,1800,60,pass,pass
0.23,1.69,1800,1800,60,pass,pass
0.23,1.7,1800,1800,60,pass,pass
0.23,1.71,1800,1800,60,pass,pass
0.23,1.72,1800,1800,60,pass,pass
0.23,1.73,1800,1800,60,pass,pass
0.23,1.74,1800,1800,60,pass,pass
0.23,1.75,1800,1800,60,pass,pass
0.23,1.76,1800,1800,60,pass,pass
0.23,1.77,1800,1800,60,pass,pass
0.23,1.78,1800,1800,60,pass,pass
0.23,1.79,1800,1800,60,pass,pass
0.23,1.8,1800,1800,60,pass,pass
0.23,1.81,1800,1800,60,pass,pass
0.23,1.82,1800,1800,60,pass,pass
0.23,1.83,1800,1800,60,pass,pass
0.23,1.84,1800,1800,60,pass,pass
0.23,1.85,1800,1800,60,pass,pass
0.23,1.86,1800,1800,60,pass,pass
0.23,1.87,1800,1800,60,pass,pass
0.23,1.88,1800,1800,60,pass,pass
0.23,1.89,1800,1800,60,pass,pass
0.23,1.9,1800,1800,60,pass,pass
0.23,1.91,1800,1800,60,pass,pass
0.23,1.92,1800,1800,60,pass,pass
0.23,1.93,1800,1800,60,pass,pass
0.23,1.94,1800,1800,60,pass,pass
0.23,1.95,1800,1800,60,pass,pass
0.23,1.96,1800,1800,60,pass,pass
0.23,1.97,1800,1800,60,pass,pass
0.23,1.98,1800,1800,60,pass,pass
0.23,1.99,1800,1800,60,pass,pass
0.23,2.0,1800,1800,60,pass,pass
0.23,2.01,1800,1800,60,pass,pass
0.23,2.02,1800,1800,60,pass,pass
0.23,2.03,1800,1800,60,pass,pass
0.23,2.04,1800,1800,60,pass,pass
0.23,2.05,1800,1800,60,pass,pass
0.23,2.06,1800,1800,60,pass,pass
0.23,2.07,1800,1800,60,pass,pass
0.23,2.08,1800,1800,60,pass,pass
0.23,2.09,1800,1800,60,pass,pass
0.23,2.1,1800,1800,60,pass,pass
0.23,2.11,1800,1800,60,pass,pass
0.23,2.12,1800,1800,60,pass,pass
0.23,2.13,1800,1800,60,pass,pass
0.23,2.14,1800,1800,60,pass,pass
0.23,2.15,1800,1800,60,pass,pass
0.23,2.16,1800,1800,60,pass,pass
0.23,2.17,1800,1800,60,pass,pass
0.23,2.18,1800,1800,60,pass,pass
0.23,2.19,1800,1800,60,pass,pass
0.23,2.2,1800,1800,60,pass,pass
0.23,2.21,1800,1800,60,pass,pass
0.23,2.22,1800,1800,60,pass,pass
0.23,2.23,1800,1800,60,pass,pass
0.23,2.24,1800,1800,60,pass,pass
0.23,2.25,1800,1800,60,pass,pass
0.23,2.26,1800,1800,60,pass,pass
0.23,2.27,1800,1800,60,pass,pass
0.23,2.28,1800,1800,60,pass,pass
0.23,2.29,1800,1800,60,pass,pass
0.23,2.3,1800,1800,60,pass,pass
0.23,2.31,1800,1800,60,pass,pass
0.23,2.32,1800,1800,60,pass,pass
0.23,2.33,1800,1800,60,pass,pass
0.23,2.34,1800,1800,60,pass,pass
0.23,2.35,1800,1800,60,pass,pass
0.23,2.36,1800,1800,60,pass,pass
0.23,2.37,1800,1800,60,pass,pass
0.23,2.38,1800,1800,60,pass,pass
0.23,2.39,1800,1800,60,pass,pass
0.23,2.4,1800,1800,60,pass,pass
0.23,2.41,1800,1800,60,pass,pass
0.23,2.42,1800,1800,60,pass,pass
0.23,2.43,1800,1800,60,pass,pass
0.23,2.44,1800,1800,60,pass,pass
0.23,2.45,1800,1800,60,pass,pass
0.23,2.46,1800,1800,60,pass,pass
0.23,2.47,1800,1800,60,pass,pass
0.23,2.48,1800,1800,60,pass,pass
0.23,2.49,1800,1800,60,pass,pass
0.23,2.5,1800,1800,60,pass,pass
0.25,0.01,1800,1800,60,pass,pass
0.25,0.02,1800,1800,60,pass,pass
0.25,0.03,1800,1800,60,pass,pass
0.25,0.04,1800,1800,60,pass,pass
0.25,0.05,1800,1800,60,pass,pass
0.25,0.06,1800,1800,60,pass,pass
0.25,0.07,1800,1800,60,pass,pass
0.25,0.08,1800,1800,60,pass,pass
0.25,0.09,1800,1800,60,pass,pass
0.25,0.1,1800,1800,60,pass,pass
0.25,0.11,1800,1800,60,pass,pass
0.25,0.12,1800,1800,60,pass,pass
0.25,0.13,1800,1800,60,pass,pass
0.25,0.14,1800,1800,60,pass,pass
0.25,0.15,1800,1800,60,pass,pass
0.25,0.16,1800,1800,60,pass,pass
0.25,0.17,1800,1800,60,pass,pass
0.25,0.18,1800,1800,60,pass,pass
0.25,0.19,1800,1800,60,pass,pass
0.25,0.2,1800,1800,60,pass,pass
0.25,0.21,1800,1800,60,pass,pass
0.25,0.22,1800,1800,60,pass,pass
0.25,0.23,1800,1800,60,pass,pass
0.25,0.24,1800,1800,60,pass,pass
0.25,0.25,1800,1800,60,pass,pass
0.25,0.26,1800,1800,60,pass,pass
0.25,0.27,1800,1800,60,pass,pass
0.25,0.28,1800,1800,60,pass,pass
0.25,0.29,1800,1800,60,pass,pass
0.25,0.3,1800,1800,60,pass,pass
0.25,0.31,1800,1800,60,pass,pass
0.25,0.32,1800,1800,60,pass,pass
0.25,0.33,1800,1800,60,pass,pass
0.25,0.34,1800,1800,60,pass,pass
0.25,0.35,1800,1800,60,pass,pass
0.25,0.36,1800,1800,60,pass,pass
0.25,0.37,1800,1800,60,pass,pass
0.25,0.38,1800,1800,60,pass,pass
0.25,0.39,1800,1800,60,pass,pass
0.25,0.4,1800,1800,60,pass,pass
0.25,0.41,1800,1800,60,pass,pass
0.25,0.42,1800,1800,60,pass,pass
0.25,0.43,1800,1800,60,pass,pass
0.25,0.44,1800,1800,60,pass,pass
0.25,0.45,1800,1800,60,pass,pass
0.25,0.46,1800,1800,60,pass,pass
0.25,0.47,1800,1800,60,pass,pass
0.25,0.48,1800,1800,60,pass,pass
0.25,0.49,1800,1800,60,pass,pass
0.25,0.5,1800,1800,60,pass,pass
0.25,0.51,1800,1800,60,pass,pass
0.25,0.52,1800,1800,60,pass,pass
0.25,0.53,1800,1800,60,pass,pass
0.25,0.54,1800,1800,60,pass,pass
0.25,0.55,1800,1800,60,pass,pass
0.25,0.56,1800,1800,60,pass,pass
0.25,0.57,1800,1800,60,pass,pass
0.25,0.58,1800,1800,60,pass,pass
0.25,0.59,1800,1800,60,pass,pass
0.25,0.6,1800,1800,60,pass,pass
0.25,0.61,1800,1800,60,pass,pass
0.25,0.62,1800,1800,60,pass,pass
0.25,0.63,1800,1800,60,pass,pass
0.25,0.64,1800,1800,60,pass,pass
0.25,0.65,1800,1800,60,pass,pass
0.25,0.66,1800,1800,60,pass,pass
0.25,0.67,1800,1800,60,pass,pass
0.25,0.68,1800,1800,60,pass,pass
0.25,0.69,1800,1800,60,pass,pass
0.25,0.7,1800,1800,60,pass,pass
0.25,0.71,1800,1800,60,pass,pass
0.25,0.72,1800,1800,60,pass,pass
0.25,0.73,1800,1800,60,pass,pass
0.25,0.74,1800,1800,60,pass,pass
0.25,0.75,1800,1800,60,pass,pass
0.25,0.76,1800,1800,60,pass,pass
0.25,0.77,1800,1800,60,pass,pass
0.25,0.78,1800,1800,60,pass,pass
0.25,0.79,1800,1800,60,pass,pass
0.25,0.8,1800,1800,60,pass,pass
0.25,0.81,1800,1800,60,pass,pass
0.25,0.82,1800,1800,60,pass,pass
0.25,0.83,1800,1800,60,pass,pass
0.25,0.84,1800,1800,60,pass,pass
0.25,0.85,1800,1800,60,pass,pass
0.25,0.86,1800,1800,60,pass,pass
0.25,0.87,1800,1800,60,pass,pass
0.25,0.88,1800,1800,60,pass,pass
0.25,0.89,1800,1800,60,pass,pass
0.25,0.9,1800,1800,60,pass,pass
0.25,0.91,1800,1800,60,pass,pass
0.25,0.92,1800,1800,60,pass,pass
0.25,0.93,1800,1800,60,pass,pass
0.25,0.94,1800,1800,60,pass,pass
0.25,0.95,1800,1800,60,pass,pass
0.25,0.96,1800,1800,60,pass,pass
0.25,0.97,1800,1800,60,pass,pass
0.25,0.98,1800,1800,60,pass,pass
0.25,0.99,1800,1800,60,pass,pass
0.25,1.0,1800,1800,60,pass,pass
0.25,1.01,1800,1800,60,pass,pass
0.25,1.02,1800,1800,60,pass,pass
0.25,1.03,1800,1800,60,pass,pass
0.25,1.04,1800,1800,60,pass,pass
0.25,1.05,1800,1800,60,pass,pass
0.25,1.06,1800,1800,60,pass,pass
0.25,1.07,1800,1800,60,pass,pass
0.25,1.08,1800,1800,60,pass,pass
0.25,1.09,1800,1800,60,pass,pass
0.25,1.1,1800,1800,60,pass,pass
0.25,1.11,1800,1800,60,pass,pass
0.25,1.12,1800,1800,60,pass,pass
0.25,1.13,1800,1800,60,pass,pass
0.25,1.14,1800,1800,60,pass,pass
0.25,1.15,1800,1800,60,pass,pass
0.25,1.16,1800,1800,60,pass,pass
0.25,1.17,1800,1800,60,pass,pass
0.25,1.18,1800,1800,60,pass,pass
0.25,1.19,1800,1800,60,pass,pass
0.25,1.2,1800,1800,60,pass,pass
0.25,1.21,1800,1800,60,pass,pass
0.25,1.22,1800,1800,60,pass,pass
0.25,1.23,1800,1800,60,pass,pass
0.25,1.24,1800,1800,60,pass,pass
0.25,1.25,1800,1800,60,pass,pass
0.25,1.26,1800,1800,60,pass,pass
0.25,1.27,1800,1800,60,pass,pass
0.25,1.28,1800,1800,60,pass,pass
0.25,1.29,1800,1800,60,pass,pass
0.25,1.3,1800,1800,60,pass,pass
0.25,1.31,1800,1800,60,pass,pass
0.25,1.32,1800,1800,60,pass,pass
0.25,1.33,1800,1800,60,pass,pass
0.25,1.34,1800,1800,60,pass,pass
0.25,1.35,1800,1800,60,pass,pass
0.25,1.36,1800,1800,60,pass,pass
0.25,1.37,1800,1800,60,pass,pass
0.25,1.38,1800,1800,60,pass,pass
0.25,1.39,1800,1800,60,pass,pass
0.25,1.4,1800,1800,60,pass,pass
0.25,1.41,1800,1800,60,pass,pass
0.25,1.42,1800,1800,60,pass,pass
0.25,1.43,1800,1800,60,pass,pass
0.25,1.44,1800,1800,60,pass,pass
0.25,1.45,1800,1800,60,pass,pass
0.25,1.46,1800,1800,60,pass,pass
0.25,1.47,1800,1800,60,pass,pass
0.25,1.48,1800,1800,60,pass,pass
0.25,1.49,1800,1800,60,pass,pass
0.25,1.5,1800,1800,60,pass,pass
0.25,1.51,1800,1800,60,pass,pass
0.25,1.52,1800,1800,60,pass,pass
0.25,1.53,1800,1800,60,pass,pass
0.25,1.54,1800,1800,60,pass,pass
0.25,1.55,1800,1800,60,pass,pass
0.25,1.56,1800,1800,60,pass,pass
0.25,1.57,1800,1800,60,pass,pass
0.25,1.58,1800,1800,60,pass,pass
0.25,1.59,1800,1800,60,pass,pass
0.25,1.6,1800,1800,60,pass,pass
0.25,1.61,1800,1800,60,pass,pass
0.25,1.62,1800,1800,60,pass,pass
0.25,1.63,1800,1800,60,pass,pass
0.25,1.64,1800,1800,60,pass,pass
0.25,1.65,1800,1800,60,pass,pass
0.25,1.66,1800,1800,60,pass,pass
0.25,1.67,1800,1800,60,pass,pass
0.25,1.68,1800,1800,60,pass,pass
0.25,1.69,1800,1800,60,pass,pass
0.25,1.7,1800,1800,60,pass,pass
0.25,1.71,1800,1800,60,pass,pass
0.25,1.72,1800,1800,60,pass,pass
0.25,1.73,1800,1800,60,pass,pass
0.25,1.74,1800,1800,60,pass,pass
0.25,1.75,1800,1800,60,pass,pass
0.25,1.76,1800,1800,60,pass,pass
0.25,1.77,1800,1800,60,pass,pass
0.25,1.78,1800,1800,60,pass,pass
0.25,1.79,1800,1800,60,pass,pass
0.25,1.8,1800,1800,60,pass,pass
0.25,1.81,1800,1800,60,pass,pass
0.25,1.82,1800,1800,60,pass,pass
0.25,1.83,1800,1800,60,pass,pass
0.25,1.84,1800,1800,60,pass,pass
0.25,1.85,1800,1800,60,pass,pass
0.25,1.86,1800,1800,60,pass,pass
0.25,1.87,1800,1800,60,pass,pass
0.25,1.88,1800,1800,60,pass,pass
0.25,1.89,1800,1800,60,pass,pass
0.25,1.9,1800,1800,60,pass,pass
0.25,1.91,1800,1800,60,pass,pass
0.25,1.92,1800,1800,60,pass,pass
0.25,1.93,1800,1800,60,pass,pass
0.25,1.94,1800,1800,60,pass,pass
0.25,1.95,1800,1800,60,pass,pass
0.25,1.96,1800,1800,60,pass,pass
0.25,1.97,1800,1800,60,pass,pass
0.25,1.98,1800,1800,60,pass,pass
0.25,1.99,1800,1800,60,pass,pass
0.25,2.0,1800,1800,60,pass,pass
0.25,2.01,1800,1800,60,pass,pass
0.25,2.02,1800,1800,60,pass,pass
0.25,2.03,1800,1800,60,pass,pass
0.25,2.04,1800,1800,60,pass,pass
0.25,2.05,1800,1800,60,pass,pass
0.25,2.06,1800,1800,60,pass,pass
0.25,2.07,1800,1800,60,pass,pass
0.25,2.08,1800,1800,60,pass,pass
0.25,2.09,1800,1800,60,pass,pass
0.25,2.1,1800,1800,60,pass,pass
0.25,2.11,1800,1800,60,pass,pass
0.25,2.12,1800,1800,60,pass,pass
0.25,2.13,1800,1800,60,pass,pass
0.25,2.14,1800,1800,60,pass,pass
0.25,2.15,1800,1800,60,pass,pass
0.25,2.16,1800,1800,60,pass,pass
0.25,2.17,1800,1800,60,pass,pass
0.25,2.18,1800,1800,60,pass,pass
0.25,2.19,1800,1800,60,pass,pass
0.25,2.2,1800,1800,60,pass,pass
0.25,2.21,1800,1800,60,pass,pass
0.25,2.22,1800,1800,60,pass,pass
0.25,2.23,1800,1800,60,pass,pass
0.25,2.24,1800,1800,60,pass,pass
0.25,2.25,1800,1800,60,pass,pass
0.25,2.26,1800,1800,60,pass,pass
0.25,2.27,1800,1800,60,pass,pass
0.25,2.28,1800,1800,60,pass,pass
0.25,2.29,1800,1800,60,pass,pass
0.25,2.3,1800,1800,60,pass,pass
0.25,2.31,1800,1800,60,pass,pass
0.25,2.32,1800,1800,60,pass,pass
0.25,2.33,1800,1800,60,pass,pass
0.25,2.34,1800,1800,60,pass,pass
0.25,2.35,1800,1800,60,pass,pass
0.25,2.36,1800,1800,60,pass,pass
0.25,2.37,1800,1800,60,pass,pass
0.25,2.38,1800,1800,60,pass,pass
0.25,2.39,1800,1800,60,pass,pass
0.25,2.4,1800,1800,60,pass,pass
0.25,2.41,1800,1800,60,pass,pass
0.25,2.42,1800,1800,60,pass,pass
0.25,2.43,1800,1800,60,pass,pass
0.25,2.44,1800,1800,60,pass,pass
0.25,2.45,1800,1800,60,pass,pass
0.25,2.46,1800,1800,60,pass,pass
0.25,2.47,1800,1800,60,pass,pass
0.25,2.48,1800,1800,60,pass,pass
0.25,2.49,1800,1800,60,pass,pass
0.25,2.5,1800,1800,60,pass,pass
0.27,0.01,1800,1800,60,pass,pass
0.27,0.02,1800,1800,60,pass,pass
0.27,0.03,1800,1800,60,pass,pass
0.27,0.04,1800,1800,60,pass,pass
0.27,0.05,1800,1800,60,pass,pass
0.27,0.06,1800,1800,60,pass,pass
0.27,0.07,1800,1800,60,pass,pass
0.27,0.08,1800,1800,60,pass,pass
0.27,0.09,1800,1800,60,pass,pass
0.27,0.1,1800,1800,60,pass,pass
0.27,0.11,1800,1800,60,pass,pass
0.27,0.12,1800,1800,60,pass,pass
0.27,0.13,1800,1800,60,pass,pass
0.27,0.14,1800,1800,60,pass,pass
0.27,0.15,1800,1800,60,pass,pass
0.27,0.16,1800,1800,60,pass,pass
0.27,0.17,1800,1800,60,pass,pass
0.27,0.18,1800,1800,60,pass,pass
0.27,0.19,1800,1800,60,pass,pass
0.27,0.2,1800,1800,60,pass,pass
0.27,0.21,1800,1800,60,pass,pass
0.27,0.22,1800,1800,60,pass,pass
0.27,0.23,1800,1800,60,pass,pass
0.27,0.24,1800,1800,60,pass,pass
0.27,0.25,1800,1800,60,pass,pass
0.27,0.26,1800,1800,60,pass,pass
0.27,0.27,1800,1800,60,pass,pass
0.27,0.28,1800,1800,60,pass,pass
0.27,0.29,1800,1800,60,pass,pass
0.27,0.3,1800,1800,60,pass,pass
0.27,0.31,1800,1800,60,pass,pass
0.27,0.32,1800,1800,60,pass,pass
0.27,0.33,1800,1800,60,pass,pass
0.27,0.34,1800,1800,60,pass,pass
0.27,0.35,1800,1800,60,pass,pass
0.27,0.36,1800,1800,60,pass,pass
0.27,0.37,1800,1800,60,pass,pass
0.27,0.38,1800,1800,60,pass,pass
0.27,0.39,1800,1800,60,pass,pass
0.27,0.4,1800,1800,60,pass,pass
0.27,0.41,1800,1800,60,pass,pass
0.27,0.42,1800,1800,60,pass,pass
0.27,0.43,1800,1800,60,pass,pass
0.27,0.44,1800,1800,60,pass,pass
0.27,0.45,1800,1800,60,pass,pass
0.27,0.46,1800,1800,60,pass,pass
0.27,0.47,1800,1800,60,pass,pass
0.27,0.48,1800,1800,60,pass,pass
0.27,0.49,1800,1800,60,pass,pass
0.27,0.5,1800,1800,60,pass,pass
0.27,0.51,1800,1800,60,pass,pass
0.27,0.52,1800,1800,60,pass,pass
0.27,0.53,1800,1800,60,pass,pass
0.27,0.54,1800,1800,60,pass,pass
0.27,0.55,1800,1800,60,pass,pass
0.27,0.56,1800,1800,60,pass,pass
0.27,0.57,1800,1800,60,pass,pass
0.27,0.58,1800,1800,60,pass,pass
0.27,0.59,1800,1800,60,pass,pass
0.27,0.6,1800,1800,60,pass,pass
0.27,0.61,1800,1800,60,pass,pass
0.27,0.62,1800,1800,60,pass,pass
0.27,0.63,1800,1800,60,pass,pass
0.27,0.64,1800,1800,60,pass,pass
0.27,0.65,1800,1800,60,pass,pass
0.27,0.66,1800,1800,60,pass,pass
0.27,0.67,1800,1800,60,pass,pass
0.27,0.68,1800,1800,60,pass,pass
0.27,0.69,1800,1800,60,pass,pass
0.27,0.7,1800,1800,60,pass,pass
0.27,0.71,1800,1800,60,pass,pass
0.27,0.72,1800,1800,60,pass,pass
0.27,0.73,1800,1800,60,pass,pass
0.27,0.74,1800,1800,60,pass,pass
0.27,0.75,1800,1800,60,pass,pass
0.27,0.76,1800,1800,60,pass,pass
0.27,0.77,1800,1800,60,pass,pass
0.27,0.78,1800,1800,60,pass,pass
0.27,0.79,1800,1800,60,pass,pass
0.27,0.8,1800,1800,60,pass,pass
0.27,0.81,1800,1800,60,pass,pass
0.27,0.82,1800,1800,60,pass,pass
0.27,0.83,1800,1800,60,pass,pass
0.27,0.84,1800,1800,60,pass,pass
0.27,0.85,1800,1800,60,pass,pass
0.27,0.86,1800,1800,60,pass,pass
0.27,0.87,1800,1800,60,pass,pass
0.27,0.88,1800,1800,60,pass,pass
0.27,0.89,1800,1800,60,pass,pass
0.27,0.9,1800,1800,60,pass,pass
0.27,0.91,1800,1800,60,pass,pass
0.27,0.92,1800,1800,60,pass,pass
0.27,0.93,1800,1800,60,pass,pass
0.27,0.94,1800,1800,60,pass,pass
0.27,0.95,1800,1800,60,pass,pass
0.27,0.96,1800,1800,60,pass,pass
0.27,0.97,1800,1800,60,pass,pass
0.27,0.98,1800,1800,60,pass,pass
0.27,0.99,1800,1800,60,pass,pass
0.27,1.0,1800,1800,60,pass,pass
0.27,1.01,1800,1800,60,pass,pass
0.27,1.02,1800,1800,60,pass,pass
0.27,1.03,1800,1800,60,pass,pass
0.27,1.04,1800,1800,60,pass,pass
0.27,1.05,1800,1800,60,pass,pass
0.27,1.06,1800,1800,60,pass,pass
0.27,1.07,1800,1800,60,pass,pass
0.27,1.08,1800,1800,60,pass,pass
0.27,1.09,1800,1800,60,pass,pass
0.27,1.1,1800,1800,60,pass,pass
0.27,1.11,1800,1800,60,pass,pass
0.27,1.12,1800,1800,60,pass,pass
0.27,1.13,1800,1800,60,pass,pass
0.27,1.14,1800,1800,60,pass,pass
0.27,1.15,1800,1800,60,pass,pass
0.27,1.16,1800,1800,60,pass,pass
0.27,1.17,1800,1800,60,pass,pass
0.27,1.18,1800,1800,60,pass,pass
0.27,1.19,1800,1800,60,pass,pass
0.27,1.2,1800,1800,60,pass,pass
0.27,1.21,1800,1800,60,pass,pass
0.27,1.22,1800,1800,60,pass,pass
0.27,1.23,1800,1800,60,pass,pass
0.27,1.24,1800,1800,60,pass,pass
0.27,1.25,1800,1800,60,pass,pass
0.27,1.26,1800,1800,60,pass,pass
0.27,1.27,1800,1800,60,pass,pass
0.27,1.28,1800,1800,60,pass,pass
0.27,1.29,1800,1800,60,pass,pass
0.27,1.3,1800,1800,60,pass,pass
0.27,1.31,1800,1800,60,pass,pass
0.27,1.32,1800,1800,60,pass,pass
0.27,1.33,1800,1800,60,pass,pass
0.27,1.34,1800,1800,60,pass,pass
0.27,1.35,1800,1800,60,pass,pass
0.27,1.36,1800,1800,60,pass,pass
0.27,1.37,1800,1800,60,pass,pass
0.27,1.38,1800,1800,60,pass,pass
0.27,1.39,1800,1800,60,pass,pass
0.27,1.4,1800,1800,60,pass,pass
0.27,1.41,1800,1800,60,pass,pass
0.27,1.42,1800,1800,60,pass,pass
0.27,1.43,1800,1800,60,pass,pass
0.27,1.44,1800,1800,60,pass,pass
0.27,1.45,1800,1800,60,pass,pass
0.27,1.46,1800,1800,60,pass,pass
0.27,1.47,1800,1800,60,pass,pass
0.27,1.48,1800,1800,60,pass,pass
0.27,1.49,1800,1800,60,pass,pass
0.27,1.5,1800,1800,60,pass,pass
0.27,1.51,1800,1800,60,pass,pass
0.27,1.52,1800,1800,60,pass,pass
0.27,1.53,1800,1800,60,pass,pass
0.27,1.54,1800,1800,60,pass,pass
0.27,1.55,1800,1800,60,pass,pass
0.27,1.56,1800,1800,60,pass,pass
0.27,1.57,1800,1800,60,pass,pass
0.27,1.58,1800,1800,60,pass,pass
0.27,1.59,1800,1800,60,pass,pass
0.27,1.6,1800,1800,60,pass,pass
0.27,1.61,1800,1800,60,pass,pass
0.27,1.62,1800,1800,60,pass,pass
0.27,1.63,1800,1800,60,pass,pass
0.27,1.64,1800,1800,60,pass,pass
0.27,1.65,1800,1800,60,pass,pass
0.27,1.66,1800,1800,60,pass,pass
0.27,1.67,1800,1800,60,pass,pass
0.27,1.68,1800,1800,60,pass,pass
0.27,1.69,1800,1800,60,pass,pass
0.27,1.7,1800,1800,60,pass,pass
0.27,1.71,1800,1800,60,pass,pass
0.27,1.72,1800,1800,60,pass,pass
0.27,1.73,1800,1800,60,pass,pass
0.27,1.74,1800,1800,60,pass,pass
0.27,1.75,1800,1800,60,pass,pass
0.27,1.76,1800,1800,60,pass,pass
0.27,1.77,1800,1800,60,pass,pass
0.27,1.78,1800,1800,60,pass,pass
0.27,1.79,1800,1800,60,pass,pass
0.27,1.8,1800,1800,60,pass,pass
0.27,1.81,1800,1800,60,pass,pass
0.27,1.82,1800,1800,60,pass,pass
0.27,1.83,1800,1800,60,pass,pass
0.27,1.84,1800,1800,60,pass,pass
0.27,1.85,1800,1800,60,pass,pass
0.27,1.86,1800,1800,60,pass,pass
0.27,1.87,1800,1800,60,pass,pass
0.27,1.88,1800,1800,60,pass,pass
0.27,1.89,1800,1800,60,pass,pass
0.27,1.9,1800,1800,60,pass,pass
0.27,1.91,1800,1800,60,pass,pass
0.27,1.92,1800,1800,60,pass,pass
0.27,1.93,1800,1800,60,pass,pass
0.27,1.94,1800,1800,60,pass,pass
0.27,1.95,1800,1800,60,pass,pass
0.27,1.96,1800,1800,60,pass,pass
0.27,1.97,1800,1800,60,pass,pass
0.27,1.98,1800,1800,60,pass,pass
0.27,1.99,1800,1800,60,pass,pass
0.27,2.0,1800,1800,60,pass,pass
0.27,2.01,1800,1800,60,pass,pass
0.27,2.02,1800,1800,60,pass,pass
0.27,2.03,1800,1800,60,pass,pass
0.27,2.04,1800,1800,60,pass,pass
0.27,2.05,1800,1800,60,pass,pass
0.27,2.06,1800,1800,60,pass,pass
0.27,2.07,1800,1800,60,pass,pass
0.27,2.08,1800,1800,60,pass,pass
0.27,2.09,1800,1800,60,pass,pass
0.27,2.1,1800,1800,60,pass,pass
0.27,2.11,1800,1800,60,pass,pass
0.27,2.12,1800,1800,60,pass,pass
0.27,2.13,1800,1800,60,pass,pass
0.27,2.14,1800,1800,60,pass,pass
0.27,2.15,1800,1800,60,pass,pass
0.27,2.16,1800,1800,60,pass,pass
0.27,2.17,1800,1800,60,pass,pass
0.27,2.18,1800,1800,60,pass,pass
0.27,2.19,1800,1800,60,pass,pass
0.27,2.2,1800,1800,60,pass,pass
0.27,2.21,1800,1800,60,pass,pass
0.27,2.22,1800,1800,60,pass,pass
0.27,2.23,1800,1800,60,pass,pass
0.27,2.24,1800,1800,60,pass,pass
0.27,2.25,1800,1800,60,pass,pass
0.27,2.26,1800,1800,60,pass,pass
0.27,2.27,1800,1800,60,pass,pass
0.27,2.28,1800,1800,60,pass,pass
0.27,2.29,1800,1800,60,pass,pass
0.27,2.3,1800,1800,60,pass,pass
0.27,2.31,1800,1800,60,pass,pass
0.27,2.32,1800,1800,60,pass,pass
0.27,2.33,1800,1800,60,pass,pass
0.27,2.34,1800,1800,60,pass,pass
0.27,2.35,1800,1800,60,pass,pass
0.27,2.36,1800,1800,60,pass,pass
0.27,2.37,1800,1800,60,pass,pass
0.27,2.38,1800,1800,60,pass,pass
0.27,2.39,1800,1800,60,pass,pass
0.27,2.4,1800,1800,60,pass,pass
0.27,2.41,1800,1800,60,pass,pass
0.27,2.42,1800,1800,60,pass,pass
0.27,2.43,1800,1800,60,pass,pass
0.27,2.44,1800,1800,60,pass,pass
0.27,2.45,1800,1800,60,pass,pass
0.27,2.46,1800,1800,60,pass,pass
0.27,2.47,1800,1800,60,pass,pass
0.27,2.48,1800,1800,60,pass,pass
0.27,2.49,1800,1800,60,pass,pass
0.27,2.5,1800,1800,60,pass,pass
0.29,0.01,1800,1800,60,pass,pass
0.29,0.02,1800,1800,60,pass,pass
0.29,0.03,1800,1800,60,pass,pass
0.29,0.04,1800,1800,60,pass,pass
0.29,0.05,1800,1800,60,pass,pass
0.29,0.06,1800,1800,60,pass,pass
0.29,0.07,1800,1800,60,pass,pass
0.29,0.08,1800,1800,60,pass,pass
0.29,0.09,1800,1800,60,pass,pass
0.29,0.1,1800,1800,60,pass,pass
0.29,0.11,1800,1800,60,pass,pass
0.29,0.12,1800,1800,60,pass,pass
0.29,0.13,1800,1800,60,pass,pass
0.29,0.14,1800,1800,60,pass,pass
0.29,0.15,1800,1800,60,pass,pass
0.29,0.16,1800,1800,60,pass,pass
0.29,0.17,1800,1800,60,pass,pass
0.29,0.18,1800,1800,60,pass,pass
0.29,0.19,1800,1800,60,pass,pass
0.29,0.2,1800,1800,60,pass,pass
0.29,0.21,1800,1800,60,pass,pass
0.29,0.22,1800,1800,60,pass,pass
0.29,0.23,1800,1800,60,pass,pass
0.29,0.24,1800,1800,60,pass,pass
0.29,0.25,1800,1800,60,pass,pass
0.29,0.26,1800,1800,60,pass,pass
0.29,0.27,1800,1800,60,pass,pass
0.29,0.28,1800,1800,60,pass,pass
0.29,0.29,1800,1800,60,pass,pass
0.29,0.3,1800,1800,60,pass,pass
0.29,0.31,1800,1800,60,pass,pass
0.29,0.32,1800,1800,60,pass,pass
0.29,0.33,1800,1800,60,pass,pass
0.29,0.34,1800,1800,60,pass,pass
0.29,0.35,1800,1800,60,pass,pass
0.29,0.36,1800,1800,60,pass,pass
0.29,0.37,1800,1800,60,pass,pass
0.29,0.38,1800,1800,60,pass,pass
0.29,0.39,1800,1800,60,pass,pass
0.29,0.4,1800,1800,60,pass,pass
0.29,0.41,1800,1800,60,pass,pass
0.29,0.42,1800,1800,60,pass,pass
0.29,0.43,1800,1800,60,pass,pass
0.29,0.44,1800,1800,60,pass,pass
0.29,0.45,1800,1800,60,pass,pass
0.29,0.46,1800,1800,60,pass,pass
0.29,0.47,1800,1800,60,pass,pass
0.29,0.48,1800,1800,60,pass,pass
0.29,0.49,1800,1800,60,pass,pass
0.29,0.5,1800,1800,60,pass,pass
0.29,0.51,1800,1800,60,pass,pass
0.29,0.52,1800,1800,60,pass,pass
0.29,0.53,1800,1800,60,pass,pass
0.29,0.54,1800,1800,60,pass,pass
0.29,0.55,1800,1800,60,pass,pass
0.29,0.56,1800,1800,60,pass,pass
0.29,0.57,1800,1800,60,pass,pass
0.29,0.58,1800,1800,60,pass,pass
0.29,0.59,1800,1800,60,pass,pass
0.29,0.6,1800,1800,60,pass,pass
0.29,0.61,1800,1800,60,pass,pass
0.29,0.62,1800,1800,60,pass,pass
0.29,0.63,1800,1800,60,pass,pass
0.29,0.64,1800,1800,60,pass,pass
0.29,0.65,1800,1800,60,pass,pass
0.29,0.66,1800,1800,60,pass,pass
0.29,0.67,1800,1800,60,pass,pass
0.29,0.68,1800,1800,60,pass,pass
0.29,0.69,1800,1800,60,pass,pass
0.29,0.7,1800,1800,60,pass,pass
0.29,0.71,1800,1800,60,pass,pass
0.29,0.72,1800,1800,60,pass,pass
0.29,0.73,1800,1800,60,pass,pass
0.29,0.74,1800,1800,60,pass,pass
0.29,0.75,1800,1800,60,pass,pass
0.29,0.76,1800,1800,60,pass,pass
0.29,0.77,1800,1800,60,pass,pass
0.29,0.78,1800,1800,60,pass,pass
0.29,0.79,1800,1800,60,pass,pass
0.29,0.8,1800,1800,60,pass,pass
0.29,0.81,1800,1800,60,pass,pass
0.29,0.82,1800,1800,60,pass,pass
0.29,0.83,1800,1800,60,pass,pass
0.29,0.84,1800,1800,60,pass,pass
0.29,0.85,1800,1800,60,pass,pass
0.29,0.86,1800,1800,60,pass,pass
0.29,0.87,1800,1800,60,pass,pass
0.29,0.88,1800,1800,60,pass,pass
0.29,0.89,1800,1800,60,pass,pass
0.29,0.9,1800,1800,60,pass,pass
0.29,0.91,1800,1800,60,pass,pass
0.29,0.92,1800,1800,60,pass,pass
0.29,0.93,1800,1800,60,pass,pass
0.29,0.94,1800,1800,60,pass,pass
0.29,0.95,1800,1800,60,pass,pass
0.29,0.96,1800,1800,60,pass,pass
0.29,0.97,1800,1800,60,pass,pass
0.29,0.98,1800,1800,60,pass,pass
0.29,0.99,1800,1800,60,pass,pass
0.29,1.0,1800,1800,60,pass,pass
0.29,1.01,1800,1800,60,pass,pass
0.29,1.02,1800,1800,60,pass,pass
0.29,1.03,1800,1800,60,pass,pass
0.29,1.04,1800,1800,60,pass,pass
0.29,1.05,1800,1800,60,pass,pass
0.29,1.06,1800,1800,60,pass,pass
0.29,1.07,1800,1800,60,pass,pass
0.29,1.08,1800,1800,60,pass,pass
0.29,1.09,1800,1800,60,pass,pass
0.29,1.1,1800,1800,60,pass,pass
0.29,1.11,1800,1800,60,pass,pass
0.29,1.12,1800,1800,60,pass,pass
0.29,1.13,1800,1800,60,pass,pass
0.29,1.14,1800,1800,60,pass,pass
0.29,1.15,1800,1800,60,pass,pass
0.29,1.16,1800,1800,60,pass,pass
0.29,1.17,1800,1800,60,pass,pass
0.29,1.18,1800,1800,60,pass,pass
0.29,1.19,1800,1800,60,pass,pass
0.29,1.2,1800,1800,60,pass,pass
0.29,1.21,1800,1800,60,pass,pass
0.29,1.22,1800,1800,60,pass,pass
0.29,1.23,1800,1800,60,pass,pass
0.29,1.24,1800,1800,60,pass,pass
0.29,1.25,1800,1800,60,pass,pass
0.29,1.26,1800,1800,60,pass,pass
0.29,1.27,1800,1800,60,pass,pass
0.29,1.28,1800,1800,60,pass,pass
0.29,1.29,1800,1800,60,pass,pass
0.29,1.3,1800,1800,60,pass,pass
0.29,1.31,1800,1800,60,pass,pass
0.29,1.32,1800,1800,60,pass,pass
0.29,1.33,1800,1800,60,pass,pass
0.29,1.34,1800,1800,60,pass,pass
0.29,1.35,1800,1800,60,pass,pass
0.29,1.36,1800,1800,60,pass,pass
0.29,1.37,1800,1800,60,pass,pass
0.29,1.38,1800,1800,60,pass,pass
0.29,1.39,1800,1800,60,pass,pass
0.29,1.4,1800,1800,60,pass,pass
0.29,1.41,1800,1800,60,pass,pass
0.29,1.42,1800,1800,60,pass,pass
0.29,1.43,1800,1800,60,pass,pass
0.29,1.44,1800,1800,60,pass,pass
0.29,1.45,1800,1800,60,pass,pass
0.29,1.46,1800,1800,60,pass,pass
0.29,1.47,1800,1800,60,pass,pass
0.29,1.48,1800,1800,60,pass,pass
0.29,1.49,1800,1800,60,pass,pass
0.29,1.5,1800,1800,60,pass,pass
0.29,1.51,1800,1800,60,pass,pass
0.29,1.52,1800,1800,60,pass,pass
0.29,1.53,1800,1800,60,pass,pass
0.29,1.54,1800,1800,60,pass,pass
0.29,1.55,1800,1800,60,pass,pass
0.29,1.56,1800,1800,60,pass,pass
0.29,1.57,1800,1800,60,pass,pass
0.29,1.58,1800,1800,60,pass,pass
0.29,1.59,1800,1800,60,pass,pass
0.29,1.6,1800,1800,60,pass,pass
0.29,1.61,1800,1800,60,pass,pass
0.29,1.62,1800,1800,60,pass,pass
0.29,1.63,1800,1800,60,pass,pass
0.29,1.64,1800,1800,60,pass,pass
0.29,1.65,1800,1800,60,pass,pass
0.29,1.66,1800,1800,60,pass,pass
0.29,1.67,1800,1800,60,pass,pass
0.29,1.68,1800,1800,60,pass,pass
0.29,1.69,1800,1800,60,pass,pass
0.29,1.7,1800,1800,60,pass,pass
0.29,1.71,1800,1800,60,pass,pass
0.29,1.72,1800,1800,60,pass,pass
0.29,1.73,1800,1800,60,pass,pass
0.29,1.74,1800,1800,60,pass,pass
0.29,1.75,1800,1800,60,pass,pass
0.29,1.76,1800,1800,60,pass,pass
0.29,1.77,1800,1800,60,pass,pass
0.29,1.78,1800,1800,60,pass,pass
0.29,1.79,1800,1800,60,pass,pass
0.29,1.8,1800,1800,60,pass,pass
0.29,1.81,1800,1800,60,pass,pass
0.29,1.82,1800,1800,60,pass,pass
0.29,1.83,1800,1800,60,pass,pass
0.29,1.84,1800,1800,60,pass,pass
0.29,1.85,1800,1800,60,pass,pass
0.29,1.86,1800,1800,60,pass,pass
0.29,1.87,1800,1800,60,pass,pass
0.29,1.88,1800,1800,60,pass,pass
0.29,1.89,1800,1800,60,pass,pass
0.29,1.9,1800,1800,60,pass,pass
0.29,1.91,1800,1800,60,pass,pass
0.29,1.92,1800,1800,60,pass,pass
0.29,1.93,1800,1800,60,pass,pass
0.29,1.94,1800,1800,60,pass,pass
0.29,1.95,1800,1800,60,pass,pass
0.29,1.96,1800,1800,60,pass,pass
0.29,1.97,1800,1800,60,pass,pass
0.29,1.98,1800,1800,60,pass,pass
0.29,1.99,1800,1800,60,pass,pass
0.29,2.0,1800,1800,60,pass,pass
0.29,2.01,1800,1800,60,pass,pass
0.29,2.02,1800,1800,60,pass,pass
0.29,2.03,1800,1800,60,pass,pass
0.29,2.04,1800,1800,60,pass,pass
0.29,2.05,1800,1800,60,pass,pass
0.29,2.06,1800,1800,60,pass,pass
0.29,2.07,1800,1800,60,pass,pass
0.29,2.08,1800,1800,60,pass,pass
0.29,2.09,1800,1800,60,pass,pass
0.29,2.1,1800,1800,60,pass,pass
0.29,2.11,1800,1800,60,pass,pass
0.29,2.12,1800,1800,60,pass,pass
0.29,2.13,1800,1800,60,pass,pass
0.29,2.14,1800,1800,60,pass,pass
0.29,2.15,1800,1800,60,pass,pass
0.29,2.16,1800,1800,60,pass,pass
0.29,2.17,1800,1800,60,pass,pass
0.29,2.18,1800,1800,60,pass,pass
0.29,2.19,1800,1800,60,pass,pass
0.29,2.2,1800,1800,60,pass,pass
0.29,2.21,1800,1800,60,pass,pass
0.29,2.22,1800,1800,60,pass,pass
0.29,2.23,1800,1800,60,pass,pass
0.29,2.24,1800,1800,60,pass,pass
0.29,2.25,1800,1800,60,pass,pass
0.29,2.26,1800,1800,60,pass,pass
0.29,2.27,1800,1800,60,pass,pass
0.29,2.28,1800,1800,60,pass,pass
0.29,2.29,1800,1800,60,pass,pass
0.29,2.3,1800,1800,60,pass,pass
0.29,2.31,1800,1800,60,pass,pass
0.29,2.32,1800,1800,60,pass,pass
0.29,2.33,1800,1800,60,pass,pass
0.29,2.34,1800,1800,60,pass,pass
0.29,2.35,1800,1800,60,pass,pass
0.29,2.36,1800,1800,60,pass,pass
0.29,2.37,1800,1800,60,pass,pass
0.29,2.38,1800,1800,60,pass,pass
0.29,2.39,1800,1800,60,pass,pass
0.29,2.4,1800,1800,60,pass,pass
0.29,2.41,1800,1800,60,pass,pass
0.29,2.42,1800,1800,60,pass,pass
0.29,2.43,1800,1800,60,pass,pass
0.29,2.44,1800,1800,60,pass,pass
0.29,2.45,1800,1800,60,pass,pass
0.29,2.46,1800,1800,60,pass,pass
0.29,2.47,1800,1800,60,pass,pass
0.29,2.48,1800,1800,60,pass,pass
0.29,2.49,1800,1800,60,pass,pass
0.29,2.5,1800,1800,60,pass,pass
0.31,0.01,1800,1800,60,pass,pass
0.31,0.02,1800,1800,60,pass,pass
0.31,0.03,1800,1800,60,pass,pass
0.31,0.04,1800,1800,60,pass,pass
0.31,0.05,1800,1800,60,pass,pass
0.31,0.06,1800,1800,60,pass,pass
0.31,0.07,1800,1800,60,pass,pass
0.31,0.08,1800,1800,60,pass,pass
0.31,0.09,1800,1800,60,pass,pass
0.31,0.1,1800,1800,60,pass,pass
0.31,0.11,1800,1800,60,pass,pass
0.31,0.12,1800,1800,60,pass,pass
0.31,0.13,1800,1800,60,pass,pass
0.31,0.14,1800,1800,60,pass,pass
0.31,0.15,1800,1800,60,pass,pass
0.31,0.16,1800,1800,60,pass,pass
0.31,0.17,1800,1800,60,pass,pass
0.31,0.18,1800,1800,60,pass,pass
0.31,0.19,1800,1800,60,pass,pass
0.31,0.2,1800,1800,60,pass,pass
0.31,0.21,1800,1800,60,pass,pass
0.31,0.22,1800,1800,60,pass,pass
0.31,0.23,1800,1800,60,pass,pass
0.31,0.24,1800,1800,60,pass,pass
0.31,0.25,1800,1800,60,pass,pass
0.31,0.26,1800,1800,60,pass,pass
0.31,0.27,1800,1800,60,pass,pass
0.31,0.28,1800,1800,60,pass,pass
0.31,0.29,1800,1800,60,pass,pass
0.31,0.3,1800,1800,60,pass,pass
0.31,0.31,1800,1800,60,pass,pass
0.31,0.32,1800,1800,60,pass,pass
0.31,0.33,1800,1800,60,pass,pass
0.31,0.34,1800,1800,60,pass,pass
0.31,0.35,1800,1800,60,pass,pass
0.31,0.36,1800,1800,60,pass,pass
0.31,0.37,1800,1800,60,pass,pass
0.31,0.38,1800,1800,60,pass,pass
0.31,0.39,1800,1800,60,pass,pass
0.31,0.4,1800,1800,60,pass,pass
0.31,0.41,1800,1800,60,pass,pass
0.31,0.42,1800,1800,60,pass,pass
0.31,0.43,1800,1800,60,pass,pass
0.31,0.44,1800,1800,60,pass,pass
0.31,0.45,1800,1800,60,pass,pass
0.31,0.46,1800,1800,60,pass,pass
0.31,0.47,1800,1800,60,pass,pass
0.31,0.48,1800,1800,60,pass,pass
0.31,0.49,1800,1800,60,pass,pass
0.31,0.5,1800,1800,60,pass,pass
0.31,0.51,1800,1800,60,pass,pass
0.31,0.52,1800,1800,60,pass,pass
0.31,0.53,1800,1800,60,pass,pass
0.31,0.54,1800,1800,60,pass,pass
0.31,0.55,1800,1800,60,pass,pass
0.31,0.56,1800,1800,60,pass,pass
0.31,0.57,1800,1800,60,pass,pass
0.31,0.58,1800,1800,60,pass,pass
0.31,0.59,1800,1800,60,pass,pass
0.31,0.6,1800,1800,60,pass,pass
0.31,0.61,1800,1800,60,pass,pass
0.31,0.62,1800,1800,60,pass,pass
0.31,0.63,1800,1800,60,pass,pass
0.31,0.64,1800,1800,60,pass,pass
0.31,0.65,1800,1800,60,pass,pass
0.31,0.66,1800,1800,60,pass,pass
0.31,0.67,1800,1800,60,pass,pass
0.31,0.68,1800,1800,60,pass,pass
0.31,0.69,1800,1800,60,pass,pass
0.31,0.7,1800,1800,60,pass,pass
0.31,0.71,1800,1800,60,pass,pass
0.31,0.72,1800,1800,60,pass,pass
0.31,0.73,1800,1800,60,pass,pass
0.31,0.74,1800,1800,60,pass,pass
0.31,0.75,1800,1800,60,pass,pass
0.31,0.76,1800,1800,60,pass,pass
0.31,0.77,1800,1800,60,pass,pass
0.31,0.78,1800,1800,60,pass,pass
0.31,0.79,1800,1800,60,pass,pass
0.31,0.8,1800,1800,60,pass,pass
0.31,0.81,1800,1800,60,pass,pass
0.31,0.82,1800,1800,60,pass,pass
0.31,0.83,1800,1800,60,pass,pass
0.31,0.84,1800,1800,60,pass,pass
0.31,0.85,1800,1800,60,pass,pass
0.31,0.86,1800,1800,60,pass,pass
0.31,0.87,1800,1800,60,pass,pass
0.31,0.88,1800,1800,60,pass,pass
0.31,0.89,1800,1800,60,pass,pass
0.31,0.9,1800,1800,60,pass,pass
0.31,0.91,1800,1800,60,pass,pass
0.31,0.92,1800,1800,60,pass,pass
0.31,0.93,1800,1800,60,pass,pass
0.31,0.94,1800,1800,60,pass,pass
0.31,0.95,1800,1800,60,pass,pass
0.31,0.96,1800,1800,60,pass,pass
0.31,0.97,1800,1800,60,pass,pass
0.31,0.98,1800,1800,60,pass,pass
0.31,0.99,1800,1800,60,pass,pass
0.31,1.0,1800,1800,60,pass,pass
0.31,1.01,1800,1800,60,pass,pass
0.31,1.02,1800,1800,60,pass,pass
0.31,1.03,1800,1800,60,pass,pass
0.31,1.04,1800,1800,60,pass,pass
0.31,1.05,1800,1800,60,pass,pass
0.31,1.06,1800,1800,60,pass,pass
0.31,1.07,1800,1800,60,pass,pass
0.31,1.08,1800,1800,60,pass,pass
0.31,1.09,1800,1800,60,pass,pass
0.31,1.1,1800,1800,60,pass,pass
0.31,1.11,1800,1800,60,pass,pass
0.31,1.12,1800,1800,60,pass,pass
0.31,1.13,1800,1800,60,pass,pass
0.31,1.14,1800,1800,60,pass,pass
0.31,1.15,1800,1800,60,pass,pass
0.31,1.16,1800,1800,60,pass,pass
0.31,1.17,1800,1800,60,pass,pass
0.31,1.18,1800,1800,60,pass,pass
0.31,1.19,1800,1800,60,pass,pass
0.31,1.2,1800,1800,60,pass,pass
0.31,1.21,1800,1800,60,pass,pass
0.31,1.22,1800,1800,60,pass,pass
0.31,1.23,1800,1800,60,pass,pass
0.31,1.24,1800,1800,60,pass,pass
0.31,1.25,1800,1800,60,pass,pass
0.31,1.26,1800,1800,60,pass,pass
0.31,1.27,1800,1800,60,pass,pass
0.31,1.28,1800,1800,60,pass,pass
0.31,1.29,1800,1800,60,pass,pass
0.31,1.3,1800,1800,60,pass,pass
0.31,1.31,1800,1800,60,pass,pass
0.31,1.32,1800,1800,60,pass,pass
0.31,1.33,1800,1800,60,pass,pass
0.31,1.34,1800,1800,60,pass,pass
0.31,1.35,1800,1800,60,pass,pass
0.31,1.36,1800,1800,60,pass,pass
0.31,1.37,1800,1800,60,pass,pass
0.31,1.38,1800,1800,60,pass,pass
0.31,1.39,1800,1800,60,pass,pass
0.31,1.4,1800,1800,60,pass,pass
0.31,1.41,1800,1800,60,pass,pass
0.31,1.42,1800,1800,60,pass,pass
0.31,1.43,1800,1800,60,pass,pass
0.31,1.44,1800,1800,60,pass,pass
0.31,1.45,1800,1800,60,pass,pass
0.31,1.46,1800,1800,60,pass,pass
0.31,1.47,1800,1800,60,pass,pass
0.31,1.48,1800,1800,60,pass,pass
0.31,1.49,1800,1800,60,pass,pass
0.31,1.5,1800,1800,60,pass,pass
0.31,1.51,1800,1800,60,pass,pass
0.31,1.52,1800,1800,60,pass,pass
0.31,1.53,1800,1800,60,pass,pass
0.31,1.54,1800,1800,60,pass,pass
0.31,1.55,1800,1800,60,pass,pass
0.31,1.56,1800,1800,60,pass,pass
0.31,1.57,1800,1800,60,pass,pass
0.31,1.58,1800,1800,60,pass,pass
0.31,1.59,1800,1800,60,pass,pass
0.31,1.6,1800,1800,60,pass,pass
0.31,1.61,1800,1800,60,pass,pass
0.31,1.62,1800,1800,60,pass,pass
0.31,1.63,1800,1800,60,pass,pass
0.31,1.64,1800,1800,60,pass,pass
0.31,1.65,1800,1800,60,pass,pass
0.31,1.66,1800,1800,60,pass,pass
0.31,1.67,1800,1800,60,pass,pass
0.31,1.68,1800,1800,60,pass,pass
0.31,1.69,1800,1800,60,pass,pass
0.31,1.7,1800,1800,60,pass,pass
0.31,1.71,1800,1800,60,pass,pass
0.31,1.72,1800,1800,60,pass,pass
0.31,1.73,1800,1800,60,pass,pass
0.31,1.74,1800,1800,60,pass,pass
0.31,1.75,1800,1800,60,pass,pass
0.31,1.76,1800,1800,60,pass,pass
0.31,1.77,1800,1800,60,pass,pass
0.31,1.78,1800,1800,60,pass,pass
0.31,1.79,1800,1800,60,pass,pass
0.31,1.8,1800,1800,60,pass,pass
0.31,1.81,1800,1800,60,pass,pass
0.31,1.82,1800,1800,60,pass,pass
0.31,1.83,1800,1800,60,pass,pass
0.31,1.84,1800,1800,60,pass,pass
0.31,1.85,1800,1800,60,pass,pass
0.31,1.86,1800,1800,60,pass,pass
0.31,1.87,1800,1800,60,pass,pass
0.31,1.88,1800,1800,60,pass,pass
0.31,1.89,1800,1800,60,pass,pass
0.31,1.9,1800,1800,60,pass,pass
0.31,1.91,1800,1800,60,pass,pass
0.31,1.92,1800,1800,60,pass,pass
0.31,1.93,1800,1800,60,pass,pass
0.31,1.94,1800,1800,60,pass,pass
0.31,1.95,1800,1800,60,pass,pass
0.31,1.96,1800,1800,60,pass,pass
0.31,1.97,1800,1800,60,pass,pass
0.31,1.98,1800,1800,60,pass,pass
0.31,1.99,1800,1800,60,pass,pass
0.31,2.0,1800,1800,60,pass,pass
0.31,2.01,1800,1800,60,pass,pass
0.31,2.02,1800,1800,60,pass,pass
0.31,2.03,1800,1800,60,pass,pass
0.31,2.04,1800,1800,60,pass,pass
0.31,2.05,1800,1800,60,pass,pass
0.31,2.06,1800,1800,60,pass,pass
0.31,2.07,1800,1800,60,pass,pass
0.31,2.08,1800,1800,60,pass,pass
0.31,2.09,1800,1800,60,pass,pass
0.31,2.1,1800,1800,60,pass,pass
0.31,2.11,1800,1800,60,pass,pass
0.31,2.12,1800,1800,60,pass,pass
0.31,2.13,1800,1800,60,pass,pass
0.31,2.14,1800,1800,60,pass,pass
0.31,2.15,1800,1800,60,pass,pass
0.31,2.16,1800,1800,60,pass,pass
0.31,2.17,1800,1800,60,pass,pass
0.31,2.18,1800,1800,60,pass,pass
0.31,2.19,1800,1800,60,pass,pass
0.31,2.2,1800,1800,60,pass,pass
0.31,2.21,1800,1800,60,pass,pass
0.31,2.22,1800,1800,60,pass,pass
0.31,2.23,1800,1800,60,pass,pass
0.31,2.24,1800,1800,60,pass,pass
0.31,2.25,1800,1800,60,pass,pass
0.31,2.26,1800,1800,60,pass,pass
0.31,2.27,1800,1800,60,pass,pass
0.31,2.28,1800,1800,60,pass,pass
0.31,2.29,1800,1800,60,pass,pass
0.31,2.3,1800,1800,60,pass,pass
0.31,2.31,1800,1800,60,pass,pass
0.31,2.32,1800,1800,60,pass,pass
0.31,2.33,1800,1800,60,pass,pass
0.31,2.34,1800,1800,60,pass,pass
0.31,2.35,1800,1800,60,pass,pass
0.31,2.36,1800,1800,60,pass,pass
0.31,2.37,1800,1800,60,pass,pass
0.31,2.38,1800,1800,60,pass,pass
0.31,2.39,1800,1800,60,pass,pass
0.31,2.4,1800,1800,60,pass,pass
0.31,2.41,1800,1800,60,pass,pass
0.31,2.42,1800,1800,60,pass,pass
0.31,2.43,1800,1800,60,pass,pass
0.31,2.44,1800,1800,60,pass,pass
0.31,2.45,1800,1800,60,pass,pass
0.31,2.46,1800,1800,60,pass,pass
0.31,2.47,1800,1800,60,pass,pass
0.31,2.48,1800,1800,60,pass,pass
0.31,2.49,1800,1800,60,pass,pass
0.31,2.5,1800,1800,60,pass,pass
0.33,0.01,1800,1800,60,pass,pass
0.33,0.02,1800,1800,60,pass,pass
0.33,0.03,1800,1800,60,pass,pass
0.33,0.04,1800,1800,60,pass,pass
0.33,0.05,1800,1800,60,pass,pass
0.33,0.06,1800,1800,60,pass,pass
0.33,0.07,1800,1800,60,pass,pass
0.33,0.08,1800,1800,60,pass,pass
0.33,0.09,1800,1800,60,pass,pass
0.33,0.1,1800,1800,60,pass,pass
0.33,0.11,1800,1800,60,pass,pass
0.33,0.12,1800,1800,60,pass,pass
0.33,0.13,1800,1800,60,pass,pass
0.33,0.14,1800,1800,60,pass,pass
0.33,0.15,1800,1800,60,pass,pass
0.33,0.16,1800,1800,60,pass,pass
0.33,0.17,1800,1800,60,pass,pass
0.33,0.18,1800,1800,60,pass,pass
0.33,0.19,1800,1800,60,pass,pass
0.33,0.2,1800,1800,60,pass,pass
0.33,0.21,1800,1800,60,pass,pass
0.33,0.22,1800,1800,60,pass,pass
0.33,0.23,1800,1800,60,pass,pass
0.33,0.24,1800,1800,60,pass,pass
0.33,0.25,1800,1800,60,pass,pass
0.33,0.26,1800,1800,60,pass,pass
0.33,0.27,1800,1800,60,pass,pass
0.33,0.28,1800,1800,60,pass,pass
0.33,0.29,1800,1800,60,pass,pass
0.33,0.3,1800,1800,60,pass,pass
0.33,0.31,1800,1800,60,pass,pass
0.33,0.32,1800,1800,60,pass,pass
0.33,0.33,1800,1800,60,pass,pass
0.33,0.34,1800,1800,60,pass,pass
0.33,0.35,1800,1800,60,pass,pass
0.33,0.36,1800,1800,60,pass,pass
0.33,0.37,1800,1800,60,pass,pass
0.33,0.38,1800,1800,60,pass,pass
0.33,0.39,1800,1800,60,pass,pass
0.33,0.4,1800,1800,60,pass,pass
0.33,0.41,1800,1800,60,pass,pass
0.33,0.42,1800,1800,60,pass,pass
0.33,0.43,1800,1800,60,pass,pass
0.33,0.44,1800,1800,60,pass,pass
0.33,0.45,1800,1800,60,pass,pass
0.33,0.46,1800,1800,60,pass,pass
0.33,0.47,1800,1800,60,pass,pass
0.33,0.48,1800,1800,60,pass,pass
0.33,0.49,1800,1800,60,pass,pass
0.33,0.5,1800,1800,60,pass,pass
0.33,0.51,1800,1800,60,pass,pass
0.33,0.52,1800,1800,60,pass,pass
0.33,0.53,1800,1800,60,pass,pass
0.33,0.54,1800,1800,60,pass,pass
0.33,0.55,1800,1800,60,pass,pass
0.33,0.56,1800,1800,60,pass,pass
0.33,0.57,1800,1800,60,pass,pass
0.33,0.58,1800,1800,60,pass,pass
0.33,0.59,1800,1800,60,pass,pass
0.33,0.6,1800,1800,60,pass,pass
0.33,0.61,1800,1800,60,pass,pass
0.33,0.62,1800,1800,60,pass,pass
0.33,0.63,1800,1800,60,pass,pass
0.33,0.64,1800,1800,60,pass,pass
0.33,0.65,1800,1800,60,pass,pass
0.33,0.66,1800,1800,60,pass,pass
0.33,0.67,1800,1800,60,pass,pass
0.33,0.68,1800,1800,60,pass,pass
0.33,0.69,1800,1800,60,pass,pass
0.33,0.7,1800,1800,60,pass,pass
0.33,0.71,1800,1800,60,pass,pass
0.33,0.72,1800,1800,60,pass,pass
0.33,0.73,1800,1800,60,pass,pass
0.33,0.74,1800,1800,60,pass,pass
0.33,0.75,1800,1800,60,pass,pass
0.33,0.76,1800,1800,60,pass,pass
0.33,0.77,1800,1800,60,pass,pass
0.33,0.78,1800,1800,60,pass,pass
0.33,0.79,1800,1800,60,pass,pass
0.33,0.8,1800,1800,60,pass,pass
0.33,0.81,1800,1800,60,pass,pass
0.33,0.82,1800,1800,60,pass,pass
0.33,0.83,1800,1800,60,pass,pass
0.33,0.84,1800,1800,60,pass,pass
0.33,0.85,1800,1800,60,pass,pass
0.33,0.86,1800,1800,60,pass,pass
0.33,0.87,1800,1800,60,pass,pass
0.33,0.88,1800,1800,60,pass,pass
0.33,0.89,1800,1800,60,pass,pass
0.33,0.9,1800,1800,60,pass,pass
0.33,0.91,1800,1800,60,pass,pass
0.33,0.92,1800,1800,60,pass,pass
0.33,0.93,1800,1800,60,pass,pass
0.33,0.94,1800,1800,60,pass,pass
0.33,0.95,1800,1800,60,pass,pass
0.33,0.96,1800,1800,60,pass,pass
0.33,0.97,1800,1800,60,pass,pass
0.33,0.98,1800,1800,60,pass,pass
0.33,0.99,1800,1800,60,pass,pass
0.33,1.0,1800,1800,60,pass,pass
0.33,1.01,1800,1800,60,pass,pass
0.33,1.02,1800,1800,60,pass,pass
0.33,1.03,1800,1800,60,pass,pass
0.33,1.04,1800,1800,60,pass,pass
0.33,1.05,1800,1800,60,pass,pass
0.33,1.06,1800,1800,60,pass,pass
0.33,1.07,1800,1800,60,pass,pass
0.33,1.08,1800,1800,60,pass,pass
0.33,1.09,1800,1800,60,pass,pass
0.33,1.1,1800,1800,60,pass,pass
0.33,1.11,1800,1800,60,pass,pass
0.33,1.12,1800,1800,60,pass,pass
0.33,1.13,1800,1800,60,pass,pass
0.33,1.14,1800,1800,60,pass,pass
0.33,1.15,1800,1800,60,pass,pass
0.33,1.16,1800,1800,60,pass,pass
0.33,1.17,1800,1800,60,pass,pass
0.33,1.18,1800,1800,60,pass,pass
0.33,1.19,1800,1800,60,pass,pass
0.33,1.2,1800,1800,60,pass,pass
0.33,1.21,1800,1800,60,pass,pass
0.33,1.22,1800,1800,60,pass,pass
0.33,1.23,1800,1800,60,pass,pass
0.33,1.24,1800,1800,60,pass,pass
0.33,1.25,1800,1800,60,pass,pass
0.33,1.26,1800,1800,60,pass,pass
0.33,1.27,1800,1800,60,pass,pass
0.33,1.28,1800,1800,60,pass,pass
0.33,1.29,1800,1800,60,pass,pass
0.33,1.3,1800,1800,60,pass,pass
0.33,1.31,1800,1800,60,pass,pass
0.33,1.32,1800,1800,60,pass,pass
0.33,1.33,1800,1800,60,pass,pass
0.33,1.34,1800,1800,60,pass,pass
0.33,1.35,1800,1800,60,pass,pass
0.33,1.36,1800,1800,60,pass,pass
0.33,1.37,1800,1800,60,pass,pass
0.33,1.38,1800,1800,60,pass,pass
0.33,1.39,1800,1800,60,pass,pass
0.33,1.4,1800,1800,60,pass,pass
0.33,1.41,1800,1800,60,pass,pass
0.33,1.42,1800,1800,60,pass,pass
0.33,1.43,1800,1800,60,pass,pass
0.33,1.44,1800,1800,60,pass,pass
0.33,1.45,1800,1800,60,pass,pass
0.33,1.46,1800,1800,60,pass,pass
0.33,1.47,1800,1800,60,pass,pass
0.33,1.48,1800,1800,60,pass,pass
0.33,1.49,1800,1800,60,pass,pass
0.33,1.5,1800,1800,60,pass,pass
0.33,1.51,1800,1800,60,pass,pass
0.33,1.52,1800,1800,60,pass,pass
0.33,1.53,1800,1800,60,pass,pass
0.33,1.54,1800,1800,60,pass,pass
0.33,1.55,1800,1800,60,pass,pass
0.33,1.56,1800,1800,60,pass,pass
0.33,1.57,1800,1800,60,pass,pass
0.33,1.58,1800,1800,60,pass,pass
0.33,1.59,1800,1800,60,pass,pass
0.33,1.6,1800,1800,60,pass,pass
0.33,1.61,1800,1800,60,pass,pass
0.33,1.62,1800,1800,60,pass,pass
0.33,1.63,1800,1800,60,pass,pass
0.33,1.64,1800,1800,60,pass,pass
0.33,1.65,1800,1800,60,pass,pass
0.33,1.66,1800,1800,60,pass,pass
0.33,1.67,1800,1800,60,pass,pass
0.33,1.68,1800,1800,60,pass,pass
0.33,1.69,1800,1800,60,pass,pass
0.33,1.7,1800,1800,60,pass,pass
0.33,1.71,1800,1800,60,pass,pass
0.33,1.72,1800,1800,60,pass,pass
0.33,1.73,1800,1800,60,pass,pass
0.33,1.74,1800,1800,60,pass,pass
0.33,1.75,1800,1800,60,pass,pass
0.33,1.76,1800,1800,60,pass,pass
0.33,1.77,1800,1800,60,pass,pass
0.33,1.78,1800,1800,60,pass,pass
0.33,1.79,1800,1800,60,pass,pass
0.33,1.8,1800,1800,60,pass,pass
0.33,1.81,1800,1800,60,pass,pass
0.33,1.82,1800,1800,60,pass,pass
0.33,1.83,1800,1800,60,pass,pass
0.33,1.84,1800,1800,60,pass,pass
0.33,1.85,1800,1800,60,pass,pass
0.33,1.86,1800,1800,60,pass,pass
0.33,1.87,1800,1800,60,pass,pass
0.33,1.88,1800,1800,60,pass,pass
0.33,1.89,1800,1800,60,pass,pass
0.33,1.9,1800,1800,60,pass,pass
0.33,1.91,1800,1800,60,pass,pass
0.33,1.92,1800,1800,60,pass,pass
0.33,1.93,1800,1800,60,pass,pass
0.33,1.94,1800,1800,60,pass,pass
0.33,1.95,1800,1800,60,pass,pass
0.33,1.96,1800,1800,60,pass,pass
0.33,1.97,1800,1800,60,pass,pass
0.33,1.98,1800,1800,60,pass,pass
0.33,1.99,1800,1800,60,pass,pass
0.33,2.0,1800,1800,60,pass,pass
0.33,2.01,1800,1800,60,pass,pass
0.33,2.02,1800,1800,60,pass,pass
0.33,2.03,1800,1800,60,pass,pass
0.33,2.04,1800,1800,60,pass,pass
0.33,2.05,1800,1800,60,pass,pass
0.33,2.06,1800,1800,60,pass,pass
0.33,2.07,1800,1800,60,pass,pass
0.33,2.08,1800,1800,60,pass,pass
0.33,2.09,1800,1800,60,pass,pass
0.33,2.1,1800,1800,60,pass,pass
0.33,2.11,1800,1800,60,pass,pass
0.33,2.12,1800,1800,60,pass,pass
0.33,2.13,1800,1800,60,pass,pass
0.33,2.14,1800,1800,60,pass,pass
0.33,2.15,1800,1800,60,pass,pass
0.33,2.16,1800,1800,60,pass,pass
0.33,2.17,1800,1800,60,pass,pass
0.33,2.18,1800,1800,60,pass,pass
0.33,2.19,1800,1800,60,pass,pass
0.33,2.2,1800,1800,60,pass,pass
0.33,2.21,1800,1800,60,pass,pass
0.33,2.22,1800,1800,60,pass,pass
0.33,2.23,1800,1800,60,pass,pass
0.33,2.24,1800,1800,60,pass,pass
0.33,2.25,1800,1800,60,pass,pass
0.33,2.26,1800,1800,60,pass,pass
0.33,2.27,1800,1800,60,pass,pass
0.33,2.28,1800,1800,60,pass,pass
0.33,2.29,1800,1800,60,pass,pass
0.33,2.3,1800,1800,60,pass,pass
0.33,2.31,1800,1800,60,pass,pass
0.33,2.32,1800,1800,60,pass,pass
0.33,2.33,1800,1800,60,pass,pass
0.33,2.34,1800,1800,60,pass,pass
0.33,2.35,1800,1800,60,pass,pass
0.33,2.36,1800,1800,60,pass,pass
0.33,2.37,1800,1800,60,pass,pass
0.33,2.38,1800,1800,60,pass,pass
0.33,2.39,1800,1800,60,pass,pass
0.33,2.4,1800,1800,60,pass,pass
0.33,2.41,1800,1800,60,pass,pass
0.33,2.42,1800,1800,60,pass,pass
0.33,2.43,1800,1800,60,pass,pass
0.33,2.44,1800,1800,60,pass,pass
0.33,2.45,1800,1800,60,pass,pass
0.33,2.46,1800,1800,60,pass,pass
0.33,2.47,1800,1800,60,pass,pass
0.33,2.48,1800,1800,60,pass,pass
0.33,2.49,1800,1800,60,pass,pass
0.33,2.5,1800,1800,60,pass,pass
0.35,0.01,1800,1800,60,pass,pass
0.35,0.02,1800,1800,60,pass,pass
0.35,0.03,1800,1800,60,pass,pass
0.35,0.04,1800,1800,60,pass,pass
0.35,0.05,1800,1800,60,pass,pass
0.35,0.06,1800,1800,60,pass,pass
0.35,0.07,1800,1800,60,pass,pass
0.35,0.08,1800,1800,60,pass,pass
0.35,0.09,1800,1800,60,pass,pass
0.35,0.1,1800,1800,60,pass,pass
0.35,0.11,1800,1800,60,pass,pass
0.35,0.12,1800,1800,60,pass,pass
0.35,0.13,1800,1800,60,pass,pass
0.35,0.14,1800,1800,60,pass,pass
0.35,0.15,1800,1800,60,pass,pass
0.35,0.16,1800,1800,60,pass,pass
0.35,0.17,1800,1800,60,pass,pass
0.35,0.18,1800,1800,60,pass,pass
0.35,0.19,1800,1800,60,pass,pass
0.35,0.2,1800,1800,60,pass,pass
0.35,0.21,1800,1800,60,pass,pass
0.35,0.22,1800,1800,60,pass,pass
0.35,0.23,1800,1800,60,pass,pass
0.35,0.24,1800,1800,60,pass,pass
0.35,0.25,1800,1800,60,pass,pass
0.35,0.26,1800,1800,60,pass,pass
0.35,0.27,1800,1800,60,pass,pass
0.35,0.28,1800,1800,60,pass,pass
0.35,0.29,1800,1800,60,pass,pass
0.35,0.3,1800,1800,60,pass,pass
0.35,0.31,1800,1800,60,pass,pass
0.35,0.32,1800,1800,60,pass,pass
0.35,0.33,1800,1800,60,pass,pass
0.35,0.34,1800,1800,60,pass,pass
0.35,0.35,1800,1800,60,pass,pass
0.35,0.36,1800,1800,60,pass,pass
0.35,0.37,1800,1800,60,pass,pass
0.35,0.38,1800,1800,60,pass,pass
0.35,0.39,1800,1800,60,pass,pass
0.35,0.4,1800,1800,60,pass,pass
0.35,0.41,1800,1800,60,pass,pass
0.35,0.42,1800,1800,60,pass,pass
0.35,0.43,1800,1800,60,pass,pass
0.35,0.44,1800,1800,60,pass,pass
0.35,0.45,1800,1800,60,pass,pass
0.35,0.46,1800,1800,60,pass,pass
0.35,0.47,1800,1800,60,pass,pass
0.35,0.48,1800,1800,60,pass,pass
0.35,0.49,1800,1800,60,pass,pass
0.35,0.5,1800,1800,60,pass,pass
0.35,0.51,1800,1800,60,pass,pass
0.35,0.52,1800,1800,60,pass,pass
0.35,0.53,1800,1800,60,pass,pass
0.35,0.54,1800,1800,60,pass,pass
0.35,0.55,1800,1800,60,pass,pass
0.35,0.56,1800,1800,60,pass,pass
0.35,0.57,1800,1800,60,pass,pass
0.35,0.58,1800,1800,60,pass,pass
0.35,0.59,1800,1800,60,pass,pass
0.35,0.6,1800,1800,60,pass,pass
0.35,0.61,1800,1800,60,pass,pass
0.35,0.62,1800,1800,60,pass,pass
0.35,0.63,1800,1800,60,pass,pass
0.35,0.64,1800,1800,60,pass,pass
0.35,0.65,1800,1800,60,pass,pass
0.35,0.66,1800,1800,60,pass,pass
0.35,0.67,1800,1800,60,pass,pass
0.35,0.68,1800,1800,60,pass,pass
0.35,0.69,1800,1800,60,pass,pass
0.35,0.7,1800,1800,60,pass,pass
0.35,0.71,1800,1800,60,pass,pass
0.35,0.72,1800,1800,60,pass,pass
0.35,0.73,1800,1800,60,pass,pass
0.35,0.74,1800,1800,60,pass,pass
0.35,0.75,1800,1800,60,pass,pass
0.35,0.76,1800,1800,60,pass,pass
0.35,0.77,1800,1800,60,pass,pass
0.35,0.78,1800,1800,60,pass,pass
0.35,0.79,1800,1800,60,pass,pass
0.35,0.8,1800,1800,60,pass,pass
0.35,0.81,1800,1800,60,pass,pass
0.35,0.82,1800,1800,60,pass,pass
0.35,0.83,1800,1800,60,pass,pass
0.35,0.84,1800,1800,60,pass,pass
0.35,0.85,1800,1800,60,pass,pass
0.35,0.86,1800,1800,60,pass,pass
0.35,0.87,1800,1800,60,pass,pass
0.35,0.88,1800,1800,60,pass,pass
0.35,0.89,1800,1800,60,pass,pass
0.35,0.9,1800,1800,60,pass,pass
0.35,0.91,1800,1800,60,pass,pass
0.35,0.92,1800,1800,60,pass,pass
0.35,0.93,1800,1800,60,pass,pass
0.35,0.94,1800,1800,60,pass,pass
0.35,0.95,1800,1800,60,pass,pass
0.35,0.96,1800,1800,60,pass,pass
0.35,0.97,1800,1800,60,pass,pass
0.35,0.98,1800,1800,60,pass,pass
0.35,0.99,1800,1800,60,pass,pass
0.35,1.0,1800,1800,60,pass,pass
0.35,1.01,1800,1800,60,pass,pass
0.35,1.02,1800,1800,60,pass,pass
0.35,1.03,1800,1800,60,pass,pass
0.35,1.04,1800,1800,60,pass,pass
0.35,1.05,1800,1800,60,pass,pass
0.35,1.06,1800,1800,60,pass,pass
0.35,1.07,1800,1800,60,pass,pass
0.35,1.08,1800,1800,60,pass,pass
0.35,1.09,1800,1800,60,pass,pass
0.35,1.1,1800,1800,60,pass,pass
0.35,1.11,1800,1800,60,pass,pass
0.35,1.12,1800,1800,60,pass,pass
0.35,1.13,1800,1800,60,pass,pass
0.35,1.14,1800,1800,60,pass,pass
0.35,1.15,1800,1800,60,pass,pass
0.35,1.16,1800,1800,60,pass,pass
0.35,1.17,1800,1800,60,pass,pass
0.35,1.18,1800,1800,60,pass,pass
0.35,1.19,1800,1800,60,pass,pass
0.35,1.2,1800,1800,60,pass,pass
0.35,1.21,1800,1800,60,pass,pass
0.35,1.22,1800,1800,60,pass,pass
0.35,1.23,1800,1800,60,pass,pass
0.35,1.24,1800,1800,60,pass,pass
0.35,1.25,1800,1800,60,pass,pass
0.35,1.26,1800,1800,60,pass,pass
0.35,1.27,1800,1800,60,pass,pass
0.35,1.28,1800,1800,60,pass,pass
0.35,1.29,1800,1800,60,pass,pass
0.35,1.3,1800,1800,60,pass,pass
0.35,1.31,1800,1800,60,pass,pass
0.35,1.32,1800,1800,60,pass,pass
0.35,1.33,1800,1800,60,pass,pass
0.35,1.34,1800,1800,60,pass,pass
0.35,1.35,1800,1800,60,pass,pass
0.35,1.36,1800,1800,60,pass,pass
0.35,1.37,1800,1800,60,pass,pass
0.35,1.38,1800,1800,60,pass,pass
0.35,1.39,1800,1800,60,pass,pass
0.35,1.4,1800,1800,60,pass,pass
0.35,1.41,1800,1800,60,pass,pass
0.35,1.42,1800,1800,60,pass,pass
0.35,1.43,1800,1800,60,pass,pass
0.35,1.44,1800,1800,60,pass,pass
0.35,1.45,1800,1800,60,pass,pass
0.35,1.46,1800,1800,60,pass,pass
0.35,1.47,1800,1800,60,pass,pass
0.35,1.48,1800,1800,60,pass,pass
0.35,1.49,1800,1800,60,pass,pass
0.35,1.5,1800,1800,60,pass,pass
0.35,1.51,1800,1800,60,pass,pass
0.35,1.52,1800,1800,60,pass,pass
0.35,1.53,1800,1800,60,pass,pass
0.35,1.54,1800,1800,60,pass,pass
0.35,1.55,1800,1800,60,pass,pass
0.35,1.56,1800,1800,60,pass,pass
0.35,1.57,1800,1800,60,pass,pass
0.35,1.58,1800,1800,60,pass,pass
0.35,1.59,1800,1800,60,pass,pass
0.35,1.6,1800,1800,60,pass,pass
0.35,1.61,1800,1800,60,pass,pass
0.35,1.62,1800,1800,60,pass,pass
0.35,1.63,1800,1800,60,pass,pass
0.35,1.64,1800,1800,60,pass,pass
0.35,1.65,1800,1800,60,pass,pass
0.35,1.66,1800,1800,60,pass,pass
0.35,1.67,1800,1800,60,pass,pass
0.35,1.68,1800,1800,60,pass,pass
0.35,1.69,1800,1800,60,pass,pass
0.35,1.7,1800,1800,60,pass,pass
0.35,1.71,1800,1800,60,pass,pass
0.35,1.72,1800,1800,60,pass,pass
0.35,1.73,1800,1800,60,pass,pass
0.35,1.74,1800,1800,60,pass,pass
0.35,1.75,1800,1800,60,pass,pass
0.35,1.76,1800,1800,60,pass,pass
0.35,1.77,1800,1800,60,pass,pass
0.35,1.78,1800,1800,60,pass,pass
0.35,1.79,1800,1800,60,pass,pass
0.35,1.8,1800,1800,60,pass,pass
0.35,1.81,1800,1800,60,pass,pass
0.35,1.82,1800,1800,60,pass,pass
0.35,1.83,1800,1800,60,pass,pass
0.35,1.84,1800,1800,60,pass,pass
0.35,1.85,1800,1800,60,pass,pass
0.35,1.86,1800,1800,60,pass,pass
0.35,1.87,1800,1800,60,pass,pass
0.35,1.88,1800,1800,60,pass,pass
0.35,1.89,1800,1800,60,pass,pass
0.35,1.9,1800,1800,60,pass,pass
0.35,1.91,1800,1800,60,pass,pass
0.35,1.92,1800,1800,60,pass,pass
0.35,1.93,1800,1800,60,pass,pass
0.35,1.94,1800,1800,60,pass,pass
0.35,1.95,1800,1800,60,pass,pass
0.35,1.96,1800,1800,60,pass,pass
0.35,1.97,1800,1800,60,pass,pass
0.35,1.98,1800,1800,60,pass,pass
0.35,1.99,1800,1800,60,pass,pass
0.35,2.0,1800,1800,60,pass,pass
0.35,2.01,1800,1800,60,pass,pass
0.35,2.02,1800,1800,60,pass,pass
0.35,2.03,1800,1800,60,pass,pass
0.35,2.04,1800,1800,60,pass,pass
0.35,2.05,1800,1800,60,pass,pass
0.35,2.06,1800,1800,60,pass,pass
0.35,2.07,1800,1800,60,pass,pass
0.35,2.08,1800,1800,60,pass,pass
0.35,2.09,1800,1800,60,pass,pass
0.35,2.1,1800,1800,60,pass,pass
0.35,2.11,1800,1800,60,pass,pass
0.35,2.12,1800,1800,60,pass,pass
0.35,2.13,1800,1800,60,pass,pass
0.35,2.14,1800,1800,60,pass,pass
0.35,2.15,1800,1800,60,pass,pass
0.35,2.16,1800,1800,60,pass,pass
0.35,2.17,1800,1800,60,pass,pass
0.35,2.18,1800,1800,60,pass,pass
0.35,2.19,1800,1800,60,pass,pass
0.35,2.2,1800,1800,60,pass,pass
0.35,2.21,1800,1800,60,pass,pass
0.35,2.22,1800,1800,60,pass,pass
0.35,2.23,1800,1800,60,pass,pass
0.35,2.24,1800,1800,60,pass,pass
0.35,2.25,1800,1800,60,pass,pass
0.35,2.26,1800,1800,60,pass,pass
0.35,2.27,1800,1800,60,pass,pass
0.35,2.28,1800,1800,60,pass,pass
0.35,2.29,1800,1800,60,pass,pass
0.35,2.3,1800,1800,60,pass,pass
0.35,2.31,1800,1800,60,pass,pass
0.35,2.32,1800,1800,60,pass,pass
0.35,2.33,1800,1800,60,pass,pass
0.35,2.34,1800,1800,60,pass,pass
0.35,2.35,1800,1800,60,pass,pass
0.35,2.36,1800,1800,60,pass,pass
0.35,2.37,1800,1800,60,pass,pass
0.35,2.38,1800,1800,60,pass,pass
0.35,2.39,1800,1800,60,pass,pass
0.35,2.4,1800,1800,60,pass,pass
0.35,2.41,1800,1800,60,pass,pass
0.35,2.42,1800,1800,60,pass,pass
0.35,2.43,1800,1800,60,pass,pass
0.35,2.44,1800,1800,60,pass,pass
0.35,2.45,1800,1800,60,pass,pass
0.35,2.46,1800,1800,60,pass,pass
0.35,2.47,1800,1800,60,pass,pass
0.35,2.48,1800,1800,60,pass,pass
0.35,2.49,1800,1800,60,pass,pass
0.35,2.5,1800,1800,60,pass,pass
0.37,0.01,1800,1800,60,pass,pass
0.37,0.02,1800,1800,60,pass,pass
0.37,0.03,1800,1800,60,pass,pass
0.37,0.04,1800,1800,60,pass,pass
0.37,0.05,1800,1800,60,pass,pass
0.37,0.06,1800,1800,60,pass,pass
0.37,0.07,1800,1800,60,pass,pass
0.37,0.08,1800,1800,60,pass,pass
0.37,0.09,1800,1800,60,pass,pass
0.37,0.1,1800,1800,60,pass,pass
0.37,0.11,1800,1800,60,pass,pass
0.37,0.12,1800,1800,60,pass,pass
0.37,0.13,1800,1800,60,pass,pass
0.37,0.14,1800,1800,60,pass,pass
0.37,0.15,1800,1800,60,pass,pass
0.37,0.16,1800,1800,60,pass,pass
0.37,0.17,1800,1800,60,pass,pass
0.37,0.18,1800,1800,60,pass,pass
0.37,0.19,1800,1800,60,pass,pass
0.37,0.2,1800,1800,60,pass,pass
0.37,0.21,1800,1800,60,pass,pass
0.37,0.22,1800,1800,60,pass,pass
0.37,0.23,1800,1800,60,pass,pass
0.37,0.24,1800,1800,60,pass,pass
0.37,0.25,1800,1800,60,pass,pass
0.37,0.26,1800,1800,60,pass,pass
0.37,0.27,1800,1800,60,pass,pass
0.37,0.28,1800,1800,60,pass,pass
0.37,0.29,1800,1800,60,pass,pass
0.37,0.3,1800,1800,60,pass,pass
0.37,0.31,1800,1800,60,pass,pass
0.37,0.32,1800,1800,60,pass,pass
0.37,0.33,1800,1800,60,pass,pass
0.37,0.34,1800,1800,60,pass,pass
0.37,0.35,1800,1800,60,pass,pass
0.37,0.36,1800,1800,60,pass,pass
0.37,0.37,1800,1800,60,pass,pass
0.37,0.38,1800,1800,60,pass,pass
0.37,0.39,1800,1800,60,pass,pass
0.37,0.4,1800,1800,60,pass,pass
0.37,0.41,1800,1800,60,pass,pass
0.37,0.42,1800,1800,60,pass,pass
0.37,0.43,1800,1800,60,pass,pass
0.37,0.44,1800,1800,60,pass,pass
0.37,0.45,1800,1800,60,pass,pass
0.37,0.46,1800,1800,60,pass,pass
0.37,0.47,1800,1800,60,pass,pass
0.37,0.48,1800,1800,60,pass,pass
0.37,0.49,1800,1800,60,pass,pass
0.37,0.5,1800,1800,60,pass,pass
0.37,0.51,1800,1800,60,pass,pass
0.37,0.52,1800,1800,60,pass,pass
0.37,0.53,1800,1800,60,pass,pass
0.37,0.54,1800,1800,60,pass,pass
0.37,0.55,1800,1800,60,pass,pass
0.37,0.56,1800,1800,60,pass,pass
0.37,0.57,1800,1800,60,pass,pass
0.37,0.58,1800,1800,60,pass,pass
0.37,0.59,1800,1800,60,pass,pass
0.37,0.6,1800,1800,60,pass,pass
0.37,0.61,1800,1800,60,pass,pass
0.37,0.62,1800,1800,60,pass,pass
0.37,0.63,1800,1800,60,pass,pass
0.37,0.64,1800,1800,60,pass,pass
0.37,0.65,1800,1800,60,pass,pass
0.37,0.66,1800,1800,60,pass,pass
0.37,0.67,1800,1800,60,pass,pass
0.37,0.68,1800,1800,60,pass,pass
0.37,0.69,1800,1800,60,pass,pass
0.37,0.7,1800,1800,60,pass,pass
0.37,0.71,1800,1800,60,pass,pass
0.37,0.72,1800,1800,60,pass,pass
0.37,0.73,1800,1800,60,pass,pass
0.37,0.74,1800,1800,60,pass,pass
0.37,0.75,1800,1800,60,pass,pass
0.37,0.76,1800,1800,60,pass,pass
0.37,0.77,1800,1800,60,pass,pass
0.37,0.78,1800,1800,60,pass,pass
0.37,0.79,1800,1800,60,pass,pass
0.37,0.8,1800,1800,60,pass,pass
0.37,0.81,1800,1800,60,pass,pass
0.37,0.82,1800,1800,60,pass,pass
0.37,0.83,1800,1800,60,pass,pass
0.37,0.84,1800,1800,60,pass,pass
0.37,0.85,1800,1800,60,pass,pass
0.37,0.86,1800,1800,60,pass,pass
0.37,0.87,1800,1800,60,pass,pass
0.37,0.88,1800,1800,60,pass,pass
0.37,0.89,1800,1800,60,pass,pass
0.37,0.9,1800,1800,60,pass,pass
0.37,0.91,1800,1800,60,pass,pass
0.37,0.92,1800,1800,60,pass,pass
0.37,0.93,1800,1800,60,pass,pass
0.37,0.94,1800,1800,60,pass,pass
0.37,0.95,1800,1800,60,pass,pass
0.37,0.96,1800,1800,60,pass,pass
0.37,0.97,1800,1800,60,pass,pass
0.37,0.98,1800,1800,60,pass,pass
0.37,0.99,1800,1800,60,pass,pass
0.37,1.0,1800,1800,60,pass,pass
0.37,1.01,1800,1800,60,pass,pass
0.37,1.02,1800,1800,60,pass,pass
0.37,1.03,1800,1800,60,pass,pass
0.37,1.04,1800,1800,60,pass,pass
0.37,1.05,1800,1800,60,pass,pass
0.37,1.06,1800,1800,60,pass,pass
0.37,1.07,1800,1800,60,pass,pass
0.37,1.08,1800,1800,60,pass,pass
0.37,1.09,1800,1800,60,pass,pass
0.37,1.1,1800,1800,60,pass,pass
0.37,1.11,1800,1800,60,pass,pass
0.37,1.12,1800,1800,60,pass,pass
0.37,1.13,1800,1800,60,pass,pass
0.37,1.14,1800,1800,60,pass,pass
0.37,1.15,1800,1800,60,pass,pass
0.37,1.16,1800,1800,60,pass,pass
0.37,1.17,1800,1800,60,pass,pass
0.37,1.18,1800,1800,60,pass,pass
0.37,1.19,1800,1800,60,pass,pass
0.37,1.2,1800,1800,60,pass,pass
0.37,1.21,1800,1800,60,pass,pass
0.37,1.22,1800,1800,60,pass,pass
0.37,1.23,1800,1800,60,pass,pass
0.37,1.24,1800,1800,60,pass,pass
0.37,1.25,1800,1800,60,pass,pass
0.37,1.26,1800,1800,60,pass,pass
0.37,1.27,1800,1800,60,pass,pass
0.37,1.28,1800,1800,60,pass,pass
0.37,1.29,1800,1800,60,pass,pass
0.37,1.3,1800,1800,60,pass,pass
0.37,1.31,1800,1800,60,pass,pass
0.37,1.32,1800,1800,60,pass,pass
0.37,1.33,1800,1800,60,pass,pass
0.37,1.34,1800,1800,60,pass,pass
0.37,1.35,1800,1800,60,pass,pass
0.37,1.36,1800,1800,60,pass,pass
0.37,1.37,1800,1800,60,pass,pass
0.37,1.38,1800,1800,60,pass,pass
0.37,1.39,1800,1800,60,pass,pass
0.37,1.4,1800,1800,60,pass,pass
0.37,1.41,1800,1800,60,pass,pass
0.37,1.42,1800,1800,60,pass,pass
0.37,1.43,1800,1800,60,pass,pass
0.37,1.44,1800,1800,60,pass,pass
0.37,1.45,1800,1800,60,pass,pass
0.37,1.46,1800,1800,60,pass,pass
0.37,1.47,1800,1800,60,pass,pass
0.37,1.48,1800,1800,60,pass,pass
0.37,1.49,1800,1800,60,pass,pass
0.37,1.5,1800,1800,60,pass,pass
0.37,1.51,1800,1800,60,pass,pass
0.37,1.52,1800,1800,60,pass,pass
0.37,1.53,1800,1800,60,pass,pass
0.37,1.54,1800,1800,60,pass,pass
0.37,1.55,1800,1800,60,pass,pass
0.37,1.56,1800,1800,60,pass,pass
0.37,1.57,1800,1800,60,pass,pass
0.37,1.58,1800,1800,60,pass,pass
0.37,1.59,1800,1800,60,pass,pass
0.37,1.6,1800,1800,60,pass,pass
0.37,1.61,1800,1800,60,pass,pass
0.37,1.62,1800,1800,60,pass,pass
0.37,1.63,1800,1800,60,pass,pass
0.37,1.64,1800,1800,60,pass,pass
0.37,1.65,1800,1800,60,pass,pass
0.37,1.66,1800,1800,60,pass,pass
0.37,1.67,1800,1800,60,pass,pass
0.37,1.68,1800,1800,60,pass,pass
0.37,1.69,1800,1800,60,pass,pass
0.37,1.7,1800,1800,60,pass,pass
0.37,1.71,1800,1800,60,pass,pass
0.37,1.72,1800,1800,60,pass,pass
0.37,1.73,1800,1800,60,pass,pass
0.37,1.74,1800,1800,60,pass,pass
0.37,1.75,1800,1800,60,pass,pass
0.37,1.76,1800,1800,60,pass,pass
0.37,1.77,1800,1800,60,pass,pass
0.37,1.78,1800,1800,60,pass,pass
0.37,1.79,1800,1800,60,pass,pass
0.37,1.8,1800,1800,60,pass,pass
0.37,1.81,1800,1800,60,pass,pass
0.37,1.82,1800,1800,60,pass,pass
0.37,1.83,1800,1800,60,pass,pass
0.37,1.84,1800,1800,60,pass,pass
0.37,1.85,1800,1800,60,pass,pass
0.37,1.86,1800,1800,60,pass,pass
0.37,1.87,1800,1800,60,pass,pass
0.37,1.88,1800,1800,60,pass,pass
0.37,1.89,1800,1800,60,pass,pass
0.37,1.9,1800,1800,60,pass,pass
0.37,1.91,1800,1800,60,pass,pass
0.37,1.92,1800,1800,60,pass,pass
0.37,1.93,1800,1800,60,pass,pass
0.37,1.94,1800,1800,60,pass,pass
0.37,1.95,1800,1800,60,pass,pass
0.37,1.96,1800,1800,60,pass,pass
0.37,1.97,1800,1800,60,pass,pass
0.37,1.98,1800,1800,60,pass,pass
0.37,1.99,1800,1800,60,pass,pass
0.37,2.0,1800,1800,60,pass,pass
0.37,2.01,1800,1800,60,pass,pass
0.37,2.02,1800,1800,60,pass,pass
0.37,2.03,1800,1800,60,pass,pass
0.37,2.04,1800,1800,60,pass,pass
0.37,2.05,1800,1800,60,pass,pass
0.37,2.06,1800,1800,60,pass,pass
0.37,2.07,1800,1800,60,pass,pass
0.37,2.08,1800,1800,60,pass,pass
0.37,2.09,1800,1800,60,pass,pass
0.37,2.1,1800,1800,60,pass,pass
0.37,2.11,1800,1800,60,pass,pass
0.37,2.12,1800,1800,60,pass,pass
0.37,2.13,1800,1800,60,pass,pass
0.37,2.14,1800,1800,60,pass,pass
0.37,2.15,1800,1800,60,pass,pass
0.37,2.16,1800,1800,60,pass,pass
0.37,2.17,1800,1800,60,pass,pass
0.37,2.18,1800,1800,60,pass,pass
0.37,2.19,1800,1800,60,pass,pass
0.37,2.2,1800,1800,60,pass,pass
0.37,2.21,1800,1800,60,pass,pass
0.37,2.22,1800,1800,60,pass,pass
0.37,2.23,1800,1800,60,pass,pass
0.37,2.24,1800,1800,60,pass,pass
0.37,2.25,1800,1800,60,pass,pass
0.37,2.26,1800,1800,60,pass,pass
0.37,2.27,1800,1800,60,pass,pass
0.37,2.28,1800,1800,60,pass,pass
0.37,2.29,1800,1800,60,pass,pass
0.37,2.3,1800,1800,60,pass,pass
0.37,2.31,1800,1800,60,pass,pass
0.37,2.32,1800,1800,60,pass,pass
0.37,2.33,1800,1800,60,pass,pass
0.37,2.34,1800,1800,60,pass,pass
0.37,2.35,1800,1800,60,pass,pass
0.37,2.36,1800,1800,60,pass,pass
0.37,2.37,1800,1800,60,pass,pass
0.37,2.38,1800,1800,60,pass,pass
0.37,2.39,1800,1800,60,pass,pass
0.37,2.4,1800,1800,60,pass,pass
0.37,2.41,1800,1800,60,pass,pass
0.37,2.42,1800,1800,60,pass,pass
0.37,2.43,1800,1800,60,pass,pass
0.37,2.44,1800,1800,60,pass,pass
0.37,2.45,1800,1800,60,pass,pass
0.37,2.46,1800,1800,60,pass,pass
0.37,2.47,1800,1800,60,pass,pass
0.37,2.48,1800,1800,60,pass,pass
0.37,2.49,1800,1800,60,pass,pass
0.37,2.5,1800,1800,60,pass,pass
0.39,0.01,1800,1800,60,pass,pass
0.39,0.02,1800,1800,60,pass,pass
0.39,0.03,1800,1800,60,pass,pass
0.39,0.04,1800,1800,60,pass,pass
0.39,0.05,1800,1800,60,pass,pass
0.39,0.06,1800,1800,60,pass,pass
0.39,0.07,1800,1800,60,pass,pass
0.39,0.08,1800,1800,60,pass,pass
0.39,0.09,1800,1800,60,pass,pass
0.39,0.1,1800,1800,60,pass,pass
0.39,0.11,1800,1800,60,pass,pass
0.39,0.12,1800,1800,60,pass,pass
0.39,0.13,1800,1800,60,pass,pass
0.39,0.14,1800,1800,60,pass,pass
0.39,0.15,1800,1800,60,pass,pass
0.39,0.16,1800,1800,60,pass,pass
0.39,0.17,1800,1800,60,pass,pass
0.39,0.18,1800,1800,60,pass,pass
0.39,0.19,1800,1800,60,pass,pass
0.39,0.2,1800,1800,60,pass,pass
0.39,0.21,1800,1800,60,pass,pass
0.39,0.22,1800,1800,60,pass,pass
0.39,0.23,1800,1800,60,pass,pass
0.39,0.24,1800,1800,60,pass,pass
0.39,0.25,1800,1800,60,pass,pass
0.39,0.26,1800,1800,60,pass,pass
0.39,0.27,1800,1800,60,pass,pass
0.39,0.28,1800,1800,60,pass,pass
0.39,0.29,1800,1800,60,pass,pass
0.39,0.3,1800,1800,60,pass,pass
0.39,0.31,1800,1800,60,pass,pass
0.39,0.32,1800,1800,60,pass,pass
0.39,0.33,1800,1800,60,pass,pass
0.39,0.34,1800,1800,60,pass,pass
0.39,0.35,1800,1800,60,pass,pass
0.39,0.36,1800,1800,60,pass,pass
0.39,0.37,1800,1800,60,pass,pass
0.39,0.38,1800,1800,60,pass,pass
0.39,0.39,1800,1800,60,pass,pass
0.39,0.4,1800,1800,60,pass,pass
0.39,0.41,1800,1800,60,pass,pass
0.39,0.42,1800,1800,60,pass,pass
0.39,0.43,1800,1800,60,pass,pass
0.39,0.44,1800,1800,60,pass,pass
0.39,0.45,1800,1800,60,pass,pass
0.39,0.46,1800,1800,60,pass,pass
0.39,0.47,1800,1800,60,pass,pass
0.39,0.48,1800,1800,60,pass,pass
0.39,0.49,1800,1800,60,pass,pass
0.39,0.5,1800,1800,60,pass,pass
0.39,0.51,1800,1800,60,pass,pass
0.39,0.52,1800,1800,60,pass,pass
0.39,0.53,1800,1800,60,pass,pass
0.39,0.54,1800,1800,60,pass,pass
0.39,0.55,1800,1800,60,pass,pass
0.39,0.56,1800,1800,60,pass,pass
0.39,0.57,1800,1800,60,pass,pass
0.39,0.58,1800,1800,60,pass,pass
0.39,0.59,1800,1800,60,pass,pass
0.39,0.6,1800,1800,60,pass,pass
0.39,0.61,1800,1800,60,pass,pass
0.39,0.62,1800,1800,60,pass,pass
0.39,0.63,1800,1800,60,pass,pass
0.39,0.64,1800,1800,60,pass,pass
0.39,0.65,1800,1800,60,pass,pass
0.39,0.66,1800,1800,60,pass,pass
0.39,0.67,1800,1800,60,pass,pass
0.39,0.68,1800,1800,60,pass,pass
0.39,0.69,1800,1800,60,pass,pass
0.39,0.7,1800,1800,60,pass,pass
0.39,0.71,1800,1800,60,pass,pass
0.39,0.72,1800,1800,60,pass,pass
0.39,0.73,1800,1800,60,pass,pass
0.39,0.74,1800,1800,60,pass,pass
0.39,0.75,1800,1800,60,pass,pass
0.39,0.76,1800,1800,60,pass,pass
0.39,0.77,1800,1800,60,pass,pass
0.39,0.78,1800,1800,60,pass,pass
0.39,0.79,1800,1800,60,pass,pass
0.39,0.8,1800,1800,60,pass,pass
0.39,0.81,1800,1800,60,pass,pass
0.39,0.82,1800,1800,60,pass,pass
0.39,0.83,1800,1800,60,pass,pass
0.39,0.84,1800,1800,60,pass,pass
0.39,0.85,1800,1800,60,pass,pass
0.39,0.86,1800,1800,60,pass,pass
0.39,0.87,1800,1800,60,pass,pass
0.39,0.88,1800,1800,60,pass,pass
0.39,0.89,1800,1800,60,pass,pass
0.39,0.9,1800,1800,60,pass,pass
0.39,0.91,1800,1800,60,pass,pass
0.39,0.92,1800,1800,60,pass,pass
0.39,0.93,1800,1800,60,pass,pass
0.39,0.94,1800,1800,60,pass,pass
0.39,0.95,1800,1800,60,pass,pass
0.39,0.96,1800,1800,60,pass,pass
0.39,0.97,1800,1800,60,pass,pass
0.39,0.98,1800,1800,60,pass,pass
0.39,0.99,1800,1800,60,pass,pass
0.39,1.0,1800,1800,60,pass,pass
0.39,1.01,1800,1800,60,pass,pass
0.39,1.02,1800,1800,60,pass,pass
0.39,1.03,1800,1800,60,pass,pass
0.39,1.04,1800,1800,60,pass,pass
0.39,1.05,1800,1800,60,pass,pass
0.39,1.06,1800,1800,60,pass,pass
0.39,1.07,1800,1800,60,pass,pass
0.39,1.08,1800,1800,60,pass,pass
0.39,1.09,1800,1800,60,pass,pass
0.39,1.1,1800,1800,60,pass,pass
0.39,1.11,1800,1800,60,pass,pass
0.39,1.12,1800,1800,60,pass,pass
0.39,1.13,1800,1800,60,pass,pass
0.39,1.14,1800,1800,60,pass,pass
0.39,1.15,1800,1800,60,pass,pass
0.39,1.16,1800,1800,60,pass,pass
0.39,1.17,1800,1800,60,pass,pass
0.39,1.18,1800,1800,60,pass,pass
0.39,1.19,1800,1800,60,pass,pass
0.39,1.2,1800,1800,60,pass,pass
0.39,1.21,1800,1800,60,pass,pass
0.39,1.22,1800,1800,60,pass,pass
0.39,1.23,1800,1800,60,pass,pass
0.39,1.24,1800,1800,60,pass,pass
0.39,1.25,1800,1800,60,pass,pass
0.39,1.26,1800,1800,60,pass,pass
0.39,1.27,1800,1800,60,pass,pass
0.39,1.28,1800,1800,60,pass,pass
0.39,1.29,1800,1800,60,pass,pass
0.39,1.3,1800,1800,60,pass,pass
0.39,1.31,1800,1800,60,pass,pass
0.39,1.32,1800,1800,60,pass,pass
0.39,1.33,1800,1800,60,pass,pass
0.39,1.34,1800,1800,60,pass,pass
0.39,1.35,1800,1800,60,pass,pass
0.39,1.36,1800,1800,60,pass,pass
0.39,1.37,1800,1800,60,pass,pass
0.39,1.38,1800,1800,60,pass,pass
0.39,1.39,1800,1800,60,pass,pass
0.39,1.4,1800,1800,60,pass,pass
0.39,1.41,1800,1800,60,pass,pass
0.39,1.42,1800,1800,60,pass,pass
0.39,1.43,1800,1800,60,pass,pass
0.39,1.44,1800,1800,60,pass,pass
0.39,1.45,1800,1800,60,pass,pass
0.39,1.46,1800,1800,60,pass,pass
0.39,1.47,1800,1800,60,pass,pass
0.39,1.48,1800,1800,60,pass,pass
0.39,1.49,1800,1800,60,pass,pass
0.39,1.5,1800,1800,60,pass,pass
0.39,1.51,1800,1800,60,pass,pass
0.39,1.52,1800,1800,60,pass,pass
0.39,1.53,1800,1800,60,pass,pass
0.39,1.54,1800,1800,60,pass,pass
0.39,1.55,1800,1800,60,pass,pass
0.39,1.56,1800,1800,60,pass,pass
0.39,1.57,1800,1800,60,pass,pass
0.39,1.58,1800,1800,60,pass,pass
0.39,1.59,1800,1800,60,pass,pass
0.39,1.6,1800,1800,60,pass,pass
0.39,1.61,1800,1800,60,pass,pass
0.39,1.62,1800,1800,60,pass,pass
0.39,1.63,1800,1800,60,pass,pass
0.39,1.64,1800,1800,60,pass,pass
0.39,1.65,1800,1800,60,pass,pass
0.39,1.66,1800,1800,60,pass,pass
0.39,1.67,1800,1800,60,pass,pass
0.39,1.68,1800,1800,60,pass,pass
0.39,1.69,1800,1800,60,pass,pass
0.39,1.7,1800,1800,60,pass,pass
0.39,1.71,1800,1800,60,pass,pass
0.39,1.72,1800,1800,60,pass,pass
0.39,1.73,1800,1800,60,pass,pass
0.39,1.74,1800,1800,60,pass,pass
0.39,1.75,1800,1800,60,pass,pass
0.39,1.76,1800,1800,60,pass,pass
0.39,1.77,1800,1800,60,pass,pass
0.39,1.78,1800,1800,60,pass,pass
0.39,1.79,1800,1800,60,pass,pass
0.39,1.8,1800,1800,60,pass,pass
0.39,1.81,1800,1800,60,pass,pass
0.39,1.82,1800,1800,60,pass,pass
0.39,1.83,1800,1800,60,pass,pass
0.39,1.84,1800,1800,60,pass,pass
0.39,1.85,1800,1800,60,pass,pass
0.39,1.86,1800,1800,60,pass,pass
0.39,1.87,1800,1800,60,pass,pass
0.39,1.88,1800,1800,60,pass,pass
0.39,1.89,1800,1800,60,pass,pass
0.39,1.9,1800,1800,60,pass,pass
0.39,1.91,1800,1800,60,pass,pass
0.39,1.92,1800,1800,60,pass,pass
0.39,1.93,1800,1800,60,pass,pass
0.39,1.94,1800,1800,60,pass,pass
0.39,1.95,1800,1800,60,pass,pass
0.39,1.96,1800,1800,60,pass,pass
0.39,1.97,1800,1800,60,pass,pass
0.39,1.98,1800,1800,60,pass,pass
0.39,1.99,1800,1800,60,pass,pass
0.39,2.0,1800,1800,60,pass,pass
0.39,2.01,1800,1800,60,pass,pass
0.39,2.02,1800,1800,60,pass,pass
0.39,2.03,1800,1800,60,pass,pass
0.39,2.04,1800,1800,60,pass,pass
0.39,2.05,1800,1800,60,pass,pass
0.39,2.06,1800,1800,60,pass,pass
0.39,2.07,1800,1800,60,pass,pass
0.39,2.08,1800,1800,60,pass,pass
0.39,2.09,1800,1800,60,pass,pass
0.39,2.1,1800,1800,60,pass,pass
0.39,2.11,1800,1800,60,pass,pass
0.39,2.12,1800,1800,60,pass,pass
0.39,2.13,1800,1800,60,pass,pass
0.39,2.14,1800,1800,60,pass,pass
0.39,2.15,1800,1800,60,pass,pass
0.39,2.16,1800,1800,60,pass,pass
0.39,2.17,1800,1800,60,pass,pass
0.39,2.18,1800,1800,60,pass,pass
0.39,2.19,1800,1800,60,pass,pass
0.39,2.2,1800,1800,60,pass,pass
0.39,2.21,1800,1800,60,pass,pass
0.39,2.22,1800,1800,60,pass,pass
0.39,2.23,1800,1800,60,pass,pass
0.39,2.24,1800,1800,60,pass,pass
0.39,2.25,1800,1800,60,pass,pass
0.39,2.26,1800,1800,60,pass,pass
0.39,2.27,1800,1800,60,pass,pass
0.39,2.28,1800,1800,60,pass,pass
0.39,2.29,1800,1800,60,pass,pass
0.39,2.3,1800,1800,60,pass,pass
0.39,2.31,1800,1800,60,pass,pass
0.39,2.32,1800,1800,60,pass,pass
0.39,2.33,1800,1800,60,pass,pass
0.39,2.34,1800,1800,60,pass,pass
0.39,2.35,1800,1800,60,pass,pass
0.39,2.36,1800,1800,60,pass,pass
0.39,2.37,1800,1800,60,pass,pass
0.39,2.38,1800,1800,60,pass,pass
0.39,2.39,1800,1800,60,pass,pass
0.39,2.4,1800,1800,60,pass,pass
0.39,2.41,1800,1800,60,pass,pass
0.39,2.42,1800,1800,60,pass,pass
0.39,2.43,1800,1800,60,pass,pass
0.39,2.44,1800,1800,60,pass,pass
0.39,2.45,1800,1800,60,pass,pass
0.39,2.46,1800,1800,60,pass,pass
0.39,2.47,1800,1800,60,pass,pass
0.39,2.48,1800,1800,60,pass,pass
0.39,2.49,1800,1800,60,pass,pass
0.39,2.5,1800,1800,60,pass,pass
