cell_id,dataset_tag,width,ref_id,theta_norm,final_train_loss,theta_path,selected_refs_path
cell_beta_0p05_p_0p00,dataset_000_seed_001234,48,0,,,02_dnn/03_reference_search/raw_outputs/36_beta_cell_30_dataset_30_reference/selected_references/cell_beta_0p05_p_0p00/dataset_000_seed_001234/width_048/selected_ref_payloads/ref_000/theta.npy,02_dnn/03_reference_search/raw_outputs/18_beta_cell_90_dataset_30_reference/selected_references/cell_beta_0p05_p_0p00/dataset_000_seed_001234/width_048/selected_refs.json
cell_beta_0p05_p_0p00,dataset_001_seed_101234,48,0,,,02_dnn/03_reference_search/raw_outputs/36_beta_cell_30_dataset_30_reference/selected_references/cell_beta_0p05_p_0p00/dataset_001_seed_101234/width_048/selected_ref_payloads/ref_000/theta.npy,02_dnn/03_reference_search/raw_outputs/18_beta_cell_90_dataset_30_reference/selected_references/cell_beta_0p05_p_0p00/dataset_001_seed_101234/width_048/selected_refs.json
cell_beta_0p05_p_0p00,dataset_002_seed_201234,48,0,,,02_dnn/03_reference_search/raw_outputs/36_beta_cell_30_dataset_30_reference/selected_references/cell_beta_0p05_p_0p00/dataset_002_seed_201234/width_048/selected_ref_payloads/ref_000/theta.npy,02_dnn/03_reference_search/raw_outputs/18_beta_cell_90_dataset_30_reference/selected_references/cell_beta_0p05_p_0p00/dataset_002_seed_201234/width_048/selected_refs.json
cell_beta_0p05_p_0p00,dataset_003_seed_301234,48,0,,,02_dnn/03_reference_search/raw_outputs/36_beta_cell_30_dataset_30_reference/selected_references/cell_beta_0p05_p_0p00/dataset_003_seed_301234/width_048/selected_ref_payloads/ref_000/theta.npy,02_dnn/03_reference_search/raw_outputs/18_beta_cell_90_dataset_30_reference/selected_references/cell_beta_0p05_p_0p00/dataset_003_seed_301234/width_048/selected_refs.json
cell_beta_0p05_p_0p00,dataset_004_seed_401234,48,0,,,02_dnn/03_reference_search/raw_outputs/36_beta_cell_30_dataset_30_reference/selected_references/cell_beta_0p05_p_0p00/dataset_004_seed_401234/width_048/selected_ref_payloads/ref_000/theta.npy,02_dnn/03_reference_search/raw_outputs/18_beta_cell_90_dataset_30_reference/selected_references/cell_beta_0p05_p_0p00/dataset_004_seed_401234/width_048/selected_refs.json
cell_beta_0p05_p_0p00,dataset_005_seed_501234,48,0,,,02_dnn/03_reference_search/raw_outputs/36_beta_cell_30_dataset_30_reference/selected_references/cell_beta_0p05_p_0p00/dataset_005_seed_501234/width_048/selected_ref_payloads/ref_000/theta.npy,02_dnn/03_reference_search/raw_outputs/18_beta_cell_90_dataset_30_reference/selected_references/cell_beta_0p05_p_0p00/dataset_005_seed_501234/width_048/selected_refs.json
cell_beta_0p05_p_0p00,dataset_006_seed_601234,48,0,,,02_dnn/03_reference_search/raw_outputs/36_beta_cell_30_dataset_30_reference/selected_references/cell_beta_0p05_p_0p00/dataset_006_seed_601234/width_048/selected_ref_payloads/ref_000/theta.npy,02_dnn/03_reference_search/raw_outputs/18_beta_cell_90_dataset_30_reference/selected_references/cell_beta_0p05_p_0p00/dataset_006_seed_601234/width_048/selected_refs.json
cell_beta_0p05_p_0p00,dataset_007_seed_701234,48,0,,,02_dnn/03_reference_search/raw_outputs/36_beta_cell_30_dataset_30_reference/selected_references/cell_beta_0p05_p_0p00/dataset_007_seed_701234/width_048/selected_ref_payloads/ref_000/theta.npy,02_dnn/03_reference_search/raw_outputs/18_beta_cell_90_dataset_30_reference/selected_references/cell_beta_0p05_p_0p00/dataset_007_seed_701234/width_048/selected_refs.json
cell_beta_0p05_p_0p00,dataset_008_seed_801234,48,0,,,02_dnn/03_reference_search/raw_outputs/36_beta_cell_30_dataset_30_reference/selected_references/cell_beta_0p05_p_0p00/dataset_008_seed_801234/width_048/selected_ref_payloads/ref_000/theta.npy,02_dnn/03_reference_search/raw_outputs/18_beta_cell_90_dataset_30_reference/selected_references/cell_beta_0p05_p_0p00/dataset_008_seed_801234/width_048/selected_refs.json
cell_beta_0p05_p_0p00,dataset_009_seed_901234,48,0,,,02_dnn/03_reference_search/raw_outputs/36_beta_cell_30_dataset_30_reference/selected_references/cell_beta_0p05_p_0p00/dataset_009_seed_901234/width_048/selected_ref_payloads/ref_000/theta.npy,02_dnn/03_reference_search/raw_outputs/18_beta_cell_90_dataset_30_reference/selected_references/cell_beta_0p05_p_0p00/dataset_009_seed_901234/width_048/selected_refs.json
cell_beta_0p05_p_0p00,dataset_010_seed_1001234,48,0,,,02_dnn/03_reference_search/raw_outputs/36_beta_cell_30_dataset_30_reference/selected_references/cell_beta_0p05_p_0p00/dataset_010_seed_1001234/width_048/selected_ref_payloads/ref_000/theta.npy,02_dnn/03_reference_search/raw_outputs/18_beta_cell_90_dataset_30_reference/selected_references/cell_beta_0p05_p_0p00/dataset_010_seed_1001234/width_048/selected_refs.json
cell_beta_0p05_p_0p00,dataset_011_seed_1101234,48,0,,,02_dnn/03_reference_search/raw_outputs/36_beta_cell_30_dataset_30_reference/selected_references/cell_beta_0p05_p_0p00/dataset_011_seed_1101234/width_048/selected_ref_payloads/ref_000/theta.npy,02_dnn/03_reference_search/raw_outputs/18_beta_cell_90_dataset_30_reference/selected_references/cell_beta_0p05_p_0p00/dataset_011_seed_1101234/width_048/selected_refs.json
cell_beta_0p05_p_0p00,dataset_012_seed_1201234,48,0,,,02_dnn/03_reference_search/raw_outputs/36_beta_cell_30_dataset_30_reference/selected_references/cell_beta_0p05_p_0p00/dataset_012_seed_1201234/width_048/selected_ref_payloads/ref_000/theta.npy,02_dnn/03_reference_search/raw_outputs/18_beta_cell_90_dataset_30_reference/selected_references/cell_beta_0p05_p_0p00/dataset_012_seed_1201234/width_048/selected_refs.json
cell_beta_0p05_p_0p00,dataset_013_seed_1301234,48,0,,,02_dnn/03_reference_search/raw_outputs/36_beta_cell_30_dataset_30_reference/selected_references/cell_beta_0p05_p_0p00/dataset_013_seed_1301234/width_048/selected_ref_payloads/ref_000/theta.npy,02_dnn/03_reference_search/raw_outputs/18_beta_cell_90_dataset_30_reference/selected_references/cell_beta_0p05_p_0p00/dataset_013_seed_1301234/width_048/selected_refs.json
cell_beta_0p05_p_0p00,dataset_014_seed_1401234,48,0,,,02_dnn/03_reference_search/raw_outputs/36_beta_cell_30_dataset_30_reference/selected_references/cell_beta_0p05_p_0p00/dataset_014_seed_1401234/width_048/selected_ref_payloads/ref_000/theta.npy,02_dnn/03_reference_search/raw_outputs/18_beta_cell_90_dataset_30_reference/selected_references/cell_beta_0p05_p_0p00/dataset_014_seed_1401234/width_048/selected_refs.json
cell_beta_0p05_p_0p00,dataset_015_seed_1501234,48,0,,,02_dnn/03_reference_search/raw_outputs/36_beta_cell_30_dataset_30_reference/selected_references/cell_beta_0p05_p_0p00/dataset_015_seed_1501234/width_048/selected_ref_payloads/ref_000/theta.npy,02_dnn/03_reference_search/raw_outputs/18_beta_cell_90_dataset_30_reference/selected_references/cell_beta_0p05_p_0p00/dataset_015_seed_1501234/width_048/selected_refs.json
cell_beta_0p05_p_0p00,dataset_016_seed_1601234,48,0,,,02_dnn/03_reference_search/raw_outputs/36_beta_cell_30_dataset_30_reference/selected_references/cell_beta_0p05_p_0p00/dataset_016_seed_1601234/width_048/selected_ref_payloads/ref_000/theta.npy,02_dnn/03_reference_search/raw_outputs/18_beta_cell_90_dataset_30_reference/selected_references/cell_beta_0p05_p_0p00/dataset_016_seed_1601234/width_048/selected_refs.json
cell_beta_0p05_p_0p00,dataset_017_seed_1701234,48,0,,,02_dnn/03_reference_search/raw_outputs/36_beta_cell_30_dataset_30_reference/selected_references/cell_beta_0p05_p_0p00/dataset_017_seed_1701234/width_048/selected_ref_payloads/ref_000/theta.npy,02_dnn/03_reference_search/raw_outputs/18_beta_cell_90_dataset_30_reference/selected_references/cell_beta_0p05_p_0p00/dataset_017_seed_1701234/width_048/selected_refs.json
cell_beta_0p05_p_0p00,dataset_018_seed_1801234,48,0,,,02_dnn/03_reference_search/raw_outputs/36_beta_cell_30_dataset_30_reference/selected_references/cell_beta_0p05_p_0p00/dataset_018_seed_1801234/width_048/selected_ref_payloads/ref_000/theta.npy,02_dnn/03_reference_search/raw_outputs/18_beta_cell_90_dataset_30_reference/selected_references/cell_beta_0p05_p_0p00/dataset_018_seed_1801234/width_048/selected_refs.json
cell_beta_0p05_p_0p00,dataset_019_seed_1901234,48,0,,,02_dnn/03_reference_search/raw_outputs/36_beta_cell_30_dataset_30_reference/selected_references/cell_beta_0p05_p_0p00/dataset_019_seed_1901234/width_048/selected_ref_payloads/ref_000/theta.npy,02_dnn/03_reference_search/raw_outputs/18_beta_cell_90_dataset_30_reference/selected_references/cell_beta_0p05_p_0p00/dataset_019_seed_1901234/width_048/selected_refs.json
cell_beta_0p05_p_0p00,dataset_020_seed_2001234,48,0,,,02_dnn/03_reference_search/raw_outputs/36_beta_cell_30_dataset_30_reference/selected_references/cell_beta_0p05_p_0p00/dataset_020_seed_2001234/width_048/selected_ref_payloads/ref_000/theta.npy,02_dnn/03_reference_search/raw_outputs/18_beta_cell_90_dataset_30_reference/selected_references/cell_beta_0p05_p_0p00/dataset_020_seed_2001234/width_048/selected_refs.json
cell_beta_0p05_p_0p00,dataset_021_seed_2101234,48,0,,,02_dnn/03_reference_search/raw_outputs/36_beta_cell_30_dataset_30_reference/selected_references/cell_beta_0p05_p_0p00/dataset_021_seed_2101234/width_048/selected_ref_payloads/ref_000/theta.npy,02_dnn/03_reference_search/raw_outputs/18_beta_cell_90_dataset_30_reference/selected_references/cell_beta_0p05_p_0p00/dataset_021_seed_2101234/width_048/selected_refs.json
cell_beta_0p05_p_0p00,dataset_022_seed_2201234,48,0,,,02_dnn/03_reference_search/raw_outputs/36_beta_cell_30_dataset_30_reference/selected_references/cell_beta_0p05_p_0p00/dataset_022_seed_2201234/width_048/selected_ref_payloads/ref_000/theta.npy,02_dnn/03_reference_search/raw_outputs/18_beta_cell_90_dataset_30_reference/selected_references/cell_beta_0p05_p_0p00/dataset_022_seed_2201234/width_048/selected_refs.json
cell_beta_0p05_p_0p00,dataset_023_seed_2301234,48,0,,,02_dnn/03_reference_search/raw_outputs/36_beta_cell_30_dataset_30_reference/selected_references/cell_beta_0p05_p_0p00/dataset_023_seed_2301234/width_048/selected_ref_payloads/ref_000/theta.npy,02_dnn/03_reference_search/raw_outputs/18_beta_cell_90_dataset_30_reference/selected_references/cell_beta_0p05_p_0p00/dataset_023_seed_2301234/width_048/selected_refs.json
cell_beta_0p05_p_0p00,dataset_024_seed_2401234,48,0,,,02_dnn/03_reference_search/raw_outputs/36_beta_cell_30_dataset_30_reference/selected_references/cell_beta_0p05_p_0p00/dataset_024_seed_2401234/width_048/selected_ref_payloads/ref_000/theta.npy,02_dnn/03_reference_search/raw_outputs/18_beta_cell_90_dataset_30_reference/selected_references/cell_beta_0p05_p_0p00/dataset_024_seed_2401234/width_048/selected_refs.json
cell_beta_0p05_p_0p00,dataset_025_seed_2501234,48,0,,,02_dnn/03_reference_search/raw_outputs/36_beta_cell_30_dataset_30_reference/selected_references/cell_beta_0p05_p_0p00/dataset_025_seed_2501234/width_048/selected_ref_payloads/ref_000/theta.npy,02_dnn/03_reference_search/raw_outputs/18_beta_cell_90_dataset_30_reference/selected_references/cell_beta_0p05_p_0p00/dataset_025_seed_2501234/width_048/selected_refs.json
cell_beta_0p05_p_0p00,dataset_026_seed_2601234,48,0,,,02_dnn/03_reference_search/raw_outputs/36_beta_cell_30_dataset_30_reference/selected_references/cell_beta_0p05_p_0p00/dataset_026_seed_2601234/width_048/selected_ref_payloads/ref_000/theta.npy,02_dnn/03_reference_search/raw_outputs/18_beta_cell_90_dataset_30_reference/selected_references/cell_beta_0p05_p_0p00/dataset_026_seed_2601234/width_048/selected_refs.json
cell_beta_0p05_p_0p00,dataset_027_seed_2701234,48,0,,,02_dnn/03_reference_search/raw_outputs/36_beta_cell_30_dataset_30_reference/selected_references/cell_beta_0p05_p_0p00/dataset_027_seed_2701234/width_048/selected_ref_payloads/ref_000/theta.npy,02_dnn/03_reference_search/raw_outputs/18_beta_cell_90_dataset_30_reference/selected_references/cell_beta_0p05_p_0p00/dataset_027_seed_2701234/width_048/selected_refs.json
cell_beta_0p05_p_0p00,dataset_028_seed_2801234,48,0,,,02_dnn/03_reference_search/raw_outputs/36_beta_cell_30_dataset_30_reference/selected_references/cell_beta_0p05_p_0p00/dataset_028_seed_2801234/width_048/selected_ref_payloads/ref_000/theta.npy,02_dnn/03_reference_search/raw_outputs/18_beta_cell_90_dataset_30_reference/selected_references/cell_beta_0p05_p_0p00/dataset_028_seed_2801234/width_048/selected_refs.json
cell_beta_0p05_p_0p00,dataset_029_seed_2901234,48,0,,,02_dnn/03_reference_search/raw_outputs/36_beta_cell_30_dataset_30_reference/selected_references/cell_beta_0p05_p_0p00/dataset_029_seed_2901234/width_048/selected_ref_payloads/ref_000/theta.npy,02_dnn/03_reference_search/raw_outputs/18_beta_cell_90_dataset_30_reference/selected_references/cell_beta_0p05_p_0p00/dataset_029_seed_2901234/width_048/selected_refs.json
cell_beta_0p05_p_0p00,dataset_030_seed_93001234,48,0,136.9017780718352,0.0010322163280921419,02_dnn/03_reference_search/raw_outputs/18_beta_cell_100_dataset_30_reference/selected_references/cell_beta_0p05_p_0p00/dataset_030_seed_93001234/width_048/selected_ref_payloads/ref_000/theta.npy,02_dnn/03_reference_search/raw_outputs/18_beta_cell_90_dataset_30_reference/selected_references/cell_beta_0p05_p_0p00/dataset_030_seed_93001234/width_048/selected_refs.json
cell_beta_0p05_p_0p00,dataset_031_seed_93101234,48,0,141.65376717021542,0.0006293753966357578,02_dnn/03_reference_search/raw_outputs/18_beta_cell_100_dataset_30_reference/selected_references/cell_beta_0p05_p_0p00/dataset_031_seed_93101234/width_048/selected_ref_payloads/ref_000/theta.npy,02_dnn/03_reference_search/raw_outputs/18_beta_cell_90_dataset_30_reference/selected_references/cell_beta_0p05_p_0p00/dataset_031_seed_93101234/width_048/selected_refs.json
cell_beta_0p05_p_0p00,dataset_032_seed_93201234,48,0,125.94849850865423,0.00043004935083372687,02_dnn/03_reference_search/raw_outputs/18_beta_cell_100_dataset_30_reference/selected_references/cell_beta_0p05_p_0p00/dataset_032_seed_93201234/width_048/selected_ref_payloads/ref_000/theta.npy,02_dnn/03_reference_search/raw_outputs/18_beta_cell_90_dataset_30_reference/selected_references/cell_beta_0p05_p_0p00/dataset_032_seed_93201234/width_048/selected_refs.json
cell_beta_0p05_p_0p00,dataset_033_seed_93301234,48,0,128.43631313789513,0.0005910887519056113,02_dnn/03_reference_search/raw_outputs/18_beta_cell_100_dataset_30_reference/selected_references/cell_beta_0p05_p_0p00/dataset_033_seed_93301234/width_048/selected_ref_payloads/ref_000/theta.npy,02_dnn/03_reference_search/raw_outputs/18_beta_cell_90_dataset_30_reference/selected_references/cell_beta_0p05_p_0p00/dataset_033_seed_93301234/width_048/selected_refs.json
cell_beta_0p05_p_0p00,dataset_034_seed_3401234,48,0,124.73040596102547,0.0030521260089899707,02_dnn/03_reference_search/raw_outputs/18_beta_cell_100_dataset_30_reference/selected_references/cell_beta_0p05_p_0p00/dataset_034_seed_3401234/width_048/selected_ref_payloads/ref_000/theta.npy,02_dnn/03_reference_search/raw_outputs/18_beta_cell_90_dataset_30_reference/selected_references/cell_beta_0p05_p_0p00/dataset_034_seed_3401234/width_048/selected_refs.json
cell_beta_0p05_p_0p00,dataset_035_seed_3501234,48,0,136.01259723438233,0.0009803077299487886,02_dnn/03_reference_search/raw_outputs/18_beta_cell_100_dataset_30_reference/selected_references/cell_beta_0p05_p_0p00/dataset_035_seed_3501234/width_048/selected_ref_payloads/ref_000/theta.npy,02_dnn/03_reference_search/raw_outputs/18_beta_cell_90_dataset_30_reference/selected_references/cell_beta_0p05_p_0p00/dataset_035_seed_3501234/width_048/selected_refs.json
cell_beta_0p05_p_0p00,dataset_036_seed_3601234,48,0,120.39652460330215,0.001046284924854386,02_dnn/03_reference_search/raw_outputs/18_beta_cell_100_dataset_30_reference/selected_references/cell_beta_0p05_p_0p00/dataset_036_seed_3601234/width_048/selected_ref_payloads/ref_000/theta.npy,02_dnn/03_reference_search/raw_outputs/18_beta_cell_90_dataset_30_reference/selected_references/cell_beta_0p05_p_0p00/dataset_036_seed_3601234/width_048/selected_refs.json
cell_beta_0p05_p_0p00,dataset_037_seed_3701234,48,0,134.66658841000148,0.0004802834270651481,02_dnn/03_reference_search/raw_outputs/18_beta_cell_100_dataset_30_reference/selected_references/cell_beta_0p05_p_0p00/dataset_037_seed_3701234/width_048/selected_ref_payloads/ref_000/theta.npy,02_dnn/03_reference_search/raw_outputs/18_beta_cell_90_dataset_30_reference/selected_references/cell_beta_0p05_p_0p00/dataset_037_seed_3701234/width_048/selected_refs.json
cell_beta_0p05_p_0p00,dataset_038_seed_3801234,48,0,139.83284751442898,0.00047659016096355427,02_dnn/03_reference_search/raw_outputs/18_beta_cell_100_dataset_30_reference/selected_references/cell_beta_0p05_p_0p00/dataset_038_seed_3801234/width_048/selected_ref_payloads/ref_000/theta.npy,02_dnn/03_reference_search/raw_outputs/18_beta_cell_90_dataset_30_reference/selected_references/cell_beta_0p05_p_0p00/dataset_038_seed_3801234/width_048/selected_refs.json
cell_beta_0p05_p_0p00,dataset_039_seed_3901234,48,0,131.35125765042037,0.00468961150740601,02_dnn/03_reference_search/raw_outputs/18_beta_cell_100_dataset_30_reference/selected_references/cell_beta_0p05_p_0p00/dataset_039_seed_3901234/width_048/selected_ref_payloads/ref_000/theta.npy,02_dnn/03_reference_search/raw_outputs/18_beta_cell_90_dataset_30_reference/selected_references/cell_beta_0p05_p_0p00/dataset_039_seed_3901234/width_048/selected_refs.json
cell_beta_0p05_p_0p00,dataset_040_seed_4001234,48,0,123.47267089364288,0.0032409800907238938,02_dnn/03_reference_search/raw_outputs/18_beta_cell_100_dataset_30_reference/selected_references/cell_beta_0p05_p_0p00/dataset_040_seed_4001234/width_048/selected_ref_payloads/ref_000/theta.npy,02_dnn/03_reference_search/raw_outputs/18_beta_cell_90_dataset_30_reference/selected_references/cell_beta_0p05_p_0p00/dataset_040_seed_4001234/width_048/selected_refs.json
cell_beta_0p05_p_0p00,dataset_041_seed_4101234,48,0,123.29005141390181,0.0006213912310922688,02_dnn/03_reference_search/raw_outputs/18_beta_cell_100_dataset_30_reference/selected_references/cell_beta_0p05_p_0p00/dataset_041_seed_4101234/width_048/selected_ref_payloads/ref_000/theta.npy,02_dnn/03_reference_search/raw_outputs/18_beta_cell_90_dataset_30_reference/selected_references/cell_beta_0p05_p_0p00/dataset_041_seed_4101234/width_048/selected_refs.json
cell_beta_0p05_p_0p00,dataset_042_seed_4201234,48,0,120.79330766395397,0.002649349376509897,02_dnn/03_reference_search/raw_outputs/18_beta_cell_100_dataset_30_reference/selected_references/cell_beta_0p05_p_0p00/dataset_042_seed_4201234/width_048/selected_ref_payloads/ref_000/theta.npy,02_dnn/03_reference_search/raw_outputs/18_beta_cell_90_dataset_30_reference/selected_references/cell_beta_0p05_p_0p00/dataset_042_seed_4201234/width_048/selected_refs.json
cell_beta_0p05_p_0p00,dataset_043_seed_4301234,48,0,123.38490317319506,0.002153906631350756,02_dnn/03_reference_search/raw_outputs/18_beta_cell_100_dataset_30_reference/selected_references/cell_beta_0p05_p_0p00/dataset_043_seed_4301234/width_048/selected_ref_payloads/ref_000/theta.npy,02_dnn/03_reference_search/raw_outputs/18_beta_cell_90_dataset_30_reference/selected_references/cell_beta_0p05_p_0p00/dataset_043_seed_4301234/width_048/selected_refs.json
cell_beta_0p05_p_0p00,dataset_044_seed_4401234,48,0,131.96350482437032,0.0013915858615039544,02_dnn/03_reference_search/raw_outputs/18_beta_cell_100_dataset_30_reference/selected_references/cell_beta_0p05_p_0p00/dataset_044_seed_4401234/width_048/selected_ref_payloads/ref_000/theta.npy,02_dnn/03_reference_search/raw_outputs/18_beta_cell_90_dataset_30_reference/selected_references/cell_beta_0p05_p_0p00/dataset_044_seed_4401234/width_048/selected_refs.json
cell_beta_0p05_p_0p00,dataset_045_seed_4501234,48,0,131.12547950947535,0.0005481727536478507,02_dnn/03_reference_search/raw_outputs/18_beta_cell_100_dataset_30_reference/selected_references/cell_beta_0p05_p_0p00/dataset_045_seed_4501234/width_048/selected_ref_payloads/ref_000/theta.npy,02_dnn/03_reference_search/raw_outputs/18_beta_cell_90_dataset_30_reference/selected_references/cell_beta_0p05_p_0p00/dataset_045_seed_4501234/width_048/selected_refs.json
cell_beta_0p05_p_0p00,dataset_046_seed_4601234,48,0,135.50106861523705,0.0011727730266337666,02_dnn/03_reference_search/raw_outputs/18_beta_cell_100_dataset_30_reference/selected_references/cell_beta_0p05_p_0p00/dataset_046_seed_4601234/width_048/selected_ref_payloads/ref_000/theta.npy,02_dnn/03_reference_search/raw_outputs/18_beta_cell_90_dataset_30_reference/selected_references/cell_beta_0p05_p_0p00/dataset_046_seed_4601234/width_048/selected_refs.json
cell_beta_0p05_p_0p00,dataset_047_seed_4701234,48,0,132.010567796296,0.0008230240516976831,02_dnn/03_reference_search/raw_outputs/18_beta_cell_100_dataset_30_reference/selected_references/cell_beta_0p05_p_0p00/dataset_047_seed_4701234/width_048/selected_ref_payloads/ref_000/theta.npy,02_dnn/03_reference_search/raw_outputs/18_beta_cell_90_dataset_30_reference/selected_references/cell_beta_0p05_p_0p00/dataset_047_seed_4701234/width_048/selected_refs.json
cell_beta_0p05_p_0p00,dataset_048_seed_4801234,48,0,133.45978053355324,0.0007728265451600459,02_dnn/03_reference_search/raw_outputs/18_beta_cell_100_dataset_30_reference/selected_references/cell_beta_0p05_p_0p00/dataset_048_seed_4801234/width_048/selected_ref_payloads/ref_000/theta.npy,02_dnn/03_reference_search/raw_outputs/18_beta_cell_90_dataset_30_reference/selected_references/cell_beta_0p05_p_0p00/dataset_048_seed_4801234/width_048/selected_refs.json
cell_beta_0p05_p_0p00,dataset_049_seed_4901234,48,0,133.0904306174517,0.0004227907503208592,02_dnn/03_reference_search/raw_outputs/18_beta_cell_100_dataset_30_reference/selected_references/cell_beta_0p05_p_0p00/dataset_049_seed_4901234/width_048/selected_ref_payloads/ref_000/theta.npy,02_dnn/03_reference_search/raw_outputs/18_beta_cell_90_dataset_30_reference/selected_references/cell_beta_0p05_p_0p00/dataset_049_seed_4901234/width_048/selected_refs.json
cell_beta_0p05_p_0p00,dataset_050_seed_5001234,48,0,136.530424998615,0.003193770408184813,02_dnn/03_reference_search/raw_outputs/18_beta_cell_100_dataset_30_reference/selected_references/cell_beta_0p05_p_0p00/dataset_050_seed_5001234/width_048/selected_ref_payloads/ref_000/theta.npy,02_dnn/03_reference_search/raw_outputs/18_beta_cell_90_dataset_30_reference/selected_references/cell_beta_0p05_p_0p00/dataset_050_seed_5001234/width_048/selected_refs.json
cell_beta_0p05_p_0p00,dataset_051_seed_5101234,48,0,140.0874273539675,0.0008844507429997608,02_dnn/03_reference_search/raw_outputs/18_beta_cell_100_dataset_30_reference/selected_references/cell_beta_0p05_p_0p00/dataset_051_seed_5101234/width_048/selected_ref_payloads/ref_000/theta.npy,02_dnn/03_reference_search/raw_outputs/18_beta_cell_90_dataset_30_reference/selected_references/cell_beta_0p05_p_0p00/dataset_051_seed_5101234/width_048/selected_refs.json
cell_beta_0p05_p_0p00,dataset_052_seed_5201234,48,0,135.56848263175488,0.0005431532786724686,02_dnn/03_reference_search/raw_outputs/18_beta_cell_100_dataset_30_reference/selected_references/cell_beta_0p05_p_0p00/dataset_052_seed_5201234/width_048/selected_ref_payloads/ref_000/theta.npy,02_dnn/03_reference_search/raw_outputs/18_beta_cell_90_dataset_30_reference/selected_references/cell_beta_0p05_p_0p00/dataset_052_seed_5201234/width_048/selected_refs.json
cell_beta_0p05_p_0p00,dataset_053_seed_5301234,48,0,135.50332903569958,0.0006011782577392372,02_dnn/03_reference_search/raw_outputs/18_beta_cell_100_dataset_30_reference/selected_references/cell_beta_0p05_p_0p00/dataset_053_seed_5301234/width_048/selected_ref_payloads/ref_000/theta.npy,02_dnn/03_reference_search/raw_outputs/18_beta_cell_90_dataset_30_reference/selected_references/cell_beta_0p05_p_0p00/dataset_053_seed_5301234/width_048/selected_refs.json
cell_beta_0p05_p_0p00,dataset_054_seed_5401234,48,0,135.3070827558406,0.0037160975338325552,02_dnn/03_reference_search/raw_outputs/18_beta_cell_100_dataset_30_reference/selected_references/cell_beta_0p05_p_0p00/dataset_054_seed_5401234/width_048/selected_ref_payloads/ref_000/theta.npy,02_dnn/03_reference_search/raw_outputs/18_beta_cell_90_dataset_30_reference/selected_references/cell_beta_0p05_p_0p00/dataset_054_seed_5401234/width_048/selected_refs.json
cell_beta_0p05_p_0p00,dataset_055_seed_5501234,48,0,139.11042546590244,0.0004670698343376188,02_dnn/03_reference_search/raw_outputs/18_beta_cell_100_dataset_30_reference/selected_references/cell_beta_0p05_p_0p00/dataset_055_seed_5501234/width_048/selected_ref_payloads/ref_000/theta.npy,02_dnn/03_reference_search/raw_outputs/18_beta_cell_90_dataset_30_reference/selected_references/cell_beta_0p05_p_0p00/dataset_055_seed_5501234/width_048/selected_refs.json
cell_beta_0p05_p_0p00,dataset_056_seed_5601234,48,0,143.38324508254493,0.0017129219435947547,02_dnn/03_reference_search/raw_outputs/18_beta_cell_100_dataset_30_reference/selected_references/cell_beta_0p05_p_0p00/dataset_056_seed_5601234/width_048/selected_ref_payloads/ref_000/theta.npy,02_dnn/03_reference_search/raw_outputs/18_beta_cell_90_dataset_30_reference/selected_references/cell_beta_0p05_p_0p00/dataset_056_seed_5601234/width_048/selected_refs.json
cell_beta_0p05_p_0p00,dataset_057_seed_5701234,48,0,123.02659620247167,0.0007973312181952194,02_dnn/03_reference_search/raw_outputs/18_beta_cell_100_dataset_30_reference/selected_references/cell_beta_0p05_p_0p00/dataset_057_seed_5701234/width_048/selected_ref_payloads/ref_000/theta.npy,02_dnn/03_reference_search/raw_outputs/18_beta_cell_90_dataset_30_reference/selected_references/cell_beta_0p05_p_0p00/dataset_057_seed_5701234/width_048/selected_refs.json
cell_beta_0p05_p_0p00,dataset_058_seed_5801234,48,0,138.39216641763312,0.0011821095574268416,02_dnn/03_reference_search/raw_outputs/18_beta_cell_100_dataset_30_reference/selected_references/cell_beta_0p05_p_0p00/dataset_058_seed_5801234/width_048/selected_ref_payloads/ref_000/theta.npy,02_dnn/03_reference_search/raw_outputs/18_beta_cell_90_dataset_30_reference/selected_references/cell_beta_0p05_p_0p00/dataset_058_seed_5801234/width_048/selected_refs.json
cell_beta_0p05_p_0p00,dataset_059_seed_5901234,48,0,136.6342485886481,0.002498777514964372,02_dnn/03_reference_search/raw_outputs/18_beta_cell_100_dataset_30_reference/selected_references/cell_beta_0p05_p_0p00/dataset_059_seed_5901234/width_048/selected_ref_payloads/ref_000/theta.npy,02_dnn/03_reference_search/raw_outputs/18_beta_cell_90_dataset_30_reference/selected_references/cell_beta_0p05_p_0p00/dataset_059_seed_5901234/width_048/selected_refs.json
cell_beta_0p05_p_0p00,dataset_060_seed_6001234,48,0,134.04968341663067,0.0042531949025134425,02_dnn/03_reference_search/raw_outputs/18_beta_cell_90_dataset_30_reference/selected_references/cell_beta_0p05_p_0p00/dataset_060_seed_6001234/width_048/selected_ref_payloads/ref_000/theta.npy,02_dnn/03_reference_search/raw_outputs/18_beta_cell_90_dataset_30_reference/selected_references/cell_beta_0p05_p_0p00/dataset_060_seed_6001234/width_048/selected_refs.json
cell_beta_0p05_p_0p00,dataset_061_seed_6101234,48,0,143.75310777502384,0.004627658696957344,02_dnn/03_reference_search/raw_outputs/18_beta_cell_90_dataset_30_reference/selected_references/cell_beta_0p05_p_0p00/dataset_061_seed_6101234/width_048/selected_ref_payloads/ref_000/theta.npy,02_dnn/03_reference_search/raw_outputs/18_beta_cell_90_dataset_30_reference/selected_references/cell_beta_0p05_p_0p00/dataset_061_seed_6101234/width_048/selected_refs.json
cell_beta_0p05_p_0p00,dataset_062_seed_6201234,48,0,114.0818128610848,0.0016896423648958968,02_dnn/03_reference_search/raw_outputs/18_beta_cell_90_dataset_30_reference/selected_references/cell_beta_0p05_p_0p00/dataset_062_seed_6201234/width_048/selected_ref_payloads/ref_000/theta.npy,02_dnn/03_reference_search/raw_outputs/18_beta_cell_90_dataset_30_reference/selected_references/cell_beta_0p05_p_0p00/dataset_062_seed_6201234/width_048/selected_refs.json
cell_beta_0p05_p_0p00,dataset_063_seed_6301234,48,0,129.24750264043763,0.0031018288460735338,02_dnn/03_reference_search/raw_outputs/18_beta_cell_90_dataset_30_reference/selected_references/cell_beta_0p05_p_0p00/dataset_063_seed_6301234/width_048/selected_ref_payloads/ref_000/theta.npy,02_dnn/03_reference_search/raw_outputs/18_beta_cell_90_dataset_30_reference/selected_references/cell_beta_0p05_p_0p00/dataset_063_seed_6301234/width_048/selected_refs.json
cell_beta_0p05_p_0p00,dataset_064_seed_6401234,48,0,130.61253141257683,0.004988779054823558,02_dnn/03_reference_search/raw_outputs/18_beta_cell_90_dataset_30_reference/selected_references/cell_beta_0p05_p_0p00/dataset_064_seed_6401234/width_048/selected_ref_payloads/ref_000/theta.npy,02_dnn/03_reference_search/raw_outputs/18_beta_cell_90_dataset_30_reference/selected_references/cell_beta_0p05_p_0p00/dataset_064_seed_6401234/width_048/selected_refs.json
cell_beta_0p05_p_0p00,dataset_065_seed_6501234,48,0,124.44178513496229,0.0031989232767628386,02_dnn/03_reference_search/raw_outputs/18_beta_cell_90_dataset_30_reference/selected_references/cell_beta_0p05_p_0p00/dataset_065_seed_6501234/width_048/selected_ref_payloads/ref_000/theta.npy,02_dnn/03_reference_search/raw_outputs/18_beta_cell_90_dataset_30_reference/selected_references/cell_beta_0p05_p_0p00/dataset_065_seed_6501234/width_048/selected_refs.json
cell_beta_0p05_p_0p00,dataset_066_seed_6601234,48,0,118.40500120814961,0.0033822984747602794,02_dnn/03_reference_search/raw_outputs/18_beta_cell_90_dataset_30_reference/selected_references/cell_beta_0p05_p_0p00/dataset_066_seed_6601234/width_048/selected_ref_payloads/ref_000/theta.npy,02_dnn/03_reference_search/raw_outputs/18_beta_cell_90_dataset_30_reference/selected_references/cell_beta_0p05_p_0p00/dataset_066_seed_6601234/width_048/selected_refs.json
cell_beta_0p05_p_0p00,dataset_067_seed_6701234,48,0,125.36716469493426,0.002724602226348727,02_dnn/03_reference_search/raw_outputs/18_beta_cell_90_dataset_30_reference/selected_references/cell_beta_0p05_p_0p00/dataset_067_seed_6701234/width_048/selected_ref_payloads/ref_000/theta.npy,02_dnn/03_reference_search/raw_outputs/18_beta_cell_90_dataset_30_reference/selected_references/cell_beta_0p05_p_0p00/dataset_067_seed_6701234/width_048/selected_refs.json
cell_beta_0p05_p_0p00,dataset_068_seed_6801234,48,0,126.78466170567224,0.00293628984658295,02_dnn/03_reference_search/raw_outputs/18_beta_cell_90_dataset_30_reference/selected_references/cell_beta_0p05_p_0p00/dataset_068_seed_6801234/width_048/selected_ref_payloads/ref_000/theta.npy,02_dnn/03_reference_search/raw_outputs/18_beta_cell_90_dataset_30_reference/selected_references/cell_beta_0p05_p_0p00/dataset_068_seed_6801234/width_048/selected_refs.json
cell_beta_0p05_p_0p00,dataset_069_seed_6901234,48,0,126.1339744555828,0.01040624800717544,02_dnn/03_reference_search/raw_outputs/18_beta_cell_90_dataset_30_reference/selected_references/cell_beta_0p05_p_0p00/dataset_069_seed_6901234/width_048/selected_ref_payloads/ref_000/theta.npy,02_dnn/03_reference_search/raw_outputs/18_beta_cell_90_dataset_30_reference/selected_references/cell_beta_0p05_p_0p00/dataset_069_seed_6901234/width_048/selected_refs.json
cell_beta_0p05_p_0p00,dataset_070_seed_7001234,48,0,128.89292989394468,0.000936293100690357,02_dnn/03_reference_search/raw_outputs/18_beta_cell_90_dataset_30_reference/selected_references/cell_beta_0p05_p_0p00/dataset_070_seed_7001234/width_048/selected_ref_payloads/ref_000/theta.npy,02_dnn/03_reference_search/raw_outputs/18_beta_cell_90_dataset_30_reference/selected_references/cell_beta_0p05_p_0p00/dataset_070_seed_7001234/width_048/selected_refs.json
cell_beta_0p05_p_0p00,dataset_071_seed_7101234,48,0,125.26971043650208,0.003570883132411608,02_dnn/03_reference_search/raw_outputs/18_beta_cell_90_dataset_30_reference/selected_references/cell_beta_0p05_p_0p00/dataset_071_seed_7101234/width_048/selected_ref_payloads/ref_000/theta.npy,02_dnn/03_reference_search/raw_outputs/18_beta_cell_90_dataset_30_reference/selected_references/cell_beta_0p05_p_0p00/dataset_071_seed_7101234/width_048/selected_refs.json
cell_beta_0p05_p_0p00,dataset_072_seed_7201234,48,0,133.71649016433585,0.0005052577093507158,02_dnn/03_reference_search/raw_outputs/18_beta_cell_90_dataset_30_reference/selected_references/cell_beta_0p05_p_0p00/dataset_072_seed_7201234/width_048/selected_ref_payloads/ref_000/theta.npy,02_dnn/03_reference_search/raw_outputs/18_beta_cell_90_dataset_30_reference/selected_references/cell_beta_0p05_p_0p00/dataset_072_seed_7201234/width_048/selected_refs.json
cell_beta_0p05_p_0p00,dataset_073_seed_7301234,48,0,118.25537069593531,0.0028318017452776604,02_dnn/03_reference_search/raw_outputs/18_beta_cell_90_dataset_30_reference/selected_references/cell_beta_0p05_p_0p00/dataset_073_seed_7301234/width_048/selected_ref_payloads/ref_000/theta.npy,02_dnn/03_reference_search/raw_outputs/18_beta_cell_90_dataset_30_reference/selected_references/cell_beta_0p05_p_0p00/dataset_073_seed_7301234/width_048/selected_refs.json
cell_beta_0p05_p_0p00,dataset_074_seed_7401234,48,0,122.30822643416708,0.0026721928820448615,02_dnn/03_reference_search/raw_outputs/18_beta_cell_90_dataset_30_reference/selected_references/cell_beta_0p05_p_0p00/dataset_074_seed_7401234/width_048/selected_ref_payloads/ref_000/theta.npy,02_dnn/03_reference_search/raw_outputs/18_beta_cell_90_dataset_30_reference/selected_references/cell_beta_0p05_p_0p00/dataset_074_seed_7401234/width_048/selected_refs.json
cell_beta_0p05_p_0p00,dataset_075_seed_7501234,48,0,132.51139411289233,0.0024772618915089775,02_dnn/03_reference_search/raw_outputs/18_beta_cell_90_dataset_30_reference/selected_references/cell_beta_0p05_p_0p00/dataset_075_seed_7501234/width_048/selected_ref_payloads/ref_000/theta.npy,02_dnn/03_reference_search/raw_outputs/18_beta_cell_90_dataset_30_reference/selected_references/cell_beta_0p05_p_0p00/dataset_075_seed_7501234/width_048/selected_refs.json
cell_beta_0p05_p_0p00,dataset_076_seed_7601234,48,0,124.06834045981482,0.0031293800893898624,02_dnn/03_reference_search/raw_outputs/18_beta_cell_90_dataset_30_reference/selected_references/cell_beta_0p05_p_0p00/dataset_076_seed_7601234/width_048/selected_ref_payloads/ref_000/theta.npy,02_dnn/03_reference_search/raw_outputs/18_beta_cell_90_dataset_30_reference/selected_references/cell_beta_0p05_p_0p00/dataset_076_seed_7601234/width_048/selected_refs.json
cell_beta_0p05_p_0p00,dataset_077_seed_7701234,48,0,132.79312673497967,0.0014230444684540135,02_dnn/03_reference_search/raw_outputs/18_beta_cell_90_dataset_30_reference/selected_references/cell_beta_0p05_p_0p00/dataset_077_seed_7701234/width_048/selected_ref_payloads/ref_000/theta.npy,02_dnn/03_reference_search/raw_outputs/18_beta_cell_90_dataset_30_reference/selected_references/cell_beta_0p05_p_0p00/dataset_077_seed_7701234/width_048/selected_refs.json
cell_beta_0p05_p_0p00,dataset_078_seed_7801234,48,0,124.75466850036526,0.005471212620877711,02_dnn/03_reference_search/raw_outputs/18_beta_cell_90_dataset_30_reference/selected_references/cell_beta_0p05_p_0p00/dataset_078_seed_7801234/width_048/selected_ref_payloads/ref_000/theta.npy,02_dnn/03_reference_search/raw_outputs/18_beta_cell_90_dataset_30_reference/selected_references/cell_beta_0p05_p_0p00/dataset_078_seed_7801234/width_048/selected_refs.json
cell_beta_0p05_p_0p00,dataset_079_seed_7901234,48,0,120.21711130925067,0.0032822378850876463,02_dnn/03_reference_search/raw_outputs/18_beta_cell_90_dataset_30_reference/selected_references/cell_beta_0p05_p_0p00/dataset_079_seed_7901234/width_048/selected_ref_payloads/ref_000/theta.npy,02_dnn/03_reference_search/raw_outputs/18_beta_cell_90_dataset_30_reference/selected_references/cell_beta_0p05_p_0p00/dataset_079_seed_7901234/width_048/selected_refs.json
cell_beta_0p05_p_0p00,dataset_080_seed_8001234,48,0,123.15173471528972,0.0031065124736894124,02_dnn/03_reference_search/raw_outputs/18_beta_cell_90_dataset_30_reference/selected_references/cell_beta_0p05_p_0p00/dataset_080_seed_8001234/width_048/selected_ref_payloads/ref_000/theta.npy,02_dnn/03_reference_search/raw_outputs/18_beta_cell_90_dataset_30_reference/selected_references/cell_beta_0p05_p_0p00/dataset_080_seed_8001234/width_048/selected_refs.json
cell_beta_0p05_p_0p00,dataset_081_seed_8101234,48,0,122.05122521688301,0.003298523766877012,02_dnn/03_reference_search/raw_outputs/18_beta_cell_90_dataset_30_reference/selected_references/cell_beta_0p05_p_0p00/dataset_081_seed_8101234/width_048/selected_ref_payloads/ref_000/theta.npy,02_dnn/03_reference_search/raw_outputs/18_beta_cell_90_dataset_30_reference/selected_references/cell_beta_0p05_p_0p00/dataset_081_seed_8101234/width_048/selected_refs.json
cell_beta_0p05_p_0p00,dataset_082_seed_8201234,48,0,126.8771131890728,0.003061517683555135,02_dnn/03_reference_search/raw_outputs/18_beta_cell_90_dataset_30_reference/selected_references/cell_beta_0p05_p_0p00/dataset_082_seed_8201234/width_048/selected_ref_payloads/ref_000/theta.npy,02_dnn/03_reference_search/raw_outputs/18_beta_cell_90_dataset_30_reference/selected_references/cell_beta_0p05_p_0p00/dataset_082_seed_8201234/width_048/selected_refs.json
cell_beta_0p05_p_0p00,dataset_083_seed_8301234,48,0,110.41188902300559,0.0049881405591293,02_dnn/03_reference_search/raw_outputs/18_beta_cell_90_dataset_30_reference/selected_references/cell_beta_0p05_p_0p00/dataset_083_seed_8301234/width_048/selected_ref_payloads/ref_000/theta.npy,02_dnn/03_reference_search/raw_outputs/18_beta_cell_90_dataset_30_reference/selected_references/cell_beta_0p05_p_0p00/dataset_083_seed_8301234/width_048/selected_refs.json
cell_beta_0p05_p_0p00,dataset_084_seed_8401234,48,0,121.5593041001831,0.0004940657156833584,02_dnn/03_reference_search/raw_outputs/18_beta_cell_90_dataset_30_reference/selected_references/cell_beta_0p05_p_0p00/dataset_084_seed_8401234/width_048/selected_ref_payloads/ref_000/theta.npy,02_dnn/03_reference_search/raw_outputs/18_beta_cell_90_dataset_30_reference/selected_references/cell_beta_0p05_p_0p00/dataset_084_seed_8401234/width_048/selected_refs.json
cell_beta_0p05_p_0p00,dataset_085_seed_8501234,48,0,117.70722998987866,0.0032765823990422533,02_dnn/03_reference_search/raw_outputs/18_beta_cell_90_dataset_30_reference/selected_references/cell_beta_0p05_p_0p00/dataset_085_seed_8501234/width_048/selected_ref_payloads/ref_000/theta.npy,02_dnn/03_reference_search/raw_outputs/18_beta_cell_90_dataset_30_reference/selected_references/cell_beta_0p05_p_0p00/dataset_085_seed_8501234/width_048/selected_refs.json
cell_beta_0p05_p_0p00,dataset_086_seed_8601234,48,0,129.1418958652995,0.0008201475402791489,02_dnn/03_reference_search/raw_outputs/18_beta_cell_90_dataset_30_reference/selected_references/cell_beta_0p05_p_0p00/dataset_086_seed_8601234/width_048/selected_ref_payloads/ref_000/theta.npy,02_dnn/03_reference_search/raw_outputs/18_beta_cell_90_dataset_30_reference/selected_references/cell_beta_0p05_p_0p00/dataset_086_seed_8601234/width_048/selected_refs.json
cell_beta_0p05_p_0p00,dataset_087_seed_8701234,48,0,118.88809278155681,0.0013872804418737182,02_dnn/03_reference_search/raw_outputs/18_beta_cell_90_dataset_30_reference/selected_references/cell_beta_0p05_p_0p00/dataset_087_seed_8701234/width_048/selected_ref_payloads/ref_000/theta.npy,02_dnn/03_reference_search/raw_outputs/18_beta_cell_90_dataset_30_reference/selected_references/cell_beta_0p05_p_0p00/dataset_087_seed_8701234/width_048/selected_refs.json
cell_beta_0p05_p_0p00,dataset_088_seed_8801234,48,0,124.34253391054183,0.005845441796225328,02_dnn/03_reference_search/raw_outputs/18_beta_cell_90_dataset_30_reference/selected_references/cell_beta_0p05_p_0p00/dataset_088_seed_8801234/width_048/selected_ref_payloads/ref_000/theta.npy,02_dnn/03_reference_search/raw_outputs/18_beta_cell_90_dataset_30_reference/selected_references/cell_beta_0p05_p_0p00/dataset_088_seed_8801234/width_048/selected_refs.json
cell_beta_0p05_p_0p00,dataset_089_seed_8901234,48,0,120.01238298942113,0.0023739498945418384,02_dnn/03_reference_search/raw_outputs/18_beta_cell_90_dataset_30_reference/selected_references/cell_beta_0p05_p_0p00/dataset_089_seed_8901234/width_048/selected_ref_payloads/ref_000/theta.npy,02_dnn/03_reference_search/raw_outputs/18_beta_cell_90_dataset_30_reference/selected_references/cell_beta_0p05_p_0p00/dataset_089_seed_8901234/width_048/selected_refs.json
cell_beta_0p07_p_0p00,dataset_000_seed_003234,48,0,,,02_dnn/03_reference_search/raw_outputs/36_beta_cell_30_dataset_30_reference/selected_references/cell_beta_0p07_p_0p00/dataset_000_seed_003234/width_048/selected_ref_payloads/ref_000/theta.npy,02_dnn/03_reference_search/raw_outputs/18_beta_cell_90_dataset_30_reference/selected_references/cell_beta_0p07_p_0p00/dataset_000_seed_003234/width_048/selected_refs.json
cell_beta_0p07_p_0p00,dataset_001_seed_103234,48,0,,,02_dnn/03_reference_search/raw_outputs/36_beta_cell_30_dataset_30_reference/selected_references/cell_beta_0p07_p_0p00/dataset_001_seed_103234/width_048/selected_ref_payloads/ref_000/theta.npy,02_dnn/03_reference_search/raw_outputs/18_beta_cell_90_dataset_30_reference/selected_references/cell_beta_0p07_p_0p00/dataset_001_seed_103234/width_048/selected_refs.json
cell_beta_0p07_p_0p00,dataset_002_seed_203234,48,0,,,02_dnn/03_reference_search/raw_outputs/36_beta_cell_30_dataset_30_reference/selected_references/cell_beta_0p07_p_0p00/dataset_002_seed_203234/width_048/selected_ref_payloads/ref_000/theta.npy,02_dnn/03_reference_search/raw_outputs/18_beta_cell_90_dataset_30_reference/selected_references/cell_beta_0p07_p_0p00/dataset_002_seed_203234/width_048/selected_refs.json
cell_beta_0p07_p_0p00,dataset_003_seed_303234,48,0,,,02_dnn/03_reference_search/raw_outputs/36_beta_cell_30_dataset_30_reference/selected_references/cell_beta_0p07_p_0p00/dataset_003_seed_303234/width_048/selected_ref_payloads/ref_000/theta.npy,02_dnn/03_reference_search/raw_outputs/18_beta_cell_90_dataset_30_reference/selected_references/cell_beta_0p07_p_0p00/dataset_003_seed_303234/width_048/selected_refs.json
cell_beta_0p07_p_0p00,dataset_004_seed_403234,48,0,,,02_dnn/03_reference_search/raw_outputs/36_beta_cell_30_dataset_30_reference/selected_references/cell_beta_0p07_p_0p00/dataset_004_seed_403234/width_048/selected_ref_payloads/ref_000/theta.npy,02_dnn/03_reference_search/raw_outputs/18_beta_cell_90_dataset_30_reference/selected_references/cell_beta_0p07_p_0p00/dataset_004_seed_403234/width_048/selected_refs.json
cell_beta_0p07_p_0p00,dataset_005_seed_503234,48,0,,,02_dnn/03_reference_search/raw_outputs/36_beta_cell_30_dataset_30_reference/selected_references/cell_beta_0p07_p_0p00/dataset_005_seed_503234/width_048/selected_ref_payloads/ref_000/theta.npy,02_dnn/03_reference_search/raw_outputs/18_beta_cell_90_dataset_30_reference/selected_references/cell_beta_0p07_p_0p00/dataset_005_seed_503234/width_048/selected_refs.json
cell_beta_0p07_p_0p00,dataset_006_seed_603234,48,0,,,02_dnn/03_reference_search/raw_outputs/36_beta_cell_30_dataset_30_reference/selected_references/cell_beta_0p07_p_0p00/dataset_006_seed_603234/width_048/selected_ref_payloads/ref_000/theta.npy,02_dnn/03_reference_search/raw_outputs/18_beta_cell_90_dataset_30_reference/selected_references/cell_beta_0p07_p_0p00/dataset_006_seed_603234/width_048/selected_refs.json
cell_beta_0p07_p_0p00,dataset_007_seed_703234,48,0,,,02_dnn/03_reference_search/raw_outputs/36_beta_cell_30_dataset_30_reference/selected_references/cell_beta_0p07_p_0p00/dataset_007_seed_703234/width_048/selected_ref_payloads/ref_000/theta.npy,02_dnn/03_reference_search/raw_outputs/18_beta_cell_90_dataset_30_reference/selected_references/cell_beta_0p07_p_0p00/dataset_007_seed_703234/width_048/selected_refs.json
cell_beta_0p07_p_0p00,dataset_008_seed_803234,48,0,,,02_dnn/03_reference_search/raw_outputs/36_beta_cell_30_dataset_30_reference/selected_references/cell_beta_0p07_p_0p00/dataset_008_seed_803234/width_048/selected_ref_payloads/ref_000/theta.npy,02_dnn/03_reference_search/raw_outputs/18_beta_cell_90_dataset_30_reference/selected_references/cell_beta_0p07_p_0p00/dataset_008_seed_803234/width_048/selected_refs.json
cell_beta_0p07_p_0p00,dataset_009_seed_903234,48,0,,,02_dnn/03_reference_search/raw_outputs/36_beta_cell_30_dataset_30_reference/selected_references/cell_beta_0p07_p_0p00/dataset_009_seed_903234/width_048/selected_ref_payloads/ref_000/theta.npy,02_dnn/03_reference_search/raw_outputs/18_beta_cell_90_dataset_30_reference/selected_references/cell_beta_0p07_p_0p00/dataset_009_seed_903234/width_048/selected_refs.json
cell_beta_0p07_p_0p00,dataset_010_seed_1003234,48,0,,,02_dnn/03_reference_search/raw_outputs/36_beta_cell_30_dataset_30_reference/selected_references/cell_beta_0p07_p_0p00/dataset_010_seed_1003234/width_048/selected_ref_payloads/ref_000/theta.npy,02_dnn/03_reference_search/raw_outputs/18_beta_cell_90_dataset_30_reference/selected_references/cell_beta_0p07_p_0p00/dataset_010_seed_1003234/width_048/selected_refs.json
cell_beta_0p07_p_0p00,dataset_011_seed_1103234,48,0,,,02_dnn/03_reference_search/raw_outputs/36_beta_cell_30_dataset_30_reference/selected_references/cell_beta_0p07_p_0p00/dataset_011_seed_1103234/width_048/selected_ref_payloads/ref_000/theta.npy,02_dnn/03_reference_search/raw_outputs/18_beta_cell_90_dataset_30_reference/selected_references/cell_beta_0p07_p_0p00/dataset_011_seed_1103234/width_048/selected_refs.json
cell_beta_0p07_p_0p00,dataset_012_seed_1203234,48,0,,,02_dnn/03_reference_search/raw_outputs/36_beta_cell_30_dataset_30_reference/selected_references/cell_beta_0p07_p_0p00/dataset_012_seed_1203234/width_048/selected_ref_payloads/ref_000/theta.npy,02_dnn/03_reference_search/raw_outputs/18_beta_cell_90_dataset_30_reference/selected_references/cell_beta_0p07_p_0p00/dataset_012_seed_1203234/width_048/selected_refs.json
cell_beta_0p07_p_0p00,dataset_013_seed_1303234,48,0,,,02_dnn/03_reference_search/raw_outputs/36_beta_cell_30_dataset_30_reference/selected_references/cell_beta_0p07_p_0p00/dataset_013_seed_1303234/width_048/selected_ref_payloads/ref_000/theta.npy,02_dnn/03_reference_search/raw_outputs/18_beta_cell_90_dataset_30_reference/selected_references/cell_beta_0p07_p_0p00/dataset_013_seed_1303234/width_048/selected_refs.json
cell_beta_0p07_p_0p00,dataset_014_seed_1403234,48,0,,,02_dnn/03_reference_search/raw_outputs/36_beta_cell_30_dataset_30_reference/selected_references/cell_beta_0p07_p_0p00/dataset_014_seed_1403234/width_048/selected_ref_payloads/ref_000/theta.npy,02_dnn/03_reference_search/raw_outputs/18_beta_cell_90_dataset_30_reference/selected_references/cell_beta_0p07_p_0p00/dataset_014_seed_1403234/width_048/selected_refs.json
cell_beta_0p07_p_0p00,dataset_015_seed_1503234,48,0,,,02_dnn/03_reference_search/raw_outputs/36_beta_cell_30_dataset_30_reference/selected_references/cell_beta_0p07_p_0p00/dataset_015_seed_1503234/width_048/selected_ref_payloads/ref_000/theta.npy,02_dnn/03_reference_search/raw_outputs/18_beta_cell_90_dataset_30_reference/selected_references/cell_beta_0p07_p_0p00/dataset_015_seed_1503234/width_048/selected_refs.json
cell_beta_0p07_p_0p00,dataset_016_seed_1603234,48,0,,,02_dnn/03_reference_search/raw_outputs/36_beta_cell_30_dataset_30_reference/selected_references/cell_beta_0p07_p_0p00/dataset_016_seed_1603234/width_048/selected_ref_payloads/ref_000/theta.npy,02_dnn/03_reference_search/raw_outputs/18_beta_cell_90_dataset_30_reference/selected_references/cell_beta_0p07_p_0p00/dataset_016_seed_1603234/width_048/selected_refs.json
cell_beta_0p07_p_0p00,dataset_017_seed_1703234,48,0,,,02_dnn/03_reference_search/raw_outputs/36_beta_cell_30_dataset_30_reference/selected_references/cell_beta_0p07_p_0p00/dataset_017_seed_1703234/width_048/selected_ref_payloads/ref_000/theta.npy,02_dnn/03_reference_search/raw_outputs/18_beta_cell_90_dataset_30_reference/selected_references/cell_beta_0p07_p_0p00/dataset_017_seed_1703234/width_048/selected_refs.json
cell_beta_0p07_p_0p00,dataset_018_seed_1803234,48,0,,,02_dnn/03_reference_search/raw_outputs/36_beta_cell_30_dataset_30_reference/selected_references/cell_beta_0p07_p_0p00/dataset_018_seed_1803234/width_048/selected_ref_payloads/ref_000/theta.npy,02_dnn/03_reference_search/raw_outputs/18_beta_cell_90_dataset_30_reference/selected_references/cell_beta_0p07_p_0p00/dataset_018_seed_1803234/width_048/selected_refs.json
cell_beta_0p07_p_0p00,dataset_019_seed_1903234,48,0,,,02_dnn/03_reference_search/raw_outputs/36_beta_cell_30_dataset_30_reference/selected_references/cell_beta_0p07_p_0p00/dataset_019_seed_1903234/width_048/selected_ref_payloads/ref_000/theta.npy,02_dnn/03_reference_search/raw_outputs/18_beta_cell_90_dataset_30_reference/selected_references/cell_beta_0p07_p_0p00/dataset_019_seed_1903234/width_048/selected_refs.json
cell_beta_0p07_p_0p00,dataset_020_seed_2003234,48,0,,,02_dnn/03_reference_search/raw_outputs/36_beta_cell_30_dataset_30_reference/selected_references/cell_beta_0p07_p_0p00/dataset_020_seed_2003234/width_048/selected_ref_payloads/ref_000/theta.npy,02_dnn/03_reference_search/raw_outputs/18_beta_cell_90_dataset_30_reference/selected_references/cell_beta_0p07_p_0p00/dataset_020_seed_2003234/width_048/selected_refs.json
cell_beta_0p07_p_0p00,dataset_021_seed_2103234,48,0,,,02_dnn/03_reference_search/raw_outputs/36_beta_cell_30_dataset_30_reference/selected_references/cell_beta_0p07_p_0p00/dataset_021_seed_2103234/width_048/selected_ref_payloads/ref_000/theta.npy,02_dnn/03_reference_search/raw_outputs/18_beta_cell_90_dataset_30_reference/selected_references/cell_beta_0p07_p_0p00/dataset_021_seed_2103234/width_048/selected_refs.json
cell_beta_0p07_p_0p00,dataset_022_seed_2203234,48,0,,,02_dnn/03_reference_search/raw_outputs/36_beta_cell_30_dataset_30_reference/selected_references/cell_beta_0p07_p_0p00/dataset_022_seed_2203234/width_048/selected_ref_payloads/ref_000/theta.npy,02_dnn/03_reference_search/raw_outputs/18_beta_cell_90_dataset_30_reference/selected_references/cell_beta_0p07_p_0p00/dataset_022_seed_2203234/width_048/selected_refs.json
cell_beta_0p07_p_0p00,dataset_023_seed_2303234,48,0,,,02_dnn/03_reference_search/raw_outputs/36_beta_cell_30_dataset_30_reference/selected_references/cell_beta_0p07_p_0p00/dataset_023_seed_2303234/width_048/selected_ref_payloads/ref_000/theta.npy,02_dnn/03_reference_search/raw_outputs/18_beta_cell_90_dataset_30_reference/selected_references/cell_beta_0p07_p_0p00/dataset_023_seed_2303234/width_048/selected_refs.json
cell_beta_0p07_p_0p00,dataset_024_seed_2403234,48,0,,,02_dnn/03_reference_search/raw_outputs/36_beta_cell_30_dataset_30_reference/selected_references/cell_beta_0p07_p_0p00/dataset_024_seed_2403234/width_048/selected_ref_payloads/ref_000/theta.npy,02_dnn/03_reference_search/raw_outputs/18_beta_cell_90_dataset_30_reference/selected_references/cell_beta_0p07_p_0p00/dataset_024_seed_2403234/width_048/selected_refs.json
cell_beta_0p07_p_0p00,dataset_025_seed_2503234,48,0,,,02_dnn/03_reference_search/raw_outputs/36_beta_cell_30_dataset_30_reference/selected_references/cell_beta_0p07_p_0p00/dataset_025_seed_2503234/width_048/selected_ref_payloads/ref_000/theta.npy,02_dnn/03_reference_search/raw_outputs/18_beta_cell_90_dataset_30_reference/selected_references/cell_beta_0p07_p_0p00/dataset_025_seed_2503234/width_048/selected_refs.json
cell_beta_0p07_p_0p00,dataset_026_seed_2603234,48,0,,,02_dnn/03_reference_search/raw_outputs/36_beta_cell_30_dataset_30_reference/selected_references/cell_beta_0p07_p_0p00/dataset_026_seed_2603234/width_048/selected_ref_payloads/ref_000/theta.npy,02_dnn/03_reference_search/raw_outputs/18_beta_cell_90_dataset_30_reference/selected_references/cell_beta_0p07_p_0p00/dataset_026_seed_2603234/width_048/selected_refs.json
cell_beta_0p07_p_0p00,dataset_027_seed_2703234,48,0,,,02_dnn/03_reference_search/raw_outputs/36_beta_cell_30_dataset_30_reference/selected_references/cell_beta_0p07_p_0p00/dataset_027_seed_2703234/width_048/selected_ref_payloads/ref_000/theta.npy,02_dnn/03_reference_search/raw_outputs/18_beta_cell_90_dataset_30_reference/selected_references/cell_beta_0p07_p_0p00/dataset_027_seed_2703234/width_048/selected_refs.json
cell_beta_0p07_p_0p00,dataset_028_seed_2803234,48,0,,,02_dnn/03_reference_search/raw_outputs/36_beta_cell_30_dataset_30_reference/selected_references/cell_beta_0p07_p_0p00/dataset_028_seed_2803234/width_048/selected_ref_payloads/ref_000/theta.npy,02_dnn/03_reference_search/raw_outputs/18_beta_cell_90_dataset_30_reference/selected_references/cell_beta_0p07_p_0p00/dataset_028_seed_2803234/width_048/selected_refs.json
cell_beta_0p07_p_0p00,dataset_029_seed_2903234,48,0,,,02_dnn/03_reference_search/raw_outputs/36_beta_cell_30_dataset_30_reference/selected_references/cell_beta_0p07_p_0p00/dataset_029_seed_2903234/width_048/selected_ref_payloads/ref_000/theta.npy,02_dnn/03_reference_search/raw_outputs/18_beta_cell_90_dataset_30_reference/selected_references/cell_beta_0p07_p_0p00/dataset_029_seed_2903234/width_048/selected_refs.json
cell_beta_0p07_p_0p00,dataset_030_seed_3003234,48,0,134.4245213156316,0.00170607349897196,02_dnn/03_reference_search/raw_outputs/18_beta_cell_100_dataset_30_reference/selected_references/cell_beta_0p07_p_0p00/dataset_030_seed_3003234/width_048/selected_ref_payloads/ref_000/theta.npy,02_dnn/03_reference_search/raw_outputs/18_beta_cell_90_dataset_30_reference/selected_references/cell_beta_0p07_p_0p00/dataset_030_seed_3003234/width_048/selected_refs.json
cell_beta_0p07_p_0p00,dataset_031_seed_3103234,48,0,117.62869858430695,0.0008242679558439158,02_dnn/03_reference_search/raw_outputs/18_beta_cell_100_dataset_30_reference/selected_references/cell_beta_0p07_p_0p00/dataset_031_seed_3103234/width_048/selected_ref_payloads/ref_000/theta.npy,02_dnn/03_reference_search/raw_outputs/18_beta_cell_90_dataset_30_reference/selected_references/cell_beta_0p07_p_0p00/dataset_031_seed_3103234/width_048/selected_refs.json
cell_beta_0p07_p_0p00,dataset_032_seed_3203234,48,0,133.99491461074373,0.0025798618345343164,02_dnn/03_reference_search/raw_outputs/18_beta_cell_100_dataset_30_reference/selected_references/cell_beta_0p07_p_0p00/dataset_032_seed_3203234/width_048/selected_ref_payloads/ref_000/theta.npy,02_dnn/03_reference_search/raw_outputs/18_beta_cell_90_dataset_30_reference/selected_references/cell_beta_0p07_p_0p00/dataset_032_seed_3203234/width_048/selected_refs.json
cell_beta_0p07_p_0p00,dataset_033_seed_3303234,48,0,136.1797778904112,0.0005836385115006793,02_dnn/03_reference_search/raw_outputs/18_beta_cell_100_dataset_30_reference/selected_references/cell_beta_0p07_p_0p00/dataset_033_seed_3303234/width_048/selected_ref_payloads/ref_000/theta.npy,02_dnn/03_reference_search/raw_outputs/18_beta_cell_90_dataset_30_reference/selected_references/cell_beta_0p07_p_0p00/dataset_033_seed_3303234/width_048/selected_refs.json
cell_beta_0p07_p_0p00,dataset_034_seed_3403234,48,0,130.96567775102608,0.0005894545804443969,02_dnn/03_reference_search/raw_outputs/18_beta_cell_100_dataset_30_reference/selected_references/cell_beta_0p07_p_0p00/dataset_034_seed_3403234/width_048/selected_ref_payloads/ref_000/theta.npy,02_dnn/03_reference_search/raw_outputs/18_beta_cell_90_dataset_30_reference/selected_references/cell_beta_0p07_p_0p00/dataset_034_seed_3403234/width_048/selected_refs.json
cell_beta_0p07_p_0p00,dataset_035_seed_3503234,48,0,137.77339781765284,0.0006930743949343023,02_dnn/03_reference_search/raw_outputs/18_beta_cell_100_dataset_30_reference/selected_references/cell_beta_0p07_p_0p00/dataset_035_seed_3503234/width_048/selected_ref_payloads/ref_000/theta.npy,02_dnn/03_reference_search/raw_outputs/18_beta_cell_90_dataset_30_reference/selected_references/cell_beta_0p07_p_0p00/dataset_035_seed_3503234/width_048/selected_refs.json
cell_beta_0p07_p_0p00,dataset_036_seed_3603234,48,0,134.2009818493886,0.0008365562563235319,02_dnn/03_reference_search/raw_outputs/18_beta_cell_100_dataset_30_reference/selected_references/cell_beta_0p07_p_0p00/dataset_036_seed_3603234/width_048/selected_ref_payloads/ref_000/theta.npy,02_dnn/03_reference_search/raw_outputs/18_beta_cell_90_dataset_30_reference/selected_references/cell_beta_0p07_p_0p00/dataset_036_seed_3603234/width_048/selected_refs.json
cell_beta_0p07_p_0p00,dataset_037_seed_3703234,48,0,131.483695804023,0.0006289444170940926,02_dnn/03_reference_search/raw_outputs/18_beta_cell_100_dataset_30_reference/selected_references/cell_beta_0p07_p_0p00/dataset_037_seed_3703234/width_048/selected_ref_payloads/ref_000/theta.npy,02_dnn/03_reference_search/raw_outputs/18_beta_cell_90_dataset_30_reference/selected_references/cell_beta_0p07_p_0p00/dataset_037_seed_3703234/width_048/selected_refs.json
cell_beta_0p07_p_0p00,dataset_038_seed_3803234,48,0,133.7732235752782,0.0005773597956558198,02_dnn/03_reference_search/raw_outputs/18_beta_cell_100_dataset_30_reference/selected_references/cell_beta_0p07_p_0p00/dataset_038_seed_3803234/width_048/selected_ref_payloads/ref_000/theta.npy,02_dnn/03_reference_search/raw_outputs/18_beta_cell_90_dataset_30_reference/selected_references/cell_beta_0p07_p_0p00/dataset_038_seed_3803234/width_048/selected_refs.json
cell_beta_0p07_p_0p00,dataset_039_seed_3903234,48,0,123.27379112159859,0.0005895318948802206,02_dnn/03_reference_search/raw_outputs/18_beta_cell_100_dataset_30_reference/selected_references/cell_beta_0p07_p_0p00/dataset_039_seed_3903234/width_048/selected_ref_payloads/ref_000/theta.npy,02_dnn/03_reference_search/raw_outputs/18_beta_cell_90_dataset_30_reference/selected_references/cell_beta_0p07_p_0p00/dataset_039_seed_3903234/width_048/selected_refs.json
cell_beta_0p07_p_0p00,dataset_040_seed_4003234,48,0,137.89507100808927,0.000691921343359716,02_dnn/03_reference_search/raw_outputs/18_beta_cell_100_dataset_30_reference/selected_references/cell_beta_0p07_p_0p00/dataset_040_seed_4003234/width_048/selected_ref_payloads/ref_000/theta.npy,02_dnn/03_reference_search/raw_outputs/18_beta_cell_90_dataset_30_reference/selected_references/cell_beta_0p07_p_0p00/dataset_040_seed_4003234/width_048/selected_refs.json
cell_beta_0p07_p_0p00,dataset_041_seed_4103234,48,0,126.04901182823814,0.0012331097028314036,02_dnn/03_reference_search/raw_outputs/18_beta_cell_100_dataset_30_reference/selected_references/cell_beta_0p07_p_0p00/dataset_041_seed_4103234/width_048/selected_ref_payloads/ref_000/theta.npy,02_dnn/03_reference_search/raw_outputs/18_beta_cell_90_dataset_30_reference/selected_references/cell_beta_0p07_p_0p00/dataset_041_seed_4103234/width_048/selected_refs.json
cell_beta_0p07_p_0p00,dataset_042_seed_4203234,48,0,140.8019636260242,0.0008399282823355755,02_dnn/03_reference_search/raw_outputs/18_beta_cell_100_dataset_30_reference/selected_references/cell_beta_0p07_p_0p00/dataset_042_seed_4203234/width_048/selected_ref_payloads/ref_000/theta.npy,02_dnn/03_reference_search/raw_outputs/18_beta_cell_90_dataset_30_reference/selected_references/cell_beta_0p07_p_0p00/dataset_042_seed_4203234/width_048/selected_refs.json
cell_beta_0p07_p_0p00,dataset_043_seed_4303234,48,0,127.32257583434928,0.0003836712890610543,02_dnn/03_reference_search/raw_outputs/18_beta_cell_100_dataset_30_reference/selected_references/cell_beta_0p07_p_0p00/dataset_043_seed_4303234/width_048/selected_ref_payloads/ref_000/theta.npy,02_dnn/03_reference_search/raw_outputs/18_beta_cell_90_dataset_30_reference/selected_references/cell_beta_0p07_p_0p00/dataset_043_seed_4303234/width_048/selected_refs.json
cell_beta_0p07_p_0p00,dataset_044_seed_4403234,48,0,126.06734770755173,0.0005777911039424523,02_dnn/03_reference_search/raw_outputs/18_beta_cell_100_dataset_30_reference/selected_references/cell_beta_0p07_p_0p00/dataset_044_seed_4403234/width_048/selected_ref_payloads/ref_000/theta.npy,02_dnn/03_reference_search/raw_outputs/18_beta_cell_90_dataset_30_reference/selected_references/cell_beta_0p07_p_0p00/dataset_044_seed_4403234/width_048/selected_refs.json
cell_beta_0p07_p_0p00,dataset_045_seed_4503234,48,0,132.47998464838332,0.0005319204987917132,02_dnn/03_reference_search/raw_outputs/18_beta_cell_100_dataset_30_reference/selected_references/cell_beta_0p07_p_0p00/dataset_045_seed_4503234/width_048/selected_ref_payloads/ref_000/theta.npy,02_dnn/03_reference_search/raw_outputs/18_beta_cell_90_dataset_30_reference/selected_references/cell_beta_0p07_p_0p00/dataset_045_seed_4503234/width_048/selected_refs.json
cell_beta_0p07_p_0p00,dataset_046_seed_4603234,48,0,122.24891618071518,0.0035361392956399567,02_dnn/03_reference_search/raw_outputs/18_beta_cell_100_dataset_30_reference/selected_references/cell_beta_0p07_p_0p00/dataset_046_seed_4603234/width_048/selected_ref_payloads/ref_000/theta.npy,02_dnn/03_reference_search/raw_outputs/18_beta_cell_90_dataset_30_reference/selected_references/cell_beta_0p07_p_0p00/dataset_046_seed_4603234/width_048/selected_refs.json
cell_beta_0p07_p_0p00,dataset_047_seed_4703234,48,0,124.07678219526137,0.001294637694955089,02_dnn/03_reference_search/raw_outputs/18_beta_cell_100_dataset_30_reference/selected_references/cell_beta_0p07_p_0p00/dataset_047_seed_4703234/width_048/selected_ref_payloads/ref_000/theta.npy,02_dnn/03_reference_search/raw_outputs/18_beta_cell_90_dataset_30_reference/selected_references/cell_beta_0p07_p_0p00/dataset_047_seed_4703234/width_048/selected_refs.json
cell_beta_0p07_p_0p00,dataset_048_seed_4803234,48,0,126.90946218721542,0.001603270742406625,02_dnn/03_reference_search/raw_outputs/18_beta_cell_100_dataset_30_reference/selected_references/cell_beta_0p07_p_0p00/dataset_048_seed_4803234/width_048/selected_ref_payloads/ref_000/theta.npy,02_dnn/03_reference_search/raw_outputs/18_beta_cell_90_dataset_30_reference/selected_references/cell_beta_0p07_p_0p00/dataset_048_seed_4803234/width_048/selected_refs.json
cell_beta_0p07_p_0p00,dataset_049_seed_4903234,48,0,142.10384725903552,0.0005942548474135534,02_dnn/03_reference_search/raw_outputs/18_beta_cell_100_dataset_30_reference/selected_references/cell_beta_0p07_p_0p00/dataset_049_seed_4903234/width_048/selected_ref_payloads/ref_000/theta.npy,02_dnn/03_reference_search/raw_outputs/18_beta_cell_90_dataset_30_reference/selected_references/cell_beta_0p07_p_0p00/dataset_049_seed_4903234/width_048/selected_refs.json
cell_beta_0p07_p_0p00,dataset_050_seed_5003234,48,0,135.1784861844117,0.0024103600410500447,02_dnn/03_reference_search/raw_outputs/18_beta_cell_100_dataset_30_reference/selected_references/cell_beta_0p07_p_0p00/dataset_050_seed_5003234/width_048/selected_ref_payloads/ref_000/theta.npy,02_dnn/03_reference_search/raw_outputs/18_beta_cell_90_dataset_30_reference/selected_references/cell_beta_0p07_p_0p00/dataset_050_seed_5003234/width_048/selected_refs.json
cell_beta_0p07_p_0p00,dataset_051_seed_5103234,48,0,140.1270950756093,0.0005665097000892616,02_dnn/03_reference_search/raw_outputs/18_beta_cell_100_dataset_30_reference/selected_references/cell_beta_0p07_p_0p00/dataset_051_seed_5103234/width_048/selected_ref_payloads/ref_000/theta.npy,02_dnn/03_reference_search/raw_outputs/18_beta_cell_90_dataset_30_reference/selected_references/cell_beta_0p07_p_0p00/dataset_051_seed_5103234/width_048/selected_refs.json
cell_beta_0p07_p_0p00,dataset_052_seed_5203234,48,0,132.0297572994681,0.0005065367750673533,02_dnn/03_reference_search/raw_outputs/18_beta_cell_100_dataset_30_reference/selected_references/cell_beta_0p07_p_0p00/dataset_052_seed_5203234/width_048/selected_ref_payloads/ref_000/theta.npy,02_dnn/03_reference_search/raw_outputs/18_beta_cell_90_dataset_30_reference/selected_references/cell_beta_0p07_p_0p00/dataset_052_seed_5203234/width_048/selected_refs.json
cell_beta_0p07_p_0p00,dataset_053_seed_5303234,48,0,125.26281350877329,0.0012981961874259148,02_dnn/03_reference_search/raw_outputs/18_beta_cell_100_dataset_30_reference/selected_references/cell_beta_0p07_p_0p00/dataset_053_seed_5303234/width_048/selected_ref_payloads/ref_000/theta.npy,02_dnn/03_reference_search/raw_outputs/18_beta_cell_90_dataset_30_reference/selected_references/cell_beta_0p07_p_0p00/dataset_053_seed_5303234/width_048/selected_refs.json
cell_beta_0p07_p_0p00,dataset_054_seed_5403234,48,0,121.16282537067791,0.0005548339734807893,02_dnn/03_reference_search/raw_outputs/18_beta_cell_100_dataset_30_reference/selected_references/cell_beta_0p07_p_0p00/dataset_054_seed_5403234/width_048/selected_ref_payloads/ref_000/theta.npy,02_dnn/03_reference_search/raw_outputs/18_beta_cell_90_dataset_30_reference/selected_references/cell_beta_0p07_p_0p00/dataset_054_seed_5403234/width_048/selected_refs.json
cell_beta_0p07_p_0p00,dataset_055_seed_5503234,48,0,120.54383086044888,0.00037723138521670473,02_dnn/03_reference_search/raw_outputs/18_beta_cell_100_dataset_30_reference/selected_references/cell_beta_0p07_p_0p00/dataset_055_seed_5503234/width_048/selected_ref_payloads/ref_000/theta.npy,02_dnn/03_reference_search/raw_outputs/18_beta_cell_90_dataset_30_reference/selected_references/cell_beta_0p07_p_0p00/dataset_055_seed_5503234/width_048/selected_refs.json
cell_beta_0p07_p_0p00,dataset_056_seed_5603234,48,0,128.84872806371862,0.0005775915724058063,02_dnn/03_reference_search/raw_outputs/18_beta_cell_100_dataset_30_reference/selected_references/cell_beta_0p07_p_0p00/dataset_056_seed_5603234/width_048/selected_ref_payloads/ref_000/theta.npy,02_dnn/03_reference_search/raw_outputs/18_beta_cell_90_dataset_30_reference/selected_references/cell_beta_0p07_p_0p00/dataset_056_seed_5603234/width_048/selected_refs.json
cell_beta_0p07_p_0p00,dataset_057_seed_5703234,48,0,134.28462488282068,0.00044447331784026195,02_dnn/03_reference_search/raw_outputs/18_beta_cell_100_dataset_30_reference/selected_references/cell_beta_0p07_p_0p00/dataset_057_seed_5703234/width_048/selected_ref_payloads/ref_000/theta.npy,02_dnn/03_reference_search/raw_outputs/18_beta_cell_90_dataset_30_reference/selected_references/cell_beta_0p07_p_0p00/dataset_057_seed_5703234/width_048/selected_refs.json
cell_beta_0p07_p_0p00,dataset_058_seed_5803234,48,0,124.28908952303257,0.0010966714038436803,02_dnn/03_reference_search/raw_outputs/18_beta_cell_100_dataset_30_reference/selected_references/cell_beta_0p07_p_0p00/dataset_058_seed_5803234/width_048/selected_ref_payloads/ref_000/theta.npy,02_dnn/03_reference_search/raw_outputs/18_beta_cell_90_dataset_30_reference/selected_references/cell_beta_0p07_p_0p00/dataset_058_seed_5803234/width_048/selected_refs.json
cell_beta_0p07_p_0p00,dataset_059_seed_5903234,48,0,124.27363651993826,0.0023832530162978807,02_dnn/03_reference_search/raw_outputs/18_beta_cell_100_dataset_30_reference/selected_references/cell_beta_0p07_p_0p00/dataset_059_seed_5903234/width_048/selected_ref_payloads/ref_000/theta.npy,02_dnn/03_reference_search/raw_outputs/18_beta_cell_90_dataset_30_reference/selected_references/cell_beta_0p07_p_0p00/dataset_059_seed_5903234/width_048/selected_refs.json
cell_beta_0p07_p_0p00,dataset_060_seed_6003234,48,0,117.3345117484674,0.003620657975108624,02_dnn/03_reference_search/raw_outputs/18_beta_cell_90_dataset_30_reference/selected_references/cell_beta_0p07_p_0p00/dataset_060_seed_6003234/width_048/selected_ref_payloads/ref_000/theta.npy,02_dnn/03_reference_search/raw_outputs/18_beta_cell_90_dataset_30_reference/selected_references/cell_beta_0p07_p_0p00/dataset_060_seed_6003234/width_048/selected_refs.json
cell_beta_0p07_p_0p00,dataset_061_seed_6103234,48,0,128.5925260291364,0.0018387294325289633,02_dnn/03_reference_search/raw_outputs/18_beta_cell_90_dataset_30_reference/selected_references/cell_beta_0p07_p_0p00/dataset_061_seed_6103234/width_048/selected_ref_payloads/ref_000/theta.npy,02_dnn/03_reference_search/raw_outputs/18_beta_cell_90_dataset_30_reference/selected_references/cell_beta_0p07_p_0p00/dataset_061_seed_6103234/width_048/selected_refs.json
cell_beta_0p07_p_0p00,dataset_062_seed_96203234,48,0,132.96885751349444,0.001030834763653887,02_dnn/03_reference_search/raw_outputs/18_beta_cell_90_dataset_30_reference/selected_references/cell_beta_0p07_p_0p00/dataset_062_seed_96203234/width_048/selected_ref_payloads/ref_000/theta.npy,02_dnn/03_reference_search/raw_outputs/18_beta_cell_90_dataset_30_reference/selected_references/cell_beta_0p07_p_0p00/dataset_062_seed_96203234/width_048/selected_refs.json
cell_beta_0p07_p_0p00,dataset_063_seed_6303234,48,0,130.5350620509131,0.0010024119964787985,02_dnn/03_reference_search/raw_outputs/18_beta_cell_90_dataset_30_reference/selected_references/cell_beta_0p07_p_0p00/dataset_063_seed_6303234/width_048/selected_ref_payloads/ref_000/theta.npy,02_dnn/03_reference_search/raw_outputs/18_beta_cell_90_dataset_30_reference/selected_references/cell_beta_0p07_p_0p00/dataset_063_seed_6303234/width_048/selected_refs.json
cell_beta_0p07_p_0p00,dataset_064_seed_6403234,48,0,117.20612627942099,0.004863231545878212,02_dnn/03_reference_search/raw_outputs/18_beta_cell_90_dataset_30_reference/selected_references/cell_beta_0p07_p_0p00/dataset_064_seed_6403234/width_048/selected_ref_payloads/ref_000/theta.npy,02_dnn/03_reference_search/raw_outputs/18_beta_cell_90_dataset_30_reference/selected_references/cell_beta_0p07_p_0p00/dataset_064_seed_6403234/width_048/selected_refs.json
cell_beta_0p07_p_0p00,dataset_065_seed_6503234,48,0,126.3156309805263,0.0005018737558156167,02_dnn/03_reference_search/raw_outputs/18_beta_cell_90_dataset_30_reference/selected_references/cell_beta_0p07_p_0p00/dataset_065_seed_6503234/width_048/selected_ref_payloads/ref_000/theta.npy,02_dnn/03_reference_search/raw_outputs/18_beta_cell_90_dataset_30_reference/selected_references/cell_beta_0p07_p_0p00/dataset_065_seed_6503234/width_048/selected_refs.json
cell_beta_0p07_p_0p00,dataset_066_seed_6603234,48,0,119.82260598519436,0.004926049433443698,02_dnn/03_reference_search/raw_outputs/18_beta_cell_90_dataset_30_reference/selected_references/cell_beta_0p07_p_0p00/dataset_066_seed_6603234/width_048/selected_ref_payloads/ref_000/theta.npy,02_dnn/03_reference_search/raw_outputs/18_beta_cell_90_dataset_30_reference/selected_references/cell_beta_0p07_p_0p00/dataset_066_seed_6603234/width_048/selected_refs.json
cell_beta_0p07_p_0p00,dataset_067_seed_6703234,48,0,111.56533198088117,0.011045456144525352,02_dnn/03_reference_search/raw_outputs/18_beta_cell_90_dataset_30_reference/selected_references/cell_beta_0p07_p_0p00/dataset_067_seed_6703234/width_048/selected_ref_payloads/ref_000/theta.npy,02_dnn/03_reference_search/raw_outputs/18_beta_cell_90_dataset_30_reference/selected_references/cell_beta_0p07_p_0p00/dataset_067_seed_6703234/width_048/selected_refs.json
cell_beta_0p07_p_0p00,dataset_068_seed_6803234,48,0,116.12310398092242,0.0021299517421681747,02_dnn/03_reference_search/raw_outputs/18_beta_cell_90_dataset_30_reference/selected_references/cell_beta_0p07_p_0p00/dataset_068_seed_6803234/width_048/selected_ref_payloads/ref_000/theta.npy,02_dnn/03_reference_search/raw_outputs/18_beta_cell_90_dataset_30_reference/selected_references/cell_beta_0p07_p_0p00/dataset_068_seed_6803234/width_048/selected_refs.json
cell_beta_0p07_p_0p00,dataset_069_seed_6903234,48,0,121.36565427936708,0.004579714562859925,02_dnn/03_reference_search/raw_outputs/18_beta_cell_90_dataset_30_reference/selected_references/cell_beta_0p07_p_0p00/dataset_069_seed_6903234/width_048/selected_ref_payloads/ref_000/theta.npy,02_dnn/03_reference_search/raw_outputs/18_beta_cell_90_dataset_30_reference/selected_references/cell_beta_0p07_p_0p00/dataset_069_seed_6903234/width_048/selected_refs.json
cell_beta_0p07_p_0p00,dataset_070_seed_7003234,48,0,121.21041684561823,0.0009344595937363047,02_dnn/03_reference_search/raw_outputs/18_beta_cell_90_dataset_30_reference/selected_references/cell_beta_0p07_p_0p00/dataset_070_seed_7003234/width_048/selected_ref_payloads/ref_000/theta.npy,02_dnn/03_reference_search/raw_outputs/18_beta_cell_90_dataset_30_reference/selected_references/cell_beta_0p07_p_0p00/dataset_070_seed_7003234/width_048/selected_refs.json
cell_beta_0p07_p_0p00,dataset_071_seed_7103234,48,0,120.82445826493205,0.004471348327916853,02_dnn/03_reference_search/raw_outputs/18_beta_cell_90_dataset_30_reference/selected_references/cell_beta_0p07_p_0p00/dataset_071_seed_7103234/width_048/selected_ref_payloads/ref_000/theta.npy,02_dnn/03_reference_search/raw_outputs/18_beta_cell_90_dataset_30_reference/selected_references/cell_beta_0p07_p_0p00/dataset_071_seed_7103234/width_048/selected_refs.json
cell_beta_0p07_p_0p00,dataset_072_seed_7203234,48,0,138.7279169218251,0.003344409213956819,02_dnn/03_reference_search/raw_outputs/18_beta_cell_90_dataset_30_reference/selected_references/cell_beta_0p07_p_0p00/dataset_072_seed_7203234/width_048/selected_ref_payloads/ref_000/theta.npy,02_dnn/03_reference_search/raw_outputs/18_beta_cell_90_dataset_30_reference/selected_references/cell_beta_0p07_p_0p00/dataset_072_seed_7203234/width_048/selected_refs.json
cell_beta_0p07_p_0p00,dataset_073_seed_7303234,48,0,112.32169592543448,0.00290534427055912,02_dnn/03_reference_search/raw_outputs/18_beta_cell_90_dataset_30_reference/selected_references/cell_beta_0p07_p_0p00/dataset_073_seed_7303234/width_048/selected_ref_payloads/ref_000/theta.npy,02_dnn/03_reference_search/raw_outputs/18_beta_cell_90_dataset_30_reference/selected_references/cell_beta_0p07_p_0p00/dataset_073_seed_7303234/width_048/selected_refs.json
cell_beta_0p07_p_0p00,dataset_074_seed_7403234,48,0,114.44885228095598,0.0038611401851534367,02_dnn/03_reference_search/raw_outputs/18_beta_cell_90_dataset_30_reference/selected_references/cell_beta_0p07_p_0p00/dataset_074_seed_7403234/width_048/selected_ref_payloads/ref_000/theta.npy,02_dnn/03_reference_search/raw_outputs/18_beta_cell_90_dataset_30_reference/selected_references/cell_beta_0p07_p_0p00/dataset_074_seed_7403234/width_048/selected_refs.json
cell_beta_0p07_p_0p00,dataset_075_seed_7503234,48,0,107.52641580810821,0.004011717128411389,02_dnn/03_reference_search/raw_outputs/18_beta_cell_90_dataset_30_reference/selected_references/cell_beta_0p07_p_0p00/dataset_075_seed_7503234/width_048/selected_ref_payloads/ref_000/theta.npy,02_dnn/03_reference_search/raw_outputs/18_beta_cell_90_dataset_30_reference/selected_references/cell_beta_0p07_p_0p00/dataset_075_seed_7503234/width_048/selected_refs.json
cell_beta_0p07_p_0p00,dataset_076_seed_7603234,48,0,133.40498999977504,0.0015417605336070722,02_dnn/03_reference_search/raw_outputs/18_beta_cell_90_dataset_30_reference/selected_references/cell_beta_0p07_p_0p00/dataset_076_seed_7603234/width_048/selected_ref_payloads/ref_000/theta.npy,02_dnn/03_reference_search/raw_outputs/18_beta_cell_90_dataset_30_reference/selected_references/cell_beta_0p07_p_0p00/dataset_076_seed_7603234/width_048/selected_refs.json
cell_beta_0p07_p_0p00,dataset_077_seed_7703234,48,0,128.8589780308648,0.0026953420721428376,02_dnn/03_reference_search/raw_outputs/18_beta_cell_90_dataset_30_reference/selected_references/cell_beta_0p07_p_0p00/dataset_077_seed_7703234/width_048/selected_ref_payloads/ref_000/theta.npy,02_dnn/03_reference_search/raw_outputs/18_beta_cell_90_dataset_30_reference/selected_references/cell_beta_0p07_p_0p00/dataset_077_seed_7703234/width_048/selected_refs.json
cell_beta_0p07_p_0p00,dataset_078_seed_7803234,48,0,132.46634201820598,0.003164225080743092,02_dnn/03_reference_search/raw_outputs/18_beta_cell_90_dataset_30_reference/selected_references/cell_beta_0p07_p_0p00/dataset_078_seed_7803234/width_048/selected_ref_payloads/ref_000/theta.npy,02_dnn/03_reference_search/raw_outputs/18_beta_cell_90_dataset_30_reference/selected_references/cell_beta_0p07_p_0p00/dataset_078_seed_7803234/width_048/selected_refs.json
cell_beta_0p07_p_0p00,dataset_079_seed_7903234,48,0,136.77843341747106,0.0009068094462096842,02_dnn/03_reference_search/raw_outputs/18_beta_cell_90_dataset_30_reference/selected_references/cell_beta_0p07_p_0p00/dataset_079_seed_7903234/width_048/selected_ref_payloads/ref_000/theta.npy,02_dnn/03_reference_search/raw_outputs/18_beta_cell_90_dataset_30_reference/selected_references/cell_beta_0p07_p_0p00/dataset_079_seed_7903234/width_048/selected_refs.json
cell_beta_0p07_p_0p00,dataset_080_seed_8003234,48,0,124.65984073388553,0.002002031355214852,02_dnn/03_reference_search/raw_outputs/18_beta_cell_90_dataset_30_reference/selected_references/cell_beta_0p07_p_0p00/dataset_080_seed_8003234/width_048/selected_ref_payloads/ref_000/theta.npy,02_dnn/03_reference_search/raw_outputs/18_beta_cell_90_dataset_30_reference/selected_references/cell_beta_0p07_p_0p00/dataset_080_seed_8003234/width_048/selected_refs.json
cell_beta_0p07_p_0p00,dataset_081_seed_8103234,48,0,123.70945167269194,0.0017006580485875525,02_dnn/03_reference_search/raw_outputs/18_beta_cell_90_dataset_30_reference/selected_references/cell_beta_0p07_p_0p00/dataset_081_seed_8103234/width_048/selected_ref_payloads/ref_000/theta.npy,02_dnn/03_reference_search/raw_outputs/18_beta_cell_90_dataset_30_reference/selected_references/cell_beta_0p07_p_0p00/dataset_081_seed_8103234/width_048/selected_refs.json
cell_beta_0p07_p_0p00,dataset_082_seed_8203234,48,0,133.37279927999464,0.007991146465646342,02_dnn/03_reference_search/raw_outputs/18_beta_cell_90_dataset_30_reference/selected_references/cell_beta_0p07_p_0p00/dataset_082_seed_8203234/width_048/selected_ref_payloads/ref_000/theta.npy,02_dnn/03_reference_search/raw_outputs/18_beta_cell_90_dataset_30_reference/selected_references/cell_beta_0p07_p_0p00/dataset_082_seed_8203234/width_048/selected_refs.json
cell_beta_0p07_p_0p00,dataset_083_seed_8303234,48,0,138.66572198985182,0.003271939128238189,02_dnn/03_reference_search/raw_outputs/18_beta_cell_90_dataset_30_reference/selected_references/cell_beta_0p07_p_0p00/dataset_083_seed_8303234/width_048/selected_ref_payloads/ref_000/theta.npy,02_dnn/03_reference_search/raw_outputs/18_beta_cell_90_dataset_30_reference/selected_references/cell_beta_0p07_p_0p00/dataset_083_seed_8303234/width_048/selected_refs.json
cell_beta_0p07_p_0p00,dataset_084_seed_8403234,48,0,123.5804577893819,0.0015212061231523943,02_dnn/03_reference_search/raw_outputs/18_beta_cell_90_dataset_30_reference/selected_references/cell_beta_0p07_p_0p00/dataset_084_seed_8403234/width_048/selected_ref_payloads/ref_000/theta.npy,02_dnn/03_reference_search/raw_outputs/18_beta_cell_90_dataset_30_reference/selected_references/cell_beta_0p07_p_0p00/dataset_084_seed_8403234/width_048/selected_refs.json
cell_beta_0p07_p_0p00,dataset_085_seed_8503234,48,0,120.05189637742228,0.0014908393236064824,02_dnn/03_reference_search/raw_outputs/18_beta_cell_90_dataset_30_reference/selected_references/cell_beta_0p07_p_0p00/dataset_085_seed_8503234/width_048/selected_ref_payloads/ref_000/theta.npy,02_dnn/03_reference_search/raw_outputs/18_beta_cell_90_dataset_30_reference/selected_references/cell_beta_0p07_p_0p00/dataset_085_seed_8503234/width_048/selected_refs.json
cell_beta_0p07_p_0p00,dataset_086_seed_8603234,48,0,129.18136258717786,0.0021657310272923573,02_dnn/03_reference_search/raw_outputs/18_beta_cell_90_dataset_30_reference/selected_references/cell_beta_0p07_p_0p00/dataset_086_seed_8603234/width_048/selected_ref_payloads/ref_000/theta.npy,02_dnn/03_reference_search/raw_outputs/18_beta_cell_90_dataset_30_reference/selected_references/cell_beta_0p07_p_0p00/dataset_086_seed_8603234/width_048/selected_refs.json
cell_beta_0p07_p_0p00,dataset_087_seed_8703234,48,0,122.20327689772085,0.005934178015891161,02_dnn/03_reference_search/raw_outputs/18_beta_cell_90_dataset_30_reference/selected_references/cell_beta_0p07_p_0p00/dataset_087_seed_8703234/width_048/selected_ref_payloads/ref_000/theta.npy,02_dnn/03_reference_search/raw_outputs/18_beta_cell_90_dataset_30_reference/selected_references/cell_beta_0p07_p_0p00/dataset_087_seed_8703234/width_048/selected_refs.json
cell_beta_0p07_p_0p00,dataset_088_seed_8803234,48,0,108.14161651943527,0.006569525021894494,02_dnn/03_reference_search/raw_outputs/18_beta_cell_90_dataset_30_reference/selected_references/cell_beta_0p07_p_0p00/dataset_088_seed_8803234/width_048/selected_ref_payloads/ref_000/theta.npy,02_dnn/03_reference_search/raw_outputs/18_beta_cell_90_dataset_30_reference/selected_references/cell_beta_0p07_p_0p00/dataset_088_seed_8803234/width_048/selected_refs.json
cell_beta_0p07_p_0p00,dataset_089_seed_8903234,48,0,122.89720006692636,0.00603565409054866,02_dnn/03_reference_search/raw_outputs/18_beta_cell_90_dataset_30_reference/selected_references/cell_beta_0p07_p_0p00/dataset_089_seed_8903234/width_048/selected_ref_payloads/ref_000/theta.npy,02_dnn/03_reference_search/raw_outputs/18_beta_cell_90_dataset_30_reference/selected_references/cell_beta_0p07_p_0p00/dataset_089_seed_8903234/width_048/selected_refs.json
cell_beta_0p09_p_0p00,dataset_000_seed_005234,48,0,,,02_dnn/03_reference_search/raw_outputs/36_beta_cell_30_dataset_30_reference/selected_references/cell_beta_0p09_p_0p00/dataset_000_seed_005234/width_048/selected_ref_payloads/ref_000/theta.npy,02_dnn/03_reference_search/raw_outputs/18_beta_cell_90_dataset_30_reference/selected_references/cell_beta_0p09_p_0p00/dataset_000_seed_005234/width_048/selected_refs.json
cell_beta_0p09_p_0p00,dataset_001_seed_105234,48,0,,,02_dnn/03_reference_search/raw_outputs/36_beta_cell_30_dataset_30_reference/selected_references/cell_beta_0p09_p_0p00/dataset_001_seed_105234/width_048/selected_ref_payloads/ref_000/theta.npy,02_dnn/03_reference_search/raw_outputs/18_beta_cell_90_dataset_30_reference/selected_references/cell_beta_0p09_p_0p00/dataset_001_seed_105234/width_048/selected_refs.json
cell_beta_0p09_p_0p00,dataset_002_seed_205234,48,0,,,02_dnn/03_reference_search/raw_outputs/36_beta_cell_30_dataset_30_reference/selected_references/cell_beta_0p09_p_0p00/dataset_002_seed_205234/width_048/selected_ref_payloads/ref_000/theta.npy,02_dnn/03_reference_search/raw_outputs/18_beta_cell_90_dataset_30_reference/selected_references/cell_beta_0p09_p_0p00/dataset_002_seed_205234/width_048/selected_refs.json
cell_beta_0p09_p_0p00,dataset_003_seed_305234,48,0,,,02_dnn/03_reference_search/raw_outputs/36_beta_cell_30_dataset_30_reference/selected_references/cell_beta_0p09_p_0p00/dataset_003_seed_305234/width_048/selected_ref_payloads/ref_000/theta.npy,02_dnn/03_reference_search/raw_outputs/18_beta_cell_90_dataset_30_reference/selected_references/cell_beta_0p09_p_0p00/dataset_003_seed_305234/width_048/selected_refs.json
cell_beta_0p09_p_0p00,dataset_004_seed_405234,48,0,,,02_dnn/03_reference_search/raw_outputs/36_beta_cell_30_dataset_30_reference/selected_references/cell_beta_0p09_p_0p00/dataset_004_seed_405234/width_048/selected_ref_payloads/ref_000/theta.npy,02_dnn/03_reference_search/raw_outputs/18_beta_cell_90_dataset_30_reference/selected_references/cell_beta_0p09_p_0p00/dataset_004_seed_405234/width_048/selected_refs.json
cell_beta_0p09_p_0p00,dataset_005_seed_505234,48,0,,,02_dnn/03_reference_search/raw_outputs/36_beta_cell_30_dataset_30_reference/selected_references/cell_beta_0p09_p_0p00/dataset_005_seed_505234/width_048/selected_ref_payloads/ref_000/theta.npy,02_dnn/03_reference_search/raw_outputs/18_beta_cell_90_dataset_30_reference/selected_references/cell_beta_0p09_p_0p00/dataset_005_seed_505234/width_048/selected_refs.json
cell_beta_0p09_p_0p00,dataset_006_seed_605234,48,0,,,02_dnn/03_reference_search/raw_outputs/36_beta_cell_30_dataset_30_reference/selected_references/cell_beta_0p09_p_0p00/dataset_006_seed_605234/width_048/selected_ref_payloads/ref_000/theta.npy,02_dnn/03_reference_search/raw_outputs/18_beta_cell_90_dataset_30_reference/selected_references/cell_beta_0p09_p_0p00/dataset_006_seed_605234/width_048/selected_refs.json
cell_beta_0p09_p_0p00,dataset_007_seed_705234,48,0,,,02_dnn/03_reference_search/raw_outputs/36_beta_cell_30_dataset_30_reference/selected_references/cell_beta_0p09_p_0p00/dataset_007_seed_705234/width_048/selected_ref_payloads/ref_000/theta.npy,02_dnn/03_reference_search/raw_outputs/18_beta_cell_90_dataset_30_reference/selected_references/cell_beta_0p09_p_0p00/dataset_007_seed_705234/width_048/selected_refs.json
cell_beta_0p09_p_0p00,dataset_008_seed_805234,48,0,,,02_dnn/03_reference_search/raw_outputs/36_beta_cell_30_dataset_30_reference/selected_references/cell_beta_0p09_p_0p00/dataset_008_seed_805234/width_048/selected_ref_payloads/ref_000/theta.npy,02_dnn/03_reference_search/raw_outputs/18_beta_cell_90_dataset_30_reference/selected_references/cell_beta_0p09_p_0p00/dataset_008_seed_805234/width_048/selected_refs.json
cell_beta_0p09_p_0p00,dataset_009_seed_905234,48,0,,,02_dnn/03_reference_search/raw_outputs/36_beta_cell_30_dataset_30_reference/selected_references/cell_beta_0p09_p_0p00/dataset_009_seed_905234/width_048/selected_ref_payloads/ref_000/theta.npy,02_dnn/03_reference_search/raw_outputs/18_beta_cell_90_dataset_30_reference/selected_references/cell_beta_0p09_p_0p00/dataset_009_seed_905234/width_048/selected_refs.json
cell_beta_0p09_p_0p00,dataset_010_seed_1005234,48,0,,,02_dnn/03_reference_search/raw_outputs/36_beta_cell_30_dataset_30_reference/selected_references/cell_beta_0p09_p_0p00/dataset_010_seed_1005234/width_048/selected_ref_payloads/ref_000/theta.npy,02_dnn/03_reference_search/raw_outputs/18_beta_cell_90_dataset_30_reference/selected_references/cell_beta_0p09_p_0p00/dataset_010_seed_1005234/width_048/selected_refs.json
cell_beta_0p09_p_0p00,dataset_011_seed_1105234,48,0,,,02_dnn/03_reference_search/raw_outputs/36_beta_cell_30_dataset_30_reference/selected_references/cell_beta_0p09_p_0p00/dataset_011_seed_1105234/width_048/selected_ref_payloads/ref_000/theta.npy,02_dnn/03_reference_search/raw_outputs/18_beta_cell_90_dataset_30_reference/selected_references/cell_beta_0p09_p_0p00/dataset_011_seed_1105234/width_048/selected_refs.json
cell_beta_0p09_p_0p00,dataset_012_seed_1205234,48,0,,,02_dnn/03_reference_search/raw_outputs/36_beta_cell_30_dataset_30_reference/selected_references/cell_beta_0p09_p_0p00/dataset_012_seed_1205234/width_048/selected_ref_payloads/ref_000/theta.npy,02_dnn/03_reference_search/raw_outputs/18_beta_cell_90_dataset_30_reference/selected_references/cell_beta_0p09_p_0p00/dataset_012_seed_1205234/width_048/selected_refs.json
cell_beta_0p09_p_0p00,dataset_013_seed_1305234,48,0,,,02_dnn/03_reference_search/raw_outputs/36_beta_cell_30_dataset_30_reference/selected_references/cell_beta_0p09_p_0p00/dataset_013_seed_1305234/width_048/selected_ref_payloads/ref_000/theta.npy,02_dnn/03_reference_search/raw_outputs/18_beta_cell_90_dataset_30_reference/selected_references/cell_beta_0p09_p_0p00/dataset_013_seed_1305234/width_048/selected_refs.json
cell_beta_0p09_p_0p00,dataset_014_seed_1405234,48,0,,,02_dnn/03_reference_search/raw_outputs/36_beta_cell_30_dataset_30_reference/selected_references/cell_beta_0p09_p_0p00/dataset_014_seed_1405234/width_048/selected_ref_payloads/ref_000/theta.npy,02_dnn/03_reference_search/raw_outputs/18_beta_cell_90_dataset_30_reference/selected_references/cell_beta_0p09_p_0p00/dataset_014_seed_1405234/width_048/selected_refs.json
cell_beta_0p09_p_0p00,dataset_015_seed_1505234,48,0,,,02_dnn/03_reference_search/raw_outputs/36_beta_cell_30_dataset_30_reference/selected_references/cell_beta_0p09_p_0p00/dataset_015_seed_1505234/width_048/selected_ref_payloads/ref_000/theta.npy,02_dnn/03_reference_search/raw_outputs/18_beta_cell_90_dataset_30_reference/selected_references/cell_beta_0p09_p_0p00/dataset_015_seed_1505234/width_048/selected_refs.json
cell_beta_0p09_p_0p00,dataset_016_seed_1605234,48,0,,,02_dnn/03_reference_search/raw_outputs/36_beta_cell_30_dataset_30_reference/selected_references/cell_beta_0p09_p_0p00/dataset_016_seed_1605234/width_048/selected_ref_payloads/ref_000/theta.npy,02_dnn/03_reference_search/raw_outputs/18_beta_cell_90_dataset_30_reference/selected_references/cell_beta_0p09_p_0p00/dataset_016_seed_1605234/width_048/selected_refs.json
cell_beta_0p09_p_0p00,dataset_017_seed_1705234,48,0,,,02_dnn/03_reference_search/raw_outputs/36_beta_cell_30_dataset_30_reference/selected_references/cell_beta_0p09_p_0p00/dataset_017_seed_1705234/width_048/selected_ref_payloads/ref_000/theta.npy,02_dnn/03_reference_search/raw_outputs/18_beta_cell_90_dataset_30_reference/selected_references/cell_beta_0p09_p_0p00/dataset_017_seed_1705234/width_048/selected_refs.json
cell_beta_0p09_p_0p00,dataset_018_seed_1805234,48,0,,,02_dnn/03_reference_search/raw_outputs/36_beta_cell_30_dataset_30_reference/selected_references/cell_beta_0p09_p_0p00/dataset_018_seed_1805234/width_048/selected_ref_payloads/ref_000/theta.npy,02_dnn/03_reference_search/raw_outputs/18_beta_cell_90_dataset_30_reference/selected_references/cell_beta_0p09_p_0p00/dataset_018_seed_1805234/width_048/selected_refs.json
cell_beta_0p09_p_0p00,dataset_019_seed_1905234,48,0,,,02_dnn/03_reference_search/raw_outputs/36_beta_cell_30_dataset_30_reference/selected_references/cell_beta_0p09_p_0p00/dataset_019_seed_1905234/width_048/selected_ref_payloads/ref_000/theta.npy,02_dnn/03_reference_search/raw_outputs/18_beta_cell_90_dataset_30_reference/selected_references/cell_beta_0p09_p_0p00/dataset_019_seed_1905234/width_048/selected_refs.json
cell_beta_0p09_p_0p00,dataset_020_seed_2005234,48,0,,,02_dnn/03_reference_search/raw_outputs/36_beta_cell_30_dataset_30_reference/selected_references/cell_beta_0p09_p_0p00/dataset_020_seed_2005234/width_048/selected_ref_payloads/ref_000/theta.npy,02_dnn/03_reference_search/raw_outputs/18_beta_cell_90_dataset_30_reference/selected_references/cell_beta_0p09_p_0p00/dataset_020_seed_2005234/width_048/selected_refs.json
cell_beta_0p09_p_0p00,dataset_021_seed_2105234,48,0,,,02_dnn/03_reference_search/raw_outputs/36_beta_cell_30_dataset_30_reference/selected_references/cell_beta_0p09_p_0p00/dataset_021_seed_2105234/width_048/selected_ref_payloads/ref_000/theta.npy,02_dnn/03_reference_search/raw_outputs/18_beta_cell_90_dataset_30_reference/selected_references/cell_beta_0p09_p_0p00/dataset_021_seed_2105234/width_048/selected_refs.json
cell_beta_0p09_p_0p00,dataset_022_seed_2205234,48,0,,,02_dnn/03_reference_search/raw_outputs/36_beta_cell_30_dataset_30_reference/selected_references/cell_beta_0p09_p_0p00/dataset_022_seed_2205234/width_048/selected_ref_payloads/ref_000/theta.npy,02_dnn/03_reference_search/raw_outputs/18_beta_cell_90_dataset_30_reference/selected_references/cell_beta_0p09_p_0p00/dataset_022_seed_2205234/width_048/selected_refs.json
cell_beta_0p09_p_0p00,dataset_023_seed_2305234,48,0,,,02_dnn/03_reference_search/raw_outputs/36_beta_cell_30_dataset_30_reference/selected_references/cell_beta_0p09_p_0p00/dataset_023_seed_2305234/width_048/selected_ref_payloads/ref_000/theta.npy,02_dnn/03_reference_search/raw_outputs/18_beta_cell_90_dataset_30_reference/selected_references/cell_beta_0p09_p_0p00/dataset_023_seed_2305234/width_048/selected_refs.json
cell_beta_0p09_p_0p00,dataset_024_seed_2405234,48,0,,,02_dnn/03_reference_search/raw_outputs/36_beta_cell_30_dataset_30_reference/selected_references/cell_beta_0p09_p_0p00/dataset_024_seed_2405234/width_048/selected_ref_payloads/ref_000/theta.npy,02_dnn/03_reference_search/raw_outputs/18_beta_cell_90_dataset_30_reference/selected_references/cell_beta_0p09_p_0p00/dataset_024_seed_2405234/width_048/selected_refs.json
cell_beta_0p09_p_0p00,dataset_025_seed_2505234,48,0,,,02_dnn/03_reference_search/raw_outputs/36_beta_cell_30_dataset_30_reference/selected_references/cell_beta_0p09_p_0p00/dataset_025_seed_2505234/width_048/selected_ref_payloads/ref_000/theta.npy,02_dnn/03_reference_search/raw_outputs/18_beta_cell_90_dataset_30_reference/selected_references/cell_beta_0p09_p_0p00/dataset_025_seed_2505234/width_048/selected_refs.json
cell_beta_0p09_p_0p00,dataset_026_seed_2605234,48,0,,,02_dnn/03_reference_search/raw_outputs/36_beta_cell_30_dataset_30_reference/selected_references/cell_beta_0p09_p_0p00/dataset_026_seed_2605234/width_048/selected_ref_payloads/ref_000/theta.npy,02_dnn/03_reference_search/raw_outputs/18_beta_cell_90_dataset_30_reference/selected_references/cell_beta_0p09_p_0p00/dataset_026_seed_2605234/width_048/selected_refs.json
cell_beta_0p09_p_0p00,dataset_027_seed_2705234,48,0,,,02_dnn/03_reference_search/raw_outputs/36_beta_cell_30_dataset_30_reference/selected_references/cell_beta_0p09_p_0p00/dataset_027_seed_2705234/width_048/selected_ref_payloads/ref_000/theta.npy,02_dnn/03_reference_search/raw_outputs/18_beta_cell_90_dataset_30_reference/selected_references/cell_beta_0p09_p_0p00/dataset_027_seed_2705234/width_048/selected_refs.json
cell_beta_0p09_p_0p00,dataset_028_seed_2805234,48,0,,,02_dnn/03_reference_search/raw_outputs/36_beta_cell_30_dataset_30_reference/selected_references/cell_beta_0p09_p_0p00/dataset_028_seed_2805234/width_048/selected_ref_payloads/ref_000/theta.npy,02_dnn/03_reference_search/raw_outputs/18_beta_cell_90_dataset_30_reference/selected_references/cell_beta_0p09_p_0p00/dataset_028_seed_2805234/width_048/selected_refs.json
cell_beta_0p09_p_0p00,dataset_029_seed_2905234,48,0,,,02_dnn/03_reference_search/raw_outputs/36_beta_cell_30_dataset_30_reference/selected_references/cell_beta_0p09_p_0p00/dataset_029_seed_2905234/width_048/selected_ref_payloads/ref_000/theta.npy,02_dnn/03_reference_search/raw_outputs/18_beta_cell_90_dataset_30_reference/selected_references/cell_beta_0p09_p_0p00/dataset_029_seed_2905234/width_048/selected_refs.json
cell_beta_0p09_p_0p00,dataset_030_seed_3005234,48,0,119.75814065114618,0.0013316739366581872,02_dnn/03_reference_search/raw_outputs/18_beta_cell_60_dataset_30_reference/selected_references/cell_beta_0p09_p_0p00/dataset_030_seed_3005234/width_048/selected_ref_payloads/ref_000/theta.npy,02_dnn/03_reference_search/raw_outputs/18_beta_cell_90_dataset_30_reference/selected_references/cell_beta_0p09_p_0p00/dataset_030_seed_3005234/width_048/selected_refs.json
cell_beta_0p09_p_0p00,dataset_031_seed_3105234,48,0,107.93383459243536,0.003893278231319519,02_dnn/03_reference_search/raw_outputs/18_beta_cell_60_dataset_30_reference/selected_references/cell_beta_0p09_p_0p00/dataset_031_seed_3105234/width_048/selected_ref_payloads/ref_000/theta.npy,02_dnn/03_reference_search/raw_outputs/18_beta_cell_90_dataset_30_reference/selected_references/cell_beta_0p09_p_0p00/dataset_031_seed_3105234/width_048/selected_refs.json
cell_beta_0p09_p_0p00,dataset_032_seed_3205234,48,0,120.81861707825983,0.004119048002369253,02_dnn/03_reference_search/raw_outputs/18_beta_cell_60_dataset_30_reference/selected_references/cell_beta_0p09_p_0p00/dataset_032_seed_3205234/width_048/selected_ref_payloads/ref_000/theta.npy,02_dnn/03_reference_search/raw_outputs/18_beta_cell_90_dataset_30_reference/selected_references/cell_beta_0p09_p_0p00/dataset_032_seed_3205234/width_048/selected_refs.json
cell_beta_0p09_p_0p00,dataset_033_seed_3305234,48,0,131.4564450812027,0.001086694822242082,02_dnn/03_reference_search/raw_outputs/18_beta_cell_60_dataset_30_reference/selected_references/cell_beta_0p09_p_0p00/dataset_033_seed_3305234/width_048/selected_ref_payloads/ref_000/theta.npy,02_dnn/03_reference_search/raw_outputs/18_beta_cell_90_dataset_30_reference/selected_references/cell_beta_0p09_p_0p00/dataset_033_seed_3305234/width_048/selected_refs.json
cell_beta_0p09_p_0p00,dataset_034_seed_3405234,48,0,126.9279329624543,0.0033516866891053353,02_dnn/03_reference_search/raw_outputs/18_beta_cell_60_dataset_30_reference/selected_references/cell_beta_0p09_p_0p00/dataset_034_seed_3405234/width_048/selected_ref_payloads/ref_000/theta.npy,02_dnn/03_reference_search/raw_outputs/18_beta_cell_90_dataset_30_reference/selected_references/cell_beta_0p09_p_0p00/dataset_034_seed_3405234/width_048/selected_refs.json
cell_beta_0p09_p_0p00,dataset_035_seed_3505234,48,0,116.65630648709259,0.005915864356394725,02_dnn/03_reference_search/raw_outputs/18_beta_cell_60_dataset_30_reference/selected_references/cell_beta_0p09_p_0p00/dataset_035_seed_3505234/width_048/selected_ref_payloads/ref_000/theta.npy,02_dnn/03_reference_search/raw_outputs/18_beta_cell_90_dataset_30_reference/selected_references/cell_beta_0p09_p_0p00/dataset_035_seed_3505234/width_048/selected_refs.json
cell_beta_0p09_p_0p00,dataset_036_seed_3605234,48,0,133.3944539671898,0.0020495235710034365,02_dnn/03_reference_search/raw_outputs/18_beta_cell_60_dataset_30_reference/selected_references/cell_beta_0p09_p_0p00/dataset_036_seed_3605234/width_048/selected_ref_payloads/ref_000/theta.npy,02_dnn/03_reference_search/raw_outputs/18_beta_cell_90_dataset_30_reference/selected_references/cell_beta_0p09_p_0p00/dataset_036_seed_3605234/width_048/selected_refs.json
cell_beta_0p09_p_0p00,dataset_037_seed_3705234,48,0,118.39802089520182,0.003409981562407307,02_dnn/03_reference_search/raw_outputs/18_beta_cell_60_dataset_30_reference/selected_references/cell_beta_0p09_p_0p00/dataset_037_seed_3705234/width_048/selected_ref_payloads/ref_000/theta.npy,02_dnn/03_reference_search/raw_outputs/18_beta_cell_90_dataset_30_reference/selected_references/cell_beta_0p09_p_0p00/dataset_037_seed_3705234/width_048/selected_refs.json
cell_beta_0p09_p_0p00,dataset_038_seed_3805234,48,0,115.48111342224428,0.001042350908276119,02_dnn/03_reference_search/raw_outputs/18_beta_cell_60_dataset_30_reference/selected_references/cell_beta_0p09_p_0p00/dataset_038_seed_3805234/width_048/selected_ref_payloads/ref_000/theta.npy,02_dnn/03_reference_search/raw_outputs/18_beta_cell_90_dataset_30_reference/selected_references/cell_beta_0p09_p_0p00/dataset_038_seed_3805234/width_048/selected_refs.json
cell_beta_0p09_p_0p00,dataset_039_seed_3905234,48,0,125.67753099084175,0.0042129571233787515,02_dnn/03_reference_search/raw_outputs/18_beta_cell_60_dataset_30_reference/selected_references/cell_beta_0p09_p_0p00/dataset_039_seed_3905234/width_048/selected_ref_payloads/ref_000/theta.npy,02_dnn/03_reference_search/raw_outputs/18_beta_cell_90_dataset_30_reference/selected_references/cell_beta_0p09_p_0p00/dataset_039_seed_3905234/width_048/selected_refs.json
cell_beta_0p09_p_0p00,dataset_040_seed_4005234,48,0,124.7107572978952,0.0009089001656958942,02_dnn/03_reference_search/raw_outputs/18_beta_cell_60_dataset_30_reference/selected_references/cell_beta_0p09_p_0p00/dataset_040_seed_4005234/width_048/selected_ref_payloads/ref_000/theta.npy,02_dnn/03_reference_search/raw_outputs/18_beta_cell_90_dataset_30_reference/selected_references/cell_beta_0p09_p_0p00/dataset_040_seed_4005234/width_048/selected_refs.json
cell_beta_0p09_p_0p00,dataset_041_seed_4105234,48,0,118.1929065168811,0.003019496898120528,02_dnn/03_reference_search/raw_outputs/18_beta_cell_60_dataset_30_reference/selected_references/cell_beta_0p09_p_0p00/dataset_041_seed_4105234/width_048/selected_ref_payloads/ref_000/theta.npy,02_dnn/03_reference_search/raw_outputs/18_beta_cell_90_dataset_30_reference/selected_references/cell_beta_0p09_p_0p00/dataset_041_seed_4105234/width_048/selected_refs.json
cell_beta_0p09_p_0p00,dataset_042_seed_4205234,48,0,125.62001704147859,0.0034618550314736624,02_dnn/03_reference_search/raw_outputs/18_beta_cell_60_dataset_30_reference/selected_references/cell_beta_0p09_p_0p00/dataset_042_seed_4205234/width_048/selected_ref_payloads/ref_000/theta.npy,02_dnn/03_reference_search/raw_outputs/18_beta_cell_90_dataset_30_reference/selected_references/cell_beta_0p09_p_0p00/dataset_042_seed_4205234/width_048/selected_refs.json
cell_beta_0p09_p_0p00,dataset_043_seed_4305234,48,0,137.22878383491414,0.002758092330290692,02_dnn/03_reference_search/raw_outputs/18_beta_cell_60_dataset_30_reference/selected_references/cell_beta_0p09_p_0p00/dataset_043_seed_4305234/width_048/selected_ref_payloads/ref_000/theta.npy,02_dnn/03_reference_search/raw_outputs/18_beta_cell_90_dataset_30_reference/selected_references/cell_beta_0p09_p_0p00/dataset_043_seed_4305234/width_048/selected_refs.json
cell_beta_0p09_p_0p00,dataset_044_seed_4405234,48,0,113.5815755090349,0.006049668990076367,02_dnn/03_reference_search/raw_outputs/18_beta_cell_60_dataset_30_reference/selected_references/cell_beta_0p09_p_0p00/dataset_044_seed_4405234/width_048/selected_ref_payloads/ref_000/theta.npy,02_dnn/03_reference_search/raw_outputs/18_beta_cell_90_dataset_30_reference/selected_references/cell_beta_0p09_p_0p00/dataset_044_seed_4405234/width_048/selected_refs.json
cell_beta_0p09_p_0p00,dataset_045_seed_4505234,48,0,130.7991114844312,0.002360678896633,02_dnn/03_reference_search/raw_outputs/18_beta_cell_60_dataset_30_reference/selected_references/cell_beta_0p09_p_0p00/dataset_045_seed_4505234/width_048/selected_ref_payloads/ref_000/theta.npy,02_dnn/03_reference_search/raw_outputs/18_beta_cell_90_dataset_30_reference/selected_references/cell_beta_0p09_p_0p00/dataset_045_seed_4505234/width_048/selected_refs.json
cell_beta_0p09_p_0p00,dataset_046_seed_4605234,48,0,107.08567086509227,0.005152491992791959,02_dnn/03_reference_search/raw_outputs/18_beta_cell_60_dataset_30_reference/selected_references/cell_beta_0p09_p_0p00/dataset_046_seed_4605234/width_048/selected_ref_payloads/ref_000/theta.npy,02_dnn/03_reference_search/raw_outputs/18_beta_cell_90_dataset_30_reference/selected_references/cell_beta_0p09_p_0p00/dataset_046_seed_4605234/width_048/selected_refs.json
cell_beta_0p09_p_0p00,dataset_047_seed_4705234,48,0,120.85638339497416,0.002378901740071263,02_dnn/03_reference_search/raw_outputs/18_beta_cell_60_dataset_30_reference/selected_references/cell_beta_0p09_p_0p00/dataset_047_seed_4705234/width_048/selected_ref_payloads/ref_000/theta.npy,02_dnn/03_reference_search/raw_outputs/18_beta_cell_90_dataset_30_reference/selected_references/cell_beta_0p09_p_0p00/dataset_047_seed_4705234/width_048/selected_refs.json
cell_beta_0p09_p_0p00,dataset_048_seed_4805234,48,0,119.21831057587917,0.0010447232475058888,02_dnn/03_reference_search/raw_outputs/18_beta_cell_60_dataset_30_reference/selected_references/cell_beta_0p09_p_0p00/dataset_048_seed_4805234/width_048/selected_ref_payloads/ref_000/theta.npy,02_dnn/03_reference_search/raw_outputs/18_beta_cell_90_dataset_30_reference/selected_references/cell_beta_0p09_p_0p00/dataset_048_seed_4805234/width_048/selected_refs.json
cell_beta_0p09_p_0p00,dataset_049_seed_4905234,48,0,109.2488633189555,0.00791673451359557,02_dnn/03_reference_search/raw_outputs/18_beta_cell_60_dataset_30_reference/selected_references/cell_beta_0p09_p_0p00/dataset_049_seed_4905234/width_048/selected_ref_payloads/ref_000/theta.npy,02_dnn/03_reference_search/raw_outputs/18_beta_cell_90_dataset_30_reference/selected_references/cell_beta_0p09_p_0p00/dataset_049_seed_4905234/width_048/selected_refs.json
cell_beta_0p09_p_0p00,dataset_050_seed_5005234,48,0,135.00889284621724,0.0007177787077308579,02_dnn/03_reference_search/raw_outputs/18_beta_cell_60_dataset_30_reference/selected_references/cell_beta_0p09_p_0p00/dataset_050_seed_5005234/width_048/selected_ref_payloads/ref_000/theta.npy,02_dnn/03_reference_search/raw_outputs/18_beta_cell_90_dataset_30_reference/selected_references/cell_beta_0p09_p_0p00/dataset_050_seed_5005234/width_048/selected_refs.json
cell_beta_0p09_p_0p00,dataset_051_seed_5105234,48,0,116.64708189501435,0.002859224164474326,02_dnn/03_reference_search/raw_outputs/18_beta_cell_60_dataset_30_reference/selected_references/cell_beta_0p09_p_0p00/dataset_051_seed_5105234/width_048/selected_ref_payloads/ref_000/theta.npy,02_dnn/03_reference_search/raw_outputs/18_beta_cell_90_dataset_30_reference/selected_references/cell_beta_0p09_p_0p00/dataset_051_seed_5105234/width_048/selected_refs.json
cell_beta_0p09_p_0p00,dataset_052_seed_5205234,48,0,118.98937715229478,0.003424943061615417,02_dnn/03_reference_search/raw_outputs/18_beta_cell_60_dataset_30_reference/selected_references/cell_beta_0p09_p_0p00/dataset_052_seed_5205234/width_048/selected_ref_payloads/ref_000/theta.npy,02_dnn/03_reference_search/raw_outputs/18_beta_cell_90_dataset_30_reference/selected_references/cell_beta_0p09_p_0p00/dataset_052_seed_5205234/width_048/selected_refs.json
cell_beta_0p09_p_0p00,dataset_053_seed_5305234,48,0,131.56903012614507,0.0003808381129371479,02_dnn/03_reference_search/raw_outputs/18_beta_cell_60_dataset_30_reference/selected_references/cell_beta_0p09_p_0p00/dataset_053_seed_5305234/width_048/selected_ref_payloads/ref_000/theta.npy,02_dnn/03_reference_search/raw_outputs/18_beta_cell_90_dataset_30_reference/selected_references/cell_beta_0p09_p_0p00/dataset_053_seed_5305234/width_048/selected_refs.json
cell_beta_0p09_p_0p00,dataset_054_seed_5405234,48,0,116.63826886850183,0.004884327134483314,02_dnn/03_reference_search/raw_outputs/18_beta_cell_60_dataset_30_reference/selected_references/cell_beta_0p09_p_0p00/dataset_054_seed_5405234/width_048/selected_ref_payloads/ref_000/theta.npy,02_dnn/03_reference_search/raw_outputs/18_beta_cell_90_dataset_30_reference/selected_references/cell_beta_0p09_p_0p00/dataset_054_seed_5405234/width_048/selected_refs.json
cell_beta_0p09_p_0p00,dataset_055_seed_5505234,48,0,123.58565304337979,0.003278296692070165,02_dnn/03_reference_search/raw_outputs/18_beta_cell_60_dataset_30_reference/selected_references/cell_beta_0p09_p_0p00/dataset_055_seed_5505234/width_048/selected_ref_payloads/ref_000/theta.npy,02_dnn/03_reference_search/raw_outputs/18_beta_cell_90_dataset_30_reference/selected_references/cell_beta_0p09_p_0p00/dataset_055_seed_5505234/width_048/selected_refs.json
cell_beta_0p09_p_0p00,dataset_056_seed_5605234,48,0,116.58004757812175,0.005454226530871976,02_dnn/03_reference_search/raw_outputs/18_beta_cell_60_dataset_30_reference/selected_references/cell_beta_0p09_p_0p00/dataset_056_seed_5605234/width_048/selected_ref_payloads/ref_000/theta.npy,02_dnn/03_reference_search/raw_outputs/18_beta_cell_90_dataset_30_reference/selected_references/cell_beta_0p09_p_0p00/dataset_056_seed_5605234/width_048/selected_refs.json
cell_beta_0p09_p_0p00,dataset_057_seed_5705234,48,0,127.98604054158642,0.0009817812495799552,02_dnn/03_reference_search/raw_outputs/18_beta_cell_60_dataset_30_reference/selected_references/cell_beta_0p09_p_0p00/dataset_057_seed_5705234/width_048/selected_ref_payloads/ref_000/theta.npy,02_dnn/03_reference_search/raw_outputs/18_beta_cell_90_dataset_30_reference/selected_references/cell_beta_0p09_p_0p00/dataset_057_seed_5705234/width_048/selected_refs.json
cell_beta_0p09_p_0p00,dataset_058_seed_5805234,48,0,112.26397501483443,0.0009215644286331358,02_dnn/03_reference_search/raw_outputs/18_beta_cell_60_dataset_30_reference/selected_references/cell_beta_0p09_p_0p00/dataset_058_seed_5805234/width_048/selected_ref_payloads/ref_000/theta.npy,02_dnn/03_reference_search/raw_outputs/18_beta_cell_90_dataset_30_reference/selected_references/cell_beta_0p09_p_0p00/dataset_058_seed_5805234/width_048/selected_refs.json
cell_beta_0p09_p_0p00,dataset_059_seed_5905234,48,0,119.97627435165812,0.0015029634012468209,02_dnn/03_reference_search/raw_outputs/18_beta_cell_60_dataset_30_reference/selected_references/cell_beta_0p09_p_0p00/dataset_059_seed_5905234/width_048/selected_ref_payloads/ref_000/theta.npy,02_dnn/03_reference_search/raw_outputs/18_beta_cell_90_dataset_30_reference/selected_references/cell_beta_0p09_p_0p00/dataset_059_seed_5905234/width_048/selected_refs.json
cell_beta_0p09_p_0p00,dataset_060_seed_6005234,48,0,126.25691754512584,0.001052833458124175,02_dnn/03_reference_search/raw_outputs/18_beta_cell_90_dataset_30_reference/selected_references/cell_beta_0p09_p_0p00/dataset_060_seed_6005234/width_048/selected_ref_payloads/ref_000/theta.npy,02_dnn/03_reference_search/raw_outputs/18_beta_cell_90_dataset_30_reference/selected_references/cell_beta_0p09_p_0p00/dataset_060_seed_6005234/width_048/selected_refs.json
cell_beta_0p09_p_0p00,dataset_061_seed_6105234,48,0,123.6151411461928,0.0005426688229145102,02_dnn/03_reference_search/raw_outputs/18_beta_cell_90_dataset_30_reference/selected_references/cell_beta_0p09_p_0p00/dataset_061_seed_6105234/width_048/selected_ref_payloads/ref_000/theta.npy,02_dnn/03_reference_search/raw_outputs/18_beta_cell_90_dataset_30_reference/selected_references/cell_beta_0p09_p_0p00/dataset_061_seed_6105234/width_048/selected_refs.json
cell_beta_0p09_p_0p00,dataset_062_seed_6205234,48,0,121.73316309899405,0.0007421534812990858,02_dnn/03_reference_search/raw_outputs/18_beta_cell_90_dataset_30_reference/selected_references/cell_beta_0p09_p_0p00/dataset_062_seed_6205234/width_048/selected_ref_payloads/ref_000/theta.npy,02_dnn/03_reference_search/raw_outputs/18_beta_cell_90_dataset_30_reference/selected_references/cell_beta_0p09_p_0p00/dataset_062_seed_6205234/width_048/selected_refs.json
cell_beta_0p09_p_0p00,dataset_063_seed_6305234,48,0,131.26471989116283,0.000581757100869016,02_dnn/03_reference_search/raw_outputs/18_beta_cell_90_dataset_30_reference/selected_references/cell_beta_0p09_p_0p00/dataset_063_seed_6305234/width_048/selected_ref_payloads/ref_000/theta.npy,02_dnn/03_reference_search/raw_outputs/18_beta_cell_90_dataset_30_reference/selected_references/cell_beta_0p09_p_0p00/dataset_063_seed_6305234/width_048/selected_refs.json
cell_beta_0p09_p_0p00,dataset_064_seed_6405234,48,0,130.61108314041618,0.0031033929683868425,02_dnn/03_reference_search/raw_outputs/18_beta_cell_90_dataset_30_reference/selected_references/cell_beta_0p09_p_0p00/dataset_064_seed_6405234/width_048/selected_ref_payloads/ref_000/theta.npy,02_dnn/03_reference_search/raw_outputs/18_beta_cell_90_dataset_30_reference/selected_references/cell_beta_0p09_p_0p00/dataset_064_seed_6405234/width_048/selected_refs.json
cell_beta_0p09_p_0p00,dataset_065_seed_96505234,48,0,116.27854527642096,0.0043919705392177445,02_dnn/03_reference_search/raw_outputs/18_beta_cell_90_dataset_30_reference/selected_references/cell_beta_0p09_p_0p00/dataset_065_seed_96505234/width_048/selected_ref_payloads/ref_000/theta.npy,02_dnn/03_reference_search/raw_outputs/18_beta_cell_90_dataset_30_reference/selected_references/cell_beta_0p09_p_0p00/dataset_065_seed_96505234/width_048/selected_refs.json
cell_beta_0p09_p_0p00,dataset_066_seed_6605234,48,0,121.8266596446817,0.0018626823235348515,02_dnn/03_reference_search/raw_outputs/18_beta_cell_90_dataset_30_reference/selected_references/cell_beta_0p09_p_0p00/dataset_066_seed_6605234/width_048/selected_ref_payloads/ref_000/theta.npy,02_dnn/03_reference_search/raw_outputs/18_beta_cell_90_dataset_30_reference/selected_references/cell_beta_0p09_p_0p00/dataset_066_seed_6605234/width_048/selected_refs.json
cell_beta_0p09_p_0p00,dataset_067_seed_6705234,48,0,116.40132920153934,0.0031257900597552635,02_dnn/03_reference_search/raw_outputs/18_beta_cell_90_dataset_30_reference/selected_references/cell_beta_0p09_p_0p00/dataset_067_seed_6705234/width_048/selected_ref_payloads/ref_000/theta.npy,02_dnn/03_reference_search/raw_outputs/18_beta_cell_90_dataset_30_reference/selected_references/cell_beta_0p09_p_0p00/dataset_067_seed_6705234/width_048/selected_refs.json
cell_beta_0p09_p_0p00,dataset_068_seed_6805234,48,0,126.51004294247275,0.0015396309744536384,02_dnn/03_reference_search/raw_outputs/18_beta_cell_90_dataset_30_reference/selected_references/cell_beta_0p09_p_0p00/dataset_068_seed_6805234/width_048/selected_ref_payloads/ref_000/theta.npy,02_dnn/03_reference_search/raw_outputs/18_beta_cell_90_dataset_30_reference/selected_references/cell_beta_0p09_p_0p00/dataset_068_seed_6805234/width_048/selected_refs.json
cell_beta_0p09_p_0p00,dataset_069_seed_6905234,48,0,132.87482840863964,0.0004286313249716367,02_dnn/03_reference_search/raw_outputs/18_beta_cell_90_dataset_30_reference/selected_references/cell_beta_0p09_p_0p00/dataset_069_seed_6905234/width_048/selected_ref_payloads/ref_000/theta.npy,02_dnn/03_reference_search/raw_outputs/18_beta_cell_90_dataset_30_reference/selected_references/cell_beta_0p09_p_0p00/dataset_069_seed_6905234/width_048/selected_refs.json
cell_beta_0p09_p_0p00,dataset_070_seed_7005234,48,0,134.83883063843135,0.0005369996265356833,02_dnn/03_reference_search/raw_outputs/18_beta_cell_90_dataset_30_reference/selected_references/cell_beta_0p09_p_0p00/dataset_070_seed_7005234/width_048/selected_ref_payloads/ref_000/theta.npy,02_dnn/03_reference_search/raw_outputs/18_beta_cell_90_dataset_30_reference/selected_references/cell_beta_0p09_p_0p00/dataset_070_seed_7005234/width_048/selected_refs.json
cell_beta_0p09_p_0p00,dataset_071_seed_7105234,48,0,125.92994728784267,0.0008227652654652349,02_dnn/03_reference_search/raw_outputs/18_beta_cell_90_dataset_30_reference/selected_references/cell_beta_0p09_p_0p00/dataset_071_seed_7105234/width_048/selected_ref_payloads/ref_000/theta.npy,02_dnn/03_reference_search/raw_outputs/18_beta_cell_90_dataset_30_reference/selected_references/cell_beta_0p09_p_0p00/dataset_071_seed_7105234/width_048/selected_refs.json
cell_beta_0p09_p_0p00,dataset_072_seed_7205234,48,0,127.87847593313978,0.0007273702799331047,02_dnn/03_reference_search/raw_outputs/18_beta_cell_90_dataset_30_reference/selected_references/cell_beta_0p09_p_0p00/dataset_072_seed_7205234/width_048/selected_ref_payloads/ref_000/theta.npy,02_dnn/03_reference_search/raw_outputs/18_beta_cell_90_dataset_30_reference/selected_references/cell_beta_0p09_p_0p00/dataset_072_seed_7205234/width_048/selected_refs.json
cell_beta_0p09_p_0p00,dataset_073_seed_7305234,48,0,134.46763770507968,0.0009750066617537106,02_dnn/03_reference_search/raw_outputs/18_beta_cell_90_dataset_30_reference/selected_references/cell_beta_0p09_p_0p00/dataset_073_seed_7305234/width_048/selected_ref_payloads/ref_000/theta.npy,02_dnn/03_reference_search/raw_outputs/18_beta_cell_90_dataset_30_reference/selected_references/cell_beta_0p09_p_0p00/dataset_073_seed_7305234/width_048/selected_refs.json
cell_beta_0p09_p_0p00,dataset_074_seed_7405234,48,0,123.61198722343303,0.0026265271577869172,02_dnn/03_reference_search/raw_outputs/18_beta_cell_90_dataset_30_reference/selected_references/cell_beta_0p09_p_0p00/dataset_074_seed_7405234/width_048/selected_ref_payloads/ref_000/theta.npy,02_dnn/03_reference_search/raw_outputs/18_beta_cell_90_dataset_30_reference/selected_references/cell_beta_0p09_p_0p00/dataset_074_seed_7405234/width_048/selected_refs.json
cell_beta_0p09_p_0p00,dataset_075_seed_7505234,48,0,138.2451409827743,0.0018680844582120732,02_dnn/03_reference_search/raw_outputs/18_beta_cell_90_dataset_30_reference/selected_references/cell_beta_0p09_p_0p00/dataset_075_seed_7505234/width_048/selected_ref_payloads/ref_000/theta.npy,02_dnn/03_reference_search/raw_outputs/18_beta_cell_90_dataset_30_reference/selected_references/cell_beta_0p09_p_0p00/dataset_075_seed_7505234/width_048/selected_refs.json
cell_beta_0p09_p_0p00,dataset_076_seed_7605234,48,0,131.06695069035177,0.0003936178149095345,02_dnn/03_reference_search/raw_outputs/18_beta_cell_90_dataset_30_reference/selected_references/cell_beta_0p09_p_0p00/dataset_076_seed_7605234/width_048/selected_ref_payloads/ref_000/theta.npy,02_dnn/03_reference_search/raw_outputs/18_beta_cell_90_dataset_30_reference/selected_references/cell_beta_0p09_p_0p00/dataset_076_seed_7605234/width_048/selected_refs.json
cell_beta_0p09_p_0p00,dataset_077_seed_7705234,48,0,131.43260436926786,0.0015350693156759685,02_dnn/03_reference_search/raw_outputs/18_beta_cell_90_dataset_30_reference/selected_references/cell_beta_0p09_p_0p00/dataset_077_seed_7705234/width_048/selected_ref_payloads/ref_000/theta.npy,02_dnn/03_reference_search/raw_outputs/18_beta_cell_90_dataset_30_reference/selected_references/cell_beta_0p09_p_0p00/dataset_077_seed_7705234/width_048/selected_refs.json
cell_beta_0p09_p_0p00,dataset_078_seed_7805234,48,0,125.80495418762908,0.00046521143371617787,02_dnn/03_reference_search/raw_outputs/18_beta_cell_90_dataset_30_reference/selected_references/cell_beta_0p09_p_0p00/dataset_078_seed_7805234/width_048/selected_ref_payloads/ref_000/theta.npy,02_dnn/03_reference_search/raw_outputs/18_beta_cell_90_dataset_30_reference/selected_references/cell_beta_0p09_p_0p00/dataset_078_seed_7805234/width_048/selected_refs.json
cell_beta_0p09_p_0p00,dataset_079_seed_7905234,48,0,127.95537482279059,0.0004510388554828305,02_dnn/03_reference_search/raw_outputs/18_beta_cell_90_dataset_30_reference/selected_references/cell_beta_0p09_p_0p00/dataset_079_seed_7905234/width_048/selected_ref_payloads/ref_000/theta.npy,02_dnn/03_reference_search/raw_outputs/18_beta_cell_90_dataset_30_reference/selected_references/cell_beta_0p09_p_0p00/dataset_079_seed_7905234/width_048/selected_refs.json
cell_beta_0p09_p_0p00,dataset_080_seed_8005234,48,0,134.75606322455408,0.0038031628854953343,02_dnn/03_reference_search/raw_outputs/18_beta_cell_90_dataset_30_reference/selected_references/cell_beta_0p09_p_0p00/dataset_080_seed_8005234/width_048/selected_ref_payloads/ref_000/theta.npy,02_dnn/03_reference_search/raw_outputs/18_beta_cell_90_dataset_30_reference/selected_references/cell_beta_0p09_p_0p00/dataset_080_seed_8005234/width_048/selected_refs.json
cell_beta_0p09_p_0p00,dataset_081_seed_8105234,48,0,112.25249684783591,0.003585870011320383,02_dnn/03_reference_search/raw_outputs/18_beta_cell_90_dataset_30_reference/selected_references/cell_beta_0p09_p_0p00/dataset_081_seed_8105234/width_048/selected_ref_payloads/ref_000/theta.npy,02_dnn/03_reference_search/raw_outputs/18_beta_cell_90_dataset_30_reference/selected_references/cell_beta_0p09_p_0p00/dataset_081_seed_8105234/width_048/selected_refs.json
cell_beta_0p09_p_0p00,dataset_082_seed_8205234,48,0,117.73576794846574,0.000544816166969534,02_dnn/03_reference_search/raw_outputs/18_beta_cell_90_dataset_30_reference/selected_references/cell_beta_0p09_p_0p00/dataset_082_seed_8205234/width_048/selected_ref_payloads/ref_000/theta.npy,02_dnn/03_reference_search/raw_outputs/18_beta_cell_90_dataset_30_reference/selected_references/cell_beta_0p09_p_0p00/dataset_082_seed_8205234/width_048/selected_refs.json
cell_beta_0p09_p_0p00,dataset_083_seed_8305234,48,0,129.58891422299217,0.002949069699284317,02_dnn/03_reference_search/raw_outputs/18_beta_cell_90_dataset_30_reference/selected_references/cell_beta_0p09_p_0p00/dataset_083_seed_8305234/width_048/selected_ref_payloads/ref_000/theta.npy,02_dnn/03_reference_search/raw_outputs/18_beta_cell_90_dataset_30_reference/selected_references/cell_beta_0p09_p_0p00/dataset_083_seed_8305234/width_048/selected_refs.json
cell_beta_0p09_p_0p00,dataset_084_seed_8405234,48,0,124.18004163153475,0.0030367745292566753,02_dnn/03_reference_search/raw_outputs/18_beta_cell_90_dataset_30_reference/selected_references/cell_beta_0p09_p_0p00/dataset_084_seed_8405234/width_048/selected_ref_payloads/ref_000/theta.npy,02_dnn/03_reference_search/raw_outputs/18_beta_cell_90_dataset_30_reference/selected_references/cell_beta_0p09_p_0p00/dataset_084_seed_8405234/width_048/selected_refs.json
cell_beta_0p09_p_0p00,dataset_085_seed_8505234,48,0,108.1437239504264,0.01550038394821367,02_dnn/03_reference_search/raw_outputs/18_beta_cell_90_dataset_30_reference/selected_references/cell_beta_0p09_p_0p00/dataset_085_seed_8505234/width_048/selected_ref_payloads/ref_000/theta.npy,02_dnn/03_reference_search/raw_outputs/18_beta_cell_90_dataset_30_reference/selected_references/cell_beta_0p09_p_0p00/dataset_085_seed_8505234/width_048/selected_refs.json
cell_beta_0p09_p_0p00,dataset_086_seed_8605234,48,0,117.98229531117775,0.0037404814585405995,02_dnn/03_reference_search/raw_outputs/18_beta_cell_90_dataset_30_reference/selected_references/cell_beta_0p09_p_0p00/dataset_086_seed_8605234/width_048/selected_ref_payloads/ref_000/theta.npy,02_dnn/03_reference_search/raw_outputs/18_beta_cell_90_dataset_30_reference/selected_references/cell_beta_0p09_p_0p00/dataset_086_seed_8605234/width_048/selected_refs.json
cell_beta_0p09_p_0p00,dataset_087_seed_8705234,48,0,118.72957726970026,0.0011126102811228008,02_dnn/03_reference_search/raw_outputs/18_beta_cell_90_dataset_30_reference/selected_references/cell_beta_0p09_p_0p00/dataset_087_seed_8705234/width_048/selected_ref_payloads/ref_000/theta.npy,02_dnn/03_reference_search/raw_outputs/18_beta_cell_90_dataset_30_reference/selected_references/cell_beta_0p09_p_0p00/dataset_087_seed_8705234/width_048/selected_refs.json
cell_beta_0p09_p_0p00,dataset_088_seed_8805234,48,0,112.2220673538639,0.0016993723082147718,02_dnn/03_reference_search/raw_outputs/18_beta_cell_90_dataset_30_reference/selected_references/cell_beta_0p09_p_0p00/dataset_088_seed_8805234/width_048/selected_ref_payloads/ref_000/theta.npy,02_dnn/03_reference_search/raw_outputs/18_beta_cell_90_dataset_30_reference/selected_references/cell_beta_0p09_p_0p00/dataset_088_seed_8805234/width_048/selected_refs.json
cell_beta_0p09_p_0p00,dataset_089_seed_8905234,48,0,129.55849086858026,0.0018096259214434836,02_dnn/03_reference_search/raw_outputs/18_beta_cell_90_dataset_30_reference/selected_references/cell_beta_0p09_p_0p00/dataset_089_seed_8905234/width_048/selected_ref_payloads/ref_000/theta.npy,02_dnn/03_reference_search/raw_outputs/18_beta_cell_90_dataset_30_reference/selected_references/cell_beta_0p09_p_0p00/dataset_089_seed_8905234/width_048/selected_refs.json
cell_beta_0p11_p_0p00,dataset_000_seed_007234,48,0,,,02_dnn/03_reference_search/raw_outputs/36_beta_cell_30_dataset_30_reference/selected_references/cell_beta_0p11_p_0p00/dataset_000_seed_007234/width_048/selected_ref_payloads/ref_000/theta.npy,02_dnn/03_reference_search/raw_outputs/18_beta_cell_90_dataset_30_reference/selected_references/cell_beta_0p11_p_0p00/dataset_000_seed_007234/width_048/selected_refs.json
cell_beta_0p11_p_0p00,dataset_001_seed_107234,48,0,,,02_dnn/03_reference_search/raw_outputs/36_beta_cell_30_dataset_30_reference/selected_references/cell_beta_0p11_p_0p00/dataset_001_seed_107234/width_048/selected_ref_payloads/ref_000/theta.npy,02_dnn/03_reference_search/raw_outputs/18_beta_cell_90_dataset_30_reference/selected_references/cell_beta_0p11_p_0p00/dataset_001_seed_107234/width_048/selected_refs.json
cell_beta_0p11_p_0p00,dataset_002_seed_207234,48,0,,,02_dnn/03_reference_search/raw_outputs/36_beta_cell_30_dataset_30_reference/selected_references/cell_beta_0p11_p_0p00/dataset_002_seed_207234/width_048/selected_ref_payloads/ref_000/theta.npy,02_dnn/03_reference_search/raw_outputs/18_beta_cell_90_dataset_30_reference/selected_references/cell_beta_0p11_p_0p00/dataset_002_seed_207234/width_048/selected_refs.json
cell_beta_0p11_p_0p00,dataset_003_seed_307234,48,0,,,02_dnn/03_reference_search/raw_outputs/36_beta_cell_30_dataset_30_reference/selected_references/cell_beta_0p11_p_0p00/dataset_003_seed_307234/width_048/selected_ref_payloads/ref_000/theta.npy,02_dnn/03_reference_search/raw_outputs/18_beta_cell_90_dataset_30_reference/selected_references/cell_beta_0p11_p_0p00/dataset_003_seed_307234/width_048/selected_refs.json
cell_beta_0p11_p_0p00,dataset_004_seed_407234,48,0,,,02_dnn/03_reference_search/raw_outputs/36_beta_cell_30_dataset_30_reference/selected_references/cell_beta_0p11_p_0p00/dataset_004_seed_407234/width_048/selected_ref_payloads/ref_000/theta.npy,02_dnn/03_reference_search/raw_outputs/18_beta_cell_90_dataset_30_reference/selected_references/cell_beta_0p11_p_0p00/dataset_004_seed_407234/width_048/selected_refs.json
cell_beta_0p11_p_0p00,dataset_005_seed_507234,48,0,,,02_dnn/03_reference_search/raw_outputs/36_beta_cell_30_dataset_30_reference/selected_references/cell_beta_0p11_p_0p00/dataset_005_seed_507234/width_048/selected_ref_payloads/ref_000/theta.npy,02_dnn/03_reference_search/raw_outputs/18_beta_cell_90_dataset_30_reference/selected_references/cell_beta_0p11_p_0p00/dataset_005_seed_507234/width_048/selected_refs.json
cell_beta_0p11_p_0p00,dataset_006_seed_607234,48,0,,,02_dnn/03_reference_search/raw_outputs/36_beta_cell_30_dataset_30_reference/selected_references/cell_beta_0p11_p_0p00/dataset_006_seed_607234/width_048/selected_ref_payloads/ref_000/theta.npy,02_dnn/03_reference_search/raw_outputs/18_beta_cell_90_dataset_30_reference/selected_references/cell_beta_0p11_p_0p00/dataset_006_seed_607234/width_048/selected_refs.json
cell_beta_0p11_p_0p00,dataset_007_seed_707234,48,0,,,02_dnn/03_reference_search/raw_outputs/36_beta_cell_30_dataset_30_reference/selected_references/cell_beta_0p11_p_0p00/dataset_007_seed_707234/width_048/selected_ref_payloads/ref_000/theta.npy,02_dnn/03_reference_search/raw_outputs/18_beta_cell_90_dataset_30_reference/selected_references/cell_beta_0p11_p_0p00/dataset_007_seed_707234/width_048/selected_refs.json
cell_beta_0p11_p_0p00,dataset_008_seed_807234,48,0,,,02_dnn/03_reference_search/raw_outputs/36_beta_cell_30_dataset_30_reference/selected_references/cell_beta_0p11_p_0p00/dataset_008_seed_807234/width_048/selected_ref_payloads/ref_000/theta.npy,02_dnn/03_reference_search/raw_outputs/18_beta_cell_90_dataset_30_reference/selected_references/cell_beta_0p11_p_0p00/dataset_008_seed_807234/width_048/selected_refs.json
cell_beta_0p11_p_0p00,dataset_009_seed_907234,48,0,,,02_dnn/03_reference_search/raw_outputs/36_beta_cell_30_dataset_30_reference/selected_references/cell_beta_0p11_p_0p00/dataset_009_seed_907234/width_048/selected_ref_payloads/ref_000/theta.npy,02_dnn/03_reference_search/raw_outputs/18_beta_cell_90_dataset_30_reference/selected_references/cell_beta_0p11_p_0p00/dataset_009_seed_907234/width_048/selected_refs.json
cell_beta_0p11_p_0p00,dataset_010_seed_1007234,48,0,,,02_dnn/03_reference_search/raw_outputs/36_beta_cell_30_dataset_30_reference/selected_references/cell_beta_0p11_p_0p00/dataset_010_seed_1007234/width_048/selected_ref_payloads/ref_000/theta.npy,02_dnn/03_reference_search/raw_outputs/18_beta_cell_90_dataset_30_reference/selected_references/cell_beta_0p11_p_0p00/dataset_010_seed_1007234/width_048/selected_refs.json
cell_beta_0p11_p_0p00,dataset_011_seed_1107234,48,0,,,02_dnn/03_reference_search/raw_outputs/36_beta_cell_30_dataset_30_reference/selected_references/cell_beta_0p11_p_0p00/dataset_011_seed_1107234/width_048/selected_ref_payloads/ref_000/theta.npy,02_dnn/03_reference_search/raw_outputs/18_beta_cell_90_dataset_30_reference/selected_references/cell_beta_0p11_p_0p00/dataset_011_seed_1107234/width_048/selected_refs.json
cell_beta_0p11_p_0p00,dataset_012_seed_1207234,48,0,,,02_dnn/03_reference_search/raw_outputs/36_beta_cell_30_dataset_30_reference/selected_references/cell_beta_0p11_p_0p00/dataset_012_seed_1207234/width_048/selected_ref_payloads/ref_000/theta.npy,02_dnn/03_reference_search/raw_outputs/18_beta_cell_90_dataset_30_reference/selected_references/cell_beta_0p11_p_0p00/dataset_012_seed_1207234/width_048/selected_refs.json
cell_beta_0p11_p_0p00,dataset_013_seed_1307234,48,0,,,02_dnn/03_reference_search/raw_outputs/36_beta_cell_30_dataset_30_reference/selected_references/cell_beta_0p11_p_0p00/dataset_013_seed_1307234/width_048/selected_ref_payloads/ref_000/theta.npy,02_dnn/03_reference_search/raw_outputs/18_beta_cell_90_dataset_30_reference/selected_references/cell_beta_0p11_p_0p00/dataset_013_seed_1307234/width_048/selected_refs.json
cell_beta_0p11_p_0p00,dataset_014_seed_1407234,48,0,,,02_dnn/03_reference_search/raw_outputs/36_beta_cell_30_dataset_30_reference/selected_references/cell_beta_0p11_p_0p00/dataset_014_seed_1407234/width_048/selected_ref_payloads/ref_000/theta.npy,02_dnn/03_reference_search/raw_outputs/18_beta_cell_90_dataset_30_reference/selected_references/cell_beta_0p11_p_0p00/dataset_014_seed_1407234/width_048/selected_refs.json
cell_beta_0p11_p_0p00,dataset_015_seed_1507234,48,0,,,02_dnn/03_reference_search/raw_outputs/36_beta_cell_30_dataset_30_reference/selected_references/cell_beta_0p11_p_0p00/dataset_015_seed_1507234/width_048/selected_ref_payloads/ref_000/theta.npy,02_dnn/03_reference_search/raw_outputs/18_beta_cell_90_dataset_30_reference/selected_references/cell_beta_0p11_p_0p00/dataset_015_seed_1507234/width_048/selected_refs.json
cell_beta_0p11_p_0p00,dataset_016_seed_1607234,48,0,,,02_dnn/03_reference_search/raw_outputs/36_beta_cell_30_dataset_30_reference/selected_references/cell_beta_0p11_p_0p00/dataset_016_seed_1607234/width_048/selected_ref_payloads/ref_000/theta.npy,02_dnn/03_reference_search/raw_outputs/18_beta_cell_90_dataset_30_reference/selected_references/cell_beta_0p11_p_0p00/dataset_016_seed_1607234/width_048/selected_refs.json
cell_beta_0p11_p_0p00,dataset_017_seed_1707234,48,0,,,02_dnn/03_reference_search/raw_outputs/36_beta_cell_30_dataset_30_reference/selected_references/cell_beta_0p11_p_0p00/dataset_017_seed_1707234/width_048/selected_ref_payloads/ref_000/theta.npy,02_dnn/03_reference_search/raw_outputs/18_beta_cell_90_dataset_30_reference/selected_references/cell_beta_0p11_p_0p00/dataset_017_seed_1707234/width_048/selected_refs.json
cell_beta_0p11_p_0p00,dataset_018_seed_1807234,48,0,,,02_dnn/03_reference_search/raw_outputs/36_beta_cell_30_dataset_30_reference/selected_references/cell_beta_0p11_p_0p00/dataset_018_seed_1807234/width_048/selected_ref_payloads/ref_000/theta.npy,02_dnn/03_reference_search/raw_outputs/18_beta_cell_90_dataset_30_reference/selected_references/cell_beta_0p11_p_0p00/dataset_018_seed_1807234/width_048/selected_refs.json
cell_beta_0p11_p_0p00,dataset_019_seed_1907234,48,0,,,02_dnn/03_reference_search/raw_outputs/36_beta_cell_30_dataset_30_reference/selected_references/cell_beta_0p11_p_0p00/dataset_019_seed_1907234/width_048/selected_ref_payloads/ref_000/theta.npy,02_dnn/03_reference_search/raw_outputs/18_beta_cell_90_dataset_30_reference/selected_references/cell_beta_0p11_p_0p00/dataset_019_seed_1907234/width_048/selected_refs.json
cell_beta_0p11_p_0p00,dataset_020_seed_2007234,48,0,,,02_dnn/03_reference_search/raw_outputs/36_beta_cell_30_dataset_30_reference/selected_references/cell_beta_0p11_p_0p00/dataset_020_seed_2007234/width_048/selected_ref_payloads/ref_000/theta.npy,02_dnn/03_reference_search/raw_outputs/18_beta_cell_90_dataset_30_reference/selected_references/cell_beta_0p11_p_0p00/dataset_020_seed_2007234/width_048/selected_refs.json
cell_beta_0p11_p_0p00,dataset_021_seed_2107234,48,0,,,02_dnn/03_reference_search/raw_outputs/36_beta_cell_30_dataset_30_reference/selected_references/cell_beta_0p11_p_0p00/dataset_021_seed_2107234/width_048/selected_ref_payloads/ref_000/theta.npy,02_dnn/03_reference_search/raw_outputs/18_beta_cell_90_dataset_30_reference/selected_references/cell_beta_0p11_p_0p00/dataset_021_seed_2107234/width_048/selected_refs.json
cell_beta_0p11_p_0p00,dataset_022_seed_2207234,48,0,,,02_dnn/03_reference_search/raw_outputs/36_beta_cell_30_dataset_30_reference/selected_references/cell_beta_0p11_p_0p00/dataset_022_seed_2207234/width_048/selected_ref_payloads/ref_000/theta.npy,02_dnn/03_reference_search/raw_outputs/18_beta_cell_90_dataset_30_reference/selected_references/cell_beta_0p11_p_0p00/dataset_022_seed_2207234/width_048/selected_refs.json
cell_beta_0p11_p_0p00,dataset_023_seed_2307234,48,0,,,02_dnn/03_reference_search/raw_outputs/36_beta_cell_30_dataset_30_reference/selected_references/cell_beta_0p11_p_0p00/dataset_023_seed_2307234/width_048/selected_ref_payloads/ref_000/theta.npy,02_dnn/03_reference_search/raw_outputs/18_beta_cell_90_dataset_30_reference/selected_references/cell_beta_0p11_p_0p00/dataset_023_seed_2307234/width_048/selected_refs.json
cell_beta_0p11_p_0p00,dataset_024_seed_2407234,48,0,,,02_dnn/03_reference_search/raw_outputs/36_beta_cell_30_dataset_30_reference/selected_references/cell_beta_0p11_p_0p00/dataset_024_seed_2407234/width_048/selected_ref_payloads/ref_000/theta.npy,02_dnn/03_reference_search/raw_outputs/18_beta_cell_90_dataset_30_reference/selected_references/cell_beta_0p11_p_0p00/dataset_024_seed_2407234/width_048/selected_refs.json
cell_beta_0p11_p_0p00,dataset_025_seed_2507234,48,0,,,02_dnn/03_reference_search/raw_outputs/36_beta_cell_30_dataset_30_reference/selected_references/cell_beta_0p11_p_0p00/dataset_025_seed_2507234/width_048/selected_ref_payloads/ref_000/theta.npy,02_dnn/03_reference_search/raw_outputs/18_beta_cell_90_dataset_30_reference/selected_references/cell_beta_0p11_p_0p00/dataset_025_seed_2507234/width_048/selected_refs.json
cell_beta_0p11_p_0p00,dataset_026_seed_2607234,48,0,,,02_dnn/03_reference_search/raw_outputs/36_beta_cell_30_dataset_30_reference/selected_references/cell_beta_0p11_p_0p00/dataset_026_seed_2607234/width_048/selected_ref_payloads/ref_000/theta.npy,02_dnn/03_reference_search/raw_outputs/18_beta_cell_90_dataset_30_reference/selected_references/cell_beta_0p11_p_0p00/dataset_026_seed_2607234/width_048/selected_refs.json
cell_beta_0p11_p_0p00,dataset_027_seed_2707234,48,0,,,02_dnn/03_reference_search/raw_outputs/36_beta_cell_30_dataset_30_reference/selected_references/cell_beta_0p11_p_0p00/dataset_027_seed_2707234/width_048/selected_ref_payloads/ref_000/theta.npy,02_dnn/03_reference_search/raw_outputs/18_beta_cell_90_dataset_30_reference/selected_references/cell_beta_0p11_p_0p00/dataset_027_seed_2707234/width_048/selected_refs.json
cell_beta_0p11_p_0p00,dataset_028_seed_2807234,48,0,,,02_dnn/03_reference_search/raw_outputs/36_beta_cell_30_dataset_30_reference/selected_references/cell_beta_0p11_p_0p00/dataset_028_seed_2807234/width_048/selected_ref_payloads/ref_000/theta.npy,02_dnn/03_reference_search/raw_outputs/18_beta_cell_90_dataset_30_reference/selected_references/cell_beta_0p11_p_0p00/dataset_028_seed_2807234/width_048/selected_refs.json
cell_beta_0p11_p_0p00,dataset_029_seed_2907234,48,0,,,02_dnn/03_reference_search/raw_outputs/36_beta_cell_30_dataset_30_reference/selected_references/cell_beta_0p11_p_0p00/dataset_029_seed_2907234/width_048/selected_ref_payloads/ref_000/theta.npy,02_dnn/03_reference_search/raw_outputs/18_beta_cell_90_dataset_30_reference/selected_references/cell_beta_0p11_p_0p00/dataset_029_seed_2907234/width_048/selected_refs.json
cell_beta_0p11_p_0p00,dataset_030_seed_3007234,48,0,140.55609988107008,0.0031530695115698777,02_dnn/03_reference_search/raw_outputs/18_beta_cell_60_dataset_30_reference/selected_references/cell_beta_0p11_p_0p00/dataset_030_seed_3007234/width_048/selected_ref_payloads/ref_000/theta.npy,02_dnn/03_reference_search/raw_outputs/18_beta_cell_90_dataset_30_reference/selected_references/cell_beta_0p11_p_0p00/dataset_030_seed_3007234/width_048/selected_refs.json
cell_beta_0p11_p_0p00,dataset_031_seed_3107234,48,0,114.57710355918572,0.0027955861501518,02_dnn/03_reference_search/raw_outputs/18_beta_cell_60_dataset_30_reference/selected_references/cell_beta_0p11_p_0p00/dataset_031_seed_3107234/width_048/selected_ref_payloads/ref_000/theta.npy,02_dnn/03_reference_search/raw_outputs/18_beta_cell_90_dataset_30_reference/selected_references/cell_beta_0p11_p_0p00/dataset_031_seed_3107234/width_048/selected_refs.json
cell_beta_0p11_p_0p00,dataset_032_seed_3207234,48,0,101.59167629753466,0.0071996976569065705,02_dnn/03_reference_search/raw_outputs/18_beta_cell_60_dataset_30_reference/selected_references/cell_beta_0p11_p_0p00/dataset_032_seed_3207234/width_048/selected_ref_payloads/ref_000/theta.npy,02_dnn/03_reference_search/raw_outputs/18_beta_cell_90_dataset_30_reference/selected_references/cell_beta_0p11_p_0p00/dataset_032_seed_3207234/width_048/selected_refs.json
cell_beta_0p11_p_0p00,dataset_033_seed_3307234,48,0,127.19333182365504,0.0024783764919416897,02_dnn/03_reference_search/raw_outputs/18_beta_cell_60_dataset_30_reference/selected_references/cell_beta_0p11_p_0p00/dataset_033_seed_3307234/width_048/selected_ref_payloads/ref_000/theta.npy,02_dnn/03_reference_search/raw_outputs/18_beta_cell_90_dataset_30_reference/selected_references/cell_beta_0p11_p_0p00/dataset_033_seed_3307234/width_048/selected_refs.json
cell_beta_0p11_p_0p00,dataset_034_seed_3407234,48,0,140.94324614785776,0.005388263266887496,02_dnn/03_reference_search/raw_outputs/18_beta_cell_60_dataset_30_reference/selected_references/cell_beta_0p11_p_0p00/dataset_034_seed_3407234/width_048/selected_ref_payloads/ref_000/theta.npy,02_dnn/03_reference_search/raw_outputs/18_beta_cell_90_dataset_30_reference/selected_references/cell_beta_0p11_p_0p00/dataset_034_seed_3407234/width_048/selected_refs.json
cell_beta_0p11_p_0p00,dataset_035_seed_3507234,48,0,111.4509064025595,0.004131058424589104,02_dnn/03_reference_search/raw_outputs/18_beta_cell_60_dataset_30_reference/selected_references/cell_beta_0p11_p_0p00/dataset_035_seed_3507234/width_048/selected_ref_payloads/ref_000/theta.npy,02_dnn/03_reference_search/raw_outputs/18_beta_cell_90_dataset_30_reference/selected_references/cell_beta_0p11_p_0p00/dataset_035_seed_3507234/width_048/selected_refs.json
cell_beta_0p11_p_0p00,dataset_036_seed_3607234,48,0,140.40491005596598,0.0032459493296346058,02_dnn/03_reference_search/raw_outputs/18_beta_cell_60_dataset_30_reference/selected_references/cell_beta_0p11_p_0p00/dataset_036_seed_3607234/width_048/selected_ref_payloads/ref_000/theta.npy,02_dnn/03_reference_search/raw_outputs/18_beta_cell_90_dataset_30_reference/selected_references/cell_beta_0p11_p_0p00/dataset_036_seed_3607234/width_048/selected_refs.json
cell_beta_0p11_p_0p00,dataset_037_seed_3707234,48,0,136.4132170782724,0.0014741002749849958,02_dnn/03_reference_search/raw_outputs/18_beta_cell_60_dataset_30_reference/selected_references/cell_beta_0p11_p_0p00/dataset_037_seed_3707234/width_048/selected_ref_payloads/ref_000/theta.npy,02_dnn/03_reference_search/raw_outputs/18_beta_cell_90_dataset_30_reference/selected_references/cell_beta_0p11_p_0p00/dataset_037_seed_3707234/width_048/selected_refs.json
cell_beta_0p11_p_0p00,dataset_038_seed_3807234,48,0,104.70914606449095,0.008013463912809991,02_dnn/03_reference_search/raw_outputs/18_beta_cell_60_dataset_30_reference/selected_references/cell_beta_0p11_p_0p00/dataset_038_seed_3807234/width_048/selected_ref_payloads/ref_000/theta.npy,02_dnn/03_reference_search/raw_outputs/18_beta_cell_90_dataset_30_reference/selected_references/cell_beta_0p11_p_0p00/dataset_038_seed_3807234/width_048/selected_refs.json
cell_beta_0p11_p_0p00,dataset_039_seed_3907234,48,0,124.28113074225496,0.0008372087301363516,02_dnn/03_reference_search/raw_outputs/18_beta_cell_60_dataset_30_reference/selected_references/cell_beta_0p11_p_0p00/dataset_039_seed_3907234/width_048/selected_ref_payloads/ref_000/theta.npy,02_dnn/03_reference_search/raw_outputs/18_beta_cell_90_dataset_30_reference/selected_references/cell_beta_0p11_p_0p00/dataset_039_seed_3907234/width_048/selected_refs.json
cell_beta_0p11_p_0p00,dataset_040_seed_4007234,48,0,114.03500098598263,0.0045397721463721645,02_dnn/03_reference_search/raw_outputs/18_beta_cell_60_dataset_30_reference/selected_references/cell_beta_0p11_p_0p00/dataset_040_seed_4007234/width_048/selected_ref_payloads/ref_000/theta.npy,02_dnn/03_reference_search/raw_outputs/18_beta_cell_90_dataset_30_reference/selected_references/cell_beta_0p11_p_0p00/dataset_040_seed_4007234/width_048/selected_refs.json
cell_beta_0p11_p_0p00,dataset_041_seed_4107234,48,0,123.34476822253905,0.00409092619844247,02_dnn/03_reference_search/raw_outputs/18_beta_cell_60_dataset_30_reference/selected_references/cell_beta_0p11_p_0p00/dataset_041_seed_4107234/width_048/selected_ref_payloads/ref_000/theta.npy,02_dnn/03_reference_search/raw_outputs/18_beta_cell_90_dataset_30_reference/selected_references/cell_beta_0p11_p_0p00/dataset_041_seed_4107234/width_048/selected_refs.json
cell_beta_0p11_p_0p00,dataset_042_seed_4207234,48,0,132.19981513371516,0.0020639164156141428,02_dnn/03_reference_search/raw_outputs/18_beta_cell_60_dataset_30_reference/selected_references/cell_beta_0p11_p_0p00/dataset_042_seed_4207234/width_048/selected_ref_payloads/ref_000/theta.npy,02_dnn/03_reference_search/raw_outputs/18_beta_cell_90_dataset_30_reference/selected_references/cell_beta_0p11_p_0p00/dataset_042_seed_4207234/width_048/selected_refs.json
cell_beta_0p11_p_0p00,dataset_043_seed_4307234,48,0,122.32243023709461,0.0006913587625923708,02_dnn/03_reference_search/raw_outputs/18_beta_cell_60_dataset_30_reference/selected_references/cell_beta_0p11_p_0p00/dataset_043_seed_4307234/width_048/selected_ref_payloads/ref_000/theta.npy,02_dnn/03_reference_search/raw_outputs/18_beta_cell_90_dataset_30_reference/selected_references/cell_beta_0p11_p_0p00/dataset_043_seed_4307234/width_048/selected_refs.json
cell_beta_0p11_p_0p00,dataset_044_seed_4407234,48,0,118.24710250566002,0.0025118910122149105,02_dnn/03_reference_search/raw_outputs/18_beta_cell_60_dataset_30_reference/selected_references/cell_beta_0p11_p_0p00/dataset_044_seed_4407234/width_048/selected_ref_payloads/ref_000/theta.npy,02_dnn/03_reference_search/raw_outputs/18_beta_cell_90_dataset_30_reference/selected_references/cell_beta_0p11_p_0p00/dataset_044_seed_4407234/width_048/selected_refs.json
cell_beta_0p11_p_0p00,dataset_045_seed_4507234,48,0,113.92804184498775,0.003025395962620905,02_dnn/03_reference_search/raw_outputs/18_beta_cell_60_dataset_30_reference/selected_references/cell_beta_0p11_p_0p00/dataset_045_seed_4507234/width_048/selected_ref_payloads/ref_000/theta.npy,02_dnn/03_reference_search/raw_outputs/18_beta_cell_90_dataset_30_reference/selected_references/cell_beta_0p11_p_0p00/dataset_045_seed_4507234/width_048/selected_refs.json
cell_beta_0p11_p_0p00,dataset_046_seed_4607234,48,0,131.2429231166064,0.0003990492019877941,02_dnn/03_reference_search/raw_outputs/18_beta_cell_60_dataset_30_reference/selected_references/cell_beta_0p11_p_0p00/dataset_046_seed_4607234/width_048/selected_ref_payloads/ref_000/theta.npy,02_dnn/03_reference_search/raw_outputs/18_beta_cell_90_dataset_30_reference/selected_references/cell_beta_0p11_p_0p00/dataset_046_seed_4607234/width_048/selected_refs.json
cell_beta_0p11_p_0p00,dataset_047_seed_4707234,48,0,123.01228250301418,0.003017379162491697,02_dnn/03_reference_search/raw_outputs/18_beta_cell_60_dataset_30_reference/selected_references/cell_beta_0p11_p_0p00/dataset_047_seed_4707234/width_048/selected_ref_payloads/ref_000/theta.npy,02_dnn/03_reference_search/raw_outputs/18_beta_cell_90_dataset_30_reference/selected_references/cell_beta_0p11_p_0p00/dataset_047_seed_4707234/width_048/selected_refs.json
cell_beta_0p11_p_0p00,dataset_048_seed_4807234,48,0,130.66344568000017,0.0010627913193276006,02_dnn/03_reference_search/raw_outputs/18_beta_cell_60_dataset_30_reference/selected_references/cell_beta_0p11_p_0p00/dataset_048_seed_4807234/width_048/selected_ref_payloads/ref_000/theta.npy,02_dnn/03_reference_search/raw_outputs/18_beta_cell_90_dataset_30_reference/selected_references/cell_beta_0p11_p_0p00/dataset_048_seed_4807234/width_048/selected_refs.json
cell_beta_0p11_p_0p00,dataset_049_seed_4907234,48,0,124.44745851619507,0.002925739976528562,02_dnn/03_reference_search/raw_outputs/18_beta_cell_60_dataset_30_reference/selected_references/cell_beta_0p11_p_0p00/dataset_049_seed_4907234/width_048/selected_ref_payloads/ref_000/theta.npy,02_dnn/03_reference_search/raw_outputs/18_beta_cell_90_dataset_30_reference/selected_references/cell_beta_0p11_p_0p00/dataset_049_seed_4907234/width_048/selected_refs.json
cell_beta_0p11_p_0p00,dataset_050_seed_5007234,48,0,114.87527286268556,0.0019308704294414393,02_dnn/03_reference_search/raw_outputs/18_beta_cell_60_dataset_30_reference/selected_references/cell_beta_0p11_p_0p00/dataset_050_seed_5007234/width_048/selected_ref_payloads/ref_000/theta.npy,02_dnn/03_reference_search/raw_outputs/18_beta_cell_90_dataset_30_reference/selected_references/cell_beta_0p11_p_0p00/dataset_050_seed_5007234/width_048/selected_refs.json
cell_beta_0p11_p_0p00,dataset_051_seed_5107234,48,0,119.72362793444745,0.00256494730349061,02_dnn/03_reference_search/raw_outputs/18_beta_cell_60_dataset_30_reference/selected_references/cell_beta_0p11_p_0p00/dataset_051_seed_5107234/width_048/selected_ref_payloads/ref_000/theta.npy,02_dnn/03_reference_search/raw_outputs/18_beta_cell_90_dataset_30_reference/selected_references/cell_beta_0p11_p_0p00/dataset_051_seed_5107234/width_048/selected_refs.json
cell_beta_0p11_p_0p00,dataset_052_seed_5207234,48,0,106.06334528694617,0.0025220077862529396,02_dnn/03_reference_search/raw_outputs/18_beta_cell_60_dataset_30_reference/selected_references/cell_beta_0p11_p_0p00/dataset_052_seed_5207234/width_048/selected_ref_payloads/ref_000/theta.npy,02_dnn/03_reference_search/raw_outputs/18_beta_cell_90_dataset_30_reference/selected_references/cell_beta_0p11_p_0p00/dataset_052_seed_5207234/width_048/selected_refs.json
cell_beta_0p11_p_0p00,dataset_053_seed_5307234,48,0,121.81393335687281,0.0031610340217997778,02_dnn/03_reference_search/raw_outputs/18_beta_cell_60_dataset_30_reference/selected_references/cell_beta_0p11_p_0p00/dataset_053_seed_5307234/width_048/selected_ref_payloads/ref_000/theta.npy,02_dnn/03_reference_search/raw_outputs/18_beta_cell_90_dataset_30_reference/selected_references/cell_beta_0p11_p_0p00/dataset_053_seed_5307234/width_048/selected_refs.json
cell_beta_0p11_p_0p00,dataset_054_seed_5407234,48,0,131.08830712524886,0.0009389917826677964,02_dnn/03_reference_search/raw_outputs/18_beta_cell_60_dataset_30_reference/selected_references/cell_beta_0p11_p_0p00/dataset_054_seed_5407234/width_048/selected_ref_payloads/ref_000/theta.npy,02_dnn/03_reference_search/raw_outputs/18_beta_cell_90_dataset_30_reference/selected_references/cell_beta_0p11_p_0p00/dataset_054_seed_5407234/width_048/selected_refs.json
cell_beta_0p11_p_0p00,dataset_055_seed_5507234,48,0,129.92633026899554,0.0007914719926092422,02_dnn/03_reference_search/raw_outputs/18_beta_cell_60_dataset_30_reference/selected_references/cell_beta_0p11_p_0p00/dataset_055_seed_5507234/width_048/selected_ref_payloads/ref_000/theta.npy,02_dnn/03_reference_search/raw_outputs/18_beta_cell_90_dataset_30_reference/selected_references/cell_beta_0p11_p_0p00/dataset_055_seed_5507234/width_048/selected_refs.json
cell_beta_0p11_p_0p00,dataset_056_seed_5607234,48,0,113.99420852062471,0.008553646235293533,02_dnn/03_reference_search/raw_outputs/18_beta_cell_60_dataset_30_reference/selected_references/cell_beta_0p11_p_0p00/dataset_056_seed_5607234/width_048/selected_ref_payloads/ref_000/theta.npy,02_dnn/03_reference_search/raw_outputs/18_beta_cell_90_dataset_30_reference/selected_references/cell_beta_0p11_p_0p00/dataset_056_seed_5607234/width_048/selected_refs.json
cell_beta_0p11_p_0p00,dataset_057_seed_5707234,48,0,109.30425262898173,0.005534349421930134,02_dnn/03_reference_search/raw_outputs/18_beta_cell_60_dataset_30_reference/selected_references/cell_beta_0p11_p_0p00/dataset_057_seed_5707234/width_048/selected_ref_payloads/ref_000/theta.npy,02_dnn/03_reference_search/raw_outputs/18_beta_cell_90_dataset_30_reference/selected_references/cell_beta_0p11_p_0p00/dataset_057_seed_5707234/width_048/selected_refs.json
cell_beta_0p11_p_0p00,dataset_058_seed_5807234,48,0,120.32601579066556,0.001951299419513994,02_dnn/03_reference_search/raw_outputs/18_beta_cell_60_dataset_30_reference/selected_references/cell_beta_0p11_p_0p00/dataset_058_seed_5807234/width_048/selected_ref_payloads/ref_000/theta.npy,02_dnn/03_reference_search/raw_outputs/18_beta_cell_90_dataset_30_reference/selected_references/cell_beta_0p11_p_0p00/dataset_058_seed_5807234/width_048/selected_refs.json
cell_beta_0p11_p_0p00,dataset_059_seed_5907234,48,0,121.16679269668687,0.0025909363719341834,02_dnn/03_reference_search/raw_outputs/18_beta_cell_60_dataset_30_reference/selected_references/cell_beta_0p11_p_0p00/dataset_059_seed_5907234/width_048/selected_ref_payloads/ref_000/theta.npy,02_dnn/03_reference_search/raw_outputs/18_beta_cell_90_dataset_30_reference/selected_references/cell_beta_0p11_p_0p00/dataset_059_seed_5907234/width_048/selected_refs.json
cell_beta_0p11_p_0p00,dataset_060_seed_6007234,48,0,128.52777512046063,0.0011504516355564092,02_dnn/03_reference_search/raw_outputs/18_beta_cell_90_dataset_30_reference/selected_references/cell_beta_0p11_p_0p00/dataset_060_seed_6007234/width_048/selected_ref_payloads/ref_000/theta.npy,02_dnn/03_reference_search/raw_outputs/18_beta_cell_90_dataset_30_reference/selected_references/cell_beta_0p11_p_0p00/dataset_060_seed_6007234/width_048/selected_refs.json
cell_beta_0p11_p_0p00,dataset_061_seed_6107234,48,0,116.74157584356573,0.0033940525271781,02_dnn/03_reference_search/raw_outputs/18_beta_cell_90_dataset_30_reference/selected_references/cell_beta_0p11_p_0p00/dataset_061_seed_6107234/width_048/selected_ref_payloads/ref_000/theta.npy,02_dnn/03_reference_search/raw_outputs/18_beta_cell_90_dataset_30_reference/selected_references/cell_beta_0p11_p_0p00/dataset_061_seed_6107234/width_048/selected_refs.json
cell_beta_0p11_p_0p00,dataset_062_seed_6207234,48,0,106.78661378321989,0.015927917137119343,02_dnn/03_reference_search/raw_outputs/18_beta_cell_90_dataset_30_reference/selected_references/cell_beta_0p11_p_0p00/dataset_062_seed_6207234/width_048/selected_ref_payloads/ref_000/theta.npy,02_dnn/03_reference_search/raw_outputs/18_beta_cell_90_dataset_30_reference/selected_references/cell_beta_0p11_p_0p00/dataset_062_seed_6207234/width_048/selected_refs.json
cell_beta_0p11_p_0p00,dataset_063_seed_6307234,48,0,119.8033585821981,0.0006453507224180753,02_dnn/03_reference_search/raw_outputs/18_beta_cell_90_dataset_30_reference/selected_references/cell_beta_0p11_p_0p00/dataset_063_seed_6307234/width_048/selected_ref_payloads/ref_000/theta.npy,02_dnn/03_reference_search/raw_outputs/18_beta_cell_90_dataset_30_reference/selected_references/cell_beta_0p11_p_0p00/dataset_063_seed_6307234/width_048/selected_refs.json
cell_beta_0p11_p_0p00,dataset_064_seed_6407234,48,0,113.08017982966511,0.0019190962820661835,02_dnn/03_reference_search/raw_outputs/18_beta_cell_90_dataset_30_reference/selected_references/cell_beta_0p11_p_0p00/dataset_064_seed_6407234/width_048/selected_ref_payloads/ref_000/theta.npy,02_dnn/03_reference_search/raw_outputs/18_beta_cell_90_dataset_30_reference/selected_references/cell_beta_0p11_p_0p00/dataset_064_seed_6407234/width_048/selected_refs.json
cell_beta_0p11_p_0p00,dataset_065_seed_6507234,48,0,116.70657107862203,0.0024487717970650743,02_dnn/03_reference_search/raw_outputs/18_beta_cell_90_dataset_30_reference/selected_references/cell_beta_0p11_p_0p00/dataset_065_seed_6507234/width_048/selected_ref_payloads/ref_000/theta.npy,02_dnn/03_reference_search/raw_outputs/18_beta_cell_90_dataset_30_reference/selected_references/cell_beta_0p11_p_0p00/dataset_065_seed_6507234/width_048/selected_refs.json
cell_beta_0p11_p_0p00,dataset_066_seed_6607234,48,0,131.63461795484133,0.0024835023661244856,02_dnn/03_reference_search/raw_outputs/18_beta_cell_90_dataset_30_reference/selected_references/cell_beta_0p11_p_0p00/dataset_066_seed_6607234/width_048/selected_ref_payloads/ref_000/theta.npy,02_dnn/03_reference_search/raw_outputs/18_beta_cell_90_dataset_30_reference/selected_references/cell_beta_0p11_p_0p00/dataset_066_seed_6607234/width_048/selected_refs.json
cell_beta_0p11_p_0p00,dataset_067_seed_6707234,48,0,120.71427432199913,0.00825968615227514,02_dnn/03_reference_search/raw_outputs/18_beta_cell_90_dataset_30_reference/selected_references/cell_beta_0p11_p_0p00/dataset_067_seed_6707234/width_048/selected_ref_payloads/ref_000/theta.npy,02_dnn/03_reference_search/raw_outputs/18_beta_cell_90_dataset_30_reference/selected_references/cell_beta_0p11_p_0p00/dataset_067_seed_6707234/width_048/selected_refs.json
cell_beta_0p11_p_0p00,dataset_068_seed_6807234,48,0,136.9122947653663,0.0004815274918580659,02_dnn/03_reference_search/raw_outputs/18_beta_cell_90_dataset_30_reference/selected_references/cell_beta_0p11_p_0p00/dataset_068_seed_6807234/width_048/selected_ref_payloads/ref_000/theta.npy,02_dnn/03_reference_search/raw_outputs/18_beta_cell_90_dataset_30_reference/selected_references/cell_beta_0p11_p_0p00/dataset_068_seed_6807234/width_048/selected_refs.json
cell_beta_0p11_p_0p00,dataset_069_seed_6907234,48,0,133.26603399296738,0.002117483691830996,02_dnn/03_reference_search/raw_outputs/18_beta_cell_90_dataset_30_reference/selected_references/cell_beta_0p11_p_0p00/dataset_069_seed_6907234/width_048/selected_ref_payloads/ref_000/theta.npy,02_dnn/03_reference_search/raw_outputs/18_beta_cell_90_dataset_30_reference/selected_references/cell_beta_0p11_p_0p00/dataset_069_seed_6907234/width_048/selected_refs.json
cell_beta_0p11_p_0p00,dataset_070_seed_7007234,48,0,122.69090201540865,0.0008135069569270174,02_dnn/03_reference_search/raw_outputs/18_beta_cell_90_dataset_30_reference/selected_references/cell_beta_0p11_p_0p00/dataset_070_seed_7007234/width_048/selected_ref_payloads/ref_000/theta.npy,02_dnn/03_reference_search/raw_outputs/18_beta_cell_90_dataset_30_reference/selected_references/cell_beta_0p11_p_0p00/dataset_070_seed_7007234/width_048/selected_refs.json
cell_beta_0p11_p_0p00,dataset_071_seed_7107234,48,0,125.36989324979818,0.003213973073414545,02_dnn/03_reference_search/raw_outputs/18_beta_cell_90_dataset_30_reference/selected_references/cell_beta_0p11_p_0p00/dataset_071_seed_7107234/width_048/selected_ref_payloads/ref_000/theta.npy,02_dnn/03_reference_search/raw_outputs/18_beta_cell_90_dataset_30_reference/selected_references/cell_beta_0p11_p_0p00/dataset_071_seed_7107234/width_048/selected_refs.json
cell_beta_0p11_p_0p00,dataset_072_seed_7207234,48,0,100.9484504398525,0.0022318259081939517,02_dnn/03_reference_search/raw_outputs/18_beta_cell_90_dataset_30_reference/selected_references/cell_beta_0p11_p_0p00/dataset_072_seed_7207234/width_048/selected_ref_payloads/ref_000/theta.npy,02_dnn/03_reference_search/raw_outputs/18_beta_cell_90_dataset_30_reference/selected_references/cell_beta_0p11_p_0p00/dataset_072_seed_7207234/width_048/selected_refs.json
cell_beta_0p11_p_0p00,dataset_073_seed_7307234,48,0,103.52741275654338,0.00398995175669449,02_dnn/03_reference_search/raw_outputs/18_beta_cell_90_dataset_30_reference/selected_references/cell_beta_0p11_p_0p00/dataset_073_seed_7307234/width_048/selected_ref_payloads/ref_000/theta.npy,02_dnn/03_reference_search/raw_outputs/18_beta_cell_90_dataset_30_reference/selected_references/cell_beta_0p11_p_0p00/dataset_073_seed_7307234/width_048/selected_refs.json
cell_beta_0p11_p_0p00,dataset_074_seed_7407234,48,0,128.22310685431694,0.0033137112848599867,02_dnn/03_reference_search/raw_outputs/18_beta_cell_90_dataset_30_reference/selected_references/cell_beta_0p11_p_0p00/dataset_074_seed_7407234/width_048/selected_ref_payloads/ref_000/theta.npy,02_dnn/03_reference_search/raw_outputs/18_beta_cell_90_dataset_30_reference/selected_references/cell_beta_0p11_p_0p00/dataset_074_seed_7407234/width_048/selected_refs.json
cell_beta_0p11_p_0p00,dataset_075_seed_7507234,48,0,114.24396620157127,0.0004642768448743659,02_dnn/03_reference_search/raw_outputs/18_beta_cell_90_dataset_30_reference/selected_references/cell_beta_0p11_p_0p00/dataset_075_seed_7507234/width_048/selected_ref_payloads/ref_000/theta.npy,02_dnn/03_reference_search/raw_outputs/18_beta_cell_90_dataset_30_reference/selected_references/cell_beta_0p11_p_0p00/dataset_075_seed_7507234/width_048/selected_refs.json
cell_beta_0p11_p_0p00,dataset_076_seed_7607234,48,0,118.4282285545171,0.002899316614866889,02_dnn/03_reference_search/raw_outputs/18_beta_cell_90_dataset_30_reference/selected_references/cell_beta_0p11_p_0p00/dataset_076_seed_7607234/width_048/selected_ref_payloads/ref_000/theta.npy,02_dnn/03_reference_search/raw_outputs/18_beta_cell_90_dataset_30_reference/selected_references/cell_beta_0p11_p_0p00/dataset_076_seed_7607234/width_048/selected_refs.json
cell_beta_0p11_p_0p00,dataset_077_seed_7707234,48,0,123.79333963736126,0.0020225672708353765,02_dnn/03_reference_search/raw_outputs/18_beta_cell_90_dataset_30_reference/selected_references/cell_beta_0p11_p_0p00/dataset_077_seed_7707234/width_048/selected_ref_payloads/ref_000/theta.npy,02_dnn/03_reference_search/raw_outputs/18_beta_cell_90_dataset_30_reference/selected_references/cell_beta_0p11_p_0p00/dataset_077_seed_7707234/width_048/selected_refs.json
cell_beta_0p11_p_0p00,dataset_078_seed_7807234,48,0,132.96805527085255,0.000436776908188855,02_dnn/03_reference_search/raw_outputs/18_beta_cell_90_dataset_30_reference/selected_references/cell_beta_0p11_p_0p00/dataset_078_seed_7807234/width_048/selected_ref_payloads/ref_000/theta.npy,02_dnn/03_reference_search/raw_outputs/18_beta_cell_90_dataset_30_reference/selected_references/cell_beta_0p11_p_0p00/dataset_078_seed_7807234/width_048/selected_refs.json
cell_beta_0p11_p_0p00,dataset_079_seed_7907234,48,0,132.49784886795658,0.0027975352261484926,02_dnn/03_reference_search/raw_outputs/18_beta_cell_90_dataset_30_reference/selected_references/cell_beta_0p11_p_0p00/dataset_079_seed_7907234/width_048/selected_ref_payloads/ref_000/theta.npy,02_dnn/03_reference_search/raw_outputs/18_beta_cell_90_dataset_30_reference/selected_references/cell_beta_0p11_p_0p00/dataset_079_seed_7907234/width_048/selected_refs.json
cell_beta_0p11_p_0p00,dataset_080_seed_8007234,48,0,120.98146872293367,0.00486084657481642,02_dnn/03_reference_search/raw_outputs/18_beta_cell_90_dataset_30_reference/selected_references/cell_beta_0p11_p_0p00/dataset_080_seed_8007234/width_048/selected_ref_payloads/ref_000/theta.npy,02_dnn/03_reference_search/raw_outputs/18_beta_cell_90_dataset_30_reference/selected_references/cell_beta_0p11_p_0p00/dataset_080_seed_8007234/width_048/selected_refs.json
cell_beta_0p11_p_0p00,dataset_081_seed_8107234,48,0,122.2733497671414,0.0036082060189131745,02_dnn/03_reference_search/raw_outputs/18_beta_cell_90_dataset_30_reference/selected_references/cell_beta_0p11_p_0p00/dataset_081_seed_8107234/width_048/selected_ref_payloads/ref_000/theta.npy,02_dnn/03_reference_search/raw_outputs/18_beta_cell_90_dataset_30_reference/selected_references/cell_beta_0p11_p_0p00/dataset_081_seed_8107234/width_048/selected_refs.json
cell_beta_0p11_p_0p00,dataset_082_seed_8207234,48,0,113.60041495435102,0.0010640683971252503,02_dnn/03_reference_search/raw_outputs/18_beta_cell_90_dataset_30_reference/selected_references/cell_beta_0p11_p_0p00/dataset_082_seed_8207234/width_048/selected_ref_payloads/ref_000/theta.npy,02_dnn/03_reference_search/raw_outputs/18_beta_cell_90_dataset_30_reference/selected_references/cell_beta_0p11_p_0p00/dataset_082_seed_8207234/width_048/selected_refs.json
cell_beta_0p11_p_0p00,dataset_083_seed_8307234,48,0,115.4936610338441,0.000961686556946746,02_dnn/03_reference_search/raw_outputs/18_beta_cell_90_dataset_30_reference/selected_references/cell_beta_0p11_p_0p00/dataset_083_seed_8307234/width_048/selected_ref_payloads/ref_000/theta.npy,02_dnn/03_reference_search/raw_outputs/18_beta_cell_90_dataset_30_reference/selected_references/cell_beta_0p11_p_0p00/dataset_083_seed_8307234/width_048/selected_refs.json
cell_beta_0p11_p_0p00,dataset_084_seed_8407234,48,0,124.5821271173663,0.0006045253769322806,02_dnn/03_reference_search/raw_outputs/18_beta_cell_90_dataset_30_reference/selected_references/cell_beta_0p11_p_0p00/dataset_084_seed_8407234/width_048/selected_ref_payloads/ref_000/theta.npy,02_dnn/03_reference_search/raw_outputs/18_beta_cell_90_dataset_30_reference/selected_references/cell_beta_0p11_p_0p00/dataset_084_seed_8407234/width_048/selected_refs.json
cell_beta_0p11_p_0p00,dataset_085_seed_8507234,48,0,129.89895748740656,0.000609747316206874,02_dnn/03_reference_search/raw_outputs/18_beta_cell_90_dataset_30_reference/selected_references/cell_beta_0p11_p_0p00/dataset_085_seed_8507234/width_048/selected_ref_payloads/ref_000/theta.npy,02_dnn/03_reference_search/raw_outputs/18_beta_cell_90_dataset_30_reference/selected_references/cell_beta_0p11_p_0p00/dataset_085_seed_8507234/width_048/selected_refs.json
cell_beta_0p11_p_0p00,dataset_086_seed_8607234,48,0,121.90250678667792,0.0016325221245413828,02_dnn/03_reference_search/raw_outputs/18_beta_cell_90_dataset_30_reference/selected_references/cell_beta_0p11_p_0p00/dataset_086_seed_8607234/width_048/selected_ref_payloads/ref_000/theta.npy,02_dnn/03_reference_search/raw_outputs/18_beta_cell_90_dataset_30_reference/selected_references/cell_beta_0p11_p_0p00/dataset_086_seed_8607234/width_048/selected_refs.json
cell_beta_0p11_p_0p00,dataset_087_seed_8707234,48,0,116.14192041065849,0.0010877805624482054,02_dnn/03_reference_search/raw_outputs/18_beta_cell_90_dataset_30_reference/selected_references/cell_beta_0p11_p_0p00/dataset_087_seed_8707234/width_048/selected_ref_payloads/ref_000/theta.npy,02_dnn/03_reference_search/raw_outputs/18_beta_cell_90_dataset_30_reference/selected_references/cell_beta_0p11_p_0p00/dataset_087_seed_8707234/width_048/selected_refs.json
cell_beta_0p11_p_0p00,dataset_088_seed_8807234,48,0,126.90826059639238,0.005838714833314379,02_dnn/03_reference_search/raw_outputs/18_beta_cell_90_dataset_30_reference/selected_references/cell_beta_0p11_p_0p00/dataset_088_seed_8807234/width_048/selected_ref_payloads/ref_000/theta.npy,02_dnn/03_reference_search/raw_outputs/18_beta_cell_90_dataset_30_reference/selected_references/cell_beta_0p11_p_0p00/dataset_088_seed_8807234/width_048/selected_refs.json
cell_beta_0p11_p_0p00,dataset_089_seed_8907234,48,0,118.90693483837869,0.0032219267567313845,02_dnn/03_reference_search/raw_outputs/18_beta_cell_90_dataset_30_reference/selected_references/cell_beta_0p11_p_0p00/dataset_089_seed_8907234/width_048/selected_ref_payloads/ref_000/theta.npy,02_dnn/03_reference_search/raw_outputs/18_beta_cell_90_dataset_30_reference/selected_references/cell_beta_0p11_p_0p00/dataset_089_seed_8907234/width_048/selected_refs.json
cell_beta_0p13_p_0p00,dataset_000_seed_009234,48,0,,,02_dnn/03_reference_search/raw_outputs/36_beta_cell_30_dataset_30_reference/selected_references/cell_beta_0p13_p_0p00/dataset_000_seed_009234/width_048/selected_ref_payloads/ref_000/theta.npy,02_dnn/03_reference_search/raw_outputs/18_beta_cell_90_dataset_30_reference/selected_references/cell_beta_0p13_p_0p00/dataset_000_seed_009234/width_048/selected_refs.json
cell_beta_0p13_p_0p00,dataset_001_seed_109234,48,0,,,02_dnn/03_reference_search/raw_outputs/36_beta_cell_30_dataset_30_reference/selected_references/cell_beta_0p13_p_0p00/dataset_001_seed_109234/width_048/selected_ref_payloads/ref_000/theta.npy,02_dnn/03_reference_search/raw_outputs/18_beta_cell_90_dataset_30_reference/selected_references/cell_beta_0p13_p_0p00/dataset_001_seed_109234/width_048/selected_refs.json
cell_beta_0p13_p_0p00,dataset_002_seed_209234,48,0,,,02_dnn/03_reference_search/raw_outputs/36_beta_cell_30_dataset_30_reference/selected_references/cell_beta_0p13_p_0p00/dataset_002_seed_209234/width_048/selected_ref_payloads/ref_000/theta.npy,02_dnn/03_reference_search/raw_outputs/18_beta_cell_90_dataset_30_reference/selected_references/cell_beta_0p13_p_0p00/dataset_002_seed_209234/width_048/selected_refs.json
cell_beta_0p13_p_0p00,dataset_003_seed_309234,48,0,,,02_dnn/03_reference_search/raw_outputs/36_beta_cell_30_dataset_30_reference/selected_references/cell_beta_0p13_p_0p00/dataset_003_seed_309234/width_048/selected_ref_payloads/ref_000/theta.npy,02_dnn/03_reference_search/raw_outputs/18_beta_cell_90_dataset_30_reference/selected_references/cell_beta_0p13_p_0p00/dataset_003_seed_309234/width_048/selected_refs.json
cell_beta_0p13_p_0p00,dataset_004_seed_409234,48,0,,,02_dnn/03_reference_search/raw_outputs/36_beta_cell_30_dataset_30_reference/selected_references/cell_beta_0p13_p_0p00/dataset_004_seed_409234/width_048/selected_ref_payloads/ref_000/theta.npy,02_dnn/03_reference_search/raw_outputs/18_beta_cell_90_dataset_30_reference/selected_references/cell_beta_0p13_p_0p00/dataset_004_seed_409234/width_048/selected_refs.json
cell_beta_0p13_p_0p00,dataset_005_seed_509234,48,0,,,02_dnn/03_reference_search/raw_outputs/36_beta_cell_30_dataset_30_reference/selected_references/cell_beta_0p13_p_0p00/dataset_005_seed_509234/width_048/selected_ref_payloads/ref_000/theta.npy,02_dnn/03_reference_search/raw_outputs/18_beta_cell_90_dataset_30_reference/selected_references/cell_beta_0p13_p_0p00/dataset_005_seed_509234/width_048/selected_refs.json
cell_beta_0p13_p_0p00,dataset_006_seed_609234,48,0,,,02_dnn/03_reference_search/raw_outputs/36_beta_cell_30_dataset_30_reference/selected_references/cell_beta_0p13_p_0p00/dataset_006_seed_609234/width_048/selected_ref_payloads/ref_000/theta.npy,02_dnn/03_reference_search/raw_outputs/18_beta_cell_90_dataset_30_reference/selected_references/cell_beta_0p13_p_0p00/dataset_006_seed_609234/width_048/selected_refs.json
cell_beta_0p13_p_0p00,dataset_007_seed_709234,48,0,,,02_dnn/03_reference_search/raw_outputs/36_beta_cell_30_dataset_30_reference/selected_references/cell_beta_0p13_p_0p00/dataset_007_seed_709234/width_048/selected_ref_payloads/ref_000/theta.npy,02_dnn/03_reference_search/raw_outputs/18_beta_cell_90_dataset_30_reference/selected_references/cell_beta_0p13_p_0p00/dataset_007_seed_709234/width_048/selected_refs.json
cell_beta_0p13_p_0p00,dataset_008_seed_809234,48,0,,,02_dnn/03_reference_search/raw_outputs/36_beta_cell_30_dataset_30_reference/selected_references/cell_beta_0p13_p_0p00/dataset_008_seed_809234/width_048/selected_ref_payloads/ref_000/theta.npy,02_dnn/03_reference_search/raw_outputs/18_beta_cell_90_dataset_30_reference/selected_references/cell_beta_0p13_p_0p00/dataset_008_seed_809234/width_048/selected_refs.json
cell_beta_0p13_p_0p00,dataset_009_seed_909234,48,0,,,02_dnn/03_reference_search/raw_outputs/36_beta_cell_30_dataset_30_reference/selected_references/cell_beta_0p13_p_0p00/dataset_009_seed_909234/width_048/selected_ref_payloads/ref_000/theta.npy,02_dnn/03_reference_search/raw_outputs/18_beta_cell_90_dataset_30_reference/selected_references/cell_beta_0p13_p_0p00/dataset_009_seed_909234/width_048/selected_refs.json
cell_beta_0p13_p_0p00,dataset_010_seed_1009234,48,0,,,02_dnn/03_reference_search/raw_outputs/36_beta_cell_30_dataset_30_reference/selected_references/cell_beta_0p13_p_0p00/dataset_010_seed_1009234/width_048/selected_ref_payloads/ref_000/theta.npy,02_dnn/03_reference_search/raw_outputs/18_beta_cell_90_dataset_30_reference/selected_references/cell_beta_0p13_p_0p00/dataset_010_seed_1009234/width_048/selected_refs.json
cell_beta_0p13_p_0p00,dataset_011_seed_1109234,48,0,,,02_dnn/03_reference_search/raw_outputs/36_beta_cell_30_dataset_30_reference/selected_references/cell_beta_0p13_p_0p00/dataset_011_seed_1109234/width_048/selected_ref_payloads/ref_000/theta.npy,02_dnn/03_reference_search/raw_outputs/18_beta_cell_90_dataset_30_reference/selected_references/cell_beta_0p13_p_0p00/dataset_011_seed_1109234/width_048/selected_refs.json
cell_beta_0p13_p_0p00,dataset_012_seed_1209234,48,0,,,02_dnn/03_reference_search/raw_outputs/36_beta_cell_30_dataset_30_reference/selected_references/cell_beta_0p13_p_0p00/dataset_012_seed_1209234/width_048/selected_ref_payloads/ref_000/theta.npy,02_dnn/03_reference_search/raw_outputs/18_beta_cell_90_dataset_30_reference/selected_references/cell_beta_0p13_p_0p00/dataset_012_seed_1209234/width_048/selected_refs.json
cell_beta_0p13_p_0p00,dataset_013_seed_1309234,48,0,,,02_dnn/03_reference_search/raw_outputs/36_beta_cell_30_dataset_30_reference/selected_references/cell_beta_0p13_p_0p00/dataset_013_seed_1309234/width_048/selected_ref_payloads/ref_000/theta.npy,02_dnn/03_reference_search/raw_outputs/18_beta_cell_90_dataset_30_reference/selected_references/cell_beta_0p13_p_0p00/dataset_013_seed_1309234/width_048/selected_refs.json
cell_beta_0p13_p_0p00,dataset_014_seed_1409234,48,0,,,02_dnn/03_reference_search/raw_outputs/36_beta_cell_30_dataset_30_reference/selected_references/cell_beta_0p13_p_0p00/dataset_014_seed_1409234/width_048/selected_ref_payloads/ref_000/theta.npy,02_dnn/03_reference_search/raw_outputs/18_beta_cell_90_dataset_30_reference/selected_references/cell_beta_0p13_p_0p00/dataset_014_seed_1409234/width_048/selected_refs.json
cell_beta_0p13_p_0p00,dataset_015_seed_1509234,48,0,,,02_dnn/03_reference_search/raw_outputs/36_beta_cell_30_dataset_30_reference/selected_references/cell_beta_0p13_p_0p00/dataset_015_seed_1509234/width_048/selected_ref_payloads/ref_000/theta.npy,02_dnn/03_reference_search/raw_outputs/18_beta_cell_90_dataset_30_reference/selected_references/cell_beta_0p13_p_0p00/dataset_015_seed_1509234/width_048/selected_refs.json
cell_beta_0p13_p_0p00,dataset_016_seed_1609234,48,0,,,02_dnn/03_reference_search/raw_outputs/36_beta_cell_30_dataset_30_reference/selected_references/cell_beta_0p13_p_0p00/dataset_016_seed_1609234/width_048/selected_ref_payloads/ref_000/theta.npy,02_dnn/03_reference_search/raw_outputs/18_beta_cell_90_dataset_30_reference/selected_references/cell_beta_0p13_p_0p00/dataset_016_seed_1609234/width_048/selected_refs.json
cell_beta_0p13_p_0p00,dataset_017_seed_1709234,48,0,,,02_dnn/03_reference_search/raw_outputs/36_beta_cell_30_dataset_30_reference/selected_references/cell_beta_0p13_p_0p00/dataset_017_seed_1709234/width_048/selected_ref_payloads/ref_000/theta.npy,02_dnn/03_reference_search/raw_outputs/18_beta_cell_90_dataset_30_reference/selected_references/cell_beta_0p13_p_0p00/dataset_017_seed_1709234/width_048/selected_refs.json
cell_beta_0p13_p_0p00,dataset_018_seed_1809234,48,0,,,02_dnn/03_reference_search/raw_outputs/36_beta_cell_30_dataset_30_reference/selected_references/cell_beta_0p13_p_0p00/dataset_018_seed_1809234/width_048/selected_ref_payloads/ref_000/theta.npy,02_dnn/03_reference_search/raw_outputs/18_beta_cell_90_dataset_30_reference/selected_references/cell_beta_0p13_p_0p00/dataset_018_seed_1809234/width_048/selected_refs.json
cell_beta_0p13_p_0p00,dataset_019_seed_1909234,48,0,,,02_dnn/03_reference_search/raw_outputs/36_beta_cell_30_dataset_30_reference/selected_references/cell_beta_0p13_p_0p00/dataset_019_seed_1909234/width_048/selected_ref_payloads/ref_000/theta.npy,02_dnn/03_reference_search/raw_outputs/18_beta_cell_90_dataset_30_reference/selected_references/cell_beta_0p13_p_0p00/dataset_019_seed_1909234/width_048/selected_refs.json
cell_beta_0p13_p_0p00,dataset_020_seed_2009234,48,0,,,02_dnn/03_reference_search/raw_outputs/36_beta_cell_30_dataset_30_reference/selected_references/cell_beta_0p13_p_0p00/dataset_020_seed_2009234/width_048/selected_ref_payloads/ref_000/theta.npy,02_dnn/03_reference_search/raw_outputs/18_beta_cell_90_dataset_30_reference/selected_references/cell_beta_0p13_p_0p00/dataset_020_seed_2009234/width_048/selected_refs.json
cell_beta_0p13_p_0p00,dataset_021_seed_2109234,48,0,,,02_dnn/03_reference_search/raw_outputs/36_beta_cell_30_dataset_30_reference/selected_references/cell_beta_0p13_p_0p00/dataset_021_seed_2109234/width_048/selected_ref_payloads/ref_000/theta.npy,02_dnn/03_reference_search/raw_outputs/18_beta_cell_90_dataset_30_reference/selected_references/cell_beta_0p13_p_0p00/dataset_021_seed_2109234/width_048/selected_refs.json
cell_beta_0p13_p_0p00,dataset_022_seed_2209234,48,0,,,02_dnn/03_reference_search/raw_outputs/36_beta_cell_30_dataset_30_reference/selected_references/cell_beta_0p13_p_0p00/dataset_022_seed_2209234/width_048/selected_ref_payloads/ref_000/theta.npy,02_dnn/03_reference_search/raw_outputs/18_beta_cell_90_dataset_30_reference/selected_references/cell_beta_0p13_p_0p00/dataset_022_seed_2209234/width_048/selected_refs.json
cell_beta_0p13_p_0p00,dataset_023_seed_2309234,48,0,,,02_dnn/03_reference_search/raw_outputs/36_beta_cell_30_dataset_30_reference/selected_references/cell_beta_0p13_p_0p00/dataset_023_seed_2309234/width_048/selected_ref_payloads/ref_000/theta.npy,02_dnn/03_reference_search/raw_outputs/18_beta_cell_90_dataset_30_reference/selected_references/cell_beta_0p13_p_0p00/dataset_023_seed_2309234/width_048/selected_refs.json
cell_beta_0p13_p_0p00,dataset_024_seed_2409234,48,0,,,02_dnn/03_reference_search/raw_outputs/36_beta_cell_30_dataset_30_reference/selected_references/cell_beta_0p13_p_0p00/dataset_024_seed_2409234/width_048/selected_ref_payloads/ref_000/theta.npy,02_dnn/03_reference_search/raw_outputs/18_beta_cell_90_dataset_30_reference/selected_references/cell_beta_0p13_p_0p00/dataset_024_seed_2409234/width_048/selected_refs.json
cell_beta_0p13_p_0p00,dataset_025_seed_2509234,48,0,,,02_dnn/03_reference_search/raw_outputs/36_beta_cell_30_dataset_30_reference/selected_references/cell_beta_0p13_p_0p00/dataset_025_seed_2509234/width_048/selected_ref_payloads/ref_000/theta.npy,02_dnn/03_reference_search/raw_outputs/18_beta_cell_90_dataset_30_reference/selected_references/cell_beta_0p13_p_0p00/dataset_025_seed_2509234/width_048/selected_refs.json
cell_beta_0p13_p_0p00,dataset_026_seed_2609234,48,0,,,02_dnn/03_reference_search/raw_outputs/36_beta_cell_30_dataset_30_reference/selected_references/cell_beta_0p13_p_0p00/dataset_026_seed_2609234/width_048/selected_ref_payloads/ref_000/theta.npy,02_dnn/03_reference_search/raw_outputs/18_beta_cell_90_dataset_30_reference/selected_references/cell_beta_0p13_p_0p00/dataset_026_seed_2609234/width_048/selected_refs.json
cell_beta_0p13_p_0p00,dataset_027_seed_2709234,48,0,,,02_dnn/03_reference_search/raw_outputs/36_beta_cell_30_dataset_30_reference/selected_references/cell_beta_0p13_p_0p00/dataset_027_seed_2709234/width_048/selected_ref_payloads/ref_000/theta.npy,02_dnn/03_reference_search/raw_outputs/18_beta_cell_90_dataset_30_reference/selected_references/cell_beta_0p13_p_0p00/dataset_027_seed_2709234/width_048/selected_refs.json
cell_beta_0p13_p_0p00,dataset_028_seed_2809234,48,0,,,02_dnn/03_reference_search/raw_outputs/36_beta_cell_30_dataset_30_reference/selected_references/cell_beta_0p13_p_0p00/dataset_028_seed_2809234/width_048/selected_ref_payloads/ref_000/theta.npy,02_dnn/03_reference_search/raw_outputs/18_beta_cell_90_dataset_30_reference/selected_references/cell_beta_0p13_p_0p00/dataset_028_seed_2809234/width_048/selected_refs.json
cell_beta_0p13_p_0p00,dataset_029_seed_2909234,48,0,,,02_dnn/03_reference_search/raw_outputs/36_beta_cell_30_dataset_30_reference/selected_references/cell_beta_0p13_p_0p00/dataset_029_seed_2909234/width_048/selected_ref_payloads/ref_000/theta.npy,02_dnn/03_reference_search/raw_outputs/18_beta_cell_90_dataset_30_reference/selected_references/cell_beta_0p13_p_0p00/dataset_029_seed_2909234/width_048/selected_refs.json
cell_beta_0p13_p_0p00,dataset_030_seed_3009234,48,0,123.92884204588366,0.00046515253591557855,02_dnn/03_reference_search/raw_outputs/18_beta_cell_60_dataset_30_reference/selected_references/cell_beta_0p13_p_0p00/dataset_030_seed_3009234/width_048/selected_ref_payloads/ref_000/theta.npy,02_dnn/03_reference_search/raw_outputs/18_beta_cell_90_dataset_30_reference/selected_references/cell_beta_0p13_p_0p00/dataset_030_seed_3009234/width_048/selected_refs.json
cell_beta_0p13_p_0p00,dataset_031_seed_3109234,48,0,113.34880483325999,0.0012780880645328946,02_dnn/03_reference_search/raw_outputs/18_beta_cell_60_dataset_30_reference/selected_references/cell_beta_0p13_p_0p00/dataset_031_seed_3109234/width_048/selected_ref_payloads/ref_000/theta.npy,02_dnn/03_reference_search/raw_outputs/18_beta_cell_90_dataset_30_reference/selected_references/cell_beta_0p13_p_0p00/dataset_031_seed_3109234/width_048/selected_refs.json
cell_beta_0p13_p_0p00,dataset_032_seed_3209234,48,0,107.92446009489161,0.0010174515643580327,02_dnn/03_reference_search/raw_outputs/18_beta_cell_60_dataset_30_reference/selected_references/cell_beta_0p13_p_0p00/dataset_032_seed_3209234/width_048/selected_ref_payloads/ref_000/theta.npy,02_dnn/03_reference_search/raw_outputs/18_beta_cell_90_dataset_30_reference/selected_references/cell_beta_0p13_p_0p00/dataset_032_seed_3209234/width_048/selected_refs.json
cell_beta_0p13_p_0p00,dataset_033_seed_3309234,48,0,116.10822615154065,0.0013082871432837215,02_dnn/03_reference_search/raw_outputs/18_beta_cell_60_dataset_30_reference/selected_references/cell_beta_0p13_p_0p00/dataset_033_seed_3309234/width_048/selected_ref_payloads/ref_000/theta.npy,02_dnn/03_reference_search/raw_outputs/18_beta_cell_90_dataset_30_reference/selected_references/cell_beta_0p13_p_0p00/dataset_033_seed_3309234/width_048/selected_refs.json
cell_beta_0p13_p_0p00,dataset_034_seed_3409234,48,0,124.99971475955351,0.0029380906125368897,02_dnn/03_reference_search/raw_outputs/18_beta_cell_60_dataset_30_reference/selected_references/cell_beta_0p13_p_0p00/dataset_034_seed_3409234/width_048/selected_ref_payloads/ref_000/theta.npy,02_dnn/03_reference_search/raw_outputs/18_beta_cell_90_dataset_30_reference/selected_references/cell_beta_0p13_p_0p00/dataset_034_seed_3409234/width_048/selected_refs.json
cell_beta_0p13_p_0p00,dataset_035_seed_3509234,48,0,122.95921937624541,0.0004426491067143503,02_dnn/03_reference_search/raw_outputs/18_beta_cell_60_dataset_30_reference/selected_references/cell_beta_0p13_p_0p00/dataset_035_seed_3509234/width_048/selected_ref_payloads/ref_000/theta.npy,02_dnn/03_reference_search/raw_outputs/18_beta_cell_90_dataset_30_reference/selected_references/cell_beta_0p13_p_0p00/dataset_035_seed_3509234/width_048/selected_refs.json
cell_beta_0p13_p_0p00,dataset_036_seed_3609234,48,0,106.43593872583985,0.004897155755927608,02_dnn/03_reference_search/raw_outputs/18_beta_cell_60_dataset_30_reference/selected_references/cell_beta_0p13_p_0p00/dataset_036_seed_3609234/width_048/selected_ref_payloads/ref_000/theta.npy,02_dnn/03_reference_search/raw_outputs/18_beta_cell_90_dataset_30_reference/selected_references/cell_beta_0p13_p_0p00/dataset_036_seed_3609234/width_048/selected_refs.json
cell_beta_0p13_p_0p00,dataset_037_seed_3709234,48,0,122.38399536911979,0.00879842820006653,02_dnn/03_reference_search/raw_outputs/18_beta_cell_60_dataset_30_reference/selected_references/cell_beta_0p13_p_0p00/dataset_037_seed_3709234/width_048/selected_ref_payloads/ref_000/theta.npy,02_dnn/03_reference_search/raw_outputs/18_beta_cell_90_dataset_30_reference/selected_references/cell_beta_0p13_p_0p00/dataset_037_seed_3709234/width_048/selected_refs.json
cell_beta_0p13_p_0p00,dataset_038_seed_3809234,48,0,117.01473093483608,0.001425840099691283,02_dnn/03_reference_search/raw_outputs/18_beta_cell_60_dataset_30_reference/selected_references/cell_beta_0p13_p_0p00/dataset_038_seed_3809234/width_048/selected_ref_payloads/ref_000/theta.npy,02_dnn/03_reference_search/raw_outputs/18_beta_cell_90_dataset_30_reference/selected_references/cell_beta_0p13_p_0p00/dataset_038_seed_3809234/width_048/selected_refs.json
cell_beta_0p13_p_0p00,dataset_039_seed_3909234,48,0,123.65723568572348,0.0007070029102847904,02_dnn/03_reference_search/raw_outputs/18_beta_cell_60_dataset_30_reference/selected_references/cell_beta_0p13_p_0p00/dataset_039_seed_3909234/width_048/selected_ref_payloads/ref_000/theta.npy,02_dnn/03_reference_search/raw_outputs/18_beta_cell_90_dataset_30_reference/selected_references/cell_beta_0p13_p_0p00/dataset_039_seed_3909234/width_048/selected_refs.json
cell_beta_0p13_p_0p00,dataset_040_seed_4009234,48,0,110.81887594393498,0.0019338965951778112,02_dnn/03_reference_search/raw_outputs/18_beta_cell_60_dataset_30_reference/selected_references/cell_beta_0p13_p_0p00/dataset_040_seed_4009234/width_048/selected_ref_payloads/ref_000/theta.npy,02_dnn/03_reference_search/raw_outputs/18_beta_cell_90_dataset_30_reference/selected_references/cell_beta_0p13_p_0p00/dataset_040_seed_4009234/width_048/selected_refs.json
cell_beta_0p13_p_0p00,dataset_041_seed_4109234,48,0,119.376772482546,0.0028396897342229666,02_dnn/03_reference_search/raw_outputs/18_beta_cell_60_dataset_30_reference/selected_references/cell_beta_0p13_p_0p00/dataset_041_seed_4109234/width_048/selected_ref_payloads/ref_000/theta.npy,02_dnn/03_reference_search/raw_outputs/18_beta_cell_90_dataset_30_reference/selected_references/cell_beta_0p13_p_0p00/dataset_041_seed_4109234/width_048/selected_refs.json
cell_beta_0p13_p_0p00,dataset_042_seed_4209234,48,0,120.90659218488499,0.0008401824817700166,02_dnn/03_reference_search/raw_outputs/18_beta_cell_60_dataset_30_reference/selected_references/cell_beta_0p13_p_0p00/dataset_042_seed_4209234/width_048/selected_ref_payloads/ref_000/theta.npy,02_dnn/03_reference_search/raw_outputs/18_beta_cell_90_dataset_30_reference/selected_references/cell_beta_0p13_p_0p00/dataset_042_seed_4209234/width_048/selected_refs.json
cell_beta_0p13_p_0p00,dataset_043_seed_4309234,48,0,124.05725572192271,0.0005407426686346522,02_dnn/03_reference_search/raw_outputs/18_beta_cell_60_dataset_30_reference/selected_references/cell_beta_0p13_p_0p00/dataset_043_seed_4309234/width_048/selected_ref_payloads/ref_000/theta.npy,02_dnn/03_reference_search/raw_outputs/18_beta_cell_90_dataset_30_reference/selected_references/cell_beta_0p13_p_0p00/dataset_043_seed_4309234/width_048/selected_refs.json
cell_beta_0p13_p_0p00,dataset_044_seed_4409234,48,0,99.40980600270646,0.005122098554062885,02_dnn/03_reference_search/raw_outputs/18_beta_cell_60_dataset_30_reference/selected_references/cell_beta_0p13_p_0p00/dataset_044_seed_4409234/width_048/selected_ref_payloads/ref_000/theta.npy,02_dnn/03_reference_search/raw_outputs/18_beta_cell_90_dataset_30_reference/selected_references/cell_beta_0p13_p_0p00/dataset_044_seed_4409234/width_048/selected_refs.json
cell_beta_0p13_p_0p00,dataset_045_seed_4509234,48,0,128.4720890871725,0.0004135698737153297,02_dnn/03_reference_search/raw_outputs/18_beta_cell_60_dataset_30_reference/selected_references/cell_beta_0p13_p_0p00/dataset_045_seed_4509234/width_048/selected_ref_payloads/ref_000/theta.npy,02_dnn/03_reference_search/raw_outputs/18_beta_cell_90_dataset_30_reference/selected_references/cell_beta_0p13_p_0p00/dataset_045_seed_4509234/width_048/selected_refs.json
cell_beta_0p13_p_0p00,dataset_046_seed_4609234,48,0,126.24099791529282,0.001013385751148821,02_dnn/03_reference_search/raw_outputs/18_beta_cell_60_dataset_30_reference/selected_references/cell_beta_0p13_p_0p00/dataset_046_seed_4609234/width_048/selected_ref_payloads/ref_000/theta.npy,02_dnn/03_reference_search/raw_outputs/18_beta_cell_90_dataset_30_reference/selected_references/cell_beta_0p13_p_0p00/dataset_046_seed_4609234/width_048/selected_refs.json
cell_beta_0p13_p_0p00,dataset_047_seed_4709234,48,0,120.97272004234942,0.0006395582044320359,02_dnn/03_reference_search/raw_outputs/18_beta_cell_60_dataset_30_reference/selected_references/cell_beta_0p13_p_0p00/dataset_047_seed_4709234/width_048/selected_ref_payloads/ref_000/theta.npy,02_dnn/03_reference_search/raw_outputs/18_beta_cell_90_dataset_30_reference/selected_references/cell_beta_0p13_p_0p00/dataset_047_seed_4709234/width_048/selected_refs.json
cell_beta_0p13_p_0p00,dataset_048_seed_4809234,48,0,120.04633501021401,0.0033460777777105785,02_dnn/03_reference_search/raw_outputs/18_beta_cell_60_dataset_30_reference/selected_references/cell_beta_0p13_p_0p00/dataset_048_seed_4809234/width_048/selected_ref_payloads/ref_000/theta.npy,02_dnn/03_reference_search/raw_outputs/18_beta_cell_90_dataset_30_reference/selected_references/cell_beta_0p13_p_0p00/dataset_048_seed_4809234/width_048/selected_refs.json
cell_beta_0p13_p_0p00,dataset_049_seed_4909234,48,0,110.33880342702281,0.003473563267285304,02_dnn/03_reference_search/raw_outputs/18_beta_cell_60_dataset_30_reference/selected_references/cell_beta_0p13_p_0p00/dataset_049_seed_4909234/width_048/selected_ref_payloads/ref_000/theta.npy,02_dnn/03_reference_search/raw_outputs/18_beta_cell_90_dataset_30_reference/selected_references/cell_beta_0p13_p_0p00/dataset_049_seed_4909234/width_048/selected_refs.json
cell_beta_0p13_p_0p00,dataset_050_seed_5009234,48,0,109.38001601584861,0.007780524253121889,02_dnn/03_reference_search/raw_outputs/18_beta_cell_60_dataset_30_reference/selected_references/cell_beta_0p13_p_0p00/dataset_050_seed_5009234/width_048/selected_ref_payloads/ref_000/theta.npy,02_dnn/03_reference_search/raw_outputs/18_beta_cell_90_dataset_30_reference/selected_references/cell_beta_0p13_p_0p00/dataset_050_seed_5009234/width_048/selected_refs.json
cell_beta_0p13_p_0p00,dataset_051_seed_5109234,48,0,125.32144945790469,0.0014278098004749744,02_dnn/03_reference_search/raw_outputs/18_beta_cell_60_dataset_30_reference/selected_references/cell_beta_0p13_p_0p00/dataset_051_seed_5109234/width_048/selected_ref_payloads/ref_000/theta.npy,02_dnn/03_reference_search/raw_outputs/18_beta_cell_90_dataset_30_reference/selected_references/cell_beta_0p13_p_0p00/dataset_051_seed_5109234/width_048/selected_refs.json
cell_beta_0p13_p_0p00,dataset_052_seed_5209234,48,0,113.58122206546123,0.006184081495090833,02_dnn/03_reference_search/raw_outputs/18_beta_cell_60_dataset_30_reference/selected_references/cell_beta_0p13_p_0p00/dataset_052_seed_5209234/width_048/selected_ref_payloads/ref_000/theta.npy,02_dnn/03_reference_search/raw_outputs/18_beta_cell_90_dataset_30_reference/selected_references/cell_beta_0p13_p_0p00/dataset_052_seed_5209234/width_048/selected_refs.json
cell_beta_0p13_p_0p00,dataset_053_seed_5309234,48,0,116.21642535040849,0.0010998248460727495,02_dnn/03_reference_search/raw_outputs/18_beta_cell_60_dataset_30_reference/selected_references/cell_beta_0p13_p_0p00/dataset_053_seed_5309234/width_048/selected_ref_payloads/ref_000/theta.npy,02_dnn/03_reference_search/raw_outputs/18_beta_cell_90_dataset_30_reference/selected_references/cell_beta_0p13_p_0p00/dataset_053_seed_5309234/width_048/selected_refs.json
cell_beta_0p13_p_0p00,dataset_054_seed_5409234,48,0,122.50510359007579,0.000960700330945715,02_dnn/03_reference_search/raw_outputs/18_beta_cell_60_dataset_30_reference/selected_references/cell_beta_0p13_p_0p00/dataset_054_seed_5409234/width_048/selected_ref_payloads/ref_000/theta.npy,02_dnn/03_reference_search/raw_outputs/18_beta_cell_90_dataset_30_reference/selected_references/cell_beta_0p13_p_0p00/dataset_054_seed_5409234/width_048/selected_refs.json
cell_beta_0p13_p_0p00,dataset_055_seed_5509234,48,0,111.37767305723537,0.0013818872012426545,02_dnn/03_reference_search/raw_outputs/18_beta_cell_60_dataset_30_reference/selected_references/cell_beta_0p13_p_0p00/dataset_055_seed_5509234/width_048/selected_ref_payloads/ref_000/theta.npy,02_dnn/03_reference_search/raw_outputs/18_beta_cell_90_dataset_30_reference/selected_references/cell_beta_0p13_p_0p00/dataset_055_seed_5509234/width_048/selected_refs.json
cell_beta_0p13_p_0p00,dataset_056_seed_5609234,48,0,104.03380329773289,0.0050429440864329465,02_dnn/03_reference_search/raw_outputs/18_beta_cell_60_dataset_30_reference/selected_references/cell_beta_0p13_p_0p00/dataset_056_seed_5609234/width_048/selected_ref_payloads/ref_000/theta.npy,02_dnn/03_reference_search/raw_outputs/18_beta_cell_90_dataset_30_reference/selected_references/cell_beta_0p13_p_0p00/dataset_056_seed_5609234/width_048/selected_refs.json
cell_beta_0p13_p_0p00,dataset_057_seed_5709234,48,0,102.49568014222359,0.002938687850204157,02_dnn/03_reference_search/raw_outputs/18_beta_cell_60_dataset_30_reference/selected_references/cell_beta_0p13_p_0p00/dataset_057_seed_5709234/width_048/selected_ref_payloads/ref_000/theta.npy,02_dnn/03_reference_search/raw_outputs/18_beta_cell_90_dataset_30_reference/selected_references/cell_beta_0p13_p_0p00/dataset_057_seed_5709234/width_048/selected_refs.json
cell_beta_0p13_p_0p00,dataset_058_seed_5809234,48,0,106.47629564210837,0.0026113438885554748,02_dnn/03_reference_search/raw_outputs/18_beta_cell_60_dataset_30_reference/selected_references/cell_beta_0p13_p_0p00/dataset_058_seed_5809234/width_048/selected_ref_payloads/ref_000/theta.npy,02_dnn/03_reference_search/raw_outputs/18_beta_cell_90_dataset_30_reference/selected_references/cell_beta_0p13_p_0p00/dataset_058_seed_5809234/width_048/selected_refs.json
cell_beta_0p13_p_0p00,dataset_059_seed_5909234,48,0,113.1578308879134,0.0013938093783471867,02_dnn/03_reference_search/raw_outputs/18_beta_cell_60_dataset_30_reference/selected_references/cell_beta_0p13_p_0p00/dataset_059_seed_5909234/width_048/selected_ref_payloads/ref_000/theta.npy,02_dnn/03_reference_search/raw_outputs/18_beta_cell_90_dataset_30_reference/selected_references/cell_beta_0p13_p_0p00/dataset_059_seed_5909234/width_048/selected_refs.json
cell_beta_0p13_p_0p00,dataset_060_seed_6009234,48,0,112.69551323538154,0.0027313824742383522,02_dnn/03_reference_search/raw_outputs/18_beta_cell_90_dataset_30_reference/selected_references/cell_beta_0p13_p_0p00/dataset_060_seed_6009234/width_048/selected_ref_payloads/ref_000/theta.npy,02_dnn/03_reference_search/raw_outputs/18_beta_cell_90_dataset_30_reference/selected_references/cell_beta_0p13_p_0p00/dataset_060_seed_6009234/width_048/selected_refs.json
cell_beta_0p13_p_0p00,dataset_061_seed_6109234,48,0,118.81219736422908,0.0026207046117387,02_dnn/03_reference_search/raw_outputs/18_beta_cell_90_dataset_30_reference/selected_references/cell_beta_0p13_p_0p00/dataset_061_seed_6109234/width_048/selected_ref_payloads/ref_000/theta.npy,02_dnn/03_reference_search/raw_outputs/18_beta_cell_90_dataset_30_reference/selected_references/cell_beta_0p13_p_0p00/dataset_061_seed_6109234/width_048/selected_refs.json
cell_beta_0p13_p_0p00,dataset_062_seed_6209234,48,0,129.18166348334043,0.0031158497379467167,02_dnn/03_reference_search/raw_outputs/18_beta_cell_90_dataset_30_reference/selected_references/cell_beta_0p13_p_0p00/dataset_062_seed_6209234/width_048/selected_ref_payloads/ref_000/theta.npy,02_dnn/03_reference_search/raw_outputs/18_beta_cell_90_dataset_30_reference/selected_references/cell_beta_0p13_p_0p00/dataset_062_seed_6209234/width_048/selected_refs.json
cell_beta_0p13_p_0p00,dataset_063_seed_6309234,48,0,132.8398895785808,0.0016942460781843023,02_dnn/03_reference_search/raw_outputs/18_beta_cell_90_dataset_30_reference/selected_references/cell_beta_0p13_p_0p00/dataset_063_seed_6309234/width_048/selected_ref_payloads/ref_000/theta.npy,02_dnn/03_reference_search/raw_outputs/18_beta_cell_90_dataset_30_reference/selected_references/cell_beta_0p13_p_0p00/dataset_063_seed_6309234/width_048/selected_refs.json
cell_beta_0p13_p_0p00,dataset_064_seed_6409234,48,0,109.74400564461165,0.0016975794524340295,02_dnn/03_reference_search/raw_outputs/18_beta_cell_90_dataset_30_reference/selected_references/cell_beta_0p13_p_0p00/dataset_064_seed_6409234/width_048/selected_ref_payloads/ref_000/theta.npy,02_dnn/03_reference_search/raw_outputs/18_beta_cell_90_dataset_30_reference/selected_references/cell_beta_0p13_p_0p00/dataset_064_seed_6409234/width_048/selected_refs.json
cell_beta_0p13_p_0p00,dataset_065_seed_6509234,48,0,100.0214697117914,0.00156297890629549,02_dnn/03_reference_search/raw_outputs/18_beta_cell_90_dataset_30_reference/selected_references/cell_beta_0p13_p_0p00/dataset_065_seed_6509234/width_048/selected_ref_payloads/ref_000/theta.npy,02_dnn/03_reference_search/raw_outputs/18_beta_cell_90_dataset_30_reference/selected_references/cell_beta_0p13_p_0p00/dataset_065_seed_6509234/width_048/selected_refs.json
cell_beta_0p13_p_0p00,dataset_066_seed_6609234,48,0,114.35123351052061,0.00031209789886014794,02_dnn/03_reference_search/raw_outputs/18_beta_cell_90_dataset_30_reference/selected_references/cell_beta_0p13_p_0p00/dataset_066_seed_6609234/width_048/selected_ref_payloads/ref_000/theta.npy,02_dnn/03_reference_search/raw_outputs/18_beta_cell_90_dataset_30_reference/selected_references/cell_beta_0p13_p_0p00/dataset_066_seed_6609234/width_048/selected_refs.json
cell_beta_0p13_p_0p00,dataset_067_seed_6709234,48,0,120.57082641288292,0.0005151737353994582,02_dnn/03_reference_search/raw_outputs/18_beta_cell_90_dataset_30_reference/selected_references/cell_beta_0p13_p_0p00/dataset_067_seed_6709234/width_048/selected_ref_payloads/ref_000/theta.npy,02_dnn/03_reference_search/raw_outputs/18_beta_cell_90_dataset_30_reference/selected_references/cell_beta_0p13_p_0p00/dataset_067_seed_6709234/width_048/selected_refs.json
cell_beta_0p13_p_0p00,dataset_068_seed_6809234,48,0,111.10654967896352,0.0019985295439604576,02_dnn/03_reference_search/raw_outputs/18_beta_cell_90_dataset_30_reference/selected_references/cell_beta_0p13_p_0p00/dataset_068_seed_6809234/width_048/selected_ref_payloads/ref_000/theta.npy,02_dnn/03_reference_search/raw_outputs/18_beta_cell_90_dataset_30_reference/selected_references/cell_beta_0p13_p_0p00/dataset_068_seed_6809234/width_048/selected_refs.json
cell_beta_0p13_p_0p00,dataset_069_seed_6909234,48,0,113.62805910674125,0.00048483158818389224,02_dnn/03_reference_search/raw_outputs/18_beta_cell_90_dataset_30_reference/selected_references/cell_beta_0p13_p_0p00/dataset_069_seed_6909234/width_048/selected_ref_payloads/ref_000/theta.npy,02_dnn/03_reference_search/raw_outputs/18_beta_cell_90_dataset_30_reference/selected_references/cell_beta_0p13_p_0p00/dataset_069_seed_6909234/width_048/selected_refs.json
cell_beta_0p13_p_0p00,dataset_070_seed_7009234,48,0,125.15213076224643,0.0003590968565006221,02_dnn/03_reference_search/raw_outputs/18_beta_cell_90_dataset_30_reference/selected_references/cell_beta_0p13_p_0p00/dataset_070_seed_7009234/width_048/selected_ref_payloads/ref_000/theta.npy,02_dnn/03_reference_search/raw_outputs/18_beta_cell_90_dataset_30_reference/selected_references/cell_beta_0p13_p_0p00/dataset_070_seed_7009234/width_048/selected_refs.json
cell_beta_0p13_p_0p00,dataset_071_seed_7109234,48,0,118.64390463950505,0.002499575285640379,02_dnn/03_reference_search/raw_outputs/18_beta_cell_90_dataset_30_reference/selected_references/cell_beta_0p13_p_0p00/dataset_071_seed_7109234/width_048/selected_ref_payloads/ref_000/theta.npy,02_dnn/03_reference_search/raw_outputs/18_beta_cell_90_dataset_30_reference/selected_references/cell_beta_0p13_p_0p00/dataset_071_seed_7109234/width_048/selected_refs.json
cell_beta_0p13_p_0p00,dataset_072_seed_7209234,48,0,111.6430169919822,0.0004789500503496749,02_dnn/03_reference_search/raw_outputs/18_beta_cell_90_dataset_30_reference/selected_references/cell_beta_0p13_p_0p00/dataset_072_seed_7209234/width_048/selected_ref_payloads/ref_000/theta.npy,02_dnn/03_reference_search/raw_outputs/18_beta_cell_90_dataset_30_reference/selected_references/cell_beta_0p13_p_0p00/dataset_072_seed_7209234/width_048/selected_refs.json
cell_beta_0p13_p_0p00,dataset_073_seed_7309234,48,0,129.59538625623952,0.0008232386674165363,02_dnn/03_reference_search/raw_outputs/18_beta_cell_90_dataset_30_reference/selected_references/cell_beta_0p13_p_0p00/dataset_073_seed_7309234/width_048/selected_ref_payloads/ref_000/theta.npy,02_dnn/03_reference_search/raw_outputs/18_beta_cell_90_dataset_30_reference/selected_references/cell_beta_0p13_p_0p00/dataset_073_seed_7309234/width_048/selected_refs.json
cell_beta_0p13_p_0p00,dataset_074_seed_7409234,48,0,121.90355243276305,0.0009599859804485193,02_dnn/03_reference_search/raw_outputs/18_beta_cell_90_dataset_30_reference/selected_references/cell_beta_0p13_p_0p00/dataset_074_seed_7409234/width_048/selected_ref_payloads/ref_000/theta.npy,02_dnn/03_reference_search/raw_outputs/18_beta_cell_90_dataset_30_reference/selected_references/cell_beta_0p13_p_0p00/dataset_074_seed_7409234/width_048/selected_refs.json
cell_beta_0p13_p_0p00,dataset_075_seed_7509234,48,0,99.13656427779553,0.005255392324558948,02_dnn/03_reference_search/raw_outputs/18_beta_cell_90_dataset_30_reference/selected_references/cell_beta_0p13_p_0p00/dataset_075_seed_7509234/width_048/selected_ref_payloads/ref_000/theta.npy,02_dnn/03_reference_search/raw_outputs/18_beta_cell_90_dataset_30_reference/selected_references/cell_beta_0p13_p_0p00/dataset_075_seed_7509234/width_048/selected_refs.json
cell_beta_0p13_p_0p00,dataset_076_seed_7609234,48,0,125.99664641251805,0.0031076580679270903,02_dnn/03_reference_search/raw_outputs/18_beta_cell_90_dataset_30_reference/selected_references/cell_beta_0p13_p_0p00/dataset_076_seed_7609234/width_048/selected_ref_payloads/ref_000/theta.npy,02_dnn/03_reference_search/raw_outputs/18_beta_cell_90_dataset_30_reference/selected_references/cell_beta_0p13_p_0p00/dataset_076_seed_7609234/width_048/selected_refs.json
cell_beta_0p13_p_0p00,dataset_077_seed_7709234,48,0,121.18376410418786,0.00070615329374032,02_dnn/03_reference_search/raw_outputs/18_beta_cell_90_dataset_30_reference/selected_references/cell_beta_0p13_p_0p00/dataset_077_seed_7709234/width_048/selected_ref_payloads/ref_000/theta.npy,02_dnn/03_reference_search/raw_outputs/18_beta_cell_90_dataset_30_reference/selected_references/cell_beta_0p13_p_0p00/dataset_077_seed_7709234/width_048/selected_refs.json
cell_beta_0p13_p_0p00,dataset_078_seed_7809234,48,0,124.98195258960295,0.002183779802877301,02_dnn/03_reference_search/raw_outputs/18_beta_cell_90_dataset_30_reference/selected_references/cell_beta_0p13_p_0p00/dataset_078_seed_7809234/width_048/selected_ref_payloads/ref_000/theta.npy,02_dnn/03_reference_search/raw_outputs/18_beta_cell_90_dataset_30_reference/selected_references/cell_beta_0p13_p_0p00/dataset_078_seed_7809234/width_048/selected_refs.json
cell_beta_0p13_p_0p00,dataset_079_seed_7909234,48,0,117.01903705379306,0.001946606177283764,02_dnn/03_reference_search/raw_outputs/18_beta_cell_90_dataset_30_reference/selected_references/cell_beta_0p13_p_0p00/dataset_079_seed_7909234/width_048/selected_ref_payloads/ref_000/theta.npy,02_dnn/03_reference_search/raw_outputs/18_beta_cell_90_dataset_30_reference/selected_references/cell_beta_0p13_p_0p00/dataset_079_seed_7909234/width_048/selected_refs.json
cell_beta_0p13_p_0p00,dataset_080_seed_8009234,48,0,116.06329947176152,0.00035874097864414323,02_dnn/03_reference_search/raw_outputs/18_beta_cell_90_dataset_30_reference/selected_references/cell_beta_0p13_p_0p00/dataset_080_seed_8009234/width_048/selected_ref_payloads/ref_000/theta.npy,02_dnn/03_reference_search/raw_outputs/18_beta_cell_90_dataset_30_reference/selected_references/cell_beta_0p13_p_0p00/dataset_080_seed_8009234/width_048/selected_refs.json
cell_beta_0p13_p_0p00,dataset_081_seed_8109234,48,0,117.58038413695003,0.00276864296969388,02_dnn/03_reference_search/raw_outputs/18_beta_cell_90_dataset_30_reference/selected_references/cell_beta_0p13_p_0p00/dataset_081_seed_8109234/width_048/selected_ref_payloads/ref_000/theta.npy,02_dnn/03_reference_search/raw_outputs/18_beta_cell_90_dataset_30_reference/selected_references/cell_beta_0p13_p_0p00/dataset_081_seed_8109234/width_048/selected_refs.json
cell_beta_0p13_p_0p00,dataset_082_seed_8209234,48,0,122.92642492669353,0.0005272252235112183,02_dnn/03_reference_search/raw_outputs/18_beta_cell_90_dataset_30_reference/selected_references/cell_beta_0p13_p_0p00/dataset_082_seed_8209234/width_048/selected_ref_payloads/ref_000/theta.npy,02_dnn/03_reference_search/raw_outputs/18_beta_cell_90_dataset_30_reference/selected_references/cell_beta_0p13_p_0p00/dataset_082_seed_8209234/width_048/selected_refs.json
cell_beta_0p13_p_0p00,dataset_083_seed_8309234,48,0,112.01073751300325,0.0026822004070355017,02_dnn/03_reference_search/raw_outputs/18_beta_cell_90_dataset_30_reference/selected_references/cell_beta_0p13_p_0p00/dataset_083_seed_8309234/width_048/selected_ref_payloads/ref_000/theta.npy,02_dnn/03_reference_search/raw_outputs/18_beta_cell_90_dataset_30_reference/selected_references/cell_beta_0p13_p_0p00/dataset_083_seed_8309234/width_048/selected_refs.json
cell_beta_0p13_p_0p00,dataset_084_seed_8409234,48,0,112.7065090332049,0.0024241844622903508,02_dnn/03_reference_search/raw_outputs/18_beta_cell_90_dataset_30_reference/selected_references/cell_beta_0p13_p_0p00/dataset_084_seed_8409234/width_048/selected_ref_payloads/ref_000/theta.npy,02_dnn/03_reference_search/raw_outputs/18_beta_cell_90_dataset_30_reference/selected_references/cell_beta_0p13_p_0p00/dataset_084_seed_8409234/width_048/selected_refs.json
cell_beta_0p13_p_0p00,dataset_085_seed_8509234,48,0,106.8805973401468,0.0032454237951315963,02_dnn/03_reference_search/raw_outputs/18_beta_cell_90_dataset_30_reference/selected_references/cell_beta_0p13_p_0p00/dataset_085_seed_8509234/width_048/selected_ref_payloads/ref_000/theta.npy,02_dnn/03_reference_search/raw_outputs/18_beta_cell_90_dataset_30_reference/selected_references/cell_beta_0p13_p_0p00/dataset_085_seed_8509234/width_048/selected_refs.json
cell_beta_0p13_p_0p00,dataset_086_seed_8609234,48,0,119.47105236773531,0.0008026998390977306,02_dnn/03_reference_search/raw_outputs/18_beta_cell_90_dataset_30_reference/selected_references/cell_beta_0p13_p_0p00/dataset_086_seed_8609234/width_048/selected_ref_payloads/ref_000/theta.npy,02_dnn/03_reference_search/raw_outputs/18_beta_cell_90_dataset_30_reference/selected_references/cell_beta_0p13_p_0p00/dataset_086_seed_8609234/width_048/selected_refs.json
cell_beta_0p13_p_0p00,dataset_087_seed_8709234,48,0,123.09010777452447,0.0005278685028764205,02_dnn/03_reference_search/raw_outputs/18_beta_cell_90_dataset_30_reference/selected_references/cell_beta_0p13_p_0p00/dataset_087_seed_8709234/width_048/selected_ref_payloads/ref_000/theta.npy,02_dnn/03_reference_search/raw_outputs/18_beta_cell_90_dataset_30_reference/selected_references/cell_beta_0p13_p_0p00/dataset_087_seed_8709234/width_048/selected_refs.json
cell_beta_0p13_p_0p00,dataset_088_seed_8809234,48,0,111.3378976494031,0.010196773697635636,02_dnn/03_reference_search/raw_outputs/18_beta_cell_90_dataset_30_reference/selected_references/cell_beta_0p13_p_0p00/dataset_088_seed_8809234/width_048/selected_ref_payloads/ref_000/theta.npy,02_dnn/03_reference_search/raw_outputs/18_beta_cell_90_dataset_30_reference/selected_references/cell_beta_0p13_p_0p00/dataset_088_seed_8809234/width_048/selected_refs.json
cell_beta_0p13_p_0p00,dataset_089_seed_8909234,48,0,110.7243189126231,0.005657182254805776,02_dnn/03_reference_search/raw_outputs/18_beta_cell_90_dataset_30_reference/selected_references/cell_beta_0p13_p_0p00/dataset_089_seed_8909234/width_048/selected_ref_payloads/ref_000/theta.npy,02_dnn/03_reference_search/raw_outputs/18_beta_cell_90_dataset_30_reference/selected_references/cell_beta_0p13_p_0p00/dataset_089_seed_8909234/width_048/selected_refs.json
cell_beta_0p15_p_0p00,dataset_000_seed_011234,48,0,,,02_dnn/03_reference_search/raw_outputs/36_beta_cell_30_dataset_30_reference/selected_references/cell_beta_0p15_p_0p00/dataset_000_seed_011234/width_048/selected_ref_payloads/ref_000/theta.npy,02_dnn/03_reference_search/raw_outputs/18_beta_cell_90_dataset_30_reference/selected_references/cell_beta_0p15_p_0p00/dataset_000_seed_011234/width_048/selected_refs.json
cell_beta_0p15_p_0p00,dataset_001_seed_111234,48,0,,,02_dnn/03_reference_search/raw_outputs/36_beta_cell_30_dataset_30_reference/selected_references/cell_beta_0p15_p_0p00/dataset_001_seed_111234/width_048/selected_ref_payloads/ref_000/theta.npy,02_dnn/03_reference_search/raw_outputs/18_beta_cell_90_dataset_30_reference/selected_references/cell_beta_0p15_p_0p00/dataset_001_seed_111234/width_048/selected_refs.json
cell_beta_0p15_p_0p00,dataset_002_seed_211234,48,0,,,02_dnn/03_reference_search/raw_outputs/36_beta_cell_30_dataset_30_reference/selected_references/cell_beta_0p15_p_0p00/dataset_002_seed_211234/width_048/selected_ref_payloads/ref_000/theta.npy,02_dnn/03_reference_search/raw_outputs/18_beta_cell_90_dataset_30_reference/selected_references/cell_beta_0p15_p_0p00/dataset_002_seed_211234/width_048/selected_refs.json
cell_beta_0p15_p_0p00,dataset_003_seed_311234,48,0,,,02_dnn/03_reference_search/raw_outputs/36_beta_cell_30_dataset_30_reference/selected_references/cell_beta_0p15_p_0p00/dataset_003_seed_311234/width_048/selected_ref_payloads/ref_000/theta.npy,02_dnn/03_reference_search/raw_outputs/18_beta_cell_90_dataset_30_reference/selected_references/cell_beta_0p15_p_0p00/dataset_003_seed_311234/width_048/selected_refs.json
cell_beta_0p15_p_0p00,dataset_004_seed_411234,48,0,,,02_dnn/03_reference_search/raw_outputs/36_beta_cell_30_dataset_30_reference/selected_references/cell_beta_0p15_p_0p00/dataset_004_seed_411234/width_048/selected_ref_payloads/ref_000/theta.npy,02_dnn/03_reference_search/raw_outputs/18_beta_cell_90_dataset_30_reference/selected_references/cell_beta_0p15_p_0p00/dataset_004_seed_411234/width_048/selected_refs.json
cell_beta_0p15_p_0p00,dataset_005_seed_511234,48,0,,,02_dnn/03_reference_search/raw_outputs/36_beta_cell_30_dataset_30_reference/selected_references/cell_beta_0p15_p_0p00/dataset_005_seed_511234/width_048/selected_ref_payloads/ref_000/theta.npy,02_dnn/03_reference_search/raw_outputs/18_beta_cell_90_dataset_30_reference/selected_references/cell_beta_0p15_p_0p00/dataset_005_seed_511234/width_048/selected_refs.json
cell_beta_0p15_p_0p00,dataset_006_seed_611234,48,0,,,02_dnn/03_reference_search/raw_outputs/36_beta_cell_30_dataset_30_reference/selected_references/cell_beta_0p15_p_0p00/dataset_006_seed_611234/width_048/selected_ref_payloads/ref_000/theta.npy,02_dnn/03_reference_search/raw_outputs/18_beta_cell_90_dataset_30_reference/selected_references/cell_beta_0p15_p_0p00/dataset_006_seed_611234/width_048/selected_refs.json
cell_beta_0p15_p_0p00,dataset_007_seed_711234,48,0,,,02_dnn/03_reference_search/raw_outputs/36_beta_cell_30_dataset_30_reference/selected_references/cell_beta_0p15_p_0p00/dataset_007_seed_711234/width_048/selected_ref_payloads/ref_000/theta.npy,02_dnn/03_reference_search/raw_outputs/18_beta_cell_90_dataset_30_reference/selected_references/cell_beta_0p15_p_0p00/dataset_007_seed_711234/width_048/selected_refs.json
cell_beta_0p15_p_0p00,dataset_008_seed_811234,48,0,,,02_dnn/03_reference_search/raw_outputs/36_beta_cell_30_dataset_30_reference/selected_references/cell_beta_0p15_p_0p00/dataset_008_seed_811234/width_048/selected_ref_payloads/ref_000/theta.npy,02_dnn/03_reference_search/raw_outputs/18_beta_cell_90_dataset_30_reference/selected_references/cell_beta_0p15_p_0p00/dataset_008_seed_811234/width_048/selected_refs.json
cell_beta_0p15_p_0p00,dataset_009_seed_911234,48,0,,,02_dnn/03_reference_search/raw_outputs/36_beta_cell_30_dataset_30_reference/selected_references/cell_beta_0p15_p_0p00/dataset_009_seed_911234/width_048/selected_ref_payloads/ref_000/theta.npy,02_dnn/03_reference_search/raw_outputs/18_beta_cell_90_dataset_30_reference/selected_references/cell_beta_0p15_p_0p00/dataset_009_seed_911234/width_048/selected_refs.json
cell_beta_0p15_p_0p00,dataset_010_seed_1011234,48,0,,,02_dnn/03_reference_search/raw_outputs/36_beta_cell_30_dataset_30_reference/selected_references/cell_beta_0p15_p_0p00/dataset_010_seed_1011234/width_048/selected_ref_payloads/ref_000/theta.npy,02_dnn/03_reference_search/raw_outputs/18_beta_cell_90_dataset_30_reference/selected_references/cell_beta_0p15_p_0p00/dataset_010_seed_1011234/width_048/selected_refs.json
cell_beta_0p15_p_0p00,dataset_011_seed_1111234,48,0,,,02_dnn/03_reference_search/raw_outputs/36_beta_cell_30_dataset_30_reference/selected_references/cell_beta_0p15_p_0p00/dataset_011_seed_1111234/width_048/selected_ref_payloads/ref_000/theta.npy,02_dnn/03_reference_search/raw_outputs/18_beta_cell_90_dataset_30_reference/selected_references/cell_beta_0p15_p_0p00/dataset_011_seed_1111234/width_048/selected_refs.json
cell_beta_0p15_p_0p00,dataset_012_seed_1211234,48,0,,,02_dnn/03_reference_search/raw_outputs/36_beta_cell_30_dataset_30_reference/selected_references/cell_beta_0p15_p_0p00/dataset_012_seed_1211234/width_048/selected_ref_payloads/ref_000/theta.npy,02_dnn/03_reference_search/raw_outputs/18_beta_cell_90_dataset_30_reference/selected_references/cell_beta_0p15_p_0p00/dataset_012_seed_1211234/width_048/selected_refs.json
cell_beta_0p15_p_0p00,dataset_013_seed_1311234,48,0,,,02_dnn/03_reference_search/raw_outputs/36_beta_cell_30_dataset_30_reference/selected_references/cell_beta_0p15_p_0p00/dataset_013_seed_1311234/width_048/selected_ref_payloads/ref_000/theta.npy,02_dnn/03_reference_search/raw_outputs/18_beta_cell_90_dataset_30_reference/selected_references/cell_beta_0p15_p_0p00/dataset_013_seed_1311234/width_048/selected_refs.json
cell_beta_0p15_p_0p00,dataset_014_seed_1411234,48,0,,,02_dnn/03_reference_search/raw_outputs/36_beta_cell_30_dataset_30_reference/selected_references/cell_beta_0p15_p_0p00/dataset_014_seed_1411234/width_048/selected_ref_payloads/ref_000/theta.npy,02_dnn/03_reference_search/raw_outputs/18_beta_cell_90_dataset_30_reference/selected_references/cell_beta_0p15_p_0p00/dataset_014_seed_1411234/width_048/selected_refs.json
cell_beta_0p15_p_0p00,dataset_015_seed_1511234,48,0,,,02_dnn/03_reference_search/raw_outputs/36_beta_cell_30_dataset_30_reference/selected_references/cell_beta_0p15_p_0p00/dataset_015_seed_1511234/width_048/selected_ref_payloads/ref_000/theta.npy,02_dnn/03_reference_search/raw_outputs/18_beta_cell_90_dataset_30_reference/selected_references/cell_beta_0p15_p_0p00/dataset_015_seed_1511234/width_048/selected_refs.json
cell_beta_0p15_p_0p00,dataset_016_seed_1611234,48,0,,,02_dnn/03_reference_search/raw_outputs/36_beta_cell_30_dataset_30_reference/selected_references/cell_beta_0p15_p_0p00/dataset_016_seed_1611234/width_048/selected_ref_payloads/ref_000/theta.npy,02_dnn/03_reference_search/raw_outputs/18_beta_cell_90_dataset_30_reference/selected_references/cell_beta_0p15_p_0p00/dataset_016_seed_1611234/width_048/selected_refs.json
cell_beta_0p15_p_0p00,dataset_017_seed_1711234,48,0,,,02_dnn/03_reference_search/raw_outputs/36_beta_cell_30_dataset_30_reference/selected_references/cell_beta_0p15_p_0p00/dataset_017_seed_1711234/width_048/selected_ref_payloads/ref_000/theta.npy,02_dnn/03_reference_search/raw_outputs/18_beta_cell_90_dataset_30_reference/selected_references/cell_beta_0p15_p_0p00/dataset_017_seed_1711234/width_048/selected_refs.json
cell_beta_0p15_p_0p00,dataset_018_seed_1811234,48,0,,,02_dnn/03_reference_search/raw_outputs/36_beta_cell_30_dataset_30_reference/selected_references/cell_beta_0p15_p_0p00/dataset_018_seed_1811234/width_048/selected_ref_payloads/ref_000/theta.npy,02_dnn/03_reference_search/raw_outputs/18_beta_cell_90_dataset_30_reference/selected_references/cell_beta_0p15_p_0p00/dataset_018_seed_1811234/width_048/selected_refs.json
cell_beta_0p15_p_0p00,dataset_019_seed_1911234,48,0,,,02_dnn/03_reference_search/raw_outputs/36_beta_cell_30_dataset_30_reference/selected_references/cell_beta_0p15_p_0p00/dataset_019_seed_1911234/width_048/selected_ref_payloads/ref_000/theta.npy,02_dnn/03_reference_search/raw_outputs/18_beta_cell_90_dataset_30_reference/selected_references/cell_beta_0p15_p_0p00/dataset_019_seed_1911234/width_048/selected_refs.json
cell_beta_0p15_p_0p00,dataset_020_seed_2011234,48,0,,,02_dnn/03_reference_search/raw_outputs/36_beta_cell_30_dataset_30_reference/selected_references/cell_beta_0p15_p_0p00/dataset_020_seed_2011234/width_048/selected_ref_payloads/ref_000/theta.npy,02_dnn/03_reference_search/raw_outputs/18_beta_cell_90_dataset_30_reference/selected_references/cell_beta_0p15_p_0p00/dataset_020_seed_2011234/width_048/selected_refs.json
cell_beta_0p15_p_0p00,dataset_021_seed_2111234,48,0,,,02_dnn/03_reference_search/raw_outputs/36_beta_cell_30_dataset_30_reference/selected_references/cell_beta_0p15_p_0p00/dataset_021_seed_2111234/width_048/selected_ref_payloads/ref_000/theta.npy,02_dnn/03_reference_search/raw_outputs/18_beta_cell_90_dataset_30_reference/selected_references/cell_beta_0p15_p_0p00/dataset_021_seed_2111234/width_048/selected_refs.json
cell_beta_0p15_p_0p00,dataset_022_seed_2211234,48,0,,,02_dnn/03_reference_search/raw_outputs/36_beta_cell_30_dataset_30_reference/selected_references/cell_beta_0p15_p_0p00/dataset_022_seed_2211234/width_048/selected_ref_payloads/ref_000/theta.npy,02_dnn/03_reference_search/raw_outputs/18_beta_cell_90_dataset_30_reference/selected_references/cell_beta_0p15_p_0p00/dataset_022_seed_2211234/width_048/selected_refs.json
cell_beta_0p15_p_0p00,dataset_023_seed_2311234,48,0,,,02_dnn/03_reference_search/raw_outputs/36_beta_cell_30_dataset_30_reference/selected_references/cell_beta_0p15_p_0p00/dataset_023_seed_2311234/width_048/selected_ref_payloads/ref_000/theta.npy,02_dnn/03_reference_search/raw_outputs/18_beta_cell_90_dataset_30_reference/selected_references/cell_beta_0p15_p_0p00/dataset_023_seed_2311234/width_048/selected_refs.json
cell_beta_0p15_p_0p00,dataset_024_seed_2411234,48,0,,,02_dnn/03_reference_search/raw_outputs/36_beta_cell_30_dataset_30_reference/selected_references/cell_beta_0p15_p_0p00/dataset_024_seed_2411234/width_048/selected_ref_payloads/ref_000/theta.npy,02_dnn/03_reference_search/raw_outputs/18_beta_cell_90_dataset_30_reference/selected_references/cell_beta_0p15_p_0p00/dataset_024_seed_2411234/width_048/selected_refs.json
cell_beta_0p15_p_0p00,dataset_025_seed_2511234,48,0,,,02_dnn/03_reference_search/raw_outputs/36_beta_cell_30_dataset_30_reference/selected_references/cell_beta_0p15_p_0p00/dataset_025_seed_2511234/width_048/selected_ref_payloads/ref_000/theta.npy,02_dnn/03_reference_search/raw_outputs/18_beta_cell_90_dataset_30_reference/selected_references/cell_beta_0p15_p_0p00/dataset_025_seed_2511234/width_048/selected_refs.json
cell_beta_0p15_p_0p00,dataset_026_seed_2611234,48,0,,,02_dnn/03_reference_search/raw_outputs/36_beta_cell_30_dataset_30_reference/selected_references/cell_beta_0p15_p_0p00/dataset_026_seed_2611234/width_048/selected_ref_payloads/ref_000/theta.npy,02_dnn/03_reference_search/raw_outputs/18_beta_cell_90_dataset_30_reference/selected_references/cell_beta_0p15_p_0p00/dataset_026_seed_2611234/width_048/selected_refs.json
cell_beta_0p15_p_0p00,dataset_027_seed_2711234,48,0,,,02_dnn/03_reference_search/raw_outputs/36_beta_cell_30_dataset_30_reference/selected_references/cell_beta_0p15_p_0p00/dataset_027_seed_2711234/width_048/selected_ref_payloads/ref_000/theta.npy,02_dnn/03_reference_search/raw_outputs/18_beta_cell_90_dataset_30_reference/selected_references/cell_beta_0p15_p_0p00/dataset_027_seed_2711234/width_048/selected_refs.json
cell_beta_0p15_p_0p00,dataset_028_seed_2811234,48,0,,,02_dnn/03_reference_search/raw_outputs/36_beta_cell_30_dataset_30_reference/selected_references/cell_beta_0p15_p_0p00/dataset_028_seed_2811234/width_048/selected_ref_payloads/ref_000/theta.npy,02_dnn/03_reference_search/raw_outputs/18_beta_cell_90_dataset_30_reference/selected_references/cell_beta_0p15_p_0p00/dataset_028_seed_2811234/width_048/selected_refs.json
cell_beta_0p15_p_0p00,dataset_029_seed_2911234,48,0,,,02_dnn/03_reference_search/raw_outputs/36_beta_cell_30_dataset_30_reference/selected_references/cell_beta_0p15_p_0p00/dataset_029_seed_2911234/width_048/selected_ref_payloads/ref_000/theta.npy,02_dnn/03_reference_search/raw_outputs/18_beta_cell_90_dataset_30_reference/selected_references/cell_beta_0p15_p_0p00/dataset_029_seed_2911234/width_048/selected_refs.json
cell_beta_0p15_p_0p00,dataset_030_seed_3011234,48,0,124.02364894750632,0.0004943305283212859,02_dnn/03_reference_search/raw_outputs/18_beta_cell_60_dataset_30_reference/selected_references/cell_beta_0p15_p_0p00/dataset_030_seed_3011234/width_048/selected_ref_payloads/ref_000/theta.npy,02_dnn/03_reference_search/raw_outputs/18_beta_cell_90_dataset_30_reference/selected_references/cell_beta_0p15_p_0p00/dataset_030_seed_3011234/width_048/selected_refs.json
cell_beta_0p15_p_0p00,dataset_031_seed_3111234,48,0,110.43896628500009,0.001557919518765572,02_dnn/03_reference_search/raw_outputs/18_beta_cell_60_dataset_30_reference/selected_references/cell_beta_0p15_p_0p00/dataset_031_seed_3111234/width_048/selected_ref_payloads/ref_000/theta.npy,02_dnn/03_reference_search/raw_outputs/18_beta_cell_90_dataset_30_reference/selected_references/cell_beta_0p15_p_0p00/dataset_031_seed_3111234/width_048/selected_refs.json
cell_beta_0p15_p_0p00,dataset_032_seed_3211234,48,0,106.02824552634077,0.001296205828855533,02_dnn/03_reference_search/raw_outputs/18_beta_cell_60_dataset_30_reference/selected_references/cell_beta_0p15_p_0p00/dataset_032_seed_3211234/width_048/selected_ref_payloads/ref_000/theta.npy,02_dnn/03_reference_search/raw_outputs/18_beta_cell_90_dataset_30_reference/selected_references/cell_beta_0p15_p_0p00/dataset_032_seed_3211234/width_048/selected_refs.json
cell_beta_0p15_p_0p00,dataset_033_seed_3311234,48,0,122.15745673943924,0.0011641454027950878,02_dnn/03_reference_search/raw_outputs/18_beta_cell_60_dataset_30_reference/selected_references/cell_beta_0p15_p_0p00/dataset_033_seed_3311234/width_048/selected_ref_payloads/ref_000/theta.npy,02_dnn/03_reference_search/raw_outputs/18_beta_cell_90_dataset_30_reference/selected_references/cell_beta_0p15_p_0p00/dataset_033_seed_3311234/width_048/selected_refs.json
cell_beta_0p15_p_0p00,dataset_034_seed_3411234,48,0,118.052128775116,0.0005190180304597723,02_dnn/03_reference_search/raw_outputs/18_beta_cell_60_dataset_30_reference/selected_references/cell_beta_0p15_p_0p00/dataset_034_seed_3411234/width_048/selected_ref_payloads/ref_000/theta.npy,02_dnn/03_reference_search/raw_outputs/18_beta_cell_90_dataset_30_reference/selected_references/cell_beta_0p15_p_0p00/dataset_034_seed_3411234/width_048/selected_refs.json
cell_beta_0p15_p_0p00,dataset_035_seed_3511234,48,0,107.69946118992218,0.0007066951414274494,02_dnn/03_reference_search/raw_outputs/18_beta_cell_60_dataset_30_reference/selected_references/cell_beta_0p15_p_0p00/dataset_035_seed_3511234/width_048/selected_ref_payloads/ref_000/theta.npy,02_dnn/03_reference_search/raw_outputs/18_beta_cell_90_dataset_30_reference/selected_references/cell_beta_0p15_p_0p00/dataset_035_seed_3511234/width_048/selected_refs.json
cell_beta_0p15_p_0p00,dataset_036_seed_3611234,48,0,108.59287980354134,0.001106901942474521,02_dnn/03_reference_search/raw_outputs/18_beta_cell_60_dataset_30_reference/selected_references/cell_beta_0p15_p_0p00/dataset_036_seed_3611234/width_048/selected_ref_payloads/ref_000/theta.npy,02_dnn/03_reference_search/raw_outputs/18_beta_cell_90_dataset_30_reference/selected_references/cell_beta_0p15_p_0p00/dataset_036_seed_3611234/width_048/selected_refs.json
cell_beta_0p15_p_0p00,dataset_037_seed_3711234,48,0,121.72706996445973,0.002073936400009746,02_dnn/03_reference_search/raw_outputs/18_beta_cell_60_dataset_30_reference/selected_references/cell_beta_0p15_p_0p00/dataset_037_seed_3711234/width_048/selected_ref_payloads/ref_000/theta.npy,02_dnn/03_reference_search/raw_outputs/18_beta_cell_90_dataset_30_reference/selected_references/cell_beta_0p15_p_0p00/dataset_037_seed_3711234/width_048/selected_refs.json
cell_beta_0p15_p_0p00,dataset_038_seed_3811234,48,0,114.94560610207928,0.00029040989825347945,02_dnn/03_reference_search/raw_outputs/18_beta_cell_60_dataset_30_reference/selected_references/cell_beta_0p15_p_0p00/dataset_038_seed_3811234/width_048/selected_ref_payloads/ref_000/theta.npy,02_dnn/03_reference_search/raw_outputs/18_beta_cell_90_dataset_30_reference/selected_references/cell_beta_0p15_p_0p00/dataset_038_seed_3811234/width_048/selected_refs.json
cell_beta_0p15_p_0p00,dataset_039_seed_3911234,48,0,106.7284558825282,0.001137517112683275,02_dnn/03_reference_search/raw_outputs/18_beta_cell_60_dataset_30_reference/selected_references/cell_beta_0p15_p_0p00/dataset_039_seed_3911234/width_048/selected_ref_payloads/ref_000/theta.npy,02_dnn/03_reference_search/raw_outputs/18_beta_cell_90_dataset_30_reference/selected_references/cell_beta_0p15_p_0p00/dataset_039_seed_3911234/width_048/selected_refs.json
cell_beta_0p15_p_0p00,dataset_040_seed_4011234,48,0,111.26490593839459,0.0002821525586307347,02_dnn/03_reference_search/raw_outputs/18_beta_cell_60_dataset_30_reference/selected_references/cell_beta_0p15_p_0p00/dataset_040_seed_4011234/width_048/selected_ref_payloads/ref_000/theta.npy,02_dnn/03_reference_search/raw_outputs/18_beta_cell_90_dataset_30_reference/selected_references/cell_beta_0p15_p_0p00/dataset_040_seed_4011234/width_048/selected_refs.json
cell_beta_0p15_p_0p00,dataset_041_seed_4111234,48,0,107.17684643169585,0.0006068634278440384,02_dnn/03_reference_search/raw_outputs/18_beta_cell_60_dataset_30_reference/selected_references/cell_beta_0p15_p_0p00/dataset_041_seed_4111234/width_048/selected_ref_payloads/ref_000/theta.npy,02_dnn/03_reference_search/raw_outputs/18_beta_cell_90_dataset_30_reference/selected_references/cell_beta_0p15_p_0p00/dataset_041_seed_4111234/width_048/selected_refs.json
cell_beta_0p15_p_0p00,dataset_042_seed_4211234,48,0,113.90916959075916,0.0005638041211094685,02_dnn/03_reference_search/raw_outputs/18_beta_cell_60_dataset_30_reference/selected_references/cell_beta_0p15_p_0p00/dataset_042_seed_4211234/width_048/selected_ref_payloads/ref_000/theta.npy,02_dnn/03_reference_search/raw_outputs/18_beta_cell_90_dataset_30_reference/selected_references/cell_beta_0p15_p_0p00/dataset_042_seed_4211234/width_048/selected_refs.json
cell_beta_0p15_p_0p00,dataset_043_seed_4311234,48,0,121.85454244159438,0.0010187825518854338,02_dnn/03_reference_search/raw_outputs/18_beta_cell_60_dataset_30_reference/selected_references/cell_beta_0p15_p_0p00/dataset_043_seed_4311234/width_048/selected_ref_payloads/ref_000/theta.npy,02_dnn/03_reference_search/raw_outputs/18_beta_cell_90_dataset_30_reference/selected_references/cell_beta_0p15_p_0p00/dataset_043_seed_4311234/width_048/selected_refs.json
cell_beta_0p15_p_0p00,dataset_044_seed_4411234,48,0,100.00011396049362,0.002669442309193137,02_dnn/03_reference_search/raw_outputs/18_beta_cell_60_dataset_30_reference/selected_references/cell_beta_0p15_p_0p00/dataset_044_seed_4411234/width_048/selected_ref_payloads/ref_000/theta.npy,02_dnn/03_reference_search/raw_outputs/18_beta_cell_90_dataset_30_reference/selected_references/cell_beta_0p15_p_0p00/dataset_044_seed_4411234/width_048/selected_refs.json
cell_beta_0p15_p_0p00,dataset_045_seed_4511234,48,0,108.00627605876083,0.0034110114352371708,02_dnn/03_reference_search/raw_outputs/18_beta_cell_60_dataset_30_reference/selected_references/cell_beta_0p15_p_0p00/dataset_045_seed_4511234/width_048/selected_ref_payloads/ref_000/theta.npy,02_dnn/03_reference_search/raw_outputs/18_beta_cell_90_dataset_30_reference/selected_references/cell_beta_0p15_p_0p00/dataset_045_seed_4511234/width_048/selected_refs.json
cell_beta_0p15_p_0p00,dataset_046_seed_4611234,48,0,122.32928520156834,0.00035414921849178933,02_dnn/03_reference_search/raw_outputs/18_beta_cell_60_dataset_30_reference/selected_references/cell_beta_0p15_p_0p00/dataset_046_seed_4611234/width_048/selected_ref_payloads/ref_000/theta.npy,02_dnn/03_reference_search/raw_outputs/18_beta_cell_90_dataset_30_reference/selected_references/cell_beta_0p15_p_0p00/dataset_046_seed_4611234/width_048/selected_refs.json
cell_beta_0p15_p_0p00,dataset_047_seed_4711234,48,0,108.38044670741729,0.0017055580849991356,02_dnn/03_reference_search/raw_outputs/18_beta_cell_60_dataset_30_reference/selected_references/cell_beta_0p15_p_0p00/dataset_047_seed_4711234/width_048/selected_ref_payloads/ref_000/theta.npy,02_dnn/03_reference_search/raw_outputs/18_beta_cell_90_dataset_30_reference/selected_references/cell_beta_0p15_p_0p00/dataset_047_seed_4711234/width_048/selected_refs.json
cell_beta_0p15_p_0p00,dataset_048_seed_4811234,48,0,116.50085063409063,0.0031569871985663404,02_dnn/03_reference_search/raw_outputs/18_beta_cell_60_dataset_30_reference/selected_references/cell_beta_0p15_p_0p00/dataset_048_seed_4811234/width_048/selected_ref_payloads/ref_000/theta.npy,02_dnn/03_reference_search/raw_outputs/18_beta_cell_90_dataset_30_reference/selected_references/cell_beta_0p15_p_0p00/dataset_048_seed_4811234/width_048/selected_refs.json
cell_beta_0p15_p_0p00,dataset_049_seed_4911234,48,0,120.62396568528514,0.0020431937230762725,02_dnn/03_reference_search/raw_outputs/18_beta_cell_60_dataset_30_reference/selected_references/cell_beta_0p15_p_0p00/dataset_049_seed_4911234/width_048/selected_ref_payloads/ref_000/theta.npy,02_dnn/03_reference_search/raw_outputs/18_beta_cell_90_dataset_30_reference/selected_references/cell_beta_0p15_p_0p00/dataset_049_seed_4911234/width_048/selected_refs.json
cell_beta_0p15_p_0p00,dataset_050_seed_5011234,48,0,119.35136867245993,0.0030571440966095363,02_dnn/03_reference_search/raw_outputs/18_beta_cell_60_dataset_30_reference/selected_references/cell_beta_0p15_p_0p00/dataset_050_seed_5011234/width_048/selected_ref_payloads/ref_000/theta.npy,02_dnn/03_reference_search/raw_outputs/18_beta_cell_90_dataset_30_reference/selected_references/cell_beta_0p15_p_0p00/dataset_050_seed_5011234/width_048/selected_refs.json
cell_beta_0p15_p_0p00,dataset_051_seed_5111234,48,0,118.4386931020356,0.0003893904082553921,02_dnn/03_reference_search/raw_outputs/18_beta_cell_60_dataset_30_reference/selected_references/cell_beta_0p15_p_0p00/dataset_051_seed_5111234/width_048/selected_ref_payloads/ref_000/theta.npy,02_dnn/03_reference_search/raw_outputs/18_beta_cell_90_dataset_30_reference/selected_references/cell_beta_0p15_p_0p00/dataset_051_seed_5111234/width_048/selected_refs.json
cell_beta_0p15_p_0p00,dataset_052_seed_5211234,48,0,124.45582232652879,0.00038617579810912685,02_dnn/03_reference_search/raw_outputs/18_beta_cell_60_dataset_30_reference/selected_references/cell_beta_0p15_p_0p00/dataset_052_seed_5211234/width_048/selected_ref_payloads/ref_000/theta.npy,02_dnn/03_reference_search/raw_outputs/18_beta_cell_90_dataset_30_reference/selected_references/cell_beta_0p15_p_0p00/dataset_052_seed_5211234/width_048/selected_refs.json
cell_beta_0p15_p_0p00,dataset_053_seed_5311234,48,0,101.63745059038939,0.003538778453594232,02_dnn/03_reference_search/raw_outputs/18_beta_cell_60_dataset_30_reference/selected_references/cell_beta_0p15_p_0p00/dataset_053_seed_5311234/width_048/selected_ref_payloads/ref_000/theta.npy,02_dnn/03_reference_search/raw_outputs/18_beta_cell_90_dataset_30_reference/selected_references/cell_beta_0p15_p_0p00/dataset_053_seed_5311234/width_048/selected_refs.json
cell_beta_0p15_p_0p00,dataset_054_seed_5411234,48,0,106.49483049495709,0.0026388817281335075,02_dnn/03_reference_search/raw_outputs/18_beta_cell_60_dataset_30_reference/selected_references/cell_beta_0p15_p_0p00/dataset_054_seed_5411234/width_048/selected_ref_payloads/ref_000/theta.npy,02_dnn/03_reference_search/raw_outputs/18_beta_cell_90_dataset_30_reference/selected_references/cell_beta_0p15_p_0p00/dataset_054_seed_5411234/width_048/selected_refs.json
cell_beta_0p15_p_0p00,dataset_055_seed_5511234,48,0,125.00808895035475,0.0015299074006262692,02_dnn/03_reference_search/raw_outputs/18_beta_cell_60_dataset_30_reference/selected_references/cell_beta_0p15_p_0p00/dataset_055_seed_5511234/width_048/selected_ref_payloads/ref_000/theta.npy,02_dnn/03_reference_search/raw_outputs/18_beta_cell_90_dataset_30_reference/selected_references/cell_beta_0p15_p_0p00/dataset_055_seed_5511234/width_048/selected_refs.json
cell_beta_0p15_p_0p00,dataset_056_seed_5611234,48,0,117.04662610496207,0.0009083530193235009,02_dnn/03_reference_search/raw_outputs/18_beta_cell_60_dataset_30_reference/selected_references/cell_beta_0p15_p_0p00/dataset_056_seed_5611234/width_048/selected_ref_payloads/ref_000/theta.npy,02_dnn/03_reference_search/raw_outputs/18_beta_cell_90_dataset_30_reference/selected_references/cell_beta_0p15_p_0p00/dataset_056_seed_5611234/width_048/selected_refs.json
cell_beta_0p15_p_0p00,dataset_057_seed_5711234,48,0,104.94764554864608,0.005039382155376311,02_dnn/03_reference_search/raw_outputs/18_beta_cell_60_dataset_30_reference/selected_references/cell_beta_0p15_p_0p00/dataset_057_seed_5711234/width_048/selected_ref_payloads/ref_000/theta.npy,02_dnn/03_reference_search/raw_outputs/18_beta_cell_90_dataset_30_reference/selected_references/cell_beta_0p15_p_0p00/dataset_057_seed_5711234/width_048/selected_refs.json
cell_beta_0p15_p_0p00,dataset_058_seed_5811234,48,0,123.872523985562,0.0007364290451843188,02_dnn/03_reference_search/raw_outputs/18_beta_cell_60_dataset_30_reference/selected_references/cell_beta_0p15_p_0p00/dataset_058_seed_5811234/width_048/selected_ref_payloads/ref_000/theta.npy,02_dnn/03_reference_search/raw_outputs/18_beta_cell_90_dataset_30_reference/selected_references/cell_beta_0p15_p_0p00/dataset_058_seed_5811234/width_048/selected_refs.json
cell_beta_0p15_p_0p00,dataset_059_seed_5911234,48,0,124.87237177112242,0.0003429960013445408,02_dnn/03_reference_search/raw_outputs/18_beta_cell_60_dataset_30_reference/selected_references/cell_beta_0p15_p_0p00/dataset_059_seed_5911234/width_048/selected_ref_payloads/ref_000/theta.npy,02_dnn/03_reference_search/raw_outputs/18_beta_cell_90_dataset_30_reference/selected_references/cell_beta_0p15_p_0p00/dataset_059_seed_5911234/width_048/selected_refs.json
cell_beta_0p15_p_0p00,dataset_060_seed_6011234,48,0,122.2979616134956,0.0020354092720684604,02_dnn/03_reference_search/raw_outputs/18_beta_cell_90_dataset_30_reference/selected_references/cell_beta_0p15_p_0p00/dataset_060_seed_6011234/width_048/selected_ref_payloads/ref_000/theta.npy,02_dnn/03_reference_search/raw_outputs/18_beta_cell_90_dataset_30_reference/selected_references/cell_beta_0p15_p_0p00/dataset_060_seed_6011234/width_048/selected_refs.json
cell_beta_0p15_p_0p00,dataset_061_seed_6111234,48,0,111.04223549422488,0.003190514747536724,02_dnn/03_reference_search/raw_outputs/18_beta_cell_90_dataset_30_reference/selected_references/cell_beta_0p15_p_0p00/dataset_061_seed_6111234/width_048/selected_ref_payloads/ref_000/theta.npy,02_dnn/03_reference_search/raw_outputs/18_beta_cell_90_dataset_30_reference/selected_references/cell_beta_0p15_p_0p00/dataset_061_seed_6111234/width_048/selected_refs.json
cell_beta_0p15_p_0p00,dataset_062_seed_6211234,48,0,104.60536732359265,0.0005343218292765191,02_dnn/03_reference_search/raw_outputs/18_beta_cell_90_dataset_30_reference/selected_references/cell_beta_0p15_p_0p00/dataset_062_seed_6211234/width_048/selected_ref_payloads/ref_000/theta.npy,02_dnn/03_reference_search/raw_outputs/18_beta_cell_90_dataset_30_reference/selected_references/cell_beta_0p15_p_0p00/dataset_062_seed_6211234/width_048/selected_refs.json
cell_beta_0p15_p_0p00,dataset_063_seed_6311234,48,0,117.29222012738546,0.000467148517270203,02_dnn/03_reference_search/raw_outputs/18_beta_cell_90_dataset_30_reference/selected_references/cell_beta_0p15_p_0p00/dataset_063_seed_6311234/width_048/selected_ref_payloads/ref_000/theta.npy,02_dnn/03_reference_search/raw_outputs/18_beta_cell_90_dataset_30_reference/selected_references/cell_beta_0p15_p_0p00/dataset_063_seed_6311234/width_048/selected_refs.json
cell_beta_0p15_p_0p00,dataset_064_seed_6411234,48,0,119.12696883423511,0.0011020982559161161,02_dnn/03_reference_search/raw_outputs/18_beta_cell_90_dataset_30_reference/selected_references/cell_beta_0p15_p_0p00/dataset_064_seed_6411234/width_048/selected_ref_payloads/ref_000/theta.npy,02_dnn/03_reference_search/raw_outputs/18_beta_cell_90_dataset_30_reference/selected_references/cell_beta_0p15_p_0p00/dataset_064_seed_6411234/width_048/selected_refs.json
cell_beta_0p15_p_0p00,dataset_065_seed_6511234,48,0,107.05227633168909,0.0008926784221274559,02_dnn/03_reference_search/raw_outputs/18_beta_cell_90_dataset_30_reference/selected_references/cell_beta_0p15_p_0p00/dataset_065_seed_6511234/width_048/selected_ref_payloads/ref_000/theta.npy,02_dnn/03_reference_search/raw_outputs/18_beta_cell_90_dataset_30_reference/selected_references/cell_beta_0p15_p_0p00/dataset_065_seed_6511234/width_048/selected_refs.json
cell_beta_0p15_p_0p00,dataset_066_seed_6611234,48,0,113.47447129912136,0.0003981187922778849,02_dnn/03_reference_search/raw_outputs/18_beta_cell_90_dataset_30_reference/selected_references/cell_beta_0p15_p_0p00/dataset_066_seed_6611234/width_048/selected_ref_payloads/ref_000/theta.npy,02_dnn/03_reference_search/raw_outputs/18_beta_cell_90_dataset_30_reference/selected_references/cell_beta_0p15_p_0p00/dataset_066_seed_6611234/width_048/selected_refs.json
cell_beta_0p15_p_0p00,dataset_067_seed_6711234,48,0,106.2300951583545,0.0012161132956448808,02_dnn/03_reference_search/raw_outputs/18_beta_cell_90_dataset_30_reference/selected_references/cell_beta_0p15_p_0p00/dataset_067_seed_6711234/width_048/selected_ref_payloads/ref_000/theta.npy,02_dnn/03_reference_search/raw_outputs/18_beta_cell_90_dataset_30_reference/selected_references/cell_beta_0p15_p_0p00/dataset_067_seed_6711234/width_048/selected_refs.json
cell_beta_0p15_p_0p00,dataset_068_seed_6811234,48,0,107.21029547421644,0.00029006846619243236,02_dnn/03_reference_search/raw_outputs/18_beta_cell_90_dataset_30_reference/selected_references/cell_beta_0p15_p_0p00/dataset_068_seed_6811234/width_048/selected_ref_payloads/ref_000/theta.npy,02_dnn/03_reference_search/raw_outputs/18_beta_cell_90_dataset_30_reference/selected_references/cell_beta_0p15_p_0p00/dataset_068_seed_6811234/width_048/selected_refs.json
cell_beta_0p15_p_0p00,dataset_069_seed_6911234,48,0,110.87030004838587,0.00044439879676186713,02_dnn/03_reference_search/raw_outputs/18_beta_cell_90_dataset_30_reference/selected_references/cell_beta_0p15_p_0p00/dataset_069_seed_6911234/width_048/selected_ref_payloads/ref_000/theta.npy,02_dnn/03_reference_search/raw_outputs/18_beta_cell_90_dataset_30_reference/selected_references/cell_beta_0p15_p_0p00/dataset_069_seed_6911234/width_048/selected_refs.json
cell_beta_0p15_p_0p00,dataset_070_seed_7011234,48,0,111.39809858763303,0.0005467117377079524,02_dnn/03_reference_search/raw_outputs/18_beta_cell_90_dataset_30_reference/selected_references/cell_beta_0p15_p_0p00/dataset_070_seed_7011234/width_048/selected_ref_payloads/ref_000/theta.npy,02_dnn/03_reference_search/raw_outputs/18_beta_cell_90_dataset_30_reference/selected_references/cell_beta_0p15_p_0p00/dataset_070_seed_7011234/width_048/selected_refs.json
cell_beta_0p15_p_0p00,dataset_071_seed_7111234,48,0,111.20394431752187,0.002248682569244562,02_dnn/03_reference_search/raw_outputs/18_beta_cell_90_dataset_30_reference/selected_references/cell_beta_0p15_p_0p00/dataset_071_seed_7111234/width_048/selected_ref_payloads/ref_000/theta.npy,02_dnn/03_reference_search/raw_outputs/18_beta_cell_90_dataset_30_reference/selected_references/cell_beta_0p15_p_0p00/dataset_071_seed_7111234/width_048/selected_refs.json
cell_beta_0p15_p_0p00,dataset_072_seed_7211234,48,0,116.5472445978441,0.00035096916623616233,02_dnn/03_reference_search/raw_outputs/18_beta_cell_90_dataset_30_reference/selected_references/cell_beta_0p15_p_0p00/dataset_072_seed_7211234/width_048/selected_ref_payloads/ref_000/theta.npy,02_dnn/03_reference_search/raw_outputs/18_beta_cell_90_dataset_30_reference/selected_references/cell_beta_0p15_p_0p00/dataset_072_seed_7211234/width_048/selected_refs.json
cell_beta_0p15_p_0p00,dataset_073_seed_7311234,48,0,128.09822561742985,0.0015497545479549993,02_dnn/03_reference_search/raw_outputs/18_beta_cell_90_dataset_30_reference/selected_references/cell_beta_0p15_p_0p00/dataset_073_seed_7311234/width_048/selected_ref_payloads/ref_000/theta.npy,02_dnn/03_reference_search/raw_outputs/18_beta_cell_90_dataset_30_reference/selected_references/cell_beta_0p15_p_0p00/dataset_073_seed_7311234/width_048/selected_refs.json
cell_beta_0p15_p_0p00,dataset_074_seed_7411234,48,0,105.56053757573498,0.003095019746383947,02_dnn/03_reference_search/raw_outputs/18_beta_cell_90_dataset_30_reference/selected_references/cell_beta_0p15_p_0p00/dataset_074_seed_7411234/width_048/selected_ref_payloads/ref_000/theta.npy,02_dnn/03_reference_search/raw_outputs/18_beta_cell_90_dataset_30_reference/selected_references/cell_beta_0p15_p_0p00/dataset_074_seed_7411234/width_048/selected_refs.json
cell_beta_0p15_p_0p00,dataset_075_seed_7511234,48,0,124.08868526235484,0.002834430320586998,02_dnn/03_reference_search/raw_outputs/18_beta_cell_90_dataset_30_reference/selected_references/cell_beta_0p15_p_0p00/dataset_075_seed_7511234/width_048/selected_ref_payloads/ref_000/theta.npy,02_dnn/03_reference_search/raw_outputs/18_beta_cell_90_dataset_30_reference/selected_references/cell_beta_0p15_p_0p00/dataset_075_seed_7511234/width_048/selected_refs.json
cell_beta_0p15_p_0p00,dataset_076_seed_7611234,48,0,104.02200396989173,0.003001588158267462,02_dnn/03_reference_search/raw_outputs/18_beta_cell_90_dataset_30_reference/selected_references/cell_beta_0p15_p_0p00/dataset_076_seed_7611234/width_048/selected_ref_payloads/ref_000/theta.npy,02_dnn/03_reference_search/raw_outputs/18_beta_cell_90_dataset_30_reference/selected_references/cell_beta_0p15_p_0p00/dataset_076_seed_7611234/width_048/selected_refs.json
cell_beta_0p15_p_0p00,dataset_077_seed_7711234,48,0,117.03911045236063,0.0025984200763467364,02_dnn/03_reference_search/raw_outputs/18_beta_cell_90_dataset_30_reference/selected_references/cell_beta_0p15_p_0p00/dataset_077_seed_7711234/width_048/selected_ref_payloads/ref_000/theta.npy,02_dnn/03_reference_search/raw_outputs/18_beta_cell_90_dataset_30_reference/selected_references/cell_beta_0p15_p_0p00/dataset_077_seed_7711234/width_048/selected_refs.json
cell_beta_0p15_p_0p00,dataset_078_seed_7811234,48,0,111.86197389701493,0.00042148232748721886,02_dnn/03_reference_search/raw_outputs/18_beta_cell_90_dataset_30_reference/selected_references/cell_beta_0p15_p_0p00/dataset_078_seed_7811234/width_048/selected_ref_payloads/ref_000/theta.npy,02_dnn/03_reference_search/raw_outputs/18_beta_cell_90_dataset_30_reference/selected_references/cell_beta_0p15_p_0p00/dataset_078_seed_7811234/width_048/selected_refs.json
cell_beta_0p15_p_0p00,dataset_079_seed_7911234,48,0,114.20756278020704,0.0009103916396773475,02_dnn/03_reference_search/raw_outputs/18_beta_cell_90_dataset_30_reference/selected_references/cell_beta_0p15_p_0p00/dataset_079_seed_7911234/width_048/selected_ref_payloads/ref_000/theta.npy,02_dnn/03_reference_search/raw_outputs/18_beta_cell_90_dataset_30_reference/selected_references/cell_beta_0p15_p_0p00/dataset_079_seed_7911234/width_048/selected_refs.json
cell_beta_0p15_p_0p00,dataset_080_seed_8011234,48,0,116.1319353482481,0.0005222349421510895,02_dnn/03_reference_search/raw_outputs/18_beta_cell_90_dataset_30_reference/selected_references/cell_beta_0p15_p_0p00/dataset_080_seed_8011234/width_048/selected_ref_payloads/ref_000/theta.npy,02_dnn/03_reference_search/raw_outputs/18_beta_cell_90_dataset_30_reference/selected_references/cell_beta_0p15_p_0p00/dataset_080_seed_8011234/width_048/selected_refs.json
cell_beta_0p15_p_0p00,dataset_081_seed_8111234,48,0,112.10618214452867,0.0005552520913657273,02_dnn/03_reference_search/raw_outputs/18_beta_cell_90_dataset_30_reference/selected_references/cell_beta_0p15_p_0p00/dataset_081_seed_8111234/width_048/selected_ref_payloads/ref_000/theta.npy,02_dnn/03_reference_search/raw_outputs/18_beta_cell_90_dataset_30_reference/selected_references/cell_beta_0p15_p_0p00/dataset_081_seed_8111234/width_048/selected_refs.json
cell_beta_0p15_p_0p00,dataset_082_seed_8211234,48,0,94.05469663781383,0.0029783368733777875,02_dnn/03_reference_search/raw_outputs/18_beta_cell_90_dataset_30_reference/selected_references/cell_beta_0p15_p_0p00/dataset_082_seed_8211234/width_048/selected_ref_payloads/ref_000/theta.npy,02_dnn/03_reference_search/raw_outputs/18_beta_cell_90_dataset_30_reference/selected_references/cell_beta_0p15_p_0p00/dataset_082_seed_8211234/width_048/selected_refs.json
cell_beta_0p15_p_0p00,dataset_083_seed_8311234,48,0,119.47326336410326,0.002780420185324197,02_dnn/03_reference_search/raw_outputs/18_beta_cell_90_dataset_30_reference/selected_references/cell_beta_0p15_p_0p00/dataset_083_seed_8311234/width_048/selected_ref_payloads/ref_000/theta.npy,02_dnn/03_reference_search/raw_outputs/18_beta_cell_90_dataset_30_reference/selected_references/cell_beta_0p15_p_0p00/dataset_083_seed_8311234/width_048/selected_refs.json
cell_beta_0p15_p_0p00,dataset_084_seed_8411234,48,0,108.3075253238185,0.0008497419393121792,02_dnn/03_reference_search/raw_outputs/18_beta_cell_90_dataset_30_reference/selected_references/cell_beta_0p15_p_0p00/dataset_084_seed_8411234/width_048/selected_ref_payloads/ref_000/theta.npy,02_dnn/03_reference_search/raw_outputs/18_beta_cell_90_dataset_30_reference/selected_references/cell_beta_0p15_p_0p00/dataset_084_seed_8411234/width_048/selected_refs.json
cell_beta_0p15_p_0p00,dataset_085_seed_8511234,48,0,119.86027111512384,0.000601958643330074,02_dnn/03_reference_search/raw_outputs/18_beta_cell_90_dataset_30_reference/selected_references/cell_beta_0p15_p_0p00/dataset_085_seed_8511234/width_048/selected_ref_payloads/ref_000/theta.npy,02_dnn/03_reference_search/raw_outputs/18_beta_cell_90_dataset_30_reference/selected_references/cell_beta_0p15_p_0p00/dataset_085_seed_8511234/width_048/selected_refs.json
cell_beta_0p15_p_0p00,dataset_086_seed_8611234,48,0,91.35986583466406,0.004779793722136672,02_dnn/03_reference_search/raw_outputs/18_beta_cell_90_dataset_30_reference/selected_references/cell_beta_0p15_p_0p00/dataset_086_seed_8611234/width_048/selected_ref_payloads/ref_000/theta.npy,02_dnn/03_reference_search/raw_outputs/18_beta_cell_90_dataset_30_reference/selected_references/cell_beta_0p15_p_0p00/dataset_086_seed_8611234/width_048/selected_refs.json
cell_beta_0p15_p_0p00,dataset_087_seed_8711234,48,0,106.30454895273812,0.0004315523852227926,02_dnn/03_reference_search/raw_outputs/18_beta_cell_90_dataset_30_reference/selected_references/cell_beta_0p15_p_0p00/dataset_087_seed_8711234/width_048/selected_ref_payloads/ref_000/theta.npy,02_dnn/03_reference_search/raw_outputs/18_beta_cell_90_dataset_30_reference/selected_references/cell_beta_0p15_p_0p00/dataset_087_seed_8711234/width_048/selected_refs.json
cell_beta_0p15_p_0p00,dataset_088_seed_8811234,48,0,117.60423258178128,0.002627771725473601,02_dnn/03_reference_search/raw_outputs/18_beta_cell_90_dataset_30_reference/selected_references/cell_beta_0p15_p_0p00/dataset_088_seed_8811234/width_048/selected_ref_payloads/ref_000/theta.npy,02_dnn/03_reference_search/raw_outputs/18_beta_cell_90_dataset_30_reference/selected_references/cell_beta_0p15_p_0p00/dataset_088_seed_8811234/width_048/selected_refs.json
cell_beta_0p15_p_0p00,dataset_089_seed_8911234,48,0,108.4324585179002,0.0006489846646872737,02_dnn/03_reference_search/raw_outputs/18_beta_cell_90_dataset_30_reference/selected_references/cell_beta_0p15_p_0p00/dataset_089_seed_8911234/width_048/selected_ref_payloads/ref_000/theta.npy,02_dnn/03_reference_search/raw_outputs/18_beta_cell_90_dataset_30_reference/selected_references/cell_beta_0p15_p_0p00/dataset_089_seed_8911234/width_048/selected_refs.json
cell_beta_0p17_p_0p00,dataset_000_seed_013234,48,0,,,02_dnn/03_reference_search/raw_outputs/36_beta_cell_30_dataset_30_reference/selected_references/cell_beta_0p17_p_0p00/dataset_000_seed_013234/width_048/selected_ref_payloads/ref_000/theta.npy,02_dnn/03_reference_search/raw_outputs/18_beta_cell_90_dataset_30_reference/selected_references/cell_beta_0p17_p_0p00/dataset_000_seed_013234/width_048/selected_refs.json
cell_beta_0p17_p_0p00,dataset_001_seed_113234,48,0,,,02_dnn/03_reference_search/raw_outputs/36_beta_cell_30_dataset_30_reference/selected_references/cell_beta_0p17_p_0p00/dataset_001_seed_113234/width_048/selected_ref_payloads/ref_000/theta.npy,02_dnn/03_reference_search/raw_outputs/18_beta_cell_90_dataset_30_reference/selected_references/cell_beta_0p17_p_0p00/dataset_001_seed_113234/width_048/selected_refs.json
cell_beta_0p17_p_0p00,dataset_002_seed_213234,48,0,,,02_dnn/03_reference_search/raw_outputs/36_beta_cell_30_dataset_30_reference/selected_references/cell_beta_0p17_p_0p00/dataset_002_seed_213234/width_048/selected_ref_payloads/ref_000/theta.npy,02_dnn/03_reference_search/raw_outputs/18_beta_cell_90_dataset_30_reference/selected_references/cell_beta_0p17_p_0p00/dataset_002_seed_213234/width_048/selected_refs.json
cell_beta_0p17_p_0p00,dataset_003_seed_313234,48,0,,,02_dnn/03_reference_search/raw_outputs/36_beta_cell_30_dataset_30_reference/selected_references/cell_beta_0p17_p_0p00/dataset_003_seed_313234/width_048/selected_ref_payloads/ref_000/theta.npy,02_dnn/03_reference_search/raw_outputs/18_beta_cell_90_dataset_30_reference/selected_references/cell_beta_0p17_p_0p00/dataset_003_seed_313234/width_048/selected_refs.json
cell_beta_0p17_p_0p00,dataset_004_seed_413234,48,0,,,02_dnn/03_reference_search/raw_outputs/36_beta_cell_30_dataset_30_reference/selected_references/cell_beta_0p17_p_0p00/dataset_004_seed_413234/width_048/selected_ref_payloads/ref_000/theta.npy,02_dnn/03_reference_search/raw_outputs/18_beta_cell_90_dataset_30_reference/selected_references/cell_beta_0p17_p_0p00/dataset_004_seed_413234/width_048/selected_refs.json
cell_beta_0p17_p_0p00,dataset_005_seed_513234,48,0,,,02_dnn/03_reference_search/raw_outputs/36_beta_cell_30_dataset_30_reference/selected_references/cell_beta_0p17_p_0p00/dataset_005_seed_513234/width_048/selected_ref_payloads/ref_000/theta.npy,02_dnn/03_reference_search/raw_outputs/18_beta_cell_90_dataset_30_reference/selected_references/cell_beta_0p17_p_0p00/dataset_005_seed_513234/width_048/selected_refs.json
cell_beta_0p17_p_0p00,dataset_006_seed_613234,48,0,,,02_dnn/03_reference_search/raw_outputs/36_beta_cell_30_dataset_30_reference/selected_references/cell_beta_0p17_p_0p00/dataset_006_seed_613234/width_048/selected_ref_payloads/ref_000/theta.npy,02_dnn/03_reference_search/raw_outputs/18_beta_cell_90_dataset_30_reference/selected_references/cell_beta_0p17_p_0p00/dataset_006_seed_613234/width_048/selected_refs.json
cell_beta_0p17_p_0p00,dataset_007_seed_713234,48,0,,,02_dnn/03_reference_search/raw_outputs/36_beta_cell_30_dataset_30_reference/selected_references/cell_beta_0p17_p_0p00/dataset_007_seed_713234/width_048/selected_ref_payloads/ref_000/theta.npy,02_dnn/03_reference_search/raw_outputs/18_beta_cell_90_dataset_30_reference/selected_references/cell_beta_0p17_p_0p00/dataset_007_seed_713234/width_048/selected_refs.json
cell_beta_0p17_p_0p00,dataset_008_seed_813234,48,0,,,02_dnn/03_reference_search/raw_outputs/36_beta_cell_30_dataset_30_reference/selected_references/cell_beta_0p17_p_0p00/dataset_008_seed_813234/width_048/selected_ref_payloads/ref_000/theta.npy,02_dnn/03_reference_search/raw_outputs/18_beta_cell_90_dataset_30_reference/selected_references/cell_beta_0p17_p_0p00/dataset_008_seed_813234/width_048/selected_refs.json
cell_beta_0p17_p_0p00,dataset_009_seed_913234,48,0,,,02_dnn/03_reference_search/raw_outputs/36_beta_cell_30_dataset_30_reference/selected_references/cell_beta_0p17_p_0p00/dataset_009_seed_913234/width_048/selected_ref_payloads/ref_000/theta.npy,02_dnn/03_reference_search/raw_outputs/18_beta_cell_90_dataset_30_reference/selected_references/cell_beta_0p17_p_0p00/dataset_009_seed_913234/width_048/selected_refs.json
cell_beta_0p17_p_0p00,dataset_010_seed_1013234,48,0,,,02_dnn/03_reference_search/raw_outputs/36_beta_cell_30_dataset_30_reference/selected_references/cell_beta_0p17_p_0p00/dataset_010_seed_1013234/width_048/selected_ref_payloads/ref_000/theta.npy,02_dnn/03_reference_search/raw_outputs/18_beta_cell_90_dataset_30_reference/selected_references/cell_beta_0p17_p_0p00/dataset_010_seed_1013234/width_048/selected_refs.json
cell_beta_0p17_p_0p00,dataset_011_seed_1113234,48,0,,,02_dnn/03_reference_search/raw_outputs/36_beta_cell_30_dataset_30_reference/selected_references/cell_beta_0p17_p_0p00/dataset_011_seed_1113234/width_048/selected_ref_payloads/ref_000/theta.npy,02_dnn/03_reference_search/raw_outputs/18_beta_cell_90_dataset_30_reference/selected_references/cell_beta_0p17_p_0p00/dataset_011_seed_1113234/width_048/selected_refs.json
cell_beta_0p17_p_0p00,dataset_012_seed_1213234,48,0,,,02_dnn/03_reference_search/raw_outputs/36_beta_cell_30_dataset_30_reference/selected_references/cell_beta_0p17_p_0p00/dataset_012_seed_1213234/width_048/selected_ref_payloads/ref_000/theta.npy,02_dnn/03_reference_search/raw_outputs/18_beta_cell_90_dataset_30_reference/selected_references/cell_beta_0p17_p_0p00/dataset_012_seed_1213234/width_048/selected_refs.json
cell_beta_0p17_p_0p00,dataset_013_seed_1313234,48,0,,,02_dnn/03_reference_search/raw_outputs/36_beta_cell_30_dataset_30_reference/selected_references/cell_beta_0p17_p_0p00/dataset_013_seed_1313234/width_048/selected_ref_payloads/ref_000/theta.npy,02_dnn/03_reference_search/raw_outputs/18_beta_cell_90_dataset_30_reference/selected_references/cell_beta_0p17_p_0p00/dataset_013_seed_1313234/width_048/selected_refs.json
cell_beta_0p17_p_0p00,dataset_014_seed_1413234,48,0,,,02_dnn/03_reference_search/raw_outputs/36_beta_cell_30_dataset_30_reference/selected_references/cell_beta_0p17_p_0p00/dataset_014_seed_1413234/width_048/selected_ref_payloads/ref_000/theta.npy,02_dnn/03_reference_search/raw_outputs/18_beta_cell_90_dataset_30_reference/selected_references/cell_beta_0p17_p_0p00/dataset_014_seed_1413234/width_048/selected_refs.json
cell_beta_0p17_p_0p00,dataset_015_seed_1513234,48,0,,,02_dnn/03_reference_search/raw_outputs/36_beta_cell_30_dataset_30_reference/selected_references/cell_beta_0p17_p_0p00/dataset_015_seed_1513234/width_048/selected_ref_payloads/ref_000/theta.npy,02_dnn/03_reference_search/raw_outputs/18_beta_cell_90_dataset_30_reference/selected_references/cell_beta_0p17_p_0p00/dataset_015_seed_1513234/width_048/selected_refs.json
cell_beta_0p17_p_0p00,dataset_016_seed_1613234,48,0,,,02_dnn/03_reference_search/raw_outputs/36_beta_cell_30_dataset_30_reference/selected_references/cell_beta_0p17_p_0p00/dataset_016_seed_1613234/width_048/selected_ref_payloads/ref_000/theta.npy,02_dnn/03_reference_search/raw_outputs/18_beta_cell_90_dataset_30_reference/selected_references/cell_beta_0p17_p_0p00/dataset_016_seed_1613234/width_048/selected_refs.json
cell_beta_0p17_p_0p00,dataset_017_seed_1713234,48,0,,,02_dnn/03_reference_search/raw_outputs/36_beta_cell_30_dataset_30_reference/selected_references/cell_beta_0p17_p_0p00/dataset_017_seed_1713234/width_048/selected_ref_payloads/ref_000/theta.npy,02_dnn/03_reference_search/raw_outputs/18_beta_cell_90_dataset_30_reference/selected_references/cell_beta_0p17_p_0p00/dataset_017_seed_1713234/width_048/selected_refs.json
cell_beta_0p17_p_0p00,dataset_018_seed_1813234,48,0,,,02_dnn/03_reference_search/raw_outputs/36_beta_cell_30_dataset_30_reference/selected_references/cell_beta_0p17_p_0p00/dataset_018_seed_1813234/width_048/selected_ref_payloads/ref_000/theta.npy,02_dnn/03_reference_search/raw_outputs/18_beta_cell_90_dataset_30_reference/selected_references/cell_beta_0p17_p_0p00/dataset_018_seed_1813234/width_048/selected_refs.json
cell_beta_0p17_p_0p00,dataset_019_seed_1913234,48,0,,,02_dnn/03_reference_search/raw_outputs/36_beta_cell_30_dataset_30_reference/selected_references/cell_beta_0p17_p_0p00/dataset_019_seed_1913234/width_048/selected_ref_payloads/ref_000/theta.npy,02_dnn/03_reference_search/raw_outputs/18_beta_cell_90_dataset_30_reference/selected_references/cell_beta_0p17_p_0p00/dataset_019_seed_1913234/width_048/selected_refs.json
cell_beta_0p17_p_0p00,dataset_020_seed_2013234,48,0,,,02_dnn/03_reference_search/raw_outputs/36_beta_cell_30_dataset_30_reference/selected_references/cell_beta_0p17_p_0p00/dataset_020_seed_2013234/width_048/selected_ref_payloads/ref_000/theta.npy,02_dnn/03_reference_search/raw_outputs/18_beta_cell_90_dataset_30_reference/selected_references/cell_beta_0p17_p_0p00/dataset_020_seed_2013234/width_048/selected_refs.json
cell_beta_0p17_p_0p00,dataset_021_seed_2113234,48,0,,,02_dnn/03_reference_search/raw_outputs/36_beta_cell_30_dataset_30_reference/selected_references/cell_beta_0p17_p_0p00/dataset_021_seed_2113234/width_048/selected_ref_payloads/ref_000/theta.npy,02_dnn/03_reference_search/raw_outputs/18_beta_cell_90_dataset_30_reference/selected_references/cell_beta_0p17_p_0p00/dataset_021_seed_2113234/width_048/selected_refs.json
cell_beta_0p17_p_0p00,dataset_022_seed_2213234,48,0,,,02_dnn/03_reference_search/raw_outputs/36_beta_cell_30_dataset_30_reference/selected_references/cell_beta_0p17_p_0p00/dataset_022_seed_2213234/width_048/selected_ref_payloads/ref_000/theta.npy,02_dnn/03_reference_search/raw_outputs/18_beta_cell_90_dataset_30_reference/selected_references/cell_beta_0p17_p_0p00/dataset_022_seed_2213234/width_048/selected_refs.json
cell_beta_0p17_p_0p00,dataset_023_seed_2313234,48,0,,,02_dnn/03_reference_search/raw_outputs/36_beta_cell_30_dataset_30_reference/selected_references/cell_beta_0p17_p_0p00/dataset_023_seed_2313234/width_048/selected_ref_payloads/ref_000/theta.npy,02_dnn/03_reference_search/raw_outputs/18_beta_cell_90_dataset_30_reference/selected_references/cell_beta_0p17_p_0p00/dataset_023_seed_2313234/width_048/selected_refs.json
cell_beta_0p17_p_0p00,dataset_024_seed_2413234,48,0,,,02_dnn/03_reference_search/raw_outputs/36_beta_cell_30_dataset_30_reference/selected_references/cell_beta_0p17_p_0p00/dataset_024_seed_2413234/width_048/selected_ref_payloads/ref_000/theta.npy,02_dnn/03_reference_search/raw_outputs/18_beta_cell_90_dataset_30_reference/selected_references/cell_beta_0p17_p_0p00/dataset_024_seed_2413234/width_048/selected_refs.json
cell_beta_0p17_p_0p00,dataset_025_seed_2513234,48,0,,,02_dnn/03_reference_search/raw_outputs/36_beta_cell_30_dataset_30_reference/selected_references/cell_beta_0p17_p_0p00/dataset_025_seed_2513234/width_048/selected_ref_payloads/ref_000/theta.npy,02_dnn/03_reference_search/raw_outputs/18_beta_cell_90_dataset_30_reference/selected_references/cell_beta_0p17_p_0p00/dataset_025_seed_2513234/width_048/selected_refs.json
cell_beta_0p17_p_0p00,dataset_026_seed_2613234,48,0,,,02_dnn/03_reference_search/raw_outputs/36_beta_cell_30_dataset_30_reference/selected_references/cell_beta_0p17_p_0p00/dataset_026_seed_2613234/width_048/selected_ref_payloads/ref_000/theta.npy,02_dnn/03_reference_search/raw_outputs/18_beta_cell_90_dataset_30_reference/selected_references/cell_beta_0p17_p_0p00/dataset_026_seed_2613234/width_048/selected_refs.json
cell_beta_0p17_p_0p00,dataset_027_seed_2713234,48,0,,,02_dnn/03_reference_search/raw_outputs/36_beta_cell_30_dataset_30_reference/selected_references/cell_beta_0p17_p_0p00/dataset_027_seed_2713234/width_048/selected_ref_payloads/ref_000/theta.npy,02_dnn/03_reference_search/raw_outputs/18_beta_cell_90_dataset_30_reference/selected_references/cell_beta_0p17_p_0p00/dataset_027_seed_2713234/width_048/selected_refs.json
cell_beta_0p17_p_0p00,dataset_028_seed_2813234,48,0,,,02_dnn/03_reference_search/raw_outputs/36_beta_cell_30_dataset_30_reference/selected_references/cell_beta_0p17_p_0p00/dataset_028_seed_2813234/width_048/selected_ref_payloads/ref_000/theta.npy,02_dnn/03_reference_search/raw_outputs/18_beta_cell_90_dataset_30_reference/selected_references/cell_beta_0p17_p_0p00/dataset_028_seed_2813234/width_048/selected_refs.json
cell_beta_0p17_p_0p00,dataset_029_seed_2913234,48,0,,,02_dnn/03_reference_search/raw_outputs/36_beta_cell_30_dataset_30_reference/selected_references/cell_beta_0p17_p_0p00/dataset_029_seed_2913234/width_048/selected_ref_payloads/ref_000/theta.npy,02_dnn/03_reference_search/raw_outputs/18_beta_cell_90_dataset_30_reference/selected_references/cell_beta_0p17_p_0p00/dataset_029_seed_2913234/width_048/selected_refs.json
cell_beta_0p17_p_0p00,dataset_030_seed_3013234,48,0,110.00090770066586,0.0006748436451486054,02_dnn/03_reference_search/raw_outputs/18_beta_cell_60_dataset_30_reference/selected_references/cell_beta_0p17_p_0p00/dataset_030_seed_3013234/width_048/selected_ref_payloads/ref_000/theta.npy,02_dnn/03_reference_search/raw_outputs/18_beta_cell_90_dataset_30_reference/selected_references/cell_beta_0p17_p_0p00/dataset_030_seed_3013234/width_048/selected_refs.json
cell_beta_0p17_p_0p00,dataset_031_seed_3113234,48,0,103.41203803024644,0.0003256793847964384,02_dnn/03_reference_search/raw_outputs/18_beta_cell_60_dataset_30_reference/selected_references/cell_beta_0p17_p_0p00/dataset_031_seed_3113234/width_048/selected_ref_payloads/ref_000/theta.npy,02_dnn/03_reference_search/raw_outputs/18_beta_cell_90_dataset_30_reference/selected_references/cell_beta_0p17_p_0p00/dataset_031_seed_3113234/width_048/selected_refs.json
cell_beta_0p17_p_0p00,dataset_032_seed_3213234,48,0,96.19707860619971,0.003454508816648022,02_dnn/03_reference_search/raw_outputs/18_beta_cell_60_dataset_30_reference/selected_references/cell_beta_0p17_p_0p00/dataset_032_seed_3213234/width_048/selected_ref_payloads/ref_000/theta.npy,02_dnn/03_reference_search/raw_outputs/18_beta_cell_90_dataset_30_reference/selected_references/cell_beta_0p17_p_0p00/dataset_032_seed_3213234/width_048/selected_refs.json
cell_beta_0p17_p_0p00,dataset_033_seed_3313234,48,0,114.33998408812144,0.000563805767816343,02_dnn/03_reference_search/raw_outputs/18_beta_cell_60_dataset_30_reference/selected_references/cell_beta_0p17_p_0p00/dataset_033_seed_3313234/width_048/selected_ref_payloads/ref_000/theta.npy,02_dnn/03_reference_search/raw_outputs/18_beta_cell_90_dataset_30_reference/selected_references/cell_beta_0p17_p_0p00/dataset_033_seed_3313234/width_048/selected_refs.json
cell_beta_0p17_p_0p00,dataset_034_seed_3413234,48,0,101.57623407599831,0.0002494074636747868,02_dnn/03_reference_search/raw_outputs/18_beta_cell_60_dataset_30_reference/selected_references/cell_beta_0p17_p_0p00/dataset_034_seed_3413234/width_048/selected_ref_payloads/ref_000/theta.npy,02_dnn/03_reference_search/raw_outputs/18_beta_cell_90_dataset_30_reference/selected_references/cell_beta_0p17_p_0p00/dataset_034_seed_3413234/width_048/selected_refs.json
cell_beta_0p17_p_0p00,dataset_035_seed_3513234,48,0,117.49820531921306,0.0005273427508849639,02_dnn/03_reference_search/raw_outputs/18_beta_cell_60_dataset_30_reference/selected_references/cell_beta_0p17_p_0p00/dataset_035_seed_3513234/width_048/selected_ref_payloads/ref_000/theta.npy,02_dnn/03_reference_search/raw_outputs/18_beta_cell_90_dataset_30_reference/selected_references/cell_beta_0p17_p_0p00/dataset_035_seed_3513234/width_048/selected_refs.json
cell_beta_0p17_p_0p00,dataset_036_seed_3613234,48,0,108.7409508748239,0.000471836738728962,02_dnn/03_reference_search/raw_outputs/18_beta_cell_60_dataset_30_reference/selected_references/cell_beta_0p17_p_0p00/dataset_036_seed_3613234/width_048/selected_ref_payloads/ref_000/theta.npy,02_dnn/03_reference_search/raw_outputs/18_beta_cell_90_dataset_30_reference/selected_references/cell_beta_0p17_p_0p00/dataset_036_seed_3613234/width_048/selected_refs.json
cell_beta_0p17_p_0p00,dataset_037_seed_3713234,48,0,105.3263147166622,0.0033189035155049345,02_dnn/03_reference_search/raw_outputs/18_beta_cell_60_dataset_30_reference/selected_references/cell_beta_0p17_p_0p00/dataset_037_seed_3713234/width_048/selected_ref_payloads/ref_000/theta.npy,02_dnn/03_reference_search/raw_outputs/18_beta_cell_90_dataset_30_reference/selected_references/cell_beta_0p17_p_0p00/dataset_037_seed_3713234/width_048/selected_refs.json
cell_beta_0p17_p_0p00,dataset_038_seed_3813234,48,0,114.78594623073346,0.0003318641803211772,02_dnn/03_reference_search/raw_outputs/18_beta_cell_60_dataset_30_reference/selected_references/cell_beta_0p17_p_0p00/dataset_038_seed_3813234/width_048/selected_ref_payloads/ref_000/theta.npy,02_dnn/03_reference_search/raw_outputs/18_beta_cell_90_dataset_30_reference/selected_references/cell_beta_0p17_p_0p00/dataset_038_seed_3813234/width_048/selected_refs.json
cell_beta_0p17_p_0p00,dataset_039_seed_3913234,48,0,101.91645446869279,0.005738443748588208,02_dnn/03_reference_search/raw_outputs/18_beta_cell_60_dataset_30_reference/selected_references/cell_beta_0p17_p_0p00/dataset_039_seed_3913234/width_048/selected_ref_payloads/ref_000/theta.npy,02_dnn/03_reference_search/raw_outputs/18_beta_cell_90_dataset_30_reference/selected_references/cell_beta_0p17_p_0p00/dataset_039_seed_3913234/width_048/selected_refs.json
cell_beta_0p17_p_0p00,dataset_040_seed_4013234,48,0,106.9380533339497,0.0003493342729084548,02_dnn/03_reference_search/raw_outputs/18_beta_cell_60_dataset_30_reference/selected_references/cell_beta_0p17_p_0p00/dataset_040_seed_4013234/width_048/selected_ref_payloads/ref_000/theta.npy,02_dnn/03_reference_search/raw_outputs/18_beta_cell_90_dataset_30_reference/selected_references/cell_beta_0p17_p_0p00/dataset_040_seed_4013234/width_048/selected_refs.json
cell_beta_0p17_p_0p00,dataset_041_seed_4113234,48,0,126.09646602567871,0.0008299216126212275,02_dnn/03_reference_search/raw_outputs/18_beta_cell_60_dataset_30_reference/selected_references/cell_beta_0p17_p_0p00/dataset_041_seed_4113234/width_048/selected_ref_payloads/ref_000/theta.npy,02_dnn/03_reference_search/raw_outputs/18_beta_cell_90_dataset_30_reference/selected_references/cell_beta_0p17_p_0p00/dataset_041_seed_4113234/width_048/selected_refs.json
cell_beta_0p17_p_0p00,dataset_042_seed_4213234,48,0,104.50143564711463,0.0005783056062729838,02_dnn/03_reference_search/raw_outputs/18_beta_cell_60_dataset_30_reference/selected_references/cell_beta_0p17_p_0p00/dataset_042_seed_4213234/width_048/selected_ref_payloads/ref_000/theta.npy,02_dnn/03_reference_search/raw_outputs/18_beta_cell_90_dataset_30_reference/selected_references/cell_beta_0p17_p_0p00/dataset_042_seed_4213234/width_048/selected_refs.json
cell_beta_0p17_p_0p00,dataset_043_seed_4313234,48,0,96.78843306644357,0.0018164641785606258,02_dnn/03_reference_search/raw_outputs/18_beta_cell_60_dataset_30_reference/selected_references/cell_beta_0p17_p_0p00/dataset_043_seed_4313234/width_048/selected_ref_payloads/ref_000/theta.npy,02_dnn/03_reference_search/raw_outputs/18_beta_cell_90_dataset_30_reference/selected_references/cell_beta_0p17_p_0p00/dataset_043_seed_4313234/width_048/selected_refs.json
cell_beta_0p17_p_0p00,dataset_044_seed_4413234,48,0,112.88912988675928,0.0011243852277655559,02_dnn/03_reference_search/raw_outputs/18_beta_cell_60_dataset_30_reference/selected_references/cell_beta_0p17_p_0p00/dataset_044_seed_4413234/width_048/selected_ref_payloads/ref_000/theta.npy,02_dnn/03_reference_search/raw_outputs/18_beta_cell_90_dataset_30_reference/selected_references/cell_beta_0p17_p_0p00/dataset_044_seed_4413234/width_048/selected_refs.json
cell_beta_0p17_p_0p00,dataset_045_seed_4513234,48,0,105.77446861853146,0.0015032899787967493,02_dnn/03_reference_search/raw_outputs/18_beta_cell_60_dataset_30_reference/selected_references/cell_beta_0p17_p_0p00/dataset_045_seed_4513234/width_048/selected_ref_payloads/ref_000/theta.npy,02_dnn/03_reference_search/raw_outputs/18_beta_cell_90_dataset_30_reference/selected_references/cell_beta_0p17_p_0p00/dataset_045_seed_4513234/width_048/selected_refs.json
cell_beta_0p17_p_0p00,dataset_046_seed_4613234,48,0,111.17191270389951,0.0019288065759216926,02_dnn/03_reference_search/raw_outputs/18_beta_cell_60_dataset_30_reference/selected_references/cell_beta_0p17_p_0p00/dataset_046_seed_4613234/width_048/selected_ref_payloads/ref_000/theta.npy,02_dnn/03_reference_search/raw_outputs/18_beta_cell_90_dataset_30_reference/selected_references/cell_beta_0p17_p_0p00/dataset_046_seed_4613234/width_048/selected_refs.json
cell_beta_0p17_p_0p00,dataset_047_seed_4713234,48,0,102.87018410100606,0.00024792835878664066,02_dnn/03_reference_search/raw_outputs/18_beta_cell_60_dataset_30_reference/selected_references/cell_beta_0p17_p_0p00/dataset_047_seed_4713234/width_048/selected_ref_payloads/ref_000/theta.npy,02_dnn/03_reference_search/raw_outputs/18_beta_cell_90_dataset_30_reference/selected_references/cell_beta_0p17_p_0p00/dataset_047_seed_4713234/width_048/selected_refs.json
cell_beta_0p17_p_0p00,dataset_048_seed_4813234,48,0,117.65332985738799,0.00047867774116968015,02_dnn/03_reference_search/raw_outputs/18_beta_cell_60_dataset_30_reference/selected_references/cell_beta_0p17_p_0p00/dataset_048_seed_4813234/width_048/selected_ref_payloads/ref_000/theta.npy,02_dnn/03_reference_search/raw_outputs/18_beta_cell_90_dataset_30_reference/selected_references/cell_beta_0p17_p_0p00/dataset_048_seed_4813234/width_048/selected_refs.json
cell_beta_0p17_p_0p00,dataset_049_seed_4913234,48,0,93.77669989197065,0.0006528143086928185,02_dnn/03_reference_search/raw_outputs/18_beta_cell_60_dataset_30_reference/selected_references/cell_beta_0p17_p_0p00/dataset_049_seed_4913234/width_048/selected_ref_payloads/ref_000/theta.npy,02_dnn/03_reference_search/raw_outputs/18_beta_cell_90_dataset_30_reference/selected_references/cell_beta_0p17_p_0p00/dataset_049_seed_4913234/width_048/selected_refs.json
cell_beta_0p17_p_0p00,dataset_050_seed_5013234,48,0,116.66057637429607,0.0012161798846878661,02_dnn/03_reference_search/raw_outputs/18_beta_cell_60_dataset_30_reference/selected_references/cell_beta_0p17_p_0p00/dataset_050_seed_5013234/width_048/selected_ref_payloads/ref_000/theta.npy,02_dnn/03_reference_search/raw_outputs/18_beta_cell_90_dataset_30_reference/selected_references/cell_beta_0p17_p_0p00/dataset_050_seed_5013234/width_048/selected_refs.json
cell_beta_0p17_p_0p00,dataset_051_seed_5113234,48,0,111.98260050580626,0.0010544439548920992,02_dnn/03_reference_search/raw_outputs/18_beta_cell_60_dataset_30_reference/selected_references/cell_beta_0p17_p_0p00/dataset_051_seed_5113234/width_048/selected_ref_payloads/ref_000/theta.npy,02_dnn/03_reference_search/raw_outputs/18_beta_cell_90_dataset_30_reference/selected_references/cell_beta_0p17_p_0p00/dataset_051_seed_5113234/width_048/selected_refs.json
cell_beta_0p17_p_0p00,dataset_052_seed_5213234,48,0,116.06605135755353,0.0008155664083435391,02_dnn/03_reference_search/raw_outputs/18_beta_cell_60_dataset_30_reference/selected_references/cell_beta_0p17_p_0p00/dataset_052_seed_5213234/width_048/selected_ref_payloads/ref_000/theta.npy,02_dnn/03_reference_search/raw_outputs/18_beta_cell_90_dataset_30_reference/selected_references/cell_beta_0p17_p_0p00/dataset_052_seed_5213234/width_048/selected_refs.json
cell_beta_0p17_p_0p00,dataset_053_seed_5313234,48,0,110.22357147770425,0.0002905640547971305,02_dnn/03_reference_search/raw_outputs/18_beta_cell_60_dataset_30_reference/selected_references/cell_beta_0p17_p_0p00/dataset_053_seed_5313234/width_048/selected_ref_payloads/ref_000/theta.npy,02_dnn/03_reference_search/raw_outputs/18_beta_cell_90_dataset_30_reference/selected_references/cell_beta_0p17_p_0p00/dataset_053_seed_5313234/width_048/selected_refs.json
cell_beta_0p17_p_0p00,dataset_054_seed_5413234,48,0,100.2764902904788,0.0014430538507350093,02_dnn/03_reference_search/raw_outputs/18_beta_cell_60_dataset_30_reference/selected_references/cell_beta_0p17_p_0p00/dataset_054_seed_5413234/width_048/selected_ref_payloads/ref_000/theta.npy,02_dnn/03_reference_search/raw_outputs/18_beta_cell_90_dataset_30_reference/selected_references/cell_beta_0p17_p_0p00/dataset_054_seed_5413234/width_048/selected_refs.json
cell_beta_0p17_p_0p00,dataset_055_seed_5513234,48,0,110.89695739254414,0.000962988381895761,02_dnn/03_reference_search/raw_outputs/18_beta_cell_60_dataset_30_reference/selected_references/cell_beta_0p17_p_0p00/dataset_055_seed_5513234/width_048/selected_ref_payloads/ref_000/theta.npy,02_dnn/03_reference_search/raw_outputs/18_beta_cell_90_dataset_30_reference/selected_references/cell_beta_0p17_p_0p00/dataset_055_seed_5513234/width_048/selected_refs.json
cell_beta_0p17_p_0p00,dataset_056_seed_5613234,48,0,98.24139464578629,0.0004958199311259913,02_dnn/03_reference_search/raw_outputs/18_beta_cell_60_dataset_30_reference/selected_references/cell_beta_0p17_p_0p00/dataset_056_seed_5613234/width_048/selected_ref_payloads/ref_000/theta.npy,02_dnn/03_reference_search/raw_outputs/18_beta_cell_90_dataset_30_reference/selected_references/cell_beta_0p17_p_0p00/dataset_056_seed_5613234/width_048/selected_refs.json
cell_beta_0p17_p_0p00,dataset_057_seed_5713234,48,0,108.0830379365583,0.0005503955540295484,02_dnn/03_reference_search/raw_outputs/18_beta_cell_60_dataset_30_reference/selected_references/cell_beta_0p17_p_0p00/dataset_057_seed_5713234/width_048/selected_ref_payloads/ref_000/theta.npy,02_dnn/03_reference_search/raw_outputs/18_beta_cell_90_dataset_30_reference/selected_references/cell_beta_0p17_p_0p00/dataset_057_seed_5713234/width_048/selected_refs.json
cell_beta_0p17_p_0p00,dataset_058_seed_5813234,48,0,90.55576296537629,0.0019745640285229846,02_dnn/03_reference_search/raw_outputs/18_beta_cell_60_dataset_30_reference/selected_references/cell_beta_0p17_p_0p00/dataset_058_seed_5813234/width_048/selected_ref_payloads/ref_000/theta.npy,02_dnn/03_reference_search/raw_outputs/18_beta_cell_90_dataset_30_reference/selected_references/cell_beta_0p17_p_0p00/dataset_058_seed_5813234/width_048/selected_refs.json
cell_beta_0p17_p_0p00,dataset_059_seed_5913234,48,0,102.1324082148438,0.0017265494593641118,02_dnn/03_reference_search/raw_outputs/18_beta_cell_60_dataset_30_reference/selected_references/cell_beta_0p17_p_0p00/dataset_059_seed_5913234/width_048/selected_ref_payloads/ref_000/theta.npy,02_dnn/03_reference_search/raw_outputs/18_beta_cell_90_dataset_30_reference/selected_references/cell_beta_0p17_p_0p00/dataset_059_seed_5913234/width_048/selected_refs.json
cell_beta_0p17_p_0p00,dataset_060_seed_6013234,48,0,102.68584529690398,0.0021544350467190224,02_dnn/03_reference_search/raw_outputs/18_beta_cell_90_dataset_30_reference/selected_references/cell_beta_0p17_p_0p00/dataset_060_seed_6013234/width_048/selected_ref_payloads/ref_000/theta.npy,02_dnn/03_reference_search/raw_outputs/18_beta_cell_90_dataset_30_reference/selected_references/cell_beta_0p17_p_0p00/dataset_060_seed_6013234/width_048/selected_refs.json
cell_beta_0p17_p_0p00,dataset_061_seed_6113234,48,0,110.23456089771774,0.0029198758853302828,02_dnn/03_reference_search/raw_outputs/18_beta_cell_90_dataset_30_reference/selected_references/cell_beta_0p17_p_0p00/dataset_061_seed_6113234/width_048/selected_ref_payloads/ref_000/theta.npy,02_dnn/03_reference_search/raw_outputs/18_beta_cell_90_dataset_30_reference/selected_references/cell_beta_0p17_p_0p00/dataset_061_seed_6113234/width_048/selected_refs.json
cell_beta_0p17_p_0p00,dataset_062_seed_6213234,48,0,93.05702602253861,0.0027996931552791747,02_dnn/03_reference_search/raw_outputs/18_beta_cell_90_dataset_30_reference/selected_references/cell_beta_0p17_p_0p00/dataset_062_seed_6213234/width_048/selected_ref_payloads/ref_000/theta.npy,02_dnn/03_reference_search/raw_outputs/18_beta_cell_90_dataset_30_reference/selected_references/cell_beta_0p17_p_0p00/dataset_062_seed_6213234/width_048/selected_refs.json
cell_beta_0p17_p_0p00,dataset_063_seed_6313234,48,0,106.53443566470203,0.0002463804904728429,02_dnn/03_reference_search/raw_outputs/18_beta_cell_90_dataset_30_reference/selected_references/cell_beta_0p17_p_0p00/dataset_063_seed_6313234/width_048/selected_ref_payloads/ref_000/theta.npy,02_dnn/03_reference_search/raw_outputs/18_beta_cell_90_dataset_30_reference/selected_references/cell_beta_0p17_p_0p00/dataset_063_seed_6313234/width_048/selected_refs.json
cell_beta_0p17_p_0p00,dataset_064_seed_6413234,48,0,115.6182110279747,0.0010763824583709797,02_dnn/03_reference_search/raw_outputs/18_beta_cell_90_dataset_30_reference/selected_references/cell_beta_0p17_p_0p00/dataset_064_seed_6413234/width_048/selected_ref_payloads/ref_000/theta.npy,02_dnn/03_reference_search/raw_outputs/18_beta_cell_90_dataset_30_reference/selected_references/cell_beta_0p17_p_0p00/dataset_064_seed_6413234/width_048/selected_refs.json
cell_beta_0p17_p_0p00,dataset_065_seed_6513234,48,0,111.33845552959008,0.0004177884924148566,02_dnn/03_reference_search/raw_outputs/18_beta_cell_90_dataset_30_reference/selected_references/cell_beta_0p17_p_0p00/dataset_065_seed_6513234/width_048/selected_ref_payloads/ref_000/theta.npy,02_dnn/03_reference_search/raw_outputs/18_beta_cell_90_dataset_30_reference/selected_references/cell_beta_0p17_p_0p00/dataset_065_seed_6513234/width_048/selected_refs.json
cell_beta_0p17_p_0p00,dataset_066_seed_6613234,48,0,109.67591691412639,0.0008150798639829089,02_dnn/03_reference_search/raw_outputs/18_beta_cell_90_dataset_30_reference/selected_references/cell_beta_0p17_p_0p00/dataset_066_seed_6613234/width_048/selected_ref_payloads/ref_000/theta.npy,02_dnn/03_reference_search/raw_outputs/18_beta_cell_90_dataset_30_reference/selected_references/cell_beta_0p17_p_0p00/dataset_066_seed_6613234/width_048/selected_refs.json
cell_beta_0p17_p_0p00,dataset_067_seed_6713234,48,0,98.27571008451929,0.0007928867548850774,02_dnn/03_reference_search/raw_outputs/18_beta_cell_90_dataset_30_reference/selected_references/cell_beta_0p17_p_0p00/dataset_067_seed_6713234/width_048/selected_ref_payloads/ref_000/theta.npy,02_dnn/03_reference_search/raw_outputs/18_beta_cell_90_dataset_30_reference/selected_references/cell_beta_0p17_p_0p00/dataset_067_seed_6713234/width_048/selected_refs.json
cell_beta_0p17_p_0p00,dataset_068_seed_6813234,48,0,109.68425168772974,0.0005141624953164353,02_dnn/03_reference_search/raw_outputs/18_beta_cell_90_dataset_30_reference/selected_references/cell_beta_0p17_p_0p00/dataset_068_seed_6813234/width_048/selected_ref_payloads/ref_000/theta.npy,02_dnn/03_reference_search/raw_outputs/18_beta_cell_90_dataset_30_reference/selected_references/cell_beta_0p17_p_0p00/dataset_068_seed_6813234/width_048/selected_refs.json
cell_beta_0p17_p_0p00,dataset_069_seed_6913234,48,0,122.13296758254067,0.0005848639345069735,02_dnn/03_reference_search/raw_outputs/18_beta_cell_90_dataset_30_reference/selected_references/cell_beta_0p17_p_0p00/dataset_069_seed_6913234/width_048/selected_ref_payloads/ref_000/theta.npy,02_dnn/03_reference_search/raw_outputs/18_beta_cell_90_dataset_30_reference/selected_references/cell_beta_0p17_p_0p00/dataset_069_seed_6913234/width_048/selected_refs.json
cell_beta_0p17_p_0p00,dataset_070_seed_7013234,48,0,113.00036683981784,0.0007911080379326065,02_dnn/03_reference_search/raw_outputs/18_beta_cell_90_dataset_30_reference/selected_references/cell_beta_0p17_p_0p00/dataset_070_seed_7013234/width_048/selected_ref_payloads/ref_000/theta.npy,02_dnn/03_reference_search/raw_outputs/18_beta_cell_90_dataset_30_reference/selected_references/cell_beta_0p17_p_0p00/dataset_070_seed_7013234/width_048/selected_refs.json
cell_beta_0p17_p_0p00,dataset_071_seed_7113234,48,0,115.30334879204226,0.0003648185731189393,02_dnn/03_reference_search/raw_outputs/18_beta_cell_90_dataset_30_reference/selected_references/cell_beta_0p17_p_0p00/dataset_071_seed_7113234/width_048/selected_ref_payloads/ref_000/theta.npy,02_dnn/03_reference_search/raw_outputs/18_beta_cell_90_dataset_30_reference/selected_references/cell_beta_0p17_p_0p00/dataset_071_seed_7113234/width_048/selected_refs.json
cell_beta_0p17_p_0p00,dataset_072_seed_7213234,48,0,107.63661421024558,0.0003082560714589015,02_dnn/03_reference_search/raw_outputs/18_beta_cell_90_dataset_30_reference/selected_references/cell_beta_0p17_p_0p00/dataset_072_seed_7213234/width_048/selected_ref_payloads/ref_000/theta.npy,02_dnn/03_reference_search/raw_outputs/18_beta_cell_90_dataset_30_reference/selected_references/cell_beta_0p17_p_0p00/dataset_072_seed_7213234/width_048/selected_refs.json
cell_beta_0p17_p_0p00,dataset_073_seed_7313234,48,0,117.93240482505749,0.0007357004562199097,02_dnn/03_reference_search/raw_outputs/18_beta_cell_90_dataset_30_reference/selected_references/cell_beta_0p17_p_0p00/dataset_073_seed_7313234/width_048/selected_ref_payloads/ref_000/theta.npy,02_dnn/03_reference_search/raw_outputs/18_beta_cell_90_dataset_30_reference/selected_references/cell_beta_0p17_p_0p00/dataset_073_seed_7313234/width_048/selected_refs.json
cell_beta_0p17_p_0p00,dataset_074_seed_7413234,48,0,120.63515295198921,0.0006847885739951022,02_dnn/03_reference_search/raw_outputs/18_beta_cell_90_dataset_30_reference/selected_references/cell_beta_0p17_p_0p00/dataset_074_seed_7413234/width_048/selected_ref_payloads/ref_000/theta.npy,02_dnn/03_reference_search/raw_outputs/18_beta_cell_90_dataset_30_reference/selected_references/cell_beta_0p17_p_0p00/dataset_074_seed_7413234/width_048/selected_refs.json
cell_beta_0p17_p_0p00,dataset_075_seed_7513234,48,0,109.9244319126928,0.0004498397727985496,02_dnn/03_reference_search/raw_outputs/18_beta_cell_90_dataset_30_reference/selected_references/cell_beta_0p17_p_0p00/dataset_075_seed_7513234/width_048/selected_ref_payloads/ref_000/theta.npy,02_dnn/03_reference_search/raw_outputs/18_beta_cell_90_dataset_30_reference/selected_references/cell_beta_0p17_p_0p00/dataset_075_seed_7513234/width_048/selected_refs.json
cell_beta_0p17_p_0p00,dataset_076_seed_7613234,48,0,110.26037444987608,0.0018109983386830112,02_dnn/03_reference_search/raw_outputs/18_beta_cell_90_dataset_30_reference/selected_references/cell_beta_0p17_p_0p00/dataset_076_seed_7613234/width_048/selected_ref_payloads/ref_000/theta.npy,02_dnn/03_reference_search/raw_outputs/18_beta_cell_90_dataset_30_reference/selected_references/cell_beta_0p17_p_0p00/dataset_076_seed_7613234/width_048/selected_refs.json
cell_beta_0p17_p_0p00,dataset_077_seed_7713234,48,0,102.8575834992354,0.0003488639538558198,02_dnn/03_reference_search/raw_outputs/18_beta_cell_90_dataset_30_reference/selected_references/cell_beta_0p17_p_0p00/dataset_077_seed_7713234/width_048/selected_ref_payloads/ref_000/theta.npy,02_dnn/03_reference_search/raw_outputs/18_beta_cell_90_dataset_30_reference/selected_references/cell_beta_0p17_p_0p00/dataset_077_seed_7713234/width_048/selected_refs.json
cell_beta_0p17_p_0p00,dataset_078_seed_7813234,48,0,106.60820269655238,0.0003946132992028651,02_dnn/03_reference_search/raw_outputs/18_beta_cell_90_dataset_30_reference/selected_references/cell_beta_0p17_p_0p00/dataset_078_seed_7813234/width_048/selected_ref_payloads/ref_000/theta.npy,02_dnn/03_reference_search/raw_outputs/18_beta_cell_90_dataset_30_reference/selected_references/cell_beta_0p17_p_0p00/dataset_078_seed_7813234/width_048/selected_refs.json
cell_beta_0p17_p_0p00,dataset_079_seed_7913234,48,0,101.85719094651522,0.0002359863033833814,02_dnn/03_reference_search/raw_outputs/18_beta_cell_90_dataset_30_reference/selected_references/cell_beta_0p17_p_0p00/dataset_079_seed_7913234/width_048/selected_ref_payloads/ref_000/theta.npy,02_dnn/03_reference_search/raw_outputs/18_beta_cell_90_dataset_30_reference/selected_references/cell_beta_0p17_p_0p00/dataset_079_seed_7913234/width_048/selected_refs.json
cell_beta_0p17_p_0p00,dataset_080_seed_8013234,48,0,109.86506284309932,0.0009503951637661924,02_dnn/03_reference_search/raw_outputs/18_beta_cell_90_dataset_30_reference/selected_references/cell_beta_0p17_p_0p00/dataset_080_seed_8013234/width_048/selected_ref_payloads/ref_000/theta.npy,02_dnn/03_reference_search/raw_outputs/18_beta_cell_90_dataset_30_reference/selected_references/cell_beta_0p17_p_0p00/dataset_080_seed_8013234/width_048/selected_refs.json
cell_beta_0p17_p_0p00,dataset_081_seed_8113234,48,0,110.24540746672292,0.0002954291987516746,02_dnn/03_reference_search/raw_outputs/18_beta_cell_90_dataset_30_reference/selected_references/cell_beta_0p17_p_0p00/dataset_081_seed_8113234/width_048/selected_ref_payloads/ref_000/theta.npy,02_dnn/03_reference_search/raw_outputs/18_beta_cell_90_dataset_30_reference/selected_references/cell_beta_0p17_p_0p00/dataset_081_seed_8113234/width_048/selected_refs.json
cell_beta_0p17_p_0p00,dataset_082_seed_8213234,48,0,96.24181013030443,0.00020255660742986233,02_dnn/03_reference_search/raw_outputs/18_beta_cell_90_dataset_30_reference/selected_references/cell_beta_0p17_p_0p00/dataset_082_seed_8213234/width_048/selected_ref_payloads/ref_000/theta.npy,02_dnn/03_reference_search/raw_outputs/18_beta_cell_90_dataset_30_reference/selected_references/cell_beta_0p17_p_0p00/dataset_082_seed_8213234/width_048/selected_refs.json
cell_beta_0p17_p_0p00,dataset_083_seed_8313234,48,0,97.44566763568174,0.0026128009099946337,02_dnn/03_reference_search/raw_outputs/18_beta_cell_90_dataset_30_reference/selected_references/cell_beta_0p17_p_0p00/dataset_083_seed_8313234/width_048/selected_ref_payloads/ref_000/theta.npy,02_dnn/03_reference_search/raw_outputs/18_beta_cell_90_dataset_30_reference/selected_references/cell_beta_0p17_p_0p00/dataset_083_seed_8313234/width_048/selected_refs.json
cell_beta_0p17_p_0p00,dataset_084_seed_8413234,48,0,131.89121700152228,0.0009155612850461396,02_dnn/03_reference_search/raw_outputs/18_beta_cell_90_dataset_30_reference/selected_references/cell_beta_0p17_p_0p00/dataset_084_seed_8413234/width_048/selected_ref_payloads/ref_000/theta.npy,02_dnn/03_reference_search/raw_outputs/18_beta_cell_90_dataset_30_reference/selected_references/cell_beta_0p17_p_0p00/dataset_084_seed_8413234/width_048/selected_refs.json
cell_beta_0p17_p_0p00,dataset_085_seed_8513234,48,0,101.35562605273016,0.0010330830531517293,02_dnn/03_reference_search/raw_outputs/18_beta_cell_90_dataset_30_reference/selected_references/cell_beta_0p17_p_0p00/dataset_085_seed_8513234/width_048/selected_ref_payloads/ref_000/theta.npy,02_dnn/03_reference_search/raw_outputs/18_beta_cell_90_dataset_30_reference/selected_references/cell_beta_0p17_p_0p00/dataset_085_seed_8513234/width_048/selected_refs.json
cell_beta_0p17_p_0p00,dataset_086_seed_8613234,48,0,105.37082526451482,0.0002450863431681873,02_dnn/03_reference_search/raw_outputs/18_beta_cell_90_dataset_30_reference/selected_references/cell_beta_0p17_p_0p00/dataset_086_seed_8613234/width_048/selected_ref_payloads/ref_000/theta.npy,02_dnn/03_reference_search/raw_outputs/18_beta_cell_90_dataset_30_reference/selected_references/cell_beta_0p17_p_0p00/dataset_086_seed_8613234/width_048/selected_refs.json
cell_beta_0p17_p_0p00,dataset_087_seed_8713234,48,0,100.95570570329267,0.00024904138209248464,02_dnn/03_reference_search/raw_outputs/18_beta_cell_90_dataset_30_reference/selected_references/cell_beta_0p17_p_0p00/dataset_087_seed_8713234/width_048/selected_ref_payloads/ref_000/theta.npy,02_dnn/03_reference_search/raw_outputs/18_beta_cell_90_dataset_30_reference/selected_references/cell_beta_0p17_p_0p00/dataset_087_seed_8713234/width_048/selected_refs.json
cell_beta_0p17_p_0p00,dataset_088_seed_8813234,48,0,138.96434183119538,0.0009196531034328903,02_dnn/03_reference_search/raw_outputs/18_beta_cell_90_dataset_30_reference/selected_references/cell_beta_0p17_p_0p00/dataset_088_seed_8813234/width_048/selected_ref_payloads/ref_000/theta.npy,02_dnn/03_reference_search/raw_outputs/18_beta_cell_90_dataset_30_reference/selected_references/cell_beta_0p17_p_0p00/dataset_088_seed_8813234/width_048/selected_refs.json
cell_beta_0p17_p_0p00,dataset_089_seed_8913234,48,0,100.19930297329157,0.0004077152114880312,02_dnn/03_reference_search/raw_outputs/18_beta_cell_90_dataset_30_reference/selected_references/cell_beta_0p17_p_0p00/dataset_089_seed_8913234/width_048/selected_ref_payloads/ref_000/theta.npy,02_dnn/03_reference_search/raw_outputs/18_beta_cell_90_dataset_30_reference/selected_references/cell_beta_0p17_p_0p00/dataset_089_seed_8913234/width_048/selected_refs.json
cell_beta_0p19_p_0p00,dataset_000_seed_015234,48,0,,,02_dnn/03_reference_search/raw_outputs/36_beta_cell_30_dataset_30_reference/selected_references/cell_beta_0p19_p_0p00/dataset_000_seed_015234/width_048/selected_ref_payloads/ref_000/theta.npy,02_dnn/03_reference_search/raw_outputs/18_beta_cell_90_dataset_30_reference/selected_references/cell_beta_0p19_p_0p00/dataset_000_seed_015234/width_048/selected_refs.json
cell_beta_0p19_p_0p00,dataset_001_seed_115234,48,0,,,02_dnn/03_reference_search/raw_outputs/36_beta_cell_30_dataset_30_reference/selected_references/cell_beta_0p19_p_0p00/dataset_001_seed_115234/width_048/selected_ref_payloads/ref_000/theta.npy,02_dnn/03_reference_search/raw_outputs/18_beta_cell_90_dataset_30_reference/selected_references/cell_beta_0p19_p_0p00/dataset_001_seed_115234/width_048/selected_refs.json
cell_beta_0p19_p_0p00,dataset_002_seed_215234,48,0,,,02_dnn/03_reference_search/raw_outputs/36_beta_cell_30_dataset_30_reference/selected_references/cell_beta_0p19_p_0p00/dataset_002_seed_215234/width_048/selected_ref_payloads/ref_000/theta.npy,02_dnn/03_reference_search/raw_outputs/18_beta_cell_90_dataset_30_reference/selected_references/cell_beta_0p19_p_0p00/dataset_002_seed_215234/width_048/selected_refs.json
cell_beta_0p19_p_0p00,dataset_003_seed_315234,48,0,,,02_dnn/03_reference_search/raw_outputs/36_beta_cell_30_dataset_30_reference/selected_references/cell_beta_0p19_p_0p00/dataset_003_seed_315234/width_048/selected_ref_payloads/ref_000/theta.npy,02_dnn/03_reference_search/raw_outputs/18_beta_cell_90_dataset_30_reference/selected_references/cell_beta_0p19_p_0p00/dataset_003_seed_315234/width_048/selected_refs.json
cell_beta_0p19_p_0p00,dataset_004_seed_415234,48,0,,,02_dnn/03_reference_search/raw_outputs/36_beta_cell_30_dataset_30_reference/selected_references/cell_beta_0p19_p_0p00/dataset_004_seed_415234/width_048/selected_ref_payloads/ref_000/theta.npy,02_dnn/03_reference_search/raw_outputs/18_beta_cell_90_dataset_30_reference/selected_references/cell_beta_0p19_p_0p00/dataset_004_seed_415234/width_048/selected_refs.json
cell_beta_0p19_p_0p00,dataset_005_seed_515234,48,0,,,02_dnn/03_reference_search/raw_outputs/36_beta_cell_30_dataset_30_reference/selected_references/cell_beta_0p19_p_0p00/dataset_005_seed_515234/width_048/selected_ref_payloads/ref_000/theta.npy,02_dnn/03_reference_search/raw_outputs/18_beta_cell_90_dataset_30_reference/selected_references/cell_beta_0p19_p_0p00/dataset_005_seed_515234/width_048/selected_refs.json
cell_beta_0p19_p_0p00,dataset_006_seed_615234,48,0,,,02_dnn/03_reference_search/raw_outputs/36_beta_cell_30_dataset_30_reference/selected_references/cell_beta_0p19_p_0p00/dataset_006_seed_615234/width_048/selected_ref_payloads/ref_000/theta.npy,02_dnn/03_reference_search/raw_outputs/18_beta_cell_90_dataset_30_reference/selected_references/cell_beta_0p19_p_0p00/dataset_006_seed_615234/width_048/selected_refs.json
cell_beta_0p19_p_0p00,dataset_007_seed_715234,48,0,,,02_dnn/03_reference_search/raw_outputs/36_beta_cell_30_dataset_30_reference/selected_references/cell_beta_0p19_p_0p00/dataset_007_seed_715234/width_048/selected_ref_payloads/ref_000/theta.npy,02_dnn/03_reference_search/raw_outputs/18_beta_cell_90_dataset_30_reference/selected_references/cell_beta_0p19_p_0p00/dataset_007_seed_715234/width_048/selected_refs.json
cell_beta_0p19_p_0p00,dataset_008_seed_815234,48,0,,,02_dnn/03_reference_search/raw_outputs/36_beta_cell_30_dataset_30_reference/selected_references/cell_beta_0p19_p_0p00/dataset_008_seed_815234/width_048/selected_ref_payloads/ref_000/theta.npy,02_dnn/03_reference_search/raw_outputs/18_beta_cell_90_dataset_30_reference/selected_references/cell_beta_0p19_p_0p00/dataset_008_seed_815234/width_048/selected_refs.json
cell_beta_0p19_p_0p00,dataset_009_seed_915234,48,0,,,02_dnn/03_reference_search/raw_outputs/36_beta_cell_30_dataset_30_reference/selected_references/cell_beta_0p19_p_0p00/dataset_009_seed_915234/width_048/selected_ref_payloads/ref_000/theta.npy,02_dnn/03_reference_search/raw_outputs/18_beta_cell_90_dataset_30_reference/selected_references/cell_beta_0p19_p_0p00/dataset_009_seed_915234/width_048/selected_refs.json
cell_beta_0p19_p_0p00,dataset_010_seed_1015234,48,0,,,02_dnn/03_reference_search/raw_outputs/36_beta_cell_30_dataset_30_reference/selected_references/cell_beta_0p19_p_0p00/dataset_010_seed_1015234/width_048/selected_ref_payloads/ref_000/theta.npy,02_dnn/03_reference_search/raw_outputs/18_beta_cell_90_dataset_30_reference/selected_references/cell_beta_0p19_p_0p00/dataset_010_seed_1015234/width_048/selected_refs.json
cell_beta_0p19_p_0p00,dataset_011_seed_1115234,48,0,,,02_dnn/03_reference_search/raw_outputs/36_beta_cell_30_dataset_30_reference/selected_references/cell_beta_0p19_p_0p00/dataset_011_seed_1115234/width_048/selected_ref_payloads/ref_000/theta.npy,02_dnn/03_reference_search/raw_outputs/18_beta_cell_90_dataset_30_reference/selected_references/cell_beta_0p19_p_0p00/dataset_011_seed_1115234/width_048/selected_refs.json
cell_beta_0p19_p_0p00,dataset_012_seed_1215234,48,0,,,02_dnn/03_reference_search/raw_outputs/36_beta_cell_30_dataset_30_reference/selected_references/cell_beta_0p19_p_0p00/dataset_012_seed_1215234/width_048/selected_ref_payloads/ref_000/theta.npy,02_dnn/03_reference_search/raw_outputs/18_beta_cell_90_dataset_30_reference/selected_references/cell_beta_0p19_p_0p00/dataset_012_seed_1215234/width_048/selected_refs.json
cell_beta_0p19_p_0p00,dataset_013_seed_1315234,48,0,,,02_dnn/03_reference_search/raw_outputs/36_beta_cell_30_dataset_30_reference/selected_references/cell_beta_0p19_p_0p00/dataset_013_seed_1315234/width_048/selected_ref_payloads/ref_000/theta.npy,02_dnn/03_reference_search/raw_outputs/18_beta_cell_90_dataset_30_reference/selected_references/cell_beta_0p19_p_0p00/dataset_013_seed_1315234/width_048/selected_refs.json
cell_beta_0p19_p_0p00,dataset_014_seed_1415234,48,0,,,02_dnn/03_reference_search/raw_outputs/36_beta_cell_30_dataset_30_reference/selected_references/cell_beta_0p19_p_0p00/dataset_014_seed_1415234/width_048/selected_ref_payloads/ref_000/theta.npy,02_dnn/03_reference_search/raw_outputs/18_beta_cell_90_dataset_30_reference/selected_references/cell_beta_0p19_p_0p00/dataset_014_seed_1415234/width_048/selected_refs.json
cell_beta_0p19_p_0p00,dataset_015_seed_1515234,48,0,,,02_dnn/03_reference_search/raw_outputs/36_beta_cell_30_dataset_30_reference/selected_references/cell_beta_0p19_p_0p00/dataset_015_seed_1515234/width_048/selected_ref_payloads/ref_000/theta.npy,02_dnn/03_reference_search/raw_outputs/18_beta_cell_90_dataset_30_reference/selected_references/cell_beta_0p19_p_0p00/dataset_015_seed_1515234/width_048/selected_refs.json
cell_beta_0p19_p_0p00,dataset_016_seed_1615234,48,0,,,02_dnn/03_reference_search/raw_outputs/36_beta_cell_30_dataset_30_reference/selected_references/cell_beta_0p19_p_0p00/dataset_016_seed_1615234/width_048/selected_ref_payloads/ref_000/theta.npy,02_dnn/03_reference_search/raw_outputs/18_beta_cell_90_dataset_30_reference/selected_references/cell_beta_0p19_p_0p00/dataset_016_seed_1615234/width_048/selected_refs.json
cell_beta_0p19_p_0p00,dataset_017_seed_1715234,48,0,,,02_dnn/03_reference_search/raw_outputs/36_beta_cell_30_dataset_30_reference/selected_references/cell_beta_0p19_p_0p00/dataset_017_seed_1715234/width_048/selected_ref_payloads/ref_000/theta.npy,02_dnn/03_reference_search/raw_outputs/18_beta_cell_90_dataset_30_reference/selected_references/cell_beta_0p19_p_0p00/dataset_017_seed_1715234/width_048/selected_refs.json
cell_beta_0p19_p_0p00,dataset_018_seed_1815234,48,0,,,02_dnn/03_reference_search/raw_outputs/36_beta_cell_30_dataset_30_reference/selected_references/cell_beta_0p19_p_0p00/dataset_018_seed_1815234/width_048/selected_ref_payloads/ref_000/theta.npy,02_dnn/03_reference_search/raw_outputs/18_beta_cell_90_dataset_30_reference/selected_references/cell_beta_0p19_p_0p00/dataset_018_seed_1815234/width_048/selected_refs.json
cell_beta_0p19_p_0p00,dataset_019_seed_1915234,48,0,,,02_dnn/03_reference_search/raw_outputs/36_beta_cell_30_dataset_30_reference/selected_references/cell_beta_0p19_p_0p00/dataset_019_seed_1915234/width_048/selected_ref_payloads/ref_000/theta.npy,02_dnn/03_reference_search/raw_outputs/18_beta_cell_90_dataset_30_reference/selected_references/cell_beta_0p19_p_0p00/dataset_019_seed_1915234/width_048/selected_refs.json
cell_beta_0p19_p_0p00,dataset_020_seed_2015234,48,0,,,02_dnn/03_reference_search/raw_outputs/36_beta_cell_30_dataset_30_reference/selected_references/cell_beta_0p19_p_0p00/dataset_020_seed_2015234/width_048/selected_ref_payloads/ref_000/theta.npy,02_dnn/03_reference_search/raw_outputs/18_beta_cell_90_dataset_30_reference/selected_references/cell_beta_0p19_p_0p00/dataset_020_seed_2015234/width_048/selected_refs.json
cell_beta_0p19_p_0p00,dataset_021_seed_2115234,48,0,,,02_dnn/03_reference_search/raw_outputs/36_beta_cell_30_dataset_30_reference/selected_references/cell_beta_0p19_p_0p00/dataset_021_seed_2115234/width_048/selected_ref_payloads/ref_000/theta.npy,02_dnn/03_reference_search/raw_outputs/18_beta_cell_90_dataset_30_reference/selected_references/cell_beta_0p19_p_0p00/dataset_021_seed_2115234/width_048/selected_refs.json
cell_beta_0p19_p_0p00,dataset_022_seed_2215234,48,0,,,02_dnn/03_reference_search/raw_outputs/36_beta_cell_30_dataset_30_reference/selected_references/cell_beta_0p19_p_0p00/dataset_022_seed_2215234/width_048/selected_ref_payloads/ref_000/theta.npy,02_dnn/03_reference_search/raw_outputs/18_beta_cell_90_dataset_30_reference/selected_references/cell_beta_0p19_p_0p00/dataset_022_seed_2215234/width_048/selected_refs.json
cell_beta_0p19_p_0p00,dataset_023_seed_2315234,48,0,,,02_dnn/03_reference_search/raw_outputs/36_beta_cell_30_dataset_30_reference/selected_references/cell_beta_0p19_p_0p00/dataset_023_seed_2315234/width_048/selected_ref_payloads/ref_000/theta.npy,02_dnn/03_reference_search/raw_outputs/18_beta_cell_90_dataset_30_reference/selected_references/cell_beta_0p19_p_0p00/dataset_023_seed_2315234/width_048/selected_refs.json
cell_beta_0p19_p_0p00,dataset_024_seed_2415234,48,0,,,02_dnn/03_reference_search/raw_outputs/36_beta_cell_30_dataset_30_reference/selected_references/cell_beta_0p19_p_0p00/dataset_024_seed_2415234/width_048/selected_ref_payloads/ref_000/theta.npy,02_dnn/03_reference_search/raw_outputs/18_beta_cell_90_dataset_30_reference/selected_references/cell_beta_0p19_p_0p00/dataset_024_seed_2415234/width_048/selected_refs.json
cell_beta_0p19_p_0p00,dataset_025_seed_2515234,48,0,,,02_dnn/03_reference_search/raw_outputs/36_beta_cell_30_dataset_30_reference/selected_references/cell_beta_0p19_p_0p00/dataset_025_seed_2515234/width_048/selected_ref_payloads/ref_000/theta.npy,02_dnn/03_reference_search/raw_outputs/18_beta_cell_90_dataset_30_reference/selected_references/cell_beta_0p19_p_0p00/dataset_025_seed_2515234/width_048/selected_refs.json
cell_beta_0p19_p_0p00,dataset_026_seed_2615234,48,0,,,02_dnn/03_reference_search/raw_outputs/36_beta_cell_30_dataset_30_reference/selected_references/cell_beta_0p19_p_0p00/dataset_026_seed_2615234/width_048/selected_ref_payloads/ref_000/theta.npy,02_dnn/03_reference_search/raw_outputs/18_beta_cell_90_dataset_30_reference/selected_references/cell_beta_0p19_p_0p00/dataset_026_seed_2615234/width_048/selected_refs.json
cell_beta_0p19_p_0p00,dataset_027_seed_2715234,48,0,,,02_dnn/03_reference_search/raw_outputs/36_beta_cell_30_dataset_30_reference/selected_references/cell_beta_0p19_p_0p00/dataset_027_seed_2715234/width_048/selected_ref_payloads/ref_000/theta.npy,02_dnn/03_reference_search/raw_outputs/18_beta_cell_90_dataset_30_reference/selected_references/cell_beta_0p19_p_0p00/dataset_027_seed_2715234/width_048/selected_refs.json
cell_beta_0p19_p_0p00,dataset_028_seed_2815234,48,0,,,02_dnn/03_reference_search/raw_outputs/36_beta_cell_30_dataset_30_reference/selected_references/cell_beta_0p19_p_0p00/dataset_028_seed_2815234/width_048/selected_ref_payloads/ref_000/theta.npy,02_dnn/03_reference_search/raw_outputs/18_beta_cell_90_dataset_30_reference/selected_references/cell_beta_0p19_p_0p00/dataset_028_seed_2815234/width_048/selected_refs.json
cell_beta_0p19_p_0p00,dataset_029_seed_2915234,48,0,,,02_dnn/03_reference_search/raw_outputs/36_beta_cell_30_dataset_30_reference/selected_references/cell_beta_0p19_p_0p00/dataset_029_seed_2915234/width_048/selected_ref_payloads/ref_000/theta.npy,02_dnn/03_reference_search/raw_outputs/18_beta_cell_90_dataset_30_reference/selected_references/cell_beta_0p19_p_0p00/dataset_029_seed_2915234/width_048/selected_refs.json
cell_beta_0p19_p_0p00,dataset_030_seed_3015234,48,0,93.51816046625788,0.0012449075390955316,02_dnn/03_reference_search/raw_outputs/18_beta_cell_60_dataset_30_reference/selected_references/cell_beta_0p19_p_0p00/dataset_030_seed_3015234/width_048/selected_ref_payloads/ref_000/theta.npy,02_dnn/03_reference_search/raw_outputs/18_beta_cell_90_dataset_30_reference/selected_references/cell_beta_0p19_p_0p00/dataset_030_seed_3015234/width_048/selected_refs.json
cell_beta_0p19_p_0p00,dataset_031_seed_3115234,48,0,87.14971436698984,0.0007387859541319235,02_dnn/03_reference_search/raw_outputs/18_beta_cell_60_dataset_30_reference/selected_references/cell_beta_0p19_p_0p00/dataset_031_seed_3115234/width_048/selected_ref_payloads/ref_000/theta.npy,02_dnn/03_reference_search/raw_outputs/18_beta_cell_90_dataset_30_reference/selected_references/cell_beta_0p19_p_0p00/dataset_031_seed_3115234/width_048/selected_refs.json
cell_beta_0p19_p_0p00,dataset_032_seed_3215234,48,0,104.99874086822541,0.000573132864522404,02_dnn/03_reference_search/raw_outputs/18_beta_cell_60_dataset_30_reference/selected_references/cell_beta_0p19_p_0p00/dataset_032_seed_3215234/width_048/selected_ref_payloads/ref_000/theta.npy,02_dnn/03_reference_search/raw_outputs/18_beta_cell_90_dataset_30_reference/selected_references/cell_beta_0p19_p_0p00/dataset_032_seed_3215234/width_048/selected_refs.json
cell_beta_0p19_p_0p00,dataset_033_seed_3315234,48,0,103.69896624440949,0.0003743746958331218,02_dnn/03_reference_search/raw_outputs/18_beta_cell_60_dataset_30_reference/selected_references/cell_beta_0p19_p_0p00/dataset_033_seed_3315234/width_048/selected_ref_payloads/ref_000/theta.npy,02_dnn/03_reference_search/raw_outputs/18_beta_cell_90_dataset_30_reference/selected_references/cell_beta_0p19_p_0p00/dataset_033_seed_3315234/width_048/selected_refs.json
cell_beta_0p19_p_0p00,dataset_034_seed_3415234,48,0,116.09228229486143,0.0003673394047935257,02_dnn/03_reference_search/raw_outputs/18_beta_cell_60_dataset_30_reference/selected_references/cell_beta_0p19_p_0p00/dataset_034_seed_3415234/width_048/selected_ref_payloads/ref_000/theta.npy,02_dnn/03_reference_search/raw_outputs/18_beta_cell_90_dataset_30_reference/selected_references/cell_beta_0p19_p_0p00/dataset_034_seed_3415234/width_048/selected_refs.json
cell_beta_0p19_p_0p00,dataset_035_seed_3515234,48,0,99.23464093349553,0.0006020089723746953,02_dnn/03_reference_search/raw_outputs/18_beta_cell_60_dataset_30_reference/selected_references/cell_beta_0p19_p_0p00/dataset_035_seed_3515234/width_048/selected_ref_payloads/ref_000/theta.npy,02_dnn/03_reference_search/raw_outputs/18_beta_cell_90_dataset_30_reference/selected_references/cell_beta_0p19_p_0p00/dataset_035_seed_3515234/width_048/selected_refs.json
cell_beta_0p19_p_0p00,dataset_036_seed_3615234,48,0,114.07808978903002,0.00036344045089319846,02_dnn/03_reference_search/raw_outputs/18_beta_cell_60_dataset_30_reference/selected_references/cell_beta_0p19_p_0p00/dataset_036_seed_3615234/width_048/selected_ref_payloads/ref_000/theta.npy,02_dnn/03_reference_search/raw_outputs/18_beta_cell_90_dataset_30_reference/selected_references/cell_beta_0p19_p_0p00/dataset_036_seed_3615234/width_048/selected_refs.json
cell_beta_0p19_p_0p00,dataset_037_seed_3715234,48,0,97.21727010834414,0.00030980192004391617,02_dnn/03_reference_search/raw_outputs/18_beta_cell_60_dataset_30_reference/selected_references/cell_beta_0p19_p_0p00/dataset_037_seed_3715234/width_048/selected_ref_payloads/ref_000/theta.npy,02_dnn/03_reference_search/raw_outputs/18_beta_cell_90_dataset_30_reference/selected_references/cell_beta_0p19_p_0p00/dataset_037_seed_3715234/width_048/selected_refs.json
cell_beta_0p19_p_0p00,dataset_038_seed_3815234,48,0,88.52192176601295,0.0005628763110591989,02_dnn/03_reference_search/raw_outputs/18_beta_cell_60_dataset_30_reference/selected_references/cell_beta_0p19_p_0p00/dataset_038_seed_3815234/width_048/selected_ref_payloads/ref_000/theta.npy,02_dnn/03_reference_search/raw_outputs/18_beta_cell_90_dataset_30_reference/selected_references/cell_beta_0p19_p_0p00/dataset_038_seed_3815234/width_048/selected_refs.json
cell_beta_0p19_p_0p00,dataset_039_seed_3915234,48,0,100.2885247992142,0.0002194958188882466,02_dnn/03_reference_search/raw_outputs/18_beta_cell_60_dataset_30_reference/selected_references/cell_beta_0p19_p_0p00/dataset_039_seed_3915234/width_048/selected_ref_payloads/ref_000/theta.npy,02_dnn/03_reference_search/raw_outputs/18_beta_cell_90_dataset_30_reference/selected_references/cell_beta_0p19_p_0p00/dataset_039_seed_3915234/width_048/selected_refs.json
cell_beta_0p19_p_0p00,dataset_040_seed_4015234,48,0,103.96556364154571,0.0003964847728388497,02_dnn/03_reference_search/raw_outputs/18_beta_cell_60_dataset_30_reference/selected_references/cell_beta_0p19_p_0p00/dataset_040_seed_4015234/width_048/selected_ref_payloads/ref_000/theta.npy,02_dnn/03_reference_search/raw_outputs/18_beta_cell_90_dataset_30_reference/selected_references/cell_beta_0p19_p_0p00/dataset_040_seed_4015234/width_048/selected_refs.json
cell_beta_0p19_p_0p00,dataset_041_seed_4115234,48,0,94.83011669069107,0.00025537294549740375,02_dnn/03_reference_search/raw_outputs/18_beta_cell_60_dataset_30_reference/selected_references/cell_beta_0p19_p_0p00/dataset_041_seed_4115234/width_048/selected_ref_payloads/ref_000/theta.npy,02_dnn/03_reference_search/raw_outputs/18_beta_cell_90_dataset_30_reference/selected_references/cell_beta_0p19_p_0p00/dataset_041_seed_4115234/width_048/selected_refs.json
cell_beta_0p19_p_0p00,dataset_042_seed_4215234,48,0,90.77334505331842,0.00020063051119130487,02_dnn/03_reference_search/raw_outputs/18_beta_cell_60_dataset_30_reference/selected_references/cell_beta_0p19_p_0p00/dataset_042_seed_4215234/width_048/selected_ref_payloads/ref_000/theta.npy,02_dnn/03_reference_search/raw_outputs/18_beta_cell_90_dataset_30_reference/selected_references/cell_beta_0p19_p_0p00/dataset_042_seed_4215234/width_048/selected_refs.json
cell_beta_0p19_p_0p00,dataset_043_seed_4315234,48,0,102.4686376047579,0.00031828589129266014,02_dnn/03_reference_search/raw_outputs/18_beta_cell_60_dataset_30_reference/selected_references/cell_beta_0p19_p_0p00/dataset_043_seed_4315234/width_048/selected_ref_payloads/ref_000/theta.npy,02_dnn/03_reference_search/raw_outputs/18_beta_cell_90_dataset_30_reference/selected_references/cell_beta_0p19_p_0p00/dataset_043_seed_4315234/width_048/selected_refs.json
cell_beta_0p19_p_0p00,dataset_044_seed_4415234,48,0,111.09723166443838,0.00045319666547764207,02_dnn/03_reference_search/raw_outputs/18_beta_cell_60_dataset_30_reference/selected_references/cell_beta_0p19_p_0p00/dataset_044_seed_4415234/width_048/selected_ref_payloads/ref_000/theta.npy,02_dnn/03_reference_search/raw_outputs/18_beta_cell_90_dataset_30_reference/selected_references/cell_beta_0p19_p_0p00/dataset_044_seed_4415234/width_048/selected_refs.json
cell_beta_0p19_p_0p00,dataset_045_seed_4515234,48,0,102.86779343693418,0.0008531032072624722,02_dnn/03_reference_search/raw_outputs/18_beta_cell_60_dataset_30_reference/selected_references/cell_beta_0p19_p_0p00/dataset_045_seed_4515234/width_048/selected_ref_payloads/ref_000/theta.npy,02_dnn/03_reference_search/raw_outputs/18_beta_cell_90_dataset_30_reference/selected_references/cell_beta_0p19_p_0p00/dataset_045_seed_4515234/width_048/selected_refs.json
cell_beta_0p19_p_0p00,dataset_046_seed_4615234,48,0,94.6875731803935,0.0002974749579234623,02_dnn/03_reference_search/raw_outputs/18_beta_cell_60_dataset_30_reference/selected_references/cell_beta_0p19_p_0p00/dataset_046_seed_4615234/width_048/selected_ref_payloads/ref_000/theta.npy,02_dnn/03_reference_search/raw_outputs/18_beta_cell_90_dataset_30_reference/selected_references/cell_beta_0p19_p_0p00/dataset_046_seed_4615234/width_048/selected_refs.json
cell_beta_0p19_p_0p00,dataset_047_seed_4715234,48,0,110.00534124620425,0.0004516096617253378,02_dnn/03_reference_search/raw_outputs/18_beta_cell_60_dataset_30_reference/selected_references/cell_beta_0p19_p_0p00/dataset_047_seed_4715234/width_048/selected_ref_payloads/ref_000/theta.npy,02_dnn/03_reference_search/raw_outputs/18_beta_cell_90_dataset_30_reference/selected_references/cell_beta_0p19_p_0p00/dataset_047_seed_4715234/width_048/selected_refs.json
cell_beta_0p19_p_0p00,dataset_048_seed_4815234,48,0,103.01434301323454,0.0002950764908815045,02_dnn/03_reference_search/raw_outputs/18_beta_cell_60_dataset_30_reference/selected_references/cell_beta_0p19_p_0p00/dataset_048_seed_4815234/width_048/selected_ref_payloads/ref_000/theta.npy,02_dnn/03_reference_search/raw_outputs/18_beta_cell_90_dataset_30_reference/selected_references/cell_beta_0p19_p_0p00/dataset_048_seed_4815234/width_048/selected_refs.json
cell_beta_0p19_p_0p00,dataset_049_seed_4915234,48,0,117.09701015112238,0.0021273898435663326,02_dnn/03_reference_search/raw_outputs/18_beta_cell_60_dataset_30_reference/selected_references/cell_beta_0p19_p_0p00/dataset_049_seed_4915234/width_048/selected_ref_payloads/ref_000/theta.npy,02_dnn/03_reference_search/raw_outputs/18_beta_cell_90_dataset_30_reference/selected_references/cell_beta_0p19_p_0p00/dataset_049_seed_4915234/width_048/selected_refs.json
cell_beta_0p19_p_0p00,dataset_050_seed_5015234,48,0,103.17556544634544,0.0002500664079850575,02_dnn/03_reference_search/raw_outputs/18_beta_cell_60_dataset_30_reference/selected_references/cell_beta_0p19_p_0p00/dataset_050_seed_5015234/width_048/selected_ref_payloads/ref_000/theta.npy,02_dnn/03_reference_search/raw_outputs/18_beta_cell_90_dataset_30_reference/selected_references/cell_beta_0p19_p_0p00/dataset_050_seed_5015234/width_048/selected_refs.json
cell_beta_0p19_p_0p00,dataset_051_seed_5115234,48,0,105.03372758626325,0.0016079834060332455,02_dnn/03_reference_search/raw_outputs/18_beta_cell_60_dataset_30_reference/selected_references/cell_beta_0p19_p_0p00/dataset_051_seed_5115234/width_048/selected_ref_payloads/ref_000/theta.npy,02_dnn/03_reference_search/raw_outputs/18_beta_cell_90_dataset_30_reference/selected_references/cell_beta_0p19_p_0p00/dataset_051_seed_5115234/width_048/selected_refs.json
cell_beta_0p19_p_0p00,dataset_052_seed_5215234,48,0,82.79930690304592,0.0003590905770499773,02_dnn/03_reference_search/raw_outputs/18_beta_cell_60_dataset_30_reference/selected_references/cell_beta_0p19_p_0p00/dataset_052_seed_5215234/width_048/selected_ref_payloads/ref_000/theta.npy,02_dnn/03_reference_search/raw_outputs/18_beta_cell_90_dataset_30_reference/selected_references/cell_beta_0p19_p_0p00/dataset_052_seed_5215234/width_048/selected_refs.json
cell_beta_0p19_p_0p00,dataset_053_seed_5315234,48,0,107.72461318114857,0.0002559730254254648,02_dnn/03_reference_search/raw_outputs/18_beta_cell_60_dataset_30_reference/selected_references/cell_beta_0p19_p_0p00/dataset_053_seed_5315234/width_048/selected_ref_payloads/ref_000/theta.npy,02_dnn/03_reference_search/raw_outputs/18_beta_cell_90_dataset_30_reference/selected_references/cell_beta_0p19_p_0p00/dataset_053_seed_5315234/width_048/selected_refs.json
cell_beta_0p19_p_0p00,dataset_054_seed_5415234,48,0,94.81543342446861,0.003014970343206748,02_dnn/03_reference_search/raw_outputs/18_beta_cell_60_dataset_30_reference/selected_references/cell_beta_0p19_p_0p00/dataset_054_seed_5415234/width_048/selected_ref_payloads/ref_000/theta.npy,02_dnn/03_reference_search/raw_outputs/18_beta_cell_90_dataset_30_reference/selected_references/cell_beta_0p19_p_0p00/dataset_054_seed_5415234/width_048/selected_refs.json
cell_beta_0p19_p_0p00,dataset_055_seed_5515234,48,0,114.05646803470735,0.0005023395135116771,02_dnn/03_reference_search/raw_outputs/18_beta_cell_60_dataset_30_reference/selected_references/cell_beta_0p19_p_0p00/dataset_055_seed_5515234/width_048/selected_ref_payloads/ref_000/theta.npy,02_dnn/03_reference_search/raw_outputs/18_beta_cell_90_dataset_30_reference/selected_references/cell_beta_0p19_p_0p00/dataset_055_seed_5515234/width_048/selected_refs.json
cell_beta_0p19_p_0p00,dataset_056_seed_5615234,48,0,113.76733433558204,0.0005010377997656209,02_dnn/03_reference_search/raw_outputs/18_beta_cell_60_dataset_30_reference/selected_references/cell_beta_0p19_p_0p00/dataset_056_seed_5615234/width_048/selected_ref_payloads/ref_000/theta.npy,02_dnn/03_reference_search/raw_outputs/18_beta_cell_90_dataset_30_reference/selected_references/cell_beta_0p19_p_0p00/dataset_056_seed_5615234/width_048/selected_refs.json
cell_beta_0p19_p_0p00,dataset_057_seed_5715234,48,0,86.38614079078486,0.00016245164211872205,02_dnn/03_reference_search/raw_outputs/18_beta_cell_60_dataset_30_reference/selected_references/cell_beta_0p19_p_0p00/dataset_057_seed_5715234/width_048/selected_ref_payloads/ref_000/theta.npy,02_dnn/03_reference_search/raw_outputs/18_beta_cell_90_dataset_30_reference/selected_references/cell_beta_0p19_p_0p00/dataset_057_seed_5715234/width_048/selected_refs.json
cell_beta_0p19_p_0p00,dataset_058_seed_5815234,48,0,122.892326106679,0.0004377170992947797,02_dnn/03_reference_search/raw_outputs/18_beta_cell_60_dataset_30_reference/selected_references/cell_beta_0p19_p_0p00/dataset_058_seed_5815234/width_048/selected_ref_payloads/ref_000/theta.npy,02_dnn/03_reference_search/raw_outputs/18_beta_cell_90_dataset_30_reference/selected_references/cell_beta_0p19_p_0p00/dataset_058_seed_5815234/width_048/selected_refs.json
cell_beta_0p19_p_0p00,dataset_059_seed_5915234,48,0,105.12502352996403,0.0006129827139779926,02_dnn/03_reference_search/raw_outputs/18_beta_cell_60_dataset_30_reference/selected_references/cell_beta_0p19_p_0p00/dataset_059_seed_5915234/width_048/selected_ref_payloads/ref_000/theta.npy,02_dnn/03_reference_search/raw_outputs/18_beta_cell_90_dataset_30_reference/selected_references/cell_beta_0p19_p_0p00/dataset_059_seed_5915234/width_048/selected_refs.json
cell_beta_0p19_p_0p00,dataset_060_seed_6015234,48,0,117.0968715784293,0.0003823164537206344,02_dnn/03_reference_search/raw_outputs/18_beta_cell_90_dataset_30_reference/selected_references/cell_beta_0p19_p_0p00/dataset_060_seed_6015234/width_048/selected_ref_payloads/ref_000/theta.npy,02_dnn/03_reference_search/raw_outputs/18_beta_cell_90_dataset_30_reference/selected_references/cell_beta_0p19_p_0p00/dataset_060_seed_6015234/width_048/selected_refs.json
cell_beta_0p19_p_0p00,dataset_061_seed_6115234,48,0,102.37341291829838,0.001264116055156463,02_dnn/03_reference_search/raw_outputs/18_beta_cell_90_dataset_30_reference/selected_references/cell_beta_0p19_p_0p00/dataset_061_seed_6115234/width_048/selected_ref_payloads/ref_000/theta.npy,02_dnn/03_reference_search/raw_outputs/18_beta_cell_90_dataset_30_reference/selected_references/cell_beta_0p19_p_0p00/dataset_061_seed_6115234/width_048/selected_refs.json
cell_beta_0p19_p_0p00,dataset_062_seed_6215234,48,0,102.38082683645946,0.0015772578928458126,02_dnn/03_reference_search/raw_outputs/18_beta_cell_90_dataset_30_reference/selected_references/cell_beta_0p19_p_0p00/dataset_062_seed_6215234/width_048/selected_ref_payloads/ref_000/theta.npy,02_dnn/03_reference_search/raw_outputs/18_beta_cell_90_dataset_30_reference/selected_references/cell_beta_0p19_p_0p00/dataset_062_seed_6215234/width_048/selected_refs.json
cell_beta_0p19_p_0p00,dataset_063_seed_6315234,48,0,101.7774112905035,0.0019016249257682916,02_dnn/03_reference_search/raw_outputs/18_beta_cell_90_dataset_30_reference/selected_references/cell_beta_0p19_p_0p00/dataset_063_seed_6315234/width_048/selected_ref_payloads/ref_000/theta.npy,02_dnn/03_reference_search/raw_outputs/18_beta_cell_90_dataset_30_reference/selected_references/cell_beta_0p19_p_0p00/dataset_063_seed_6315234/width_048/selected_refs.json
cell_beta_0p19_p_0p00,dataset_064_seed_6415234,48,0,94.48140711295216,0.0007646743332747382,02_dnn/03_reference_search/raw_outputs/18_beta_cell_90_dataset_30_reference/selected_references/cell_beta_0p19_p_0p00/dataset_064_seed_6415234/width_048/selected_ref_payloads/ref_000/theta.npy,02_dnn/03_reference_search/raw_outputs/18_beta_cell_90_dataset_30_reference/selected_references/cell_beta_0p19_p_0p00/dataset_064_seed_6415234/width_048/selected_refs.json
cell_beta_0p19_p_0p00,dataset_065_seed_6515234,48,0,99.39924681711341,0.0010489837734983971,02_dnn/03_reference_search/raw_outputs/18_beta_cell_90_dataset_30_reference/selected_references/cell_beta_0p19_p_0p00/dataset_065_seed_6515234/width_048/selected_ref_payloads/ref_000/theta.npy,02_dnn/03_reference_search/raw_outputs/18_beta_cell_90_dataset_30_reference/selected_references/cell_beta_0p19_p_0p00/dataset_065_seed_6515234/width_048/selected_refs.json
cell_beta_0p19_p_0p00,dataset_066_seed_6615234,48,0,101.9667340592687,0.0005419541313479966,02_dnn/03_reference_search/raw_outputs/18_beta_cell_90_dataset_30_reference/selected_references/cell_beta_0p19_p_0p00/dataset_066_seed_6615234/width_048/selected_ref_payloads/ref_000/theta.npy,02_dnn/03_reference_search/raw_outputs/18_beta_cell_90_dataset_30_reference/selected_references/cell_beta_0p19_p_0p00/dataset_066_seed_6615234/width_048/selected_refs.json
cell_beta_0p19_p_0p00,dataset_067_seed_6715234,48,0,90.41664035514002,0.002527324598877821,02_dnn/03_reference_search/raw_outputs/18_beta_cell_90_dataset_30_reference/selected_references/cell_beta_0p19_p_0p00/dataset_067_seed_6715234/width_048/selected_ref_payloads/ref_000/theta.npy,02_dnn/03_reference_search/raw_outputs/18_beta_cell_90_dataset_30_reference/selected_references/cell_beta_0p19_p_0p00/dataset_067_seed_6715234/width_048/selected_refs.json
cell_beta_0p19_p_0p00,dataset_068_seed_6815234,48,0,99.06151162384356,0.00036342667091956505,02_dnn/03_reference_search/raw_outputs/18_beta_cell_90_dataset_30_reference/selected_references/cell_beta_0p19_p_0p00/dataset_068_seed_6815234/width_048/selected_ref_payloads/ref_000/theta.npy,02_dnn/03_reference_search/raw_outputs/18_beta_cell_90_dataset_30_reference/selected_references/cell_beta_0p19_p_0p00/dataset_068_seed_6815234/width_048/selected_refs.json
cell_beta_0p19_p_0p00,dataset_069_seed_6915234,48,0,128.86632678895123,0.0006569620064159871,02_dnn/03_reference_search/raw_outputs/18_beta_cell_90_dataset_30_reference/selected_references/cell_beta_0p19_p_0p00/dataset_069_seed_6915234/width_048/selected_ref_payloads/ref_000/theta.npy,02_dnn/03_reference_search/raw_outputs/18_beta_cell_90_dataset_30_reference/selected_references/cell_beta_0p19_p_0p00/dataset_069_seed_6915234/width_048/selected_refs.json
cell_beta_0p19_p_0p00,dataset_070_seed_7015234,48,0,80.91245347047065,0.00014037472836945621,02_dnn/03_reference_search/raw_outputs/18_beta_cell_90_dataset_30_reference/selected_references/cell_beta_0p19_p_0p00/dataset_070_seed_7015234/width_048/selected_ref_payloads/ref_000/theta.npy,02_dnn/03_reference_search/raw_outputs/18_beta_cell_90_dataset_30_reference/selected_references/cell_beta_0p19_p_0p00/dataset_070_seed_7015234/width_048/selected_refs.json
cell_beta_0p19_p_0p00,dataset_071_seed_7115234,48,0,107.70462987803865,0.0003764362912501274,02_dnn/03_reference_search/raw_outputs/18_beta_cell_90_dataset_30_reference/selected_references/cell_beta_0p19_p_0p00/dataset_071_seed_7115234/width_048/selected_ref_payloads/ref_000/theta.npy,02_dnn/03_reference_search/raw_outputs/18_beta_cell_90_dataset_30_reference/selected_references/cell_beta_0p19_p_0p00/dataset_071_seed_7115234/width_048/selected_refs.json
cell_beta_0p19_p_0p00,dataset_072_seed_7215234,48,0,99.93548072163688,0.0014626311528553114,02_dnn/03_reference_search/raw_outputs/18_beta_cell_90_dataset_30_reference/selected_references/cell_beta_0p19_p_0p00/dataset_072_seed_7215234/width_048/selected_ref_payloads/ref_000/theta.npy,02_dnn/03_reference_search/raw_outputs/18_beta_cell_90_dataset_30_reference/selected_references/cell_beta_0p19_p_0p00/dataset_072_seed_7215234/width_048/selected_refs.json
cell_beta_0p19_p_0p00,dataset_073_seed_7315234,48,0,101.83860687019718,0.00023248493092980374,02_dnn/03_reference_search/raw_outputs/18_beta_cell_90_dataset_30_reference/selected_references/cell_beta_0p19_p_0p00/dataset_073_seed_7315234/width_048/selected_ref_payloads/ref_000/theta.npy,02_dnn/03_reference_search/raw_outputs/18_beta_cell_90_dataset_30_reference/selected_references/cell_beta_0p19_p_0p00/dataset_073_seed_7315234/width_048/selected_refs.json
cell_beta_0p19_p_0p00,dataset_074_seed_7415234,48,0,107.64832213721331,0.0007567925623574091,02_dnn/03_reference_search/raw_outputs/18_beta_cell_90_dataset_30_reference/selected_references/cell_beta_0p19_p_0p00/dataset_074_seed_7415234/width_048/selected_ref_payloads/ref_000/theta.npy,02_dnn/03_reference_search/raw_outputs/18_beta_cell_90_dataset_30_reference/selected_references/cell_beta_0p19_p_0p00/dataset_074_seed_7415234/width_048/selected_refs.json
cell_beta_0p19_p_0p00,dataset_075_seed_7515234,48,0,106.78336892065886,0.0006928783170382115,02_dnn/03_reference_search/raw_outputs/18_beta_cell_90_dataset_30_reference/selected_references/cell_beta_0p19_p_0p00/dataset_075_seed_7515234/width_048/selected_ref_payloads/ref_000/theta.npy,02_dnn/03_reference_search/raw_outputs/18_beta_cell_90_dataset_30_reference/selected_references/cell_beta_0p19_p_0p00/dataset_075_seed_7515234/width_048/selected_refs.json
cell_beta_0p19_p_0p00,dataset_076_seed_7615234,48,0,99.21860313455244,0.0005519320191318367,02_dnn/03_reference_search/raw_outputs/18_beta_cell_90_dataset_30_reference/selected_references/cell_beta_0p19_p_0p00/dataset_076_seed_7615234/width_048/selected_ref_payloads/ref_000/theta.npy,02_dnn/03_reference_search/raw_outputs/18_beta_cell_90_dataset_30_reference/selected_references/cell_beta_0p19_p_0p00/dataset_076_seed_7615234/width_048/selected_refs.json
cell_beta_0p19_p_0p00,dataset_077_seed_7715234,48,0,102.1930506909766,0.0019611505271144806,02_dnn/03_reference_search/raw_outputs/18_beta_cell_90_dataset_30_reference/selected_references/cell_beta_0p19_p_0p00/dataset_077_seed_7715234/width_048/selected_ref_payloads/ref_000/theta.npy,02_dnn/03_reference_search/raw_outputs/18_beta_cell_90_dataset_30_reference/selected_references/cell_beta_0p19_p_0p00/dataset_077_seed_7715234/width_048/selected_refs.json
cell_beta_0p19_p_0p00,dataset_078_seed_7815234,48,0,88.7230004712234,0.0031649776277895844,02_dnn/03_reference_search/raw_outputs/18_beta_cell_90_dataset_30_reference/selected_references/cell_beta_0p19_p_0p00/dataset_078_seed_7815234/width_048/selected_ref_payloads/ref_000/theta.npy,02_dnn/03_reference_search/raw_outputs/18_beta_cell_90_dataset_30_reference/selected_references/cell_beta_0p19_p_0p00/dataset_078_seed_7815234/width_048/selected_refs.json
cell_beta_0p19_p_0p00,dataset_079_seed_7915234,48,0,106.6979241984587,0.00033697734988262886,02_dnn/03_reference_search/raw_outputs/18_beta_cell_90_dataset_30_reference/selected_references/cell_beta_0p19_p_0p00/dataset_079_seed_7915234/width_048/selected_ref_payloads/ref_000/theta.npy,02_dnn/03_reference_search/raw_outputs/18_beta_cell_90_dataset_30_reference/selected_references/cell_beta_0p19_p_0p00/dataset_079_seed_7915234/width_048/selected_refs.json
cell_beta_0p19_p_0p00,dataset_080_seed_8015234,48,0,89.78486293677416,0.0002849881668988356,02_dnn/03_reference_search/raw_outputs/18_beta_cell_90_dataset_30_reference/selected_references/cell_beta_0p19_p_0p00/dataset_080_seed_8015234/width_048/selected_ref_payloads/ref_000/theta.npy,02_dnn/03_reference_search/raw_outputs/18_beta_cell_90_dataset_30_reference/selected_references/cell_beta_0p19_p_0p00/dataset_080_seed_8015234/width_048/selected_refs.json
cell_beta_0p19_p_0p00,dataset_081_seed_8115234,48,0,97.763382634965,0.00021860329201795273,02_dnn/03_reference_search/raw_outputs/18_beta_cell_90_dataset_30_reference/selected_references/cell_beta_0p19_p_0p00/dataset_081_seed_8115234/width_048/selected_ref_payloads/ref_000/theta.npy,02_dnn/03_reference_search/raw_outputs/18_beta_cell_90_dataset_30_reference/selected_references/cell_beta_0p19_p_0p00/dataset_081_seed_8115234/width_048/selected_refs.json
cell_beta_0p19_p_0p00,dataset_082_seed_8215234,48,0,99.37155555705067,0.00021952103455158758,02_dnn/03_reference_search/raw_outputs/18_beta_cell_90_dataset_30_reference/selected_references/cell_beta_0p19_p_0p00/dataset_082_seed_8215234/width_048/selected_ref_payloads/ref_000/theta.npy,02_dnn/03_reference_search/raw_outputs/18_beta_cell_90_dataset_30_reference/selected_references/cell_beta_0p19_p_0p00/dataset_082_seed_8215234/width_048/selected_refs.json
cell_beta_0p19_p_0p00,dataset_083_seed_8315234,48,0,116.53690364403313,0.00040831863321395237,02_dnn/03_reference_search/raw_outputs/18_beta_cell_90_dataset_30_reference/selected_references/cell_beta_0p19_p_0p00/dataset_083_seed_8315234/width_048/selected_ref_payloads/ref_000/theta.npy,02_dnn/03_reference_search/raw_outputs/18_beta_cell_90_dataset_30_reference/selected_references/cell_beta_0p19_p_0p00/dataset_083_seed_8315234/width_048/selected_refs.json
cell_beta_0p19_p_0p00,dataset_084_seed_8415234,48,0,98.75859841928644,0.00022873606465058773,02_dnn/03_reference_search/raw_outputs/18_beta_cell_90_dataset_30_reference/selected_references/cell_beta_0p19_p_0p00/dataset_084_seed_8415234/width_048/selected_ref_payloads/ref_000/theta.npy,02_dnn/03_reference_search/raw_outputs/18_beta_cell_90_dataset_30_reference/selected_references/cell_beta_0p19_p_0p00/dataset_084_seed_8415234/width_048/selected_refs.json
cell_beta_0p19_p_0p00,dataset_085_seed_8515234,48,0,85.53638839307277,0.0001610176945876809,02_dnn/03_reference_search/raw_outputs/18_beta_cell_90_dataset_30_reference/selected_references/cell_beta_0p19_p_0p00/dataset_085_seed_8515234/width_048/selected_ref_payloads/ref_000/theta.npy,02_dnn/03_reference_search/raw_outputs/18_beta_cell_90_dataset_30_reference/selected_references/cell_beta_0p19_p_0p00/dataset_085_seed_8515234/width_048/selected_refs.json
cell_beta_0p19_p_0p00,dataset_086_seed_8615234,48,0,114.12210397466846,0.0007351930423915233,02_dnn/03_reference_search/raw_outputs/18_beta_cell_90_dataset_30_reference/selected_references/cell_beta_0p19_p_0p00/dataset_086_seed_8615234/width_048/selected_ref_payloads/ref_000/theta.npy,02_dnn/03_reference_search/raw_outputs/18_beta_cell_90_dataset_30_reference/selected_references/cell_beta_0p19_p_0p00/dataset_086_seed_8615234/width_048/selected_refs.json
cell_beta_0p19_p_0p00,dataset_087_seed_8715234,48,0,95.88814774429325,0.0008627364314464331,02_dnn/03_reference_search/raw_outputs/18_beta_cell_90_dataset_30_reference/selected_references/cell_beta_0p19_p_0p00/dataset_087_seed_8715234/width_048/selected_ref_payloads/ref_000/theta.npy,02_dnn/03_reference_search/raw_outputs/18_beta_cell_90_dataset_30_reference/selected_references/cell_beta_0p19_p_0p00/dataset_087_seed_8715234/width_048/selected_refs.json
cell_beta_0p19_p_0p00,dataset_088_seed_8815234,48,0,107.0033126398442,0.0002505728117535278,02_dnn/03_reference_search/raw_outputs/18_beta_cell_90_dataset_30_reference/selected_references/cell_beta_0p19_p_0p00/dataset_088_seed_8815234/width_048/selected_ref_payloads/ref_000/theta.npy,02_dnn/03_reference_search/raw_outputs/18_beta_cell_90_dataset_30_reference/selected_references/cell_beta_0p19_p_0p00/dataset_088_seed_8815234/width_048/selected_refs.json
cell_beta_0p19_p_0p00,dataset_089_seed_8915234,48,0,106.11895876082747,0.0005706362988661335,02_dnn/03_reference_search/raw_outputs/18_beta_cell_90_dataset_30_reference/selected_references/cell_beta_0p19_p_0p00/dataset_089_seed_8915234/width_048/selected_ref_payloads/ref_000/theta.npy,02_dnn/03_reference_search/raw_outputs/18_beta_cell_90_dataset_30_reference/selected_references/cell_beta_0p19_p_0p00/dataset_089_seed_8915234/width_048/selected_refs.json
cell_beta_0p21_p_0p00,dataset_000_seed_017234,48,0,,,02_dnn/03_reference_search/raw_outputs/36_beta_cell_30_dataset_30_reference/selected_references/cell_beta_0p21_p_0p00/dataset_000_seed_017234/width_048/selected_ref_payloads/ref_000/theta.npy,02_dnn/03_reference_search/raw_outputs/18_beta_cell_90_dataset_30_reference/selected_references/cell_beta_0p21_p_0p00/dataset_000_seed_017234/width_048/selected_refs.json
cell_beta_0p21_p_0p00,dataset_001_seed_117234,48,0,,,02_dnn/03_reference_search/raw_outputs/36_beta_cell_30_dataset_30_reference/selected_references/cell_beta_0p21_p_0p00/dataset_001_seed_117234/width_048/selected_ref_payloads/ref_000/theta.npy,02_dnn/03_reference_search/raw_outputs/18_beta_cell_90_dataset_30_reference/selected_references/cell_beta_0p21_p_0p00/dataset_001_seed_117234/width_048/selected_refs.json
cell_beta_0p21_p_0p00,dataset_002_seed_217234,48,0,,,02_dnn/03_reference_search/raw_outputs/36_beta_cell_30_dataset_30_reference/selected_references/cell_beta_0p21_p_0p00/dataset_002_seed_217234/width_048/selected_ref_payloads/ref_000/theta.npy,02_dnn/03_reference_search/raw_outputs/18_beta_cell_90_dataset_30_reference/selected_references/cell_beta_0p21_p_0p00/dataset_002_seed_217234/width_048/selected_refs.json
cell_beta_0p21_p_0p00,dataset_003_seed_317234,48,0,,,02_dnn/03_reference_search/raw_outputs/36_beta_cell_30_dataset_30_reference/selected_references/cell_beta_0p21_p_0p00/dataset_003_seed_317234/width_048/selected_ref_payloads/ref_000/theta.npy,02_dnn/03_reference_search/raw_outputs/18_beta_cell_90_dataset_30_reference/selected_references/cell_beta_0p21_p_0p00/dataset_003_seed_317234/width_048/selected_refs.json
cell_beta_0p21_p_0p00,dataset_004_seed_417234,48,0,,,02_dnn/03_reference_search/raw_outputs/36_beta_cell_30_dataset_30_reference/selected_references/cell_beta_0p21_p_0p00/dataset_004_seed_417234/width_048/selected_ref_payloads/ref_000/theta.npy,02_dnn/03_reference_search/raw_outputs/18_beta_cell_90_dataset_30_reference/selected_references/cell_beta_0p21_p_0p00/dataset_004_seed_417234/width_048/selected_refs.json
cell_beta_0p21_p_0p00,dataset_005_seed_517234,48,0,,,02_dnn/03_reference_search/raw_outputs/36_beta_cell_30_dataset_30_reference/selected_references/cell_beta_0p21_p_0p00/dataset_005_seed_517234/width_048/selected_ref_payloads/ref_000/theta.npy,02_dnn/03_reference_search/raw_outputs/18_beta_cell_90_dataset_30_reference/selected_references/cell_beta_0p21_p_0p00/dataset_005_seed_517234/width_048/selected_refs.json
cell_beta_0p21_p_0p00,dataset_006_seed_617234,48,0,,,02_dnn/03_reference_search/raw_outputs/36_beta_cell_30_dataset_30_reference/selected_references/cell_beta_0p21_p_0p00/dataset_006_seed_617234/width_048/selected_ref_payloads/ref_000/theta.npy,02_dnn/03_reference_search/raw_outputs/18_beta_cell_90_dataset_30_reference/selected_references/cell_beta_0p21_p_0p00/dataset_006_seed_617234/width_048/selected_refs.json
cell_beta_0p21_p_0p00,dataset_007_seed_717234,48,0,,,02_dnn/03_reference_search/raw_outputs/36_beta_cell_30_dataset_30_reference/selected_references/cell_beta_0p21_p_0p00/dataset_007_seed_717234/width_048/selected_ref_payloads/ref_000/theta.npy,02_dnn/03_reference_search/raw_outputs/18_beta_cell_90_dataset_30_reference/selected_references/cell_beta_0p21_p_0p00/dataset_007_seed_717234/width_048/selected_refs.json
cell_beta_0p21_p_0p00,dataset_008_seed_817234,48,0,,,02_dnn/03_reference_search/raw_outputs/36_beta_cell_30_dataset_30_reference/selected_references/cell_beta_0p21_p_0p00/dataset_008_seed_817234/width_048/selected_ref_payloads/ref_000/theta.npy,02_dnn/03_reference_search/raw_outputs/18_beta_cell_90_dataset_30_reference/selected_references/cell_beta_0p21_p_0p00/dataset_008_seed_817234/width_048/selected_refs.json
cell_beta_0p21_p_0p00,dataset_009_seed_917234,48,0,,,02_dnn/03_reference_search/raw_outputs/36_beta_cell_30_dataset_30_reference/selected_references/cell_beta_0p21_p_0p00/dataset_009_seed_917234/width_048/selected_ref_payloads/ref_000/theta.npy,02_dnn/03_reference_search/raw_outputs/18_beta_cell_90_dataset_30_reference/selected_references/cell_beta_0p21_p_0p00/dataset_009_seed_917234/width_048/selected_refs.json
cell_beta_0p21_p_0p00,dataset_010_seed_1017234,48,0,,,02_dnn/03_reference_search/raw_outputs/36_beta_cell_30_dataset_30_reference/selected_references/cell_beta_0p21_p_0p00/dataset_010_seed_1017234/width_048/selected_ref_payloads/ref_000/theta.npy,02_dnn/03_reference_search/raw_outputs/18_beta_cell_90_dataset_30_reference/selected_references/cell_beta_0p21_p_0p00/dataset_010_seed_1017234/width_048/selected_refs.json
cell_beta_0p21_p_0p00,dataset_011_seed_1117234,48,0,,,02_dnn/03_reference_search/raw_outputs/36_beta_cell_30_dataset_30_reference/selected_references/cell_beta_0p21_p_0p00/dataset_011_seed_1117234/width_048/selected_ref_payloads/ref_000/theta.npy,02_dnn/03_reference_search/raw_outputs/18_beta_cell_90_dataset_30_reference/selected_references/cell_beta_0p21_p_0p00/dataset_011_seed_1117234/width_048/selected_refs.json
cell_beta_0p21_p_0p00,dataset_012_seed_1217234,48,0,,,02_dnn/03_reference_search/raw_outputs/36_beta_cell_30_dataset_30_reference/selected_references/cell_beta_0p21_p_0p00/dataset_012_seed_1217234/width_048/selected_ref_payloads/ref_000/theta.npy,02_dnn/03_reference_search/raw_outputs/18_beta_cell_90_dataset_30_reference/selected_references/cell_beta_0p21_p_0p00/dataset_012_seed_1217234/width_048/selected_refs.json
cell_beta_0p21_p_0p00,dataset_013_seed_1317234,48,0,,,02_dnn/03_reference_search/raw_outputs/36_beta_cell_30_dataset_30_reference/selected_references/cell_beta_0p21_p_0p00/dataset_013_seed_1317234/width_048/selected_ref_payloads/ref_000/theta.npy,02_dnn/03_reference_search/raw_outputs/18_beta_cell_90_dataset_30_reference/selected_references/cell_beta_0p21_p_0p00/dataset_013_seed_1317234/width_048/selected_refs.json
cell_beta_0p21_p_0p00,dataset_014_seed_1417234,48,0,,,02_dnn/03_reference_search/raw_outputs/36_beta_cell_30_dataset_30_reference/selected_references/cell_beta_0p21_p_0p00/dataset_014_seed_1417234/width_048/selected_ref_payloads/ref_000/theta.npy,02_dnn/03_reference_search/raw_outputs/18_beta_cell_90_dataset_30_reference/selected_references/cell_beta_0p21_p_0p00/dataset_014_seed_1417234/width_048/selected_refs.json
cell_beta_0p21_p_0p00,dataset_015_seed_1517234,48,0,,,02_dnn/03_reference_search/raw_outputs/36_beta_cell_30_dataset_30_reference/selected_references/cell_beta_0p21_p_0p00/dataset_015_seed_1517234/width_048/selected_ref_payloads/ref_000/theta.npy,02_dnn/03_reference_search/raw_outputs/18_beta_cell_90_dataset_30_reference/selected_references/cell_beta_0p21_p_0p00/dataset_015_seed_1517234/width_048/selected_refs.json
cell_beta_0p21_p_0p00,dataset_016_seed_1617234,48,0,,,02_dnn/03_reference_search/raw_outputs/36_beta_cell_30_dataset_30_reference/selected_references/cell_beta_0p21_p_0p00/dataset_016_seed_1617234/width_048/selected_ref_payloads/ref_000/theta.npy,02_dnn/03_reference_search/raw_outputs/18_beta_cell_90_dataset_30_reference/selected_references/cell_beta_0p21_p_0p00/dataset_016_seed_1617234/width_048/selected_refs.json
cell_beta_0p21_p_0p00,dataset_017_seed_1717234,48,0,,,02_dnn/03_reference_search/raw_outputs/36_beta_cell_30_dataset_30_reference/selected_references/cell_beta_0p21_p_0p00/dataset_017_seed_1717234/width_048/selected_ref_payloads/ref_000/theta.npy,02_dnn/03_reference_search/raw_outputs/18_beta_cell_90_dataset_30_reference/selected_references/cell_beta_0p21_p_0p00/dataset_017_seed_1717234/width_048/selected_refs.json
cell_beta_0p21_p_0p00,dataset_018_seed_1817234,48,0,,,02_dnn/03_reference_search/raw_outputs/36_beta_cell_30_dataset_30_reference/selected_references/cell_beta_0p21_p_0p00/dataset_018_seed_1817234/width_048/selected_ref_payloads/ref_000/theta.npy,02_dnn/03_reference_search/raw_outputs/18_beta_cell_90_dataset_30_reference/selected_references/cell_beta_0p21_p_0p00/dataset_018_seed_1817234/width_048/selected_refs.json
cell_beta_0p21_p_0p00,dataset_019_seed_1917234,48,0,,,02_dnn/03_reference_search/raw_outputs/36_beta_cell_30_dataset_30_reference/selected_references/cell_beta_0p21_p_0p00/dataset_019_seed_1917234/width_048/selected_ref_payloads/ref_000/theta.npy,02_dnn/03_reference_search/raw_outputs/18_beta_cell_90_dataset_30_reference/selected_references/cell_beta_0p21_p_0p00/dataset_019_seed_1917234/width_048/selected_refs.json
cell_beta_0p21_p_0p00,dataset_020_seed_2017234,48,0,,,02_dnn/03_reference_search/raw_outputs/36_beta_cell_30_dataset_30_reference/selected_references/cell_beta_0p21_p_0p00/dataset_020_seed_2017234/width_048/selected_ref_payloads/ref_000/theta.npy,02_dnn/03_reference_search/raw_outputs/18_beta_cell_90_dataset_30_reference/selected_references/cell_beta_0p21_p_0p00/dataset_020_seed_2017234/width_048/selected_refs.json
cell_beta_0p21_p_0p00,dataset_021_seed_2117234,48,0,,,02_dnn/03_reference_search/raw_outputs/36_beta_cell_30_dataset_30_reference/selected_references/cell_beta_0p21_p_0p00/dataset_021_seed_2117234/width_048/selected_ref_payloads/ref_000/theta.npy,02_dnn/03_reference_search/raw_outputs/18_beta_cell_90_dataset_30_reference/selected_references/cell_beta_0p21_p_0p00/dataset_021_seed_2117234/width_048/selected_refs.json
cell_beta_0p21_p_0p00,dataset_022_seed_2217234,48,0,,,02_dnn/03_reference_search/raw_outputs/36_beta_cell_30_dataset_30_reference/selected_references/cell_beta_0p21_p_0p00/dataset_022_seed_2217234/width_048/selected_ref_payloads/ref_000/theta.npy,02_dnn/03_reference_search/raw_outputs/18_beta_cell_90_dataset_30_reference/selected_references/cell_beta_0p21_p_0p00/dataset_022_seed_2217234/width_048/selected_refs.json
cell_beta_0p21_p_0p00,dataset_023_seed_2317234,48,0,,,02_dnn/03_reference_search/raw_outputs/36_beta_cell_30_dataset_30_reference/selected_references/cell_beta_0p21_p_0p00/dataset_023_seed_2317234/width_048/selected_ref_payloads/ref_000/theta.npy,02_dnn/03_reference_search/raw_outputs/18_beta_cell_90_dataset_30_reference/selected_references/cell_beta_0p21_p_0p00/dataset_023_seed_2317234/width_048/selected_refs.json
cell_beta_0p21_p_0p00,dataset_024_seed_2417234,48,0,,,02_dnn/03_reference_search/raw_outputs/36_beta_cell_30_dataset_30_reference/selected_references/cell_beta_0p21_p_0p00/dataset_024_seed_2417234/width_048/selected_ref_payloads/ref_000/theta.npy,02_dnn/03_reference_search/raw_outputs/18_beta_cell_90_dataset_30_reference/selected_references/cell_beta_0p21_p_0p00/dataset_024_seed_2417234/width_048/selected_refs.json
cell_beta_0p21_p_0p00,dataset_025_seed_2517234,48,0,,,02_dnn/03_reference_search/raw_outputs/36_beta_cell_30_dataset_30_reference/selected_references/cell_beta_0p21_p_0p00/dataset_025_seed_2517234/width_048/selected_ref_payloads/ref_000/theta.npy,02_dnn/03_reference_search/raw_outputs/18_beta_cell_90_dataset_30_reference/selected_references/cell_beta_0p21_p_0p00/dataset_025_seed_2517234/width_048/selected_refs.json
cell_beta_0p21_p_0p00,dataset_026_seed_2617234,48,0,,,02_dnn/03_reference_search/raw_outputs/36_beta_cell_30_dataset_30_reference/selected_references/cell_beta_0p21_p_0p00/dataset_026_seed_2617234/width_048/selected_ref_payloads/ref_000/theta.npy,02_dnn/03_reference_search/raw_outputs/18_beta_cell_90_dataset_30_reference/selected_references/cell_beta_0p21_p_0p00/dataset_026_seed_2617234/width_048/selected_refs.json
cell_beta_0p21_p_0p00,dataset_027_seed_2717234,48,0,,,02_dnn/03_reference_search/raw_outputs/36_beta_cell_30_dataset_30_reference/selected_references/cell_beta_0p21_p_0p00/dataset_027_seed_2717234/width_048/selected_ref_payloads/ref_000/theta.npy,02_dnn/03_reference_search/raw_outputs/18_beta_cell_90_dataset_30_reference/selected_references/cell_beta_0p21_p_0p00/dataset_027_seed_2717234/width_048/selected_refs.json
cell_beta_0p21_p_0p00,dataset_028_seed_2817234,48,0,,,02_dnn/03_reference_search/raw_outputs/36_beta_cell_30_dataset_30_reference/selected_references/cell_beta_0p21_p_0p00/dataset_028_seed_2817234/width_048/selected_ref_payloads/ref_000/theta.npy,02_dnn/03_reference_search/raw_outputs/18_beta_cell_90_dataset_30_reference/selected_references/cell_beta_0p21_p_0p00/dataset_028_seed_2817234/width_048/selected_refs.json
cell_beta_0p21_p_0p00,dataset_029_seed_2917234,48,0,,,02_dnn/03_reference_search/raw_outputs/36_beta_cell_30_dataset_30_reference/selected_references/cell_beta_0p21_p_0p00/dataset_029_seed_2917234/width_048/selected_ref_payloads/ref_000/theta.npy,02_dnn/03_reference_search/raw_outputs/18_beta_cell_90_dataset_30_reference/selected_references/cell_beta_0p21_p_0p00/dataset_029_seed_2917234/width_048/selected_refs.json
cell_beta_0p21_p_0p00,dataset_030_seed_3017234,48,0,113.65563780792014,0.0003563102911901431,02_dnn/03_reference_search/raw_outputs/18_beta_cell_60_dataset_30_reference/selected_references/cell_beta_0p21_p_0p00/dataset_030_seed_3017234/width_048/selected_ref_payloads/ref_000/theta.npy,02_dnn/03_reference_search/raw_outputs/18_beta_cell_90_dataset_30_reference/selected_references/cell_beta_0p21_p_0p00/dataset_030_seed_3017234/width_048/selected_refs.json
cell_beta_0p21_p_0p00,dataset_031_seed_3117234,48,0,92.60438319379037,0.002529307184777724,02_dnn/03_reference_search/raw_outputs/18_beta_cell_60_dataset_30_reference/selected_references/cell_beta_0p21_p_0p00/dataset_031_seed_3117234/width_048/selected_ref_payloads/ref_000/theta.npy,02_dnn/03_reference_search/raw_outputs/18_beta_cell_90_dataset_30_reference/selected_references/cell_beta_0p21_p_0p00/dataset_031_seed_3117234/width_048/selected_refs.json
cell_beta_0p21_p_0p00,dataset_032_seed_3217234,48,0,97.79408483548593,0.0012127730008494135,02_dnn/03_reference_search/raw_outputs/18_beta_cell_60_dataset_30_reference/selected_references/cell_beta_0p21_p_0p00/dataset_032_seed_3217234/width_048/selected_ref_payloads/ref_000/theta.npy,02_dnn/03_reference_search/raw_outputs/18_beta_cell_90_dataset_30_reference/selected_references/cell_beta_0p21_p_0p00/dataset_032_seed_3217234/width_048/selected_refs.json
cell_beta_0p21_p_0p00,dataset_033_seed_3317234,48,0,82.95251480780396,0.00014664444573924199,02_dnn/03_reference_search/raw_outputs/18_beta_cell_60_dataset_30_reference/selected_references/cell_beta_0p21_p_0p00/dataset_033_seed_3317234/width_048/selected_ref_payloads/ref_000/theta.npy,02_dnn/03_reference_search/raw_outputs/18_beta_cell_90_dataset_30_reference/selected_references/cell_beta_0p21_p_0p00/dataset_033_seed_3317234/width_048/selected_refs.json
cell_beta_0p21_p_0p00,dataset_034_seed_3417234,48,0,69.93806166350141,0.0027443058175674008,02_dnn/03_reference_search/raw_outputs/18_beta_cell_60_dataset_30_reference/selected_references/cell_beta_0p21_p_0p00/dataset_034_seed_3417234/width_048/selected_ref_payloads/ref_000/theta.npy,02_dnn/03_reference_search/raw_outputs/18_beta_cell_90_dataset_30_reference/selected_references/cell_beta_0p21_p_0p00/dataset_034_seed_3417234/width_048/selected_refs.json
cell_beta_0p21_p_0p00,dataset_035_seed_3517234,48,0,88.21762025223225,0.0007840921474209981,02_dnn/03_reference_search/raw_outputs/18_beta_cell_60_dataset_30_reference/selected_references/cell_beta_0p21_p_0p00/dataset_035_seed_3517234/width_048/selected_ref_payloads/ref_000/theta.npy,02_dnn/03_reference_search/raw_outputs/18_beta_cell_90_dataset_30_reference/selected_references/cell_beta_0p21_p_0p00/dataset_035_seed_3517234/width_048/selected_refs.json
cell_beta_0p21_p_0p00,dataset_036_seed_3617234,48,0,100.78507227720807,0.0002402943113571254,02_dnn/03_reference_search/raw_outputs/18_beta_cell_60_dataset_30_reference/selected_references/cell_beta_0p21_p_0p00/dataset_036_seed_3617234/width_048/selected_ref_payloads/ref_000/theta.npy,02_dnn/03_reference_search/raw_outputs/18_beta_cell_90_dataset_30_reference/selected_references/cell_beta_0p21_p_0p00/dataset_036_seed_3617234/width_048/selected_refs.json
cell_beta_0p21_p_0p00,dataset_037_seed_3717234,48,0,109.04288345268553,0.0006342811546803198,02_dnn/03_reference_search/raw_outputs/18_beta_cell_60_dataset_30_reference/selected_references/cell_beta_0p21_p_0p00/dataset_037_seed_3717234/width_048/selected_ref_payloads/ref_000/theta.npy,02_dnn/03_reference_search/raw_outputs/18_beta_cell_90_dataset_30_reference/selected_references/cell_beta_0p21_p_0p00/dataset_037_seed_3717234/width_048/selected_refs.json
cell_beta_0p21_p_0p00,dataset_038_seed_3817234,48,0,92.40024844359331,0.0004796580618028069,02_dnn/03_reference_search/raw_outputs/18_beta_cell_60_dataset_30_reference/selected_references/cell_beta_0p21_p_0p00/dataset_038_seed_3817234/width_048/selected_ref_payloads/ref_000/theta.npy,02_dnn/03_reference_search/raw_outputs/18_beta_cell_90_dataset_30_reference/selected_references/cell_beta_0p21_p_0p00/dataset_038_seed_3817234/width_048/selected_refs.json
cell_beta_0p21_p_0p00,dataset_039_seed_3917234,48,0,104.12795483757755,0.0003533499290346337,02_dnn/03_reference_search/raw_outputs/18_beta_cell_60_dataset_30_reference/selected_references/cell_beta_0p21_p_0p00/dataset_039_seed_3917234/width_048/selected_ref_payloads/ref_000/theta.npy,02_dnn/03_reference_search/raw_outputs/18_beta_cell_90_dataset_30_reference/selected_references/cell_beta_0p21_p_0p00/dataset_039_seed_3917234/width_048/selected_refs.json
cell_beta_0p21_p_0p00,dataset_040_seed_4017234,48,0,100.07054414670564,0.0002820497472879132,02_dnn/03_reference_search/raw_outputs/18_beta_cell_60_dataset_30_reference/selected_references/cell_beta_0p21_p_0p00/dataset_040_seed_4017234/width_048/selected_ref_payloads/ref_000/theta.npy,02_dnn/03_reference_search/raw_outputs/18_beta_cell_90_dataset_30_reference/selected_references/cell_beta_0p21_p_0p00/dataset_040_seed_4017234/width_048/selected_refs.json
cell_beta_0p21_p_0p00,dataset_041_seed_4117234,48,0,92.18573353164501,0.0002965249444955208,02_dnn/03_reference_search/raw_outputs/18_beta_cell_60_dataset_30_reference/selected_references/cell_beta_0p21_p_0p00/dataset_041_seed_4117234/width_048/selected_ref_payloads/ref_000/theta.npy,02_dnn/03_reference_search/raw_outputs/18_beta_cell_90_dataset_30_reference/selected_references/cell_beta_0p21_p_0p00/dataset_041_seed_4117234/width_048/selected_refs.json
cell_beta_0p21_p_0p00,dataset_042_seed_4217234,48,0,81.0142811314914,0.0001366889691438549,02_dnn/03_reference_search/raw_outputs/18_beta_cell_60_dataset_30_reference/selected_references/cell_beta_0p21_p_0p00/dataset_042_seed_4217234/width_048/selected_ref_payloads/ref_000/theta.npy,02_dnn/03_reference_search/raw_outputs/18_beta_cell_90_dataset_30_reference/selected_references/cell_beta_0p21_p_0p00/dataset_042_seed_4217234/width_048/selected_refs.json
cell_beta_0p21_p_0p00,dataset_043_seed_4317234,48,0,96.7217231275148,0.0003400084542593192,02_dnn/03_reference_search/raw_outputs/18_beta_cell_60_dataset_30_reference/selected_references/cell_beta_0p21_p_0p00/dataset_043_seed_4317234/width_048/selected_ref_payloads/ref_000/theta.npy,02_dnn/03_reference_search/raw_outputs/18_beta_cell_90_dataset_30_reference/selected_references/cell_beta_0p21_p_0p00/dataset_043_seed_4317234/width_048/selected_refs.json
cell_beta_0p21_p_0p00,dataset_044_seed_4417234,48,0,89.65758217854,0.00019285238097963898,02_dnn/03_reference_search/raw_outputs/18_beta_cell_60_dataset_30_reference/selected_references/cell_beta_0p21_p_0p00/dataset_044_seed_4417234/width_048/selected_ref_payloads/ref_000/theta.npy,02_dnn/03_reference_search/raw_outputs/18_beta_cell_90_dataset_30_reference/selected_references/cell_beta_0p21_p_0p00/dataset_044_seed_4417234/width_048/selected_refs.json
cell_beta_0p21_p_0p00,dataset_045_seed_4517234,48,0,107.05007678859039,0.0007438360985462307,02_dnn/03_reference_search/raw_outputs/18_beta_cell_60_dataset_30_reference/selected_references/cell_beta_0p21_p_0p00/dataset_045_seed_4517234/width_048/selected_ref_payloads/ref_000/theta.npy,02_dnn/03_reference_search/raw_outputs/18_beta_cell_90_dataset_30_reference/selected_references/cell_beta_0p21_p_0p00/dataset_045_seed_4517234/width_048/selected_refs.json
cell_beta_0p21_p_0p00,dataset_046_seed_4617234,48,0,96.14166052063156,0.0012022434582651595,02_dnn/03_reference_search/raw_outputs/18_beta_cell_60_dataset_30_reference/selected_references/cell_beta_0p21_p_0p00/dataset_046_seed_4617234/width_048/selected_ref_payloads/ref_000/theta.npy,02_dnn/03_reference_search/raw_outputs/18_beta_cell_90_dataset_30_reference/selected_references/cell_beta_0p21_p_0p00/dataset_046_seed_4617234/width_048/selected_refs.json
cell_beta_0p21_p_0p00,dataset_047_seed_4717234,48,0,97.84954902041122,0.0002941702700236313,02_dnn/03_reference_search/raw_outputs/18_beta_cell_60_dataset_30_reference/selected_references/cell_beta_0p21_p_0p00/dataset_047_seed_4717234/width_048/selected_ref_payloads/ref_000/theta.npy,02_dnn/03_reference_search/raw_outputs/18_beta_cell_90_dataset_30_reference/selected_references/cell_beta_0p21_p_0p00/dataset_047_seed_4717234/width_048/selected_refs.json
cell_beta_0p21_p_0p00,dataset_048_seed_4817234,48,0,78.86340102248035,0.00012966523584592585,02_dnn/03_reference_search/raw_outputs/18_beta_cell_60_dataset_30_reference/selected_references/cell_beta_0p21_p_0p00/dataset_048_seed_4817234/width_048/selected_ref_payloads/ref_000/theta.npy,02_dnn/03_reference_search/raw_outputs/18_beta_cell_90_dataset_30_reference/selected_references/cell_beta_0p21_p_0p00/dataset_048_seed_4817234/width_048/selected_refs.json
cell_beta_0p21_p_0p00,dataset_049_seed_4917234,48,0,95.73227322300261,0.0006469391917624165,02_dnn/03_reference_search/raw_outputs/18_beta_cell_60_dataset_30_reference/selected_references/cell_beta_0p21_p_0p00/dataset_049_seed_4917234/width_048/selected_ref_payloads/ref_000/theta.npy,02_dnn/03_reference_search/raw_outputs/18_beta_cell_90_dataset_30_reference/selected_references/cell_beta_0p21_p_0p00/dataset_049_seed_4917234/width_048/selected_refs.json
cell_beta_0p21_p_0p00,dataset_050_seed_5017234,48,0,117.25215342440663,0.0007359655453696259,02_dnn/03_reference_search/raw_outputs/18_beta_cell_60_dataset_30_reference/selected_references/cell_beta_0p21_p_0p00/dataset_050_seed_5017234/width_048/selected_ref_payloads/ref_000/theta.npy,02_dnn/03_reference_search/raw_outputs/18_beta_cell_90_dataset_30_reference/selected_references/cell_beta_0p21_p_0p00/dataset_050_seed_5017234/width_048/selected_refs.json
cell_beta_0p21_p_0p00,dataset_051_seed_5117234,48,0,79.99035247747088,0.0003634705880650978,02_dnn/03_reference_search/raw_outputs/18_beta_cell_60_dataset_30_reference/selected_references/cell_beta_0p21_p_0p00/dataset_051_seed_5117234/width_048/selected_ref_payloads/ref_000/theta.npy,02_dnn/03_reference_search/raw_outputs/18_beta_cell_90_dataset_30_reference/selected_references/cell_beta_0p21_p_0p00/dataset_051_seed_5117234/width_048/selected_refs.json
cell_beta_0p21_p_0p00,dataset_052_seed_5217234,48,0,107.88216955684955,0.00037835839148883904,02_dnn/03_reference_search/raw_outputs/18_beta_cell_60_dataset_30_reference/selected_references/cell_beta_0p21_p_0p00/dataset_052_seed_5217234/width_048/selected_ref_payloads/ref_000/theta.npy,02_dnn/03_reference_search/raw_outputs/18_beta_cell_90_dataset_30_reference/selected_references/cell_beta_0p21_p_0p00/dataset_052_seed_5217234/width_048/selected_refs.json
cell_beta_0p21_p_0p00,dataset_053_seed_5317234,48,0,113.06266890969174,0.0005918317252625439,02_dnn/03_reference_search/raw_outputs/18_beta_cell_60_dataset_30_reference/selected_references/cell_beta_0p21_p_0p00/dataset_053_seed_5317234/width_048/selected_ref_payloads/ref_000/theta.npy,02_dnn/03_reference_search/raw_outputs/18_beta_cell_90_dataset_30_reference/selected_references/cell_beta_0p21_p_0p00/dataset_053_seed_5317234/width_048/selected_refs.json
cell_beta_0p21_p_0p00,dataset_054_seed_5417234,48,0,93.70667960506526,0.0004463781328811336,02_dnn/03_reference_search/raw_outputs/18_beta_cell_60_dataset_30_reference/selected_references/cell_beta_0p21_p_0p00/dataset_054_seed_5417234/width_048/selected_ref_payloads/ref_000/theta.npy,02_dnn/03_reference_search/raw_outputs/18_beta_cell_90_dataset_30_reference/selected_references/cell_beta_0p21_p_0p00/dataset_054_seed_5417234/width_048/selected_refs.json
cell_beta_0p21_p_0p00,dataset_055_seed_5517234,48,0,111.85149728721869,0.0004148370225087589,02_dnn/03_reference_search/raw_outputs/18_beta_cell_60_dataset_30_reference/selected_references/cell_beta_0p21_p_0p00/dataset_055_seed_5517234/width_048/selected_ref_payloads/ref_000/theta.npy,02_dnn/03_reference_search/raw_outputs/18_beta_cell_90_dataset_30_reference/selected_references/cell_beta_0p21_p_0p00/dataset_055_seed_5517234/width_048/selected_refs.json
cell_beta_0p21_p_0p00,dataset_056_seed_5617234,48,0,92.31228711978876,0.0004714405475092525,02_dnn/03_reference_search/raw_outputs/18_beta_cell_60_dataset_30_reference/selected_references/cell_beta_0p21_p_0p00/dataset_056_seed_5617234/width_048/selected_ref_payloads/ref_000/theta.npy,02_dnn/03_reference_search/raw_outputs/18_beta_cell_90_dataset_30_reference/selected_references/cell_beta_0p21_p_0p00/dataset_056_seed_5617234/width_048/selected_refs.json
cell_beta_0p21_p_0p00,dataset_057_seed_5717234,48,0,95.04127883759585,0.0017384505191947873,02_dnn/03_reference_search/raw_outputs/18_beta_cell_60_dataset_30_reference/selected_references/cell_beta_0p21_p_0p00/dataset_057_seed_5717234/width_048/selected_ref_payloads/ref_000/theta.npy,02_dnn/03_reference_search/raw_outputs/18_beta_cell_90_dataset_30_reference/selected_references/cell_beta_0p21_p_0p00/dataset_057_seed_5717234/width_048/selected_refs.json
cell_beta_0p21_p_0p00,dataset_058_seed_5817234,48,0,92.8179899746793,0.00034261410633346643,02_dnn/03_reference_search/raw_outputs/18_beta_cell_60_dataset_30_reference/selected_references/cell_beta_0p21_p_0p00/dataset_058_seed_5817234/width_048/selected_ref_payloads/ref_000/theta.npy,02_dnn/03_reference_search/raw_outputs/18_beta_cell_90_dataset_30_reference/selected_references/cell_beta_0p21_p_0p00/dataset_058_seed_5817234/width_048/selected_refs.json
cell_beta_0p21_p_0p00,dataset_059_seed_5917234,48,0,111.0711924105264,0.00027518862531379916,02_dnn/03_reference_search/raw_outputs/18_beta_cell_60_dataset_30_reference/selected_references/cell_beta_0p21_p_0p00/dataset_059_seed_5917234/width_048/selected_ref_payloads/ref_000/theta.npy,02_dnn/03_reference_search/raw_outputs/18_beta_cell_90_dataset_30_reference/selected_references/cell_beta_0p21_p_0p00/dataset_059_seed_5917234/width_048/selected_refs.json
cell_beta_0p21_p_0p00,dataset_060_seed_6017234,48,0,97.9842156912221,0.00023181838470357012,02_dnn/03_reference_search/raw_outputs/18_beta_cell_90_dataset_30_reference/selected_references/cell_beta_0p21_p_0p00/dataset_060_seed_6017234/width_048/selected_ref_payloads/ref_000/theta.npy,02_dnn/03_reference_search/raw_outputs/18_beta_cell_90_dataset_30_reference/selected_references/cell_beta_0p21_p_0p00/dataset_060_seed_6017234/width_048/selected_refs.json
cell_beta_0p21_p_0p00,dataset_061_seed_6117234,48,0,108.43411146710835,0.00023578656508307417,02_dnn/03_reference_search/raw_outputs/18_beta_cell_90_dataset_30_reference/selected_references/cell_beta_0p21_p_0p00/dataset_061_seed_6117234/width_048/selected_ref_payloads/ref_000/theta.npy,02_dnn/03_reference_search/raw_outputs/18_beta_cell_90_dataset_30_reference/selected_references/cell_beta_0p21_p_0p00/dataset_061_seed_6117234/width_048/selected_refs.json
cell_beta_0p21_p_0p00,dataset_062_seed_6217234,48,0,87.80727044272282,0.00016518487088747113,02_dnn/03_reference_search/raw_outputs/18_beta_cell_90_dataset_30_reference/selected_references/cell_beta_0p21_p_0p00/dataset_062_seed_6217234/width_048/selected_ref_payloads/ref_000/theta.npy,02_dnn/03_reference_search/raw_outputs/18_beta_cell_90_dataset_30_reference/selected_references/cell_beta_0p21_p_0p00/dataset_062_seed_6217234/width_048/selected_refs.json
cell_beta_0p21_p_0p00,dataset_063_seed_6317234,48,0,95.43148150245818,0.0007606440546128654,02_dnn/03_reference_search/raw_outputs/18_beta_cell_90_dataset_30_reference/selected_references/cell_beta_0p21_p_0p00/dataset_063_seed_6317234/width_048/selected_ref_payloads/ref_000/theta.npy,02_dnn/03_reference_search/raw_outputs/18_beta_cell_90_dataset_30_reference/selected_references/cell_beta_0p21_p_0p00/dataset_063_seed_6317234/width_048/selected_refs.json
cell_beta_0p21_p_0p00,dataset_064_seed_6417234,48,0,91.33723998322083,0.0002670913663151094,02_dnn/03_reference_search/raw_outputs/18_beta_cell_90_dataset_30_reference/selected_references/cell_beta_0p21_p_0p00/dataset_064_seed_6417234/width_048/selected_ref_payloads/ref_000/theta.npy,02_dnn/03_reference_search/raw_outputs/18_beta_cell_90_dataset_30_reference/selected_references/cell_beta_0p21_p_0p00/dataset_064_seed_6417234/width_048/selected_refs.json
cell_beta_0p21_p_0p00,dataset_065_seed_6517234,48,0,122.88675623394307,0.0004656140540413056,02_dnn/03_reference_search/raw_outputs/18_beta_cell_90_dataset_30_reference/selected_references/cell_beta_0p21_p_0p00/dataset_065_seed_6517234/width_048/selected_ref_payloads/ref_000/theta.npy,02_dnn/03_reference_search/raw_outputs/18_beta_cell_90_dataset_30_reference/selected_references/cell_beta_0p21_p_0p00/dataset_065_seed_6517234/width_048/selected_refs.json
cell_beta_0p21_p_0p00,dataset_066_seed_6617234,48,0,98.96093984474592,0.0009913267783501654,02_dnn/03_reference_search/raw_outputs/18_beta_cell_90_dataset_30_reference/selected_references/cell_beta_0p21_p_0p00/dataset_066_seed_6617234/width_048/selected_ref_payloads/ref_000/theta.npy,02_dnn/03_reference_search/raw_outputs/18_beta_cell_90_dataset_30_reference/selected_references/cell_beta_0p21_p_0p00/dataset_066_seed_6617234/width_048/selected_refs.json
cell_beta_0p21_p_0p00,dataset_067_seed_6717234,48,0,104.30179752199132,0.00024262882376716128,02_dnn/03_reference_search/raw_outputs/18_beta_cell_90_dataset_30_reference/selected_references/cell_beta_0p21_p_0p00/dataset_067_seed_6717234/width_048/selected_ref_payloads/ref_000/theta.npy,02_dnn/03_reference_search/raw_outputs/18_beta_cell_90_dataset_30_reference/selected_references/cell_beta_0p21_p_0p00/dataset_067_seed_6717234/width_048/selected_refs.json
cell_beta_0p21_p_0p00,dataset_068_seed_6817234,48,0,88.1548295631887,0.00020584206412415566,02_dnn/03_reference_search/raw_outputs/18_beta_cell_90_dataset_30_reference/selected_references/cell_beta_0p21_p_0p00/dataset_068_seed_6817234/width_048/selected_ref_payloads/ref_000/theta.npy,02_dnn/03_reference_search/raw_outputs/18_beta_cell_90_dataset_30_reference/selected_references/cell_beta_0p21_p_0p00/dataset_068_seed_6817234/width_048/selected_refs.json
cell_beta_0p21_p_0p00,dataset_069_seed_6917234,48,0,83.09099126829057,0.0003339685920603541,02_dnn/03_reference_search/raw_outputs/18_beta_cell_90_dataset_30_reference/selected_references/cell_beta_0p21_p_0p00/dataset_069_seed_6917234/width_048/selected_ref_payloads/ref_000/theta.npy,02_dnn/03_reference_search/raw_outputs/18_beta_cell_90_dataset_30_reference/selected_references/cell_beta_0p21_p_0p00/dataset_069_seed_6917234/width_048/selected_refs.json
cell_beta_0p21_p_0p00,dataset_070_seed_7017234,48,0,93.71549104544913,0.00021552963052752895,02_dnn/03_reference_search/raw_outputs/18_beta_cell_90_dataset_30_reference/selected_references/cell_beta_0p21_p_0p00/dataset_070_seed_7017234/width_048/selected_ref_payloads/ref_000/theta.npy,02_dnn/03_reference_search/raw_outputs/18_beta_cell_90_dataset_30_reference/selected_references/cell_beta_0p21_p_0p00/dataset_070_seed_7017234/width_048/selected_refs.json
cell_beta_0p21_p_0p00,dataset_071_seed_7117234,48,0,95.25645232093004,0.00019410228231984448,02_dnn/03_reference_search/raw_outputs/18_beta_cell_90_dataset_30_reference/selected_references/cell_beta_0p21_p_0p00/dataset_071_seed_7117234/width_048/selected_ref_payloads/ref_000/theta.npy,02_dnn/03_reference_search/raw_outputs/18_beta_cell_90_dataset_30_reference/selected_references/cell_beta_0p21_p_0p00/dataset_071_seed_7117234/width_048/selected_refs.json
cell_beta_0p21_p_0p00,dataset_072_seed_7217234,48,0,83.7556495714853,0.00015124947366945568,02_dnn/03_reference_search/raw_outputs/18_beta_cell_90_dataset_30_reference/selected_references/cell_beta_0p21_p_0p00/dataset_072_seed_7217234/width_048/selected_ref_payloads/ref_000/theta.npy,02_dnn/03_reference_search/raw_outputs/18_beta_cell_90_dataset_30_reference/selected_references/cell_beta_0p21_p_0p00/dataset_072_seed_7217234/width_048/selected_refs.json
cell_beta_0p21_p_0p00,dataset_073_seed_7317234,48,0,80.79479523097642,0.00013987085103618803,02_dnn/03_reference_search/raw_outputs/18_beta_cell_90_dataset_30_reference/selected_references/cell_beta_0p21_p_0p00/dataset_073_seed_7317234/width_048/selected_ref_payloads/ref_000/theta.npy,02_dnn/03_reference_search/raw_outputs/18_beta_cell_90_dataset_30_reference/selected_references/cell_beta_0p21_p_0p00/dataset_073_seed_7317234/width_048/selected_refs.json
cell_beta_0p21_p_0p00,dataset_074_seed_7417234,48,0,92.28748594601367,0.00018526343042103127,02_dnn/03_reference_search/raw_outputs/18_beta_cell_90_dataset_30_reference/selected_references/cell_beta_0p21_p_0p00/dataset_074_seed_7417234/width_048/selected_ref_payloads/ref_000/theta.npy,02_dnn/03_reference_search/raw_outputs/18_beta_cell_90_dataset_30_reference/selected_references/cell_beta_0p21_p_0p00/dataset_074_seed_7417234/width_048/selected_refs.json
cell_beta_0p21_p_0p00,dataset_075_seed_7517234,48,0,93.19693506353231,0.0002285001792982434,02_dnn/03_reference_search/raw_outputs/18_beta_cell_90_dataset_30_reference/selected_references/cell_beta_0p21_p_0p00/dataset_075_seed_7517234/width_048/selected_ref_payloads/ref_000/theta.npy,02_dnn/03_reference_search/raw_outputs/18_beta_cell_90_dataset_30_reference/selected_references/cell_beta_0p21_p_0p00/dataset_075_seed_7517234/width_048/selected_refs.json
cell_beta_0p21_p_0p00,dataset_076_seed_7617234,48,0,97.22380875496765,0.0023265628430301707,02_dnn/03_reference_search/raw_outputs/18_beta_cell_90_dataset_30_reference/selected_references/cell_beta_0p21_p_0p00/dataset_076_seed_7617234/width_048/selected_ref_payloads/ref_000/theta.npy,02_dnn/03_reference_search/raw_outputs/18_beta_cell_90_dataset_30_reference/selected_references/cell_beta_0p21_p_0p00/dataset_076_seed_7617234/width_048/selected_refs.json
cell_beta_0p21_p_0p00,dataset_077_seed_7717234,48,0,88.30269457161462,0.000286700777677278,02_dnn/03_reference_search/raw_outputs/18_beta_cell_90_dataset_30_reference/selected_references/cell_beta_0p21_p_0p00/dataset_077_seed_7717234/width_048/selected_ref_payloads/ref_000/theta.npy,02_dnn/03_reference_search/raw_outputs/18_beta_cell_90_dataset_30_reference/selected_references/cell_beta_0p21_p_0p00/dataset_077_seed_7717234/width_048/selected_refs.json
cell_beta_0p21_p_0p00,dataset_078_seed_7817234,48,0,80.06527212392754,0.0005126174706678005,02_dnn/03_reference_search/raw_outputs/18_beta_cell_90_dataset_30_reference/selected_references/cell_beta_0p21_p_0p00/dataset_078_seed_7817234/width_048/selected_ref_payloads/ref_000/theta.npy,02_dnn/03_reference_search/raw_outputs/18_beta_cell_90_dataset_30_reference/selected_references/cell_beta_0p21_p_0p00/dataset_078_seed_7817234/width_048/selected_refs.json
cell_beta_0p21_p_0p00,dataset_079_seed_7917234,48,0,88.5615167786933,0.0006247583670172378,02_dnn/03_reference_search/raw_outputs/18_beta_cell_90_dataset_30_reference/selected_references/cell_beta_0p21_p_0p00/dataset_079_seed_7917234/width_048/selected_ref_payloads/ref_000/theta.npy,02_dnn/03_reference_search/raw_outputs/18_beta_cell_90_dataset_30_reference/selected_references/cell_beta_0p21_p_0p00/dataset_079_seed_7917234/width_048/selected_refs.json
cell_beta_0p21_p_0p00,dataset_080_seed_8017234,48,0,88.52268794283626,0.00018033654825936422,02_dnn/03_reference_search/raw_outputs/18_beta_cell_90_dataset_30_reference/selected_references/cell_beta_0p21_p_0p00/dataset_080_seed_8017234/width_048/selected_ref_payloads/ref_000/theta.npy,02_dnn/03_reference_search/raw_outputs/18_beta_cell_90_dataset_30_reference/selected_references/cell_beta_0p21_p_0p00/dataset_080_seed_8017234/width_048/selected_refs.json
cell_beta_0p21_p_0p00,dataset_081_seed_8117234,48,0,122.66735229451311,0.00037954432833038024,02_dnn/03_reference_search/raw_outputs/18_beta_cell_90_dataset_30_reference/selected_references/cell_beta_0p21_p_0p00/dataset_081_seed_8117234/width_048/selected_ref_payloads/ref_000/theta.npy,02_dnn/03_reference_search/raw_outputs/18_beta_cell_90_dataset_30_reference/selected_references/cell_beta_0p21_p_0p00/dataset_081_seed_8117234/width_048/selected_refs.json
cell_beta_0p21_p_0p00,dataset_082_seed_8217234,48,0,95.87812691338978,0.0009210640372192493,02_dnn/03_reference_search/raw_outputs/18_beta_cell_90_dataset_30_reference/selected_references/cell_beta_0p21_p_0p00/dataset_082_seed_8217234/width_048/selected_ref_payloads/ref_000/theta.npy,02_dnn/03_reference_search/raw_outputs/18_beta_cell_90_dataset_30_reference/selected_references/cell_beta_0p21_p_0p00/dataset_082_seed_8217234/width_048/selected_refs.json
cell_beta_0p21_p_0p00,dataset_083_seed_8317234,48,0,92.07889699804495,0.00021786558821635673,02_dnn/03_reference_search/raw_outputs/18_beta_cell_90_dataset_30_reference/selected_references/cell_beta_0p21_p_0p00/dataset_083_seed_8317234/width_048/selected_ref_payloads/ref_000/theta.npy,02_dnn/03_reference_search/raw_outputs/18_beta_cell_90_dataset_30_reference/selected_references/cell_beta_0p21_p_0p00/dataset_083_seed_8317234/width_048/selected_refs.json
cell_beta_0p21_p_0p00,dataset_084_seed_8417234,48,0,80.94615128269538,0.00013977279583114724,02_dnn/03_reference_search/raw_outputs/18_beta_cell_90_dataset_30_reference/selected_references/cell_beta_0p21_p_0p00/dataset_084_seed_8417234/width_048/selected_ref_payloads/ref_000/theta.npy,02_dnn/03_reference_search/raw_outputs/18_beta_cell_90_dataset_30_reference/selected_references/cell_beta_0p21_p_0p00/dataset_084_seed_8417234/width_048/selected_refs.json
cell_beta_0p21_p_0p00,dataset_085_seed_8517234,48,0,98.31338809103306,0.0002468518042069381,02_dnn/03_reference_search/raw_outputs/18_beta_cell_90_dataset_30_reference/selected_references/cell_beta_0p21_p_0p00/dataset_085_seed_8517234/width_048/selected_ref_payloads/ref_000/theta.npy,02_dnn/03_reference_search/raw_outputs/18_beta_cell_90_dataset_30_reference/selected_references/cell_beta_0p21_p_0p00/dataset_085_seed_8517234/width_048/selected_refs.json
cell_beta_0p21_p_0p00,dataset_086_seed_8617234,48,0,95.89679861970346,0.00028440967150792837,02_dnn/03_reference_search/raw_outputs/18_beta_cell_90_dataset_30_reference/selected_references/cell_beta_0p21_p_0p00/dataset_086_seed_8617234/width_048/selected_ref_payloads/ref_000/theta.npy,02_dnn/03_reference_search/raw_outputs/18_beta_cell_90_dataset_30_reference/selected_references/cell_beta_0p21_p_0p00/dataset_086_seed_8617234/width_048/selected_refs.json
cell_beta_0p21_p_0p00,dataset_087_seed_8717234,48,0,101.88449677420702,0.0005568468374446862,02_dnn/03_reference_search/raw_outputs/18_beta_cell_90_dataset_30_reference/selected_references/cell_beta_0p21_p_0p00/dataset_087_seed_8717234/width_048/selected_ref_payloads/ref_000/theta.npy,02_dnn/03_reference_search/raw_outputs/18_beta_cell_90_dataset_30_reference/selected_references/cell_beta_0p21_p_0p00/dataset_087_seed_8717234/width_048/selected_refs.json
cell_beta_0p21_p_0p00,dataset_088_seed_8817234,48,0,89.97533036654694,0.00028751333677755385,02_dnn/03_reference_search/raw_outputs/18_beta_cell_90_dataset_30_reference/selected_references/cell_beta_0p21_p_0p00/dataset_088_seed_8817234/width_048/selected_ref_payloads/ref_000/theta.npy,02_dnn/03_reference_search/raw_outputs/18_beta_cell_90_dataset_30_reference/selected_references/cell_beta_0p21_p_0p00/dataset_088_seed_8817234/width_048/selected_refs.json
cell_beta_0p21_p_0p00,dataset_089_seed_8917234,48,0,106.03074562488052,0.00031139504343695586,02_dnn/03_reference_search/raw_outputs/18_beta_cell_90_dataset_30_reference/selected_references/cell_beta_0p21_p_0p00/dataset_089_seed_8917234/width_048/selected_ref_payloads/ref_000/theta.npy,02_dnn/03_reference_search/raw_outputs/18_beta_cell_90_dataset_30_reference/selected_references/cell_beta_0p21_p_0p00/dataset_089_seed_8917234/width_048/selected_refs.json
cell_beta_0p23_p_0p00,dataset_000_seed_019234,48,0,,,02_dnn/03_reference_search/raw_outputs/36_beta_cell_30_dataset_30_reference/selected_references/cell_beta_0p23_p_0p00/dataset_000_seed_019234/width_048/selected_ref_payloads/ref_000/theta.npy,02_dnn/03_reference_search/raw_outputs/18_beta_cell_90_dataset_30_reference/selected_references/cell_beta_0p23_p_0p00/dataset_000_seed_019234/width_048/selected_refs.json
cell_beta_0p23_p_0p00,dataset_001_seed_119234,48,0,,,02_dnn/03_reference_search/raw_outputs/36_beta_cell_30_dataset_30_reference/selected_references/cell_beta_0p23_p_0p00/dataset_001_seed_119234/width_048/selected_ref_payloads/ref_000/theta.npy,02_dnn/03_reference_search/raw_outputs/18_beta_cell_90_dataset_30_reference/selected_references/cell_beta_0p23_p_0p00/dataset_001_seed_119234/width_048/selected_refs.json
cell_beta_0p23_p_0p00,dataset_002_seed_219234,48,0,,,02_dnn/03_reference_search/raw_outputs/36_beta_cell_30_dataset_30_reference/selected_references/cell_beta_0p23_p_0p00/dataset_002_seed_219234/width_048/selected_ref_payloads/ref_000/theta.npy,02_dnn/03_reference_search/raw_outputs/18_beta_cell_90_dataset_30_reference/selected_references/cell_beta_0p23_p_0p00/dataset_002_seed_219234/width_048/selected_refs.json
cell_beta_0p23_p_0p00,dataset_003_seed_319234,48,0,,,02_dnn/03_reference_search/raw_outputs/36_beta_cell_30_dataset_30_reference/selected_references/cell_beta_0p23_p_0p00/dataset_003_seed_319234/width_048/selected_ref_payloads/ref_000/theta.npy,02_dnn/03_reference_search/raw_outputs/18_beta_cell_90_dataset_30_reference/selected_references/cell_beta_0p23_p_0p00/dataset_003_seed_319234/width_048/selected_refs.json
cell_beta_0p23_p_0p00,dataset_004_seed_419234,48,0,,,02_dnn/03_reference_search/raw_outputs/36_beta_cell_30_dataset_30_reference/selected_references/cell_beta_0p23_p_0p00/dataset_004_seed_419234/width_048/selected_ref_payloads/ref_000/theta.npy,02_dnn/03_reference_search/raw_outputs/18_beta_cell_90_dataset_30_reference/selected_references/cell_beta_0p23_p_0p00/dataset_004_seed_419234/width_048/selected_refs.json
cell_beta_0p23_p_0p00,dataset_005_seed_519234,48,0,,,02_dnn/03_reference_search/raw_outputs/36_beta_cell_30_dataset_30_reference/selected_references/cell_beta_0p23_p_0p00/dataset_005_seed_519234/width_048/selected_ref_payloads/ref_000/theta.npy,02_dnn/03_reference_search/raw_outputs/18_beta_cell_90_dataset_30_reference/selected_references/cell_beta_0p23_p_0p00/dataset_005_seed_519234/width_048/selected_refs.json
cell_beta_0p23_p_0p00,dataset_006_seed_619234,48,0,,,02_dnn/03_reference_search/raw_outputs/36_beta_cell_30_dataset_30_reference/selected_references/cell_beta_0p23_p_0p00/dataset_006_seed_619234/width_048/selected_ref_payloads/ref_000/theta.npy,02_dnn/03_reference_search/raw_outputs/18_beta_cell_90_dataset_30_reference/selected_references/cell_beta_0p23_p_0p00/dataset_006_seed_619234/width_048/selected_refs.json
cell_beta_0p23_p_0p00,dataset_007_seed_719234,48,0,,,02_dnn/03_reference_search/raw_outputs/36_beta_cell_30_dataset_30_reference/selected_references/cell_beta_0p23_p_0p00/dataset_007_seed_719234/width_048/selected_ref_payloads/ref_000/theta.npy,02_dnn/03_reference_search/raw_outputs/18_beta_cell_90_dataset_30_reference/selected_references/cell_beta_0p23_p_0p00/dataset_007_seed_719234/width_048/selected_refs.json
cell_beta_0p23_p_0p00,dataset_008_seed_819234,48,0,,,02_dnn/03_reference_search/raw_outputs/36_beta_cell_30_dataset_30_reference/selected_references/cell_beta_0p23_p_0p00/dataset_008_seed_819234/width_048/selected_ref_payloads/ref_000/theta.npy,02_dnn/03_reference_search/raw_outputs/18_beta_cell_90_dataset_30_reference/selected_references/cell_beta_0p23_p_0p00/dataset_008_seed_819234/width_048/selected_refs.json
cell_beta_0p23_p_0p00,dataset_009_seed_919234,48,0,,,02_dnn/03_reference_search/raw_outputs/36_beta_cell_30_dataset_30_reference/selected_references/cell_beta_0p23_p_0p00/dataset_009_seed_919234/width_048/selected_ref_payloads/ref_000/theta.npy,02_dnn/03_reference_search/raw_outputs/18_beta_cell_90_dataset_30_reference/selected_references/cell_beta_0p23_p_0p00/dataset_009_seed_919234/width_048/selected_refs.json
cell_beta_0p23_p_0p00,dataset_010_seed_1019234,48,0,,,02_dnn/03_reference_search/raw_outputs/36_beta_cell_30_dataset_30_reference/selected_references/cell_beta_0p23_p_0p00/dataset_010_seed_1019234/width_048/selected_ref_payloads/ref_000/theta.npy,02_dnn/03_reference_search/raw_outputs/18_beta_cell_90_dataset_30_reference/selected_references/cell_beta_0p23_p_0p00/dataset_010_seed_1019234/width_048/selected_refs.json
cell_beta_0p23_p_0p00,dataset_011_seed_1119234,48,0,,,02_dnn/03_reference_search/raw_outputs/36_beta_cell_30_dataset_30_reference/selected_references/cell_beta_0p23_p_0p00/dataset_011_seed_1119234/width_048/selected_ref_payloads/ref_000/theta.npy,02_dnn/03_reference_search/raw_outputs/18_beta_cell_90_dataset_30_reference/selected_references/cell_beta_0p23_p_0p00/dataset_011_seed_1119234/width_048/selected_refs.json
cell_beta_0p23_p_0p00,dataset_012_seed_1219234,48,0,,,02_dnn/03_reference_search/raw_outputs/36_beta_cell_30_dataset_30_reference/selected_references/cell_beta_0p23_p_0p00/dataset_012_seed_1219234/width_048/selected_ref_payloads/ref_000/theta.npy,02_dnn/03_reference_search/raw_outputs/18_beta_cell_90_dataset_30_reference/selected_references/cell_beta_0p23_p_0p00/dataset_012_seed_1219234/width_048/selected_refs.json
cell_beta_0p23_p_0p00,dataset_013_seed_1319234,48,0,,,02_dnn/03_reference_search/raw_outputs/36_beta_cell_30_dataset_30_reference/selected_references/cell_beta_0p23_p_0p00/dataset_013_seed_1319234/width_048/selected_ref_payloads/ref_000/theta.npy,02_dnn/03_reference_search/raw_outputs/18_beta_cell_90_dataset_30_reference/selected_references/cell_beta_0p23_p_0p00/dataset_013_seed_1319234/width_048/selected_refs.json
cell_beta_0p23_p_0p00,dataset_014_seed_1419234,48,0,,,02_dnn/03_reference_search/raw_outputs/36_beta_cell_30_dataset_30_reference/selected_references/cell_beta_0p23_p_0p00/dataset_014_seed_1419234/width_048/selected_ref_payloads/ref_000/theta.npy,02_dnn/03_reference_search/raw_outputs/18_beta_cell_90_dataset_30_reference/selected_references/cell_beta_0p23_p_0p00/dataset_014_seed_1419234/width_048/selected_refs.json
cell_beta_0p23_p_0p00,dataset_015_seed_1519234,48,0,,,02_dnn/03_reference_search/raw_outputs/36_beta_cell_30_dataset_30_reference/selected_references/cell_beta_0p23_p_0p00/dataset_015_seed_1519234/width_048/selected_ref_payloads/ref_000/theta.npy,02_dnn/03_reference_search/raw_outputs/18_beta_cell_90_dataset_30_reference/selected_references/cell_beta_0p23_p_0p00/dataset_015_seed_1519234/width_048/selected_refs.json
cell_beta_0p23_p_0p00,dataset_016_seed_1619234,48,0,,,02_dnn/03_reference_search/raw_outputs/36_beta_cell_30_dataset_30_reference/selected_references/cell_beta_0p23_p_0p00/dataset_016_seed_1619234/width_048/selected_ref_payloads/ref_000/theta.npy,02_dnn/03_reference_search/raw_outputs/18_beta_cell_90_dataset_30_reference/selected_references/cell_beta_0p23_p_0p00/dataset_016_seed_1619234/width_048/selected_refs.json
cell_beta_0p23_p_0p00,dataset_017_seed_1719234,48,0,,,02_dnn/03_reference_search/raw_outputs/36_beta_cell_30_dataset_30_reference/selected_references/cell_beta_0p23_p_0p00/dataset_017_seed_1719234/width_048/selected_ref_payloads/ref_000/theta.npy,02_dnn/03_reference_search/raw_outputs/18_beta_cell_90_dataset_30_reference/selected_references/cell_beta_0p23_p_0p00/dataset_017_seed_1719234/width_048/selected_refs.json
cell_beta_0p23_p_0p00,dataset_018_seed_1819234,48,0,,,02_dnn/03_reference_search/raw_outputs/36_beta_cell_30_dataset_30_reference/selected_references/cell_beta_0p23_p_0p00/dataset_018_seed_1819234/width_048/selected_ref_payloads/ref_000/theta.npy,02_dnn/03_reference_search/raw_outputs/18_beta_cell_90_dataset_30_reference/selected_references/cell_beta_0p23_p_0p00/dataset_018_seed_1819234/width_048/selected_refs.json
cell_beta_0p23_p_0p00,dataset_019_seed_1919234,48,0,,,02_dnn/03_reference_search/raw_outputs/36_beta_cell_30_dataset_30_reference/selected_references/cell_beta_0p23_p_0p00/dataset_019_seed_1919234/width_048/selected_ref_payloads/ref_000/theta.npy,02_dnn/03_reference_search/raw_outputs/18_beta_cell_90_dataset_30_reference/selected_references/cell_beta_0p23_p_0p00/dataset_019_seed_1919234/width_048/selected_refs.json
cell_beta_0p23_p_0p00,dataset_020_seed_2019234,48,0,,,02_dnn/03_reference_search/raw_outputs/36_beta_cell_30_dataset_30_reference/selected_references/cell_beta_0p23_p_0p00/dataset_020_seed_2019234/width_048/selected_ref_payloads/ref_000/theta.npy,02_dnn/03_reference_search/raw_outputs/18_beta_cell_90_dataset_30_reference/selected_references/cell_beta_0p23_p_0p00/dataset_020_seed_2019234/width_048/selected_refs.json
cell_beta_0p23_p_0p00,dataset_021_seed_2119234,48,0,,,02_dnn/03_reference_search/raw_outputs/36_beta_cell_30_dataset_30_reference/selected_references/cell_beta_0p23_p_0p00/dataset_021_seed_2119234/width_048/selected_ref_payloads/ref_000/theta.npy,02_dnn/03_reference_search/raw_outputs/18_beta_cell_90_dataset_30_reference/selected_references/cell_beta_0p23_p_0p00/dataset_021_seed_2119234/width_048/selected_refs.json
cell_beta_0p23_p_0p00,dataset_022_seed_2219234,48,0,,,02_dnn/03_reference_search/raw_outputs/36_beta_cell_30_dataset_30_reference/selected_references/cell_beta_0p23_p_0p00/dataset_022_seed_2219234/width_048/selected_ref_payloads/ref_000/theta.npy,02_dnn/03_reference_search/raw_outputs/18_beta_cell_90_dataset_30_reference/selected_references/cell_beta_0p23_p_0p00/dataset_022_seed_2219234/width_048/selected_refs.json
cell_beta_0p23_p_0p00,dataset_023_seed_2319234,48,0,,,02_dnn/03_reference_search/raw_outputs/36_beta_cell_30_dataset_30_reference/selected_references/cell_beta_0p23_p_0p00/dataset_023_seed_2319234/width_048/selected_ref_payloads/ref_000/theta.npy,02_dnn/03_reference_search/raw_outputs/18_beta_cell_90_dataset_30_reference/selected_references/cell_beta_0p23_p_0p00/dataset_023_seed_2319234/width_048/selected_refs.json
cell_beta_0p23_p_0p00,dataset_024_seed_2419234,48,0,,,02_dnn/03_reference_search/raw_outputs/36_beta_cell_30_dataset_30_reference/selected_references/cell_beta_0p23_p_0p00/dataset_024_seed_2419234/width_048/selected_ref_payloads/ref_000/theta.npy,02_dnn/03_reference_search/raw_outputs/18_beta_cell_90_dataset_30_reference/selected_references/cell_beta_0p23_p_0p00/dataset_024_seed_2419234/width_048/selected_refs.json
cell_beta_0p23_p_0p00,dataset_025_seed_2519234,48,0,,,02_dnn/03_reference_search/raw_outputs/36_beta_cell_30_dataset_30_reference/selected_references/cell_beta_0p23_p_0p00/dataset_025_seed_2519234/width_048/selected_ref_payloads/ref_000/theta.npy,02_dnn/03_reference_search/raw_outputs/18_beta_cell_90_dataset_30_reference/selected_references/cell_beta_0p23_p_0p00/dataset_025_seed_2519234/width_048/selected_refs.json
cell_beta_0p23_p_0p00,dataset_026_seed_2619234,48,0,,,02_dnn/03_reference_search/raw_outputs/36_beta_cell_30_dataset_30_reference/selected_references/cell_beta_0p23_p_0p00/dataset_026_seed_2619234/width_048/selected_ref_payloads/ref_000/theta.npy,02_dnn/03_reference_search/raw_outputs/18_beta_cell_90_dataset_30_reference/selected_references/cell_beta_0p23_p_0p00/dataset_026_seed_2619234/width_048/selected_refs.json
cell_beta_0p23_p_0p00,dataset_027_seed_2719234,48,0,,,02_dnn/03_reference_search/raw_outputs/36_beta_cell_30_dataset_30_reference/selected_references/cell_beta_0p23_p_0p00/dataset_027_seed_2719234/width_048/selected_ref_payloads/ref_000/theta.npy,02_dnn/03_reference_search/raw_outputs/18_beta_cell_90_dataset_30_reference/selected_references/cell_beta_0p23_p_0p00/dataset_027_seed_2719234/width_048/selected_refs.json
cell_beta_0p23_p_0p00,dataset_028_seed_2819234,48,0,,,02_dnn/03_reference_search/raw_outputs/36_beta_cell_30_dataset_30_reference/selected_references/cell_beta_0p23_p_0p00/dataset_028_seed_2819234/width_048/selected_ref_payloads/ref_000/theta.npy,02_dnn/03_reference_search/raw_outputs/18_beta_cell_90_dataset_30_reference/selected_references/cell_beta_0p23_p_0p00/dataset_028_seed_2819234/width_048/selected_refs.json
cell_beta_0p23_p_0p00,dataset_029_seed_2919234,48,0,,,02_dnn/03_reference_search/raw_outputs/36_beta_cell_30_dataset_30_reference/selected_references/cell_beta_0p23_p_0p00/dataset_029_seed_2919234/width_048/selected_ref_payloads/ref_000/theta.npy,02_dnn/03_reference_search/raw_outputs/18_beta_cell_90_dataset_30_reference/selected_references/cell_beta_0p23_p_0p00/dataset_029_seed_2919234/width_048/selected_refs.json
cell_beta_0p23_p_0p00,dataset_030_seed_3019234,48,0,81.97528400432745,0.0001419790868721045,02_dnn/03_reference_search/raw_outputs/18_beta_cell_60_dataset_30_reference/selected_references/cell_beta_0p23_p_0p00/dataset_030_seed_3019234/width_048/selected_ref_payloads/ref_000/theta.npy,02_dnn/03_reference_search/raw_outputs/18_beta_cell_90_dataset_30_reference/selected_references/cell_beta_0p23_p_0p00/dataset_030_seed_3019234/width_048/selected_refs.json
cell_beta_0p23_p_0p00,dataset_031_seed_3119234,48,0,93.63493260973945,0.002173130411544023,02_dnn/03_reference_search/raw_outputs/18_beta_cell_60_dataset_30_reference/selected_references/cell_beta_0p23_p_0p00/dataset_031_seed_3119234/width_048/selected_ref_payloads/ref_000/theta.npy,02_dnn/03_reference_search/raw_outputs/18_beta_cell_90_dataset_30_reference/selected_references/cell_beta_0p23_p_0p00/dataset_031_seed_3119234/width_048/selected_refs.json
cell_beta_0p23_p_0p00,dataset_032_seed_3219234,48,0,90.12353446782625,0.00020108471279657413,02_dnn/03_reference_search/raw_outputs/18_beta_cell_60_dataset_30_reference/selected_references/cell_beta_0p23_p_0p00/dataset_032_seed_3219234/width_048/selected_ref_payloads/ref_000/theta.npy,02_dnn/03_reference_search/raw_outputs/18_beta_cell_90_dataset_30_reference/selected_references/cell_beta_0p23_p_0p00/dataset_032_seed_3219234/width_048/selected_refs.json
cell_beta_0p23_p_0p00,dataset_033_seed_3319234,48,0,82.44541098507814,0.0002861211171117776,02_dnn/03_reference_search/raw_outputs/18_beta_cell_60_dataset_30_reference/selected_references/cell_beta_0p23_p_0p00/dataset_033_seed_3319234/width_048/selected_ref_payloads/ref_000/theta.npy,02_dnn/03_reference_search/raw_outputs/18_beta_cell_90_dataset_30_reference/selected_references/cell_beta_0p23_p_0p00/dataset_033_seed_3319234/width_048/selected_refs.json
cell_beta_0p23_p_0p00,dataset_034_seed_3419234,48,0,114.79241557006019,0.0011765557536191418,02_dnn/03_reference_search/raw_outputs/18_beta_cell_60_dataset_30_reference/selected_references/cell_beta_0p23_p_0p00/dataset_034_seed_3419234/width_048/selected_ref_payloads/ref_000/theta.npy,02_dnn/03_reference_search/raw_outputs/18_beta_cell_90_dataset_30_reference/selected_references/cell_beta_0p23_p_0p00/dataset_034_seed_3419234/width_048/selected_refs.json
cell_beta_0p23_p_0p00,dataset_035_seed_3519234,48,0,98.42994977087545,0.00094516187608747,02_dnn/03_reference_search/raw_outputs/18_beta_cell_60_dataset_30_reference/selected_references/cell_beta_0p23_p_0p00/dataset_035_seed_3519234/width_048/selected_ref_payloads/ref_000/theta.npy,02_dnn/03_reference_search/raw_outputs/18_beta_cell_90_dataset_30_reference/selected_references/cell_beta_0p23_p_0p00/dataset_035_seed_3519234/width_048/selected_refs.json
cell_beta_0p23_p_0p00,dataset_036_seed_3619234,48,0,84.00157697809419,0.0005014048131854159,02_dnn/03_reference_search/raw_outputs/18_beta_cell_60_dataset_30_reference/selected_references/cell_beta_0p23_p_0p00/dataset_036_seed_3619234/width_048/selected_ref_payloads/ref_000/theta.npy,02_dnn/03_reference_search/raw_outputs/18_beta_cell_90_dataset_30_reference/selected_references/cell_beta_0p23_p_0p00/dataset_036_seed_3619234/width_048/selected_refs.json
cell_beta_0p23_p_0p00,dataset_037_seed_3719234,48,0,86.73071950241044,0.00021097611655445476,02_dnn/03_reference_search/raw_outputs/18_beta_cell_60_dataset_30_reference/selected_references/cell_beta_0p23_p_0p00/dataset_037_seed_3719234/width_048/selected_ref_payloads/ref_000/theta.npy,02_dnn/03_reference_search/raw_outputs/18_beta_cell_90_dataset_30_reference/selected_references/cell_beta_0p23_p_0p00/dataset_037_seed_3719234/width_048/selected_refs.json
cell_beta_0p23_p_0p00,dataset_038_seed_3819234,48,0,77.26894421331538,0.0003843689267054364,02_dnn/03_reference_search/raw_outputs/18_beta_cell_60_dataset_30_reference/selected_references/cell_beta_0p23_p_0p00/dataset_038_seed_3819234/width_048/selected_ref_payloads/ref_000/theta.npy,02_dnn/03_reference_search/raw_outputs/18_beta_cell_90_dataset_30_reference/selected_references/cell_beta_0p23_p_0p00/dataset_038_seed_3819234/width_048/selected_refs.json
cell_beta_0p23_p_0p00,dataset_039_seed_3919234,48,0,74.9299232144682,0.00012059744264529104,02_dnn/03_reference_search/raw_outputs/18_beta_cell_60_dataset_30_reference/selected_references/cell_beta_0p23_p_0p00/dataset_039_seed_3919234/width_048/selected_ref_payloads/ref_000/theta.npy,02_dnn/03_reference_search/raw_outputs/18_beta_cell_90_dataset_30_reference/selected_references/cell_beta_0p23_p_0p00/dataset_039_seed_3919234/width_048/selected_refs.json
cell_beta_0p23_p_0p00,dataset_040_seed_4019234,48,0,78.62055267316708,0.000133832042060327,02_dnn/03_reference_search/raw_outputs/18_beta_cell_60_dataset_30_reference/selected_references/cell_beta_0p23_p_0p00/dataset_040_seed_4019234/width_048/selected_ref_payloads/ref_000/theta.npy,02_dnn/03_reference_search/raw_outputs/18_beta_cell_90_dataset_30_reference/selected_references/cell_beta_0p23_p_0p00/dataset_040_seed_4019234/width_048/selected_refs.json
cell_beta_0p23_p_0p00,dataset_041_seed_4119234,48,0,105.58662756455345,0.0003302720001198901,02_dnn/03_reference_search/raw_outputs/18_beta_cell_60_dataset_30_reference/selected_references/cell_beta_0p23_p_0p00/dataset_041_seed_4119234/width_048/selected_ref_payloads/ref_000/theta.npy,02_dnn/03_reference_search/raw_outputs/18_beta_cell_90_dataset_30_reference/selected_references/cell_beta_0p23_p_0p00/dataset_041_seed_4119234/width_048/selected_refs.json
cell_beta_0p23_p_0p00,dataset_042_seed_4219234,48,0,100.79728446275755,0.0002425972190569113,02_dnn/03_reference_search/raw_outputs/18_beta_cell_60_dataset_30_reference/selected_references/cell_beta_0p23_p_0p00/dataset_042_seed_4219234/width_048/selected_ref_payloads/ref_000/theta.npy,02_dnn/03_reference_search/raw_outputs/18_beta_cell_90_dataset_30_reference/selected_references/cell_beta_0p23_p_0p00/dataset_042_seed_4219234/width_048/selected_refs.json
cell_beta_0p23_p_0p00,dataset_043_seed_4319234,48,0,82.42984829247949,0.00014361299194348112,02_dnn/03_reference_search/raw_outputs/18_beta_cell_60_dataset_30_reference/selected_references/cell_beta_0p23_p_0p00/dataset_043_seed_4319234/width_048/selected_ref_payloads/ref_000/theta.npy,02_dnn/03_reference_search/raw_outputs/18_beta_cell_90_dataset_30_reference/selected_references/cell_beta_0p23_p_0p00/dataset_043_seed_4319234/width_048/selected_refs.json
cell_beta_0p23_p_0p00,dataset_044_seed_4419234,48,0,93.32018090566963,0.0001824684456528392,02_dnn/03_reference_search/raw_outputs/18_beta_cell_60_dataset_30_reference/selected_references/cell_beta_0p23_p_0p00/dataset_044_seed_4419234/width_048/selected_ref_payloads/ref_000/theta.npy,02_dnn/03_reference_search/raw_outputs/18_beta_cell_90_dataset_30_reference/selected_references/cell_beta_0p23_p_0p00/dataset_044_seed_4419234/width_048/selected_refs.json
cell_beta_0p23_p_0p00,dataset_045_seed_4519234,48,0,80.81478899848715,0.00017166605985042288,02_dnn/03_reference_search/raw_outputs/18_beta_cell_60_dataset_30_reference/selected_references/cell_beta_0p23_p_0p00/dataset_045_seed_4519234/width_048/selected_ref_payloads/ref_000/theta.npy,02_dnn/03_reference_search/raw_outputs/18_beta_cell_90_dataset_30_reference/selected_references/cell_beta_0p23_p_0p00/dataset_045_seed_4519234/width_048/selected_refs.json
cell_beta_0p23_p_0p00,dataset_046_seed_4619234,48,0,89.07028566279928,0.0019245053625397248,02_dnn/03_reference_search/raw_outputs/18_beta_cell_60_dataset_30_reference/selected_references/cell_beta_0p23_p_0p00/dataset_046_seed_4619234/width_048/selected_ref_payloads/ref_000/theta.npy,02_dnn/03_reference_search/raw_outputs/18_beta_cell_90_dataset_30_reference/selected_references/cell_beta_0p23_p_0p00/dataset_046_seed_4619234/width_048/selected_refs.json
cell_beta_0p23_p_0p00,dataset_047_seed_4719234,48,0,76.04778611545653,0.00012225560211111085,02_dnn/03_reference_search/raw_outputs/18_beta_cell_60_dataset_30_reference/selected_references/cell_beta_0p23_p_0p00/dataset_047_seed_4719234/width_048/selected_ref_payloads/ref_000/theta.npy,02_dnn/03_reference_search/raw_outputs/18_beta_cell_90_dataset_30_reference/selected_references/cell_beta_0p23_p_0p00/dataset_047_seed_4719234/width_048/selected_refs.json
cell_beta_0p23_p_0p00,dataset_048_seed_4819234,48,0,86.06847058489666,0.00018511371584436438,02_dnn/03_reference_search/raw_outputs/18_beta_cell_60_dataset_30_reference/selected_references/cell_beta_0p23_p_0p00/dataset_048_seed_4819234/width_048/selected_ref_payloads/ref_000/theta.npy,02_dnn/03_reference_search/raw_outputs/18_beta_cell_90_dataset_30_reference/selected_references/cell_beta_0p23_p_0p00/dataset_048_seed_4819234/width_048/selected_refs.json
cell_beta_0p23_p_0p00,dataset_049_seed_4919234,48,0,84.41449216273921,0.0007534259980886925,02_dnn/03_reference_search/raw_outputs/18_beta_cell_60_dataset_30_reference/selected_references/cell_beta_0p23_p_0p00/dataset_049_seed_4919234/width_048/selected_ref_payloads/ref_000/theta.npy,02_dnn/03_reference_search/raw_outputs/18_beta_cell_90_dataset_30_reference/selected_references/cell_beta_0p23_p_0p00/dataset_049_seed_4919234/width_048/selected_refs.json
cell_beta_0p23_p_0p00,dataset_050_seed_5019234,48,0,87.84921909849103,0.00019875828710905604,02_dnn/03_reference_search/raw_outputs/18_beta_cell_60_dataset_30_reference/selected_references/cell_beta_0p23_p_0p00/dataset_050_seed_5019234/width_048/selected_ref_payloads/ref_000/theta.npy,02_dnn/03_reference_search/raw_outputs/18_beta_cell_90_dataset_30_reference/selected_references/cell_beta_0p23_p_0p00/dataset_050_seed_5019234/width_048/selected_refs.json
cell_beta_0p23_p_0p00,dataset_051_seed_5119234,48,0,100.56923529736716,0.00021967198717017647,02_dnn/03_reference_search/raw_outputs/18_beta_cell_60_dataset_30_reference/selected_references/cell_beta_0p23_p_0p00/dataset_051_seed_5119234/width_048/selected_ref_payloads/ref_000/theta.npy,02_dnn/03_reference_search/raw_outputs/18_beta_cell_90_dataset_30_reference/selected_references/cell_beta_0p23_p_0p00/dataset_051_seed_5119234/width_048/selected_refs.json
cell_beta_0p23_p_0p00,dataset_052_seed_5219234,48,0,101.81392816300593,0.00022016355248504935,02_dnn/03_reference_search/raw_outputs/18_beta_cell_60_dataset_30_reference/selected_references/cell_beta_0p23_p_0p00/dataset_052_seed_5219234/width_048/selected_ref_payloads/ref_000/theta.npy,02_dnn/03_reference_search/raw_outputs/18_beta_cell_90_dataset_30_reference/selected_references/cell_beta_0p23_p_0p00/dataset_052_seed_5219234/width_048/selected_refs.json
cell_beta_0p23_p_0p00,dataset_053_seed_5319234,48,0,72.08387288772377,0.0010020003598350212,02_dnn/03_reference_search/raw_outputs/18_beta_cell_60_dataset_30_reference/selected_references/cell_beta_0p23_p_0p00/dataset_053_seed_5319234/width_048/selected_ref_payloads/ref_000/theta.npy,02_dnn/03_reference_search/raw_outputs/18_beta_cell_90_dataset_30_reference/selected_references/cell_beta_0p23_p_0p00/dataset_053_seed_5319234/width_048/selected_refs.json
cell_beta_0p23_p_0p00,dataset_054_seed_5419234,48,0,106.98970108038833,0.0007036056016412147,02_dnn/03_reference_search/raw_outputs/18_beta_cell_60_dataset_30_reference/selected_references/cell_beta_0p23_p_0p00/dataset_054_seed_5419234/width_048/selected_ref_payloads/ref_000/theta.npy,02_dnn/03_reference_search/raw_outputs/18_beta_cell_90_dataset_30_reference/selected_references/cell_beta_0p23_p_0p00/dataset_054_seed_5419234/width_048/selected_refs.json
cell_beta_0p23_p_0p00,dataset_055_seed_5519234,48,0,96.26496239489431,0.0002789583574643109,02_dnn/03_reference_search/raw_outputs/18_beta_cell_60_dataset_30_reference/selected_references/cell_beta_0p23_p_0p00/dataset_055_seed_5519234/width_048/selected_ref_payloads/ref_000/theta.npy,02_dnn/03_reference_search/raw_outputs/18_beta_cell_90_dataset_30_reference/selected_references/cell_beta_0p23_p_0p00/dataset_055_seed_5519234/width_048/selected_refs.json
cell_beta_0p23_p_0p00,dataset_056_seed_5619234,48,0,80.39425524035262,0.0003289010283502898,02_dnn/03_reference_search/raw_outputs/18_beta_cell_60_dataset_30_reference/selected_references/cell_beta_0p23_p_0p00/dataset_056_seed_5619234/width_048/selected_ref_payloads/ref_000/theta.npy,02_dnn/03_reference_search/raw_outputs/18_beta_cell_90_dataset_30_reference/selected_references/cell_beta_0p23_p_0p00/dataset_056_seed_5619234/width_048/selected_refs.json
cell_beta_0p23_p_0p00,dataset_057_seed_5719234,48,0,113.72420973498328,0.00042598177925826433,02_dnn/03_reference_search/raw_outputs/18_beta_cell_60_dataset_30_reference/selected_references/cell_beta_0p23_p_0p00/dataset_057_seed_5719234/width_048/selected_ref_payloads/ref_000/theta.npy,02_dnn/03_reference_search/raw_outputs/18_beta_cell_90_dataset_30_reference/selected_references/cell_beta_0p23_p_0p00/dataset_057_seed_5719234/width_048/selected_refs.json
cell_beta_0p23_p_0p00,dataset_058_seed_5819234,48,0,108.39133829332155,0.0003998610348483827,02_dnn/03_reference_search/raw_outputs/18_beta_cell_60_dataset_30_reference/selected_references/cell_beta_0p23_p_0p00/dataset_058_seed_5819234/width_048/selected_ref_payloads/ref_000/theta.npy,02_dnn/03_reference_search/raw_outputs/18_beta_cell_90_dataset_30_reference/selected_references/cell_beta_0p23_p_0p00/dataset_058_seed_5819234/width_048/selected_refs.json
cell_beta_0p23_p_0p00,dataset_059_seed_5919234,48,0,87.07864047054609,0.0005498292806762991,02_dnn/03_reference_search/raw_outputs/18_beta_cell_60_dataset_30_reference/selected_references/cell_beta_0p23_p_0p00/dataset_059_seed_5919234/width_048/selected_ref_payloads/ref_000/theta.npy,02_dnn/03_reference_search/raw_outputs/18_beta_cell_90_dataset_30_reference/selected_references/cell_beta_0p23_p_0p00/dataset_059_seed_5919234/width_048/selected_refs.json
cell_beta_0p23_p_0p00,dataset_060_seed_6019234,48,0,83.0012984567203,0.0001565182343561563,02_dnn/03_reference_search/raw_outputs/18_beta_cell_90_dataset_30_reference/selected_references/cell_beta_0p23_p_0p00/dataset_060_seed_6019234/width_048/selected_ref_payloads/ref_000/theta.npy,02_dnn/03_reference_search/raw_outputs/18_beta_cell_90_dataset_30_reference/selected_references/cell_beta_0p23_p_0p00/dataset_060_seed_6019234/width_048/selected_refs.json
cell_beta_0p23_p_0p00,dataset_061_seed_6119234,48,0,85.64782908585916,0.0009323535711338696,02_dnn/03_reference_search/raw_outputs/18_beta_cell_90_dataset_30_reference/selected_references/cell_beta_0p23_p_0p00/dataset_061_seed_6119234/width_048/selected_ref_payloads/ref_000/theta.npy,02_dnn/03_reference_search/raw_outputs/18_beta_cell_90_dataset_30_reference/selected_references/cell_beta_0p23_p_0p00/dataset_061_seed_6119234/width_048/selected_refs.json
cell_beta_0p23_p_0p00,dataset_062_seed_6219234,48,0,43.0252341884133,0.004680554922851825,02_dnn/03_reference_search/raw_outputs/18_beta_cell_90_dataset_30_reference/selected_references/cell_beta_0p23_p_0p00/dataset_062_seed_6219234/width_048/selected_ref_payloads/ref_000/theta.npy,02_dnn/03_reference_search/raw_outputs/18_beta_cell_90_dataset_30_reference/selected_references/cell_beta_0p23_p_0p00/dataset_062_seed_6219234/width_048/selected_refs.json
cell_beta_0p23_p_0p00,dataset_063_seed_6319234,48,0,99.40843727376678,0.0002482354741834446,02_dnn/03_reference_search/raw_outputs/18_beta_cell_90_dataset_30_reference/selected_references/cell_beta_0p23_p_0p00/dataset_063_seed_6319234/width_048/selected_ref_payloads/ref_000/theta.npy,02_dnn/03_reference_search/raw_outputs/18_beta_cell_90_dataset_30_reference/selected_references/cell_beta_0p23_p_0p00/dataset_063_seed_6319234/width_048/selected_refs.json
cell_beta_0p23_p_0p00,dataset_064_seed_6419234,48,0,115.71798809635824,0.0025650042364534055,02_dnn/03_reference_search/raw_outputs/18_beta_cell_90_dataset_30_reference/selected_references/cell_beta_0p23_p_0p00/dataset_064_seed_6419234/width_048/selected_ref_payloads/ref_000/theta.npy,02_dnn/03_reference_search/raw_outputs/18_beta_cell_90_dataset_30_reference/selected_references/cell_beta_0p23_p_0p00/dataset_064_seed_6419234/width_048/selected_refs.json
cell_beta_0p23_p_0p00,dataset_065_seed_6519234,48,0,113.72951538903918,0.00031633155622026276,02_dnn/03_reference_search/raw_outputs/18_beta_cell_90_dataset_30_reference/selected_references/cell_beta_0p23_p_0p00/dataset_065_seed_6519234/width_048/selected_ref_payloads/ref_000/theta.npy,02_dnn/03_reference_search/raw_outputs/18_beta_cell_90_dataset_30_reference/selected_references/cell_beta_0p23_p_0p00/dataset_065_seed_6519234/width_048/selected_refs.json
cell_beta_0p23_p_0p00,dataset_066_seed_6619234,48,0,86.68962053792745,0.00016435740084658174,02_dnn/03_reference_search/raw_outputs/18_beta_cell_90_dataset_30_reference/selected_references/cell_beta_0p23_p_0p00/dataset_066_seed_6619234/width_048/selected_ref_payloads/ref_000/theta.npy,02_dnn/03_reference_search/raw_outputs/18_beta_cell_90_dataset_30_reference/selected_references/cell_beta_0p23_p_0p00/dataset_066_seed_6619234/width_048/selected_refs.json
cell_beta_0p23_p_0p00,dataset_067_seed_6719234,48,0,73.91055177527055,0.0001395430486672447,02_dnn/03_reference_search/raw_outputs/18_beta_cell_90_dataset_30_reference/selected_references/cell_beta_0p23_p_0p00/dataset_067_seed_6719234/width_048/selected_ref_payloads/ref_000/theta.npy,02_dnn/03_reference_search/raw_outputs/18_beta_cell_90_dataset_30_reference/selected_references/cell_beta_0p23_p_0p00/dataset_067_seed_6719234/width_048/selected_refs.json
cell_beta_0p23_p_0p00,dataset_068_seed_6819234,48,0,84.86032711021446,0.001220599801626026,02_dnn/03_reference_search/raw_outputs/18_beta_cell_90_dataset_30_reference/selected_references/cell_beta_0p23_p_0p00/dataset_068_seed_6819234/width_048/selected_ref_payloads/ref_000/theta.npy,02_dnn/03_reference_search/raw_outputs/18_beta_cell_90_dataset_30_reference/selected_references/cell_beta_0p23_p_0p00/dataset_068_seed_6819234/width_048/selected_refs.json
cell_beta_0p23_p_0p00,dataset_069_seed_6919234,48,0,101.57510444110919,0.000447277375606896,02_dnn/03_reference_search/raw_outputs/18_beta_cell_90_dataset_30_reference/selected_references/cell_beta_0p23_p_0p00/dataset_069_seed_6919234/width_048/selected_ref_payloads/ref_000/theta.npy,02_dnn/03_reference_search/raw_outputs/18_beta_cell_90_dataset_30_reference/selected_references/cell_beta_0p23_p_0p00/dataset_069_seed_6919234/width_048/selected_refs.json
cell_beta_0p23_p_0p00,dataset_070_seed_7019234,48,0,84.95564983099106,0.00016329594102806286,02_dnn/03_reference_search/raw_outputs/18_beta_cell_90_dataset_30_reference/selected_references/cell_beta_0p23_p_0p00/dataset_070_seed_7019234/width_048/selected_ref_payloads/ref_000/theta.npy,02_dnn/03_reference_search/raw_outputs/18_beta_cell_90_dataset_30_reference/selected_references/cell_beta_0p23_p_0p00/dataset_070_seed_7019234/width_048/selected_refs.json
cell_beta_0p23_p_0p00,dataset_071_seed_7119234,48,0,82.26323808255805,0.0001452875134550455,02_dnn/03_reference_search/raw_outputs/18_beta_cell_90_dataset_30_reference/selected_references/cell_beta_0p23_p_0p00/dataset_071_seed_7119234/width_048/selected_ref_payloads/ref_000/theta.npy,02_dnn/03_reference_search/raw_outputs/18_beta_cell_90_dataset_30_reference/selected_references/cell_beta_0p23_p_0p00/dataset_071_seed_7119234/width_048/selected_refs.json
cell_beta_0p23_p_0p00,dataset_072_seed_7219234,48,0,82.72883505242024,0.00078531884178386,02_dnn/03_reference_search/raw_outputs/18_beta_cell_90_dataset_30_reference/selected_references/cell_beta_0p23_p_0p00/dataset_072_seed_7219234/width_048/selected_ref_payloads/ref_000/theta.npy,02_dnn/03_reference_search/raw_outputs/18_beta_cell_90_dataset_30_reference/selected_references/cell_beta_0p23_p_0p00/dataset_072_seed_7219234/width_048/selected_refs.json
cell_beta_0p23_p_0p00,dataset_073_seed_7319234,48,0,75.4542796808747,0.00042874195190978375,02_dnn/03_reference_search/raw_outputs/18_beta_cell_90_dataset_30_reference/selected_references/cell_beta_0p23_p_0p00/dataset_073_seed_7319234/width_048/selected_ref_payloads/ref_000/theta.npy,02_dnn/03_reference_search/raw_outputs/18_beta_cell_90_dataset_30_reference/selected_references/cell_beta_0p23_p_0p00/dataset_073_seed_7319234/width_048/selected_refs.json
cell_beta_0p23_p_0p00,dataset_074_seed_7419234,48,0,120.73967247591902,0.0016889532076304068,02_dnn/03_reference_search/raw_outputs/18_beta_cell_90_dataset_30_reference/selected_references/cell_beta_0p23_p_0p00/dataset_074_seed_7419234/width_048/selected_ref_payloads/ref_000/theta.npy,02_dnn/03_reference_search/raw_outputs/18_beta_cell_90_dataset_30_reference/selected_references/cell_beta_0p23_p_0p00/dataset_074_seed_7419234/width_048/selected_refs.json
cell_beta_0p23_p_0p00,dataset_075_seed_7519234,48,0,80.4443013251896,0.00025311221349898184,02_dnn/03_reference_search/raw_outputs/18_beta_cell_90_dataset_30_reference/selected_references/cell_beta_0p23_p_0p00/dataset_075_seed_7519234/width_048/selected_ref_payloads/ref_000/theta.npy,02_dnn/03_reference_search/raw_outputs/18_beta_cell_90_dataset_30_reference/selected_references/cell_beta_0p23_p_0p00/dataset_075_seed_7519234/width_048/selected_refs.json
cell_beta_0p23_p_0p00,dataset_076_seed_7619234,48,0,78.63077324173224,0.00025215984186720747,02_dnn/03_reference_search/raw_outputs/18_beta_cell_90_dataset_30_reference/selected_references/cell_beta_0p23_p_0p00/dataset_076_seed_7619234/width_048/selected_ref_payloads/ref_000/theta.npy,02_dnn/03_reference_search/raw_outputs/18_beta_cell_90_dataset_30_reference/selected_references/cell_beta_0p23_p_0p00/dataset_076_seed_7619234/width_048/selected_refs.json
cell_beta_0p23_p_0p00,dataset_077_seed_7719234,48,0,90.61662166371529,0.0003068167330551472,02_dnn/03_reference_search/raw_outputs/18_beta_cell_90_dataset_30_reference/selected_references/cell_beta_0p23_p_0p00/dataset_077_seed_7719234/width_048/selected_ref_payloads/ref_000/theta.npy,02_dnn/03_reference_search/raw_outputs/18_beta_cell_90_dataset_30_reference/selected_references/cell_beta_0p23_p_0p00/dataset_077_seed_7719234/width_048/selected_refs.json
cell_beta_0p23_p_0p00,dataset_078_seed_7819234,48,0,74.4219516616245,0.00012036905203957028,02_dnn/03_reference_search/raw_outputs/18_beta_cell_90_dataset_30_reference/selected_references/cell_beta_0p23_p_0p00/dataset_078_seed_7819234/width_048/selected_ref_payloads/ref_000/theta.npy,02_dnn/03_reference_search/raw_outputs/18_beta_cell_90_dataset_30_reference/selected_references/cell_beta_0p23_p_0p00/dataset_078_seed_7819234/width_048/selected_refs.json
cell_beta_0p23_p_0p00,dataset_079_seed_7919234,48,0,98.98942907428057,0.0006616947328858773,02_dnn/03_reference_search/raw_outputs/18_beta_cell_90_dataset_30_reference/selected_references/cell_beta_0p23_p_0p00/dataset_079_seed_7919234/width_048/selected_ref_payloads/ref_000/theta.npy,02_dnn/03_reference_search/raw_outputs/18_beta_cell_90_dataset_30_reference/selected_references/cell_beta_0p23_p_0p00/dataset_079_seed_7919234/width_048/selected_refs.json
cell_beta_0p23_p_0p00,dataset_080_seed_8019234,48,0,85.12567676715948,0.0002675996430957633,02_dnn/03_reference_search/raw_outputs/18_beta_cell_90_dataset_30_reference/selected_references/cell_beta_0p23_p_0p00/dataset_080_seed_8019234/width_048/selected_ref_payloads/ref_000/theta.npy,02_dnn/03_reference_search/raw_outputs/18_beta_cell_90_dataset_30_reference/selected_references/cell_beta_0p23_p_0p00/dataset_080_seed_8019234/width_048/selected_refs.json
cell_beta_0p23_p_0p00,dataset_081_seed_8119234,48,0,127.1678358083271,0.00040375298278848336,02_dnn/03_reference_search/raw_outputs/18_beta_cell_90_dataset_30_reference/selected_references/cell_beta_0p23_p_0p00/dataset_081_seed_8119234/width_048/selected_ref_payloads/ref_000/theta.npy,02_dnn/03_reference_search/raw_outputs/18_beta_cell_90_dataset_30_reference/selected_references/cell_beta_0p23_p_0p00/dataset_081_seed_8119234/width_048/selected_refs.json
cell_beta_0p23_p_0p00,dataset_082_seed_8219234,48,0,84.46327675643994,0.00014847022877204636,02_dnn/03_reference_search/raw_outputs/18_beta_cell_90_dataset_30_reference/selected_references/cell_beta_0p23_p_0p00/dataset_082_seed_8219234/width_048/selected_ref_payloads/ref_000/theta.npy,02_dnn/03_reference_search/raw_outputs/18_beta_cell_90_dataset_30_reference/selected_references/cell_beta_0p23_p_0p00/dataset_082_seed_8219234/width_048/selected_refs.json
cell_beta_0p23_p_0p00,dataset_083_seed_8319234,48,0,95.15977883681205,0.005735734537992305,02_dnn/03_reference_search/raw_outputs/18_beta_cell_90_dataset_30_reference/selected_references/cell_beta_0p23_p_0p00/dataset_083_seed_8319234/width_048/selected_ref_payloads/ref_000/theta.npy,02_dnn/03_reference_search/raw_outputs/18_beta_cell_90_dataset_30_reference/selected_references/cell_beta_0p23_p_0p00/dataset_083_seed_8319234/width_048/selected_refs.json
cell_beta_0p23_p_0p00,dataset_084_seed_8419234,48,0,60.5406356211523,0.00182592405410161,02_dnn/03_reference_search/raw_outputs/18_beta_cell_90_dataset_30_reference/selected_references/cell_beta_0p23_p_0p00/dataset_084_seed_8419234/width_048/selected_ref_payloads/ref_000/theta.npy,02_dnn/03_reference_search/raw_outputs/18_beta_cell_90_dataset_30_reference/selected_references/cell_beta_0p23_p_0p00/dataset_084_seed_8419234/width_048/selected_refs.json
cell_beta_0p23_p_0p00,dataset_085_seed_8519234,48,0,85.00297818170822,0.00019335520022559715,02_dnn/03_reference_search/raw_outputs/18_beta_cell_90_dataset_30_reference/selected_references/cell_beta_0p23_p_0p00/dataset_085_seed_8519234/width_048/selected_ref_payloads/ref_000/theta.npy,02_dnn/03_reference_search/raw_outputs/18_beta_cell_90_dataset_30_reference/selected_references/cell_beta_0p23_p_0p00/dataset_085_seed_8519234/width_048/selected_refs.json
cell_beta_0p23_p_0p00,dataset_086_seed_8619234,48,0,78.35405319449538,0.0039950251694172885,02_dnn/03_reference_search/raw_outputs/18_beta_cell_90_dataset_30_reference/selected_references/cell_beta_0p23_p_0p00/dataset_086_seed_8619234/width_048/selected_ref_payloads/ref_000/theta.npy,02_dnn/03_reference_search/raw_outputs/18_beta_cell_90_dataset_30_reference/selected_references/cell_beta_0p23_p_0p00/dataset_086_seed_8619234/width_048/selected_refs.json
cell_beta_0p23_p_0p00,dataset_087_seed_8719234,48,0,92.80242800066034,0.00018570135640609927,02_dnn/03_reference_search/raw_outputs/18_beta_cell_90_dataset_30_reference/selected_references/cell_beta_0p23_p_0p00/dataset_087_seed_8719234/width_048/selected_ref_payloads/ref_000/theta.npy,02_dnn/03_reference_search/raw_outputs/18_beta_cell_90_dataset_30_reference/selected_references/cell_beta_0p23_p_0p00/dataset_087_seed_8719234/width_048/selected_refs.json
cell_beta_0p23_p_0p00,dataset_088_seed_8819234,48,0,89.29934592470637,0.0003208308553200172,02_dnn/03_reference_search/raw_outputs/18_beta_cell_90_dataset_30_reference/selected_references/cell_beta_0p23_p_0p00/dataset_088_seed_8819234/width_048/selected_ref_payloads/ref_000/theta.npy,02_dnn/03_reference_search/raw_outputs/18_beta_cell_90_dataset_30_reference/selected_references/cell_beta_0p23_p_0p00/dataset_088_seed_8819234/width_048/selected_refs.json
cell_beta_0p23_p_0p00,dataset_089_seed_8919234,48,0,68.88913410788786,0.0010632173293730815,02_dnn/03_reference_search/raw_outputs/18_beta_cell_90_dataset_30_reference/selected_references/cell_beta_0p23_p_0p00/dataset_089_seed_8919234/width_048/selected_ref_payloads/ref_000/theta.npy,02_dnn/03_reference_search/raw_outputs/18_beta_cell_90_dataset_30_reference/selected_references/cell_beta_0p23_p_0p00/dataset_089_seed_8919234/width_048/selected_refs.json
cell_beta_0p25_p_0p00,dataset_000_seed_021234,48,0,,,02_dnn/03_reference_search/raw_outputs/36_beta_cell_30_dataset_30_reference/selected_references/cell_beta_0p25_p_0p00/dataset_000_seed_021234/width_048/selected_ref_payloads/ref_000/theta.npy,02_dnn/03_reference_search/raw_outputs/18_beta_cell_90_dataset_30_reference/selected_references/cell_beta_0p25_p_0p00/dataset_000_seed_021234/width_048/selected_refs.json
cell_beta_0p25_p_0p00,dataset_001_seed_121234,48,0,,,02_dnn/03_reference_search/raw_outputs/36_beta_cell_30_dataset_30_reference/selected_references/cell_beta_0p25_p_0p00/dataset_001_seed_121234/width_048/selected_ref_payloads/ref_000/theta.npy,02_dnn/03_reference_search/raw_outputs/18_beta_cell_90_dataset_30_reference/selected_references/cell_beta_0p25_p_0p00/dataset_001_seed_121234/width_048/selected_refs.json
cell_beta_0p25_p_0p00,dataset_002_seed_221234,48,0,,,02_dnn/03_reference_search/raw_outputs/36_beta_cell_30_dataset_30_reference/selected_references/cell_beta_0p25_p_0p00/dataset_002_seed_221234/width_048/selected_ref_payloads/ref_000/theta.npy,02_dnn/03_reference_search/raw_outputs/18_beta_cell_90_dataset_30_reference/selected_references/cell_beta_0p25_p_0p00/dataset_002_seed_221234/width_048/selected_refs.json
cell_beta_0p25_p_0p00,dataset_003_seed_321234,48,0,,,02_dnn/03_reference_search/raw_outputs/36_beta_cell_30_dataset_30_reference/selected_references/cell_beta_0p25_p_0p00/dataset_003_seed_321234/width_048/selected_ref_payloads/ref_000/theta.npy,02_dnn/03_reference_search/raw_outputs/18_beta_cell_90_dataset_30_reference/selected_references/cell_beta_0p25_p_0p00/dataset_003_seed_321234/width_048/selected_refs.json
cell_beta_0p25_p_0p00,dataset_004_seed_421234,48,0,,,02_dnn/03_reference_search/raw_outputs/36_beta_cell_30_dataset_30_reference/selected_references/cell_beta_0p25_p_0p00/dataset_004_seed_421234/width_048/selected_ref_payloads/ref_000/theta.npy,02_dnn/03_reference_search/raw_outputs/18_beta_cell_90_dataset_30_reference/selected_references/cell_beta_0p25_p_0p00/dataset_004_seed_421234/width_048/selected_refs.json
cell_beta_0p25_p_0p00,dataset_005_seed_521234,48,0,,,02_dnn/03_reference_search/raw_outputs/36_beta_cell_30_dataset_30_reference/selected_references/cell_beta_0p25_p_0p00/dataset_005_seed_521234/width_048/selected_ref_payloads/ref_000/theta.npy,02_dnn/03_reference_search/raw_outputs/18_beta_cell_90_dataset_30_reference/selected_references/cell_beta_0p25_p_0p00/dataset_005_seed_521234/width_048/selected_refs.json
cell_beta_0p25_p_0p00,dataset_006_seed_621234,48,0,,,02_dnn/03_reference_search/raw_outputs/36_beta_cell_30_dataset_30_reference/selected_references/cell_beta_0p25_p_0p00/dataset_006_seed_621234/width_048/selected_ref_payloads/ref_000/theta.npy,02_dnn/03_reference_search/raw_outputs/18_beta_cell_90_dataset_30_reference/selected_references/cell_beta_0p25_p_0p00/dataset_006_seed_621234/width_048/selected_refs.json
cell_beta_0p25_p_0p00,dataset_007_seed_721234,48,0,,,02_dnn/03_reference_search/raw_outputs/36_beta_cell_30_dataset_30_reference/selected_references/cell_beta_0p25_p_0p00/dataset_007_seed_721234/width_048/selected_ref_payloads/ref_000/theta.npy,02_dnn/03_reference_search/raw_outputs/18_beta_cell_90_dataset_30_reference/selected_references/cell_beta_0p25_p_0p00/dataset_007_seed_721234/width_048/selected_refs.json
cell_beta_0p25_p_0p00,dataset_008_seed_821234,48,0,,,02_dnn/03_reference_search/raw_outputs/36_beta_cell_30_dataset_30_reference/selected_references/cell_beta_0p25_p_0p00/dataset_008_seed_821234/width_048/selected_ref_payloads/ref_000/theta.npy,02_dnn/03_reference_search/raw_outputs/18_beta_cell_90_dataset_30_reference/selected_references/cell_beta_0p25_p_0p00/dataset_008_seed_821234/width_048/selected_refs.json
cell_beta_0p25_p_0p00,dataset_009_seed_921234,48,0,,,02_dnn/03_reference_search/raw_outputs/36_beta_cell_30_dataset_30_reference/selected_references/cell_beta_0p25_p_0p00/dataset_009_seed_921234/width_048/selected_ref_payloads/ref_000/theta.npy,02_dnn/03_reference_search/raw_outputs/18_beta_cell_90_dataset_30_reference/selected_references/cell_beta_0p25_p_0p00/dataset_009_seed_921234/width_048/selected_refs.json
cell_beta_0p25_p_0p00,dataset_010_seed_1021234,48,0,,,02_dnn/03_reference_search/raw_outputs/36_beta_cell_30_dataset_30_reference/selected_references/cell_beta_0p25_p_0p00/dataset_010_seed_1021234/width_048/selected_ref_payloads/ref_000/theta.npy,02_dnn/03_reference_search/raw_outputs/18_beta_cell_90_dataset_30_reference/selected_references/cell_beta_0p25_p_0p00/dataset_010_seed_1021234/width_048/selected_refs.json
cell_beta_0p25_p_0p00,dataset_011_seed_1121234,48,0,,,02_dnn/03_reference_search/raw_outputs/36_beta_cell_30_dataset_30_reference/selected_references/cell_beta_0p25_p_0p00/dataset_011_seed_1121234/width_048/selected_ref_payloads/ref_000/theta.npy,02_dnn/03_reference_search/raw_outputs/18_beta_cell_90_dataset_30_reference/selected_references/cell_beta_0p25_p_0p00/dataset_011_seed_1121234/width_048/selected_refs.json
cell_beta_0p25_p_0p00,dataset_012_seed_1221234,48,0,,,02_dnn/03_reference_search/raw_outputs/36_beta_cell_30_dataset_30_reference/selected_references/cell_beta_0p25_p_0p00/dataset_012_seed_1221234/width_048/selected_ref_payloads/ref_000/theta.npy,02_dnn/03_reference_search/raw_outputs/18_beta_cell_90_dataset_30_reference/selected_references/cell_beta_0p25_p_0p00/dataset_012_seed_1221234/width_048/selected_refs.json
cell_beta_0p25_p_0p00,dataset_013_seed_1321234,48,0,,,02_dnn/03_reference_search/raw_outputs/36_beta_cell_30_dataset_30_reference/selected_references/cell_beta_0p25_p_0p00/dataset_013_seed_1321234/width_048/selected_ref_payloads/ref_000/theta.npy,02_dnn/03_reference_search/raw_outputs/18_beta_cell_90_dataset_30_reference/selected_references/cell_beta_0p25_p_0p00/dataset_013_seed_1321234/width_048/selected_refs.json
cell_beta_0p25_p_0p00,dataset_014_seed_1421234,48,0,,,02_dnn/03_reference_search/raw_outputs/36_beta_cell_30_dataset_30_reference/selected_references/cell_beta_0p25_p_0p00/dataset_014_seed_1421234/width_048/selected_ref_payloads/ref_000/theta.npy,02_dnn/03_reference_search/raw_outputs/18_beta_cell_90_dataset_30_reference/selected_references/cell_beta_0p25_p_0p00/dataset_014_seed_1421234/width_048/selected_refs.json
cell_beta_0p25_p_0p00,dataset_015_seed_1521234,48,0,,,02_dnn/03_reference_search/raw_outputs/36_beta_cell_30_dataset_30_reference/selected_references/cell_beta_0p25_p_0p00/dataset_015_seed_1521234/width_048/selected_ref_payloads/ref_000/theta.npy,02_dnn/03_reference_search/raw_outputs/18_beta_cell_90_dataset_30_reference/selected_references/cell_beta_0p25_p_0p00/dataset_015_seed_1521234/width_048/selected_refs.json
cell_beta_0p25_p_0p00,dataset_016_seed_1621234,48,0,,,02_dnn/03_reference_search/raw_outputs/36_beta_cell_30_dataset_30_reference/selected_references/cell_beta_0p25_p_0p00/dataset_016_seed_1621234/width_048/selected_ref_payloads/ref_000/theta.npy,02_dnn/03_reference_search/raw_outputs/18_beta_cell_90_dataset_30_reference/selected_references/cell_beta_0p25_p_0p00/dataset_016_seed_1621234/width_048/selected_refs.json
cell_beta_0p25_p_0p00,dataset_017_seed_1721234,48,0,,,02_dnn/03_reference_search/raw_outputs/36_beta_cell_30_dataset_30_reference/selected_references/cell_beta_0p25_p_0p00/dataset_017_seed_1721234/width_048/selected_ref_payloads/ref_000/theta.npy,02_dnn/03_reference_search/raw_outputs/18_beta_cell_90_dataset_30_reference/selected_references/cell_beta_0p25_p_0p00/dataset_017_seed_1721234/width_048/selected_refs.json
cell_beta_0p25_p_0p00,dataset_018_seed_1821234,48,0,,,02_dnn/03_reference_search/raw_outputs/36_beta_cell_30_dataset_30_reference/selected_references/cell_beta_0p25_p_0p00/dataset_018_seed_1821234/width_048/selected_ref_payloads/ref_000/theta.npy,02_dnn/03_reference_search/raw_outputs/18_beta_cell_90_dataset_30_reference/selected_references/cell_beta_0p25_p_0p00/dataset_018_seed_1821234/width_048/selected_refs.json
cell_beta_0p25_p_0p00,dataset_019_seed_1921234,48,0,,,02_dnn/03_reference_search/raw_outputs/36_beta_cell_30_dataset_30_reference/selected_references/cell_beta_0p25_p_0p00/dataset_019_seed_1921234/width_048/selected_ref_payloads/ref_000/theta.npy,02_dnn/03_reference_search/raw_outputs/18_beta_cell_90_dataset_30_reference/selected_references/cell_beta_0p25_p_0p00/dataset_019_seed_1921234/width_048/selected_refs.json
cell_beta_0p25_p_0p00,dataset_020_seed_2021234,48,0,,,02_dnn/03_reference_search/raw_outputs/36_beta_cell_30_dataset_30_reference/selected_references/cell_beta_0p25_p_0p00/dataset_020_seed_2021234/width_048/selected_ref_payloads/ref_000/theta.npy,02_dnn/03_reference_search/raw_outputs/18_beta_cell_90_dataset_30_reference/selected_references/cell_beta_0p25_p_0p00/dataset_020_seed_2021234/width_048/selected_refs.json
cell_beta_0p25_p_0p00,dataset_021_seed_2121234,48,0,,,02_dnn/03_reference_search/raw_outputs/36_beta_cell_30_dataset_30_reference/selected_references/cell_beta_0p25_p_0p00/dataset_021_seed_2121234/width_048/selected_ref_payloads/ref_000/theta.npy,02_dnn/03_reference_search/raw_outputs/18_beta_cell_90_dataset_30_reference/selected_references/cell_beta_0p25_p_0p00/dataset_021_seed_2121234/width_048/selected_refs.json
cell_beta_0p25_p_0p00,dataset_022_seed_2221234,48,0,,,02_dnn/03_reference_search/raw_outputs/36_beta_cell_30_dataset_30_reference/selected_references/cell_beta_0p25_p_0p00/dataset_022_seed_2221234/width_048/selected_ref_payloads/ref_000/theta.npy,02_dnn/03_reference_search/raw_outputs/18_beta_cell_90_dataset_30_reference/selected_references/cell_beta_0p25_p_0p00/dataset_022_seed_2221234/width_048/selected_refs.json
cell_beta_0p25_p_0p00,dataset_023_seed_2321234,48,0,,,02_dnn/03_reference_search/raw_outputs/36_beta_cell_30_dataset_30_reference/selected_references/cell_beta_0p25_p_0p00/dataset_023_seed_2321234/width_048/selected_ref_payloads/ref_000/theta.npy,02_dnn/03_reference_search/raw_outputs/18_beta_cell_90_dataset_30_reference/selected_references/cell_beta_0p25_p_0p00/dataset_023_seed_2321234/width_048/selected_refs.json
cell_beta_0p25_p_0p00,dataset_024_seed_2421234,48,0,,,02_dnn/03_reference_search/raw_outputs/36_beta_cell_30_dataset_30_reference/selected_references/cell_beta_0p25_p_0p00/dataset_024_seed_2421234/width_048/selected_ref_payloads/ref_000/theta.npy,02_dnn/03_reference_search/raw_outputs/18_beta_cell_90_dataset_30_reference/selected_references/cell_beta_0p25_p_0p00/dataset_024_seed_2421234/width_048/selected_refs.json
cell_beta_0p25_p_0p00,dataset_025_seed_2521234,48,0,,,02_dnn/03_reference_search/raw_outputs/36_beta_cell_30_dataset_30_reference/selected_references/cell_beta_0p25_p_0p00/dataset_025_seed_2521234/width_048/selected_ref_payloads/ref_000/theta.npy,02_dnn/03_reference_search/raw_outputs/18_beta_cell_90_dataset_30_reference/selected_references/cell_beta_0p25_p_0p00/dataset_025_seed_2521234/width_048/selected_refs.json
cell_beta_0p25_p_0p00,dataset_026_seed_2621234,48,0,,,02_dnn/03_reference_search/raw_outputs/36_beta_cell_30_dataset_30_reference/selected_references/cell_beta_0p25_p_0p00/dataset_026_seed_2621234/width_048/selected_ref_payloads/ref_000/theta.npy,02_dnn/03_reference_search/raw_outputs/18_beta_cell_90_dataset_30_reference/selected_references/cell_beta_0p25_p_0p00/dataset_026_seed_2621234/width_048/selected_refs.json
cell_beta_0p25_p_0p00,dataset_027_seed_2721234,48,0,,,02_dnn/03_reference_search/raw_outputs/36_beta_cell_30_dataset_30_reference/selected_references/cell_beta_0p25_p_0p00/dataset_027_seed_2721234/width_048/selected_ref_payloads/ref_000/theta.npy,02_dnn/03_reference_search/raw_outputs/18_beta_cell_90_dataset_30_reference/selected_references/cell_beta_0p25_p_0p00/dataset_027_seed_2721234/width_048/selected_refs.json
cell_beta_0p25_p_0p00,dataset_028_seed_2821234,48,0,,,02_dnn/03_reference_search/raw_outputs/36_beta_cell_30_dataset_30_reference/selected_references/cell_beta_0p25_p_0p00/dataset_028_seed_2821234/width_048/selected_ref_payloads/ref_000/theta.npy,02_dnn/03_reference_search/raw_outputs/18_beta_cell_90_dataset_30_reference/selected_references/cell_beta_0p25_p_0p00/dataset_028_seed_2821234/width_048/selected_refs.json
cell_beta_0p25_p_0p00,dataset_029_seed_2921234,48,0,,,02_dnn/03_reference_search/raw_outputs/36_beta_cell_30_dataset_30_reference/selected_references/cell_beta_0p25_p_0p00/dataset_029_seed_2921234/width_048/selected_ref_payloads/ref_000/theta.npy,02_dnn/03_reference_search/raw_outputs/18_beta_cell_90_dataset_30_reference/selected_references/cell_beta_0p25_p_0p00/dataset_029_seed_2921234/width_048/selected_refs.json
cell_beta_0p25_p_0p00,dataset_030_seed_3021234,48,0,74.54932480379756,0.00011952101750378172,02_dnn/03_reference_search/raw_outputs/18_beta_cell_60_dataset_30_reference/selected_references/cell_beta_0p25_p_0p00/dataset_030_seed_3021234/width_048/selected_ref_payloads/ref_000/theta.npy,02_dnn/03_reference_search/raw_outputs/18_beta_cell_90_dataset_30_reference/selected_references/cell_beta_0p25_p_0p00/dataset_030_seed_3021234/width_048/selected_refs.json
cell_beta_0p25_p_0p00,dataset_031_seed_3121234,48,0,70.59736751983324,0.00010457929069109582,02_dnn/03_reference_search/raw_outputs/18_beta_cell_60_dataset_30_reference/selected_references/cell_beta_0p25_p_0p00/dataset_031_seed_3121234/width_048/selected_ref_payloads/ref_000/theta.npy,02_dnn/03_reference_search/raw_outputs/18_beta_cell_90_dataset_30_reference/selected_references/cell_beta_0p25_p_0p00/dataset_031_seed_3121234/width_048/selected_refs.json
cell_beta_0p25_p_0p00,dataset_032_seed_3221234,48,0,89.51214575966151,0.00021641744483848446,02_dnn/03_reference_search/raw_outputs/18_beta_cell_60_dataset_30_reference/selected_references/cell_beta_0p25_p_0p00/dataset_032_seed_3221234/width_048/selected_ref_payloads/ref_000/theta.npy,02_dnn/03_reference_search/raw_outputs/18_beta_cell_90_dataset_30_reference/selected_references/cell_beta_0p25_p_0p00/dataset_032_seed_3221234/width_048/selected_refs.json
cell_beta_0p25_p_0p00,dataset_033_seed_3321234,48,0,81.64191452236768,0.0029994312770622476,02_dnn/03_reference_search/raw_outputs/18_beta_cell_60_dataset_30_reference/selected_references/cell_beta_0p25_p_0p00/dataset_033_seed_3321234/width_048/selected_ref_payloads/ref_000/theta.npy,02_dnn/03_reference_search/raw_outputs/18_beta_cell_90_dataset_30_reference/selected_references/cell_beta_0p25_p_0p00/dataset_033_seed_3321234/width_048/selected_refs.json
cell_beta_0p25_p_0p00,dataset_034_seed_3421234,48,0,95.90932660977664,0.0002443387568963071,02_dnn/03_reference_search/raw_outputs/18_beta_cell_60_dataset_30_reference/selected_references/cell_beta_0p25_p_0p00/dataset_034_seed_3421234/width_048/selected_ref_payloads/ref_000/theta.npy,02_dnn/03_reference_search/raw_outputs/18_beta_cell_90_dataset_30_reference/selected_references/cell_beta_0p25_p_0p00/dataset_034_seed_3421234/width_048/selected_refs.json
cell_beta_0p25_p_0p00,dataset_035_seed_3521234,48,0,88.67814029343575,0.0003279072456645546,02_dnn/03_reference_search/raw_outputs/18_beta_cell_60_dataset_30_reference/selected_references/cell_beta_0p25_p_0p00/dataset_035_seed_3521234/width_048/selected_ref_payloads/ref_000/theta.npy,02_dnn/03_reference_search/raw_outputs/18_beta_cell_90_dataset_30_reference/selected_references/cell_beta_0p25_p_0p00/dataset_035_seed_3521234/width_048/selected_refs.json
cell_beta_0p25_p_0p00,dataset_036_seed_3621234,48,0,57.709274720920014,0.0044395809019323225,02_dnn/03_reference_search/raw_outputs/18_beta_cell_60_dataset_30_reference/selected_references/cell_beta_0p25_p_0p00/dataset_036_seed_3621234/width_048/selected_ref_payloads/ref_000/theta.npy,02_dnn/03_reference_search/raw_outputs/18_beta_cell_90_dataset_30_reference/selected_references/cell_beta_0p25_p_0p00/dataset_036_seed_3621234/width_048/selected_refs.json
cell_beta_0p25_p_0p00,dataset_037_seed_3721234,48,0,79.14599042914548,0.00013445164690165993,02_dnn/03_reference_search/raw_outputs/18_beta_cell_60_dataset_30_reference/selected_references/cell_beta_0p25_p_0p00/dataset_037_seed_3721234/width_048/selected_ref_payloads/ref_000/theta.npy,02_dnn/03_reference_search/raw_outputs/18_beta_cell_90_dataset_30_reference/selected_references/cell_beta_0p25_p_0p00/dataset_037_seed_3721234/width_048/selected_refs.json
cell_beta_0p25_p_0p00,dataset_038_seed_3821234,48,0,88.87037488543878,0.0015120972489005488,02_dnn/03_reference_search/raw_outputs/18_beta_cell_60_dataset_30_reference/selected_references/cell_beta_0p25_p_0p00/dataset_038_seed_3821234/width_048/selected_ref_payloads/ref_000/theta.npy,02_dnn/03_reference_search/raw_outputs/18_beta_cell_90_dataset_30_reference/selected_references/cell_beta_0p25_p_0p00/dataset_038_seed_3821234/width_048/selected_refs.json
cell_beta_0p25_p_0p00,dataset_039_seed_3921234,48,0,84.42210963487753,0.000225309676599575,02_dnn/03_reference_search/raw_outputs/18_beta_cell_60_dataset_30_reference/selected_references/cell_beta_0p25_p_0p00/dataset_039_seed_3921234/width_048/selected_ref_payloads/ref_000/theta.npy,02_dnn/03_reference_search/raw_outputs/18_beta_cell_90_dataset_30_reference/selected_references/cell_beta_0p25_p_0p00/dataset_039_seed_3921234/width_048/selected_refs.json
cell_beta_0p25_p_0p00,dataset_040_seed_4021234,48,0,102.14745207669864,0.0002578875984708665,02_dnn/03_reference_search/raw_outputs/18_beta_cell_60_dataset_30_reference/selected_references/cell_beta_0p25_p_0p00/dataset_040_seed_4021234/width_048/selected_ref_payloads/ref_000/theta.npy,02_dnn/03_reference_search/raw_outputs/18_beta_cell_90_dataset_30_reference/selected_references/cell_beta_0p25_p_0p00/dataset_040_seed_4021234/width_048/selected_refs.json
cell_beta_0p25_p_0p00,dataset_041_seed_4121234,48,0,97.44158022161488,0.0002537450284797583,02_dnn/03_reference_search/raw_outputs/18_beta_cell_60_dataset_30_reference/selected_references/cell_beta_0p25_p_0p00/dataset_041_seed_4121234/width_048/selected_ref_payloads/ref_000/theta.npy,02_dnn/03_reference_search/raw_outputs/18_beta_cell_90_dataset_30_reference/selected_references/cell_beta_0p25_p_0p00/dataset_041_seed_4121234/width_048/selected_refs.json
cell_beta_0p25_p_0p00,dataset_042_seed_4221234,48,0,112.58944799218665,0.002012289319667543,02_dnn/03_reference_search/raw_outputs/18_beta_cell_60_dataset_30_reference/selected_references/cell_beta_0p25_p_0p00/dataset_042_seed_4221234/width_048/selected_ref_payloads/ref_000/theta.npy,02_dnn/03_reference_search/raw_outputs/18_beta_cell_90_dataset_30_reference/selected_references/cell_beta_0p25_p_0p00/dataset_042_seed_4221234/width_048/selected_refs.json
cell_beta_0p25_p_0p00,dataset_043_seed_4321234,48,0,67.92903000318199,9.701381222238325e-05,02_dnn/03_reference_search/raw_outputs/18_beta_cell_60_dataset_30_reference/selected_references/cell_beta_0p25_p_0p00/dataset_043_seed_4321234/width_048/selected_ref_payloads/ref_000/theta.npy,02_dnn/03_reference_search/raw_outputs/18_beta_cell_90_dataset_30_reference/selected_references/cell_beta_0p25_p_0p00/dataset_043_seed_4321234/width_048/selected_refs.json
cell_beta_0p25_p_0p00,dataset_044_seed_4421234,48,0,86.62699425000085,0.0017927343165697498,02_dnn/03_reference_search/raw_outputs/18_beta_cell_60_dataset_30_reference/selected_references/cell_beta_0p25_p_0p00/dataset_044_seed_4421234/width_048/selected_ref_payloads/ref_000/theta.npy,02_dnn/03_reference_search/raw_outputs/18_beta_cell_90_dataset_30_reference/selected_references/cell_beta_0p25_p_0p00/dataset_044_seed_4421234/width_048/selected_refs.json
cell_beta_0p25_p_0p00,dataset_045_seed_4521234,48,0,67.57992313366158,9.644757643512914e-05,02_dnn/03_reference_search/raw_outputs/18_beta_cell_60_dataset_30_reference/selected_references/cell_beta_0p25_p_0p00/dataset_045_seed_4521234/width_048/selected_ref_payloads/ref_000/theta.npy,02_dnn/03_reference_search/raw_outputs/18_beta_cell_90_dataset_30_reference/selected_references/cell_beta_0p25_p_0p00/dataset_045_seed_4521234/width_048/selected_refs.json
cell_beta_0p25_p_0p00,dataset_046_seed_4621234,48,0,106.65877169389138,0.00028368909937519075,02_dnn/03_reference_search/raw_outputs/18_beta_cell_60_dataset_30_reference/selected_references/cell_beta_0p25_p_0p00/dataset_046_seed_4621234/width_048/selected_ref_payloads/ref_000/theta.npy,02_dnn/03_reference_search/raw_outputs/18_beta_cell_90_dataset_30_reference/selected_references/cell_beta_0p25_p_0p00/dataset_046_seed_4621234/width_048/selected_refs.json
cell_beta_0p25_p_0p00,dataset_047_seed_4721234,48,0,82.60335339320942,0.00023441965785203698,02_dnn/03_reference_search/raw_outputs/18_beta_cell_60_dataset_30_reference/selected_references/cell_beta_0p25_p_0p00/dataset_047_seed_4721234/width_048/selected_ref_payloads/ref_000/theta.npy,02_dnn/03_reference_search/raw_outputs/18_beta_cell_90_dataset_30_reference/selected_references/cell_beta_0p25_p_0p00/dataset_047_seed_4721234/width_048/selected_refs.json
cell_beta_0p25_p_0p00,dataset_048_seed_4821234,48,0,112.89396977548198,0.0002688408007094086,02_dnn/03_reference_search/raw_outputs/18_beta_cell_60_dataset_30_reference/selected_references/cell_beta_0p25_p_0p00/dataset_048_seed_4821234/width_048/selected_ref_payloads/ref_000/theta.npy,02_dnn/03_reference_search/raw_outputs/18_beta_cell_90_dataset_30_reference/selected_references/cell_beta_0p25_p_0p00/dataset_048_seed_4821234/width_048/selected_refs.json
cell_beta_0p25_p_0p00,dataset_049_seed_4921234,48,0,80.24233293480353,0.00014888534087122192,02_dnn/03_reference_search/raw_outputs/18_beta_cell_60_dataset_30_reference/selected_references/cell_beta_0p25_p_0p00/dataset_049_seed_4921234/width_048/selected_ref_payloads/ref_000/theta.npy,02_dnn/03_reference_search/raw_outputs/18_beta_cell_90_dataset_30_reference/selected_references/cell_beta_0p25_p_0p00/dataset_049_seed_4921234/width_048/selected_refs.json
cell_beta_0p25_p_0p00,dataset_050_seed_5021234,48,0,106.25478443306541,0.00041736415517233867,02_dnn/03_reference_search/raw_outputs/18_beta_cell_60_dataset_30_reference/selected_references/cell_beta_0p25_p_0p00/dataset_050_seed_5021234/width_048/selected_ref_payloads/ref_000/theta.npy,02_dnn/03_reference_search/raw_outputs/18_beta_cell_90_dataset_30_reference/selected_references/cell_beta_0p25_p_0p00/dataset_050_seed_5021234/width_048/selected_refs.json
cell_beta_0p25_p_0p00,dataset_051_seed_5121234,48,0,77.03287589956406,0.00013153611777229907,02_dnn/03_reference_search/raw_outputs/18_beta_cell_60_dataset_30_reference/selected_references/cell_beta_0p25_p_0p00/dataset_051_seed_5121234/width_048/selected_ref_payloads/ref_000/theta.npy,02_dnn/03_reference_search/raw_outputs/18_beta_cell_90_dataset_30_reference/selected_references/cell_beta_0p25_p_0p00/dataset_051_seed_5121234/width_048/selected_refs.json
cell_beta_0p25_p_0p00,dataset_052_seed_5221234,48,0,47.09334200207094,0.006181866863561777,02_dnn/03_reference_search/raw_outputs/18_beta_cell_60_dataset_30_reference/selected_references/cell_beta_0p25_p_0p00/dataset_052_seed_5221234/width_048/selected_ref_payloads/ref_000/theta.npy,02_dnn/03_reference_search/raw_outputs/18_beta_cell_90_dataset_30_reference/selected_references/cell_beta_0p25_p_0p00/dataset_052_seed_5221234/width_048/selected_refs.json
cell_beta_0p25_p_0p00,dataset_053_seed_5321234,48,0,67.50974641976302,0.000857522257928847,02_dnn/03_reference_search/raw_outputs/18_beta_cell_60_dataset_30_reference/selected_references/cell_beta_0p25_p_0p00/dataset_053_seed_5321234/width_048/selected_ref_payloads/ref_000/theta.npy,02_dnn/03_reference_search/raw_outputs/18_beta_cell_90_dataset_30_reference/selected_references/cell_beta_0p25_p_0p00/dataset_053_seed_5321234/width_048/selected_refs.json
cell_beta_0p25_p_0p00,dataset_054_seed_5421234,48,0,75.95660787694528,0.0013980018279239296,02_dnn/03_reference_search/raw_outputs/18_beta_cell_60_dataset_30_reference/selected_references/cell_beta_0p25_p_0p00/dataset_054_seed_5421234/width_048/selected_ref_payloads/ref_000/theta.npy,02_dnn/03_reference_search/raw_outputs/18_beta_cell_90_dataset_30_reference/selected_references/cell_beta_0p25_p_0p00/dataset_054_seed_5421234/width_048/selected_refs.json
cell_beta_0p25_p_0p00,dataset_055_seed_5521234,48,0,86.31702861142182,0.00023467662554523607,02_dnn/03_reference_search/raw_outputs/18_beta_cell_60_dataset_30_reference/selected_references/cell_beta_0p25_p_0p00/dataset_055_seed_5521234/width_048/selected_ref_payloads/ref_000/theta.npy,02_dnn/03_reference_search/raw_outputs/18_beta_cell_90_dataset_30_reference/selected_references/cell_beta_0p25_p_0p00/dataset_055_seed_5521234/width_048/selected_refs.json
cell_beta_0p25_p_0p00,dataset_056_seed_5621234,48,0,76.2038893851899,0.00013498362057681566,02_dnn/03_reference_search/raw_outputs/18_beta_cell_60_dataset_30_reference/selected_references/cell_beta_0p25_p_0p00/dataset_056_seed_5621234/width_048/selected_ref_payloads/ref_000/theta.npy,02_dnn/03_reference_search/raw_outputs/18_beta_cell_90_dataset_30_reference/selected_references/cell_beta_0p25_p_0p00/dataset_056_seed_5621234/width_048/selected_refs.json
cell_beta_0p25_p_0p00,dataset_057_seed_5721234,48,0,71.0531762601024,0.00010898605495442731,02_dnn/03_reference_search/raw_outputs/18_beta_cell_60_dataset_30_reference/selected_references/cell_beta_0p25_p_0p00/dataset_057_seed_5721234/width_048/selected_ref_payloads/ref_000/theta.npy,02_dnn/03_reference_search/raw_outputs/18_beta_cell_90_dataset_30_reference/selected_references/cell_beta_0p25_p_0p00/dataset_057_seed_5721234/width_048/selected_refs.json
cell_beta_0p25_p_0p00,dataset_058_seed_5821234,48,0,118.2165357605637,0.00030570337366419594,02_dnn/03_reference_search/raw_outputs/18_beta_cell_60_dataset_30_reference/selected_references/cell_beta_0p25_p_0p00/dataset_058_seed_5821234/width_048/selected_ref_payloads/ref_000/theta.npy,02_dnn/03_reference_search/raw_outputs/18_beta_cell_90_dataset_30_reference/selected_references/cell_beta_0p25_p_0p00/dataset_058_seed_5821234/width_048/selected_refs.json
cell_beta_0p25_p_0p00,dataset_059_seed_5921234,48,0,87.97290208122732,0.00021079029491289552,02_dnn/03_reference_search/raw_outputs/18_beta_cell_60_dataset_30_reference/selected_references/cell_beta_0p25_p_0p00/dataset_059_seed_5921234/width_048/selected_ref_payloads/ref_000/theta.npy,02_dnn/03_reference_search/raw_outputs/18_beta_cell_90_dataset_30_reference/selected_references/cell_beta_0p25_p_0p00/dataset_059_seed_5921234/width_048/selected_refs.json
cell_beta_0p25_p_0p00,dataset_060_seed_6021234,48,0,88.93641436523639,0.0006952336054912602,02_dnn/03_reference_search/raw_outputs/18_beta_cell_90_dataset_30_reference/selected_references/cell_beta_0p25_p_0p00/dataset_060_seed_6021234/width_048/selected_ref_payloads/ref_000/theta.npy,02_dnn/03_reference_search/raw_outputs/18_beta_cell_90_dataset_30_reference/selected_references/cell_beta_0p25_p_0p00/dataset_060_seed_6021234/width_048/selected_refs.json
cell_beta_0p25_p_0p00,dataset_061_seed_6121234,48,0,78.47178525511879,0.00012339518864043272,02_dnn/03_reference_search/raw_outputs/18_beta_cell_90_dataset_30_reference/selected_references/cell_beta_0p25_p_0p00/dataset_061_seed_6121234/width_048/selected_ref_payloads/ref_000/theta.npy,02_dnn/03_reference_search/raw_outputs/18_beta_cell_90_dataset_30_reference/selected_references/cell_beta_0p25_p_0p00/dataset_061_seed_6121234/width_048/selected_refs.json
cell_beta_0p25_p_0p00,dataset_062_seed_6221234,48,0,73.57584059232033,0.00017019755334877367,02_dnn/03_reference_search/raw_outputs/18_beta_cell_90_dataset_30_reference/selected_references/cell_beta_0p25_p_0p00/dataset_062_seed_6221234/width_048/selected_ref_payloads/ref_000/theta.npy,02_dnn/03_reference_search/raw_outputs/18_beta_cell_90_dataset_30_reference/selected_references/cell_beta_0p25_p_0p00/dataset_062_seed_6221234/width_048/selected_refs.json
cell_beta_0p25_p_0p00,dataset_063_seed_6321234,48,0,73.48886369817137,0.00011382050429874728,02_dnn/03_reference_search/raw_outputs/18_beta_cell_90_dataset_30_reference/selected_references/cell_beta_0p25_p_0p00/dataset_063_seed_6321234/width_048/selected_ref_payloads/ref_000/theta.npy,02_dnn/03_reference_search/raw_outputs/18_beta_cell_90_dataset_30_reference/selected_references/cell_beta_0p25_p_0p00/dataset_063_seed_6321234/width_048/selected_refs.json
cell_beta_0p25_p_0p00,dataset_064_seed_6421234,48,0,78.33827531307412,0.0017017097302320537,02_dnn/03_reference_search/raw_outputs/18_beta_cell_90_dataset_30_reference/selected_references/cell_beta_0p25_p_0p00/dataset_064_seed_6421234/width_048/selected_ref_payloads/ref_000/theta.npy,02_dnn/03_reference_search/raw_outputs/18_beta_cell_90_dataset_30_reference/selected_references/cell_beta_0p25_p_0p00/dataset_064_seed_6421234/width_048/selected_refs.json
cell_beta_0p25_p_0p00,dataset_065_seed_6521234,48,0,68.26524134999951,9.798188882923749e-05,02_dnn/03_reference_search/raw_outputs/18_beta_cell_90_dataset_30_reference/selected_references/cell_beta_0p25_p_0p00/dataset_065_seed_6521234/width_048/selected_ref_payloads/ref_000/theta.npy,02_dnn/03_reference_search/raw_outputs/18_beta_cell_90_dataset_30_reference/selected_references/cell_beta_0p25_p_0p00/dataset_065_seed_6521234/width_048/selected_refs.json
cell_beta_0p25_p_0p00,dataset_066_seed_6621234,48,0,67.99994746244884,9.75884763507134e-05,02_dnn/03_reference_search/raw_outputs/18_beta_cell_90_dataset_30_reference/selected_references/cell_beta_0p25_p_0p00/dataset_066_seed_6621234/width_048/selected_ref_payloads/ref_000/theta.npy,02_dnn/03_reference_search/raw_outputs/18_beta_cell_90_dataset_30_reference/selected_references/cell_beta_0p25_p_0p00/dataset_066_seed_6621234/width_048/selected_refs.json
cell_beta_0p25_p_0p00,dataset_067_seed_6721234,48,0,90.3891982434106,0.00028783862854929996,02_dnn/03_reference_search/raw_outputs/18_beta_cell_90_dataset_30_reference/selected_references/cell_beta_0p25_p_0p00/dataset_067_seed_6721234/width_048/selected_ref_payloads/ref_000/theta.npy,02_dnn/03_reference_search/raw_outputs/18_beta_cell_90_dataset_30_reference/selected_references/cell_beta_0p25_p_0p00/dataset_067_seed_6721234/width_048/selected_refs.json
cell_beta_0p25_p_0p00,dataset_068_seed_6821234,48,0,72.76014013407509,0.00011816492866016698,02_dnn/03_reference_search/raw_outputs/18_beta_cell_90_dataset_30_reference/selected_references/cell_beta_0p25_p_0p00/dataset_068_seed_6821234/width_048/selected_ref_payloads/ref_000/theta.npy,02_dnn/03_reference_search/raw_outputs/18_beta_cell_90_dataset_30_reference/selected_references/cell_beta_0p25_p_0p00/dataset_068_seed_6821234/width_048/selected_refs.json
cell_beta_0p25_p_0p00,dataset_069_seed_6921234,48,0,80.2742424713295,0.002384272772740343,02_dnn/03_reference_search/raw_outputs/18_beta_cell_90_dataset_30_reference/selected_references/cell_beta_0p25_p_0p00/dataset_069_seed_6921234/width_048/selected_ref_payloads/ref_000/theta.npy,02_dnn/03_reference_search/raw_outputs/18_beta_cell_90_dataset_30_reference/selected_references/cell_beta_0p25_p_0p00/dataset_069_seed_6921234/width_048/selected_refs.json
cell_beta_0p25_p_0p00,dataset_070_seed_7021234,48,0,99.33596805811014,0.00025210437690036873,02_dnn/03_reference_search/raw_outputs/18_beta_cell_90_dataset_30_reference/selected_references/cell_beta_0p25_p_0p00/dataset_070_seed_7021234/width_048/selected_ref_payloads/ref_000/theta.npy,02_dnn/03_reference_search/raw_outputs/18_beta_cell_90_dataset_30_reference/selected_references/cell_beta_0p25_p_0p00/dataset_070_seed_7021234/width_048/selected_refs.json
cell_beta_0p25_p_0p00,dataset_071_seed_7121234,48,0,67.64131838367608,0.0022619236456419135,02_dnn/03_reference_search/raw_outputs/18_beta_cell_90_dataset_30_reference/selected_references/cell_beta_0p25_p_0p00/dataset_071_seed_7121234/width_048/selected_ref_payloads/ref_000/theta.npy,02_dnn/03_reference_search/raw_outputs/18_beta_cell_90_dataset_30_reference/selected_references/cell_beta_0p25_p_0p00/dataset_071_seed_7121234/width_048/selected_refs.json
cell_beta_0p25_p_0p00,dataset_072_seed_7221234,48,0,76.64058080956369,0.0001477043501982123,02_dnn/03_reference_search/raw_outputs/18_beta_cell_90_dataset_30_reference/selected_references/cell_beta_0p25_p_0p00/dataset_072_seed_7221234/width_048/selected_ref_payloads/ref_000/theta.npy,02_dnn/03_reference_search/raw_outputs/18_beta_cell_90_dataset_30_reference/selected_references/cell_beta_0p25_p_0p00/dataset_072_seed_7221234/width_048/selected_refs.json
cell_beta_0p25_p_0p00,dataset_073_seed_7321234,48,0,49.66104227553365,0.005308519841519651,02_dnn/03_reference_search/raw_outputs/18_beta_cell_90_dataset_30_reference/selected_references/cell_beta_0p25_p_0p00/dataset_073_seed_7321234/width_048/selected_ref_payloads/ref_000/theta.npy,02_dnn/03_reference_search/raw_outputs/18_beta_cell_90_dataset_30_reference/selected_references/cell_beta_0p25_p_0p00/dataset_073_seed_7321234/width_048/selected_refs.json
cell_beta_0p25_p_0p00,dataset_074_seed_7421234,48,0,97.02736189968873,0.0005050730520346489,02_dnn/03_reference_search/raw_outputs/18_beta_cell_90_dataset_30_reference/selected_references/cell_beta_0p25_p_0p00/dataset_074_seed_7421234/width_048/selected_ref_payloads/ref_000/theta.npy,02_dnn/03_reference_search/raw_outputs/18_beta_cell_90_dataset_30_reference/selected_references/cell_beta_0p25_p_0p00/dataset_074_seed_7421234/width_048/selected_refs.json
cell_beta_0p25_p_0p00,dataset_075_seed_7521234,48,0,70.66819406970731,0.00010461333232585065,02_dnn/03_reference_search/raw_outputs/18_beta_cell_90_dataset_30_reference/selected_references/cell_beta_0p25_p_0p00/dataset_075_seed_7521234/width_048/selected_ref_payloads/ref_000/theta.npy,02_dnn/03_reference_search/raw_outputs/18_beta_cell_90_dataset_30_reference/selected_references/cell_beta_0p25_p_0p00/dataset_075_seed_7521234/width_048/selected_refs.json
cell_beta_0p25_p_0p00,dataset_076_seed_7621234,48,0,94.68033870992,0.0002967487486082126,02_dnn/03_reference_search/raw_outputs/18_beta_cell_90_dataset_30_reference/selected_references/cell_beta_0p25_p_0p00/dataset_076_seed_7621234/width_048/selected_ref_payloads/ref_000/theta.npy,02_dnn/03_reference_search/raw_outputs/18_beta_cell_90_dataset_30_reference/selected_references/cell_beta_0p25_p_0p00/dataset_076_seed_7621234/width_048/selected_refs.json
cell_beta_0p25_p_0p00,dataset_077_seed_7721234,48,0,102.67065823044699,0.0015956620846930764,02_dnn/03_reference_search/raw_outputs/18_beta_cell_90_dataset_30_reference/selected_references/cell_beta_0p25_p_0p00/dataset_077_seed_7721234/width_048/selected_ref_payloads/ref_000/theta.npy,02_dnn/03_reference_search/raw_outputs/18_beta_cell_90_dataset_30_reference/selected_references/cell_beta_0p25_p_0p00/dataset_077_seed_7721234/width_048/selected_refs.json
cell_beta_0p25_p_0p00,dataset_078_seed_7821234,48,0,81.39070576213247,0.00271693530412748,02_dnn/03_reference_search/raw_outputs/18_beta_cell_90_dataset_30_reference/selected_references/cell_beta_0p25_p_0p00/dataset_078_seed_7821234/width_048/selected_ref_payloads/ref_000/theta.npy,02_dnn/03_reference_search/raw_outputs/18_beta_cell_90_dataset_30_reference/selected_references/cell_beta_0p25_p_0p00/dataset_078_seed_7821234/width_048/selected_refs.json
cell_beta_0p25_p_0p00,dataset_079_seed_7921234,48,0,101.08225856063915,0.0005091953821970397,02_dnn/03_reference_search/raw_outputs/18_beta_cell_90_dataset_30_reference/selected_references/cell_beta_0p25_p_0p00/dataset_079_seed_7921234/width_048/selected_ref_payloads/ref_000/theta.npy,02_dnn/03_reference_search/raw_outputs/18_beta_cell_90_dataset_30_reference/selected_references/cell_beta_0p25_p_0p00/dataset_079_seed_7921234/width_048/selected_refs.json
cell_beta_0p25_p_0p00,dataset_080_seed_8021234,48,0,88.56139640511779,0.0002334080305500611,02_dnn/03_reference_search/raw_outputs/18_beta_cell_90_dataset_30_reference/selected_references/cell_beta_0p25_p_0p00/dataset_080_seed_8021234/width_048/selected_ref_payloads/ref_000/theta.npy,02_dnn/03_reference_search/raw_outputs/18_beta_cell_90_dataset_30_reference/selected_references/cell_beta_0p25_p_0p00/dataset_080_seed_8021234/width_048/selected_refs.json
cell_beta_0p25_p_0p00,dataset_081_seed_8121234,48,0,95.60945742260581,0.0007512829678483845,02_dnn/03_reference_search/raw_outputs/18_beta_cell_90_dataset_30_reference/selected_references/cell_beta_0p25_p_0p00/dataset_081_seed_8121234/width_048/selected_ref_payloads/ref_000/theta.npy,02_dnn/03_reference_search/raw_outputs/18_beta_cell_90_dataset_30_reference/selected_references/cell_beta_0p25_p_0p00/dataset_081_seed_8121234/width_048/selected_refs.json
cell_beta_0p25_p_0p00,dataset_082_seed_8221234,48,0,86.66843410750447,0.0004102510827793393,02_dnn/03_reference_search/raw_outputs/18_beta_cell_90_dataset_30_reference/selected_references/cell_beta_0p25_p_0p00/dataset_082_seed_8221234/width_048/selected_ref_payloads/ref_000/theta.npy,02_dnn/03_reference_search/raw_outputs/18_beta_cell_90_dataset_30_reference/selected_references/cell_beta_0p25_p_0p00/dataset_082_seed_8221234/width_048/selected_refs.json
cell_beta_0p25_p_0p00,dataset_083_seed_8321234,48,0,88.48169251094879,0.0027527583225381833,02_dnn/03_reference_search/raw_outputs/18_beta_cell_90_dataset_30_reference/selected_references/cell_beta_0p25_p_0p00/dataset_083_seed_8321234/width_048/selected_ref_payloads/ref_000/theta.npy,02_dnn/03_reference_search/raw_outputs/18_beta_cell_90_dataset_30_reference/selected_references/cell_beta_0p25_p_0p00/dataset_083_seed_8321234/width_048/selected_refs.json
cell_beta_0p25_p_0p00,dataset_084_seed_8421234,48,0,78.12088997548109,0.0016168394922072928,02_dnn/03_reference_search/raw_outputs/18_beta_cell_90_dataset_30_reference/selected_references/cell_beta_0p25_p_0p00/dataset_084_seed_8421234/width_048/selected_ref_payloads/ref_000/theta.npy,02_dnn/03_reference_search/raw_outputs/18_beta_cell_90_dataset_30_reference/selected_references/cell_beta_0p25_p_0p00/dataset_084_seed_8421234/width_048/selected_refs.json
cell_beta_0p25_p_0p00,dataset_085_seed_8521234,48,0,73.87281439765866,0.00011690166529534557,02_dnn/03_reference_search/raw_outputs/18_beta_cell_90_dataset_30_reference/selected_references/cell_beta_0p25_p_0p00/dataset_085_seed_8521234/width_048/selected_ref_payloads/ref_000/theta.npy,02_dnn/03_reference_search/raw_outputs/18_beta_cell_90_dataset_30_reference/selected_references/cell_beta_0p25_p_0p00/dataset_085_seed_8521234/width_048/selected_refs.json
cell_beta_0p25_p_0p00,dataset_086_seed_8621234,48,0,88.70366356952769,0.00018083647359923535,02_dnn/03_reference_search/raw_outputs/18_beta_cell_90_dataset_30_reference/selected_references/cell_beta_0p25_p_0p00/dataset_086_seed_8621234/width_048/selected_ref_payloads/ref_000/theta.npy,02_dnn/03_reference_search/raw_outputs/18_beta_cell_90_dataset_30_reference/selected_references/cell_beta_0p25_p_0p00/dataset_086_seed_8621234/width_048/selected_refs.json
cell_beta_0p25_p_0p00,dataset_087_seed_8721234,48,0,95.59423118632647,0.0002535146706125081,02_dnn/03_reference_search/raw_outputs/18_beta_cell_90_dataset_30_reference/selected_references/cell_beta_0p25_p_0p00/dataset_087_seed_8721234/width_048/selected_ref_payloads/ref_000/theta.npy,02_dnn/03_reference_search/raw_outputs/18_beta_cell_90_dataset_30_reference/selected_references/cell_beta_0p25_p_0p00/dataset_087_seed_8721234/width_048/selected_refs.json
cell_beta_0p25_p_0p00,dataset_088_seed_8821234,48,0,84.24644237757853,0.00017005888199351572,02_dnn/03_reference_search/raw_outputs/18_beta_cell_90_dataset_30_reference/selected_references/cell_beta_0p25_p_0p00/dataset_088_seed_8821234/width_048/selected_ref_payloads/ref_000/theta.npy,02_dnn/03_reference_search/raw_outputs/18_beta_cell_90_dataset_30_reference/selected_references/cell_beta_0p25_p_0p00/dataset_088_seed_8821234/width_048/selected_refs.json
cell_beta_0p25_p_0p00,dataset_089_seed_8921234,48,0,80.25925820656944,0.000580336216309603,02_dnn/03_reference_search/raw_outputs/18_beta_cell_90_dataset_30_reference/selected_references/cell_beta_0p25_p_0p00/dataset_089_seed_8921234/width_048/selected_ref_payloads/ref_000/theta.npy,02_dnn/03_reference_search/raw_outputs/18_beta_cell_90_dataset_30_reference/selected_references/cell_beta_0p25_p_0p00/dataset_089_seed_8921234/width_048/selected_refs.json
cell_beta_0p27_p_0p00,dataset_000_seed_023234,48,0,,,02_dnn/03_reference_search/raw_outputs/36_beta_cell_30_dataset_30_reference/selected_references/cell_beta_0p27_p_0p00/dataset_000_seed_023234/width_048/selected_ref_payloads/ref_000/theta.npy,02_dnn/03_reference_search/raw_outputs/18_beta_cell_90_dataset_30_reference/selected_references/cell_beta_0p27_p_0p00/dataset_000_seed_023234/width_048/selected_refs.json
cell_beta_0p27_p_0p00,dataset_001_seed_123234,48,0,,,02_dnn/03_reference_search/raw_outputs/36_beta_cell_30_dataset_30_reference/selected_references/cell_beta_0p27_p_0p00/dataset_001_seed_123234/width_048/selected_ref_payloads/ref_000/theta.npy,02_dnn/03_reference_search/raw_outputs/18_beta_cell_90_dataset_30_reference/selected_references/cell_beta_0p27_p_0p00/dataset_001_seed_123234/width_048/selected_refs.json
cell_beta_0p27_p_0p00,dataset_002_seed_223234,48,0,,,02_dnn/03_reference_search/raw_outputs/36_beta_cell_30_dataset_30_reference/selected_references/cell_beta_0p27_p_0p00/dataset_002_seed_223234/width_048/selected_ref_payloads/ref_000/theta.npy,02_dnn/03_reference_search/raw_outputs/18_beta_cell_90_dataset_30_reference/selected_references/cell_beta_0p27_p_0p00/dataset_002_seed_223234/width_048/selected_refs.json
cell_beta_0p27_p_0p00,dataset_003_seed_323234,48,0,,,02_dnn/03_reference_search/raw_outputs/36_beta_cell_30_dataset_30_reference/selected_references/cell_beta_0p27_p_0p00/dataset_003_seed_323234/width_048/selected_ref_payloads/ref_000/theta.npy,02_dnn/03_reference_search/raw_outputs/18_beta_cell_90_dataset_30_reference/selected_references/cell_beta_0p27_p_0p00/dataset_003_seed_323234/width_048/selected_refs.json
cell_beta_0p27_p_0p00,dataset_004_seed_423234,48,0,,,02_dnn/03_reference_search/raw_outputs/36_beta_cell_30_dataset_30_reference/selected_references/cell_beta_0p27_p_0p00/dataset_004_seed_423234/width_048/selected_ref_payloads/ref_000/theta.npy,02_dnn/03_reference_search/raw_outputs/18_beta_cell_90_dataset_30_reference/selected_references/cell_beta_0p27_p_0p00/dataset_004_seed_423234/width_048/selected_refs.json
cell_beta_0p27_p_0p00,dataset_005_seed_523234,48,0,,,02_dnn/03_reference_search/raw_outputs/36_beta_cell_30_dataset_30_reference/selected_references/cell_beta_0p27_p_0p00/dataset_005_seed_523234/width_048/selected_ref_payloads/ref_000/theta.npy,02_dnn/03_reference_search/raw_outputs/18_beta_cell_90_dataset_30_reference/selected_references/cell_beta_0p27_p_0p00/dataset_005_seed_523234/width_048/selected_refs.json
cell_beta_0p27_p_0p00,dataset_006_seed_623234,48,0,,,02_dnn/03_reference_search/raw_outputs/36_beta_cell_30_dataset_30_reference/selected_references/cell_beta_0p27_p_0p00/dataset_006_seed_623234/width_048/selected_ref_payloads/ref_000/theta.npy,02_dnn/03_reference_search/raw_outputs/18_beta_cell_90_dataset_30_reference/selected_references/cell_beta_0p27_p_0p00/dataset_006_seed_623234/width_048/selected_refs.json
cell_beta_0p27_p_0p00,dataset_007_seed_723234,48,0,,,02_dnn/03_reference_search/raw_outputs/36_beta_cell_30_dataset_30_reference/selected_references/cell_beta_0p27_p_0p00/dataset_007_seed_723234/width_048/selected_ref_payloads/ref_000/theta.npy,02_dnn/03_reference_search/raw_outputs/18_beta_cell_90_dataset_30_reference/selected_references/cell_beta_0p27_p_0p00/dataset_007_seed_723234/width_048/selected_refs.json
cell_beta_0p27_p_0p00,dataset_008_seed_823234,48,0,,,02_dnn/03_reference_search/raw_outputs/36_beta_cell_30_dataset_30_reference/selected_references/cell_beta_0p27_p_0p00/dataset_008_seed_823234/width_048/selected_ref_payloads/ref_000/theta.npy,02_dnn/03_reference_search/raw_outputs/18_beta_cell_90_dataset_30_reference/selected_references/cell_beta_0p27_p_0p00/dataset_008_seed_823234/width_048/selected_refs.json
cell_beta_0p27_p_0p00,dataset_009_seed_923234,48,0,,,02_dnn/03_reference_search/raw_outputs/36_beta_cell_30_dataset_30_reference/selected_references/cell_beta_0p27_p_0p00/dataset_009_seed_923234/width_048/selected_ref_payloads/ref_000/theta.npy,02_dnn/03_reference_search/raw_outputs/18_beta_cell_90_dataset_30_reference/selected_references/cell_beta_0p27_p_0p00/dataset_009_seed_923234/width_048/selected_refs.json
cell_beta_0p27_p_0p00,dataset_010_seed_1023234,48,0,,,02_dnn/03_reference_search/raw_outputs/36_beta_cell_30_dataset_30_reference/selected_references/cell_beta_0p27_p_0p00/dataset_010_seed_1023234/width_048/selected_ref_payloads/ref_000/theta.npy,02_dnn/03_reference_search/raw_outputs/18_beta_cell_90_dataset_30_reference/selected_references/cell_beta_0p27_p_0p00/dataset_010_seed_1023234/width_048/selected_refs.json
cell_beta_0p27_p_0p00,dataset_011_seed_1123234,48,0,,,02_dnn/03_reference_search/raw_outputs/36_beta_cell_30_dataset_30_reference/selected_references/cell_beta_0p27_p_0p00/dataset_011_seed_1123234/width_048/selected_ref_payloads/ref_000/theta.npy,02_dnn/03_reference_search/raw_outputs/18_beta_cell_90_dataset_30_reference/selected_references/cell_beta_0p27_p_0p00/dataset_011_seed_1123234/width_048/selected_refs.json
cell_beta_0p27_p_0p00,dataset_012_seed_1223234,48,0,,,02_dnn/03_reference_search/raw_outputs/36_beta_cell_30_dataset_30_reference/selected_references/cell_beta_0p27_p_0p00/dataset_012_seed_1223234/width_048/selected_ref_payloads/ref_000/theta.npy,02_dnn/03_reference_search/raw_outputs/18_beta_cell_90_dataset_30_reference/selected_references/cell_beta_0p27_p_0p00/dataset_012_seed_1223234/width_048/selected_refs.json
cell_beta_0p27_p_0p00,dataset_013_seed_1323234,48,0,,,02_dnn/03_reference_search/raw_outputs/36_beta_cell_30_dataset_30_reference/selected_references/cell_beta_0p27_p_0p00/dataset_013_seed_1323234/width_048/selected_ref_payloads/ref_000/theta.npy,02_dnn/03_reference_search/raw_outputs/18_beta_cell_90_dataset_30_reference/selected_references/cell_beta_0p27_p_0p00/dataset_013_seed_1323234/width_048/selected_refs.json
cell_beta_0p27_p_0p00,dataset_014_seed_1423234,48,0,,,02_dnn/03_reference_search/raw_outputs/36_beta_cell_30_dataset_30_reference/selected_references/cell_beta_0p27_p_0p00/dataset_014_seed_1423234/width_048/selected_ref_payloads/ref_000/theta.npy,02_dnn/03_reference_search/raw_outputs/18_beta_cell_90_dataset_30_reference/selected_references/cell_beta_0p27_p_0p00/dataset_014_seed_1423234/width_048/selected_refs.json
cell_beta_0p27_p_0p00,dataset_015_seed_1523234,48,0,,,02_dnn/03_reference_search/raw_outputs/36_beta_cell_30_dataset_30_reference/selected_references/cell_beta_0p27_p_0p00/dataset_015_seed_1523234/width_048/selected_ref_payloads/ref_000/theta.npy,02_dnn/03_reference_search/raw_outputs/18_beta_cell_90_dataset_30_reference/selected_references/cell_beta_0p27_p_0p00/dataset_015_seed_1523234/width_048/selected_refs.json
cell_beta_0p27_p_0p00,dataset_016_seed_1623234,48,0,,,02_dnn/03_reference_search/raw_outputs/36_beta_cell_30_dataset_30_reference/selected_references/cell_beta_0p27_p_0p00/dataset_016_seed_1623234/width_048/selected_ref_payloads/ref_000/theta.npy,02_dnn/03_reference_search/raw_outputs/18_beta_cell_90_dataset_30_reference/selected_references/cell_beta_0p27_p_0p00/dataset_016_seed_1623234/width_048/selected_refs.json
cell_beta_0p27_p_0p00,dataset_017_seed_1723234,48,0,,,02_dnn/03_reference_search/raw_outputs/36_beta_cell_30_dataset_30_reference/selected_references/cell_beta_0p27_p_0p00/dataset_017_seed_1723234/width_048/selected_ref_payloads/ref_000/theta.npy,02_dnn/03_reference_search/raw_outputs/18_beta_cell_90_dataset_30_reference/selected_references/cell_beta_0p27_p_0p00/dataset_017_seed_1723234/width_048/selected_refs.json
cell_beta_0p27_p_0p00,dataset_018_seed_1823234,48,0,,,02_dnn/03_reference_search/raw_outputs/36_beta_cell_30_dataset_30_reference/selected_references/cell_beta_0p27_p_0p00/dataset_018_seed_1823234/width_048/selected_ref_payloads/ref_000/theta.npy,02_dnn/03_reference_search/raw_outputs/18_beta_cell_90_dataset_30_reference/selected_references/cell_beta_0p27_p_0p00/dataset_018_seed_1823234/width_048/selected_refs.json
cell_beta_0p27_p_0p00,dataset_019_seed_1923234,48,0,,,02_dnn/03_reference_search/raw_outputs/36_beta_cell_30_dataset_30_reference/selected_references/cell_beta_0p27_p_0p00/dataset_019_seed_1923234/width_048/selected_ref_payloads/ref_000/theta.npy,02_dnn/03_reference_search/raw_outputs/18_beta_cell_90_dataset_30_reference/selected_references/cell_beta_0p27_p_0p00/dataset_019_seed_1923234/width_048/selected_refs.json
cell_beta_0p27_p_0p00,dataset_020_seed_2023234,48,0,,,02_dnn/03_reference_search/raw_outputs/36_beta_cell_30_dataset_30_reference/selected_references/cell_beta_0p27_p_0p00/dataset_020_seed_2023234/width_048/selected_ref_payloads/ref_000/theta.npy,02_dnn/03_reference_search/raw_outputs/18_beta_cell_90_dataset_30_reference/selected_references/cell_beta_0p27_p_0p00/dataset_020_seed_2023234/width_048/selected_refs.json
cell_beta_0p27_p_0p00,dataset_021_seed_2123234,48,0,,,02_dnn/03_reference_search/raw_outputs/36_beta_cell_30_dataset_30_reference/selected_references/cell_beta_0p27_p_0p00/dataset_021_seed_2123234/width_048/selected_ref_payloads/ref_000/theta.npy,02_dnn/03_reference_search/raw_outputs/18_beta_cell_90_dataset_30_reference/selected_references/cell_beta_0p27_p_0p00/dataset_021_seed_2123234/width_048/selected_refs.json
cell_beta_0p27_p_0p00,dataset_022_seed_2223234,48,0,,,02_dnn/03_reference_search/raw_outputs/36_beta_cell_30_dataset_30_reference/selected_references/cell_beta_0p27_p_0p00/dataset_022_seed_2223234/width_048/selected_ref_payloads/ref_000/theta.npy,02_dnn/03_reference_search/raw_outputs/18_beta_cell_90_dataset_30_reference/selected_references/cell_beta_0p27_p_0p00/dataset_022_seed_2223234/width_048/selected_refs.json
cell_beta_0p27_p_0p00,dataset_023_seed_2323234,48,0,,,02_dnn/03_reference_search/raw_outputs/36_beta_cell_30_dataset_30_reference/selected_references/cell_beta_0p27_p_0p00/dataset_023_seed_2323234/width_048/selected_ref_payloads/ref_000/theta.npy,02_dnn/03_reference_search/raw_outputs/18_beta_cell_90_dataset_30_reference/selected_references/cell_beta_0p27_p_0p00/dataset_023_seed_2323234/width_048/selected_refs.json
cell_beta_0p27_p_0p00,dataset_024_seed_2423234,48,0,,,02_dnn/03_reference_search/raw_outputs/36_beta_cell_30_dataset_30_reference/selected_references/cell_beta_0p27_p_0p00/dataset_024_seed_2423234/width_048/selected_ref_payloads/ref_000/theta.npy,02_dnn/03_reference_search/raw_outputs/18_beta_cell_90_dataset_30_reference/selected_references/cell_beta_0p27_p_0p00/dataset_024_seed_2423234/width_048/selected_refs.json
cell_beta_0p27_p_0p00,dataset_025_seed_2523234,48,0,,,02_dnn/03_reference_search/raw_outputs/36_beta_cell_30_dataset_30_reference/selected_references/cell_beta_0p27_p_0p00/dataset_025_seed_2523234/width_048/selected_ref_payloads/ref_000/theta.npy,02_dnn/03_reference_search/raw_outputs/18_beta_cell_90_dataset_30_reference/selected_references/cell_beta_0p27_p_0p00/dataset_025_seed_2523234/width_048/selected_refs.json
cell_beta_0p27_p_0p00,dataset_026_seed_2623234,48,0,,,02_dnn/03_reference_search/raw_outputs/36_beta_cell_30_dataset_30_reference/selected_references/cell_beta_0p27_p_0p00/dataset_026_seed_2623234/width_048/selected_ref_payloads/ref_000/theta.npy,02_dnn/03_reference_search/raw_outputs/18_beta_cell_90_dataset_30_reference/selected_references/cell_beta_0p27_p_0p00/dataset_026_seed_2623234/width_048/selected_refs.json
cell_beta_0p27_p_0p00,dataset_027_seed_2723234,48,0,,,02_dnn/03_reference_search/raw_outputs/36_beta_cell_30_dataset_30_reference/selected_references/cell_beta_0p27_p_0p00/dataset_027_seed_2723234/width_048/selected_ref_payloads/ref_000/theta.npy,02_dnn/03_reference_search/raw_outputs/18_beta_cell_90_dataset_30_reference/selected_references/cell_beta_0p27_p_0p00/dataset_027_seed_2723234/width_048/selected_refs.json
cell_beta_0p27_p_0p00,dataset_028_seed_2823234,48,0,,,02_dnn/03_reference_search/raw_outputs/36_beta_cell_30_dataset_30_reference/selected_references/cell_beta_0p27_p_0p00/dataset_028_seed_2823234/width_048/selected_ref_payloads/ref_000/theta.npy,02_dnn/03_reference_search/raw_outputs/18_beta_cell_90_dataset_30_reference/selected_references/cell_beta_0p27_p_0p00/dataset_028_seed_2823234/width_048/selected_refs.json
cell_beta_0p27_p_0p00,dataset_029_seed_2923234,48,0,,,02_dnn/03_reference_search/raw_outputs/36_beta_cell_30_dataset_30_reference/selected_references/cell_beta_0p27_p_0p00/dataset_029_seed_2923234/width_048/selected_ref_payloads/ref_000/theta.npy,02_dnn/03_reference_search/raw_outputs/18_beta_cell_90_dataset_30_reference/selected_references/cell_beta_0p27_p_0p00/dataset_029_seed_2923234/width_048/selected_refs.json
cell_beta_0p27_p_0p00,dataset_030_seed_3023234,48,0,77.91895854035667,0.0031249010913568576,02_dnn/03_reference_search/raw_outputs/18_beta_cell_60_dataset_30_reference/selected_references/cell_beta_0p27_p_0p00/dataset_030_seed_3023234/width_048/selected_ref_payloads/ref_000/theta.npy,02_dnn/03_reference_search/raw_outputs/18_beta_cell_90_dataset_30_reference/selected_references/cell_beta_0p27_p_0p00/dataset_030_seed_3023234/width_048/selected_refs.json
cell_beta_0p27_p_0p00,dataset_031_seed_3123234,48,0,60.389321688761015,9.257528450497282e-05,02_dnn/03_reference_search/raw_outputs/18_beta_cell_60_dataset_30_reference/selected_references/cell_beta_0p27_p_0p00/dataset_031_seed_3123234/width_048/selected_ref_payloads/ref_000/theta.npy,02_dnn/03_reference_search/raw_outputs/18_beta_cell_90_dataset_30_reference/selected_references/cell_beta_0p27_p_0p00/dataset_031_seed_3123234/width_048/selected_refs.json
cell_beta_0p27_p_0p00,dataset_032_seed_3223234,48,0,54.765021399027304,6.273111265463769e-05,02_dnn/03_reference_search/raw_outputs/18_beta_cell_60_dataset_30_reference/selected_references/cell_beta_0p27_p_0p00/dataset_032_seed_3223234/width_048/selected_ref_payloads/ref_000/theta.npy,02_dnn/03_reference_search/raw_outputs/18_beta_cell_90_dataset_30_reference/selected_references/cell_beta_0p27_p_0p00/dataset_032_seed_3223234/width_048/selected_refs.json
cell_beta_0p27_p_0p00,dataset_033_seed_3323234,48,0,93.92167378492621,0.0001923485518814685,02_dnn/03_reference_search/raw_outputs/18_beta_cell_60_dataset_30_reference/selected_references/cell_beta_0p27_p_0p00/dataset_033_seed_3323234/width_048/selected_ref_payloads/ref_000/theta.npy,02_dnn/03_reference_search/raw_outputs/18_beta_cell_90_dataset_30_reference/selected_references/cell_beta_0p27_p_0p00/dataset_033_seed_3323234/width_048/selected_refs.json
cell_beta_0p27_p_0p00,dataset_034_seed_3423234,48,0,51.45356940676253,0.003578346449722084,02_dnn/03_reference_search/raw_outputs/18_beta_cell_60_dataset_30_reference/selected_references/cell_beta_0p27_p_0p00/dataset_034_seed_3423234/width_048/selected_ref_payloads/ref_000/theta.npy,02_dnn/03_reference_search/raw_outputs/18_beta_cell_90_dataset_30_reference/selected_references/cell_beta_0p27_p_0p00/dataset_034_seed_3423234/width_048/selected_refs.json
cell_beta_0p27_p_0p00,dataset_035_seed_3523234,48,0,60.398419907770105,7.605038006695332e-05,02_dnn/03_reference_search/raw_outputs/18_beta_cell_60_dataset_30_reference/selected_references/cell_beta_0p27_p_0p00/dataset_035_seed_3523234/width_048/selected_ref_payloads/ref_000/theta.npy,02_dnn/03_reference_search/raw_outputs/18_beta_cell_90_dataset_30_reference/selected_references/cell_beta_0p27_p_0p00/dataset_035_seed_3523234/width_048/selected_refs.json
cell_beta_0p27_p_0p00,dataset_036_seed_3623234,48,0,75.38072165425964,0.0001299837542057694,02_dnn/03_reference_search/raw_outputs/18_beta_cell_60_dataset_30_reference/selected_references/cell_beta_0p27_p_0p00/dataset_036_seed_3623234/width_048/selected_ref_payloads/ref_000/theta.npy,02_dnn/03_reference_search/raw_outputs/18_beta_cell_90_dataset_30_reference/selected_references/cell_beta_0p27_p_0p00/dataset_036_seed_3623234/width_048/selected_refs.json
cell_beta_0p27_p_0p00,dataset_037_seed_3723234,48,0,94.14213591401952,0.0011090023520996335,02_dnn/03_reference_search/raw_outputs/18_beta_cell_60_dataset_30_reference/selected_references/cell_beta_0p27_p_0p00/dataset_037_seed_3723234/width_048/selected_ref_payloads/ref_000/theta.npy,02_dnn/03_reference_search/raw_outputs/18_beta_cell_90_dataset_30_reference/selected_references/cell_beta_0p27_p_0p00/dataset_037_seed_3723234/width_048/selected_refs.json
cell_beta_0p27_p_0p00,dataset_038_seed_3823234,48,0,60.380091516123535,0.0001965809754960176,02_dnn/03_reference_search/raw_outputs/18_beta_cell_60_dataset_30_reference/selected_references/cell_beta_0p27_p_0p00/dataset_038_seed_3823234/width_048/selected_ref_payloads/ref_000/theta.npy,02_dnn/03_reference_search/raw_outputs/18_beta_cell_90_dataset_30_reference/selected_references/cell_beta_0p27_p_0p00/dataset_038_seed_3823234/width_048/selected_refs.json
cell_beta_0p27_p_0p00,dataset_039_seed_3923234,48,0,128.0916397111287,0.00042884024291825636,02_dnn/03_reference_search/raw_outputs/18_beta_cell_60_dataset_30_reference/selected_references/cell_beta_0p27_p_0p00/dataset_039_seed_3923234/width_048/selected_ref_payloads/ref_000/theta.npy,02_dnn/03_reference_search/raw_outputs/18_beta_cell_90_dataset_30_reference/selected_references/cell_beta_0p27_p_0p00/dataset_039_seed_3923234/width_048/selected_refs.json
cell_beta_0p27_p_0p00,dataset_040_seed_4023234,48,0,86.47571539875742,0.0004718870225525134,02_dnn/03_reference_search/raw_outputs/18_beta_cell_60_dataset_30_reference/selected_references/cell_beta_0p27_p_0p00/dataset_040_seed_4023234/width_048/selected_ref_payloads/ref_000/theta.npy,02_dnn/03_reference_search/raw_outputs/18_beta_cell_90_dataset_30_reference/selected_references/cell_beta_0p27_p_0p00/dataset_040_seed_4023234/width_048/selected_refs.json
cell_beta_0p27_p_0p00,dataset_041_seed_4123234,48,0,65.69331587929454,0.00011140447977834862,02_dnn/03_reference_search/raw_outputs/18_beta_cell_60_dataset_30_reference/selected_references/cell_beta_0p27_p_0p00/dataset_041_seed_4123234/width_048/selected_ref_payloads/ref_000/theta.npy,02_dnn/03_reference_search/raw_outputs/18_beta_cell_90_dataset_30_reference/selected_references/cell_beta_0p27_p_0p00/dataset_041_seed_4123234/width_048/selected_refs.json
cell_beta_0p27_p_0p00,dataset_042_seed_4223234,48,0,76.78663057153207,0.0004566949213858854,02_dnn/03_reference_search/raw_outputs/18_beta_cell_60_dataset_30_reference/selected_references/cell_beta_0p27_p_0p00/dataset_042_seed_4223234/width_048/selected_ref_payloads/ref_000/theta.npy,02_dnn/03_reference_search/raw_outputs/18_beta_cell_90_dataset_30_reference/selected_references/cell_beta_0p27_p_0p00/dataset_042_seed_4223234/width_048/selected_refs.json
cell_beta_0p27_p_0p00,dataset_043_seed_4323234,48,0,65.74640974354726,0.0032481965837850395,02_dnn/03_reference_search/raw_outputs/18_beta_cell_60_dataset_30_reference/selected_references/cell_beta_0p27_p_0p00/dataset_043_seed_4323234/width_048/selected_ref_payloads/ref_000/theta.npy,02_dnn/03_reference_search/raw_outputs/18_beta_cell_90_dataset_30_reference/selected_references/cell_beta_0p27_p_0p00/dataset_043_seed_4323234/width_048/selected_refs.json
cell_beta_0p27_p_0p00,dataset_044_seed_4423234,48,0,83.54774508615586,0.00015219037357359937,02_dnn/03_reference_search/raw_outputs/18_beta_cell_60_dataset_30_reference/selected_references/cell_beta_0p27_p_0p00/dataset_044_seed_4423234/width_048/selected_ref_payloads/ref_000/theta.npy,02_dnn/03_reference_search/raw_outputs/18_beta_cell_90_dataset_30_reference/selected_references/cell_beta_0p27_p_0p00/dataset_044_seed_4423234/width_048/selected_refs.json
cell_beta_0p27_p_0p00,dataset_045_seed_4523234,48,0,79.0913498820244,0.00012823324915278177,02_dnn/03_reference_search/raw_outputs/18_beta_cell_60_dataset_30_reference/selected_references/cell_beta_0p27_p_0p00/dataset_045_seed_4523234/width_048/selected_ref_payloads/ref_000/theta.npy,02_dnn/03_reference_search/raw_outputs/18_beta_cell_90_dataset_30_reference/selected_references/cell_beta_0p27_p_0p00/dataset_045_seed_4523234/width_048/selected_refs.json
cell_beta_0p27_p_0p00,dataset_046_seed_4623234,48,0,71.99144710344757,0.00011008377353154429,02_dnn/03_reference_search/raw_outputs/18_beta_cell_60_dataset_30_reference/selected_references/cell_beta_0p27_p_0p00/dataset_046_seed_4623234/width_048/selected_ref_payloads/ref_000/theta.npy,02_dnn/03_reference_search/raw_outputs/18_beta_cell_90_dataset_30_reference/selected_references/cell_beta_0p27_p_0p00/dataset_046_seed_4623234/width_048/selected_refs.json
cell_beta_0p27_p_0p00,dataset_047_seed_4723234,48,0,87.39493059687463,0.00015544269243032612,02_dnn/03_reference_search/raw_outputs/18_beta_cell_60_dataset_30_reference/selected_references/cell_beta_0p27_p_0p00/dataset_047_seed_4723234/width_048/selected_ref_payloads/ref_000/theta.npy,02_dnn/03_reference_search/raw_outputs/18_beta_cell_90_dataset_30_reference/selected_references/cell_beta_0p27_p_0p00/dataset_047_seed_4723234/width_048/selected_refs.json
cell_beta_0p27_p_0p00,dataset_048_seed_4823234,48,0,81.65632099769248,0.00020286188978717141,02_dnn/03_reference_search/raw_outputs/18_beta_cell_60_dataset_30_reference/selected_references/cell_beta_0p27_p_0p00/dataset_048_seed_4823234/width_048/selected_ref_payloads/ref_000/theta.npy,02_dnn/03_reference_search/raw_outputs/18_beta_cell_90_dataset_30_reference/selected_references/cell_beta_0p27_p_0p00/dataset_048_seed_4823234/width_048/selected_refs.json
cell_beta_0p27_p_0p00,dataset_049_seed_4923234,48,0,67.52997601942397,9.570525643642261e-05,02_dnn/03_reference_search/raw_outputs/18_beta_cell_60_dataset_30_reference/selected_references/cell_beta_0p27_p_0p00/dataset_049_seed_4923234/width_048/selected_ref_payloads/ref_000/theta.npy,02_dnn/03_reference_search/raw_outputs/18_beta_cell_90_dataset_30_reference/selected_references/cell_beta_0p27_p_0p00/dataset_049_seed_4923234/width_048/selected_refs.json
cell_beta_0p27_p_0p00,dataset_050_seed_5023234,48,0,80.73100023543945,0.00013659200139803715,02_dnn/03_reference_search/raw_outputs/18_beta_cell_60_dataset_30_reference/selected_references/cell_beta_0p27_p_0p00/dataset_050_seed_5023234/width_048/selected_ref_payloads/ref_000/theta.npy,02_dnn/03_reference_search/raw_outputs/18_beta_cell_90_dataset_30_reference/selected_references/cell_beta_0p27_p_0p00/dataset_050_seed_5023234/width_048/selected_refs.json
cell_beta_0p27_p_0p00,dataset_051_seed_5123234,48,0,77.83470409795716,0.000187430964750719,02_dnn/03_reference_search/raw_outputs/18_beta_cell_60_dataset_30_reference/selected_references/cell_beta_0p27_p_0p00/dataset_051_seed_5123234/width_048/selected_ref_payloads/ref_000/theta.npy,02_dnn/03_reference_search/raw_outputs/18_beta_cell_90_dataset_30_reference/selected_references/cell_beta_0p27_p_0p00/dataset_051_seed_5123234/width_048/selected_refs.json
cell_beta_0p27_p_0p00,dataset_052_seed_5223234,48,0,102.45538074269308,0.0005936538606842988,02_dnn/03_reference_search/raw_outputs/18_beta_cell_60_dataset_30_reference/selected_references/cell_beta_0p27_p_0p00/dataset_052_seed_5223234/width_048/selected_ref_payloads/ref_000/theta.npy,02_dnn/03_reference_search/raw_outputs/18_beta_cell_90_dataset_30_reference/selected_references/cell_beta_0p27_p_0p00/dataset_052_seed_5223234/width_048/selected_refs.json
cell_beta_0p27_p_0p00,dataset_053_seed_5323234,48,0,86.13700644578536,0.00020599280901003705,02_dnn/03_reference_search/raw_outputs/18_beta_cell_60_dataset_30_reference/selected_references/cell_beta_0p27_p_0p00/dataset_053_seed_5323234/width_048/selected_ref_payloads/ref_000/theta.npy,02_dnn/03_reference_search/raw_outputs/18_beta_cell_90_dataset_30_reference/selected_references/cell_beta_0p27_p_0p00/dataset_053_seed_5323234/width_048/selected_refs.json
cell_beta_0p27_p_0p00,dataset_054_seed_5423234,48,0,71.04900155453235,0.00011781999993929851,02_dnn/03_reference_search/raw_outputs/18_beta_cell_60_dataset_30_reference/selected_references/cell_beta_0p27_p_0p00/dataset_054_seed_5423234/width_048/selected_ref_payloads/ref_000/theta.npy,02_dnn/03_reference_search/raw_outputs/18_beta_cell_90_dataset_30_reference/selected_references/cell_beta_0p27_p_0p00/dataset_054_seed_5423234/width_048/selected_refs.json
cell_beta_0p27_p_0p00,dataset_055_seed_5523234,48,0,79.00623786102204,0.00048113626877167024,02_dnn/03_reference_search/raw_outputs/18_beta_cell_60_dataset_30_reference/selected_references/cell_beta_0p27_p_0p00/dataset_055_seed_5523234/width_048/selected_ref_payloads/ref_000/theta.npy,02_dnn/03_reference_search/raw_outputs/18_beta_cell_90_dataset_30_reference/selected_references/cell_beta_0p27_p_0p00/dataset_055_seed_5523234/width_048/selected_refs.json
cell_beta_0p27_p_0p00,dataset_056_seed_5623234,48,0,85.99752235315984,0.00022356459995643115,02_dnn/03_reference_search/raw_outputs/18_beta_cell_60_dataset_30_reference/selected_references/cell_beta_0p27_p_0p00/dataset_056_seed_5623234/width_048/selected_ref_payloads/ref_000/theta.npy,02_dnn/03_reference_search/raw_outputs/18_beta_cell_90_dataset_30_reference/selected_references/cell_beta_0p27_p_0p00/dataset_056_seed_5623234/width_048/selected_refs.json
cell_beta_0p27_p_0p00,dataset_057_seed_5723234,48,0,63.94751299920952,8.717519618531964e-05,02_dnn/03_reference_search/raw_outputs/18_beta_cell_60_dataset_30_reference/selected_references/cell_beta_0p27_p_0p00/dataset_057_seed_5723234/width_048/selected_ref_payloads/ref_000/theta.npy,02_dnn/03_reference_search/raw_outputs/18_beta_cell_90_dataset_30_reference/selected_references/cell_beta_0p27_p_0p00/dataset_057_seed_5723234/width_048/selected_refs.json
cell_beta_0p27_p_0p00,dataset_058_seed_5823234,48,0,77.98856020843698,0.00013334997174780972,02_dnn/03_reference_search/raw_outputs/18_beta_cell_60_dataset_30_reference/selected_references/cell_beta_0p27_p_0p00/dataset_058_seed_5823234/width_048/selected_ref_payloads/ref_000/theta.npy,02_dnn/03_reference_search/raw_outputs/18_beta_cell_90_dataset_30_reference/selected_references/cell_beta_0p27_p_0p00/dataset_058_seed_5823234/width_048/selected_refs.json
cell_beta_0p27_p_0p00,dataset_059_seed_5923234,48,0,75.3858083761554,0.00023394871627366816,02_dnn/03_reference_search/raw_outputs/18_beta_cell_60_dataset_30_reference/selected_references/cell_beta_0p27_p_0p00/dataset_059_seed_5923234/width_048/selected_ref_payloads/ref_000/theta.npy,02_dnn/03_reference_search/raw_outputs/18_beta_cell_90_dataset_30_reference/selected_references/cell_beta_0p27_p_0p00/dataset_059_seed_5923234/width_048/selected_refs.json
cell_beta_0p27_p_0p00,dataset_060_seed_6023234,48,0,82.74507012718152,0.00014560175186402308,02_dnn/03_reference_search/raw_outputs/18_beta_cell_90_dataset_30_reference/selected_references/cell_beta_0p27_p_0p00/dataset_060_seed_6023234/width_048/selected_ref_payloads/ref_000/theta.npy,02_dnn/03_reference_search/raw_outputs/18_beta_cell_90_dataset_30_reference/selected_references/cell_beta_0p27_p_0p00/dataset_060_seed_6023234/width_048/selected_refs.json
cell_beta_0p27_p_0p00,dataset_061_seed_6123234,48,0,75.38272433113818,0.0038960195416691983,02_dnn/03_reference_search/raw_outputs/18_beta_cell_90_dataset_30_reference/selected_references/cell_beta_0p27_p_0p00/dataset_061_seed_6123234/width_048/selected_ref_payloads/ref_000/theta.npy,02_dnn/03_reference_search/raw_outputs/18_beta_cell_90_dataset_30_reference/selected_references/cell_beta_0p27_p_0p00/dataset_061_seed_6123234/width_048/selected_refs.json
cell_beta_0p27_p_0p00,dataset_062_seed_6223234,48,0,66.31535356967757,0.00010610065877797873,02_dnn/03_reference_search/raw_outputs/18_beta_cell_90_dataset_30_reference/selected_references/cell_beta_0p27_p_0p00/dataset_062_seed_6223234/width_048/selected_ref_payloads/ref_000/theta.npy,02_dnn/03_reference_search/raw_outputs/18_beta_cell_90_dataset_30_reference/selected_references/cell_beta_0p27_p_0p00/dataset_062_seed_6223234/width_048/selected_refs.json
cell_beta_0p27_p_0p00,dataset_063_seed_6323234,48,0,91.08839819624671,0.00020716267185927733,02_dnn/03_reference_search/raw_outputs/18_beta_cell_90_dataset_30_reference/selected_references/cell_beta_0p27_p_0p00/dataset_063_seed_6323234/width_048/selected_ref_payloads/ref_000/theta.npy,02_dnn/03_reference_search/raw_outputs/18_beta_cell_90_dataset_30_reference/selected_references/cell_beta_0p27_p_0p00/dataset_063_seed_6323234/width_048/selected_refs.json
cell_beta_0p27_p_0p00,dataset_064_seed_6423234,48,0,67.10501504587519,9.7050174439605e-05,02_dnn/03_reference_search/raw_outputs/18_beta_cell_90_dataset_30_reference/selected_references/cell_beta_0p27_p_0p00/dataset_064_seed_6423234/width_048/selected_ref_payloads/ref_000/theta.npy,02_dnn/03_reference_search/raw_outputs/18_beta_cell_90_dataset_30_reference/selected_references/cell_beta_0p27_p_0p00/dataset_064_seed_6423234/width_048/selected_refs.json
cell_beta_0p27_p_0p00,dataset_065_seed_6523234,48,0,81.57209332885652,0.00018939172398997606,02_dnn/03_reference_search/raw_outputs/18_beta_cell_90_dataset_30_reference/selected_references/cell_beta_0p27_p_0p00/dataset_065_seed_6523234/width_048/selected_ref_payloads/ref_000/theta.npy,02_dnn/03_reference_search/raw_outputs/18_beta_cell_90_dataset_30_reference/selected_references/cell_beta_0p27_p_0p00/dataset_065_seed_6523234/width_048/selected_refs.json
cell_beta_0p27_p_0p00,dataset_066_seed_6623234,48,0,65.49000313712324,8.985709772384364e-05,02_dnn/03_reference_search/raw_outputs/18_beta_cell_90_dataset_30_reference/selected_references/cell_beta_0p27_p_0p00/dataset_066_seed_6623234/width_048/selected_ref_payloads/ref_000/theta.npy,02_dnn/03_reference_search/raw_outputs/18_beta_cell_90_dataset_30_reference/selected_references/cell_beta_0p27_p_0p00/dataset_066_seed_6623234/width_048/selected_refs.json
cell_beta_0p27_p_0p00,dataset_067_seed_6723234,48,0,50.964776878812735,0.003296947152793635,02_dnn/03_reference_search/raw_outputs/18_beta_cell_90_dataset_30_reference/selected_references/cell_beta_0p27_p_0p00/dataset_067_seed_6723234/width_048/selected_ref_payloads/ref_000/theta.npy,02_dnn/03_reference_search/raw_outputs/18_beta_cell_90_dataset_30_reference/selected_references/cell_beta_0p27_p_0p00/dataset_067_seed_6723234/width_048/selected_refs.json
cell_beta_0p27_p_0p00,dataset_068_seed_6823234,48,0,106.13343352598486,0.00027939178193586126,02_dnn/03_reference_search/raw_outputs/18_beta_cell_90_dataset_30_reference/selected_references/cell_beta_0p27_p_0p00/dataset_068_seed_6823234/width_048/selected_ref_payloads/ref_000/theta.npy,02_dnn/03_reference_search/raw_outputs/18_beta_cell_90_dataset_30_reference/selected_references/cell_beta_0p27_p_0p00/dataset_068_seed_6823234/width_048/selected_refs.json
cell_beta_0p27_p_0p00,dataset_069_seed_6923234,48,0,64.41537763351012,8.691334518785517e-05,02_dnn/03_reference_search/raw_outputs/18_beta_cell_90_dataset_30_reference/selected_references/cell_beta_0p27_p_0p00/dataset_069_seed_6923234/width_048/selected_ref_payloads/ref_000/theta.npy,02_dnn/03_reference_search/raw_outputs/18_beta_cell_90_dataset_30_reference/selected_references/cell_beta_0p27_p_0p00/dataset_069_seed_6923234/width_048/selected_refs.json
cell_beta_0p27_p_0p00,dataset_070_seed_7023234,48,0,99.07368037181199,0.00021220921113888064,02_dnn/03_reference_search/raw_outputs/18_beta_cell_90_dataset_30_reference/selected_references/cell_beta_0p27_p_0p00/dataset_070_seed_7023234/width_048/selected_ref_payloads/ref_000/theta.npy,02_dnn/03_reference_search/raw_outputs/18_beta_cell_90_dataset_30_reference/selected_references/cell_beta_0p27_p_0p00/dataset_070_seed_7023234/width_048/selected_refs.json
cell_beta_0p27_p_0p00,dataset_071_seed_7123234,48,0,78.29630856254254,0.00013086310061925864,02_dnn/03_reference_search/raw_outputs/18_beta_cell_90_dataset_30_reference/selected_references/cell_beta_0p27_p_0p00/dataset_071_seed_7123234/width_048/selected_ref_payloads/ref_000/theta.npy,02_dnn/03_reference_search/raw_outputs/18_beta_cell_90_dataset_30_reference/selected_references/cell_beta_0p27_p_0p00/dataset_071_seed_7123234/width_048/selected_refs.json
cell_beta_0p27_p_0p00,dataset_072_seed_7223234,48,0,73.42185698236484,0.00011459601980269301,02_dnn/03_reference_search/raw_outputs/18_beta_cell_90_dataset_30_reference/selected_references/cell_beta_0p27_p_0p00/dataset_072_seed_7223234/width_048/selected_ref_payloads/ref_000/theta.npy,02_dnn/03_reference_search/raw_outputs/18_beta_cell_90_dataset_30_reference/selected_references/cell_beta_0p27_p_0p00/dataset_072_seed_7223234/width_048/selected_refs.json
cell_beta_0p27_p_0p00,dataset_073_seed_7323234,48,0,67.25696465151363,0.0027841621363701554,02_dnn/03_reference_search/raw_outputs/18_beta_cell_90_dataset_30_reference/selected_references/cell_beta_0p27_p_0p00/dataset_073_seed_7323234/width_048/selected_ref_payloads/ref_000/theta.npy,02_dnn/03_reference_search/raw_outputs/18_beta_cell_90_dataset_30_reference/selected_references/cell_beta_0p27_p_0p00/dataset_073_seed_7323234/width_048/selected_refs.json
cell_beta_0p27_p_0p00,dataset_074_seed_7423234,48,0,74.31566114022412,0.0038664761772510205,02_dnn/03_reference_search/raw_outputs/18_beta_cell_90_dataset_30_reference/selected_references/cell_beta_0p27_p_0p00/dataset_074_seed_7423234/width_048/selected_ref_payloads/ref_000/theta.npy,02_dnn/03_reference_search/raw_outputs/18_beta_cell_90_dataset_30_reference/selected_references/cell_beta_0p27_p_0p00/dataset_074_seed_7423234/width_048/selected_refs.json
cell_beta_0p27_p_0p00,dataset_075_seed_7523234,48,0,80.17209249569247,0.00040556457652064315,02_dnn/03_reference_search/raw_outputs/18_beta_cell_90_dataset_30_reference/selected_references/cell_beta_0p27_p_0p00/dataset_075_seed_7523234/width_048/selected_ref_payloads/ref_000/theta.npy,02_dnn/03_reference_search/raw_outputs/18_beta_cell_90_dataset_30_reference/selected_references/cell_beta_0p27_p_0p00/dataset_075_seed_7523234/width_048/selected_refs.json
cell_beta_0p27_p_0p00,dataset_076_seed_7623234,48,0,97.7651906655179,0.000944280521236721,02_dnn/03_reference_search/raw_outputs/18_beta_cell_90_dataset_30_reference/selected_references/cell_beta_0p27_p_0p00/dataset_076_seed_7623234/width_048/selected_ref_payloads/ref_000/theta.npy,02_dnn/03_reference_search/raw_outputs/18_beta_cell_90_dataset_30_reference/selected_references/cell_beta_0p27_p_0p00/dataset_076_seed_7623234/width_048/selected_refs.json
cell_beta_0p27_p_0p00,dataset_077_seed_7723234,48,0,67.56803144452452,9.998440862547278e-05,02_dnn/03_reference_search/raw_outputs/18_beta_cell_90_dataset_30_reference/selected_references/cell_beta_0p27_p_0p00/dataset_077_seed_7723234/width_048/selected_ref_payloads/ref_000/theta.npy,02_dnn/03_reference_search/raw_outputs/18_beta_cell_90_dataset_30_reference/selected_references/cell_beta_0p27_p_0p00/dataset_077_seed_7723234/width_048/selected_refs.json
cell_beta_0p27_p_0p00,dataset_078_seed_7823234,48,0,64.25517622928784,0.003238156027306017,02_dnn/03_reference_search/raw_outputs/18_beta_cell_90_dataset_30_reference/selected_references/cell_beta_0p27_p_0p00/dataset_078_seed_7823234/width_048/selected_ref_payloads/ref_000/theta.npy,02_dnn/03_reference_search/raw_outputs/18_beta_cell_90_dataset_30_reference/selected_references/cell_beta_0p27_p_0p00/dataset_078_seed_7823234/width_048/selected_refs.json
cell_beta_0p27_p_0p00,dataset_079_seed_7923234,48,0,70.84264135723097,0.00010420117438256561,02_dnn/03_reference_search/raw_outputs/18_beta_cell_90_dataset_30_reference/selected_references/cell_beta_0p27_p_0p00/dataset_079_seed_7923234/width_048/selected_ref_payloads/ref_000/theta.npy,02_dnn/03_reference_search/raw_outputs/18_beta_cell_90_dataset_30_reference/selected_references/cell_beta_0p27_p_0p00/dataset_079_seed_7923234/width_048/selected_refs.json
cell_beta_0p27_p_0p00,dataset_080_seed_8023234,48,0,85.00715985288853,0.003219926290460226,02_dnn/03_reference_search/raw_outputs/18_beta_cell_90_dataset_30_reference/selected_references/cell_beta_0p27_p_0p00/dataset_080_seed_8023234/width_048/selected_ref_payloads/ref_000/theta.npy,02_dnn/03_reference_search/raw_outputs/18_beta_cell_90_dataset_30_reference/selected_references/cell_beta_0p27_p_0p00/dataset_080_seed_8023234/width_048/selected_refs.json
cell_beta_0p27_p_0p00,dataset_081_seed_8123234,48,0,65.35655388935317,9.17740356914176e-05,02_dnn/03_reference_search/raw_outputs/18_beta_cell_90_dataset_30_reference/selected_references/cell_beta_0p27_p_0p00/dataset_081_seed_8123234/width_048/selected_ref_payloads/ref_000/theta.npy,02_dnn/03_reference_search/raw_outputs/18_beta_cell_90_dataset_30_reference/selected_references/cell_beta_0p27_p_0p00/dataset_081_seed_8123234/width_048/selected_refs.json
cell_beta_0p27_p_0p00,dataset_082_seed_8223234,48,0,89.0724310662012,0.00040125749442955386,02_dnn/03_reference_search/raw_outputs/18_beta_cell_90_dataset_30_reference/selected_references/cell_beta_0p27_p_0p00/dataset_082_seed_8223234/width_048/selected_ref_payloads/ref_000/theta.npy,02_dnn/03_reference_search/raw_outputs/18_beta_cell_90_dataset_30_reference/selected_references/cell_beta_0p27_p_0p00/dataset_082_seed_8223234/width_048/selected_refs.json
cell_beta_0p27_p_0p00,dataset_083_seed_8323234,48,0,82.67650747535502,0.00129823286144974,02_dnn/03_reference_search/raw_outputs/18_beta_cell_90_dataset_30_reference/selected_references/cell_beta_0p27_p_0p00/dataset_083_seed_8323234/width_048/selected_ref_payloads/ref_000/theta.npy,02_dnn/03_reference_search/raw_outputs/18_beta_cell_90_dataset_30_reference/selected_references/cell_beta_0p27_p_0p00/dataset_083_seed_8323234/width_048/selected_refs.json
cell_beta_0p27_p_0p00,dataset_084_seed_8423234,48,0,58.44019233292854,7.906680200495079e-05,02_dnn/03_reference_search/raw_outputs/18_beta_cell_90_dataset_30_reference/selected_references/cell_beta_0p27_p_0p00/dataset_084_seed_8423234/width_048/selected_ref_payloads/ref_000/theta.npy,02_dnn/03_reference_search/raw_outputs/18_beta_cell_90_dataset_30_reference/selected_references/cell_beta_0p27_p_0p00/dataset_084_seed_8423234/width_048/selected_refs.json
cell_beta_0p27_p_0p00,dataset_085_seed_8523234,48,0,55.58943597804224,0.004616473408660796,02_dnn/03_reference_search/raw_outputs/18_beta_cell_90_dataset_30_reference/selected_references/cell_beta_0p27_p_0p00/dataset_085_seed_8523234/width_048/selected_ref_payloads/ref_000/theta.npy,02_dnn/03_reference_search/raw_outputs/18_beta_cell_90_dataset_30_reference/selected_references/cell_beta_0p27_p_0p00/dataset_085_seed_8523234/width_048/selected_refs.json
cell_beta_0p27_p_0p00,dataset_086_seed_8623234,48,0,64.2121964660551,0.004295298856921868,02_dnn/03_reference_search/raw_outputs/18_beta_cell_90_dataset_30_reference/selected_references/cell_beta_0p27_p_0p00/dataset_086_seed_8623234/width_048/selected_ref_payloads/ref_000/theta.npy,02_dnn/03_reference_search/raw_outputs/18_beta_cell_90_dataset_30_reference/selected_references/cell_beta_0p27_p_0p00/dataset_086_seed_8623234/width_048/selected_refs.json
cell_beta_0p27_p_0p00,dataset_087_seed_8723234,48,0,90.98628691323324,0.00018835414731211257,02_dnn/03_reference_search/raw_outputs/18_beta_cell_90_dataset_30_reference/selected_references/cell_beta_0p27_p_0p00/dataset_087_seed_8723234/width_048/selected_ref_payloads/ref_000/theta.npy,02_dnn/03_reference_search/raw_outputs/18_beta_cell_90_dataset_30_reference/selected_references/cell_beta_0p27_p_0p00/dataset_087_seed_8723234/width_048/selected_refs.json
cell_beta_0p27_p_0p00,dataset_088_seed_8823234,48,0,60.33854471999917,7.502002759742888e-05,02_dnn/03_reference_search/raw_outputs/18_beta_cell_90_dataset_30_reference/selected_references/cell_beta_0p27_p_0p00/dataset_088_seed_8823234/width_048/selected_ref_payloads/ref_000/theta.npy,02_dnn/03_reference_search/raw_outputs/18_beta_cell_90_dataset_30_reference/selected_references/cell_beta_0p27_p_0p00/dataset_088_seed_8823234/width_048/selected_refs.json
cell_beta_0p27_p_0p00,dataset_089_seed_8923234,48,0,85.10850052387262,0.00020328124595195862,02_dnn/03_reference_search/raw_outputs/18_beta_cell_90_dataset_30_reference/selected_references/cell_beta_0p27_p_0p00/dataset_089_seed_8923234/width_048/selected_ref_payloads/ref_000/theta.npy,02_dnn/03_reference_search/raw_outputs/18_beta_cell_90_dataset_30_reference/selected_references/cell_beta_0p27_p_0p00/dataset_089_seed_8923234/width_048/selected_refs.json
cell_beta_0p29_p_0p00,dataset_000_seed_025234,48,0,,,02_dnn/03_reference_search/raw_outputs/36_beta_cell_30_dataset_30_reference/selected_references/cell_beta_0p29_p_0p00/dataset_000_seed_025234/width_048/selected_ref_payloads/ref_000/theta.npy,02_dnn/03_reference_search/raw_outputs/18_beta_cell_90_dataset_30_reference/selected_references/cell_beta_0p29_p_0p00/dataset_000_seed_025234/width_048/selected_refs.json
cell_beta_0p29_p_0p00,dataset_001_seed_125234,48,0,,,02_dnn/03_reference_search/raw_outputs/36_beta_cell_30_dataset_30_reference/selected_references/cell_beta_0p29_p_0p00/dataset_001_seed_125234/width_048/selected_ref_payloads/ref_000/theta.npy,02_dnn/03_reference_search/raw_outputs/18_beta_cell_90_dataset_30_reference/selected_references/cell_beta_0p29_p_0p00/dataset_001_seed_125234/width_048/selected_refs.json
cell_beta_0p29_p_0p00,dataset_002_seed_225234,48,0,,,02_dnn/03_reference_search/raw_outputs/36_beta_cell_30_dataset_30_reference/selected_references/cell_beta_0p29_p_0p00/dataset_002_seed_225234/width_048/selected_ref_payloads/ref_000/theta.npy,02_dnn/03_reference_search/raw_outputs/18_beta_cell_90_dataset_30_reference/selected_references/cell_beta_0p29_p_0p00/dataset_002_seed_225234/width_048/selected_refs.json
cell_beta_0p29_p_0p00,dataset_003_seed_325234,48,0,,,02_dnn/03_reference_search/raw_outputs/36_beta_cell_30_dataset_30_reference/selected_references/cell_beta_0p29_p_0p00/dataset_003_seed_325234/width_048/selected_ref_payloads/ref_000/theta.npy,02_dnn/03_reference_search/raw_outputs/18_beta_cell_90_dataset_30_reference/selected_references/cell_beta_0p29_p_0p00/dataset_003_seed_325234/width_048/selected_refs.json
cell_beta_0p29_p_0p00,dataset_004_seed_425234,48,0,,,02_dnn/03_reference_search/raw_outputs/36_beta_cell_30_dataset_30_reference/selected_references/cell_beta_0p29_p_0p00/dataset_004_seed_425234/width_048/selected_ref_payloads/ref_000/theta.npy,02_dnn/03_reference_search/raw_outputs/18_beta_cell_90_dataset_30_reference/selected_references/cell_beta_0p29_p_0p00/dataset_004_seed_425234/width_048/selected_refs.json
cell_beta_0p29_p_0p00,dataset_005_seed_525234,48,0,,,02_dnn/03_reference_search/raw_outputs/36_beta_cell_30_dataset_30_reference/selected_references/cell_beta_0p29_p_0p00/dataset_005_seed_525234/width_048/selected_ref_payloads/ref_000/theta.npy,02_dnn/03_reference_search/raw_outputs/18_beta_cell_90_dataset_30_reference/selected_references/cell_beta_0p29_p_0p00/dataset_005_seed_525234/width_048/selected_refs.json
cell_beta_0p29_p_0p00,dataset_006_seed_625234,48,0,,,02_dnn/03_reference_search/raw_outputs/36_beta_cell_30_dataset_30_reference/selected_references/cell_beta_0p29_p_0p00/dataset_006_seed_625234/width_048/selected_ref_payloads/ref_000/theta.npy,02_dnn/03_reference_search/raw_outputs/18_beta_cell_90_dataset_30_reference/selected_references/cell_beta_0p29_p_0p00/dataset_006_seed_625234/width_048/selected_refs.json
cell_beta_0p29_p_0p00,dataset_007_seed_725234,48,0,,,02_dnn/03_reference_search/raw_outputs/36_beta_cell_30_dataset_30_reference/selected_references/cell_beta_0p29_p_0p00/dataset_007_seed_725234/width_048/selected_ref_payloads/ref_000/theta.npy,02_dnn/03_reference_search/raw_outputs/18_beta_cell_90_dataset_30_reference/selected_references/cell_beta_0p29_p_0p00/dataset_007_seed_725234/width_048/selected_refs.json
cell_beta_0p29_p_0p00,dataset_008_seed_825234,48,0,,,02_dnn/03_reference_search/raw_outputs/36_beta_cell_30_dataset_30_reference/selected_references/cell_beta_0p29_p_0p00/dataset_008_seed_825234/width_048/selected_ref_payloads/ref_000/theta.npy,02_dnn/03_reference_search/raw_outputs/18_beta_cell_90_dataset_30_reference/selected_references/cell_beta_0p29_p_0p00/dataset_008_seed_825234/width_048/selected_refs.json
cell_beta_0p29_p_0p00,dataset_009_seed_925234,48,0,,,02_dnn/03_reference_search/raw_outputs/36_beta_cell_30_dataset_30_reference/selected_references/cell_beta_0p29_p_0p00/dataset_009_seed_925234/width_048/selected_ref_payloads/ref_000/theta.npy,02_dnn/03_reference_search/raw_outputs/18_beta_cell_90_dataset_30_reference/selected_references/cell_beta_0p29_p_0p00/dataset_009_seed_925234/width_048/selected_refs.json
cell_beta_0p29_p_0p00,dataset_010_seed_1025234,48,0,,,02_dnn/03_reference_search/raw_outputs/36_beta_cell_30_dataset_30_reference/selected_references/cell_beta_0p29_p_0p00/dataset_010_seed_1025234/width_048/selected_ref_payloads/ref_000/theta.npy,02_dnn/03_reference_search/raw_outputs/18_beta_cell_90_dataset_30_reference/selected_references/cell_beta_0p29_p_0p00/dataset_010_seed_1025234/width_048/selected_refs.json
cell_beta_0p29_p_0p00,dataset_011_seed_1125234,48,0,,,02_dnn/03_reference_search/raw_outputs/36_beta_cell_30_dataset_30_reference/selected_references/cell_beta_0p29_p_0p00/dataset_011_seed_1125234/width_048/selected_ref_payloads/ref_000/theta.npy,02_dnn/03_reference_search/raw_outputs/18_beta_cell_90_dataset_30_reference/selected_references/cell_beta_0p29_p_0p00/dataset_011_seed_1125234/width_048/selected_refs.json
cell_beta_0p29_p_0p00,dataset_012_seed_1225234,48,0,,,02_dnn/03_reference_search/raw_outputs/36_beta_cell_30_dataset_30_reference/selected_references/cell_beta_0p29_p_0p00/dataset_012_seed_1225234/width_048/selected_ref_payloads/ref_000/theta.npy,02_dnn/03_reference_search/raw_outputs/18_beta_cell_90_dataset_30_reference/selected_references/cell_beta_0p29_p_0p00/dataset_012_seed_1225234/width_048/selected_refs.json
cell_beta_0p29_p_0p00,dataset_013_seed_1325234,48,0,,,02_dnn/03_reference_search/raw_outputs/36_beta_cell_30_dataset_30_reference/selected_references/cell_beta_0p29_p_0p00/dataset_013_seed_1325234/width_048/selected_ref_payloads/ref_000/theta.npy,02_dnn/03_reference_search/raw_outputs/18_beta_cell_90_dataset_30_reference/selected_references/cell_beta_0p29_p_0p00/dataset_013_seed_1325234/width_048/selected_refs.json
cell_beta_0p29_p_0p00,dataset_014_seed_1425234,48,0,,,02_dnn/03_reference_search/raw_outputs/36_beta_cell_30_dataset_30_reference/selected_references/cell_beta_0p29_p_0p00/dataset_014_seed_1425234/width_048/selected_ref_payloads/ref_000/theta.npy,02_dnn/03_reference_search/raw_outputs/18_beta_cell_90_dataset_30_reference/selected_references/cell_beta_0p29_p_0p00/dataset_014_seed_1425234/width_048/selected_refs.json
cell_beta_0p29_p_0p00,dataset_015_seed_1525234,48,0,,,02_dnn/03_reference_search/raw_outputs/36_beta_cell_30_dataset_30_reference/selected_references/cell_beta_0p29_p_0p00/dataset_015_seed_1525234/width_048/selected_ref_payloads/ref_000/theta.npy,02_dnn/03_reference_search/raw_outputs/18_beta_cell_90_dataset_30_reference/selected_references/cell_beta_0p29_p_0p00/dataset_015_seed_1525234/width_048/selected_refs.json
cell_beta_0p29_p_0p00,dataset_016_seed_1625234,48,0,,,02_dnn/03_reference_search/raw_outputs/36_beta_cell_30_dataset_30_reference/selected_references/cell_beta_0p29_p_0p00/dataset_016_seed_1625234/width_048/selected_ref_payloads/ref_000/theta.npy,02_dnn/03_reference_search/raw_outputs/18_beta_cell_90_dataset_30_reference/selected_references/cell_beta_0p29_p_0p00/dataset_016_seed_1625234/width_048/selected_refs.json
cell_beta_0p29_p_0p00,dataset_017_seed_1725234,48,0,,,02_dnn/03_reference_search/raw_outputs/36_beta_cell_30_dataset_30_reference/selected_references/cell_beta_0p29_p_0p00/dataset_017_seed_1725234/width_048/selected_ref_payloads/ref_000/theta.npy,02_dnn/03_reference_search/raw_outputs/18_beta_cell_90_dataset_30_reference/selected_references/cell_beta_0p29_p_0p00/dataset_017_seed_1725234/width_048/selected_refs.json
cell_beta_0p29_p_0p00,dataset_018_seed_1825234,48,0,,,02_dnn/03_reference_search/raw_outputs/36_beta_cell_30_dataset_30_reference/selected_references/cell_beta_0p29_p_0p00/dataset_018_seed_1825234/width_048/selected_ref_payloads/ref_000/theta.npy,02_dnn/03_reference_search/raw_outputs/18_beta_cell_90_dataset_30_reference/selected_references/cell_beta_0p29_p_0p00/dataset_018_seed_1825234/width_048/selected_refs.json
cell_beta_0p29_p_0p00,dataset_019_seed_1925234,48,0,,,02_dnn/03_reference_search/raw_outputs/36_beta_cell_30_dataset_30_reference/selected_references/cell_beta_0p29_p_0p00/dataset_019_seed_1925234/width_048/selected_ref_payloads/ref_000/theta.npy,02_dnn/03_reference_search/raw_outputs/18_beta_cell_90_dataset_30_reference/selected_references/cell_beta_0p29_p_0p00/dataset_019_seed_1925234/width_048/selected_refs.json
cell_beta_0p29_p_0p00,dataset_020_seed_2025234,48,0,,,02_dnn/03_reference_search/raw_outputs/36_beta_cell_30_dataset_30_reference/selected_references/cell_beta_0p29_p_0p00/dataset_020_seed_2025234/width_048/selected_ref_payloads/ref_000/theta.npy,02_dnn/03_reference_search/raw_outputs/18_beta_cell_90_dataset_30_reference/selected_references/cell_beta_0p29_p_0p00/dataset_020_seed_2025234/width_048/selected_refs.json
cell_beta_0p29_p_0p00,dataset_021_seed_2125234,48,0,,,02_dnn/03_reference_search/raw_outputs/36_beta_cell_30_dataset_30_reference/selected_references/cell_beta_0p29_p_0p00/dataset_021_seed_2125234/width_048/selected_ref_payloads/ref_000/theta.npy,02_dnn/03_reference_search/raw_outputs/18_beta_cell_90_dataset_30_reference/selected_references/cell_beta_0p29_p_0p00/dataset_021_seed_2125234/width_048/selected_refs.json
cell_beta_0p29_p_0p00,dataset_022_seed_2225234,48,0,,,02_dnn/03_reference_search/raw_outputs/36_beta_cell_30_dataset_30_reference/selected_references/cell_beta_0p29_p_0p00/dataset_022_seed_2225234/width_048/selected_ref_payloads/ref_000/theta.npy,02_dnn/03_reference_search/raw_outputs/18_beta_cell_90_dataset_30_reference/selected_references/cell_beta_0p29_p_0p00/dataset_022_seed_2225234/width_048/selected_refs.json
cell_beta_0p29_p_0p00,dataset_023_seed_2325234,48,0,,,02_dnn/03_reference_search/raw_outputs/36_beta_cell_30_dataset_30_reference/selected_references/cell_beta_0p29_p_0p00/dataset_023_seed_2325234/width_048/selected_ref_payloads/ref_000/theta.npy,02_dnn/03_reference_search/raw_outputs/18_beta_cell_90_dataset_30_reference/selected_references/cell_beta_0p29_p_0p00/dataset_023_seed_2325234/width_048/selected_refs.json
cell_beta_0p29_p_0p00,dataset_024_seed_2425234,48,0,,,02_dnn/03_reference_search/raw_outputs/36_beta_cell_30_dataset_30_reference/selected_references/cell_beta_0p29_p_0p00/dataset_024_seed_2425234/width_048/selected_ref_payloads/ref_000/theta.npy,02_dnn/03_reference_search/raw_outputs/18_beta_cell_90_dataset_30_reference/selected_references/cell_beta_0p29_p_0p00/dataset_024_seed_2425234/width_048/selected_refs.json
cell_beta_0p29_p_0p00,dataset_025_seed_2525234,48,0,,,02_dnn/03_reference_search/raw_outputs/36_beta_cell_30_dataset_30_reference/selected_references/cell_beta_0p29_p_0p00/dataset_025_seed_2525234/width_048/selected_ref_payloads/ref_000/theta.npy,02_dnn/03_reference_search/raw_outputs/18_beta_cell_90_dataset_30_reference/selected_references/cell_beta_0p29_p_0p00/dataset_025_seed_2525234/width_048/selected_refs.json
cell_beta_0p29_p_0p00,dataset_026_seed_2625234,48,0,,,02_dnn/03_reference_search/raw_outputs/36_beta_cell_30_dataset_30_reference/selected_references/cell_beta_0p29_p_0p00/dataset_026_seed_2625234/width_048/selected_ref_payloads/ref_000/theta.npy,02_dnn/03_reference_search/raw_outputs/18_beta_cell_90_dataset_30_reference/selected_references/cell_beta_0p29_p_0p00/dataset_026_seed_2625234/width_048/selected_refs.json
cell_beta_0p29_p_0p00,dataset_027_seed_2725234,48,0,,,02_dnn/03_reference_search/raw_outputs/36_beta_cell_30_dataset_30_reference/selected_references/cell_beta_0p29_p_0p00/dataset_027_seed_2725234/width_048/selected_ref_payloads/ref_000/theta.npy,02_dnn/03_reference_search/raw_outputs/18_beta_cell_90_dataset_30_reference/selected_references/cell_beta_0p29_p_0p00/dataset_027_seed_2725234/width_048/selected_refs.json
cell_beta_0p29_p_0p00,dataset_028_seed_2825234,48,0,,,02_dnn/03_reference_search/raw_outputs/36_beta_cell_30_dataset_30_reference/selected_references/cell_beta_0p29_p_0p00/dataset_028_seed_2825234/width_048/selected_ref_payloads/ref_000/theta.npy,02_dnn/03_reference_search/raw_outputs/18_beta_cell_90_dataset_30_reference/selected_references/cell_beta_0p29_p_0p00/dataset_028_seed_2825234/width_048/selected_refs.json
cell_beta_0p29_p_0p00,dataset_029_seed_2925234,48,0,,,02_dnn/03_reference_search/raw_outputs/36_beta_cell_30_dataset_30_reference/selected_references/cell_beta_0p29_p_0p00/dataset_029_seed_2925234/width_048/selected_ref_payloads/ref_000/theta.npy,02_dnn/03_reference_search/raw_outputs/18_beta_cell_90_dataset_30_reference/selected_references/cell_beta_0p29_p_0p00/dataset_029_seed_2925234/width_048/selected_refs.json
cell_beta_0p29_p_0p00,dataset_030_seed_3025234,48,0,79.91608568353777,0.00022901393505897342,02_dnn/03_reference_search/raw_outputs/18_beta_cell_60_dataset_30_reference/selected_references/cell_beta_0p29_p_0p00/dataset_030_seed_3025234/width_048/selected_ref_payloads/ref_000/theta.npy,02_dnn/03_reference_search/raw_outputs/18_beta_cell_90_dataset_30_reference/selected_references/cell_beta_0p29_p_0p00/dataset_030_seed_3025234/width_048/selected_refs.json
cell_beta_0p29_p_0p00,dataset_031_seed_3125234,48,0,75.90043285909383,0.00011959886124101786,02_dnn/03_reference_search/raw_outputs/18_beta_cell_60_dataset_30_reference/selected_references/cell_beta_0p29_p_0p00/dataset_031_seed_3125234/width_048/selected_ref_payloads/ref_000/theta.npy,02_dnn/03_reference_search/raw_outputs/18_beta_cell_90_dataset_30_reference/selected_references/cell_beta_0p29_p_0p00/dataset_031_seed_3125234/width_048/selected_refs.json
cell_beta_0p29_p_0p00,dataset_032_seed_3225234,48,0,56.1815446929106,6.599216585724592e-05,02_dnn/03_reference_search/raw_outputs/18_beta_cell_60_dataset_30_reference/selected_references/cell_beta_0p29_p_0p00/dataset_032_seed_3225234/width_048/selected_ref_payloads/ref_000/theta.npy,02_dnn/03_reference_search/raw_outputs/18_beta_cell_90_dataset_30_reference/selected_references/cell_beta_0p29_p_0p00/dataset_032_seed_3225234/width_048/selected_refs.json
cell_beta_0p29_p_0p00,dataset_033_seed_3325234,48,0,42.98110890614037,0.0031816265882156744,02_dnn/03_reference_search/raw_outputs/18_beta_cell_60_dataset_30_reference/selected_references/cell_beta_0p29_p_0p00/dataset_033_seed_3325234/width_048/selected_ref_payloads/ref_000/theta.npy,02_dnn/03_reference_search/raw_outputs/18_beta_cell_90_dataset_30_reference/selected_references/cell_beta_0p29_p_0p00/dataset_033_seed_3325234/width_048/selected_refs.json
cell_beta_0p29_p_0p00,dataset_034_seed_3425234,48,0,61.60432389688897,8.066467869851995e-05,02_dnn/03_reference_search/raw_outputs/18_beta_cell_60_dataset_30_reference/selected_references/cell_beta_0p29_p_0p00/dataset_034_seed_3425234/width_048/selected_ref_payloads/ref_000/theta.npy,02_dnn/03_reference_search/raw_outputs/18_beta_cell_90_dataset_30_reference/selected_references/cell_beta_0p29_p_0p00/dataset_034_seed_3425234/width_048/selected_refs.json
cell_beta_0p29_p_0p00,dataset_035_seed_3525234,48,0,83.28615047402097,0.002712323215554783,02_dnn/03_reference_search/raw_outputs/18_beta_cell_60_dataset_30_reference/selected_references/cell_beta_0p29_p_0p00/dataset_035_seed_3525234/width_048/selected_ref_payloads/ref_000/theta.npy,02_dnn/03_reference_search/raw_outputs/18_beta_cell_90_dataset_30_reference/selected_references/cell_beta_0p29_p_0p00/dataset_035_seed_3525234/width_048/selected_refs.json
cell_beta_0p29_p_0p00,dataset_036_seed_3625234,48,0,39.214842973209045,0.003743511207633031,02_dnn/03_reference_search/raw_outputs/18_beta_cell_60_dataset_30_reference/selected_references/cell_beta_0p29_p_0p00/dataset_036_seed_3625234/width_048/selected_ref_payloads/ref_000/theta.npy,02_dnn/03_reference_search/raw_outputs/18_beta_cell_90_dataset_30_reference/selected_references/cell_beta_0p29_p_0p00/dataset_036_seed_3625234/width_048/selected_refs.json
cell_beta_0p29_p_0p00,dataset_037_seed_3725234,48,0,60.69694231726816,7.700731001530205e-05,02_dnn/03_reference_search/raw_outputs/18_beta_cell_60_dataset_30_reference/selected_references/cell_beta_0p29_p_0p00/dataset_037_seed_3725234/width_048/selected_ref_payloads/ref_000/theta.npy,02_dnn/03_reference_search/raw_outputs/18_beta_cell_90_dataset_30_reference/selected_references/cell_beta_0p29_p_0p00/dataset_037_seed_3725234/width_048/selected_refs.json
cell_beta_0p29_p_0p00,dataset_038_seed_3825234,48,0,60.71760118491506,7.855953612647864e-05,02_dnn/03_reference_search/raw_outputs/18_beta_cell_60_dataset_30_reference/selected_references/cell_beta_0p29_p_0p00/dataset_038_seed_3825234/width_048/selected_ref_payloads/ref_000/theta.npy,02_dnn/03_reference_search/raw_outputs/18_beta_cell_90_dataset_30_reference/selected_references/cell_beta_0p29_p_0p00/dataset_038_seed_3825234/width_048/selected_refs.json
cell_beta_0p29_p_0p00,dataset_039_seed_3925234,48,0,69.05367723250563,0.00021023350096434755,02_dnn/03_reference_search/raw_outputs/18_beta_cell_60_dataset_30_reference/selected_references/cell_beta_0p29_p_0p00/dataset_039_seed_3925234/width_048/selected_ref_payloads/ref_000/theta.npy,02_dnn/03_reference_search/raw_outputs/18_beta_cell_90_dataset_30_reference/selected_references/cell_beta_0p29_p_0p00/dataset_039_seed_3925234/width_048/selected_refs.json
cell_beta_0p29_p_0p00,dataset_040_seed_4025234,48,0,77.82061189014942,0.0002387392212679666,02_dnn/03_reference_search/raw_outputs/18_beta_cell_60_dataset_30_reference/selected_references/cell_beta_0p29_p_0p00/dataset_040_seed_4025234/width_048/selected_ref_payloads/ref_000/theta.npy,02_dnn/03_reference_search/raw_outputs/18_beta_cell_90_dataset_30_reference/selected_references/cell_beta_0p29_p_0p00/dataset_040_seed_4025234/width_048/selected_refs.json
cell_beta_0p29_p_0p00,dataset_041_seed_4125234,48,0,96.36162045951048,0.0003980628714529489,02_dnn/03_reference_search/raw_outputs/18_beta_cell_60_dataset_30_reference/selected_references/cell_beta_0p29_p_0p00/dataset_041_seed_4125234/width_048/selected_ref_payloads/ref_000/theta.npy,02_dnn/03_reference_search/raw_outputs/18_beta_cell_90_dataset_30_reference/selected_references/cell_beta_0p29_p_0p00/dataset_041_seed_4125234/width_048/selected_refs.json
cell_beta_0p29_p_0p00,dataset_042_seed_4225234,48,0,59.876296480054464,7.582658773351919e-05,02_dnn/03_reference_search/raw_outputs/18_beta_cell_60_dataset_30_reference/selected_references/cell_beta_0p29_p_0p00/dataset_042_seed_4225234/width_048/selected_ref_payloads/ref_000/theta.npy,02_dnn/03_reference_search/raw_outputs/18_beta_cell_90_dataset_30_reference/selected_references/cell_beta_0p29_p_0p00/dataset_042_seed_4225234/width_048/selected_refs.json
cell_beta_0p29_p_0p00,dataset_043_seed_4325234,48,0,52.05573078370646,5.552290791069293e-05,02_dnn/03_reference_search/raw_outputs/18_beta_cell_60_dataset_30_reference/selected_references/cell_beta_0p29_p_0p00/dataset_043_seed_4325234/width_048/selected_ref_payloads/ref_000/theta.npy,02_dnn/03_reference_search/raw_outputs/18_beta_cell_90_dataset_30_reference/selected_references/cell_beta_0p29_p_0p00/dataset_043_seed_4325234/width_048/selected_refs.json
cell_beta_0p29_p_0p00,dataset_044_seed_4425234,48,0,36.58128649178862,0.005593483156160232,02_dnn/03_reference_search/raw_outputs/18_beta_cell_60_dataset_30_reference/selected_references/cell_beta_0p29_p_0p00/dataset_044_seed_4425234/width_048/selected_ref_payloads/ref_000/theta.npy,02_dnn/03_reference_search/raw_outputs/18_beta_cell_90_dataset_30_reference/selected_references/cell_beta_0p29_p_0p00/dataset_044_seed_4425234/width_048/selected_refs.json
cell_beta_0p29_p_0p00,dataset_045_seed_4525234,48,0,63.800771898086474,8.618701126520545e-05,02_dnn/03_reference_search/raw_outputs/18_beta_cell_60_dataset_30_reference/selected_references/cell_beta_0p29_p_0p00/dataset_045_seed_4525234/width_048/selected_ref_payloads/ref_000/theta.npy,02_dnn/03_reference_search/raw_outputs/18_beta_cell_90_dataset_30_reference/selected_references/cell_beta_0p29_p_0p00/dataset_045_seed_4525234/width_048/selected_refs.json
cell_beta_0p29_p_0p00,dataset_046_seed_4625234,48,0,72.76634079218647,0.00010535831174286532,02_dnn/03_reference_search/raw_outputs/18_beta_cell_60_dataset_30_reference/selected_references/cell_beta_0p29_p_0p00/dataset_046_seed_4625234/width_048/selected_ref_payloads/ref_000/theta.npy,02_dnn/03_reference_search/raw_outputs/18_beta_cell_90_dataset_30_reference/selected_references/cell_beta_0p29_p_0p00/dataset_046_seed_4625234/width_048/selected_refs.json
cell_beta_0p29_p_0p00,dataset_047_seed_4725234,48,0,66.59618275516956,8.90579307891809e-05,02_dnn/03_reference_search/raw_outputs/18_beta_cell_60_dataset_30_reference/selected_references/cell_beta_0p29_p_0p00/dataset_047_seed_4725234/width_048/selected_ref_payloads/ref_000/theta.npy,02_dnn/03_reference_search/raw_outputs/18_beta_cell_90_dataset_30_reference/selected_references/cell_beta_0p29_p_0p00/dataset_047_seed_4725234/width_048/selected_refs.json
cell_beta_0p29_p_0p00,dataset_048_seed_4825234,48,0,86.25806423483253,0.00043320816419978433,02_dnn/03_reference_search/raw_outputs/18_beta_cell_60_dataset_30_reference/selected_references/cell_beta_0p29_p_0p00/dataset_048_seed_4825234/width_048/selected_ref_payloads/ref_000/theta.npy,02_dnn/03_reference_search/raw_outputs/18_beta_cell_90_dataset_30_reference/selected_references/cell_beta_0p29_p_0p00/dataset_048_seed_4825234/width_048/selected_refs.json
cell_beta_0p29_p_0p00,dataset_049_seed_4925234,48,0,80.09085142846112,0.00012822979004873075,02_dnn/03_reference_search/raw_outputs/18_beta_cell_60_dataset_30_reference/selected_references/cell_beta_0p29_p_0p00/dataset_049_seed_4925234/width_048/selected_ref_payloads/ref_000/theta.npy,02_dnn/03_reference_search/raw_outputs/18_beta_cell_90_dataset_30_reference/selected_references/cell_beta_0p29_p_0p00/dataset_049_seed_4925234/width_048/selected_refs.json
cell_beta_0p29_p_0p00,dataset_050_seed_5025234,48,0,71.20649879345437,0.00010885233877311853,02_dnn/03_reference_search/raw_outputs/18_beta_cell_60_dataset_30_reference/selected_references/cell_beta_0p29_p_0p00/dataset_050_seed_5025234/width_048/selected_ref_payloads/ref_000/theta.npy,02_dnn/03_reference_search/raw_outputs/18_beta_cell_90_dataset_30_reference/selected_references/cell_beta_0p29_p_0p00/dataset_050_seed_5025234/width_048/selected_refs.json
cell_beta_0p29_p_0p00,dataset_051_seed_5125234,48,0,63.249614552044285,8.571007468264374e-05,02_dnn/03_reference_search/raw_outputs/18_beta_cell_60_dataset_30_reference/selected_references/cell_beta_0p29_p_0p00/dataset_051_seed_5125234/width_048/selected_ref_payloads/ref_000/theta.npy,02_dnn/03_reference_search/raw_outputs/18_beta_cell_90_dataset_30_reference/selected_references/cell_beta_0p29_p_0p00/dataset_051_seed_5125234/width_048/selected_refs.json
cell_beta_0p29_p_0p00,dataset_052_seed_5225234,48,0,69.53231196794158,0.0001192703294471318,02_dnn/03_reference_search/raw_outputs/18_beta_cell_60_dataset_30_reference/selected_references/cell_beta_0p29_p_0p00/dataset_052_seed_5225234/width_048/selected_ref_payloads/ref_000/theta.npy,02_dnn/03_reference_search/raw_outputs/18_beta_cell_90_dataset_30_reference/selected_references/cell_beta_0p29_p_0p00/dataset_052_seed_5225234/width_048/selected_refs.json
cell_beta_0p29_p_0p00,dataset_053_seed_5325234,48,0,44.58449804362616,0.011317664445807845,02_dnn/03_reference_search/raw_outputs/18_beta_cell_60_dataset_30_reference/selected_references/cell_beta_0p29_p_0p00/dataset_053_seed_5325234/width_048/selected_ref_payloads/ref_000/theta.npy,02_dnn/03_reference_search/raw_outputs/18_beta_cell_90_dataset_30_reference/selected_references/cell_beta_0p29_p_0p00/dataset_053_seed_5325234/width_048/selected_refs.json
cell_beta_0p29_p_0p00,dataset_054_seed_5425234,48,0,64.69896039564374,0.00010875773195323187,02_dnn/03_reference_search/raw_outputs/18_beta_cell_60_dataset_30_reference/selected_references/cell_beta_0p29_p_0p00/dataset_054_seed_5425234/width_048/selected_ref_payloads/ref_000/theta.npy,02_dnn/03_reference_search/raw_outputs/18_beta_cell_90_dataset_30_reference/selected_references/cell_beta_0p29_p_0p00/dataset_054_seed_5425234/width_048/selected_refs.json
cell_beta_0p29_p_0p00,dataset_055_seed_5525234,48,0,63.17611850056686,0.003799008519065386,02_dnn/03_reference_search/raw_outputs/18_beta_cell_60_dataset_30_reference/selected_references/cell_beta_0p29_p_0p00/dataset_055_seed_5525234/width_048/selected_ref_payloads/ref_000/theta.npy,02_dnn/03_reference_search/raw_outputs/18_beta_cell_90_dataset_30_reference/selected_references/cell_beta_0p29_p_0p00/dataset_055_seed_5525234/width_048/selected_refs.json
cell_beta_0p29_p_0p00,dataset_056_seed_5625234,48,0,92.71243135070797,0.0004424969027306547,02_dnn/03_reference_search/raw_outputs/18_beta_cell_60_dataset_30_reference/selected_references/cell_beta_0p29_p_0p00/dataset_056_seed_5625234/width_048/selected_ref_payloads/ref_000/theta.npy,02_dnn/03_reference_search/raw_outputs/18_beta_cell_90_dataset_30_reference/selected_references/cell_beta_0p29_p_0p00/dataset_056_seed_5625234/width_048/selected_refs.json
cell_beta_0p29_p_0p00,dataset_057_seed_5725234,48,0,71.13967708230786,0.00032982191772703336,02_dnn/03_reference_search/raw_outputs/18_beta_cell_60_dataset_30_reference/selected_references/cell_beta_0p29_p_0p00/dataset_057_seed_5725234/width_048/selected_ref_payloads/ref_000/theta.npy,02_dnn/03_reference_search/raw_outputs/18_beta_cell_90_dataset_30_reference/selected_references/cell_beta_0p29_p_0p00/dataset_057_seed_5725234/width_048/selected_refs.json
cell_beta_0p29_p_0p00,dataset_058_seed_5825234,48,0,60.1285230525921,7.54426703942362e-05,02_dnn/03_reference_search/raw_outputs/18_beta_cell_60_dataset_30_reference/selected_references/cell_beta_0p29_p_0p00/dataset_058_seed_5825234/width_048/selected_ref_payloads/ref_000/theta.npy,02_dnn/03_reference_search/raw_outputs/18_beta_cell_90_dataset_30_reference/selected_references/cell_beta_0p29_p_0p00/dataset_058_seed_5825234/width_048/selected_refs.json
cell_beta_0p29_p_0p00,dataset_059_seed_5925234,48,0,65.7995238890344,0.00010711534677974456,02_dnn/03_reference_search/raw_outputs/18_beta_cell_60_dataset_30_reference/selected_references/cell_beta_0p29_p_0p00/dataset_059_seed_5925234/width_048/selected_ref_payloads/ref_000/theta.npy,02_dnn/03_reference_search/raw_outputs/18_beta_cell_90_dataset_30_reference/selected_references/cell_beta_0p29_p_0p00/dataset_059_seed_5925234/width_048/selected_refs.json
cell_beta_0p29_p_0p00,dataset_060_seed_6025234,48,0,65.68711914804746,8.989229717148794e-05,02_dnn/03_reference_search/raw_outputs/18_beta_cell_90_dataset_30_reference/selected_references/cell_beta_0p29_p_0p00/dataset_060_seed_6025234/width_048/selected_ref_payloads/ref_000/theta.npy,02_dnn/03_reference_search/raw_outputs/18_beta_cell_90_dataset_30_reference/selected_references/cell_beta_0p29_p_0p00/dataset_060_seed_6025234/width_048/selected_refs.json
cell_beta_0p29_p_0p00,dataset_061_seed_6125234,48,0,96.4969156157393,0.00020869404865068343,02_dnn/03_reference_search/raw_outputs/18_beta_cell_90_dataset_30_reference/selected_references/cell_beta_0p29_p_0p00/dataset_061_seed_6125234/width_048/selected_ref_payloads/ref_000/theta.npy,02_dnn/03_reference_search/raw_outputs/18_beta_cell_90_dataset_30_reference/selected_references/cell_beta_0p29_p_0p00/dataset_061_seed_6125234/width_048/selected_refs.json
cell_beta_0p29_p_0p00,dataset_062_seed_6225234,48,0,74.97073761180218,0.00012547800541818513,02_dnn/03_reference_search/raw_outputs/18_beta_cell_90_dataset_30_reference/selected_references/cell_beta_0p29_p_0p00/dataset_062_seed_6225234/width_048/selected_ref_payloads/ref_000/theta.npy,02_dnn/03_reference_search/raw_outputs/18_beta_cell_90_dataset_30_reference/selected_references/cell_beta_0p29_p_0p00/dataset_062_seed_6225234/width_048/selected_refs.json
cell_beta_0p29_p_0p00,dataset_063_seed_6325234,48,0,104.37808113282937,0.00021437853710012096,02_dnn/03_reference_search/raw_outputs/18_beta_cell_90_dataset_30_reference/selected_references/cell_beta_0p29_p_0p00/dataset_063_seed_6325234/width_048/selected_ref_payloads/ref_000/theta.npy,02_dnn/03_reference_search/raw_outputs/18_beta_cell_90_dataset_30_reference/selected_references/cell_beta_0p29_p_0p00/dataset_063_seed_6325234/width_048/selected_refs.json
cell_beta_0p29_p_0p00,dataset_064_seed_6425234,48,0,61.669002984877686,8.288139188179829e-05,02_dnn/03_reference_search/raw_outputs/18_beta_cell_90_dataset_30_reference/selected_references/cell_beta_0p29_p_0p00/dataset_064_seed_6425234/width_048/selected_ref_payloads/ref_000/theta.npy,02_dnn/03_reference_search/raw_outputs/18_beta_cell_90_dataset_30_reference/selected_references/cell_beta_0p29_p_0p00/dataset_064_seed_6425234/width_048/selected_refs.json
cell_beta_0p29_p_0p00,dataset_065_seed_6525234,48,0,79.0630471488627,0.0011132808248718717,02_dnn/03_reference_search/raw_outputs/18_beta_cell_90_dataset_30_reference/selected_references/cell_beta_0p29_p_0p00/dataset_065_seed_6525234/width_048/selected_ref_payloads/ref_000/theta.npy,02_dnn/03_reference_search/raw_outputs/18_beta_cell_90_dataset_30_reference/selected_references/cell_beta_0p29_p_0p00/dataset_065_seed_6525234/width_048/selected_refs.json
cell_beta_0p29_p_0p00,dataset_066_seed_6625234,48,0,75.66960173963234,0.0001297901076541924,02_dnn/03_reference_search/raw_outputs/18_beta_cell_90_dataset_30_reference/selected_references/cell_beta_0p29_p_0p00/dataset_066_seed_6625234/width_048/selected_ref_payloads/ref_000/theta.npy,02_dnn/03_reference_search/raw_outputs/18_beta_cell_90_dataset_30_reference/selected_references/cell_beta_0p29_p_0p00/dataset_066_seed_6625234/width_048/selected_refs.json
cell_beta_0p29_p_0p00,dataset_067_seed_6725234,48,0,53.81325353347682,5.801696476033158e-05,02_dnn/03_reference_search/raw_outputs/18_beta_cell_90_dataset_30_reference/selected_references/cell_beta_0p29_p_0p00/dataset_067_seed_6725234/width_048/selected_ref_payloads/ref_000/theta.npy,02_dnn/03_reference_search/raw_outputs/18_beta_cell_90_dataset_30_reference/selected_references/cell_beta_0p29_p_0p00/dataset_067_seed_6725234/width_048/selected_refs.json
cell_beta_0p29_p_0p00,dataset_068_seed_6825234,48,0,79.666435174679,0.002674916925520981,02_dnn/03_reference_search/raw_outputs/18_beta_cell_90_dataset_30_reference/selected_references/cell_beta_0p29_p_0p00/dataset_068_seed_6825234/width_048/selected_ref_payloads/ref_000/theta.npy,02_dnn/03_reference_search/raw_outputs/18_beta_cell_90_dataset_30_reference/selected_references/cell_beta_0p29_p_0p00/dataset_068_seed_6825234/width_048/selected_refs.json
cell_beta_0p29_p_0p00,dataset_069_seed_6925234,48,0,59.51383899993363,7.402345394307106e-05,02_dnn/03_reference_search/raw_outputs/18_beta_cell_90_dataset_30_reference/selected_references/cell_beta_0p29_p_0p00/dataset_069_seed_6925234/width_048/selected_ref_payloads/ref_000/theta.npy,02_dnn/03_reference_search/raw_outputs/18_beta_cell_90_dataset_30_reference/selected_references/cell_beta_0p29_p_0p00/dataset_069_seed_6925234/width_048/selected_refs.json
cell_beta_0p29_p_0p00,dataset_070_seed_7025234,48,0,70.12461294069357,0.0009342318808541441,02_dnn/03_reference_search/raw_outputs/18_beta_cell_90_dataset_30_reference/selected_references/cell_beta_0p29_p_0p00/dataset_070_seed_7025234/width_048/selected_ref_payloads/ref_000/theta.npy,02_dnn/03_reference_search/raw_outputs/18_beta_cell_90_dataset_30_reference/selected_references/cell_beta_0p29_p_0p00/dataset_070_seed_7025234/width_048/selected_refs.json
cell_beta_0p29_p_0p00,dataset_071_seed_7125234,48,0,89.98211276444502,0.00021484176312063676,02_dnn/03_reference_search/raw_outputs/18_beta_cell_90_dataset_30_reference/selected_references/cell_beta_0p29_p_0p00/dataset_071_seed_7125234/width_048/selected_ref_payloads/ref_000/theta.npy,02_dnn/03_reference_search/raw_outputs/18_beta_cell_90_dataset_30_reference/selected_references/cell_beta_0p29_p_0p00/dataset_071_seed_7125234/width_048/selected_refs.json
cell_beta_0p29_p_0p00,dataset_072_seed_7225234,48,0,42.300149281271416,0.004231549550444213,02_dnn/03_reference_search/raw_outputs/18_beta_cell_90_dataset_30_reference/selected_references/cell_beta_0p29_p_0p00/dataset_072_seed_7225234/width_048/selected_ref_payloads/ref_000/theta.npy,02_dnn/03_reference_search/raw_outputs/18_beta_cell_90_dataset_30_reference/selected_references/cell_beta_0p29_p_0p00/dataset_072_seed_7225234/width_048/selected_refs.json
cell_beta_0p29_p_0p00,dataset_073_seed_7325234,48,0,76.76786086011599,0.00017840422924293508,02_dnn/03_reference_search/raw_outputs/18_beta_cell_90_dataset_30_reference/selected_references/cell_beta_0p29_p_0p00/dataset_073_seed_7325234/width_048/selected_ref_payloads/ref_000/theta.npy,02_dnn/03_reference_search/raw_outputs/18_beta_cell_90_dataset_30_reference/selected_references/cell_beta_0p29_p_0p00/dataset_073_seed_7325234/width_048/selected_refs.json
cell_beta_0p29_p_0p00,dataset_074_seed_7425234,48,0,81.47599198222055,0.0001385494974886039,02_dnn/03_reference_search/raw_outputs/18_beta_cell_90_dataset_30_reference/selected_references/cell_beta_0p29_p_0p00/dataset_074_seed_7425234/width_048/selected_ref_payloads/ref_000/theta.npy,02_dnn/03_reference_search/raw_outputs/18_beta_cell_90_dataset_30_reference/selected_references/cell_beta_0p29_p_0p00/dataset_074_seed_7425234/width_048/selected_refs.json
cell_beta_0p29_p_0p00,dataset_075_seed_7525234,48,0,75.3215781236867,0.00012039043640349973,02_dnn/03_reference_search/raw_outputs/18_beta_cell_90_dataset_30_reference/selected_references/cell_beta_0p29_p_0p00/dataset_075_seed_7525234/width_048/selected_ref_payloads/ref_000/theta.npy,02_dnn/03_reference_search/raw_outputs/18_beta_cell_90_dataset_30_reference/selected_references/cell_beta_0p29_p_0p00/dataset_075_seed_7525234/width_048/selected_refs.json
cell_beta_0p29_p_0p00,dataset_076_seed_7625234,48,0,49.81443935924696,0.003525021779172444,02_dnn/03_reference_search/raw_outputs/18_beta_cell_90_dataset_30_reference/selected_references/cell_beta_0p29_p_0p00/dataset_076_seed_7625234/width_048/selected_ref_payloads/ref_000/theta.npy,02_dnn/03_reference_search/raw_outputs/18_beta_cell_90_dataset_30_reference/selected_references/cell_beta_0p29_p_0p00/dataset_076_seed_7625234/width_048/selected_refs.json
cell_beta_0p29_p_0p00,dataset_077_seed_7725234,48,0,81.36534312568419,0.0005617158094658691,02_dnn/03_reference_search/raw_outputs/18_beta_cell_90_dataset_30_reference/selected_references/cell_beta_0p29_p_0p00/dataset_077_seed_7725234/width_048/selected_ref_payloads/ref_000/theta.npy,02_dnn/03_reference_search/raw_outputs/18_beta_cell_90_dataset_30_reference/selected_references/cell_beta_0p29_p_0p00/dataset_077_seed_7725234/width_048/selected_refs.json
cell_beta_0p29_p_0p00,dataset_078_seed_7825234,48,0,69.84290966848737,0.00010585618396835461,02_dnn/03_reference_search/raw_outputs/18_beta_cell_90_dataset_30_reference/selected_references/cell_beta_0p29_p_0p00/dataset_078_seed_7825234/width_048/selected_ref_payloads/ref_000/theta.npy,02_dnn/03_reference_search/raw_outputs/18_beta_cell_90_dataset_30_reference/selected_references/cell_beta_0p29_p_0p00/dataset_078_seed_7825234/width_048/selected_refs.json
cell_beta_0p29_p_0p00,dataset_079_seed_7925234,48,0,86.84873504503223,0.00020384534209997958,02_dnn/03_reference_search/raw_outputs/18_beta_cell_90_dataset_30_reference/selected_references/cell_beta_0p29_p_0p00/dataset_079_seed_7925234/width_048/selected_ref_payloads/ref_000/theta.npy,02_dnn/03_reference_search/raw_outputs/18_beta_cell_90_dataset_30_reference/selected_references/cell_beta_0p29_p_0p00/dataset_079_seed_7925234/width_048/selected_refs.json
cell_beta_0p29_p_0p00,dataset_080_seed_8025234,48,0,70.85931278929367,0.00010776144879813935,02_dnn/03_reference_search/raw_outputs/18_beta_cell_90_dataset_30_reference/selected_references/cell_beta_0p29_p_0p00/dataset_080_seed_8025234/width_048/selected_ref_payloads/ref_000/theta.npy,02_dnn/03_reference_search/raw_outputs/18_beta_cell_90_dataset_30_reference/selected_references/cell_beta_0p29_p_0p00/dataset_080_seed_8025234/width_048/selected_refs.json
cell_beta_0p29_p_0p00,dataset_081_seed_8125234,48,0,48.47788307347243,0.0034060574278461,02_dnn/03_reference_search/raw_outputs/18_beta_cell_90_dataset_30_reference/selected_references/cell_beta_0p29_p_0p00/dataset_081_seed_8125234/width_048/selected_ref_payloads/ref_000/theta.npy,02_dnn/03_reference_search/raw_outputs/18_beta_cell_90_dataset_30_reference/selected_references/cell_beta_0p29_p_0p00/dataset_081_seed_8125234/width_048/selected_refs.json
cell_beta_0p29_p_0p00,dataset_082_seed_8225234,48,0,70.67133818607897,0.00010447452383882304,02_dnn/03_reference_search/raw_outputs/18_beta_cell_90_dataset_30_reference/selected_references/cell_beta_0p29_p_0p00/dataset_082_seed_8225234/width_048/selected_ref_payloads/ref_000/theta.npy,02_dnn/03_reference_search/raw_outputs/18_beta_cell_90_dataset_30_reference/selected_references/cell_beta_0p29_p_0p00/dataset_082_seed_8225234/width_048/selected_refs.json
cell_beta_0p29_p_0p00,dataset_083_seed_8325234,48,0,91.18830895538215,0.00019049560475693311,02_dnn/03_reference_search/raw_outputs/18_beta_cell_90_dataset_30_reference/selected_references/cell_beta_0p29_p_0p00/dataset_083_seed_8325234/width_048/selected_ref_payloads/ref_000/theta.npy,02_dnn/03_reference_search/raw_outputs/18_beta_cell_90_dataset_30_reference/selected_references/cell_beta_0p29_p_0p00/dataset_083_seed_8325234/width_048/selected_refs.json
cell_beta_0p29_p_0p00,dataset_084_seed_8425234,48,0,78.82216294093686,0.0001741048014337994,02_dnn/03_reference_search/raw_outputs/18_beta_cell_90_dataset_30_reference/selected_references/cell_beta_0p29_p_0p00/dataset_084_seed_8425234/width_048/selected_ref_payloads/ref_000/theta.npy,02_dnn/03_reference_search/raw_outputs/18_beta_cell_90_dataset_30_reference/selected_references/cell_beta_0p29_p_0p00/dataset_084_seed_8425234/width_048/selected_refs.json
cell_beta_0p29_p_0p00,dataset_085_seed_8525234,48,0,32.99894958961371,0.002870841301422159,02_dnn/03_reference_search/raw_outputs/18_beta_cell_90_dataset_30_reference/selected_references/cell_beta_0p29_p_0p00/dataset_085_seed_8525234/width_048/selected_ref_payloads/ref_000/theta.npy,02_dnn/03_reference_search/raw_outputs/18_beta_cell_90_dataset_30_reference/selected_references/cell_beta_0p29_p_0p00/dataset_085_seed_8525234/width_048/selected_refs.json
cell_beta_0p29_p_0p00,dataset_086_seed_8625234,48,0,57.98785272980709,0.004725710738338369,02_dnn/03_reference_search/raw_outputs/18_beta_cell_90_dataset_30_reference/selected_references/cell_beta_0p29_p_0p00/dataset_086_seed_8625234/width_048/selected_ref_payloads/ref_000/theta.npy,02_dnn/03_reference_search/raw_outputs/18_beta_cell_90_dataset_30_reference/selected_references/cell_beta_0p29_p_0p00/dataset_086_seed_8625234/width_048/selected_refs.json
cell_beta_0p29_p_0p00,dataset_087_seed_8725234,48,0,52.27493147972235,5.9420565952372725e-05,02_dnn/03_reference_search/raw_outputs/18_beta_cell_90_dataset_30_reference/selected_references/cell_beta_0p29_p_0p00/dataset_087_seed_8725234/width_048/selected_ref_payloads/ref_000/theta.npy,02_dnn/03_reference_search/raw_outputs/18_beta_cell_90_dataset_30_reference/selected_references/cell_beta_0p29_p_0p00/dataset_087_seed_8725234/width_048/selected_refs.json
cell_beta_0p29_p_0p00,dataset_088_seed_8825234,48,0,74.98937878899402,0.00065737838939198,02_dnn/03_reference_search/raw_outputs/18_beta_cell_90_dataset_30_reference/selected_references/cell_beta_0p29_p_0p00/dataset_088_seed_8825234/width_048/selected_ref_payloads/ref_000/theta.npy,02_dnn/03_reference_search/raw_outputs/18_beta_cell_90_dataset_30_reference/selected_references/cell_beta_0p29_p_0p00/dataset_088_seed_8825234/width_048/selected_refs.json
cell_beta_0p29_p_0p00,dataset_089_seed_8925234,48,0,53.17334548959828,6.011424466363234e-05,02_dnn/03_reference_search/raw_outputs/18_beta_cell_90_dataset_30_reference/selected_references/cell_beta_0p29_p_0p00/dataset_089_seed_8925234/width_048/selected_ref_payloads/ref_000/theta.npy,02_dnn/03_reference_search/raw_outputs/18_beta_cell_90_dataset_30_reference/selected_references/cell_beta_0p29_p_0p00/dataset_089_seed_8925234/width_048/selected_refs.json
cell_beta_0p31_p_0p00,dataset_000_seed_027234,48,0,,,02_dnn/03_reference_search/raw_outputs/36_beta_cell_30_dataset_30_reference/selected_references/cell_beta_0p31_p_0p00/dataset_000_seed_027234/width_048/selected_ref_payloads/ref_000/theta.npy,02_dnn/03_reference_search/raw_outputs/18_beta_cell_90_dataset_30_reference/selected_references/cell_beta_0p31_p_0p00/dataset_000_seed_027234/width_048/selected_refs.json
cell_beta_0p31_p_0p00,dataset_001_seed_127234,48,0,,,02_dnn/03_reference_search/raw_outputs/36_beta_cell_30_dataset_30_reference/selected_references/cell_beta_0p31_p_0p00/dataset_001_seed_127234/width_048/selected_ref_payloads/ref_000/theta.npy,02_dnn/03_reference_search/raw_outputs/18_beta_cell_90_dataset_30_reference/selected_references/cell_beta_0p31_p_0p00/dataset_001_seed_127234/width_048/selected_refs.json
cell_beta_0p31_p_0p00,dataset_002_seed_227234,48,0,,,02_dnn/03_reference_search/raw_outputs/36_beta_cell_30_dataset_30_reference/selected_references/cell_beta_0p31_p_0p00/dataset_002_seed_227234/width_048/selected_ref_payloads/ref_000/theta.npy,02_dnn/03_reference_search/raw_outputs/18_beta_cell_90_dataset_30_reference/selected_references/cell_beta_0p31_p_0p00/dataset_002_seed_227234/width_048/selected_refs.json
cell_beta_0p31_p_0p00,dataset_003_seed_327234,48,0,,,02_dnn/03_reference_search/raw_outputs/36_beta_cell_30_dataset_30_reference/selected_references/cell_beta_0p31_p_0p00/dataset_003_seed_327234/width_048/selected_ref_payloads/ref_000/theta.npy,02_dnn/03_reference_search/raw_outputs/18_beta_cell_90_dataset_30_reference/selected_references/cell_beta_0p31_p_0p00/dataset_003_seed_327234/width_048/selected_refs.json
cell_beta_0p31_p_0p00,dataset_004_seed_427234,48,0,,,02_dnn/03_reference_search/raw_outputs/36_beta_cell_30_dataset_30_reference/selected_references/cell_beta_0p31_p_0p00/dataset_004_seed_427234/width_048/selected_ref_payloads/ref_000/theta.npy,02_dnn/03_reference_search/raw_outputs/18_beta_cell_90_dataset_30_reference/selected_references/cell_beta_0p31_p_0p00/dataset_004_seed_427234/width_048/selected_refs.json
cell_beta_0p31_p_0p00,dataset_005_seed_527234,48,0,,,02_dnn/03_reference_search/raw_outputs/36_beta_cell_30_dataset_30_reference/selected_references/cell_beta_0p31_p_0p00/dataset_005_seed_527234/width_048/selected_ref_payloads/ref_000/theta.npy,02_dnn/03_reference_search/raw_outputs/18_beta_cell_90_dataset_30_reference/selected_references/cell_beta_0p31_p_0p00/dataset_005_seed_527234/width_048/selected_refs.json
cell_beta_0p31_p_0p00,dataset_006_seed_627234,48,0,,,02_dnn/03_reference_search/raw_outputs/36_beta_cell_30_dataset_30_reference/selected_references/cell_beta_0p31_p_0p00/dataset_006_seed_627234/width_048/selected_ref_payloads/ref_000/theta.npy,02_dnn/03_reference_search/raw_outputs/18_beta_cell_90_dataset_30_reference/selected_references/cell_beta_0p31_p_0p00/dataset_006_seed_627234/width_048/selected_refs.json
cell_beta_0p31_p_0p00,dataset_007_seed_727234,48,0,,,02_dnn/03_reference_search/raw_outputs/36_beta_cell_30_dataset_30_reference/selected_references/cell_beta_0p31_p_0p00/dataset_007_seed_727234/width_048/selected_ref_payloads/ref_000/theta.npy,02_dnn/03_reference_search/raw_outputs/18_beta_cell_90_dataset_30_reference/selected_references/cell_beta_0p31_p_0p00/dataset_007_seed_727234/width_048/selected_refs.json
cell_beta_0p31_p_0p00,dataset_008_seed_827234,48,0,,,02_dnn/03_reference_search/raw_outputs/36_beta_cell_30_dataset_30_reference/selected_references/cell_beta_0p31_p_0p00/dataset_008_seed_827234/width_048/selected_ref_payloads/ref_000/theta.npy,02_dnn/03_reference_search/raw_outputs/18_beta_cell_90_dataset_30_reference/selected_references/cell_beta_0p31_p_0p00/dataset_008_seed_827234/width_048/selected_refs.json
cell_beta_0p31_p_0p00,dataset_009_seed_927234,48,0,,,02_dnn/03_reference_search/raw_outputs/36_beta_cell_30_dataset_30_reference/selected_references/cell_beta_0p31_p_0p00/dataset_009_seed_927234/width_048/selected_ref_payloads/ref_000/theta.npy,02_dnn/03_reference_search/raw_outputs/18_beta_cell_90_dataset_30_reference/selected_references/cell_beta_0p31_p_0p00/dataset_009_seed_927234/width_048/selected_refs.json
cell_beta_0p31_p_0p00,dataset_010_seed_1027234,48,0,,,02_dnn/03_reference_search/raw_outputs/36_beta_cell_30_dataset_30_reference/selected_references/cell_beta_0p31_p_0p00/dataset_010_seed_1027234/width_048/selected_ref_payloads/ref_000/theta.npy,02_dnn/03_reference_search/raw_outputs/18_beta_cell_90_dataset_30_reference/selected_references/cell_beta_0p31_p_0p00/dataset_010_seed_1027234/width_048/selected_refs.json
cell_beta_0p31_p_0p00,dataset_011_seed_1127234,48,0,,,02_dnn/03_reference_search/raw_outputs/36_beta_cell_30_dataset_30_reference/selected_references/cell_beta_0p31_p_0p00/dataset_011_seed_1127234/width_048/selected_ref_payloads/ref_000/theta.npy,02_dnn/03_reference_search/raw_outputs/18_beta_cell_90_dataset_30_reference/selected_references/cell_beta_0p31_p_0p00/dataset_011_seed_1127234/width_048/selected_refs.json
cell_beta_0p31_p_0p00,dataset_012_seed_1227234,48,0,,,02_dnn/03_reference_search/raw_outputs/36_beta_cell_30_dataset_30_reference/selected_references/cell_beta_0p31_p_0p00/dataset_012_seed_1227234/width_048/selected_ref_payloads/ref_000/theta.npy,02_dnn/03_reference_search/raw_outputs/18_beta_cell_90_dataset_30_reference/selected_references/cell_beta_0p31_p_0p00/dataset_012_seed_1227234/width_048/selected_refs.json
cell_beta_0p31_p_0p00,dataset_013_seed_1327234,48,0,,,02_dnn/03_reference_search/raw_outputs/36_beta_cell_30_dataset_30_reference/selected_references/cell_beta_0p31_p_0p00/dataset_013_seed_1327234/width_048/selected_ref_payloads/ref_000/theta.npy,02_dnn/03_reference_search/raw_outputs/18_beta_cell_90_dataset_30_reference/selected_references/cell_beta_0p31_p_0p00/dataset_013_seed_1327234/width_048/selected_refs.json
cell_beta_0p31_p_0p00,dataset_014_seed_1427234,48,0,,,02_dnn/03_reference_search/raw_outputs/36_beta_cell_30_dataset_30_reference/selected_references/cell_beta_0p31_p_0p00/dataset_014_seed_1427234/width_048/selected_ref_payloads/ref_000/theta.npy,02_dnn/03_reference_search/raw_outputs/18_beta_cell_90_dataset_30_reference/selected_references/cell_beta_0p31_p_0p00/dataset_014_seed_1427234/width_048/selected_refs.json
cell_beta_0p31_p_0p00,dataset_015_seed_1527234,48,0,,,02_dnn/03_reference_search/raw_outputs/36_beta_cell_30_dataset_30_reference/selected_references/cell_beta_0p31_p_0p00/dataset_015_seed_1527234/width_048/selected_ref_payloads/ref_000/theta.npy,02_dnn/03_reference_search/raw_outputs/18_beta_cell_90_dataset_30_reference/selected_references/cell_beta_0p31_p_0p00/dataset_015_seed_1527234/width_048/selected_refs.json
cell_beta_0p31_p_0p00,dataset_016_seed_1627234,48,0,,,02_dnn/03_reference_search/raw_outputs/36_beta_cell_30_dataset_30_reference/selected_references/cell_beta_0p31_p_0p00/dataset_016_seed_1627234/width_048/selected_ref_payloads/ref_000/theta.npy,02_dnn/03_reference_search/raw_outputs/18_beta_cell_90_dataset_30_reference/selected_references/cell_beta_0p31_p_0p00/dataset_016_seed_1627234/width_048/selected_refs.json
cell_beta_0p31_p_0p00,dataset_017_seed_1727234,48,0,,,02_dnn/03_reference_search/raw_outputs/36_beta_cell_30_dataset_30_reference/selected_references/cell_beta_0p31_p_0p00/dataset_017_seed_1727234/width_048/selected_ref_payloads/ref_000/theta.npy,02_dnn/03_reference_search/raw_outputs/18_beta_cell_90_dataset_30_reference/selected_references/cell_beta_0p31_p_0p00/dataset_017_seed_1727234/width_048/selected_refs.json
cell_beta_0p31_p_0p00,dataset_018_seed_1827234,48,0,,,02_dnn/03_reference_search/raw_outputs/36_beta_cell_30_dataset_30_reference/selected_references/cell_beta_0p31_p_0p00/dataset_018_seed_1827234/width_048/selected_ref_payloads/ref_000/theta.npy,02_dnn/03_reference_search/raw_outputs/18_beta_cell_90_dataset_30_reference/selected_references/cell_beta_0p31_p_0p00/dataset_018_seed_1827234/width_048/selected_refs.json
cell_beta_0p31_p_0p00,dataset_019_seed_1927234,48,0,,,02_dnn/03_reference_search/raw_outputs/36_beta_cell_30_dataset_30_reference/selected_references/cell_beta_0p31_p_0p00/dataset_019_seed_1927234/width_048/selected_ref_payloads/ref_000/theta.npy,02_dnn/03_reference_search/raw_outputs/18_beta_cell_90_dataset_30_reference/selected_references/cell_beta_0p31_p_0p00/dataset_019_seed_1927234/width_048/selected_refs.json
cell_beta_0p31_p_0p00,dataset_020_seed_2027234,48,0,,,02_dnn/03_reference_search/raw_outputs/36_beta_cell_30_dataset_30_reference/selected_references/cell_beta_0p31_p_0p00/dataset_020_seed_2027234/width_048/selected_ref_payloads/ref_000/theta.npy,02_dnn/03_reference_search/raw_outputs/18_beta_cell_90_dataset_30_reference/selected_references/cell_beta_0p31_p_0p00/dataset_020_seed_2027234/width_048/selected_refs.json
cell_beta_0p31_p_0p00,dataset_021_seed_2127234,48,0,,,02_dnn/03_reference_search/raw_outputs/36_beta_cell_30_dataset_30_reference/selected_references/cell_beta_0p31_p_0p00/dataset_021_seed_2127234/width_048/selected_ref_payloads/ref_000/theta.npy,02_dnn/03_reference_search/raw_outputs/18_beta_cell_90_dataset_30_reference/selected_references/cell_beta_0p31_p_0p00/dataset_021_seed_2127234/width_048/selected_refs.json
cell_beta_0p31_p_0p00,dataset_022_seed_2227234,48,0,,,02_dnn/03_reference_search/raw_outputs/36_beta_cell_30_dataset_30_reference/selected_references/cell_beta_0p31_p_0p00/dataset_022_seed_2227234/width_048/selected_ref_payloads/ref_000/theta.npy,02_dnn/03_reference_search/raw_outputs/18_beta_cell_90_dataset_30_reference/selected_references/cell_beta_0p31_p_0p00/dataset_022_seed_2227234/width_048/selected_refs.json
cell_beta_0p31_p_0p00,dataset_023_seed_2327234,48,0,,,02_dnn/03_reference_search/raw_outputs/36_beta_cell_30_dataset_30_reference/selected_references/cell_beta_0p31_p_0p00/dataset_023_seed_2327234/width_048/selected_ref_payloads/ref_000/theta.npy,02_dnn/03_reference_search/raw_outputs/18_beta_cell_90_dataset_30_reference/selected_references/cell_beta_0p31_p_0p00/dataset_023_seed_2327234/width_048/selected_refs.json
cell_beta_0p31_p_0p00,dataset_024_seed_2427234,48,0,,,02_dnn/03_reference_search/raw_outputs/36_beta_cell_30_dataset_30_reference/selected_references/cell_beta_0p31_p_0p00/dataset_024_seed_2427234/width_048/selected_ref_payloads/ref_000/theta.npy,02_dnn/03_reference_search/raw_outputs/18_beta_cell_90_dataset_30_reference/selected_references/cell_beta_0p31_p_0p00/dataset_024_seed_2427234/width_048/selected_refs.json
cell_beta_0p31_p_0p00,dataset_025_seed_2527234,48,0,,,02_dnn/03_reference_search/raw_outputs/36_beta_cell_30_dataset_30_reference/selected_references/cell_beta_0p31_p_0p00/dataset_025_seed_2527234/width_048/selected_ref_payloads/ref_000/theta.npy,02_dnn/03_reference_search/raw_outputs/18_beta_cell_90_dataset_30_reference/selected_references/cell_beta_0p31_p_0p00/dataset_025_seed_2527234/width_048/selected_refs.json
cell_beta_0p31_p_0p00,dataset_026_seed_2627234,48,0,,,02_dnn/03_reference_search/raw_outputs/36_beta_cell_30_dataset_30_reference/selected_references/cell_beta_0p31_p_0p00/dataset_026_seed_2627234/width_048/selected_ref_payloads/ref_000/theta.npy,02_dnn/03_reference_search/raw_outputs/18_beta_cell_90_dataset_30_reference/selected_references/cell_beta_0p31_p_0p00/dataset_026_seed_2627234/width_048/selected_refs.json
cell_beta_0p31_p_0p00,dataset_027_seed_2727234,48,0,,,02_dnn/03_reference_search/raw_outputs/36_beta_cell_30_dataset_30_reference/selected_references/cell_beta_0p31_p_0p00/dataset_027_seed_2727234/width_048/selected_ref_payloads/ref_000/theta.npy,02_dnn/03_reference_search/raw_outputs/18_beta_cell_90_dataset_30_reference/selected_references/cell_beta_0p31_p_0p00/dataset_027_seed_2727234/width_048/selected_refs.json
cell_beta_0p31_p_0p00,dataset_028_seed_2827234,48,0,,,02_dnn/03_reference_search/raw_outputs/36_beta_cell_30_dataset_30_reference/selected_references/cell_beta_0p31_p_0p00/dataset_028_seed_2827234/width_048/selected_ref_payloads/ref_000/theta.npy,02_dnn/03_reference_search/raw_outputs/18_beta_cell_90_dataset_30_reference/selected_references/cell_beta_0p31_p_0p00/dataset_028_seed_2827234/width_048/selected_refs.json
cell_beta_0p31_p_0p00,dataset_029_seed_2927234,48,0,,,02_dnn/03_reference_search/raw_outputs/36_beta_cell_30_dataset_30_reference/selected_references/cell_beta_0p31_p_0p00/dataset_029_seed_2927234/width_048/selected_ref_payloads/ref_000/theta.npy,02_dnn/03_reference_search/raw_outputs/18_beta_cell_90_dataset_30_reference/selected_references/cell_beta_0p31_p_0p00/dataset_029_seed_2927234/width_048/selected_refs.json
cell_beta_0p31_p_0p00,dataset_030_seed_3027234,48,0,54.255403364558,0.004120940146039214,02_dnn/03_reference_search/raw_outputs/18_beta_cell_60_dataset_30_reference/selected_references/cell_beta_0p31_p_0p00/dataset_030_seed_3027234/width_048/selected_ref_payloads/ref_000/theta.npy,02_dnn/03_reference_search/raw_outputs/18_beta_cell_90_dataset_30_reference/selected_references/cell_beta_0p31_p_0p00/dataset_030_seed_3027234/width_048/selected_refs.json
cell_beta_0p31_p_0p00,dataset_031_seed_3127234,48,0,35.06523727995488,0.004605118368227862,02_dnn/03_reference_search/raw_outputs/18_beta_cell_60_dataset_30_reference/selected_references/cell_beta_0p31_p_0p00/dataset_031_seed_3127234/width_048/selected_ref_payloads/ref_000/theta.npy,02_dnn/03_reference_search/raw_outputs/18_beta_cell_90_dataset_30_reference/selected_references/cell_beta_0p31_p_0p00/dataset_031_seed_3127234/width_048/selected_refs.json
cell_beta_0p31_p_0p00,dataset_032_seed_3227234,48,0,52.01084026053492,5.8703389561865815e-05,02_dnn/03_reference_search/raw_outputs/18_beta_cell_60_dataset_30_reference/selected_references/cell_beta_0p31_p_0p00/dataset_032_seed_3227234/width_048/selected_ref_payloads/ref_000/theta.npy,02_dnn/03_reference_search/raw_outputs/18_beta_cell_90_dataset_30_reference/selected_references/cell_beta_0p31_p_0p00/dataset_032_seed_3227234/width_048/selected_refs.json
cell_beta_0p31_p_0p00,dataset_033_seed_3327234,48,0,69.59102840706254,0.00010032382508772977,02_dnn/03_reference_search/raw_outputs/18_beta_cell_60_dataset_30_reference/selected_references/cell_beta_0p31_p_0p00/dataset_033_seed_3327234/width_048/selected_ref_payloads/ref_000/theta.npy,02_dnn/03_reference_search/raw_outputs/18_beta_cell_90_dataset_30_reference/selected_references/cell_beta_0p31_p_0p00/dataset_033_seed_3327234/width_048/selected_refs.json
cell_beta_0p31_p_0p00,dataset_034_seed_3427234,48,0,72.33140798449348,0.00012103937800398035,02_dnn/03_reference_search/raw_outputs/18_beta_cell_60_dataset_30_reference/selected_references/cell_beta_0p31_p_0p00/dataset_034_seed_3427234/width_048/selected_ref_payloads/ref_000/theta.npy,02_dnn/03_reference_search/raw_outputs/18_beta_cell_90_dataset_30_reference/selected_references/cell_beta_0p31_p_0p00/dataset_034_seed_3427234/width_048/selected_refs.json
cell_beta_0p31_p_0p00,dataset_035_seed_3527234,48,0,60.99842424144226,0.0024203171190112444,02_dnn/03_reference_search/raw_outputs/18_beta_cell_60_dataset_30_reference/selected_references/cell_beta_0p31_p_0p00/dataset_035_seed_3527234/width_048/selected_ref_payloads/ref_000/theta.npy,02_dnn/03_reference_search/raw_outputs/18_beta_cell_90_dataset_30_reference/selected_references/cell_beta_0p31_p_0p00/dataset_035_seed_3527234/width_048/selected_refs.json
cell_beta_0p31_p_0p00,dataset_036_seed_3627234,48,0,59.930914705414715,0.001141979145597013,02_dnn/03_reference_search/raw_outputs/18_beta_cell_60_dataset_30_reference/selected_references/cell_beta_0p31_p_0p00/dataset_036_seed_3627234/width_048/selected_ref_payloads/ref_000/theta.npy,02_dnn/03_reference_search/raw_outputs/18_beta_cell_90_dataset_30_reference/selected_references/cell_beta_0p31_p_0p00/dataset_036_seed_3627234/width_048/selected_refs.json
cell_beta_0p31_p_0p00,dataset_037_seed_3727234,48,0,53.0445397503009,5.888089786524092e-05,02_dnn/03_reference_search/raw_outputs/18_beta_cell_60_dataset_30_reference/selected_references/cell_beta_0p31_p_0p00/dataset_037_seed_3727234/width_048/selected_ref_payloads/ref_000/theta.npy,02_dnn/03_reference_search/raw_outputs/18_beta_cell_90_dataset_30_reference/selected_references/cell_beta_0p31_p_0p00/dataset_037_seed_3727234/width_048/selected_refs.json
cell_beta_0p31_p_0p00,dataset_038_seed_3827234,48,0,70.48346242978418,0.00020765070914581697,02_dnn/03_reference_search/raw_outputs/18_beta_cell_60_dataset_30_reference/selected_references/cell_beta_0p31_p_0p00/dataset_038_seed_3827234/width_048/selected_ref_payloads/ref_000/theta.npy,02_dnn/03_reference_search/raw_outputs/18_beta_cell_90_dataset_30_reference/selected_references/cell_beta_0p31_p_0p00/dataset_038_seed_3827234/width_048/selected_refs.json
cell_beta_0p31_p_0p00,dataset_039_seed_3927234,48,0,74.0493068680742,0.00012206417727212031,02_dnn/03_reference_search/raw_outputs/18_beta_cell_60_dataset_30_reference/selected_references/cell_beta_0p31_p_0p00/dataset_039_seed_3927234/width_048/selected_ref_payloads/ref_000/theta.npy,02_dnn/03_reference_search/raw_outputs/18_beta_cell_90_dataset_30_reference/selected_references/cell_beta_0p31_p_0p00/dataset_039_seed_3927234/width_048/selected_refs.json
cell_beta_0p31_p_0p00,dataset_040_seed_4027234,48,0,93.96358213856404,0.0002016463890139687,02_dnn/03_reference_search/raw_outputs/18_beta_cell_60_dataset_30_reference/selected_references/cell_beta_0p31_p_0p00/dataset_040_seed_4027234/width_048/selected_ref_payloads/ref_000/theta.npy,02_dnn/03_reference_search/raw_outputs/18_beta_cell_90_dataset_30_reference/selected_references/cell_beta_0p31_p_0p00/dataset_040_seed_4027234/width_048/selected_refs.json
cell_beta_0p31_p_0p00,dataset_041_seed_4127234,48,0,89.86898102022225,0.0004915144204028816,02_dnn/03_reference_search/raw_outputs/18_beta_cell_60_dataset_30_reference/selected_references/cell_beta_0p31_p_0p00/dataset_041_seed_4127234/width_048/selected_ref_payloads/ref_000/theta.npy,02_dnn/03_reference_search/raw_outputs/18_beta_cell_90_dataset_30_reference/selected_references/cell_beta_0p31_p_0p00/dataset_041_seed_4127234/width_048/selected_refs.json
cell_beta_0p31_p_0p00,dataset_042_seed_4227234,48,0,50.1085303212548,0.0032528990199043864,02_dnn/03_reference_search/raw_outputs/18_beta_cell_60_dataset_30_reference/selected_references/cell_beta_0p31_p_0p00/dataset_042_seed_4227234/width_048/selected_ref_payloads/ref_000/theta.npy,02_dnn/03_reference_search/raw_outputs/18_beta_cell_90_dataset_30_reference/selected_references/cell_beta_0p31_p_0p00/dataset_042_seed_4227234/width_048/selected_refs.json
cell_beta_0p31_p_0p00,dataset_043_seed_4327234,48,0,90.85450332747479,0.00035367166841315583,02_dnn/03_reference_search/raw_outputs/18_beta_cell_60_dataset_30_reference/selected_references/cell_beta_0p31_p_0p00/dataset_043_seed_4327234/width_048/selected_ref_payloads/ref_000/theta.npy,02_dnn/03_reference_search/raw_outputs/18_beta_cell_90_dataset_30_reference/selected_references/cell_beta_0p31_p_0p00/dataset_043_seed_4327234/width_048/selected_refs.json
cell_beta_0p31_p_0p00,dataset_044_seed_4427234,48,0,68.32494144500572,0.00016656204641841472,02_dnn/03_reference_search/raw_outputs/18_beta_cell_60_dataset_30_reference/selected_references/cell_beta_0p31_p_0p00/dataset_044_seed_4427234/width_048/selected_ref_payloads/ref_000/theta.npy,02_dnn/03_reference_search/raw_outputs/18_beta_cell_90_dataset_30_reference/selected_references/cell_beta_0p31_p_0p00/dataset_044_seed_4427234/width_048/selected_refs.json
cell_beta_0p31_p_0p00,dataset_045_seed_4527234,48,0,84.89142259593297,0.0007301794005478311,02_dnn/03_reference_search/raw_outputs/18_beta_cell_60_dataset_30_reference/selected_references/cell_beta_0p31_p_0p00/dataset_045_seed_4527234/width_048/selected_ref_payloads/ref_000/theta.npy,02_dnn/03_reference_search/raw_outputs/18_beta_cell_90_dataset_30_reference/selected_references/cell_beta_0p31_p_0p00/dataset_045_seed_4527234/width_048/selected_refs.json
cell_beta_0p31_p_0p00,dataset_046_seed_4627234,48,0,72.40010832009719,0.0001498787151304009,02_dnn/03_reference_search/raw_outputs/18_beta_cell_60_dataset_30_reference/selected_references/cell_beta_0p31_p_0p00/dataset_046_seed_4627234/width_048/selected_ref_payloads/ref_000/theta.npy,02_dnn/03_reference_search/raw_outputs/18_beta_cell_90_dataset_30_reference/selected_references/cell_beta_0p31_p_0p00/dataset_046_seed_4627234/width_048/selected_refs.json
cell_beta_0p31_p_0p00,dataset_047_seed_4727234,48,0,46.740139381058725,4.5413255075782796e-05,02_dnn/03_reference_search/raw_outputs/18_beta_cell_60_dataset_30_reference/selected_references/cell_beta_0p31_p_0p00/dataset_047_seed_4727234/width_048/selected_ref_payloads/ref_000/theta.npy,02_dnn/03_reference_search/raw_outputs/18_beta_cell_90_dataset_30_reference/selected_references/cell_beta_0p31_p_0p00/dataset_047_seed_4727234/width_048/selected_refs.json
cell_beta_0p31_p_0p00,dataset_048_seed_4827234,48,0,51.421710137220465,5.5455180550030564e-05,02_dnn/03_reference_search/raw_outputs/18_beta_cell_60_dataset_30_reference/selected_references/cell_beta_0p31_p_0p00/dataset_048_seed_4827234/width_048/selected_ref_payloads/ref_000/theta.npy,02_dnn/03_reference_search/raw_outputs/18_beta_cell_90_dataset_30_reference/selected_references/cell_beta_0p31_p_0p00/dataset_048_seed_4827234/width_048/selected_refs.json
cell_beta_0p31_p_0p00,dataset_049_seed_4927234,48,0,66.5088827925874,0.0023025919775851115,02_dnn/03_reference_search/raw_outputs/18_beta_cell_60_dataset_30_reference/selected_references/cell_beta_0p31_p_0p00/dataset_049_seed_4927234/width_048/selected_ref_payloads/ref_000/theta.npy,02_dnn/03_reference_search/raw_outputs/18_beta_cell_90_dataset_30_reference/selected_references/cell_beta_0p31_p_0p00/dataset_049_seed_4927234/width_048/selected_refs.json
cell_beta_0p31_p_0p00,dataset_050_seed_5027234,48,0,65.95259521232911,0.00011616586315536317,02_dnn/03_reference_search/raw_outputs/18_beta_cell_60_dataset_30_reference/selected_references/cell_beta_0p31_p_0p00/dataset_050_seed_5027234/width_048/selected_ref_payloads/ref_000/theta.npy,02_dnn/03_reference_search/raw_outputs/18_beta_cell_90_dataset_30_reference/selected_references/cell_beta_0p31_p_0p00/dataset_050_seed_5027234/width_048/selected_refs.json
cell_beta_0p31_p_0p00,dataset_051_seed_5127234,48,0,106.29067858092887,0.000259141954669123,02_dnn/03_reference_search/raw_outputs/18_beta_cell_60_dataset_30_reference/selected_references/cell_beta_0p31_p_0p00/dataset_051_seed_5127234/width_048/selected_ref_payloads/ref_000/theta.npy,02_dnn/03_reference_search/raw_outputs/18_beta_cell_90_dataset_30_reference/selected_references/cell_beta_0p31_p_0p00/dataset_051_seed_5127234/width_048/selected_refs.json
cell_beta_0p31_p_0p00,dataset_052_seed_5227234,48,0,85.53817632387604,0.0006813254496531593,02_dnn/03_reference_search/raw_outputs/18_beta_cell_60_dataset_30_reference/selected_references/cell_beta_0p31_p_0p00/dataset_052_seed_5227234/width_048/selected_ref_payloads/ref_000/theta.npy,02_dnn/03_reference_search/raw_outputs/18_beta_cell_90_dataset_30_reference/selected_references/cell_beta_0p31_p_0p00/dataset_052_seed_5227234/width_048/selected_refs.json
cell_beta_0p31_p_0p00,dataset_053_seed_5327234,48,0,58.495894343795406,0.004030705196694232,02_dnn/03_reference_search/raw_outputs/18_beta_cell_60_dataset_30_reference/selected_references/cell_beta_0p31_p_0p00/dataset_053_seed_5327234/width_048/selected_ref_payloads/ref_000/theta.npy,02_dnn/03_reference_search/raw_outputs/18_beta_cell_90_dataset_30_reference/selected_references/cell_beta_0p31_p_0p00/dataset_053_seed_5327234/width_048/selected_refs.json
cell_beta_0p31_p_0p00,dataset_054_seed_5427234,48,0,65.80413791309547,0.00349985327963198,02_dnn/03_reference_search/raw_outputs/18_beta_cell_60_dataset_30_reference/selected_references/cell_beta_0p31_p_0p00/dataset_054_seed_5427234/width_048/selected_ref_payloads/ref_000/theta.npy,02_dnn/03_reference_search/raw_outputs/18_beta_cell_90_dataset_30_reference/selected_references/cell_beta_0p31_p_0p00/dataset_054_seed_5427234/width_048/selected_refs.json
cell_beta_0p31_p_0p00,dataset_055_seed_5527234,48,0,69.31831703333928,0.00011066560535866978,02_dnn/03_reference_search/raw_outputs/18_beta_cell_60_dataset_30_reference/selected_references/cell_beta_0p31_p_0p00/dataset_055_seed_5527234/width_048/selected_ref_payloads/ref_000/theta.npy,02_dnn/03_reference_search/raw_outputs/18_beta_cell_90_dataset_30_reference/selected_references/cell_beta_0p31_p_0p00/dataset_055_seed_5527234/width_048/selected_refs.json
cell_beta_0p31_p_0p00,dataset_056_seed_5627234,48,0,77.06425904882823,0.0021981484334453526,02_dnn/03_reference_search/raw_outputs/18_beta_cell_60_dataset_30_reference/selected_references/cell_beta_0p31_p_0p00/dataset_056_seed_5627234/width_048/selected_ref_payloads/ref_000/theta.npy,02_dnn/03_reference_search/raw_outputs/18_beta_cell_90_dataset_30_reference/selected_references/cell_beta_0p31_p_0p00/dataset_056_seed_5627234/width_048/selected_refs.json
cell_beta_0p31_p_0p00,dataset_057_seed_5727234,48,0,71.25381142905482,0.00010846587501539666,02_dnn/03_reference_search/raw_outputs/18_beta_cell_60_dataset_30_reference/selected_references/cell_beta_0p31_p_0p00/dataset_057_seed_5727234/width_048/selected_ref_payloads/ref_000/theta.npy,02_dnn/03_reference_search/raw_outputs/18_beta_cell_90_dataset_30_reference/selected_references/cell_beta_0p31_p_0p00/dataset_057_seed_5727234/width_048/selected_refs.json
cell_beta_0p31_p_0p00,dataset_058_seed_5827234,48,0,86.0029005260532,0.0004338732887142977,02_dnn/03_reference_search/raw_outputs/18_beta_cell_60_dataset_30_reference/selected_references/cell_beta_0p31_p_0p00/dataset_058_seed_5827234/width_048/selected_ref_payloads/ref_000/theta.npy,02_dnn/03_reference_search/raw_outputs/18_beta_cell_90_dataset_30_reference/selected_references/cell_beta_0p31_p_0p00/dataset_058_seed_5827234/width_048/selected_refs.json
cell_beta_0p31_p_0p00,dataset_059_seed_5927234,48,0,76.12612912530452,0.00788214927479292,02_dnn/03_reference_search/raw_outputs/18_beta_cell_60_dataset_30_reference/selected_references/cell_beta_0p31_p_0p00/dataset_059_seed_5927234/width_048/selected_ref_payloads/ref_000/theta.npy,02_dnn/03_reference_search/raw_outputs/18_beta_cell_90_dataset_30_reference/selected_references/cell_beta_0p31_p_0p00/dataset_059_seed_5927234/width_048/selected_refs.json
cell_beta_0p31_p_0p00,dataset_060_seed_6027234,48,0,80.9047688174389,0.000173796283281664,02_dnn/03_reference_search/raw_outputs/18_beta_cell_90_dataset_30_reference/selected_references/cell_beta_0p31_p_0p00/dataset_060_seed_6027234/width_048/selected_ref_payloads/ref_000/theta.npy,02_dnn/03_reference_search/raw_outputs/18_beta_cell_90_dataset_30_reference/selected_references/cell_beta_0p31_p_0p00/dataset_060_seed_6027234/width_048/selected_refs.json
cell_beta_0p31_p_0p00,dataset_061_seed_6127234,48,0,50.52372330833899,0.00014989843950918936,02_dnn/03_reference_search/raw_outputs/18_beta_cell_90_dataset_30_reference/selected_references/cell_beta_0p31_p_0p00/dataset_061_seed_6127234/width_048/selected_ref_payloads/ref_000/theta.npy,02_dnn/03_reference_search/raw_outputs/18_beta_cell_90_dataset_30_reference/selected_references/cell_beta_0p31_p_0p00/dataset_061_seed_6127234/width_048/selected_refs.json
cell_beta_0p31_p_0p00,dataset_062_seed_6227234,48,0,62.50841946427868,8.448799895997055e-05,02_dnn/03_reference_search/raw_outputs/18_beta_cell_90_dataset_30_reference/selected_references/cell_beta_0p31_p_0p00/dataset_062_seed_6227234/width_048/selected_ref_payloads/ref_000/theta.npy,02_dnn/03_reference_search/raw_outputs/18_beta_cell_90_dataset_30_reference/selected_references/cell_beta_0p31_p_0p00/dataset_062_seed_6227234/width_048/selected_refs.json
cell_beta_0p31_p_0p00,dataset_063_seed_6327234,48,0,70.25477003820612,0.00010408001768311956,02_dnn/03_reference_search/raw_outputs/18_beta_cell_90_dataset_30_reference/selected_references/cell_beta_0p31_p_0p00/dataset_063_seed_6327234/width_048/selected_ref_payloads/ref_000/theta.npy,02_dnn/03_reference_search/raw_outputs/18_beta_cell_90_dataset_30_reference/selected_references/cell_beta_0p31_p_0p00/dataset_063_seed_6327234/width_048/selected_refs.json
cell_beta_0p31_p_0p00,dataset_064_seed_6427234,48,0,54.8468920949055,6.210748561768039e-05,02_dnn/03_reference_search/raw_outputs/18_beta_cell_90_dataset_30_reference/selected_references/cell_beta_0p31_p_0p00/dataset_064_seed_6427234/width_048/selected_ref_payloads/ref_000/theta.npy,02_dnn/03_reference_search/raw_outputs/18_beta_cell_90_dataset_30_reference/selected_references/cell_beta_0p31_p_0p00/dataset_064_seed_6427234/width_048/selected_refs.json
cell_beta_0p31_p_0p00,dataset_065_seed_6527234,48,0,91.24036078958734,0.00017208058628378418,02_dnn/03_reference_search/raw_outputs/18_beta_cell_90_dataset_30_reference/selected_references/cell_beta_0p31_p_0p00/dataset_065_seed_6527234/width_048/selected_ref_payloads/ref_000/theta.npy,02_dnn/03_reference_search/raw_outputs/18_beta_cell_90_dataset_30_reference/selected_references/cell_beta_0p31_p_0p00/dataset_065_seed_6527234/width_048/selected_refs.json
cell_beta_0p31_p_0p00,dataset_066_seed_6627234,48,0,94.96386813734328,0.00025534974739544375,02_dnn/03_reference_search/raw_outputs/18_beta_cell_90_dataset_30_reference/selected_references/cell_beta_0p31_p_0p00/dataset_066_seed_6627234/width_048/selected_ref_payloads/ref_000/theta.npy,02_dnn/03_reference_search/raw_outputs/18_beta_cell_90_dataset_30_reference/selected_references/cell_beta_0p31_p_0p00/dataset_066_seed_6627234/width_048/selected_refs.json
cell_beta_0p31_p_0p00,dataset_067_seed_6727234,48,0,49.615569137693114,0.0073426731704287155,02_dnn/03_reference_search/raw_outputs/18_beta_cell_90_dataset_30_reference/selected_references/cell_beta_0p31_p_0p00/dataset_067_seed_6727234/width_048/selected_ref_payloads/ref_000/theta.npy,02_dnn/03_reference_search/raw_outputs/18_beta_cell_90_dataset_30_reference/selected_references/cell_beta_0p31_p_0p00/dataset_067_seed_6727234/width_048/selected_refs.json
cell_beta_0p31_p_0p00,dataset_068_seed_6827234,48,0,73.50878298293792,0.00011055491633360707,02_dnn/03_reference_search/raw_outputs/18_beta_cell_90_dataset_30_reference/selected_references/cell_beta_0p31_p_0p00/dataset_068_seed_6827234/width_048/selected_ref_payloads/ref_000/theta.npy,02_dnn/03_reference_search/raw_outputs/18_beta_cell_90_dataset_30_reference/selected_references/cell_beta_0p31_p_0p00/dataset_068_seed_6827234/width_048/selected_refs.json
cell_beta_0p31_p_0p00,dataset_069_seed_6927234,48,0,63.74684303713901,8.974273868819574e-05,02_dnn/03_reference_search/raw_outputs/18_beta_cell_90_dataset_30_reference/selected_references/cell_beta_0p31_p_0p00/dataset_069_seed_6927234/width_048/selected_ref_payloads/ref_000/theta.npy,02_dnn/03_reference_search/raw_outputs/18_beta_cell_90_dataset_30_reference/selected_references/cell_beta_0p31_p_0p00/dataset_069_seed_6927234/width_048/selected_refs.json
cell_beta_0p31_p_0p00,dataset_070_seed_7027234,48,0,80.62171273318515,0.0009019742981142638,02_dnn/03_reference_search/raw_outputs/18_beta_cell_90_dataset_30_reference/selected_references/cell_beta_0p31_p_0p00/dataset_070_seed_7027234/width_048/selected_ref_payloads/ref_000/theta.npy,02_dnn/03_reference_search/raw_outputs/18_beta_cell_90_dataset_30_reference/selected_references/cell_beta_0p31_p_0p00/dataset_070_seed_7027234/width_048/selected_refs.json
cell_beta_0p31_p_0p00,dataset_071_seed_7127234,48,0,60.93197422820905,0.000163839726204596,02_dnn/03_reference_search/raw_outputs/18_beta_cell_90_dataset_30_reference/selected_references/cell_beta_0p31_p_0p00/dataset_071_seed_7127234/width_048/selected_ref_payloads/ref_000/theta.npy,02_dnn/03_reference_search/raw_outputs/18_beta_cell_90_dataset_30_reference/selected_references/cell_beta_0p31_p_0p00/dataset_071_seed_7127234/width_048/selected_refs.json
cell_beta_0p31_p_0p00,dataset_072_seed_7227234,48,0,89.92603892183536,0.00016807560487325064,02_dnn/03_reference_search/raw_outputs/18_beta_cell_90_dataset_30_reference/selected_references/cell_beta_0p31_p_0p00/dataset_072_seed_7227234/width_048/selected_ref_payloads/ref_000/theta.npy,02_dnn/03_reference_search/raw_outputs/18_beta_cell_90_dataset_30_reference/selected_references/cell_beta_0p31_p_0p00/dataset_072_seed_7227234/width_048/selected_refs.json
cell_beta_0p31_p_0p00,dataset_073_seed_7327234,48,0,63.01127793471413,8.495109657125859e-05,02_dnn/03_reference_search/raw_outputs/18_beta_cell_90_dataset_30_reference/selected_references/cell_beta_0p31_p_0p00/dataset_073_seed_7327234/width_048/selected_ref_payloads/ref_000/theta.npy,02_dnn/03_reference_search/raw_outputs/18_beta_cell_90_dataset_30_reference/selected_references/cell_beta_0p31_p_0p00/dataset_073_seed_7327234/width_048/selected_refs.json
cell_beta_0p31_p_0p00,dataset_074_seed_7427234,48,0,48.465816031757,0.0031812465073046696,02_dnn/03_reference_search/raw_outputs/18_beta_cell_90_dataset_30_reference/selected_references/cell_beta_0p31_p_0p00/dataset_074_seed_7427234/width_048/selected_ref_payloads/ref_000/theta.npy,02_dnn/03_reference_search/raw_outputs/18_beta_cell_90_dataset_30_reference/selected_references/cell_beta_0p31_p_0p00/dataset_074_seed_7427234/width_048/selected_refs.json
cell_beta_0p31_p_0p00,dataset_075_seed_7527234,48,0,63.69652370827962,8.5624844066477e-05,02_dnn/03_reference_search/raw_outputs/18_beta_cell_90_dataset_30_reference/selected_references/cell_beta_0p31_p_0p00/dataset_075_seed_7527234/width_048/selected_ref_payloads/ref_000/theta.npy,02_dnn/03_reference_search/raw_outputs/18_beta_cell_90_dataset_30_reference/selected_references/cell_beta_0p31_p_0p00/dataset_075_seed_7527234/width_048/selected_refs.json
cell_beta_0p31_p_0p00,dataset_076_seed_7627234,48,0,87.31573349376153,0.00015548152894215948,02_dnn/03_reference_search/raw_outputs/18_beta_cell_90_dataset_30_reference/selected_references/cell_beta_0p31_p_0p00/dataset_076_seed_7627234/width_048/selected_ref_payloads/ref_000/theta.npy,02_dnn/03_reference_search/raw_outputs/18_beta_cell_90_dataset_30_reference/selected_references/cell_beta_0p31_p_0p00/dataset_076_seed_7627234/width_048/selected_refs.json
cell_beta_0p31_p_0p00,dataset_077_seed_7727234,48,0,72.81182357616879,0.003119544321341617,02_dnn/03_reference_search/raw_outputs/18_beta_cell_90_dataset_30_reference/selected_references/cell_beta_0p31_p_0p00/dataset_077_seed_7727234/width_048/selected_ref_payloads/ref_000/theta.npy,02_dnn/03_reference_search/raw_outputs/18_beta_cell_90_dataset_30_reference/selected_references/cell_beta_0p31_p_0p00/dataset_077_seed_7727234/width_048/selected_refs.json
cell_beta_0p31_p_0p00,dataset_078_seed_7827234,48,0,62.75934677706528,9.003180804238563e-05,02_dnn/03_reference_search/raw_outputs/18_beta_cell_90_dataset_30_reference/selected_references/cell_beta_0p31_p_0p00/dataset_078_seed_7827234/width_048/selected_ref_payloads/ref_000/theta.npy,02_dnn/03_reference_search/raw_outputs/18_beta_cell_90_dataset_30_reference/selected_references/cell_beta_0p31_p_0p00/dataset_078_seed_7827234/width_048/selected_refs.json
cell_beta_0p31_p_0p00,dataset_079_seed_7927234,48,0,73.23158462554807,0.000872574072364578,02_dnn/03_reference_search/raw_outputs/18_beta_cell_90_dataset_30_reference/selected_references/cell_beta_0p31_p_0p00/dataset_079_seed_7927234/width_048/selected_ref_payloads/ref_000/theta.npy,02_dnn/03_reference_search/raw_outputs/18_beta_cell_90_dataset_30_reference/selected_references/cell_beta_0p31_p_0p00/dataset_079_seed_7927234/width_048/selected_refs.json
cell_beta_0p31_p_0p00,dataset_080_seed_8027234,48,0,85.26769286344785,0.00015685912785680278,02_dnn/03_reference_search/raw_outputs/18_beta_cell_90_dataset_30_reference/selected_references/cell_beta_0p31_p_0p00/dataset_080_seed_8027234/width_048/selected_ref_payloads/ref_000/theta.npy,02_dnn/03_reference_search/raw_outputs/18_beta_cell_90_dataset_30_reference/selected_references/cell_beta_0p31_p_0p00/dataset_080_seed_8027234/width_048/selected_refs.json
cell_beta_0p31_p_0p00,dataset_081_seed_8127234,48,0,67.99996889071416,0.00010022149965264273,02_dnn/03_reference_search/raw_outputs/18_beta_cell_90_dataset_30_reference/selected_references/cell_beta_0p31_p_0p00/dataset_081_seed_8127234/width_048/selected_ref_payloads/ref_000/theta.npy,02_dnn/03_reference_search/raw_outputs/18_beta_cell_90_dataset_30_reference/selected_references/cell_beta_0p31_p_0p00/dataset_081_seed_8127234/width_048/selected_refs.json
cell_beta_0p31_p_0p00,dataset_082_seed_8227234,48,0,82.36869939730333,0.0002427544824851878,02_dnn/03_reference_search/raw_outputs/18_beta_cell_90_dataset_30_reference/selected_references/cell_beta_0p31_p_0p00/dataset_082_seed_8227234/width_048/selected_ref_payloads/ref_000/theta.npy,02_dnn/03_reference_search/raw_outputs/18_beta_cell_90_dataset_30_reference/selected_references/cell_beta_0p31_p_0p00/dataset_082_seed_8227234/width_048/selected_refs.json
cell_beta_0p31_p_0p00,dataset_083_seed_8327234,48,0,78.40078602557662,0.0001353285549746718,02_dnn/03_reference_search/raw_outputs/18_beta_cell_90_dataset_30_reference/selected_references/cell_beta_0p31_p_0p00/dataset_083_seed_8327234/width_048/selected_ref_payloads/ref_000/theta.npy,02_dnn/03_reference_search/raw_outputs/18_beta_cell_90_dataset_30_reference/selected_references/cell_beta_0p31_p_0p00/dataset_083_seed_8327234/width_048/selected_refs.json
cell_beta_0p31_p_0p00,dataset_084_seed_8427234,48,0,46.16205581511377,4.40498039679536e-05,02_dnn/03_reference_search/raw_outputs/18_beta_cell_90_dataset_30_reference/selected_references/cell_beta_0p31_p_0p00/dataset_084_seed_8427234/width_048/selected_ref_payloads/ref_000/theta.npy,02_dnn/03_reference_search/raw_outputs/18_beta_cell_90_dataset_30_reference/selected_references/cell_beta_0p31_p_0p00/dataset_084_seed_8427234/width_048/selected_refs.json
cell_beta_0p31_p_0p00,dataset_085_seed_8527234,48,0,59.66650796657162,7.558667560346916e-05,02_dnn/03_reference_search/raw_outputs/18_beta_cell_90_dataset_30_reference/selected_references/cell_beta_0p31_p_0p00/dataset_085_seed_8527234/width_048/selected_ref_payloads/ref_000/theta.npy,02_dnn/03_reference_search/raw_outputs/18_beta_cell_90_dataset_30_reference/selected_references/cell_beta_0p31_p_0p00/dataset_085_seed_8527234/width_048/selected_refs.json
cell_beta_0p31_p_0p00,dataset_086_seed_8627234,48,0,92.73754010688064,0.0010049544845895841,02_dnn/03_reference_search/raw_outputs/18_beta_cell_90_dataset_30_reference/selected_references/cell_beta_0p31_p_0p00/dataset_086_seed_8627234/width_048/selected_ref_payloads/ref_000/theta.npy,02_dnn/03_reference_search/raw_outputs/18_beta_cell_90_dataset_30_reference/selected_references/cell_beta_0p31_p_0p00/dataset_086_seed_8627234/width_048/selected_refs.json
cell_beta_0p31_p_0p00,dataset_087_seed_8727234,48,0,79.62294058724117,0.0035846944468371994,02_dnn/03_reference_search/raw_outputs/18_beta_cell_90_dataset_30_reference/selected_references/cell_beta_0p31_p_0p00/dataset_087_seed_8727234/width_048/selected_ref_payloads/ref_000/theta.npy,02_dnn/03_reference_search/raw_outputs/18_beta_cell_90_dataset_30_reference/selected_references/cell_beta_0p31_p_0p00/dataset_087_seed_8727234/width_048/selected_refs.json
cell_beta_0p31_p_0p00,dataset_088_seed_8827234,48,0,62.7092636388891,0.00011083140732177041,02_dnn/03_reference_search/raw_outputs/18_beta_cell_90_dataset_30_reference/selected_references/cell_beta_0p31_p_0p00/dataset_088_seed_8827234/width_048/selected_ref_payloads/ref_000/theta.npy,02_dnn/03_reference_search/raw_outputs/18_beta_cell_90_dataset_30_reference/selected_references/cell_beta_0p31_p_0p00/dataset_088_seed_8827234/width_048/selected_refs.json
cell_beta_0p31_p_0p00,dataset_089_seed_8927234,48,0,80.71331513078228,0.0001731069560933987,02_dnn/03_reference_search/raw_outputs/18_beta_cell_90_dataset_30_reference/selected_references/cell_beta_0p31_p_0p00/dataset_089_seed_8927234/width_048/selected_ref_payloads/ref_000/theta.npy,02_dnn/03_reference_search/raw_outputs/18_beta_cell_90_dataset_30_reference/selected_references/cell_beta_0p31_p_0p00/dataset_089_seed_8927234/width_048/selected_refs.json
cell_beta_0p33_p_0p00,dataset_000_seed_029234,48,0,,,02_dnn/03_reference_search/raw_outputs/36_beta_cell_30_dataset_30_reference/selected_references/cell_beta_0p33_p_0p00/dataset_000_seed_029234/width_048/selected_ref_payloads/ref_000/theta.npy,02_dnn/03_reference_search/raw_outputs/18_beta_cell_90_dataset_30_reference/selected_references/cell_beta_0p33_p_0p00/dataset_000_seed_029234/width_048/selected_refs.json
cell_beta_0p33_p_0p00,dataset_001_seed_129234,48,0,,,02_dnn/03_reference_search/raw_outputs/36_beta_cell_30_dataset_30_reference/selected_references/cell_beta_0p33_p_0p00/dataset_001_seed_129234/width_048/selected_ref_payloads/ref_000/theta.npy,02_dnn/03_reference_search/raw_outputs/18_beta_cell_90_dataset_30_reference/selected_references/cell_beta_0p33_p_0p00/dataset_001_seed_129234/width_048/selected_refs.json
cell_beta_0p33_p_0p00,dataset_002_seed_229234,48,0,,,02_dnn/03_reference_search/raw_outputs/36_beta_cell_30_dataset_30_reference/selected_references/cell_beta_0p33_p_0p00/dataset_002_seed_229234/width_048/selected_ref_payloads/ref_000/theta.npy,02_dnn/03_reference_search/raw_outputs/18_beta_cell_90_dataset_30_reference/selected_references/cell_beta_0p33_p_0p00/dataset_002_seed_229234/width_048/selected_refs.json
cell_beta_0p33_p_0p00,dataset_003_seed_329234,48,0,,,02_dnn/03_reference_search/raw_outputs/36_beta_cell_30_dataset_30_reference/selected_references/cell_beta_0p33_p_0p00/dataset_003_seed_329234/width_048/selected_ref_payloads/ref_000/theta.npy,02_dnn/03_reference_search/raw_outputs/18_beta_cell_90_dataset_30_reference/selected_references/cell_beta_0p33_p_0p00/dataset_003_seed_329234/width_048/selected_refs.json
cell_beta_0p33_p_0p00,dataset_004_seed_429234,48,0,,,02_dnn/03_reference_search/raw_outputs/36_beta_cell_30_dataset_30_reference/selected_references/cell_beta_0p33_p_0p00/dataset_004_seed_429234/width_048/selected_ref_payloads/ref_000/theta.npy,02_dnn/03_reference_search/raw_outputs/18_beta_cell_90_dataset_30_reference/selected_references/cell_beta_0p33_p_0p00/dataset_004_seed_429234/width_048/selected_refs.json
cell_beta_0p33_p_0p00,dataset_005_seed_529234,48,0,,,02_dnn/03_reference_search/raw_outputs/36_beta_cell_30_dataset_30_reference/selected_references/cell_beta_0p33_p_0p00/dataset_005_seed_529234/width_048/selected_ref_payloads/ref_000/theta.npy,02_dnn/03_reference_search/raw_outputs/18_beta_cell_90_dataset_30_reference/selected_references/cell_beta_0p33_p_0p00/dataset_005_seed_529234/width_048/selected_refs.json
cell_beta_0p33_p_0p00,dataset_006_seed_629234,48,0,,,02_dnn/03_reference_search/raw_outputs/36_beta_cell_30_dataset_30_reference/selected_references/cell_beta_0p33_p_0p00/dataset_006_seed_629234/width_048/selected_ref_payloads/ref_000/theta.npy,02_dnn/03_reference_search/raw_outputs/18_beta_cell_90_dataset_30_reference/selected_references/cell_beta_0p33_p_0p00/dataset_006_seed_629234/width_048/selected_refs.json
cell_beta_0p33_p_0p00,dataset_007_seed_729234,48,0,,,02_dnn/03_reference_search/raw_outputs/36_beta_cell_30_dataset_30_reference/selected_references/cell_beta_0p33_p_0p00/dataset_007_seed_729234/width_048/selected_ref_payloads/ref_000/theta.npy,02_dnn/03_reference_search/raw_outputs/18_beta_cell_90_dataset_30_reference/selected_references/cell_beta_0p33_p_0p00/dataset_007_seed_729234/width_048/selected_refs.json
cell_beta_0p33_p_0p00,dataset_008_seed_829234,48,0,,,02_dnn/03_reference_search/raw_outputs/36_beta_cell_30_dataset_30_reference/selected_references/cell_beta_0p33_p_0p00/dataset_008_seed_829234/width_048/selected_ref_payloads/ref_000/theta.npy,02_dnn/03_reference_search/raw_outputs/18_beta_cell_90_dataset_30_reference/selected_references/cell_beta_0p33_p_0p00/dataset_008_seed_829234/width_048/selected_refs.json
cell_beta_0p33_p_0p00,dataset_009_seed_929234,48,0,,,02_dnn/03_reference_search/raw_outputs/36_beta_cell_30_dataset_30_reference/selected_references/cell_beta_0p33_p_0p00/dataset_009_seed_929234/width_048/selected_ref_payloads/ref_000/theta.npy,02_dnn/03_reference_search/raw_outputs/18_beta_cell_90_dataset_30_reference/selected_references/cell_beta_0p33_p_0p00/dataset_009_seed_929234/width_048/selected_refs.json
cell_beta_0p33_p_0p00,dataset_010_seed_1029234,48,0,,,02_dnn/03_reference_search/raw_outputs/36_beta_cell_30_dataset_30_reference/selected_references/cell_beta_0p33_p_0p00/dataset_010_seed_1029234/width_048/selected_ref_payloads/ref_000/theta.npy,02_dnn/03_reference_search/raw_outputs/18_beta_cell_90_dataset_30_reference/selected_references/cell_beta_0p33_p_0p00/dataset_010_seed_1029234/width_048/selected_refs.json
cell_beta_0p33_p_0p00,dataset_011_seed_1129234,48,0,,,02_dnn/03_reference_search/raw_outputs/36_beta_cell_30_dataset_30_reference/selected_references/cell_beta_0p33_p_0p00/dataset_011_seed_1129234/width_048/selected_ref_payloads/ref_000/theta.npy,02_dnn/03_reference_search/raw_outputs/18_beta_cell_90_dataset_30_reference/selected_references/cell_beta_0p33_p_0p00/dataset_011_seed_1129234/width_048/selected_refs.json
cell_beta_0p33_p_0p00,dataset_012_seed_1229234,48,0,,,02_dnn/03_reference_search/raw_outputs/36_beta_cell_30_dataset_30_reference/selected_references/cell_beta_0p33_p_0p00/dataset_012_seed_1229234/width_048/selected_ref_payloads/ref_000/theta.npy,02_dnn/03_reference_search/raw_outputs/18_beta_cell_90_dataset_30_reference/selected_references/cell_beta_0p33_p_0p00/dataset_012_seed_1229234/width_048/selected_refs.json
cell_beta_0p33_p_0p00,dataset_013_seed_1329234,48,0,,,02_dnn/03_reference_search/raw_outputs/36_beta_cell_30_dataset_30_reference/selected_references/cell_beta_0p33_p_0p00/dataset_013_seed_1329234/width_048/selected_ref_payloads/ref_000/theta.npy,02_dnn/03_reference_search/raw_outputs/18_beta_cell_90_dataset_30_reference/selected_references/cell_beta_0p33_p_0p00/dataset_013_seed_1329234/width_048/selected_refs.json
cell_beta_0p33_p_0p00,dataset_014_seed_1429234,48,0,,,02_dnn/03_reference_search/raw_outputs/36_beta_cell_30_dataset_30_reference/selected_references/cell_beta_0p33_p_0p00/dataset_014_seed_1429234/width_048/selected_ref_payloads/ref_000/theta.npy,02_dnn/03_reference_search/raw_outputs/18_beta_cell_90_dataset_30_reference/selected_references/cell_beta_0p33_p_0p00/dataset_014_seed_1429234/width_048/selected_refs.json
cell_beta_0p33_p_0p00,dataset_015_seed_1529234,48,0,,,02_dnn/03_reference_search/raw_outputs/36_beta_cell_30_dataset_30_reference/selected_references/cell_beta_0p33_p_0p00/dataset_015_seed_1529234/width_048/selected_ref_payloads/ref_000/theta.npy,02_dnn/03_reference_search/raw_outputs/18_beta_cell_90_dataset_30_reference/selected_references/cell_beta_0p33_p_0p00/dataset_015_seed_1529234/width_048/selected_refs.json
cell_beta_0p33_p_0p00,dataset_016_seed_1629234,48,0,,,02_dnn/03_reference_search/raw_outputs/36_beta_cell_30_dataset_30_reference/selected_references/cell_beta_0p33_p_0p00/dataset_016_seed_1629234/width_048/selected_ref_payloads/ref_000/theta.npy,02_dnn/03_reference_search/raw_outputs/18_beta_cell_90_dataset_30_reference/selected_references/cell_beta_0p33_p_0p00/dataset_016_seed_1629234/width_048/selected_refs.json
cell_beta_0p33_p_0p00,dataset_017_seed_1729234,48,0,,,02_dnn/03_reference_search/raw_outputs/36_beta_cell_30_dataset_30_reference/selected_references/cell_beta_0p33_p_0p00/dataset_017_seed_1729234/width_048/selected_ref_payloads/ref_000/theta.npy,02_dnn/03_reference_search/raw_outputs/18_beta_cell_90_dataset_30_reference/selected_references/cell_beta_0p33_p_0p00/dataset_017_seed_1729234/width_048/selected_refs.json
cell_beta_0p33_p_0p00,dataset_018_seed_1829234,48,0,,,02_dnn/03_reference_search/raw_outputs/36_beta_cell_30_dataset_30_reference/selected_references/cell_beta_0p33_p_0p00/dataset_018_seed_1829234/width_048/selected_ref_payloads/ref_000/theta.npy,02_dnn/03_reference_search/raw_outputs/18_beta_cell_90_dataset_30_reference/selected_references/cell_beta_0p33_p_0p00/dataset_018_seed_1829234/width_048/selected_refs.json
cell_beta_0p33_p_0p00,dataset_019_seed_1929234,48,0,,,02_dnn/03_reference_search/raw_outputs/36_beta_cell_30_dataset_30_reference/selected_references/cell_beta_0p33_p_0p00/dataset_019_seed_1929234/width_048/selected_ref_payloads/ref_000/theta.npy,02_dnn/03_reference_search/raw_outputs/18_beta_cell_90_dataset_30_reference/selected_references/cell_beta_0p33_p_0p00/dataset_019_seed_1929234/width_048/selected_refs.json
cell_beta_0p33_p_0p00,dataset_020_seed_2029234,48,0,,,02_dnn/03_reference_search/raw_outputs/36_beta_cell_30_dataset_30_reference/selected_references/cell_beta_0p33_p_0p00/dataset_020_seed_2029234/width_048/selected_ref_payloads/ref_000/theta.npy,02_dnn/03_reference_search/raw_outputs/18_beta_cell_90_dataset_30_reference/selected_references/cell_beta_0p33_p_0p00/dataset_020_seed_2029234/width_048/selected_refs.json
cell_beta_0p33_p_0p00,dataset_021_seed_2129234,48,0,,,02_dnn/03_reference_search/raw_outputs/36_beta_cell_30_dataset_30_reference/selected_references/cell_beta_0p33_p_0p00/dataset_021_seed_2129234/width_048/selected_ref_payloads/ref_000/theta.npy,02_dnn/03_reference_search/raw_outputs/18_beta_cell_90_dataset_30_reference/selected_references/cell_beta_0p33_p_0p00/dataset_021_seed_2129234/width_048/selected_refs.json
cell_beta_0p33_p_0p00,dataset_022_seed_2229234,48,0,,,02_dnn/03_reference_search/raw_outputs/36_beta_cell_30_dataset_30_reference/selected_references/cell_beta_0p33_p_0p00/dataset_022_seed_2229234/width_048/selected_ref_payloads/ref_000/theta.npy,02_dnn/03_reference_search/raw_outputs/18_beta_cell_90_dataset_30_reference/selected_references/cell_beta_0p33_p_0p00/dataset_022_seed_2229234/width_048/selected_refs.json
cell_beta_0p33_p_0p00,dataset_023_seed_2329234,48,0,,,02_dnn/03_reference_search/raw_outputs/36_beta_cell_30_dataset_30_reference/selected_references/cell_beta_0p33_p_0p00/dataset_023_seed_2329234/width_048/selected_ref_payloads/ref_000/theta.npy,02_dnn/03_reference_search/raw_outputs/18_beta_cell_90_dataset_30_reference/selected_references/cell_beta_0p33_p_0p00/dataset_023_seed_2329234/width_048/selected_refs.json
cell_beta_0p33_p_0p00,dataset_024_seed_2429234,48,0,,,02_dnn/03_reference_search/raw_outputs/36_beta_cell_30_dataset_30_reference/selected_references/cell_beta_0p33_p_0p00/dataset_024_seed_2429234/width_048/selected_ref_payloads/ref_000/theta.npy,02_dnn/03_reference_search/raw_outputs/18_beta_cell_90_dataset_30_reference/selected_references/cell_beta_0p33_p_0p00/dataset_024_seed_2429234/width_048/selected_refs.json
cell_beta_0p33_p_0p00,dataset_025_seed_2529234,48,0,,,02_dnn/03_reference_search/raw_outputs/36_beta_cell_30_dataset_30_reference/selected_references/cell_beta_0p33_p_0p00/dataset_025_seed_2529234/width_048/selected_ref_payloads/ref_000/theta.npy,02_dnn/03_reference_search/raw_outputs/18_beta_cell_90_dataset_30_reference/selected_references/cell_beta_0p33_p_0p00/dataset_025_seed_2529234/width_048/selected_refs.json
cell_beta_0p33_p_0p00,dataset_026_seed_2629234,48,0,,,02_dnn/03_reference_search/raw_outputs/36_beta_cell_30_dataset_30_reference/selected_references/cell_beta_0p33_p_0p00/dataset_026_seed_2629234/width_048/selected_ref_payloads/ref_000/theta.npy,02_dnn/03_reference_search/raw_outputs/18_beta_cell_90_dataset_30_reference/selected_references/cell_beta_0p33_p_0p00/dataset_026_seed_2629234/width_048/selected_refs.json
cell_beta_0p33_p_0p00,dataset_027_seed_2729234,48,0,,,02_dnn/03_reference_search/raw_outputs/36_beta_cell_30_dataset_30_reference/selected_references/cell_beta_0p33_p_0p00/dataset_027_seed_2729234/width_048/selected_ref_payloads/ref_000/theta.npy,02_dnn/03_reference_search/raw_outputs/18_beta_cell_90_dataset_30_reference/selected_references/cell_beta_0p33_p_0p00/dataset_027_seed_2729234/width_048/selected_refs.json
cell_beta_0p33_p_0p00,dataset_028_seed_2829234,48,0,,,02_dnn/03_reference_search/raw_outputs/36_beta_cell_30_dataset_30_reference/selected_references/cell_beta_0p33_p_0p00/dataset_028_seed_2829234/width_048/selected_ref_payloads/ref_000/theta.npy,02_dnn/03_reference_search/raw_outputs/18_beta_cell_90_dataset_30_reference/selected_references/cell_beta_0p33_p_0p00/dataset_028_seed_2829234/width_048/selected_refs.json
cell_beta_0p33_p_0p00,dataset_029_seed_2929234,48,0,,,02_dnn/03_reference_search/raw_outputs/36_beta_cell_30_dataset_30_reference/selected_references/cell_beta_0p33_p_0p00/dataset_029_seed_2929234/width_048/selected_ref_payloads/ref_000/theta.npy,02_dnn/03_reference_search/raw_outputs/18_beta_cell_90_dataset_30_reference/selected_references/cell_beta_0p33_p_0p00/dataset_029_seed_2929234/width_048/selected_refs.json
cell_beta_0p33_p_0p00,dataset_030_seed_3029234,48,0,50.91965813286248,5.355628044879127e-05,02_dnn/03_reference_search/raw_outputs/18_beta_cell_60_dataset_30_reference/selected_references/cell_beta_0p33_p_0p00/dataset_030_seed_3029234/width_048/selected_ref_payloads/ref_000/theta.npy,02_dnn/03_reference_search/raw_outputs/18_beta_cell_90_dataset_30_reference/selected_references/cell_beta_0p33_p_0p00/dataset_030_seed_3029234/width_048/selected_refs.json
cell_beta_0p33_p_0p00,dataset_031_seed_3129234,48,0,81.80982486408884,0.00022592972553108046,02_dnn/03_reference_search/raw_outputs/18_beta_cell_60_dataset_30_reference/selected_references/cell_beta_0p33_p_0p00/dataset_031_seed_3129234/width_048/selected_ref_payloads/ref_000/theta.npy,02_dnn/03_reference_search/raw_outputs/18_beta_cell_90_dataset_30_reference/selected_references/cell_beta_0p33_p_0p00/dataset_031_seed_3129234/width_048/selected_refs.json
cell_beta_0p33_p_0p00,dataset_032_seed_3229234,48,0,82.44735375884304,0.0001432720713326366,02_dnn/03_reference_search/raw_outputs/18_beta_cell_60_dataset_30_reference/selected_references/cell_beta_0p33_p_0p00/dataset_032_seed_3229234/width_048/selected_ref_payloads/ref_000/theta.npy,02_dnn/03_reference_search/raw_outputs/18_beta_cell_90_dataset_30_reference/selected_references/cell_beta_0p33_p_0p00/dataset_032_seed_3229234/width_048/selected_refs.json
cell_beta_0p33_p_0p00,dataset_033_seed_3329234,48,0,39.57882052822413,0.0036409273207410903,02_dnn/03_reference_search/raw_outputs/18_beta_cell_60_dataset_30_reference/selected_references/cell_beta_0p33_p_0p00/dataset_033_seed_3329234/width_048/selected_ref_payloads/ref_000/theta.npy,02_dnn/03_reference_search/raw_outputs/18_beta_cell_90_dataset_30_reference/selected_references/cell_beta_0p33_p_0p00/dataset_033_seed_3329234/width_048/selected_refs.json
cell_beta_0p33_p_0p00,dataset_034_seed_3429234,48,0,87.18850180145655,0.000159813944567681,02_dnn/03_reference_search/raw_outputs/18_beta_cell_60_dataset_30_reference/selected_references/cell_beta_0p33_p_0p00/dataset_034_seed_3429234/width_048/selected_ref_payloads/ref_000/theta.npy,02_dnn/03_reference_search/raw_outputs/18_beta_cell_90_dataset_30_reference/selected_references/cell_beta_0p33_p_0p00/dataset_034_seed_3429234/width_048/selected_refs.json
cell_beta_0p33_p_0p00,dataset_035_seed_3529234,48,0,62.03482049696178,0.005198219175009733,02_dnn/03_reference_search/raw_outputs/18_beta_cell_60_dataset_30_reference/selected_references/cell_beta_0p33_p_0p00/dataset_035_seed_3529234/width_048/selected_ref_payloads/ref_000/theta.npy,02_dnn/03_reference_search/raw_outputs/18_beta_cell_90_dataset_30_reference/selected_references/cell_beta_0p33_p_0p00/dataset_035_seed_3529234/width_048/selected_refs.json
cell_beta_0p33_p_0p00,dataset_036_seed_3629234,48,0,48.11239683297796,4.800079382815476e-05,02_dnn/03_reference_search/raw_outputs/18_beta_cell_60_dataset_30_reference/selected_references/cell_beta_0p33_p_0p00/dataset_036_seed_3629234/width_048/selected_ref_payloads/ref_000/theta.npy,02_dnn/03_reference_search/raw_outputs/18_beta_cell_90_dataset_30_reference/selected_references/cell_beta_0p33_p_0p00/dataset_036_seed_3629234/width_048/selected_refs.json
cell_beta_0p33_p_0p00,dataset_037_seed_3729234,48,0,70.69620946924444,0.00010600845447823539,02_dnn/03_reference_search/raw_outputs/18_beta_cell_60_dataset_30_reference/selected_references/cell_beta_0p33_p_0p00/dataset_037_seed_3729234/width_048/selected_ref_payloads/ref_000/theta.npy,02_dnn/03_reference_search/raw_outputs/18_beta_cell_90_dataset_30_reference/selected_references/cell_beta_0p33_p_0p00/dataset_037_seed_3729234/width_048/selected_refs.json
cell_beta_0p33_p_0p00,dataset_038_seed_3829234,48,0,68.47007743720121,0.00010189066027026227,02_dnn/03_reference_search/raw_outputs/18_beta_cell_60_dataset_30_reference/selected_references/cell_beta_0p33_p_0p00/dataset_038_seed_3829234/width_048/selected_ref_payloads/ref_000/theta.npy,02_dnn/03_reference_search/raw_outputs/18_beta_cell_90_dataset_30_reference/selected_references/cell_beta_0p33_p_0p00/dataset_038_seed_3829234/width_048/selected_refs.json
cell_beta_0p33_p_0p00,dataset_039_seed_3929234,48,0,61.365678815889524,7.890864678629191e-05,02_dnn/03_reference_search/raw_outputs/18_beta_cell_60_dataset_30_reference/selected_references/cell_beta_0p33_p_0p00/dataset_039_seed_3929234/width_048/selected_ref_payloads/ref_000/theta.npy,02_dnn/03_reference_search/raw_outputs/18_beta_cell_90_dataset_30_reference/selected_references/cell_beta_0p33_p_0p00/dataset_039_seed_3929234/width_048/selected_refs.json
cell_beta_0p33_p_0p00,dataset_040_seed_4029234,48,0,47.7473828418125,0.004839207980556735,02_dnn/03_reference_search/raw_outputs/18_beta_cell_60_dataset_30_reference/selected_references/cell_beta_0p33_p_0p00/dataset_040_seed_4029234/width_048/selected_ref_payloads/ref_000/theta.npy,02_dnn/03_reference_search/raw_outputs/18_beta_cell_90_dataset_30_reference/selected_references/cell_beta_0p33_p_0p00/dataset_040_seed_4029234/width_048/selected_refs.json
cell_beta_0p33_p_0p00,dataset_041_seed_4129234,48,0,56.72216067517481,6.529370072997761e-05,02_dnn/03_reference_search/raw_outputs/18_beta_cell_60_dataset_30_reference/selected_references/cell_beta_0p33_p_0p00/dataset_041_seed_4129234/width_048/selected_ref_payloads/ref_000/theta.npy,02_dnn/03_reference_search/raw_outputs/18_beta_cell_90_dataset_30_reference/selected_references/cell_beta_0p33_p_0p00/dataset_041_seed_4129234/width_048/selected_refs.json
cell_beta_0p33_p_0p00,dataset_042_seed_4229234,48,0,69.0748177651279,0.0007263139910482195,02_dnn/03_reference_search/raw_outputs/18_beta_cell_60_dataset_30_reference/selected_references/cell_beta_0p33_p_0p00/dataset_042_seed_4229234/width_048/selected_ref_payloads/ref_000/theta.npy,02_dnn/03_reference_search/raw_outputs/18_beta_cell_90_dataset_30_reference/selected_references/cell_beta_0p33_p_0p00/dataset_042_seed_4229234/width_048/selected_refs.json
cell_beta_0p33_p_0p00,dataset_043_seed_4329234,48,0,57.455657218020974,0.00012982331156212483,02_dnn/03_reference_search/raw_outputs/18_beta_cell_60_dataset_30_reference/selected_references/cell_beta_0p33_p_0p00/dataset_043_seed_4329234/width_048/selected_ref_payloads/ref_000/theta.npy,02_dnn/03_reference_search/raw_outputs/18_beta_cell_90_dataset_30_reference/selected_references/cell_beta_0p33_p_0p00/dataset_043_seed_4329234/width_048/selected_refs.json
cell_beta_0p33_p_0p00,dataset_044_seed_4429234,48,0,86.42237446921351,0.00021208786589120516,02_dnn/03_reference_search/raw_outputs/18_beta_cell_60_dataset_30_reference/selected_references/cell_beta_0p33_p_0p00/dataset_044_seed_4429234/width_048/selected_ref_payloads/ref_000/theta.npy,02_dnn/03_reference_search/raw_outputs/18_beta_cell_90_dataset_30_reference/selected_references/cell_beta_0p33_p_0p00/dataset_044_seed_4429234/width_048/selected_refs.json
cell_beta_0p33_p_0p00,dataset_045_seed_4529234,48,0,51.40932874160421,5.451324619408657e-05,02_dnn/03_reference_search/raw_outputs/18_beta_cell_60_dataset_30_reference/selected_references/cell_beta_0p33_p_0p00/dataset_045_seed_4529234/width_048/selected_ref_payloads/ref_000/theta.npy,02_dnn/03_reference_search/raw_outputs/18_beta_cell_90_dataset_30_reference/selected_references/cell_beta_0p33_p_0p00/dataset_045_seed_4529234/width_048/selected_refs.json
cell_beta_0p33_p_0p00,dataset_046_seed_4629234,48,0,40.59005058927622,0.004188594514336301,02_dnn/03_reference_search/raw_outputs/18_beta_cell_60_dataset_30_reference/selected_references/cell_beta_0p33_p_0p00/dataset_046_seed_4629234/width_048/selected_ref_payloads/ref_000/theta.npy,02_dnn/03_reference_search/raw_outputs/18_beta_cell_90_dataset_30_reference/selected_references/cell_beta_0p33_p_0p00/dataset_046_seed_4629234/width_048/selected_refs.json
cell_beta_0p33_p_0p00,dataset_047_seed_4729234,48,0,43.6783043545847,0.00393543219416782,02_dnn/03_reference_search/raw_outputs/18_beta_cell_60_dataset_30_reference/selected_references/cell_beta_0p33_p_0p00/dataset_047_seed_4729234/width_048/selected_ref_payloads/ref_000/theta.npy,02_dnn/03_reference_search/raw_outputs/18_beta_cell_90_dataset_30_reference/selected_references/cell_beta_0p33_p_0p00/dataset_047_seed_4729234/width_048/selected_refs.json
cell_beta_0p33_p_0p00,dataset_048_seed_4829234,48,0,63.745525429816034,0.000490904636966017,02_dnn/03_reference_search/raw_outputs/18_beta_cell_60_dataset_30_reference/selected_references/cell_beta_0p33_p_0p00/dataset_048_seed_4829234/width_048/selected_ref_payloads/ref_000/theta.npy,02_dnn/03_reference_search/raw_outputs/18_beta_cell_90_dataset_30_reference/selected_references/cell_beta_0p33_p_0p00/dataset_048_seed_4829234/width_048/selected_refs.json
cell_beta_0p33_p_0p00,dataset_049_seed_4929234,48,0,66.38498296665313,9.526382693844678e-05,02_dnn/03_reference_search/raw_outputs/18_beta_cell_60_dataset_30_reference/selected_references/cell_beta_0p33_p_0p00/dataset_049_seed_4929234/width_048/selected_ref_payloads/ref_000/theta.npy,02_dnn/03_reference_search/raw_outputs/18_beta_cell_90_dataset_30_reference/selected_references/cell_beta_0p33_p_0p00/dataset_049_seed_4929234/width_048/selected_refs.json
cell_beta_0p33_p_0p00,dataset_050_seed_5029234,48,0,50.689844852917666,5.391683095531788e-05,02_dnn/03_reference_search/raw_outputs/18_beta_cell_60_dataset_30_reference/selected_references/cell_beta_0p33_p_0p00/dataset_050_seed_5029234/width_048/selected_ref_payloads/ref_000/theta.npy,02_dnn/03_reference_search/raw_outputs/18_beta_cell_90_dataset_30_reference/selected_references/cell_beta_0p33_p_0p00/dataset_050_seed_5029234/width_048/selected_refs.json
cell_beta_0p33_p_0p00,dataset_051_seed_5129234,48,0,53.409983957234736,0.005802293198185854,02_dnn/03_reference_search/raw_outputs/18_beta_cell_60_dataset_30_reference/selected_references/cell_beta_0p33_p_0p00/dataset_051_seed_5129234/width_048/selected_ref_payloads/ref_000/theta.npy,02_dnn/03_reference_search/raw_outputs/18_beta_cell_90_dataset_30_reference/selected_references/cell_beta_0p33_p_0p00/dataset_051_seed_5129234/width_048/selected_refs.json
cell_beta_0p33_p_0p00,dataset_052_seed_5229234,48,0,73.41914571985289,0.006587560219938289,02_dnn/03_reference_search/raw_outputs/18_beta_cell_60_dataset_30_reference/selected_references/cell_beta_0p33_p_0p00/dataset_052_seed_5229234/width_048/selected_ref_payloads/ref_000/theta.npy,02_dnn/03_reference_search/raw_outputs/18_beta_cell_90_dataset_30_reference/selected_references/cell_beta_0p33_p_0p00/dataset_052_seed_5229234/width_048/selected_refs.json
cell_beta_0p33_p_0p00,dataset_053_seed_5329234,48,0,45.907359812366224,0.003414642636484639,02_dnn/03_reference_search/raw_outputs/18_beta_cell_60_dataset_30_reference/selected_references/cell_beta_0p33_p_0p00/dataset_053_seed_5329234/width_048/selected_ref_payloads/ref_000/theta.npy,02_dnn/03_reference_search/raw_outputs/18_beta_cell_90_dataset_30_reference/selected_references/cell_beta_0p33_p_0p00/dataset_053_seed_5329234/width_048/selected_refs.json
cell_beta_0p33_p_0p00,dataset_054_seed_5429234,48,0,75.4918753318597,0.0008964426820310629,02_dnn/03_reference_search/raw_outputs/18_beta_cell_60_dataset_30_reference/selected_references/cell_beta_0p33_p_0p00/dataset_054_seed_5429234/width_048/selected_ref_payloads/ref_000/theta.npy,02_dnn/03_reference_search/raw_outputs/18_beta_cell_90_dataset_30_reference/selected_references/cell_beta_0p33_p_0p00/dataset_054_seed_5429234/width_048/selected_refs.json
cell_beta_0p33_p_0p00,dataset_055_seed_5529234,48,0,56.89566012867831,0.002586485893897156,02_dnn/03_reference_search/raw_outputs/18_beta_cell_60_dataset_30_reference/selected_references/cell_beta_0p33_p_0p00/dataset_055_seed_5529234/width_048/selected_ref_payloads/ref_000/theta.npy,02_dnn/03_reference_search/raw_outputs/18_beta_cell_90_dataset_30_reference/selected_references/cell_beta_0p33_p_0p00/dataset_055_seed_5529234/width_048/selected_refs.json
cell_beta_0p33_p_0p00,dataset_056_seed_5629234,48,0,58.943313554402124,0.003106522522210831,02_dnn/03_reference_search/raw_outputs/18_beta_cell_60_dataset_30_reference/selected_references/cell_beta_0p33_p_0p00/dataset_056_seed_5629234/width_048/selected_ref_payloads/ref_000/theta.npy,02_dnn/03_reference_search/raw_outputs/18_beta_cell_90_dataset_30_reference/selected_references/cell_beta_0p33_p_0p00/dataset_056_seed_5629234/width_048/selected_refs.json
cell_beta_0p33_p_0p00,dataset_057_seed_5729234,48,0,70.54452884530299,0.0004999268100259346,02_dnn/03_reference_search/raw_outputs/18_beta_cell_60_dataset_30_reference/selected_references/cell_beta_0p33_p_0p00/dataset_057_seed_5729234/width_048/selected_ref_payloads/ref_000/theta.npy,02_dnn/03_reference_search/raw_outputs/18_beta_cell_90_dataset_30_reference/selected_references/cell_beta_0p33_p_0p00/dataset_057_seed_5729234/width_048/selected_refs.json
cell_beta_0p33_p_0p00,dataset_058_seed_5829234,48,0,70.89964608518238,0.003445914406976485,02_dnn/03_reference_search/raw_outputs/18_beta_cell_60_dataset_30_reference/selected_references/cell_beta_0p33_p_0p00/dataset_058_seed_5829234/width_048/selected_ref_payloads/ref_000/theta.npy,02_dnn/03_reference_search/raw_outputs/18_beta_cell_90_dataset_30_reference/selected_references/cell_beta_0p33_p_0p00/dataset_058_seed_5829234/width_048/selected_refs.json
cell_beta_0p33_p_0p00,dataset_059_seed_5929234,48,0,53.084050103329446,0.00020135185158436645,02_dnn/03_reference_search/raw_outputs/18_beta_cell_60_dataset_30_reference/selected_references/cell_beta_0p33_p_0p00/dataset_059_seed_5929234/width_048/selected_ref_payloads/ref_000/theta.npy,02_dnn/03_reference_search/raw_outputs/18_beta_cell_90_dataset_30_reference/selected_references/cell_beta_0p33_p_0p00/dataset_059_seed_5929234/width_048/selected_refs.json
cell_beta_0p33_p_0p00,dataset_060_seed_6029234,48,0,66.82859429605163,0.00012626226687439786,02_dnn/03_reference_search/raw_outputs/18_beta_cell_90_dataset_30_reference/selected_references/cell_beta_0p33_p_0p00/dataset_060_seed_6029234/width_048/selected_ref_payloads/ref_000/theta.npy,02_dnn/03_reference_search/raw_outputs/18_beta_cell_90_dataset_30_reference/selected_references/cell_beta_0p33_p_0p00/dataset_060_seed_6029234/width_048/selected_refs.json
cell_beta_0p33_p_0p00,dataset_061_seed_6129234,48,0,80.65483690986099,0.0029521038884583804,02_dnn/03_reference_search/raw_outputs/18_beta_cell_90_dataset_30_reference/selected_references/cell_beta_0p33_p_0p00/dataset_061_seed_6129234/width_048/selected_ref_payloads/ref_000/theta.npy,02_dnn/03_reference_search/raw_outputs/18_beta_cell_90_dataset_30_reference/selected_references/cell_beta_0p33_p_0p00/dataset_061_seed_6129234/width_048/selected_refs.json
cell_beta_0p33_p_0p00,dataset_062_seed_6229234,48,0,67.90353345068424,0.00010930583516618537,02_dnn/03_reference_search/raw_outputs/18_beta_cell_90_dataset_30_reference/selected_references/cell_beta_0p33_p_0p00/dataset_062_seed_6229234/width_048/selected_ref_payloads/ref_000/theta.npy,02_dnn/03_reference_search/raw_outputs/18_beta_cell_90_dataset_30_reference/selected_references/cell_beta_0p33_p_0p00/dataset_062_seed_6229234/width_048/selected_refs.json
cell_beta_0p33_p_0p00,dataset_063_seed_6329234,48,0,29.83054385607863,0.002626659404064122,02_dnn/03_reference_search/raw_outputs/18_beta_cell_90_dataset_30_reference/selected_references/cell_beta_0p33_p_0p00/dataset_063_seed_6329234/width_048/selected_ref_payloads/ref_000/theta.npy,02_dnn/03_reference_search/raw_outputs/18_beta_cell_90_dataset_30_reference/selected_references/cell_beta_0p33_p_0p00/dataset_063_seed_6329234/width_048/selected_refs.json
cell_beta_0p33_p_0p00,dataset_064_seed_6429234,48,0,56.37628866293035,0.005288322783643732,02_dnn/03_reference_search/raw_outputs/18_beta_cell_90_dataset_30_reference/selected_references/cell_beta_0p33_p_0p00/dataset_064_seed_6429234/width_048/selected_ref_payloads/ref_000/theta.npy,02_dnn/03_reference_search/raw_outputs/18_beta_cell_90_dataset_30_reference/selected_references/cell_beta_0p33_p_0p00/dataset_064_seed_6429234/width_048/selected_refs.json
cell_beta_0p33_p_0p00,dataset_065_seed_6529234,48,0,75.94425917096812,0.00023661475848748127,02_dnn/03_reference_search/raw_outputs/18_beta_cell_90_dataset_30_reference/selected_references/cell_beta_0p33_p_0p00/dataset_065_seed_6529234/width_048/selected_ref_payloads/ref_000/theta.npy,02_dnn/03_reference_search/raw_outputs/18_beta_cell_90_dataset_30_reference/selected_references/cell_beta_0p33_p_0p00/dataset_065_seed_6529234/width_048/selected_refs.json
cell_beta_0p33_p_0p00,dataset_066_seed_6629234,48,0,53.89849830178619,0.0053382238163127,02_dnn/03_reference_search/raw_outputs/18_beta_cell_90_dataset_30_reference/selected_references/cell_beta_0p33_p_0p00/dataset_066_seed_6629234/width_048/selected_ref_payloads/ref_000/theta.npy,02_dnn/03_reference_search/raw_outputs/18_beta_cell_90_dataset_30_reference/selected_references/cell_beta_0p33_p_0p00/dataset_066_seed_6629234/width_048/selected_refs.json
cell_beta_0p33_p_0p00,dataset_067_seed_6729234,48,0,46.00615791821453,0.007469745556208884,02_dnn/03_reference_search/raw_outputs/18_beta_cell_90_dataset_30_reference/selected_references/cell_beta_0p33_p_0p00/dataset_067_seed_6729234/width_048/selected_ref_payloads/ref_000/theta.npy,02_dnn/03_reference_search/raw_outputs/18_beta_cell_90_dataset_30_reference/selected_references/cell_beta_0p33_p_0p00/dataset_067_seed_6729234/width_048/selected_refs.json
cell_beta_0p33_p_0p00,dataset_068_seed_6829234,48,0,56.61857151745619,0.006646868513782066,02_dnn/03_reference_search/raw_outputs/18_beta_cell_90_dataset_30_reference/selected_references/cell_beta_0p33_p_0p00/dataset_068_seed_6829234/width_048/selected_ref_payloads/ref_000/theta.npy,02_dnn/03_reference_search/raw_outputs/18_beta_cell_90_dataset_30_reference/selected_references/cell_beta_0p33_p_0p00/dataset_068_seed_6829234/width_048/selected_refs.json
cell_beta_0p33_p_0p00,dataset_069_seed_6929234,48,0,66.98371741052672,0.002540743297675608,02_dnn/03_reference_search/raw_outputs/18_beta_cell_90_dataset_30_reference/selected_references/cell_beta_0p33_p_0p00/dataset_069_seed_6929234/width_048/selected_ref_payloads/ref_000/theta.npy,02_dnn/03_reference_search/raw_outputs/18_beta_cell_90_dataset_30_reference/selected_references/cell_beta_0p33_p_0p00/dataset_069_seed_6929234/width_048/selected_refs.json
cell_beta_0p33_p_0p00,dataset_070_seed_7029234,48,0,55.87574308431772,6.492502189141028e-05,02_dnn/03_reference_search/raw_outputs/18_beta_cell_90_dataset_30_reference/selected_references/cell_beta_0p33_p_0p00/dataset_070_seed_7029234/width_048/selected_ref_payloads/ref_000/theta.npy,02_dnn/03_reference_search/raw_outputs/18_beta_cell_90_dataset_30_reference/selected_references/cell_beta_0p33_p_0p00/dataset_070_seed_7029234/width_048/selected_refs.json
cell_beta_0p33_p_0p00,dataset_071_seed_7129234,48,0,55.69351717767012,6.36605185276418e-05,02_dnn/03_reference_search/raw_outputs/18_beta_cell_90_dataset_30_reference/selected_references/cell_beta_0p33_p_0p00/dataset_071_seed_7129234/width_048/selected_ref_payloads/ref_000/theta.npy,02_dnn/03_reference_search/raw_outputs/18_beta_cell_90_dataset_30_reference/selected_references/cell_beta_0p33_p_0p00/dataset_071_seed_7129234/width_048/selected_refs.json
cell_beta_0p33_p_0p00,dataset_072_seed_7229234,48,0,72.50148956046777,0.0005559012617580198,02_dnn/03_reference_search/raw_outputs/18_beta_cell_90_dataset_30_reference/selected_references/cell_beta_0p33_p_0p00/dataset_072_seed_7229234/width_048/selected_ref_payloads/ref_000/theta.npy,02_dnn/03_reference_search/raw_outputs/18_beta_cell_90_dataset_30_reference/selected_references/cell_beta_0p33_p_0p00/dataset_072_seed_7229234/width_048/selected_refs.json
cell_beta_0p33_p_0p00,dataset_073_seed_7329234,48,0,58.73956578217635,0.001810230565079202,02_dnn/03_reference_search/raw_outputs/18_beta_cell_90_dataset_30_reference/selected_references/cell_beta_0p33_p_0p00/dataset_073_seed_7329234/width_048/selected_ref_payloads/ref_000/theta.npy,02_dnn/03_reference_search/raw_outputs/18_beta_cell_90_dataset_30_reference/selected_references/cell_beta_0p33_p_0p00/dataset_073_seed_7329234/width_048/selected_refs.json
cell_beta_0p33_p_0p00,dataset_074_seed_7429234,48,0,30.24562000170565,0.003748743588281642,02_dnn/03_reference_search/raw_outputs/18_beta_cell_90_dataset_30_reference/selected_references/cell_beta_0p33_p_0p00/dataset_074_seed_7429234/width_048/selected_ref_payloads/ref_000/theta.npy,02_dnn/03_reference_search/raw_outputs/18_beta_cell_90_dataset_30_reference/selected_references/cell_beta_0p33_p_0p00/dataset_074_seed_7429234/width_048/selected_refs.json
cell_beta_0p33_p_0p00,dataset_075_seed_7529234,48,0,68.70045318388793,0.00021420331492269116,02_dnn/03_reference_search/raw_outputs/18_beta_cell_90_dataset_30_reference/selected_references/cell_beta_0p33_p_0p00/dataset_075_seed_7529234/width_048/selected_ref_payloads/ref_000/theta.npy,02_dnn/03_reference_search/raw_outputs/18_beta_cell_90_dataset_30_reference/selected_references/cell_beta_0p33_p_0p00/dataset_075_seed_7529234/width_048/selected_refs.json
cell_beta_0p33_p_0p00,dataset_076_seed_7629234,48,0,56.46560270773689,8.994018540566572e-05,02_dnn/03_reference_search/raw_outputs/18_beta_cell_90_dataset_30_reference/selected_references/cell_beta_0p33_p_0p00/dataset_076_seed_7629234/width_048/selected_ref_payloads/ref_000/theta.npy,02_dnn/03_reference_search/raw_outputs/18_beta_cell_90_dataset_30_reference/selected_references/cell_beta_0p33_p_0p00/dataset_076_seed_7629234/width_048/selected_refs.json
cell_beta_0p33_p_0p00,dataset_077_seed_7729234,48,0,71.35433435741328,0.00011026461027008193,02_dnn/03_reference_search/raw_outputs/18_beta_cell_90_dataset_30_reference/selected_references/cell_beta_0p33_p_0p00/dataset_077_seed_7729234/width_048/selected_ref_payloads/ref_000/theta.npy,02_dnn/03_reference_search/raw_outputs/18_beta_cell_90_dataset_30_reference/selected_references/cell_beta_0p33_p_0p00/dataset_077_seed_7729234/width_048/selected_refs.json
cell_beta_0p33_p_0p00,dataset_078_seed_7829234,48,0,55.549614849525156,6.564710062790396e-05,02_dnn/03_reference_search/raw_outputs/18_beta_cell_90_dataset_30_reference/selected_references/cell_beta_0p33_p_0p00/dataset_078_seed_7829234/width_048/selected_ref_payloads/ref_000/theta.npy,02_dnn/03_reference_search/raw_outputs/18_beta_cell_90_dataset_30_reference/selected_references/cell_beta_0p33_p_0p00/dataset_078_seed_7829234/width_048/selected_refs.json
cell_beta_0p33_p_0p00,dataset_079_seed_7929234,48,0,58.04190599901448,0.0033055904603577586,02_dnn/03_reference_search/raw_outputs/18_beta_cell_90_dataset_30_reference/selected_references/cell_beta_0p33_p_0p00/dataset_079_seed_7929234/width_048/selected_ref_payloads/ref_000/theta.npy,02_dnn/03_reference_search/raw_outputs/18_beta_cell_90_dataset_30_reference/selected_references/cell_beta_0p33_p_0p00/dataset_079_seed_7929234/width_048/selected_refs.json
cell_beta_0p33_p_0p00,dataset_080_seed_8029234,48,0,63.9281323729996,0.004898320004521526,02_dnn/03_reference_search/raw_outputs/18_beta_cell_90_dataset_30_reference/selected_references/cell_beta_0p33_p_0p00/dataset_080_seed_8029234/width_048/selected_ref_payloads/ref_000/theta.npy,02_dnn/03_reference_search/raw_outputs/18_beta_cell_90_dataset_30_reference/selected_references/cell_beta_0p33_p_0p00/dataset_080_seed_8029234/width_048/selected_refs.json
cell_beta_0p33_p_0p00,dataset_081_seed_8129234,48,0,40.864787439791506,0.005183060479003244,02_dnn/03_reference_search/raw_outputs/18_beta_cell_90_dataset_30_reference/selected_references/cell_beta_0p33_p_0p00/dataset_081_seed_8129234/width_048/selected_ref_payloads/ref_000/theta.npy,02_dnn/03_reference_search/raw_outputs/18_beta_cell_90_dataset_30_reference/selected_references/cell_beta_0p33_p_0p00/dataset_081_seed_8129234/width_048/selected_refs.json
cell_beta_0p33_p_0p00,dataset_082_seed_8229234,48,0,69.55729945113788,0.00016737154463344813,02_dnn/03_reference_search/raw_outputs/18_beta_cell_90_dataset_30_reference/selected_references/cell_beta_0p33_p_0p00/dataset_082_seed_8229234/width_048/selected_ref_payloads/ref_000/theta.npy,02_dnn/03_reference_search/raw_outputs/18_beta_cell_90_dataset_30_reference/selected_references/cell_beta_0p33_p_0p00/dataset_082_seed_8229234/width_048/selected_refs.json
cell_beta_0p33_p_0p00,dataset_083_seed_8329234,48,0,57.5245087363311,6.913160607483131e-05,02_dnn/03_reference_search/raw_outputs/18_beta_cell_90_dataset_30_reference/selected_references/cell_beta_0p33_p_0p00/dataset_083_seed_8329234/width_048/selected_ref_payloads/ref_000/theta.npy,02_dnn/03_reference_search/raw_outputs/18_beta_cell_90_dataset_30_reference/selected_references/cell_beta_0p33_p_0p00/dataset_083_seed_8329234/width_048/selected_refs.json
cell_beta_0p33_p_0p00,dataset_084_seed_8429234,48,0,90.137300600187,0.00017652238549332303,02_dnn/03_reference_search/raw_outputs/18_beta_cell_90_dataset_30_reference/selected_references/cell_beta_0p33_p_0p00/dataset_084_seed_8429234/width_048/selected_ref_payloads/ref_000/theta.npy,02_dnn/03_reference_search/raw_outputs/18_beta_cell_90_dataset_30_reference/selected_references/cell_beta_0p33_p_0p00/dataset_084_seed_8429234/width_048/selected_refs.json
cell_beta_0p33_p_0p00,dataset_085_seed_8529234,48,0,51.64388346894118,0.0029312734397612446,02_dnn/03_reference_search/raw_outputs/18_beta_cell_90_dataset_30_reference/selected_references/cell_beta_0p33_p_0p00/dataset_085_seed_8529234/width_048/selected_ref_payloads/ref_000/theta.npy,02_dnn/03_reference_search/raw_outputs/18_beta_cell_90_dataset_30_reference/selected_references/cell_beta_0p33_p_0p00/dataset_085_seed_8529234/width_048/selected_refs.json
cell_beta_0p33_p_0p00,dataset_086_seed_8629234,48,0,72.9316367302643,0.0001929327697096129,02_dnn/03_reference_search/raw_outputs/18_beta_cell_90_dataset_30_reference/selected_references/cell_beta_0p33_p_0p00/dataset_086_seed_8629234/width_048/selected_ref_payloads/ref_000/theta.npy,02_dnn/03_reference_search/raw_outputs/18_beta_cell_90_dataset_30_reference/selected_references/cell_beta_0p33_p_0p00/dataset_086_seed_8629234/width_048/selected_refs.json
cell_beta_0p33_p_0p00,dataset_087_seed_8729234,48,0,32.97056547715574,0.0053110560300804474,02_dnn/03_reference_search/raw_outputs/18_beta_cell_90_dataset_30_reference/selected_references/cell_beta_0p33_p_0p00/dataset_087_seed_8729234/width_048/selected_ref_payloads/ref_000/theta.npy,02_dnn/03_reference_search/raw_outputs/18_beta_cell_90_dataset_30_reference/selected_references/cell_beta_0p33_p_0p00/dataset_087_seed_8729234/width_048/selected_refs.json
cell_beta_0p33_p_0p00,dataset_088_seed_8829234,48,0,96.56486154678367,0.0012925633427060892,02_dnn/03_reference_search/raw_outputs/18_beta_cell_90_dataset_30_reference/selected_references/cell_beta_0p33_p_0p00/dataset_088_seed_8829234/width_048/selected_ref_payloads/ref_000/theta.npy,02_dnn/03_reference_search/raw_outputs/18_beta_cell_90_dataset_30_reference/selected_references/cell_beta_0p33_p_0p00/dataset_088_seed_8829234/width_048/selected_refs.json
cell_beta_0p33_p_0p00,dataset_089_seed_8929234,48,0,48.80595096099386,0.0034129987491731185,02_dnn/03_reference_search/raw_outputs/18_beta_cell_90_dataset_30_reference/selected_references/cell_beta_0p33_p_0p00/dataset_089_seed_8929234/width_048/selected_ref_payloads/ref_000/theta.npy,02_dnn/03_reference_search/raw_outputs/18_beta_cell_90_dataset_30_reference/selected_references/cell_beta_0p33_p_0p00/dataset_089_seed_8929234/width_048/selected_refs.json
cell_beta_0p35_p_0p00,dataset_000_seed_031234,48,0,,,02_dnn/03_reference_search/raw_outputs/36_beta_cell_30_dataset_30_reference/selected_references/cell_beta_0p35_p_0p00/dataset_000_seed_031234/width_048/selected_ref_payloads/ref_000/theta.npy,02_dnn/03_reference_search/raw_outputs/18_beta_cell_90_dataset_30_reference/selected_references/cell_beta_0p35_p_0p00/dataset_000_seed_031234/width_048/selected_refs.json
cell_beta_0p35_p_0p00,dataset_001_seed_131234,48,0,,,02_dnn/03_reference_search/raw_outputs/36_beta_cell_30_dataset_30_reference/selected_references/cell_beta_0p35_p_0p00/dataset_001_seed_131234/width_048/selected_ref_payloads/ref_000/theta.npy,02_dnn/03_reference_search/raw_outputs/18_beta_cell_90_dataset_30_reference/selected_references/cell_beta_0p35_p_0p00/dataset_001_seed_131234/width_048/selected_refs.json
cell_beta_0p35_p_0p00,dataset_002_seed_231234,48,0,,,02_dnn/03_reference_search/raw_outputs/36_beta_cell_30_dataset_30_reference/selected_references/cell_beta_0p35_p_0p00/dataset_002_seed_231234/width_048/selected_ref_payloads/ref_000/theta.npy,02_dnn/03_reference_search/raw_outputs/18_beta_cell_90_dataset_30_reference/selected_references/cell_beta_0p35_p_0p00/dataset_002_seed_231234/width_048/selected_refs.json
cell_beta_0p35_p_0p00,dataset_003_seed_331234,48,0,,,02_dnn/03_reference_search/raw_outputs/36_beta_cell_30_dataset_30_reference/selected_references/cell_beta_0p35_p_0p00/dataset_003_seed_331234/width_048/selected_ref_payloads/ref_000/theta.npy,02_dnn/03_reference_search/raw_outputs/18_beta_cell_90_dataset_30_reference/selected_references/cell_beta_0p35_p_0p00/dataset_003_seed_331234/width_048/selected_refs.json
cell_beta_0p35_p_0p00,dataset_004_seed_431234,48,0,,,02_dnn/03_reference_search/raw_outputs/36_beta_cell_30_dataset_30_reference/selected_references/cell_beta_0p35_p_0p00/dataset_004_seed_431234/width_048/selected_ref_payloads/ref_000/theta.npy,02_dnn/03_reference_search/raw_outputs/18_beta_cell_90_dataset_30_reference/selected_references/cell_beta_0p35_p_0p00/dataset_004_seed_431234/width_048/selected_refs.json
cell_beta_0p35_p_0p00,dataset_005_seed_531234,48,0,,,02_dnn/03_reference_search/raw_outputs/36_beta_cell_30_dataset_30_reference/selected_references/cell_beta_0p35_p_0p00/dataset_005_seed_531234/width_048/selected_ref_payloads/ref_000/theta.npy,02_dnn/03_reference_search/raw_outputs/18_beta_cell_90_dataset_30_reference/selected_references/cell_beta_0p35_p_0p00/dataset_005_seed_531234/width_048/selected_refs.json
cell_beta_0p35_p_0p00,dataset_006_seed_631234,48,0,,,02_dnn/03_reference_search/raw_outputs/36_beta_cell_30_dataset_30_reference/selected_references/cell_beta_0p35_p_0p00/dataset_006_seed_631234/width_048/selected_ref_payloads/ref_000/theta.npy,02_dnn/03_reference_search/raw_outputs/18_beta_cell_90_dataset_30_reference/selected_references/cell_beta_0p35_p_0p00/dataset_006_seed_631234/width_048/selected_refs.json
cell_beta_0p35_p_0p00,dataset_007_seed_731234,48,0,,,02_dnn/03_reference_search/raw_outputs/36_beta_cell_30_dataset_30_reference/selected_references/cell_beta_0p35_p_0p00/dataset_007_seed_731234/width_048/selected_ref_payloads/ref_000/theta.npy,02_dnn/03_reference_search/raw_outputs/18_beta_cell_90_dataset_30_reference/selected_references/cell_beta_0p35_p_0p00/dataset_007_seed_731234/width_048/selected_refs.json
cell_beta_0p35_p_0p00,dataset_008_seed_831234,48,0,,,02_dnn/03_reference_search/raw_outputs/36_beta_cell_30_dataset_30_reference/selected_references/cell_beta_0p35_p_0p00/dataset_008_seed_831234/width_048/selected_ref_payloads/ref_000/theta.npy,02_dnn/03_reference_search/raw_outputs/18_beta_cell_90_dataset_30_reference/selected_references/cell_beta_0p35_p_0p00/dataset_008_seed_831234/width_048/selected_refs.json
cell_beta_0p35_p_0p00,dataset_009_seed_931234,48,0,,,02_dnn/03_reference_search/raw_outputs/36_beta_cell_30_dataset_30_reference/selected_references/cell_beta_0p35_p_0p00/dataset_009_seed_931234/width_048/selected_ref_payloads/ref_000/theta.npy,02_dnn/03_reference_search/raw_outputs/18_beta_cell_90_dataset_30_reference/selected_references/cell_beta_0p35_p_0p00/dataset_009_seed_931234/width_048/selected_refs.json
cell_beta_0p35_p_0p00,dataset_010_seed_1031234,48,0,,,02_dnn/03_reference_search/raw_outputs/36_beta_cell_30_dataset_30_reference/selected_references/cell_beta_0p35_p_0p00/dataset_010_seed_1031234/width_048/selected_ref_payloads/ref_000/theta.npy,02_dnn/03_reference_search/raw_outputs/18_beta_cell_90_dataset_30_reference/selected_references/cell_beta_0p35_p_0p00/dataset_010_seed_1031234/width_048/selected_refs.json
cell_beta_0p35_p_0p00,dataset_011_seed_1131234,48,0,,,02_dnn/03_reference_search/raw_outputs/36_beta_cell_30_dataset_30_reference/selected_references/cell_beta_0p35_p_0p00/dataset_011_seed_1131234/width_048/selected_ref_payloads/ref_000/theta.npy,02_dnn/03_reference_search/raw_outputs/18_beta_cell_90_dataset_30_reference/selected_references/cell_beta_0p35_p_0p00/dataset_011_seed_1131234/width_048/selected_refs.json
cell_beta_0p35_p_0p00,dataset_012_seed_1231234,48,0,,,02_dnn/03_reference_search/raw_outputs/36_beta_cell_30_dataset_30_reference/selected_references/cell_beta_0p35_p_0p00/dataset_012_seed_1231234/width_048/selected_ref_payloads/ref_000/theta.npy,02_dnn/03_reference_search/raw_outputs/18_beta_cell_90_dataset_30_reference/selected_references/cell_beta_0p35_p_0p00/dataset_012_seed_1231234/width_048/selected_refs.json
cell_beta_0p35_p_0p00,dataset_013_seed_1331234,48,0,,,02_dnn/03_reference_search/raw_outputs/36_beta_cell_30_dataset_30_reference/selected_references/cell_beta_0p35_p_0p00/dataset_013_seed_1331234/width_048/selected_ref_payloads/ref_000/theta.npy,02_dnn/03_reference_search/raw_outputs/18_beta_cell_90_dataset_30_reference/selected_references/cell_beta_0p35_p_0p00/dataset_013_seed_1331234/width_048/selected_refs.json
cell_beta_0p35_p_0p00,dataset_014_seed_1431234,48,0,,,02_dnn/03_reference_search/raw_outputs/36_beta_cell_30_dataset_30_reference/selected_references/cell_beta_0p35_p_0p00/dataset_014_seed_1431234/width_048/selected_ref_payloads/ref_000/theta.npy,02_dnn/03_reference_search/raw_outputs/18_beta_cell_90_dataset_30_reference/selected_references/cell_beta_0p35_p_0p00/dataset_014_seed_1431234/width_048/selected_refs.json
cell_beta_0p35_p_0p00,dataset_015_seed_1531234,48,0,,,02_dnn/03_reference_search/raw_outputs/36_beta_cell_30_dataset_30_reference/selected_references/cell_beta_0p35_p_0p00/dataset_015_seed_1531234/width_048/selected_ref_payloads/ref_000/theta.npy,02_dnn/03_reference_search/raw_outputs/18_beta_cell_90_dataset_30_reference/selected_references/cell_beta_0p35_p_0p00/dataset_015_seed_1531234/width_048/selected_refs.json
cell_beta_0p35_p_0p00,dataset_016_seed_1631234,48,0,,,02_dnn/03_reference_search/raw_outputs/36_beta_cell_30_dataset_30_reference/selected_references/cell_beta_0p35_p_0p00/dataset_016_seed_1631234/width_048/selected_ref_payloads/ref_000/theta.npy,02_dnn/03_reference_search/raw_outputs/18_beta_cell_90_dataset_30_reference/selected_references/cell_beta_0p35_p_0p00/dataset_016_seed_1631234/width_048/selected_refs.json
cell_beta_0p35_p_0p00,dataset_017_seed_1731234,48,0,,,02_dnn/03_reference_search/raw_outputs/36_beta_cell_30_dataset_30_reference/selected_references/cell_beta_0p35_p_0p00/dataset_017_seed_1731234/width_048/selected_ref_payloads/ref_000/theta.npy,02_dnn/03_reference_search/raw_outputs/18_beta_cell_90_dataset_30_reference/selected_references/cell_beta_0p35_p_0p00/dataset_017_seed_1731234/width_048/selected_refs.json
cell_beta_0p35_p_0p00,dataset_018_seed_1831234,48,0,,,02_dnn/03_reference_search/raw_outputs/36_beta_cell_30_dataset_30_reference/selected_references/cell_beta_0p35_p_0p00/dataset_018_seed_1831234/width_048/selected_ref_payloads/ref_000/theta.npy,02_dnn/03_reference_search/raw_outputs/18_beta_cell_90_dataset_30_reference/selected_references/cell_beta_0p35_p_0p00/dataset_018_seed_1831234/width_048/selected_refs.json
cell_beta_0p35_p_0p00,dataset_019_seed_1931234,48,0,,,02_dnn/03_reference_search/raw_outputs/36_beta_cell_30_dataset_30_reference/selected_references/cell_beta_0p35_p_0p00/dataset_019_seed_1931234/width_048/selected_ref_payloads/ref_000/theta.npy,02_dnn/03_reference_search/raw_outputs/18_beta_cell_90_dataset_30_reference/selected_references/cell_beta_0p35_p_0p00/dataset_019_seed_1931234/width_048/selected_refs.json
cell_beta_0p35_p_0p00,dataset_020_seed_2031234,48,0,,,02_dnn/03_reference_search/raw_outputs/36_beta_cell_30_dataset_30_reference/selected_references/cell_beta_0p35_p_0p00/dataset_020_seed_2031234/width_048/selected_ref_payloads/ref_000/theta.npy,02_dnn/03_reference_search/raw_outputs/18_beta_cell_90_dataset_30_reference/selected_references/cell_beta_0p35_p_0p00/dataset_020_seed_2031234/width_048/selected_refs.json
cell_beta_0p35_p_0p00,dataset_021_seed_2131234,48,0,,,02_dnn/03_reference_search/raw_outputs/36_beta_cell_30_dataset_30_reference/selected_references/cell_beta_0p35_p_0p00/dataset_021_seed_2131234/width_048/selected_ref_payloads/ref_000/theta.npy,02_dnn/03_reference_search/raw_outputs/18_beta_cell_90_dataset_30_reference/selected_references/cell_beta_0p35_p_0p00/dataset_021_seed_2131234/width_048/selected_refs.json
cell_beta_0p35_p_0p00,dataset_022_seed_2231234,48,0,,,02_dnn/03_reference_search/raw_outputs/36_beta_cell_30_dataset_30_reference/selected_references/cell_beta_0p35_p_0p00/dataset_022_seed_2231234/width_048/selected_ref_payloads/ref_000/theta.npy,02_dnn/03_reference_search/raw_outputs/18_beta_cell_90_dataset_30_reference/selected_references/cell_beta_0p35_p_0p00/dataset_022_seed_2231234/width_048/selected_refs.json
cell_beta_0p35_p_0p00,dataset_023_seed_2331234,48,0,,,02_dnn/03_reference_search/raw_outputs/36_beta_cell_30_dataset_30_reference/selected_references/cell_beta_0p35_p_0p00/dataset_023_seed_2331234/width_048/selected_ref_payloads/ref_000/theta.npy,02_dnn/03_reference_search/raw_outputs/18_beta_cell_90_dataset_30_reference/selected_references/cell_beta_0p35_p_0p00/dataset_023_seed_2331234/width_048/selected_refs.json
cell_beta_0p35_p_0p00,dataset_024_seed_2431234,48,0,,,02_dnn/03_reference_search/raw_outputs/36_beta_cell_30_dataset_30_reference/selected_references/cell_beta_0p35_p_0p00/dataset_024_seed_2431234/width_048/selected_ref_payloads/ref_000/theta.npy,02_dnn/03_reference_search/raw_outputs/18_beta_cell_90_dataset_30_reference/selected_references/cell_beta_0p35_p_0p00/dataset_024_seed_2431234/width_048/selected_refs.json
cell_beta_0p35_p_0p00,dataset_025_seed_2531234,48,0,,,02_dnn/03_reference_search/raw_outputs/36_beta_cell_30_dataset_30_reference/selected_references/cell_beta_0p35_p_0p00/dataset_025_seed_2531234/width_048/selected_ref_payloads/ref_000/theta.npy,02_dnn/03_reference_search/raw_outputs/18_beta_cell_90_dataset_30_reference/selected_references/cell_beta_0p35_p_0p00/dataset_025_seed_2531234/width_048/selected_refs.json
cell_beta_0p35_p_0p00,dataset_026_seed_2631234,48,0,,,02_dnn/03_reference_search/raw_outputs/36_beta_cell_30_dataset_30_reference/selected_references/cell_beta_0p35_p_0p00/dataset_026_seed_2631234/width_048/selected_ref_payloads/ref_000/theta.npy,02_dnn/03_reference_search/raw_outputs/18_beta_cell_90_dataset_30_reference/selected_references/cell_beta_0p35_p_0p00/dataset_026_seed_2631234/width_048/selected_refs.json
cell_beta_0p35_p_0p00,dataset_027_seed_2731234,48,0,,,02_dnn/03_reference_search/raw_outputs/36_beta_cell_30_dataset_30_reference/selected_references/cell_beta_0p35_p_0p00/dataset_027_seed_2731234/width_048/selected_ref_payloads/ref_000/theta.npy,02_dnn/03_reference_search/raw_outputs/18_beta_cell_90_dataset_30_reference/selected_references/cell_beta_0p35_p_0p00/dataset_027_seed_2731234/width_048/selected_refs.json
cell_beta_0p35_p_0p00,dataset_028_seed_2831234,48,0,,,02_dnn/03_reference_search/raw_outputs/36_beta_cell_30_dataset_30_reference/selected_references/cell_beta_0p35_p_0p00/dataset_028_seed_2831234/width_048/selected_ref_payloads/ref_000/theta.npy,02_dnn/03_reference_search/raw_outputs/18_beta_cell_90_dataset_30_reference/selected_references/cell_beta_0p35_p_0p00/dataset_028_seed_2831234/width_048/selected_refs.json
cell_beta_0p35_p_0p00,dataset_029_seed_2931234,48,0,,,02_dnn/03_reference_search/raw_outputs/36_beta_cell_30_dataset_30_reference/selected_references/cell_beta_0p35_p_0p00/dataset_029_seed_2931234/width_048/selected_ref_payloads/ref_000/theta.npy,02_dnn/03_reference_search/raw_outputs/18_beta_cell_90_dataset_30_reference/selected_references/cell_beta_0p35_p_0p00/dataset_029_seed_2931234/width_048/selected_refs.json
cell_beta_0p35_p_0p00,dataset_030_seed_3031234,48,0,58.398438456004925,0.0006128101053244429,02_dnn/03_reference_search/raw_outputs/18_beta_cell_60_dataset_30_reference/selected_references/cell_beta_0p35_p_0p00/dataset_030_seed_3031234/width_048/selected_ref_payloads/ref_000/theta.npy,02_dnn/03_reference_search/raw_outputs/18_beta_cell_90_dataset_30_reference/selected_references/cell_beta_0p35_p_0p00/dataset_030_seed_3031234/width_048/selected_refs.json
cell_beta_0p35_p_0p00,dataset_031_seed_3131234,48,0,83.26146360474105,0.00015096384148817398,02_dnn/03_reference_search/raw_outputs/18_beta_cell_60_dataset_30_reference/selected_references/cell_beta_0p35_p_0p00/dataset_031_seed_3131234/width_048/selected_ref_payloads/ref_000/theta.npy,02_dnn/03_reference_search/raw_outputs/18_beta_cell_90_dataset_30_reference/selected_references/cell_beta_0p35_p_0p00/dataset_031_seed_3131234/width_048/selected_refs.json
cell_beta_0p35_p_0p00,dataset_032_seed_3231234,48,0,57.86345829367206,0.002253612510306638,02_dnn/03_reference_search/raw_outputs/18_beta_cell_60_dataset_30_reference/selected_references/cell_beta_0p35_p_0p00/dataset_032_seed_3231234/width_048/selected_ref_payloads/ref_000/theta.npy,02_dnn/03_reference_search/raw_outputs/18_beta_cell_90_dataset_30_reference/selected_references/cell_beta_0p35_p_0p00/dataset_032_seed_3231234/width_048/selected_refs.json
cell_beta_0p35_p_0p00,dataset_033_seed_3331234,48,0,72.11863538842633,0.0004187870932362851,02_dnn/03_reference_search/raw_outputs/18_beta_cell_60_dataset_30_reference/selected_references/cell_beta_0p35_p_0p00/dataset_033_seed_3331234/width_048/selected_ref_payloads/ref_000/theta.npy,02_dnn/03_reference_search/raw_outputs/18_beta_cell_90_dataset_30_reference/selected_references/cell_beta_0p35_p_0p00/dataset_033_seed_3331234/width_048/selected_refs.json
cell_beta_0p35_p_0p00,dataset_034_seed_3431234,48,0,68.03863067330066,0.00040304772074562683,02_dnn/03_reference_search/raw_outputs/18_beta_cell_60_dataset_30_reference/selected_references/cell_beta_0p35_p_0p00/dataset_034_seed_3431234/width_048/selected_ref_payloads/ref_000/theta.npy,02_dnn/03_reference_search/raw_outputs/18_beta_cell_90_dataset_30_reference/selected_references/cell_beta_0p35_p_0p00/dataset_034_seed_3431234/width_048/selected_refs.json
cell_beta_0p35_p_0p00,dataset_035_seed_3531234,48,0,57.95166967733364,0.0027332471734636756,02_dnn/03_reference_search/raw_outputs/18_beta_cell_60_dataset_30_reference/selected_references/cell_beta_0p35_p_0p00/dataset_035_seed_3531234/width_048/selected_ref_payloads/ref_000/theta.npy,02_dnn/03_reference_search/raw_outputs/18_beta_cell_90_dataset_30_reference/selected_references/cell_beta_0p35_p_0p00/dataset_035_seed_3531234/width_048/selected_refs.json
cell_beta_0p35_p_0p00,dataset_036_seed_3631234,48,0,62.025370008103266,0.0020236775224286145,02_dnn/03_reference_search/raw_outputs/18_beta_cell_60_dataset_30_reference/selected_references/cell_beta_0p35_p_0p00/dataset_036_seed_3631234/width_048/selected_ref_payloads/ref_000/theta.npy,02_dnn/03_reference_search/raw_outputs/18_beta_cell_90_dataset_30_reference/selected_references/cell_beta_0p35_p_0p00/dataset_036_seed_3631234/width_048/selected_refs.json
cell_beta_0p35_p_0p00,dataset_037_seed_3731234,48,0,31.38615893795897,0.0066650757268085755,02_dnn/03_reference_search/raw_outputs/18_beta_cell_60_dataset_30_reference/selected_references/cell_beta_0p35_p_0p00/dataset_037_seed_3731234/width_048/selected_ref_payloads/ref_000/theta.npy,02_dnn/03_reference_search/raw_outputs/18_beta_cell_90_dataset_30_reference/selected_references/cell_beta_0p35_p_0p00/dataset_037_seed_3731234/width_048/selected_refs.json
cell_beta_0p35_p_0p00,dataset_038_seed_3831234,48,0,32.81981378046337,0.006442216460547026,02_dnn/03_reference_search/raw_outputs/18_beta_cell_60_dataset_30_reference/selected_references/cell_beta_0p35_p_0p00/dataset_038_seed_3831234/width_048/selected_ref_payloads/ref_000/theta.npy,02_dnn/03_reference_search/raw_outputs/18_beta_cell_90_dataset_30_reference/selected_references/cell_beta_0p35_p_0p00/dataset_038_seed_3831234/width_048/selected_refs.json
cell_beta_0p35_p_0p00,dataset_039_seed_3931234,48,0,51.96793746013054,0.002970656433114809,02_dnn/03_reference_search/raw_outputs/18_beta_cell_60_dataset_30_reference/selected_references/cell_beta_0p35_p_0p00/dataset_039_seed_3931234/width_048/selected_ref_payloads/ref_000/theta.npy,02_dnn/03_reference_search/raw_outputs/18_beta_cell_90_dataset_30_reference/selected_references/cell_beta_0p35_p_0p00/dataset_039_seed_3931234/width_048/selected_refs.json
cell_beta_0p35_p_0p00,dataset_040_seed_4031234,48,0,86.36595969873612,0.00016660549102774316,02_dnn/03_reference_search/raw_outputs/18_beta_cell_60_dataset_30_reference/selected_references/cell_beta_0p35_p_0p00/dataset_040_seed_4031234/width_048/selected_ref_payloads/ref_000/theta.npy,02_dnn/03_reference_search/raw_outputs/18_beta_cell_90_dataset_30_reference/selected_references/cell_beta_0p35_p_0p00/dataset_040_seed_4031234/width_048/selected_refs.json
cell_beta_0p35_p_0p00,dataset_041_seed_4131234,48,0,30.676161020058505,0.0034166521037444875,02_dnn/03_reference_search/raw_outputs/18_beta_cell_60_dataset_30_reference/selected_references/cell_beta_0p35_p_0p00/dataset_041_seed_4131234/width_048/selected_ref_payloads/ref_000/theta.npy,02_dnn/03_reference_search/raw_outputs/18_beta_cell_90_dataset_30_reference/selected_references/cell_beta_0p35_p_0p00/dataset_041_seed_4131234/width_048/selected_refs.json
cell_beta_0p35_p_0p00,dataset_042_seed_4231234,48,0,57.62894011809428,0.0030607660043156623,02_dnn/03_reference_search/raw_outputs/18_beta_cell_60_dataset_30_reference/selected_references/cell_beta_0p35_p_0p00/dataset_042_seed_4231234/width_048/selected_ref_payloads/ref_000/theta.npy,02_dnn/03_reference_search/raw_outputs/18_beta_cell_90_dataset_30_reference/selected_references/cell_beta_0p35_p_0p00/dataset_042_seed_4231234/width_048/selected_refs.json
cell_beta_0p35_p_0p00,dataset_043_seed_4331234,48,0,53.66827193120739,5.893880826190931e-05,02_dnn/03_reference_search/raw_outputs/18_beta_cell_60_dataset_30_reference/selected_references/cell_beta_0p35_p_0p00/dataset_043_seed_4331234/width_048/selected_ref_payloads/ref_000/theta.npy,02_dnn/03_reference_search/raw_outputs/18_beta_cell_90_dataset_30_reference/selected_references/cell_beta_0p35_p_0p00/dataset_043_seed_4331234/width_048/selected_refs.json
cell_beta_0p35_p_0p00,dataset_044_seed_4431234,48,0,48.33266138850512,0.006787066324843108,02_dnn/03_reference_search/raw_outputs/18_beta_cell_60_dataset_30_reference/selected_references/cell_beta_0p35_p_0p00/dataset_044_seed_4431234/width_048/selected_ref_payloads/ref_000/theta.npy,02_dnn/03_reference_search/raw_outputs/18_beta_cell_90_dataset_30_reference/selected_references/cell_beta_0p35_p_0p00/dataset_044_seed_4431234/width_048/selected_refs.json
cell_beta_0p35_p_0p00,dataset_045_seed_4531234,48,0,39.43200641992549,0.0036774211298643542,02_dnn/03_reference_search/raw_outputs/18_beta_cell_60_dataset_30_reference/selected_references/cell_beta_0p35_p_0p00/dataset_045_seed_4531234/width_048/selected_ref_payloads/ref_000/theta.npy,02_dnn/03_reference_search/raw_outputs/18_beta_cell_90_dataset_30_reference/selected_references/cell_beta_0p35_p_0p00/dataset_045_seed_4531234/width_048/selected_refs.json
cell_beta_0p35_p_0p00,dataset_046_seed_4631234,48,0,77.60969462017597,0.00012902520924767375,02_dnn/03_reference_search/raw_outputs/18_beta_cell_60_dataset_30_reference/selected_references/cell_beta_0p35_p_0p00/dataset_046_seed_4631234/width_048/selected_ref_payloads/ref_000/theta.npy,02_dnn/03_reference_search/raw_outputs/18_beta_cell_90_dataset_30_reference/selected_references/cell_beta_0p35_p_0p00/dataset_046_seed_4631234/width_048/selected_refs.json
cell_beta_0p35_p_0p00,dataset_047_seed_4731234,48,0,76.13594912214161,0.0001448848327351023,02_dnn/03_reference_search/raw_outputs/18_beta_cell_60_dataset_30_reference/selected_references/cell_beta_0p35_p_0p00/dataset_047_seed_4731234/width_048/selected_ref_payloads/ref_000/theta.npy,02_dnn/03_reference_search/raw_outputs/18_beta_cell_90_dataset_30_reference/selected_references/cell_beta_0p35_p_0p00/dataset_047_seed_4731234/width_048/selected_refs.json
cell_beta_0p35_p_0p00,dataset_048_seed_4831234,48,0,69.62861444183753,0.00010566800598682633,02_dnn/03_reference_search/raw_outputs/18_beta_cell_60_dataset_30_reference/selected_references/cell_beta_0p35_p_0p00/dataset_048_seed_4831234/width_048/selected_ref_payloads/ref_000/theta.npy,02_dnn/03_reference_search/raw_outputs/18_beta_cell_90_dataset_30_reference/selected_references/cell_beta_0p35_p_0p00/dataset_048_seed_4831234/width_048/selected_refs.json
cell_beta_0p35_p_0p00,dataset_049_seed_4931234,48,0,90.51303937414913,0.00041295234129561705,02_dnn/03_reference_search/raw_outputs/18_beta_cell_60_dataset_30_reference/selected_references/cell_beta_0p35_p_0p00/dataset_049_seed_4931234/width_048/selected_ref_payloads/ref_000/theta.npy,02_dnn/03_reference_search/raw_outputs/18_beta_cell_90_dataset_30_reference/selected_references/cell_beta_0p35_p_0p00/dataset_049_seed_4931234/width_048/selected_refs.json
cell_beta_0p35_p_0p00,dataset_050_seed_5031234,48,0,74.83220626630207,0.0002357829887486798,02_dnn/03_reference_search/raw_outputs/18_beta_cell_60_dataset_30_reference/selected_references/cell_beta_0p35_p_0p00/dataset_050_seed_5031234/width_048/selected_ref_payloads/ref_000/theta.npy,02_dnn/03_reference_search/raw_outputs/18_beta_cell_90_dataset_30_reference/selected_references/cell_beta_0p35_p_0p00/dataset_050_seed_5031234/width_048/selected_refs.json
cell_beta_0p35_p_0p00,dataset_051_seed_5131234,48,0,47.49780309189529,0.0062485428656891846,02_dnn/03_reference_search/raw_outputs/18_beta_cell_60_dataset_30_reference/selected_references/cell_beta_0p35_p_0p00/dataset_051_seed_5131234/width_048/selected_ref_payloads/ref_000/theta.npy,02_dnn/03_reference_search/raw_outputs/18_beta_cell_90_dataset_30_reference/selected_references/cell_beta_0p35_p_0p00/dataset_051_seed_5131234/width_048/selected_refs.json
cell_beta_0p35_p_0p00,dataset_052_seed_5231234,48,0,37.027508940719265,0.002853254704348979,02_dnn/03_reference_search/raw_outputs/18_beta_cell_60_dataset_30_reference/selected_references/cell_beta_0p35_p_0p00/dataset_052_seed_5231234/width_048/selected_ref_payloads/ref_000/theta.npy,02_dnn/03_reference_search/raw_outputs/18_beta_cell_90_dataset_30_reference/selected_references/cell_beta_0p35_p_0p00/dataset_052_seed_5231234/width_048/selected_refs.json
cell_beta_0p35_p_0p00,dataset_053_seed_5331234,48,0,42.117635058732304,3.644486540877999e-05,02_dnn/03_reference_search/raw_outputs/18_beta_cell_60_dataset_30_reference/selected_references/cell_beta_0p35_p_0p00/dataset_053_seed_5331234/width_048/selected_ref_payloads/ref_000/theta.npy,02_dnn/03_reference_search/raw_outputs/18_beta_cell_90_dataset_30_reference/selected_references/cell_beta_0p35_p_0p00/dataset_053_seed_5331234/width_048/selected_refs.json
cell_beta_0p35_p_0p00,dataset_054_seed_5431234,48,0,60.22352429678783,7.550156978774968e-05,02_dnn/03_reference_search/raw_outputs/18_beta_cell_60_dataset_30_reference/selected_references/cell_beta_0p35_p_0p00/dataset_054_seed_5431234/width_048/selected_ref_payloads/ref_000/theta.npy,02_dnn/03_reference_search/raw_outputs/18_beta_cell_90_dataset_30_reference/selected_references/cell_beta_0p35_p_0p00/dataset_054_seed_5431234/width_048/selected_refs.json
cell_beta_0p35_p_0p00,dataset_055_seed_5531234,48,0,39.389621424615484,0.0040205941874870655,02_dnn/03_reference_search/raw_outputs/18_beta_cell_60_dataset_30_reference/selected_references/cell_beta_0p35_p_0p00/dataset_055_seed_5531234/width_048/selected_ref_payloads/ref_000/theta.npy,02_dnn/03_reference_search/raw_outputs/18_beta_cell_90_dataset_30_reference/selected_references/cell_beta_0p35_p_0p00/dataset_055_seed_5531234/width_048/selected_refs.json
cell_beta_0p35_p_0p00,dataset_056_seed_5631234,48,0,51.38602995192481,0.0016880294351742527,02_dnn/03_reference_search/raw_outputs/18_beta_cell_60_dataset_30_reference/selected_references/cell_beta_0p35_p_0p00/dataset_056_seed_5631234/width_048/selected_ref_payloads/ref_000/theta.npy,02_dnn/03_reference_search/raw_outputs/18_beta_cell_90_dataset_30_reference/selected_references/cell_beta_0p35_p_0p00/dataset_056_seed_5631234/width_048/selected_refs.json
cell_beta_0p35_p_0p00,dataset_057_seed_5731234,48,0,46.95916161340086,0.004052955324493535,02_dnn/03_reference_search/raw_outputs/18_beta_cell_60_dataset_30_reference/selected_references/cell_beta_0p35_p_0p00/dataset_057_seed_5731234/width_048/selected_ref_payloads/ref_000/theta.npy,02_dnn/03_reference_search/raw_outputs/18_beta_cell_90_dataset_30_reference/selected_references/cell_beta_0p35_p_0p00/dataset_057_seed_5731234/width_048/selected_refs.json
cell_beta_0p35_p_0p00,dataset_058_seed_5831234,48,0,66.75438285096197,8.914349671255623e-05,02_dnn/03_reference_search/raw_outputs/18_beta_cell_60_dataset_30_reference/selected_references/cell_beta_0p35_p_0p00/dataset_058_seed_5831234/width_048/selected_ref_payloads/ref_000/theta.npy,02_dnn/03_reference_search/raw_outputs/18_beta_cell_90_dataset_30_reference/selected_references/cell_beta_0p35_p_0p00/dataset_058_seed_5831234/width_048/selected_refs.json
cell_beta_0p35_p_0p00,dataset_059_seed_5931234,48,0,37.44205279580885,0.007075773857201334,02_dnn/03_reference_search/raw_outputs/18_beta_cell_60_dataset_30_reference/selected_references/cell_beta_0p35_p_0p00/dataset_059_seed_5931234/width_048/selected_ref_payloads/ref_000/theta.npy,02_dnn/03_reference_search/raw_outputs/18_beta_cell_90_dataset_30_reference/selected_references/cell_beta_0p35_p_0p00/dataset_059_seed_5931234/width_048/selected_refs.json
cell_beta_0p35_p_0p00,dataset_060_seed_6031234,48,0,59.713655271574616,0.0034874290737435362,02_dnn/03_reference_search/raw_outputs/18_beta_cell_90_dataset_30_reference/selected_references/cell_beta_0p35_p_0p00/dataset_060_seed_6031234/width_048/selected_ref_payloads/ref_000/theta.npy,02_dnn/03_reference_search/raw_outputs/18_beta_cell_90_dataset_30_reference/selected_references/cell_beta_0p35_p_0p00/dataset_060_seed_6031234/width_048/selected_refs.json
cell_beta_0p35_p_0p00,dataset_061_seed_6131234,48,0,50.25661832568182,0.003112008723855479,02_dnn/03_reference_search/raw_outputs/18_beta_cell_90_dataset_30_reference/selected_references/cell_beta_0p35_p_0p00/dataset_061_seed_6131234/width_048/selected_ref_payloads/ref_000/theta.npy,02_dnn/03_reference_search/raw_outputs/18_beta_cell_90_dataset_30_reference/selected_references/cell_beta_0p35_p_0p00/dataset_061_seed_6131234/width_048/selected_refs.json
cell_beta_0p35_p_0p00,dataset_062_seed_6231234,48,0,60.307978013354386,7.7096015755807e-05,02_dnn/03_reference_search/raw_outputs/18_beta_cell_90_dataset_30_reference/selected_references/cell_beta_0p35_p_0p00/dataset_062_seed_6231234/width_048/selected_ref_payloads/ref_000/theta.npy,02_dnn/03_reference_search/raw_outputs/18_beta_cell_90_dataset_30_reference/selected_references/cell_beta_0p35_p_0p00/dataset_062_seed_6231234/width_048/selected_refs.json
cell_beta_0p35_p_0p00,dataset_063_seed_6331234,48,0,81.42445090732822,0.0002051999631057554,02_dnn/03_reference_search/raw_outputs/18_beta_cell_90_dataset_30_reference/selected_references/cell_beta_0p35_p_0p00/dataset_063_seed_6331234/width_048/selected_ref_payloads/ref_000/theta.npy,02_dnn/03_reference_search/raw_outputs/18_beta_cell_90_dataset_30_reference/selected_references/cell_beta_0p35_p_0p00/dataset_063_seed_6331234/width_048/selected_refs.json
cell_beta_0p35_p_0p00,dataset_064_seed_6431234,48,0,56.751923834587714,6.892394307893557e-05,02_dnn/03_reference_search/raw_outputs/18_beta_cell_90_dataset_30_reference/selected_references/cell_beta_0p35_p_0p00/dataset_064_seed_6431234/width_048/selected_ref_payloads/ref_000/theta.npy,02_dnn/03_reference_search/raw_outputs/18_beta_cell_90_dataset_30_reference/selected_references/cell_beta_0p35_p_0p00/dataset_064_seed_6431234/width_048/selected_refs.json
cell_beta_0p35_p_0p00,dataset_065_seed_6531234,48,0,51.36936774457861,5.4163491597037406e-05,02_dnn/03_reference_search/raw_outputs/18_beta_cell_90_dataset_30_reference/selected_references/cell_beta_0p35_p_0p00/dataset_065_seed_6531234/width_048/selected_ref_payloads/ref_000/theta.npy,02_dnn/03_reference_search/raw_outputs/18_beta_cell_90_dataset_30_reference/selected_references/cell_beta_0p35_p_0p00/dataset_065_seed_6531234/width_048/selected_refs.json
cell_beta_0p35_p_0p00,dataset_066_seed_6631234,48,0,74.46054304300367,0.00011654397126326792,02_dnn/03_reference_search/raw_outputs/18_beta_cell_90_dataset_30_reference/selected_references/cell_beta_0p35_p_0p00/dataset_066_seed_6631234/width_048/selected_ref_payloads/ref_000/theta.npy,02_dnn/03_reference_search/raw_outputs/18_beta_cell_90_dataset_30_reference/selected_references/cell_beta_0p35_p_0p00/dataset_066_seed_6631234/width_048/selected_refs.json
cell_beta_0p35_p_0p00,dataset_067_seed_6731234,48,0,43.12569018698595,0.002361838315190904,02_dnn/03_reference_search/raw_outputs/18_beta_cell_90_dataset_30_reference/selected_references/cell_beta_0p35_p_0p00/dataset_067_seed_6731234/width_048/selected_ref_payloads/ref_000/theta.npy,02_dnn/03_reference_search/raw_outputs/18_beta_cell_90_dataset_30_reference/selected_references/cell_beta_0p35_p_0p00/dataset_067_seed_6731234/width_048/selected_refs.json
cell_beta_0p35_p_0p00,dataset_068_seed_6831234,48,0,55.665092022093,0.00336991254805095,02_dnn/03_reference_search/raw_outputs/18_beta_cell_90_dataset_30_reference/selected_references/cell_beta_0p35_p_0p00/dataset_068_seed_6831234/width_048/selected_ref_payloads/ref_000/theta.npy,02_dnn/03_reference_search/raw_outputs/18_beta_cell_90_dataset_30_reference/selected_references/cell_beta_0p35_p_0p00/dataset_068_seed_6831234/width_048/selected_refs.json
cell_beta_0p35_p_0p00,dataset_069_seed_6931234,48,0,63.27269981390243,8.276892977152132e-05,02_dnn/03_reference_search/raw_outputs/18_beta_cell_90_dataset_30_reference/selected_references/cell_beta_0p35_p_0p00/dataset_069_seed_6931234/width_048/selected_ref_payloads/ref_000/theta.npy,02_dnn/03_reference_search/raw_outputs/18_beta_cell_90_dataset_30_reference/selected_references/cell_beta_0p35_p_0p00/dataset_069_seed_6931234/width_048/selected_refs.json
cell_beta_0p35_p_0p00,dataset_070_seed_7031234,48,0,77.11087869207726,0.000608146729337866,02_dnn/03_reference_search/raw_outputs/18_beta_cell_90_dataset_30_reference/selected_references/cell_beta_0p35_p_0p00/dataset_070_seed_7031234/width_048/selected_ref_payloads/ref_000/theta.npy,02_dnn/03_reference_search/raw_outputs/18_beta_cell_90_dataset_30_reference/selected_references/cell_beta_0p35_p_0p00/dataset_070_seed_7031234/width_048/selected_refs.json
cell_beta_0p35_p_0p00,dataset_071_seed_7131234,48,0,75.34470948620177,0.00011373122625629054,02_dnn/03_reference_search/raw_outputs/18_beta_cell_90_dataset_30_reference/selected_references/cell_beta_0p35_p_0p00/dataset_071_seed_7131234/width_048/selected_ref_payloads/ref_000/theta.npy,02_dnn/03_reference_search/raw_outputs/18_beta_cell_90_dataset_30_reference/selected_references/cell_beta_0p35_p_0p00/dataset_071_seed_7131234/width_048/selected_refs.json
cell_beta_0p35_p_0p00,dataset_072_seed_7231234,48,0,64.01891430262917,0.00014467869609302174,02_dnn/03_reference_search/raw_outputs/18_beta_cell_90_dataset_30_reference/selected_references/cell_beta_0p35_p_0p00/dataset_072_seed_7231234/width_048/selected_ref_payloads/ref_000/theta.npy,02_dnn/03_reference_search/raw_outputs/18_beta_cell_90_dataset_30_reference/selected_references/cell_beta_0p35_p_0p00/dataset_072_seed_7231234/width_048/selected_refs.json
cell_beta_0p35_p_0p00,dataset_073_seed_7331234,48,0,78.07478384771454,0.0030523444570303045,02_dnn/03_reference_search/raw_outputs/18_beta_cell_90_dataset_30_reference/selected_references/cell_beta_0p35_p_0p00/dataset_073_seed_7331234/width_048/selected_ref_payloads/ref_000/theta.npy,02_dnn/03_reference_search/raw_outputs/18_beta_cell_90_dataset_30_reference/selected_references/cell_beta_0p35_p_0p00/dataset_073_seed_7331234/width_048/selected_refs.json
cell_beta_0p35_p_0p00,dataset_074_seed_7431234,48,0,33.33456432608043,0.005989727984249367,02_dnn/03_reference_search/raw_outputs/18_beta_cell_90_dataset_30_reference/selected_references/cell_beta_0p35_p_0p00/dataset_074_seed_7431234/width_048/selected_ref_payloads/ref_000/theta.npy,02_dnn/03_reference_search/raw_outputs/18_beta_cell_90_dataset_30_reference/selected_references/cell_beta_0p35_p_0p00/dataset_074_seed_7431234/width_048/selected_refs.json
cell_beta_0p35_p_0p00,dataset_075_seed_7531234,48,0,29.499892828748337,0.009403513784189278,02_dnn/03_reference_search/raw_outputs/18_beta_cell_90_dataset_30_reference/selected_references/cell_beta_0p35_p_0p00/dataset_075_seed_7531234/width_048/selected_ref_payloads/ref_000/theta.npy,02_dnn/03_reference_search/raw_outputs/18_beta_cell_90_dataset_30_reference/selected_references/cell_beta_0p35_p_0p00/dataset_075_seed_7531234/width_048/selected_refs.json
cell_beta_0p35_p_0p00,dataset_076_seed_7631234,48,0,61.75738285852016,0.0003956816930722142,02_dnn/03_reference_search/raw_outputs/18_beta_cell_90_dataset_30_reference/selected_references/cell_beta_0p35_p_0p00/dataset_076_seed_7631234/width_048/selected_ref_payloads/ref_000/theta.npy,02_dnn/03_reference_search/raw_outputs/18_beta_cell_90_dataset_30_reference/selected_references/cell_beta_0p35_p_0p00/dataset_076_seed_7631234/width_048/selected_refs.json
cell_beta_0p35_p_0p00,dataset_077_seed_7731234,48,0,41.15462678698287,0.0034527279534431305,02_dnn/03_reference_search/raw_outputs/18_beta_cell_90_dataset_30_reference/selected_references/cell_beta_0p35_p_0p00/dataset_077_seed_7731234/width_048/selected_ref_payloads/ref_000/theta.npy,02_dnn/03_reference_search/raw_outputs/18_beta_cell_90_dataset_30_reference/selected_references/cell_beta_0p35_p_0p00/dataset_077_seed_7731234/width_048/selected_refs.json
cell_beta_0p35_p_0p00,dataset_078_seed_7831234,48,0,100.5270947756139,0.0004711668352442122,02_dnn/03_reference_search/raw_outputs/18_beta_cell_90_dataset_30_reference/selected_references/cell_beta_0p35_p_0p00/dataset_078_seed_7831234/width_048/selected_ref_payloads/ref_000/theta.npy,02_dnn/03_reference_search/raw_outputs/18_beta_cell_90_dataset_30_reference/selected_references/cell_beta_0p35_p_0p00/dataset_078_seed_7831234/width_048/selected_refs.json
cell_beta_0p35_p_0p00,dataset_079_seed_7931234,48,0,37.62187030222347,0.003457837134937996,02_dnn/03_reference_search/raw_outputs/18_beta_cell_90_dataset_30_reference/selected_references/cell_beta_0p35_p_0p00/dataset_079_seed_7931234/width_048/selected_ref_payloads/ref_000/theta.npy,02_dnn/03_reference_search/raw_outputs/18_beta_cell_90_dataset_30_reference/selected_references/cell_beta_0p35_p_0p00/dataset_079_seed_7931234/width_048/selected_refs.json
cell_beta_0p35_p_0p00,dataset_080_seed_8031234,48,0,49.992479939272044,0.003552012922776365,02_dnn/03_reference_search/raw_outputs/18_beta_cell_90_dataset_30_reference/selected_references/cell_beta_0p35_p_0p00/dataset_080_seed_8031234/width_048/selected_ref_payloads/ref_000/theta.npy,02_dnn/03_reference_search/raw_outputs/18_beta_cell_90_dataset_30_reference/selected_references/cell_beta_0p35_p_0p00/dataset_080_seed_8031234/width_048/selected_refs.json
cell_beta_0p35_p_0p00,dataset_081_seed_8131234,48,0,76.15621364854587,0.00012889337739294306,02_dnn/03_reference_search/raw_outputs/18_beta_cell_90_dataset_30_reference/selected_references/cell_beta_0p35_p_0p00/dataset_081_seed_8131234/width_048/selected_ref_payloads/ref_000/theta.npy,02_dnn/03_reference_search/raw_outputs/18_beta_cell_90_dataset_30_reference/selected_references/cell_beta_0p35_p_0p00/dataset_081_seed_8131234/width_048/selected_refs.json
cell_beta_0p35_p_0p00,dataset_082_seed_8231234,48,0,45.729474438440526,4.335108964116704e-05,02_dnn/03_reference_search/raw_outputs/18_beta_cell_90_dataset_30_reference/selected_references/cell_beta_0p35_p_0p00/dataset_082_seed_8231234/width_048/selected_ref_payloads/ref_000/theta.npy,02_dnn/03_reference_search/raw_outputs/18_beta_cell_90_dataset_30_reference/selected_references/cell_beta_0p35_p_0p00/dataset_082_seed_8231234/width_048/selected_refs.json
cell_beta_0p35_p_0p00,dataset_083_seed_8331234,48,0,76.11007578686471,0.00011540367396963423,02_dnn/03_reference_search/raw_outputs/18_beta_cell_90_dataset_30_reference/selected_references/cell_beta_0p35_p_0p00/dataset_083_seed_8331234/width_048/selected_ref_payloads/ref_000/theta.npy,02_dnn/03_reference_search/raw_outputs/18_beta_cell_90_dataset_30_reference/selected_references/cell_beta_0p35_p_0p00/dataset_083_seed_8331234/width_048/selected_refs.json
cell_beta_0p35_p_0p00,dataset_084_seed_8431234,48,0,78.30015988658829,0.00016138847775962667,02_dnn/03_reference_search/raw_outputs/18_beta_cell_90_dataset_30_reference/selected_references/cell_beta_0p35_p_0p00/dataset_084_seed_8431234/width_048/selected_ref_payloads/ref_000/theta.npy,02_dnn/03_reference_search/raw_outputs/18_beta_cell_90_dataset_30_reference/selected_references/cell_beta_0p35_p_0p00/dataset_084_seed_8431234/width_048/selected_refs.json
cell_beta_0p35_p_0p00,dataset_085_seed_8531234,48,0,49.819960338508416,5.0919231648539785e-05,02_dnn/03_reference_search/raw_outputs/18_beta_cell_90_dataset_30_reference/selected_references/cell_beta_0p35_p_0p00/dataset_085_seed_8531234/width_048/selected_ref_payloads/ref_000/theta.npy,02_dnn/03_reference_search/raw_outputs/18_beta_cell_90_dataset_30_reference/selected_references/cell_beta_0p35_p_0p00/dataset_085_seed_8531234/width_048/selected_refs.json
cell_beta_0p35_p_0p00,dataset_086_seed_8631234,48,0,70.336080561635,0.0003591293243196295,02_dnn/03_reference_search/raw_outputs/18_beta_cell_90_dataset_30_reference/selected_references/cell_beta_0p35_p_0p00/dataset_086_seed_8631234/width_048/selected_ref_payloads/ref_000/theta.npy,02_dnn/03_reference_search/raw_outputs/18_beta_cell_90_dataset_30_reference/selected_references/cell_beta_0p35_p_0p00/dataset_086_seed_8631234/width_048/selected_refs.json
cell_beta_0p35_p_0p00,dataset_087_seed_8731234,48,0,30.991025138792207,0.007808094022555292,02_dnn/03_reference_search/raw_outputs/18_beta_cell_90_dataset_30_reference/selected_references/cell_beta_0p35_p_0p00/dataset_087_seed_8731234/width_048/selected_ref_payloads/ref_000/theta.npy,02_dnn/03_reference_search/raw_outputs/18_beta_cell_90_dataset_30_reference/selected_references/cell_beta_0p35_p_0p00/dataset_087_seed_8731234/width_048/selected_refs.json
cell_beta_0p35_p_0p00,dataset_088_seed_8831234,48,0,31.22673106805231,0.008980118224781411,02_dnn/03_reference_search/raw_outputs/18_beta_cell_90_dataset_30_reference/selected_references/cell_beta_0p35_p_0p00/dataset_088_seed_8831234/width_048/selected_ref_payloads/ref_000/theta.npy,02_dnn/03_reference_search/raw_outputs/18_beta_cell_90_dataset_30_reference/selected_references/cell_beta_0p35_p_0p00/dataset_088_seed_8831234/width_048/selected_refs.json
cell_beta_0p35_p_0p00,dataset_089_seed_8931234,48,0,38.143102280655945,0.003333235607845218,02_dnn/03_reference_search/raw_outputs/18_beta_cell_90_dataset_30_reference/selected_references/cell_beta_0p35_p_0p00/dataset_089_seed_8931234/width_048/selected_ref_payloads/ref_000/theta.npy,02_dnn/03_reference_search/raw_outputs/18_beta_cell_90_dataset_30_reference/selected_references/cell_beta_0p35_p_0p00/dataset_089_seed_8931234/width_048/selected_refs.json
cell_beta_0p37_p_0p00,dataset_000_seed_033234,48,0,,,02_dnn/03_reference_search/raw_outputs/36_beta_cell_30_dataset_30_reference/selected_references/cell_beta_0p37_p_0p00/dataset_000_seed_033234/width_048/selected_ref_payloads/ref_000/theta.npy,02_dnn/03_reference_search/raw_outputs/18_beta_cell_90_dataset_30_reference/selected_references/cell_beta_0p37_p_0p00/dataset_000_seed_033234/width_048/selected_refs.json
cell_beta_0p37_p_0p00,dataset_001_seed_133234,48,0,,,02_dnn/03_reference_search/raw_outputs/36_beta_cell_30_dataset_30_reference/selected_references/cell_beta_0p37_p_0p00/dataset_001_seed_133234/width_048/selected_ref_payloads/ref_000/theta.npy,02_dnn/03_reference_search/raw_outputs/18_beta_cell_90_dataset_30_reference/selected_references/cell_beta_0p37_p_0p00/dataset_001_seed_133234/width_048/selected_refs.json
cell_beta_0p37_p_0p00,dataset_002_seed_233234,48,0,,,02_dnn/03_reference_search/raw_outputs/36_beta_cell_30_dataset_30_reference/selected_references/cell_beta_0p37_p_0p00/dataset_002_seed_233234/width_048/selected_ref_payloads/ref_000/theta.npy,02_dnn/03_reference_search/raw_outputs/18_beta_cell_90_dataset_30_reference/selected_references/cell_beta_0p37_p_0p00/dataset_002_seed_233234/width_048/selected_refs.json
cell_beta_0p37_p_0p00,dataset_003_seed_333234,48,0,,,02_dnn/03_reference_search/raw_outputs/36_beta_cell_30_dataset_30_reference/selected_references/cell_beta_0p37_p_0p00/dataset_003_seed_333234/width_048/selected_ref_payloads/ref_000/theta.npy,02_dnn/03_reference_search/raw_outputs/18_beta_cell_90_dataset_30_reference/selected_references/cell_beta_0p37_p_0p00/dataset_003_seed_333234/width_048/selected_refs.json
cell_beta_0p37_p_0p00,dataset_004_seed_433234,48,0,,,02_dnn/03_reference_search/raw_outputs/36_beta_cell_30_dataset_30_reference/selected_references/cell_beta_0p37_p_0p00/dataset_004_seed_433234/width_048/selected_ref_payloads/ref_000/theta.npy,02_dnn/03_reference_search/raw_outputs/18_beta_cell_90_dataset_30_reference/selected_references/cell_beta_0p37_p_0p00/dataset_004_seed_433234/width_048/selected_refs.json
cell_beta_0p37_p_0p00,dataset_005_seed_533234,48,0,,,02_dnn/03_reference_search/raw_outputs/36_beta_cell_30_dataset_30_reference/selected_references/cell_beta_0p37_p_0p00/dataset_005_seed_533234/width_048/selected_ref_payloads/ref_000/theta.npy,02_dnn/03_reference_search/raw_outputs/18_beta_cell_90_dataset_30_reference/selected_references/cell_beta_0p37_p_0p00/dataset_005_seed_533234/width_048/selected_refs.json
cell_beta_0p37_p_0p00,dataset_006_seed_633234,48,0,,,02_dnn/03_reference_search/raw_outputs/36_beta_cell_30_dataset_30_reference/selected_references/cell_beta_0p37_p_0p00/dataset_006_seed_633234/width_048/selected_ref_payloads/ref_000/theta.npy,02_dnn/03_reference_search/raw_outputs/18_beta_cell_90_dataset_30_reference/selected_references/cell_beta_0p37_p_0p00/dataset_006_seed_633234/width_048/selected_refs.json
cell_beta_0p37_p_0p00,dataset_007_seed_733234,48,0,,,02_dnn/03_reference_search/raw_outputs/36_beta_cell_30_dataset_30_reference/selected_references/cell_beta_0p37_p_0p00/dataset_007_seed_733234/width_048/selected_ref_payloads/ref_000/theta.npy,02_dnn/03_reference_search/raw_outputs/18_beta_cell_90_dataset_30_reference/selected_references/cell_beta_0p37_p_0p00/dataset_007_seed_733234/width_048/selected_refs.json
cell_beta_0p37_p_0p00,dataset_008_seed_833234,48,0,,,02_dnn/03_reference_search/raw_outputs/36_beta_cell_30_dataset_30_reference/selected_references/cell_beta_0p37_p_0p00/dataset_008_seed_833234/width_048/selected_ref_payloads/ref_000/theta.npy,02_dnn/03_reference_search/raw_outputs/18_beta_cell_90_dataset_30_reference/selected_references/cell_beta_0p37_p_0p00/dataset_008_seed_833234/width_048/selected_refs.json
cell_beta_0p37_p_0p00,dataset_009_seed_933234,48,0,,,02_dnn/03_reference_search/raw_outputs/36_beta_cell_30_dataset_30_reference/selected_references/cell_beta_0p37_p_0p00/dataset_009_seed_933234/width_048/selected_ref_payloads/ref_000/theta.npy,02_dnn/03_reference_search/raw_outputs/18_beta_cell_90_dataset_30_reference/selected_references/cell_beta_0p37_p_0p00/dataset_009_seed_933234/width_048/selected_refs.json
cell_beta_0p37_p_0p00,dataset_010_seed_1033234,48,0,,,02_dnn/03_reference_search/raw_outputs/36_beta_cell_30_dataset_30_reference/selected_references/cell_beta_0p37_p_0p00/dataset_010_seed_1033234/width_048/selected_ref_payloads/ref_000/theta.npy,02_dnn/03_reference_search/raw_outputs/18_beta_cell_90_dataset_30_reference/selected_references/cell_beta_0p37_p_0p00/dataset_010_seed_1033234/width_048/selected_refs.json
cell_beta_0p37_p_0p00,dataset_011_seed_1133234,48,0,,,02_dnn/03_reference_search/raw_outputs/36_beta_cell_30_dataset_30_reference/selected_references/cell_beta_0p37_p_0p00/dataset_011_seed_1133234/width_048/selected_ref_payloads/ref_000/theta.npy,02_dnn/03_reference_search/raw_outputs/18_beta_cell_90_dataset_30_reference/selected_references/cell_beta_0p37_p_0p00/dataset_011_seed_1133234/width_048/selected_refs.json
cell_beta_0p37_p_0p00,dataset_012_seed_1233234,48,0,,,02_dnn/03_reference_search/raw_outputs/36_beta_cell_30_dataset_30_reference/selected_references/cell_beta_0p37_p_0p00/dataset_012_seed_1233234/width_048/selected_ref_payloads/ref_000/theta.npy,02_dnn/03_reference_search/raw_outputs/18_beta_cell_90_dataset_30_reference/selected_references/cell_beta_0p37_p_0p00/dataset_012_seed_1233234/width_048/selected_refs.json
cell_beta_0p37_p_0p00,dataset_013_seed_1333234,48,0,,,02_dnn/03_reference_search/raw_outputs/36_beta_cell_30_dataset_30_reference/selected_references/cell_beta_0p37_p_0p00/dataset_013_seed_1333234/width_048/selected_ref_payloads/ref_000/theta.npy,02_dnn/03_reference_search/raw_outputs/18_beta_cell_90_dataset_30_reference/selected_references/cell_beta_0p37_p_0p00/dataset_013_seed_1333234/width_048/selected_refs.json
cell_beta_0p37_p_0p00,dataset_014_seed_1433234,48,0,,,02_dnn/03_reference_search/raw_outputs/36_beta_cell_30_dataset_30_reference/selected_references/cell_beta_0p37_p_0p00/dataset_014_seed_1433234/width_048/selected_ref_payloads/ref_000/theta.npy,02_dnn/03_reference_search/raw_outputs/18_beta_cell_90_dataset_30_reference/selected_references/cell_beta_0p37_p_0p00/dataset_014_seed_1433234/width_048/selected_refs.json
cell_beta_0p37_p_0p00,dataset_015_seed_1533234,48,0,,,02_dnn/03_reference_search/raw_outputs/36_beta_cell_30_dataset_30_reference/selected_references/cell_beta_0p37_p_0p00/dataset_015_seed_1533234/width_048/selected_ref_payloads/ref_000/theta.npy,02_dnn/03_reference_search/raw_outputs/18_beta_cell_90_dataset_30_reference/selected_references/cell_beta_0p37_p_0p00/dataset_015_seed_1533234/width_048/selected_refs.json
cell_beta_0p37_p_0p00,dataset_016_seed_1633234,48,0,,,02_dnn/03_reference_search/raw_outputs/36_beta_cell_30_dataset_30_reference/selected_references/cell_beta_0p37_p_0p00/dataset_016_seed_1633234/width_048/selected_ref_payloads/ref_000/theta.npy,02_dnn/03_reference_search/raw_outputs/18_beta_cell_90_dataset_30_reference/selected_references/cell_beta_0p37_p_0p00/dataset_016_seed_1633234/width_048/selected_refs.json
cell_beta_0p37_p_0p00,dataset_017_seed_1733234,48,0,,,02_dnn/03_reference_search/raw_outputs/36_beta_cell_30_dataset_30_reference/selected_references/cell_beta_0p37_p_0p00/dataset_017_seed_1733234/width_048/selected_ref_payloads/ref_000/theta.npy,02_dnn/03_reference_search/raw_outputs/18_beta_cell_90_dataset_30_reference/selected_references/cell_beta_0p37_p_0p00/dataset_017_seed_1733234/width_048/selected_refs.json
cell_beta_0p37_p_0p00,dataset_018_seed_1833234,48,0,,,02_dnn/03_reference_search/raw_outputs/36_beta_cell_30_dataset_30_reference/selected_references/cell_beta_0p37_p_0p00/dataset_018_seed_1833234/width_048/selected_ref_payloads/ref_000/theta.npy,02_dnn/03_reference_search/raw_outputs/18_beta_cell_90_dataset_30_reference/selected_references/cell_beta_0p37_p_0p00/dataset_018_seed_1833234/width_048/selected_refs.json
cell_beta_0p37_p_0p00,dataset_019_seed_1933234,48,0,,,02_dnn/03_reference_search/raw_outputs/36_beta_cell_30_dataset_30_reference/selected_references/cell_beta_0p37_p_0p00/dataset_019_seed_1933234/width_048/selected_ref_payloads/ref_000/theta.npy,02_dnn/03_reference_search/raw_outputs/18_beta_cell_90_dataset_30_reference/selected_references/cell_beta_0p37_p_0p00/dataset_019_seed_1933234/width_048/selected_refs.json
cell_beta_0p37_p_0p00,dataset_020_seed_2033234,48,0,,,02_dnn/03_reference_search/raw_outputs/36_beta_cell_30_dataset_30_reference/selected_references/cell_beta_0p37_p_0p00/dataset_020_seed_2033234/width_048/selected_ref_payloads/ref_000/theta.npy,02_dnn/03_reference_search/raw_outputs/18_beta_cell_90_dataset_30_reference/selected_references/cell_beta_0p37_p_0p00/dataset_020_seed_2033234/width_048/selected_refs.json
cell_beta_0p37_p_0p00,dataset_021_seed_2133234,48,0,,,02_dnn/03_reference_search/raw_outputs/36_beta_cell_30_dataset_30_reference/selected_references/cell_beta_0p37_p_0p00/dataset_021_seed_2133234/width_048/selected_ref_payloads/ref_000/theta.npy,02_dnn/03_reference_search/raw_outputs/18_beta_cell_90_dataset_30_reference/selected_references/cell_beta_0p37_p_0p00/dataset_021_seed_2133234/width_048/selected_refs.json
cell_beta_0p37_p_0p00,dataset_022_seed_2233234,48,0,,,02_dnn/03_reference_search/raw_outputs/36_beta_cell_30_dataset_30_reference/selected_references/cell_beta_0p37_p_0p00/dataset_022_seed_2233234/width_048/selected_ref_payloads/ref_000/theta.npy,02_dnn/03_reference_search/raw_outputs/18_beta_cell_90_dataset_30_reference/selected_references/cell_beta_0p37_p_0p00/dataset_022_seed_2233234/width_048/selected_refs.json
cell_beta_0p37_p_0p00,dataset_023_seed_2333234,48,0,,,02_dnn/03_reference_search/raw_outputs/36_beta_cell_30_dataset_30_reference/selected_references/cell_beta_0p37_p_0p00/dataset_023_seed_2333234/width_048/selected_ref_payloads/ref_000/theta.npy,02_dnn/03_reference_search/raw_outputs/18_beta_cell_90_dataset_30_reference/selected_references/cell_beta_0p37_p_0p00/dataset_023_seed_2333234/width_048/selected_refs.json
cell_beta_0p37_p_0p00,dataset_024_seed_2433234,48,0,,,02_dnn/03_reference_search/raw_outputs/36_beta_cell_30_dataset_30_reference/selected_references/cell_beta_0p37_p_0p00/dataset_024_seed_2433234/width_048/selected_ref_payloads/ref_000/theta.npy,02_dnn/03_reference_search/raw_outputs/18_beta_cell_90_dataset_30_reference/selected_references/cell_beta_0p37_p_0p00/dataset_024_seed_2433234/width_048/selected_refs.json
cell_beta_0p37_p_0p00,dataset_025_seed_2533234,48,0,,,02_dnn/03_reference_search/raw_outputs/36_beta_cell_30_dataset_30_reference/selected_references/cell_beta_0p37_p_0p00/dataset_025_seed_2533234/width_048/selected_ref_payloads/ref_000/theta.npy,02_dnn/03_reference_search/raw_outputs/18_beta_cell_90_dataset_30_reference/selected_references/cell_beta_0p37_p_0p00/dataset_025_seed_2533234/width_048/selected_refs.json
cell_beta_0p37_p_0p00,dataset_026_seed_2633234,48,0,,,02_dnn/03_reference_search/raw_outputs/36_beta_cell_30_dataset_30_reference/selected_references/cell_beta_0p37_p_0p00/dataset_026_seed_2633234/width_048/selected_ref_payloads/ref_000/theta.npy,02_dnn/03_reference_search/raw_outputs/18_beta_cell_90_dataset_30_reference/selected_references/cell_beta_0p37_p_0p00/dataset_026_seed_2633234/width_048/selected_refs.json
cell_beta_0p37_p_0p00,dataset_027_seed_2733234,48,0,,,02_dnn/03_reference_search/raw_outputs/36_beta_cell_30_dataset_30_reference/selected_references/cell_beta_0p37_p_0p00/dataset_027_seed_2733234/width_048/selected_ref_payloads/ref_000/theta.npy,02_dnn/03_reference_search/raw_outputs/18_beta_cell_90_dataset_30_reference/selected_references/cell_beta_0p37_p_0p00/dataset_027_seed_2733234/width_048/selected_refs.json
cell_beta_0p37_p_0p00,dataset_028_seed_2833234,48,0,,,02_dnn/03_reference_search/raw_outputs/36_beta_cell_30_dataset_30_reference/selected_references/cell_beta_0p37_p_0p00/dataset_028_seed_2833234/width_048/selected_ref_payloads/ref_000/theta.npy,02_dnn/03_reference_search/raw_outputs/18_beta_cell_90_dataset_30_reference/selected_references/cell_beta_0p37_p_0p00/dataset_028_seed_2833234/width_048/selected_refs.json
cell_beta_0p37_p_0p00,dataset_029_seed_2933234,48,0,,,02_dnn/03_reference_search/raw_outputs/36_beta_cell_30_dataset_30_reference/selected_references/cell_beta_0p37_p_0p00/dataset_029_seed_2933234/width_048/selected_ref_payloads/ref_000/theta.npy,02_dnn/03_reference_search/raw_outputs/18_beta_cell_90_dataset_30_reference/selected_references/cell_beta_0p37_p_0p00/dataset_029_seed_2933234/width_048/selected_refs.json
cell_beta_0p37_p_0p00,dataset_030_seed_3033234,48,0,40.46774434541886,0.0022130342675009008,02_dnn/03_reference_search/raw_outputs/18_beta_cell_60_dataset_30_reference/selected_references/cell_beta_0p37_p_0p00/dataset_030_seed_3033234/width_048/selected_ref_payloads/ref_000/theta.npy,02_dnn/03_reference_search/raw_outputs/18_beta_cell_90_dataset_30_reference/selected_references/cell_beta_0p37_p_0p00/dataset_030_seed_3033234/width_048/selected_refs.json
cell_beta_0p37_p_0p00,dataset_031_seed_3133234,48,0,49.70031387484687,5.179958139899883e-05,02_dnn/03_reference_search/raw_outputs/18_beta_cell_60_dataset_30_reference/selected_references/cell_beta_0p37_p_0p00/dataset_031_seed_3133234/width_048/selected_ref_payloads/ref_000/theta.npy,02_dnn/03_reference_search/raw_outputs/18_beta_cell_90_dataset_30_reference/selected_references/cell_beta_0p37_p_0p00/dataset_031_seed_3133234/width_048/selected_refs.json
cell_beta_0p37_p_0p00,dataset_032_seed_3233234,48,0,46.57354466573601,0.0030441991513387805,02_dnn/03_reference_search/raw_outputs/18_beta_cell_60_dataset_30_reference/selected_references/cell_beta_0p37_p_0p00/dataset_032_seed_3233234/width_048/selected_ref_payloads/ref_000/theta.npy,02_dnn/03_reference_search/raw_outputs/18_beta_cell_90_dataset_30_reference/selected_references/cell_beta_0p37_p_0p00/dataset_032_seed_3233234/width_048/selected_refs.json
cell_beta_0p37_p_0p00,dataset_033_seed_3333234,48,0,52.183219947263346,5.649346565739111e-05,02_dnn/03_reference_search/raw_outputs/18_beta_cell_60_dataset_30_reference/selected_references/cell_beta_0p37_p_0p00/dataset_033_seed_3333234/width_048/selected_ref_payloads/ref_000/theta.npy,02_dnn/03_reference_search/raw_outputs/18_beta_cell_90_dataset_30_reference/selected_references/cell_beta_0p37_p_0p00/dataset_033_seed_3333234/width_048/selected_refs.json
cell_beta_0p37_p_0p00,dataset_034_seed_3433234,48,0,49.457736530063904,0.005103395644451296,02_dnn/03_reference_search/raw_outputs/18_beta_cell_60_dataset_30_reference/selected_references/cell_beta_0p37_p_0p00/dataset_034_seed_3433234/width_048/selected_ref_payloads/ref_000/theta.npy,02_dnn/03_reference_search/raw_outputs/18_beta_cell_90_dataset_30_reference/selected_references/cell_beta_0p37_p_0p00/dataset_034_seed_3433234/width_048/selected_refs.json
cell_beta_0p37_p_0p00,dataset_035_seed_3533234,48,0,57.48615722199972,0.0022466564802735667,02_dnn/03_reference_search/raw_outputs/18_beta_cell_60_dataset_30_reference/selected_references/cell_beta_0p37_p_0p00/dataset_035_seed_3533234/width_048/selected_ref_payloads/ref_000/theta.npy,02_dnn/03_reference_search/raw_outputs/18_beta_cell_90_dataset_30_reference/selected_references/cell_beta_0p37_p_0p00/dataset_035_seed_3533234/width_048/selected_refs.json
cell_beta_0p37_p_0p00,dataset_036_seed_3633234,48,0,37.0167570239529,0.003786831061800058,02_dnn/03_reference_search/raw_outputs/18_beta_cell_60_dataset_30_reference/selected_references/cell_beta_0p37_p_0p00/dataset_036_seed_3633234/width_048/selected_ref_payloads/ref_000/theta.npy,02_dnn/03_reference_search/raw_outputs/18_beta_cell_90_dataset_30_reference/selected_references/cell_beta_0p37_p_0p00/dataset_036_seed_3633234/width_048/selected_refs.json
cell_beta_0p37_p_0p00,dataset_037_seed_3733234,48,0,62.06132809994711,8.348034612167802e-05,02_dnn/03_reference_search/raw_outputs/18_beta_cell_60_dataset_30_reference/selected_references/cell_beta_0p37_p_0p00/dataset_037_seed_3733234/width_048/selected_ref_payloads/ref_000/theta.npy,02_dnn/03_reference_search/raw_outputs/18_beta_cell_90_dataset_30_reference/selected_references/cell_beta_0p37_p_0p00/dataset_037_seed_3733234/width_048/selected_refs.json
cell_beta_0p37_p_0p00,dataset_038_seed_3833234,48,0,63.70982906565745,8.877600721323057e-05,02_dnn/03_reference_search/raw_outputs/18_beta_cell_60_dataset_30_reference/selected_references/cell_beta_0p37_p_0p00/dataset_038_seed_3833234/width_048/selected_ref_payloads/ref_000/theta.npy,02_dnn/03_reference_search/raw_outputs/18_beta_cell_90_dataset_30_reference/selected_references/cell_beta_0p37_p_0p00/dataset_038_seed_3833234/width_048/selected_refs.json
cell_beta_0p37_p_0p00,dataset_039_seed_3933234,48,0,65.58137767451578,8.98817962507818e-05,02_dnn/03_reference_search/raw_outputs/18_beta_cell_60_dataset_30_reference/selected_references/cell_beta_0p37_p_0p00/dataset_039_seed_3933234/width_048/selected_ref_payloads/ref_000/theta.npy,02_dnn/03_reference_search/raw_outputs/18_beta_cell_90_dataset_30_reference/selected_references/cell_beta_0p37_p_0p00/dataset_039_seed_3933234/width_048/selected_refs.json
cell_beta_0p37_p_0p00,dataset_040_seed_4033234,48,0,66.0268070926231,0.002923901726083091,02_dnn/03_reference_search/raw_outputs/18_beta_cell_60_dataset_30_reference/selected_references/cell_beta_0p37_p_0p00/dataset_040_seed_4033234/width_048/selected_ref_payloads/ref_000/theta.npy,02_dnn/03_reference_search/raw_outputs/18_beta_cell_90_dataset_30_reference/selected_references/cell_beta_0p37_p_0p00/dataset_040_seed_4033234/width_048/selected_refs.json
cell_beta_0p37_p_0p00,dataset_041_seed_4133234,48,0,65.26352063453027,0.003627434637925675,02_dnn/03_reference_search/raw_outputs/18_beta_cell_60_dataset_30_reference/selected_references/cell_beta_0p37_p_0p00/dataset_041_seed_4133234/width_048/selected_ref_payloads/ref_000/theta.npy,02_dnn/03_reference_search/raw_outputs/18_beta_cell_90_dataset_30_reference/selected_references/cell_beta_0p37_p_0p00/dataset_041_seed_4133234/width_048/selected_refs.json
cell_beta_0p37_p_0p00,dataset_042_seed_4233234,48,0,47.848928567940916,0.0030945798224182313,02_dnn/03_reference_search/raw_outputs/18_beta_cell_60_dataset_30_reference/selected_references/cell_beta_0p37_p_0p00/dataset_042_seed_4233234/width_048/selected_ref_payloads/ref_000/theta.npy,02_dnn/03_reference_search/raw_outputs/18_beta_cell_90_dataset_30_reference/selected_references/cell_beta_0p37_p_0p00/dataset_042_seed_4233234/width_048/selected_refs.json
cell_beta_0p37_p_0p00,dataset_043_seed_4333234,48,0,130.02704775253653,0.0009935862976971272,02_dnn/03_reference_search/raw_outputs/18_beta_cell_60_dataset_30_reference/selected_references/cell_beta_0p37_p_0p00/dataset_043_seed_4333234/width_048/selected_ref_payloads/ref_000/theta.npy,02_dnn/03_reference_search/raw_outputs/18_beta_cell_90_dataset_30_reference/selected_references/cell_beta_0p37_p_0p00/dataset_043_seed_4333234/width_048/selected_refs.json
cell_beta_0p37_p_0p00,dataset_044_seed_4433234,48,0,28.42181083112265,0.008725593105121743,02_dnn/03_reference_search/raw_outputs/18_beta_cell_60_dataset_30_reference/selected_references/cell_beta_0p37_p_0p00/dataset_044_seed_4433234/width_048/selected_ref_payloads/ref_000/theta.npy,02_dnn/03_reference_search/raw_outputs/18_beta_cell_90_dataset_30_reference/selected_references/cell_beta_0p37_p_0p00/dataset_044_seed_4433234/width_048/selected_refs.json
cell_beta_0p37_p_0p00,dataset_045_seed_4533234,48,0,57.15719101248635,6.734870713624632e-05,02_dnn/03_reference_search/raw_outputs/18_beta_cell_60_dataset_30_reference/selected_references/cell_beta_0p37_p_0p00/dataset_045_seed_4533234/width_048/selected_ref_payloads/ref_000/theta.npy,02_dnn/03_reference_search/raw_outputs/18_beta_cell_90_dataset_30_reference/selected_references/cell_beta_0p37_p_0p00/dataset_045_seed_4533234/width_048/selected_refs.json
cell_beta_0p37_p_0p00,dataset_046_seed_4633234,48,0,86.06228797818848,0.0008508181048840534,02_dnn/03_reference_search/raw_outputs/18_beta_cell_60_dataset_30_reference/selected_references/cell_beta_0p37_p_0p00/dataset_046_seed_4633234/width_048/selected_ref_payloads/ref_000/theta.npy,02_dnn/03_reference_search/raw_outputs/18_beta_cell_90_dataset_30_reference/selected_references/cell_beta_0p37_p_0p00/dataset_046_seed_4633234/width_048/selected_refs.json
cell_beta_0p37_p_0p00,dataset_047_seed_4733234,48,0,56.106438469887735,0.004667986151831647,02_dnn/03_reference_search/raw_outputs/18_beta_cell_60_dataset_30_reference/selected_references/cell_beta_0p37_p_0p00/dataset_047_seed_4733234/width_048/selected_ref_payloads/ref_000/theta.npy,02_dnn/03_reference_search/raw_outputs/18_beta_cell_90_dataset_30_reference/selected_references/cell_beta_0p37_p_0p00/dataset_047_seed_4733234/width_048/selected_refs.json
cell_beta_0p37_p_0p00,dataset_048_seed_4833234,48,0,70.25173155804552,9.812921829627069e-05,02_dnn/03_reference_search/raw_outputs/18_beta_cell_60_dataset_30_reference/selected_references/cell_beta_0p37_p_0p00/dataset_048_seed_4833234/width_048/selected_ref_payloads/ref_000/theta.npy,02_dnn/03_reference_search/raw_outputs/18_beta_cell_90_dataset_30_reference/selected_references/cell_beta_0p37_p_0p00/dataset_048_seed_4833234/width_048/selected_refs.json
cell_beta_0p37_p_0p00,dataset_049_seed_4933234,48,0,49.252427561820234,0.004776140434943887,02_dnn/03_reference_search/raw_outputs/18_beta_cell_60_dataset_30_reference/selected_references/cell_beta_0p37_p_0p00/dataset_049_seed_4933234/width_048/selected_ref_payloads/ref_000/theta.npy,02_dnn/03_reference_search/raw_outputs/18_beta_cell_90_dataset_30_reference/selected_references/cell_beta_0p37_p_0p00/dataset_049_seed_4933234/width_048/selected_refs.json
cell_beta_0p37_p_0p00,dataset_050_seed_5033234,48,0,46.41267449308251,0.0029977775595201673,02_dnn/03_reference_search/raw_outputs/18_beta_cell_60_dataset_30_reference/selected_references/cell_beta_0p37_p_0p00/dataset_050_seed_5033234/width_048/selected_ref_payloads/ref_000/theta.npy,02_dnn/03_reference_search/raw_outputs/18_beta_cell_90_dataset_30_reference/selected_references/cell_beta_0p37_p_0p00/dataset_050_seed_5033234/width_048/selected_refs.json
cell_beta_0p37_p_0p00,dataset_051_seed_5133234,48,0,67.23615344602024,0.0026576433040491837,02_dnn/03_reference_search/raw_outputs/18_beta_cell_60_dataset_30_reference/selected_references/cell_beta_0p37_p_0p00/dataset_051_seed_5133234/width_048/selected_ref_payloads/ref_000/theta.npy,02_dnn/03_reference_search/raw_outputs/18_beta_cell_90_dataset_30_reference/selected_references/cell_beta_0p37_p_0p00/dataset_051_seed_5133234/width_048/selected_refs.json
cell_beta_0p37_p_0p00,dataset_052_seed_5233234,48,0,35.740238050283416,0.0035475583981443228,02_dnn/03_reference_search/raw_outputs/18_beta_cell_60_dataset_30_reference/selected_references/cell_beta_0p37_p_0p00/dataset_052_seed_5233234/width_048/selected_ref_payloads/ref_000/theta.npy,02_dnn/03_reference_search/raw_outputs/18_beta_cell_90_dataset_30_reference/selected_references/cell_beta_0p37_p_0p00/dataset_052_seed_5233234/width_048/selected_refs.json
cell_beta_0p37_p_0p00,dataset_053_seed_5333234,48,0,42.53364552822858,0.00303356659799246,02_dnn/03_reference_search/raw_outputs/18_beta_cell_60_dataset_30_reference/selected_references/cell_beta_0p37_p_0p00/dataset_053_seed_5333234/width_048/selected_ref_payloads/ref_000/theta.npy,02_dnn/03_reference_search/raw_outputs/18_beta_cell_90_dataset_30_reference/selected_references/cell_beta_0p37_p_0p00/dataset_053_seed_5333234/width_048/selected_refs.json
cell_beta_0p37_p_0p00,dataset_054_seed_5433234,48,0,41.96144349281234,0.0038045188960187507,02_dnn/03_reference_search/raw_outputs/18_beta_cell_60_dataset_30_reference/selected_references/cell_beta_0p37_p_0p00/dataset_054_seed_5433234/width_048/selected_ref_payloads/ref_000/theta.npy,02_dnn/03_reference_search/raw_outputs/18_beta_cell_90_dataset_30_reference/selected_references/cell_beta_0p37_p_0p00/dataset_054_seed_5433234/width_048/selected_refs.json
cell_beta_0p37_p_0p00,dataset_055_seed_5533234,48,0,46.97072987191299,0.004110758698562028,02_dnn/03_reference_search/raw_outputs/18_beta_cell_60_dataset_30_reference/selected_references/cell_beta_0p37_p_0p00/dataset_055_seed_5533234/width_048/selected_ref_payloads/ref_000/theta.npy,02_dnn/03_reference_search/raw_outputs/18_beta_cell_90_dataset_30_reference/selected_references/cell_beta_0p37_p_0p00/dataset_055_seed_5533234/width_048/selected_refs.json
cell_beta_0p37_p_0p00,dataset_056_seed_5633234,48,0,49.96739630763329,0.00563075557642183,02_dnn/03_reference_search/raw_outputs/18_beta_cell_60_dataset_30_reference/selected_references/cell_beta_0p37_p_0p00/dataset_056_seed_5633234/width_048/selected_ref_payloads/ref_000/theta.npy,02_dnn/03_reference_search/raw_outputs/18_beta_cell_90_dataset_30_reference/selected_references/cell_beta_0p37_p_0p00/dataset_056_seed_5633234/width_048/selected_refs.json
cell_beta_0p37_p_0p00,dataset_057_seed_5733234,48,0,55.49908830621293,0.00251536594520926,02_dnn/03_reference_search/raw_outputs/18_beta_cell_60_dataset_30_reference/selected_references/cell_beta_0p37_p_0p00/dataset_057_seed_5733234/width_048/selected_ref_payloads/ref_000/theta.npy,02_dnn/03_reference_search/raw_outputs/18_beta_cell_90_dataset_30_reference/selected_references/cell_beta_0p37_p_0p00/dataset_057_seed_5733234/width_048/selected_refs.json
cell_beta_0p37_p_0p00,dataset_058_seed_5833234,48,0,31.890615235083978,0.006160596273064025,02_dnn/03_reference_search/raw_outputs/18_beta_cell_60_dataset_30_reference/selected_references/cell_beta_0p37_p_0p00/dataset_058_seed_5833234/width_048/selected_ref_payloads/ref_000/theta.npy,02_dnn/03_reference_search/raw_outputs/18_beta_cell_90_dataset_30_reference/selected_references/cell_beta_0p37_p_0p00/dataset_058_seed_5833234/width_048/selected_refs.json
cell_beta_0p37_p_0p00,dataset_059_seed_5933234,48,0,55.23955870466723,6.343052123085657e-05,02_dnn/03_reference_search/raw_outputs/18_beta_cell_60_dataset_30_reference/selected_references/cell_beta_0p37_p_0p00/dataset_059_seed_5933234/width_048/selected_ref_payloads/ref_000/theta.npy,02_dnn/03_reference_search/raw_outputs/18_beta_cell_90_dataset_30_reference/selected_references/cell_beta_0p37_p_0p00/dataset_059_seed_5933234/width_048/selected_refs.json
cell_beta_0p37_p_0p00,dataset_060_seed_6033234,48,0,29.10357949712248,0.006539658843631299,02_dnn/03_reference_search/raw_outputs/18_beta_cell_90_dataset_30_reference/selected_references/cell_beta_0p37_p_0p00/dataset_060_seed_6033234/width_048/selected_ref_payloads/ref_000/theta.npy,02_dnn/03_reference_search/raw_outputs/18_beta_cell_90_dataset_30_reference/selected_references/cell_beta_0p37_p_0p00/dataset_060_seed_6033234/width_048/selected_refs.json
cell_beta_0p37_p_0p00,dataset_061_seed_6133234,48,0,64.8635214450284,8.871766090318133e-05,02_dnn/03_reference_search/raw_outputs/18_beta_cell_90_dataset_30_reference/selected_references/cell_beta_0p37_p_0p00/dataset_061_seed_6133234/width_048/selected_ref_payloads/ref_000/theta.npy,02_dnn/03_reference_search/raw_outputs/18_beta_cell_90_dataset_30_reference/selected_references/cell_beta_0p37_p_0p00/dataset_061_seed_6133234/width_048/selected_refs.json
cell_beta_0p37_p_0p00,dataset_062_seed_6233234,48,0,37.542042617076156,0.004929877433282616,02_dnn/03_reference_search/raw_outputs/18_beta_cell_90_dataset_30_reference/selected_references/cell_beta_0p37_p_0p00/dataset_062_seed_6233234/width_048/selected_ref_payloads/ref_000/theta.npy,02_dnn/03_reference_search/raw_outputs/18_beta_cell_90_dataset_30_reference/selected_references/cell_beta_0p37_p_0p00/dataset_062_seed_6233234/width_048/selected_refs.json
cell_beta_0p37_p_0p00,dataset_063_seed_6333234,48,0,42.86255996369746,0.002668680277588515,02_dnn/03_reference_search/raw_outputs/18_beta_cell_90_dataset_30_reference/selected_references/cell_beta_0p37_p_0p00/dataset_063_seed_6333234/width_048/selected_ref_payloads/ref_000/theta.npy,02_dnn/03_reference_search/raw_outputs/18_beta_cell_90_dataset_30_reference/selected_references/cell_beta_0p37_p_0p00/dataset_063_seed_6333234/width_048/selected_refs.json
cell_beta_0p37_p_0p00,dataset_064_seed_6433234,48,0,61.401193231715105,0.00011219053833020739,02_dnn/03_reference_search/raw_outputs/18_beta_cell_90_dataset_30_reference/selected_references/cell_beta_0p37_p_0p00/dataset_064_seed_6433234/width_048/selected_ref_payloads/ref_000/theta.npy,02_dnn/03_reference_search/raw_outputs/18_beta_cell_90_dataset_30_reference/selected_references/cell_beta_0p37_p_0p00/dataset_064_seed_6433234/width_048/selected_refs.json
cell_beta_0p37_p_0p00,dataset_065_seed_6533234,48,0,55.753181626828535,0.00011477713847112986,02_dnn/03_reference_search/raw_outputs/18_beta_cell_90_dataset_30_reference/selected_references/cell_beta_0p37_p_0p00/dataset_065_seed_6533234/width_048/selected_ref_payloads/ref_000/theta.npy,02_dnn/03_reference_search/raw_outputs/18_beta_cell_90_dataset_30_reference/selected_references/cell_beta_0p37_p_0p00/dataset_065_seed_6533234/width_048/selected_refs.json
cell_beta_0p37_p_0p00,dataset_066_seed_6633234,48,0,68.04467940327109,0.0002442476276182315,02_dnn/03_reference_search/raw_outputs/18_beta_cell_90_dataset_30_reference/selected_references/cell_beta_0p37_p_0p00/dataset_066_seed_6633234/width_048/selected_ref_payloads/ref_000/theta.npy,02_dnn/03_reference_search/raw_outputs/18_beta_cell_90_dataset_30_reference/selected_references/cell_beta_0p37_p_0p00/dataset_066_seed_6633234/width_048/selected_refs.json
cell_beta_0p37_p_0p00,dataset_067_seed_6733234,48,0,65.19589252869329,9.302758386541706e-05,02_dnn/03_reference_search/raw_outputs/18_beta_cell_90_dataset_30_reference/selected_references/cell_beta_0p37_p_0p00/dataset_067_seed_6733234/width_048/selected_ref_payloads/ref_000/theta.npy,02_dnn/03_reference_search/raw_outputs/18_beta_cell_90_dataset_30_reference/selected_references/cell_beta_0p37_p_0p00/dataset_067_seed_6733234/width_048/selected_refs.json
cell_beta_0p37_p_0p00,dataset_068_seed_6833234,48,0,49.86526441405136,0.0022510717426537457,02_dnn/03_reference_search/raw_outputs/18_beta_cell_90_dataset_30_reference/selected_references/cell_beta_0p37_p_0p00/dataset_068_seed_6833234/width_048/selected_ref_payloads/ref_000/theta.npy,02_dnn/03_reference_search/raw_outputs/18_beta_cell_90_dataset_30_reference/selected_references/cell_beta_0p37_p_0p00/dataset_068_seed_6833234/width_048/selected_refs.json
cell_beta_0p37_p_0p00,dataset_069_seed_6933234,48,0,41.2333250110982,0.007379312124869857,02_dnn/03_reference_search/raw_outputs/18_beta_cell_90_dataset_30_reference/selected_references/cell_beta_0p37_p_0p00/dataset_069_seed_6933234/width_048/selected_ref_payloads/ref_000/theta.npy,02_dnn/03_reference_search/raw_outputs/18_beta_cell_90_dataset_30_reference/selected_references/cell_beta_0p37_p_0p00/dataset_069_seed_6933234/width_048/selected_refs.json
cell_beta_0p37_p_0p00,dataset_070_seed_7033234,48,0,71.10959842256734,0.00015265230365378812,02_dnn/03_reference_search/raw_outputs/18_beta_cell_90_dataset_30_reference/selected_references/cell_beta_0p37_p_0p00/dataset_070_seed_7033234/width_048/selected_ref_payloads/ref_000/theta.npy,02_dnn/03_reference_search/raw_outputs/18_beta_cell_90_dataset_30_reference/selected_references/cell_beta_0p37_p_0p00/dataset_070_seed_7033234/width_048/selected_refs.json
cell_beta_0p37_p_0p00,dataset_071_seed_7133234,48,0,73.57714134479149,0.0005265833013904573,02_dnn/03_reference_search/raw_outputs/18_beta_cell_90_dataset_30_reference/selected_references/cell_beta_0p37_p_0p00/dataset_071_seed_7133234/width_048/selected_ref_payloads/ref_000/theta.npy,02_dnn/03_reference_search/raw_outputs/18_beta_cell_90_dataset_30_reference/selected_references/cell_beta_0p37_p_0p00/dataset_071_seed_7133234/width_048/selected_refs.json
cell_beta_0p37_p_0p00,dataset_072_seed_7233234,48,0,38.24627738592265,0.00391442441099154,02_dnn/03_reference_search/raw_outputs/18_beta_cell_90_dataset_30_reference/selected_references/cell_beta_0p37_p_0p00/dataset_072_seed_7233234/width_048/selected_ref_payloads/ref_000/theta.npy,02_dnn/03_reference_search/raw_outputs/18_beta_cell_90_dataset_30_reference/selected_references/cell_beta_0p37_p_0p00/dataset_072_seed_7233234/width_048/selected_refs.json
cell_beta_0p37_p_0p00,dataset_073_seed_7333234,48,0,95.37872578750654,0.001028358834797394,02_dnn/03_reference_search/raw_outputs/18_beta_cell_90_dataset_30_reference/selected_references/cell_beta_0p37_p_0p00/dataset_073_seed_7333234/width_048/selected_ref_payloads/ref_000/theta.npy,02_dnn/03_reference_search/raw_outputs/18_beta_cell_90_dataset_30_reference/selected_references/cell_beta_0p37_p_0p00/dataset_073_seed_7333234/width_048/selected_refs.json
cell_beta_0p37_p_0p00,dataset_074_seed_7433234,48,0,99.93044846490032,0.000966876824172136,02_dnn/03_reference_search/raw_outputs/18_beta_cell_90_dataset_30_reference/selected_references/cell_beta_0p37_p_0p00/dataset_074_seed_7433234/width_048/selected_ref_payloads/ref_000/theta.npy,02_dnn/03_reference_search/raw_outputs/18_beta_cell_90_dataset_30_reference/selected_references/cell_beta_0p37_p_0p00/dataset_074_seed_7433234/width_048/selected_refs.json
cell_beta_0p37_p_0p00,dataset_075_seed_7533234,48,0,31.789041970136463,0.008805078486389199,02_dnn/03_reference_search/raw_outputs/18_beta_cell_90_dataset_30_reference/selected_references/cell_beta_0p37_p_0p00/dataset_075_seed_7533234/width_048/selected_ref_payloads/ref_000/theta.npy,02_dnn/03_reference_search/raw_outputs/18_beta_cell_90_dataset_30_reference/selected_references/cell_beta_0p37_p_0p00/dataset_075_seed_7533234/width_048/selected_refs.json
cell_beta_0p37_p_0p00,dataset_076_seed_7633234,48,0,57.257116567839375,6.55387405534814e-05,02_dnn/03_reference_search/raw_outputs/18_beta_cell_90_dataset_30_reference/selected_references/cell_beta_0p37_p_0p00/dataset_076_seed_7633234/width_048/selected_ref_payloads/ref_000/theta.npy,02_dnn/03_reference_search/raw_outputs/18_beta_cell_90_dataset_30_reference/selected_references/cell_beta_0p37_p_0p00/dataset_076_seed_7633234/width_048/selected_refs.json
cell_beta_0p37_p_0p00,dataset_077_seed_7733234,48,0,55.571642187747614,6.475402228575734e-05,02_dnn/03_reference_search/raw_outputs/18_beta_cell_90_dataset_30_reference/selected_references/cell_beta_0p37_p_0p00/dataset_077_seed_7733234/width_048/selected_ref_payloads/ref_000/theta.npy,02_dnn/03_reference_search/raw_outputs/18_beta_cell_90_dataset_30_reference/selected_references/cell_beta_0p37_p_0p00/dataset_077_seed_7733234/width_048/selected_refs.json
cell_beta_0p37_p_0p00,dataset_078_seed_7833234,48,0,65.77103119696744,0.0001590009245110983,02_dnn/03_reference_search/raw_outputs/18_beta_cell_90_dataset_30_reference/selected_references/cell_beta_0p37_p_0p00/dataset_078_seed_7833234/width_048/selected_ref_payloads/ref_000/theta.npy,02_dnn/03_reference_search/raw_outputs/18_beta_cell_90_dataset_30_reference/selected_references/cell_beta_0p37_p_0p00/dataset_078_seed_7833234/width_048/selected_refs.json
cell_beta_0p37_p_0p00,dataset_079_seed_7933234,48,0,46.6879036395526,4.496408366613229e-05,02_dnn/03_reference_search/raw_outputs/18_beta_cell_90_dataset_30_reference/selected_references/cell_beta_0p37_p_0p00/dataset_079_seed_7933234/width_048/selected_ref_payloads/ref_000/theta.npy,02_dnn/03_reference_search/raw_outputs/18_beta_cell_90_dataset_30_reference/selected_references/cell_beta_0p37_p_0p00/dataset_079_seed_7933234/width_048/selected_refs.json
cell_beta_0p37_p_0p00,dataset_080_seed_8033234,48,0,82.53681689886622,0.00017280213756606488,02_dnn/03_reference_search/raw_outputs/18_beta_cell_90_dataset_30_reference/selected_references/cell_beta_0p37_p_0p00/dataset_080_seed_8033234/width_048/selected_ref_payloads/ref_000/theta.npy,02_dnn/03_reference_search/raw_outputs/18_beta_cell_90_dataset_30_reference/selected_references/cell_beta_0p37_p_0p00/dataset_080_seed_8033234/width_048/selected_refs.json
cell_beta_0p37_p_0p00,dataset_081_seed_8133234,48,0,48.308411194829155,4.837383844495533e-05,02_dnn/03_reference_search/raw_outputs/18_beta_cell_90_dataset_30_reference/selected_references/cell_beta_0p37_p_0p00/dataset_081_seed_8133234/width_048/selected_ref_payloads/ref_000/theta.npy,02_dnn/03_reference_search/raw_outputs/18_beta_cell_90_dataset_30_reference/selected_references/cell_beta_0p37_p_0p00/dataset_081_seed_8133234/width_048/selected_refs.json
cell_beta_0p37_p_0p00,dataset_082_seed_8233234,48,0,51.120962928676434,0.001772841396105764,02_dnn/03_reference_search/raw_outputs/18_beta_cell_90_dataset_30_reference/selected_references/cell_beta_0p37_p_0p00/dataset_082_seed_8233234/width_048/selected_ref_payloads/ref_000/theta.npy,02_dnn/03_reference_search/raw_outputs/18_beta_cell_90_dataset_30_reference/selected_references/cell_beta_0p37_p_0p00/dataset_082_seed_8233234/width_048/selected_refs.json
cell_beta_0p37_p_0p00,dataset_083_seed_8333234,48,0,69.45400277788228,0.0001207460356727297,02_dnn/03_reference_search/raw_outputs/18_beta_cell_90_dataset_30_reference/selected_references/cell_beta_0p37_p_0p00/dataset_083_seed_8333234/width_048/selected_ref_payloads/ref_000/theta.npy,02_dnn/03_reference_search/raw_outputs/18_beta_cell_90_dataset_30_reference/selected_references/cell_beta_0p37_p_0p00/dataset_083_seed_8333234/width_048/selected_refs.json
cell_beta_0p37_p_0p00,dataset_084_seed_8433234,48,0,47.36146205532457,4.713320790518385e-05,02_dnn/03_reference_search/raw_outputs/18_beta_cell_90_dataset_30_reference/selected_references/cell_beta_0p37_p_0p00/dataset_084_seed_8433234/width_048/selected_ref_payloads/ref_000/theta.npy,02_dnn/03_reference_search/raw_outputs/18_beta_cell_90_dataset_30_reference/selected_references/cell_beta_0p37_p_0p00/dataset_084_seed_8433234/width_048/selected_refs.json
cell_beta_0p37_p_0p00,dataset_085_seed_8533234,48,0,64.25583516126379,0.0034482358441436166,02_dnn/03_reference_search/raw_outputs/18_beta_cell_90_dataset_30_reference/selected_references/cell_beta_0p37_p_0p00/dataset_085_seed_8533234/width_048/selected_ref_payloads/ref_000/theta.npy,02_dnn/03_reference_search/raw_outputs/18_beta_cell_90_dataset_30_reference/selected_references/cell_beta_0p37_p_0p00/dataset_085_seed_8533234/width_048/selected_refs.json
cell_beta_0p37_p_0p00,dataset_086_seed_8633234,48,0,55.280506731921,0.002626149065107622,02_dnn/03_reference_search/raw_outputs/18_beta_cell_90_dataset_30_reference/selected_references/cell_beta_0p37_p_0p00/dataset_086_seed_8633234/width_048/selected_ref_payloads/ref_000/theta.npy,02_dnn/03_reference_search/raw_outputs/18_beta_cell_90_dataset_30_reference/selected_references/cell_beta_0p37_p_0p00/dataset_086_seed_8633234/width_048/selected_refs.json
cell_beta_0p37_p_0p00,dataset_087_seed_8733234,48,0,26.864391999080084,0.006899086142279973,02_dnn/03_reference_search/raw_outputs/18_beta_cell_90_dataset_30_reference/selected_references/cell_beta_0p37_p_0p00/dataset_087_seed_8733234/width_048/selected_ref_payloads/ref_000/theta.npy,02_dnn/03_reference_search/raw_outputs/18_beta_cell_90_dataset_30_reference/selected_references/cell_beta_0p37_p_0p00/dataset_087_seed_8733234/width_048/selected_refs.json
cell_beta_0p37_p_0p00,dataset_088_seed_8833234,48,0,48.45487768265341,0.005903554634126555,02_dnn/03_reference_search/raw_outputs/18_beta_cell_90_dataset_30_reference/selected_references/cell_beta_0p37_p_0p00/dataset_088_seed_8833234/width_048/selected_ref_payloads/ref_000/theta.npy,02_dnn/03_reference_search/raw_outputs/18_beta_cell_90_dataset_30_reference/selected_references/cell_beta_0p37_p_0p00/dataset_088_seed_8833234/width_048/selected_refs.json
cell_beta_0p37_p_0p00,dataset_089_seed_8933234,48,0,33.201401825179495,0.00398099136016761,02_dnn/03_reference_search/raw_outputs/18_beta_cell_90_dataset_30_reference/selected_references/cell_beta_0p37_p_0p00/dataset_089_seed_8933234/width_048/selected_ref_payloads/ref_000/theta.npy,02_dnn/03_reference_search/raw_outputs/18_beta_cell_90_dataset_30_reference/selected_references/cell_beta_0p37_p_0p00/dataset_089_seed_8933234/width_048/selected_refs.json
cell_beta_0p39_p_0p00,dataset_000_seed_035234,48,0,,,02_dnn/03_reference_search/raw_outputs/36_beta_cell_30_dataset_30_reference/selected_references/cell_beta_0p39_p_0p00/dataset_000_seed_035234/width_048/selected_ref_payloads/ref_000/theta.npy,02_dnn/03_reference_search/raw_outputs/18_beta_cell_90_dataset_30_reference/selected_references/cell_beta_0p39_p_0p00/dataset_000_seed_035234/width_048/selected_refs.json
cell_beta_0p39_p_0p00,dataset_001_seed_135234,48,0,,,02_dnn/03_reference_search/raw_outputs/36_beta_cell_30_dataset_30_reference/selected_references/cell_beta_0p39_p_0p00/dataset_001_seed_135234/width_048/selected_ref_payloads/ref_000/theta.npy,02_dnn/03_reference_search/raw_outputs/18_beta_cell_90_dataset_30_reference/selected_references/cell_beta_0p39_p_0p00/dataset_001_seed_135234/width_048/selected_refs.json
cell_beta_0p39_p_0p00,dataset_002_seed_235234,48,0,,,02_dnn/03_reference_search/raw_outputs/36_beta_cell_30_dataset_30_reference/selected_references/cell_beta_0p39_p_0p00/dataset_002_seed_235234/width_048/selected_ref_payloads/ref_000/theta.npy,02_dnn/03_reference_search/raw_outputs/18_beta_cell_90_dataset_30_reference/selected_references/cell_beta_0p39_p_0p00/dataset_002_seed_235234/width_048/selected_refs.json
cell_beta_0p39_p_0p00,dataset_003_seed_335234,48,0,,,02_dnn/03_reference_search/raw_outputs/36_beta_cell_30_dataset_30_reference/selected_references/cell_beta_0p39_p_0p00/dataset_003_seed_335234/width_048/selected_ref_payloads/ref_000/theta.npy,02_dnn/03_reference_search/raw_outputs/18_beta_cell_90_dataset_30_reference/selected_references/cell_beta_0p39_p_0p00/dataset_003_seed_335234/width_048/selected_refs.json
cell_beta_0p39_p_0p00,dataset_004_seed_435234,48,0,,,02_dnn/03_reference_search/raw_outputs/36_beta_cell_30_dataset_30_reference/selected_references/cell_beta_0p39_p_0p00/dataset_004_seed_435234/width_048/selected_ref_payloads/ref_000/theta.npy,02_dnn/03_reference_search/raw_outputs/18_beta_cell_90_dataset_30_reference/selected_references/cell_beta_0p39_p_0p00/dataset_004_seed_435234/width_048/selected_refs.json
cell_beta_0p39_p_0p00,dataset_005_seed_535234,48,0,,,02_dnn/03_reference_search/raw_outputs/36_beta_cell_30_dataset_30_reference/selected_references/cell_beta_0p39_p_0p00/dataset_005_seed_535234/width_048/selected_ref_payloads/ref_000/theta.npy,02_dnn/03_reference_search/raw_outputs/18_beta_cell_90_dataset_30_reference/selected_references/cell_beta_0p39_p_0p00/dataset_005_seed_535234/width_048/selected_refs.json
cell_beta_0p39_p_0p00,dataset_006_seed_635234,48,0,,,02_dnn/03_reference_search/raw_outputs/36_beta_cell_30_dataset_30_reference/selected_references/cell_beta_0p39_p_0p00/dataset_006_seed_635234/width_048/selected_ref_payloads/ref_000/theta.npy,02_dnn/03_reference_search/raw_outputs/18_beta_cell_90_dataset_30_reference/selected_references/cell_beta_0p39_p_0p00/dataset_006_seed_635234/width_048/selected_refs.json
cell_beta_0p39_p_0p00,dataset_007_seed_735234,48,0,,,02_dnn/03_reference_search/raw_outputs/36_beta_cell_30_dataset_30_reference/selected_references/cell_beta_0p39_p_0p00/dataset_007_seed_735234/width_048/selected_ref_payloads/ref_000/theta.npy,02_dnn/03_reference_search/raw_outputs/18_beta_cell_90_dataset_30_reference/selected_references/cell_beta_0p39_p_0p00/dataset_007_seed_735234/width_048/selected_refs.json
cell_beta_0p39_p_0p00,dataset_008_seed_835234,48,0,,,02_dnn/03_reference_search/raw_outputs/36_beta_cell_30_dataset_30_reference/selected_references/cell_beta_0p39_p_0p00/dataset_008_seed_835234/width_048/selected_ref_payloads/ref_000/theta.npy,02_dnn/03_reference_search/raw_outputs/18_beta_cell_90_dataset_30_reference/selected_references/cell_beta_0p39_p_0p00/dataset_008_seed_835234/width_048/selected_refs.json
cell_beta_0p39_p_0p00,dataset_009_seed_935234,48,0,,,02_dnn/03_reference_search/raw_outputs/36_beta_cell_30_dataset_30_reference/selected_references/cell_beta_0p39_p_0p00/dataset_009_seed_935234/width_048/selected_ref_payloads/ref_000/theta.npy,02_dnn/03_reference_search/raw_outputs/18_beta_cell_90_dataset_30_reference/selected_references/cell_beta_0p39_p_0p00/dataset_009_seed_935234/width_048/selected_refs.json
cell_beta_0p39_p_0p00,dataset_010_seed_1035234,48,0,,,02_dnn/03_reference_search/raw_outputs/36_beta_cell_30_dataset_30_reference/selected_references/cell_beta_0p39_p_0p00/dataset_010_seed_1035234/width_048/selected_ref_payloads/ref_000/theta.npy,02_dnn/03_reference_search/raw_outputs/18_beta_cell_90_dataset_30_reference/selected_references/cell_beta_0p39_p_0p00/dataset_010_seed_1035234/width_048/selected_refs.json
cell_beta_0p39_p_0p00,dataset_011_seed_1135234,48,0,,,02_dnn/03_reference_search/raw_outputs/36_beta_cell_30_dataset_30_reference/selected_references/cell_beta_0p39_p_0p00/dataset_011_seed_1135234/width_048/selected_ref_payloads/ref_000/theta.npy,02_dnn/03_reference_search/raw_outputs/18_beta_cell_90_dataset_30_reference/selected_references/cell_beta_0p39_p_0p00/dataset_011_seed_1135234/width_048/selected_refs.json
cell_beta_0p39_p_0p00,dataset_012_seed_1235234,48,0,,,02_dnn/03_reference_search/raw_outputs/36_beta_cell_30_dataset_30_reference/selected_references/cell_beta_0p39_p_0p00/dataset_012_seed_1235234/width_048/selected_ref_payloads/ref_000/theta.npy,02_dnn/03_reference_search/raw_outputs/18_beta_cell_90_dataset_30_reference/selected_references/cell_beta_0p39_p_0p00/dataset_012_seed_1235234/width_048/selected_refs.json
cell_beta_0p39_p_0p00,dataset_013_seed_1335234,48,0,,,02_dnn/03_reference_search/raw_outputs/36_beta_cell_30_dataset_30_reference/selected_references/cell_beta_0p39_p_0p00/dataset_013_seed_1335234/width_048/selected_ref_payloads/ref_000/theta.npy,02_dnn/03_reference_search/raw_outputs/18_beta_cell_90_dataset_30_reference/selected_references/cell_beta_0p39_p_0p00/dataset_013_seed_1335234/width_048/selected_refs.json
cell_beta_0p39_p_0p00,dataset_014_seed_1435234,48,0,,,02_dnn/03_reference_search/raw_outputs/36_beta_cell_30_dataset_30_reference/selected_references/cell_beta_0p39_p_0p00/dataset_014_seed_1435234/width_048/selected_ref_payloads/ref_000/theta.npy,02_dnn/03_reference_search/raw_outputs/18_beta_cell_90_dataset_30_reference/selected_references/cell_beta_0p39_p_0p00/dataset_014_seed_1435234/width_048/selected_refs.json
cell_beta_0p39_p_0p00,dataset_015_seed_1535234,48,0,,,02_dnn/03_reference_search/raw_outputs/36_beta_cell_30_dataset_30_reference/selected_references/cell_beta_0p39_p_0p00/dataset_015_seed_1535234/width_048/selected_ref_payloads/ref_000/theta.npy,02_dnn/03_reference_search/raw_outputs/18_beta_cell_90_dataset_30_reference/selected_references/cell_beta_0p39_p_0p00/dataset_015_seed_1535234/width_048/selected_refs.json
cell_beta_0p39_p_0p00,dataset_016_seed_1635234,48,0,,,02_dnn/03_reference_search/raw_outputs/36_beta_cell_30_dataset_30_reference/selected_references/cell_beta_0p39_p_0p00/dataset_016_seed_1635234/width_048/selected_ref_payloads/ref_000/theta.npy,02_dnn/03_reference_search/raw_outputs/18_beta_cell_90_dataset_30_reference/selected_references/cell_beta_0p39_p_0p00/dataset_016_seed_1635234/width_048/selected_refs.json
cell_beta_0p39_p_0p00,dataset_017_seed_1735234,48,0,,,02_dnn/03_reference_search/raw_outputs/36_beta_cell_30_dataset_30_reference/selected_references/cell_beta_0p39_p_0p00/dataset_017_seed_1735234/width_048/selected_ref_payloads/ref_000/theta.npy,02_dnn/03_reference_search/raw_outputs/18_beta_cell_90_dataset_30_reference/selected_references/cell_beta_0p39_p_0p00/dataset_017_seed_1735234/width_048/selected_refs.json
cell_beta_0p39_p_0p00,dataset_018_seed_1835234,48,0,,,02_dnn/03_reference_search/raw_outputs/36_beta_cell_30_dataset_30_reference/selected_references/cell_beta_0p39_p_0p00/dataset_018_seed_1835234/width_048/selected_ref_payloads/ref_000/theta.npy,02_dnn/03_reference_search/raw_outputs/18_beta_cell_90_dataset_30_reference/selected_references/cell_beta_0p39_p_0p00/dataset_018_seed_1835234/width_048/selected_refs.json
cell_beta_0p39_p_0p00,dataset_019_seed_1935234,48,0,,,02_dnn/03_reference_search/raw_outputs/36_beta_cell_30_dataset_30_reference/selected_references/cell_beta_0p39_p_0p00/dataset_019_seed_1935234/width_048/selected_ref_payloads/ref_000/theta.npy,02_dnn/03_reference_search/raw_outputs/18_beta_cell_90_dataset_30_reference/selected_references/cell_beta_0p39_p_0p00/dataset_019_seed_1935234/width_048/selected_refs.json
cell_beta_0p39_p_0p00,dataset_020_seed_2035234,48,0,,,02_dnn/03_reference_search/raw_outputs/36_beta_cell_30_dataset_30_reference/selected_references/cell_beta_0p39_p_0p00/dataset_020_seed_2035234/width_048/selected_ref_payloads/ref_000/theta.npy,02_dnn/03_reference_search/raw_outputs/18_beta_cell_90_dataset_30_reference/selected_references/cell_beta_0p39_p_0p00/dataset_020_seed_2035234/width_048/selected_refs.json
cell_beta_0p39_p_0p00,dataset_021_seed_2135234,48,0,,,02_dnn/03_reference_search/raw_outputs/36_beta_cell_30_dataset_30_reference/selected_references/cell_beta_0p39_p_0p00/dataset_021_seed_2135234/width_048/selected_ref_payloads/ref_000/theta.npy,02_dnn/03_reference_search/raw_outputs/18_beta_cell_90_dataset_30_reference/selected_references/cell_beta_0p39_p_0p00/dataset_021_seed_2135234/width_048/selected_refs.json
cell_beta_0p39_p_0p00,dataset_022_seed_2235234,48,0,,,02_dnn/03_reference_search/raw_outputs/36_beta_cell_30_dataset_30_reference/selected_references/cell_beta_0p39_p_0p00/dataset_022_seed_2235234/width_048/selected_ref_payloads/ref_000/theta.npy,02_dnn/03_reference_search/raw_outputs/18_beta_cell_90_dataset_30_reference/selected_references/cell_beta_0p39_p_0p00/dataset_022_seed_2235234/width_048/selected_refs.json
cell_beta_0p39_p_0p00,dataset_023_seed_2335234,48,0,,,02_dnn/03_reference_search/raw_outputs/36_beta_cell_30_dataset_30_reference/selected_references/cell_beta_0p39_p_0p00/dataset_023_seed_2335234/width_048/selected_ref_payloads/ref_000/theta.npy,02_dnn/03_reference_search/raw_outputs/18_beta_cell_90_dataset_30_reference/selected_references/cell_beta_0p39_p_0p00/dataset_023_seed_2335234/width_048/selected_refs.json
cell_beta_0p39_p_0p00,dataset_024_seed_2435234,48,0,,,02_dnn/03_reference_search/raw_outputs/36_beta_cell_30_dataset_30_reference/selected_references/cell_beta_0p39_p_0p00/dataset_024_seed_2435234/width_048/selected_ref_payloads/ref_000/theta.npy,02_dnn/03_reference_search/raw_outputs/18_beta_cell_90_dataset_30_reference/selected_references/cell_beta_0p39_p_0p00/dataset_024_seed_2435234/width_048/selected_refs.json
cell_beta_0p39_p_0p00,dataset_025_seed_2535234,48,0,,,02_dnn/03_reference_search/raw_outputs/36_beta_cell_30_dataset_30_reference/selected_references/cell_beta_0p39_p_0p00/dataset_025_seed_2535234/width_048/selected_ref_payloads/ref_000/theta.npy,02_dnn/03_reference_search/raw_outputs/18_beta_cell_90_dataset_30_reference/selected_references/cell_beta_0p39_p_0p00/dataset_025_seed_2535234/width_048/selected_refs.json
cell_beta_0p39_p_0p00,dataset_026_seed_2635234,48,0,,,02_dnn/03_reference_search/raw_outputs/36_beta_cell_30_dataset_30_reference/selected_references/cell_beta_0p39_p_0p00/dataset_026_seed_2635234/width_048/selected_ref_payloads/ref_000/theta.npy,02_dnn/03_reference_search/raw_outputs/18_beta_cell_90_dataset_30_reference/selected_references/cell_beta_0p39_p_0p00/dataset_026_seed_2635234/width_048/selected_refs.json
cell_beta_0p39_p_0p00,dataset_027_seed_2735234,48,0,,,02_dnn/03_reference_search/raw_outputs/36_beta_cell_30_dataset_30_reference/selected_references/cell_beta_0p39_p_0p00/dataset_027_seed_2735234/width_048/selected_ref_payloads/ref_000/theta.npy,02_dnn/03_reference_search/raw_outputs/18_beta_cell_90_dataset_30_reference/selected_references/cell_beta_0p39_p_0p00/dataset_027_seed_2735234/width_048/selected_refs.json
cell_beta_0p39_p_0p00,dataset_028_seed_2835234,48,0,,,02_dnn/03_reference_search/raw_outputs/36_beta_cell_30_dataset_30_reference/selected_references/cell_beta_0p39_p_0p00/dataset_028_seed_2835234/width_048/selected_ref_payloads/ref_000/theta.npy,02_dnn/03_reference_search/raw_outputs/18_beta_cell_90_dataset_30_reference/selected_references/cell_beta_0p39_p_0p00/dataset_028_seed_2835234/width_048/selected_refs.json
cell_beta_0p39_p_0p00,dataset_029_seed_2935234,48,0,,,02_dnn/03_reference_search/raw_outputs/36_beta_cell_30_dataset_30_reference/selected_references/cell_beta_0p39_p_0p00/dataset_029_seed_2935234/width_048/selected_ref_payloads/ref_000/theta.npy,02_dnn/03_reference_search/raw_outputs/18_beta_cell_90_dataset_30_reference/selected_references/cell_beta_0p39_p_0p00/dataset_029_seed_2935234/width_048/selected_refs.json
cell_beta_0p39_p_0p00,dataset_030_seed_3035234,48,0,56.24083035041817,6.567312794082504e-05,02_dnn/03_reference_search/raw_outputs/18_beta_cell_60_dataset_30_reference/selected_references/cell_beta_0p39_p_0p00/dataset_030_seed_3035234/width_048/selected_ref_payloads/ref_000/theta.npy,02_dnn/03_reference_search/raw_outputs/18_beta_cell_90_dataset_30_reference/selected_references/cell_beta_0p39_p_0p00/dataset_030_seed_3035234/width_048/selected_refs.json
cell_beta_0p39_p_0p00,dataset_031_seed_3135234,48,0,33.703288488493655,0.00513998559762509,02_dnn/03_reference_search/raw_outputs/18_beta_cell_60_dataset_30_reference/selected_references/cell_beta_0p39_p_0p00/dataset_031_seed_3135234/width_048/selected_ref_payloads/ref_000/theta.npy,02_dnn/03_reference_search/raw_outputs/18_beta_cell_90_dataset_30_reference/selected_references/cell_beta_0p39_p_0p00/dataset_031_seed_3135234/width_048/selected_refs.json
cell_beta_0p39_p_0p00,dataset_032_seed_3235234,48,0,49.77624082208075,0.004181630942787432,02_dnn/03_reference_search/raw_outputs/18_beta_cell_60_dataset_30_reference/selected_references/cell_beta_0p39_p_0p00/dataset_032_seed_3235234/width_048/selected_ref_payloads/ref_000/theta.npy,02_dnn/03_reference_search/raw_outputs/18_beta_cell_90_dataset_30_reference/selected_references/cell_beta_0p39_p_0p00/dataset_032_seed_3235234/width_048/selected_refs.json
cell_beta_0p39_p_0p00,dataset_033_seed_3335234,48,0,38.4470537809945,0.0033177798679738866,02_dnn/03_reference_search/raw_outputs/18_beta_cell_60_dataset_30_reference/selected_references/cell_beta_0p39_p_0p00/dataset_033_seed_3335234/width_048/selected_ref_payloads/ref_000/theta.npy,02_dnn/03_reference_search/raw_outputs/18_beta_cell_90_dataset_30_reference/selected_references/cell_beta_0p39_p_0p00/dataset_033_seed_3335234/width_048/selected_refs.json
cell_beta_0p39_p_0p00,dataset_034_seed_3435234,48,0,58.80162787485743,0.0027809658523345986,02_dnn/03_reference_search/raw_outputs/18_beta_cell_60_dataset_30_reference/selected_references/cell_beta_0p39_p_0p00/dataset_034_seed_3435234/width_048/selected_ref_payloads/ref_000/theta.npy,02_dnn/03_reference_search/raw_outputs/18_beta_cell_90_dataset_30_reference/selected_references/cell_beta_0p39_p_0p00/dataset_034_seed_3435234/width_048/selected_refs.json
cell_beta_0p39_p_0p00,dataset_035_seed_3535234,48,0,48.802492758975525,0.0029435443249427695,02_dnn/03_reference_search/raw_outputs/18_beta_cell_60_dataset_30_reference/selected_references/cell_beta_0p39_p_0p00/dataset_035_seed_3535234/width_048/selected_ref_payloads/ref_000/theta.npy,02_dnn/03_reference_search/raw_outputs/18_beta_cell_90_dataset_30_reference/selected_references/cell_beta_0p39_p_0p00/dataset_035_seed_3535234/width_048/selected_refs.json
cell_beta_0p39_p_0p00,dataset_036_seed_3635234,48,0,87.91923474463172,0.0011916372490808577,02_dnn/03_reference_search/raw_outputs/18_beta_cell_60_dataset_30_reference/selected_references/cell_beta_0p39_p_0p00/dataset_036_seed_3635234/width_048/selected_ref_payloads/ref_000/theta.npy,02_dnn/03_reference_search/raw_outputs/18_beta_cell_90_dataset_30_reference/selected_references/cell_beta_0p39_p_0p00/dataset_036_seed_3635234/width_048/selected_refs.json
cell_beta_0p39_p_0p00,dataset_037_seed_3735234,48,0,50.36310508840113,5.415426462161776e-05,02_dnn/03_reference_search/raw_outputs/18_beta_cell_60_dataset_30_reference/selected_references/cell_beta_0p39_p_0p00/dataset_037_seed_3735234/width_048/selected_ref_payloads/ref_000/theta.npy,02_dnn/03_reference_search/raw_outputs/18_beta_cell_90_dataset_30_reference/selected_references/cell_beta_0p39_p_0p00/dataset_037_seed_3735234/width_048/selected_refs.json
cell_beta_0p39_p_0p00,dataset_038_seed_3835234,48,0,32.48181200760917,0.00556387902315788,02_dnn/03_reference_search/raw_outputs/18_beta_cell_60_dataset_30_reference/selected_references/cell_beta_0p39_p_0p00/dataset_038_seed_3835234/width_048/selected_ref_payloads/ref_000/theta.npy,02_dnn/03_reference_search/raw_outputs/18_beta_cell_90_dataset_30_reference/selected_references/cell_beta_0p39_p_0p00/dataset_038_seed_3835234/width_048/selected_refs.json
cell_beta_0p39_p_0p00,dataset_039_seed_3935234,48,0,40.92064747232886,0.004956979912415442,02_dnn/03_reference_search/raw_outputs/18_beta_cell_60_dataset_30_reference/selected_references/cell_beta_0p39_p_0p00/dataset_039_seed_3935234/width_048/selected_ref_payloads/ref_000/theta.npy,02_dnn/03_reference_search/raw_outputs/18_beta_cell_90_dataset_30_reference/selected_references/cell_beta_0p39_p_0p00/dataset_039_seed_3935234/width_048/selected_refs.json
cell_beta_0p39_p_0p00,dataset_040_seed_4035234,48,0,46.09775509612595,0.00409599522582917,02_dnn/03_reference_search/raw_outputs/18_beta_cell_60_dataset_30_reference/selected_references/cell_beta_0p39_p_0p00/dataset_040_seed_4035234/width_048/selected_ref_payloads/ref_000/theta.npy,02_dnn/03_reference_search/raw_outputs/18_beta_cell_90_dataset_30_reference/selected_references/cell_beta_0p39_p_0p00/dataset_040_seed_4035234/width_048/selected_refs.json
cell_beta_0p39_p_0p00,dataset_041_seed_4135234,48,0,66.74555918576668,9.845468319402578e-05,02_dnn/03_reference_search/raw_outputs/18_beta_cell_60_dataset_30_reference/selected_references/cell_beta_0p39_p_0p00/dataset_041_seed_4135234/width_048/selected_ref_payloads/ref_000/theta.npy,02_dnn/03_reference_search/raw_outputs/18_beta_cell_90_dataset_30_reference/selected_references/cell_beta_0p39_p_0p00/dataset_041_seed_4135234/width_048/selected_refs.json
cell_beta_0p39_p_0p00,dataset_042_seed_4235234,48,0,65.85885247981194,8.584126955603775e-05,02_dnn/03_reference_search/raw_outputs/18_beta_cell_60_dataset_30_reference/selected_references/cell_beta_0p39_p_0p00/dataset_042_seed_4235234/width_048/selected_ref_payloads/ref_000/theta.npy,02_dnn/03_reference_search/raw_outputs/18_beta_cell_90_dataset_30_reference/selected_references/cell_beta_0p39_p_0p00/dataset_042_seed_4235234/width_048/selected_refs.json
cell_beta_0p39_p_0p00,dataset_043_seed_4335234,48,0,39.90563449965478,0.0036307391639209263,02_dnn/03_reference_search/raw_outputs/18_beta_cell_60_dataset_30_reference/selected_references/cell_beta_0p39_p_0p00/dataset_043_seed_4335234/width_048/selected_ref_payloads/ref_000/theta.npy,02_dnn/03_reference_search/raw_outputs/18_beta_cell_90_dataset_30_reference/selected_references/cell_beta_0p39_p_0p00/dataset_043_seed_4335234/width_048/selected_refs.json
cell_beta_0p39_p_0p00,dataset_044_seed_4435234,48,0,27.33366751564129,0.009661282530706031,02_dnn/03_reference_search/raw_outputs/18_beta_cell_60_dataset_30_reference/selected_references/cell_beta_0p39_p_0p00/dataset_044_seed_4435234/width_048/selected_ref_payloads/ref_000/theta.npy,02_dnn/03_reference_search/raw_outputs/18_beta_cell_90_dataset_30_reference/selected_references/cell_beta_0p39_p_0p00/dataset_044_seed_4435234/width_048/selected_refs.json
cell_beta_0p39_p_0p00,dataset_045_seed_4535234,48,0,52.75704875073488,0.002865737059014109,02_dnn/03_reference_search/raw_outputs/18_beta_cell_60_dataset_30_reference/selected_references/cell_beta_0p39_p_0p00/dataset_045_seed_4535234/width_048/selected_ref_payloads/ref_000/theta.npy,02_dnn/03_reference_search/raw_outputs/18_beta_cell_90_dataset_30_reference/selected_references/cell_beta_0p39_p_0p00/dataset_045_seed_4535234/width_048/selected_refs.json
cell_beta_0p39_p_0p00,dataset_046_seed_4635234,48,0,40.63410887870974,0.007067710080978327,02_dnn/03_reference_search/raw_outputs/18_beta_cell_60_dataset_30_reference/selected_references/cell_beta_0p39_p_0p00/dataset_046_seed_4635234/width_048/selected_ref_payloads/ref_000/theta.npy,02_dnn/03_reference_search/raw_outputs/18_beta_cell_90_dataset_30_reference/selected_references/cell_beta_0p39_p_0p00/dataset_046_seed_4635234/width_048/selected_refs.json
cell_beta_0p39_p_0p00,dataset_047_seed_4735234,48,0,45.61067447188346,0.002893042462507293,02_dnn/03_reference_search/raw_outputs/18_beta_cell_60_dataset_30_reference/selected_references/cell_beta_0p39_p_0p00/dataset_047_seed_4735234/width_048/selected_ref_payloads/ref_000/theta.npy,02_dnn/03_reference_search/raw_outputs/18_beta_cell_90_dataset_30_reference/selected_references/cell_beta_0p39_p_0p00/dataset_047_seed_4735234/width_048/selected_refs.json
cell_beta_0p39_p_0p00,dataset_048_seed_4835234,48,0,47.75113488610773,0.0031890971839772355,02_dnn/03_reference_search/raw_outputs/18_beta_cell_60_dataset_30_reference/selected_references/cell_beta_0p39_p_0p00/dataset_048_seed_4835234/width_048/selected_ref_payloads/ref_000/theta.npy,02_dnn/03_reference_search/raw_outputs/18_beta_cell_90_dataset_30_reference/selected_references/cell_beta_0p39_p_0p00/dataset_048_seed_4835234/width_048/selected_refs.json
cell_beta_0p39_p_0p00,dataset_049_seed_4935234,48,0,39.86023520429679,0.008196315437675492,02_dnn/03_reference_search/raw_outputs/18_beta_cell_60_dataset_30_reference/selected_references/cell_beta_0p39_p_0p00/dataset_049_seed_4935234/width_048/selected_ref_payloads/ref_000/theta.npy,02_dnn/03_reference_search/raw_outputs/18_beta_cell_90_dataset_30_reference/selected_references/cell_beta_0p39_p_0p00/dataset_049_seed_4935234/width_048/selected_refs.json
cell_beta_0p39_p_0p00,dataset_050_seed_5035234,48,0,41.22750476026977,0.0037993104508684218,02_dnn/03_reference_search/raw_outputs/18_beta_cell_60_dataset_30_reference/selected_references/cell_beta_0p39_p_0p00/dataset_050_seed_5035234/width_048/selected_ref_payloads/ref_000/theta.npy,02_dnn/03_reference_search/raw_outputs/18_beta_cell_90_dataset_30_reference/selected_references/cell_beta_0p39_p_0p00/dataset_050_seed_5035234/width_048/selected_refs.json
cell_beta_0p39_p_0p00,dataset_051_seed_5135234,48,0,57.87405988516332,6.848495495317096e-05,02_dnn/03_reference_search/raw_outputs/18_beta_cell_60_dataset_30_reference/selected_references/cell_beta_0p39_p_0p00/dataset_051_seed_5135234/width_048/selected_ref_payloads/ref_000/theta.npy,02_dnn/03_reference_search/raw_outputs/18_beta_cell_90_dataset_30_reference/selected_references/cell_beta_0p39_p_0p00/dataset_051_seed_5135234/width_048/selected_refs.json
cell_beta_0p39_p_0p00,dataset_052_seed_5235234,48,0,32.420244875840254,0.002919720066533857,02_dnn/03_reference_search/raw_outputs/18_beta_cell_60_dataset_30_reference/selected_references/cell_beta_0p39_p_0p00/dataset_052_seed_5235234/width_048/selected_ref_payloads/ref_000/theta.npy,02_dnn/03_reference_search/raw_outputs/18_beta_cell_90_dataset_30_reference/selected_references/cell_beta_0p39_p_0p00/dataset_052_seed_5235234/width_048/selected_refs.json
cell_beta_0p39_p_0p00,dataset_053_seed_5335234,48,0,73.15693795108469,0.00012306788254673,02_dnn/03_reference_search/raw_outputs/18_beta_cell_60_dataset_30_reference/selected_references/cell_beta_0p39_p_0p00/dataset_053_seed_5335234/width_048/selected_ref_payloads/ref_000/theta.npy,02_dnn/03_reference_search/raw_outputs/18_beta_cell_90_dataset_30_reference/selected_references/cell_beta_0p39_p_0p00/dataset_053_seed_5335234/width_048/selected_refs.json
cell_beta_0p39_p_0p00,dataset_054_seed_5435234,48,0,41.2724451160552,0.003843636741825555,02_dnn/03_reference_search/raw_outputs/18_beta_cell_60_dataset_30_reference/selected_references/cell_beta_0p39_p_0p00/dataset_054_seed_5435234/width_048/selected_ref_payloads/ref_000/theta.npy,02_dnn/03_reference_search/raw_outputs/18_beta_cell_90_dataset_30_reference/selected_references/cell_beta_0p39_p_0p00/dataset_054_seed_5435234/width_048/selected_refs.json
cell_beta_0p39_p_0p00,dataset_055_seed_5535234,48,0,52.83088424008745,5.834046006683251e-05,02_dnn/03_reference_search/raw_outputs/18_beta_cell_60_dataset_30_reference/selected_references/cell_beta_0p39_p_0p00/dataset_055_seed_5535234/width_048/selected_ref_payloads/ref_000/theta.npy,02_dnn/03_reference_search/raw_outputs/18_beta_cell_90_dataset_30_reference/selected_references/cell_beta_0p39_p_0p00/dataset_055_seed_5535234/width_048/selected_refs.json
cell_beta_0p39_p_0p00,dataset_056_seed_5635234,48,0,52.33424121652397,0.002824118370014103,02_dnn/03_reference_search/raw_outputs/18_beta_cell_60_dataset_30_reference/selected_references/cell_beta_0p39_p_0p00/dataset_056_seed_5635234/width_048/selected_ref_payloads/ref_000/theta.npy,02_dnn/03_reference_search/raw_outputs/18_beta_cell_90_dataset_30_reference/selected_references/cell_beta_0p39_p_0p00/dataset_056_seed_5635234/width_048/selected_refs.json
cell_beta_0p39_p_0p00,dataset_057_seed_5735234,48,0,39.90064602959777,0.002878760026198514,02_dnn/03_reference_search/raw_outputs/18_beta_cell_60_dataset_30_reference/selected_references/cell_beta_0p39_p_0p00/dataset_057_seed_5735234/width_048/selected_ref_payloads/ref_000/theta.npy,02_dnn/03_reference_search/raw_outputs/18_beta_cell_90_dataset_30_reference/selected_references/cell_beta_0p39_p_0p00/dataset_057_seed_5735234/width_048/selected_refs.json
cell_beta_0p39_p_0p00,dataset_058_seed_5835234,48,0,60.177643393077936,0.003063945857315322,02_dnn/03_reference_search/raw_outputs/18_beta_cell_60_dataset_30_reference/selected_references/cell_beta_0p39_p_0p00/dataset_058_seed_5835234/width_048/selected_ref_payloads/ref_000/theta.npy,02_dnn/03_reference_search/raw_outputs/18_beta_cell_90_dataset_30_reference/selected_references/cell_beta_0p39_p_0p00/dataset_058_seed_5835234/width_048/selected_refs.json
cell_beta_0p39_p_0p00,dataset_059_seed_5935234,48,0,65.62385439401538,9.300210981763455e-05,02_dnn/03_reference_search/raw_outputs/18_beta_cell_60_dataset_30_reference/selected_references/cell_beta_0p39_p_0p00/dataset_059_seed_5935234/width_048/selected_ref_payloads/ref_000/theta.npy,02_dnn/03_reference_search/raw_outputs/18_beta_cell_90_dataset_30_reference/selected_references/cell_beta_0p39_p_0p00/dataset_059_seed_5935234/width_048/selected_refs.json
cell_beta_0p39_p_0p00,dataset_060_seed_6035234,48,0,77.42590540506167,0.0011791317798869518,02_dnn/03_reference_search/raw_outputs/18_beta_cell_90_dataset_30_reference/selected_references/cell_beta_0p39_p_0p00/dataset_060_seed_6035234/width_048/selected_ref_payloads/ref_000/theta.npy,02_dnn/03_reference_search/raw_outputs/18_beta_cell_90_dataset_30_reference/selected_references/cell_beta_0p39_p_0p00/dataset_060_seed_6035234/width_048/selected_refs.json
cell_beta_0p39_p_0p00,dataset_061_seed_6135234,48,0,42.43083629773839,0.002695078863145523,02_dnn/03_reference_search/raw_outputs/18_beta_cell_90_dataset_30_reference/selected_references/cell_beta_0p39_p_0p00/dataset_061_seed_6135234/width_048/selected_ref_payloads/ref_000/theta.npy,02_dnn/03_reference_search/raw_outputs/18_beta_cell_90_dataset_30_reference/selected_references/cell_beta_0p39_p_0p00/dataset_061_seed_6135234/width_048/selected_refs.json
cell_beta_0p39_p_0p00,dataset_062_seed_6235234,48,0,40.434416108427754,0.0017176838432096545,02_dnn/03_reference_search/raw_outputs/18_beta_cell_90_dataset_30_reference/selected_references/cell_beta_0p39_p_0p00/dataset_062_seed_6235234/width_048/selected_ref_payloads/ref_000/theta.npy,02_dnn/03_reference_search/raw_outputs/18_beta_cell_90_dataset_30_reference/selected_references/cell_beta_0p39_p_0p00/dataset_062_seed_6235234/width_048/selected_refs.json
cell_beta_0p39_p_0p00,dataset_063_seed_6335234,48,0,28.029496151851788,0.007420291581148991,02_dnn/03_reference_search/raw_outputs/18_beta_cell_90_dataset_30_reference/selected_references/cell_beta_0p39_p_0p00/dataset_063_seed_6335234/width_048/selected_ref_payloads/ref_000/theta.npy,02_dnn/03_reference_search/raw_outputs/18_beta_cell_90_dataset_30_reference/selected_references/cell_beta_0p39_p_0p00/dataset_063_seed_6335234/width_048/selected_refs.json
cell_beta_0p39_p_0p00,dataset_064_seed_6435234,48,0,55.27925306265534,0.004809696807309709,02_dnn/03_reference_search/raw_outputs/18_beta_cell_90_dataset_30_reference/selected_references/cell_beta_0p39_p_0p00/dataset_064_seed_6435234/width_048/selected_ref_payloads/ref_000/theta.npy,02_dnn/03_reference_search/raw_outputs/18_beta_cell_90_dataset_30_reference/selected_references/cell_beta_0p39_p_0p00/dataset_064_seed_6435234/width_048/selected_refs.json
cell_beta_0p39_p_0p00,dataset_065_seed_6535234,48,0,30.95160708437072,0.0035698955983205155,02_dnn/03_reference_search/raw_outputs/18_beta_cell_90_dataset_30_reference/selected_references/cell_beta_0p39_p_0p00/dataset_065_seed_6535234/width_048/selected_ref_payloads/ref_000/theta.npy,02_dnn/03_reference_search/raw_outputs/18_beta_cell_90_dataset_30_reference/selected_references/cell_beta_0p39_p_0p00/dataset_065_seed_6535234/width_048/selected_refs.json
cell_beta_0p39_p_0p00,dataset_066_seed_6635234,48,0,70.33879388798546,0.00013565864750628322,02_dnn/03_reference_search/raw_outputs/18_beta_cell_90_dataset_30_reference/selected_references/cell_beta_0p39_p_0p00/dataset_066_seed_6635234/width_048/selected_ref_payloads/ref_000/theta.npy,02_dnn/03_reference_search/raw_outputs/18_beta_cell_90_dataset_30_reference/selected_references/cell_beta_0p39_p_0p00/dataset_066_seed_6635234/width_048/selected_refs.json
cell_beta_0p39_p_0p00,dataset_067_seed_6735234,48,0,42.487392335956535,0.003948763433487335,02_dnn/03_reference_search/raw_outputs/18_beta_cell_90_dataset_30_reference/selected_references/cell_beta_0p39_p_0p00/dataset_067_seed_6735234/width_048/selected_ref_payloads/ref_000/theta.npy,02_dnn/03_reference_search/raw_outputs/18_beta_cell_90_dataset_30_reference/selected_references/cell_beta_0p39_p_0p00/dataset_067_seed_6735234/width_048/selected_refs.json
cell_beta_0p39_p_0p00,dataset_068_seed_6835234,48,0,82.20831709377485,0.0007080233894512362,02_dnn/03_reference_search/raw_outputs/18_beta_cell_90_dataset_30_reference/selected_references/cell_beta_0p39_p_0p00/dataset_068_seed_6835234/width_048/selected_ref_payloads/ref_000/theta.npy,02_dnn/03_reference_search/raw_outputs/18_beta_cell_90_dataset_30_reference/selected_references/cell_beta_0p39_p_0p00/dataset_068_seed_6835234/width_048/selected_refs.json
cell_beta_0p39_p_0p00,dataset_069_seed_6935234,48,0,37.60228676396103,0.006484349467836078,02_dnn/03_reference_search/raw_outputs/18_beta_cell_90_dataset_30_reference/selected_references/cell_beta_0p39_p_0p00/dataset_069_seed_6935234/width_048/selected_ref_payloads/ref_000/theta.npy,02_dnn/03_reference_search/raw_outputs/18_beta_cell_90_dataset_30_reference/selected_references/cell_beta_0p39_p_0p00/dataset_069_seed_6935234/width_048/selected_refs.json
cell_beta_0p39_p_0p00,dataset_070_seed_7035234,48,0,76.51276335539218,0.00012128515354382161,02_dnn/03_reference_search/raw_outputs/18_beta_cell_90_dataset_30_reference/selected_references/cell_beta_0p39_p_0p00/dataset_070_seed_7035234/width_048/selected_ref_payloads/ref_000/theta.npy,02_dnn/03_reference_search/raw_outputs/18_beta_cell_90_dataset_30_reference/selected_references/cell_beta_0p39_p_0p00/dataset_070_seed_7035234/width_048/selected_refs.json
cell_beta_0p39_p_0p00,dataset_071_seed_7135234,48,0,76.66114279034092,0.001202892386332285,02_dnn/03_reference_search/raw_outputs/18_beta_cell_90_dataset_30_reference/selected_references/cell_beta_0p39_p_0p00/dataset_071_seed_7135234/width_048/selected_ref_payloads/ref_000/theta.npy,02_dnn/03_reference_search/raw_outputs/18_beta_cell_90_dataset_30_reference/selected_references/cell_beta_0p39_p_0p00/dataset_071_seed_7135234/width_048/selected_refs.json
cell_beta_0p39_p_0p00,dataset_072_seed_7235234,48,0,32.7355911529167,0.003586210001813963,02_dnn/03_reference_search/raw_outputs/18_beta_cell_90_dataset_30_reference/selected_references/cell_beta_0p39_p_0p00/dataset_072_seed_7235234/width_048/selected_ref_payloads/ref_000/theta.npy,02_dnn/03_reference_search/raw_outputs/18_beta_cell_90_dataset_30_reference/selected_references/cell_beta_0p39_p_0p00/dataset_072_seed_7235234/width_048/selected_refs.json
cell_beta_0p39_p_0p00,dataset_073_seed_7335234,48,0,59.9727586799558,0.00283121759779913,02_dnn/03_reference_search/raw_outputs/18_beta_cell_90_dataset_30_reference/selected_references/cell_beta_0p39_p_0p00/dataset_073_seed_7335234/width_048/selected_ref_payloads/ref_000/theta.npy,02_dnn/03_reference_search/raw_outputs/18_beta_cell_90_dataset_30_reference/selected_references/cell_beta_0p39_p_0p00/dataset_073_seed_7335234/width_048/selected_refs.json
cell_beta_0p39_p_0p00,dataset_074_seed_7435234,48,0,43.97525472092936,0.005131801180923855,02_dnn/03_reference_search/raw_outputs/18_beta_cell_90_dataset_30_reference/selected_references/cell_beta_0p39_p_0p00/dataset_074_seed_7435234/width_048/selected_ref_payloads/ref_000/theta.npy,02_dnn/03_reference_search/raw_outputs/18_beta_cell_90_dataset_30_reference/selected_references/cell_beta_0p39_p_0p00/dataset_074_seed_7435234/width_048/selected_refs.json
cell_beta_0p39_p_0p00,dataset_075_seed_7535234,48,0,52.62756445507759,0.002759566836362546,02_dnn/03_reference_search/raw_outputs/18_beta_cell_90_dataset_30_reference/selected_references/cell_beta_0p39_p_0p00/dataset_075_seed_7535234/width_048/selected_ref_payloads/ref_000/theta.npy,02_dnn/03_reference_search/raw_outputs/18_beta_cell_90_dataset_30_reference/selected_references/cell_beta_0p39_p_0p00/dataset_075_seed_7535234/width_048/selected_refs.json
cell_beta_0p39_p_0p00,dataset_076_seed_7635234,48,0,39.65962777306544,0.0031118559286059215,02_dnn/03_reference_search/raw_outputs/18_beta_cell_90_dataset_30_reference/selected_references/cell_beta_0p39_p_0p00/dataset_076_seed_7635234/width_048/selected_ref_payloads/ref_000/theta.npy,02_dnn/03_reference_search/raw_outputs/18_beta_cell_90_dataset_30_reference/selected_references/cell_beta_0p39_p_0p00/dataset_076_seed_7635234/width_048/selected_refs.json
cell_beta_0p39_p_0p00,dataset_077_seed_7735234,48,0,41.017625948425575,0.004127471474015814,02_dnn/03_reference_search/raw_outputs/18_beta_cell_90_dataset_30_reference/selected_references/cell_beta_0p39_p_0p00/dataset_077_seed_7735234/width_048/selected_ref_payloads/ref_000/theta.npy,02_dnn/03_reference_search/raw_outputs/18_beta_cell_90_dataset_30_reference/selected_references/cell_beta_0p39_p_0p00/dataset_077_seed_7735234/width_048/selected_refs.json
cell_beta_0p39_p_0p00,dataset_078_seed_7835234,48,0,65.79862515199451,0.0029234452883186487,02_dnn/03_reference_search/raw_outputs/18_beta_cell_90_dataset_30_reference/selected_references/cell_beta_0p39_p_0p00/dataset_078_seed_7835234/width_048/selected_ref_payloads/ref_000/theta.npy,02_dnn/03_reference_search/raw_outputs/18_beta_cell_90_dataset_30_reference/selected_references/cell_beta_0p39_p_0p00/dataset_078_seed_7835234/width_048/selected_refs.json
cell_beta_0p39_p_0p00,dataset_079_seed_7935234,48,0,41.67964692361731,0.004138229833513844,02_dnn/03_reference_search/raw_outputs/18_beta_cell_90_dataset_30_reference/selected_references/cell_beta_0p39_p_0p00/dataset_079_seed_7935234/width_048/selected_ref_payloads/ref_000/theta.npy,02_dnn/03_reference_search/raw_outputs/18_beta_cell_90_dataset_30_reference/selected_references/cell_beta_0p39_p_0p00/dataset_079_seed_7935234/width_048/selected_refs.json
cell_beta_0p39_p_0p00,dataset_080_seed_8035234,48,0,40.641709502798115,0.004017981381914702,02_dnn/03_reference_search/raw_outputs/18_beta_cell_90_dataset_30_reference/selected_references/cell_beta_0p39_p_0p00/dataset_080_seed_8035234/width_048/selected_ref_payloads/ref_000/theta.npy,02_dnn/03_reference_search/raw_outputs/18_beta_cell_90_dataset_30_reference/selected_references/cell_beta_0p39_p_0p00/dataset_080_seed_8035234/width_048/selected_refs.json
cell_beta_0p39_p_0p00,dataset_081_seed_8135234,48,0,33.81716069141561,0.004301812253803196,02_dnn/03_reference_search/raw_outputs/18_beta_cell_90_dataset_30_reference/selected_references/cell_beta_0p39_p_0p00/dataset_081_seed_8135234/width_048/selected_ref_payloads/ref_000/theta.npy,02_dnn/03_reference_search/raw_outputs/18_beta_cell_90_dataset_30_reference/selected_references/cell_beta_0p39_p_0p00/dataset_081_seed_8135234/width_048/selected_refs.json
cell_beta_0p39_p_0p00,dataset_082_seed_8235234,48,0,59.92877193953981,0.0019129989325695003,02_dnn/03_reference_search/raw_outputs/18_beta_cell_90_dataset_30_reference/selected_references/cell_beta_0p39_p_0p00/dataset_082_seed_8235234/width_048/selected_ref_payloads/ref_000/theta.npy,02_dnn/03_reference_search/raw_outputs/18_beta_cell_90_dataset_30_reference/selected_references/cell_beta_0p39_p_0p00/dataset_082_seed_8235234/width_048/selected_refs.json
cell_beta_0p39_p_0p00,dataset_083_seed_8335234,48,0,75.88992411476366,0.002134380239093979,02_dnn/03_reference_search/raw_outputs/18_beta_cell_90_dataset_30_reference/selected_references/cell_beta_0p39_p_0p00/dataset_083_seed_8335234/width_048/selected_ref_payloads/ref_000/theta.npy,02_dnn/03_reference_search/raw_outputs/18_beta_cell_90_dataset_30_reference/selected_references/cell_beta_0p39_p_0p00/dataset_083_seed_8335234/width_048/selected_refs.json
cell_beta_0p39_p_0p00,dataset_084_seed_8435234,48,0,47.77916141973229,0.0031745768961467893,02_dnn/03_reference_search/raw_outputs/18_beta_cell_90_dataset_30_reference/selected_references/cell_beta_0p39_p_0p00/dataset_084_seed_8435234/width_048/selected_ref_payloads/ref_000/theta.npy,02_dnn/03_reference_search/raw_outputs/18_beta_cell_90_dataset_30_reference/selected_references/cell_beta_0p39_p_0p00/dataset_084_seed_8435234/width_048/selected_refs.json
cell_beta_0p39_p_0p00,dataset_085_seed_8535234,48,0,28.50324997123237,0.00775450690146928,02_dnn/03_reference_search/raw_outputs/18_beta_cell_90_dataset_30_reference/selected_references/cell_beta_0p39_p_0p00/dataset_085_seed_8535234/width_048/selected_ref_payloads/ref_000/theta.npy,02_dnn/03_reference_search/raw_outputs/18_beta_cell_90_dataset_30_reference/selected_references/cell_beta_0p39_p_0p00/dataset_085_seed_8535234/width_048/selected_refs.json
cell_beta_0p39_p_0p00,dataset_086_seed_8635234,48,0,50.936895951691014,0.00306447850109096,02_dnn/03_reference_search/raw_outputs/18_beta_cell_90_dataset_30_reference/selected_references/cell_beta_0p39_p_0p00/dataset_086_seed_8635234/width_048/selected_ref_payloads/ref_000/theta.npy,02_dnn/03_reference_search/raw_outputs/18_beta_cell_90_dataset_30_reference/selected_references/cell_beta_0p39_p_0p00/dataset_086_seed_8635234/width_048/selected_refs.json
cell_beta_0p39_p_0p00,dataset_087_seed_8735234,48,0,59.34861730228541,0.002690357510071482,02_dnn/03_reference_search/raw_outputs/18_beta_cell_90_dataset_30_reference/selected_references/cell_beta_0p39_p_0p00/dataset_087_seed_8735234/width_048/selected_ref_payloads/ref_000/theta.npy,02_dnn/03_reference_search/raw_outputs/18_beta_cell_90_dataset_30_reference/selected_references/cell_beta_0p39_p_0p00/dataset_087_seed_8735234/width_048/selected_refs.json
cell_beta_0p39_p_0p00,dataset_088_seed_8835234,48,0,46.53337311197159,0.003071741659431745,02_dnn/03_reference_search/raw_outputs/18_beta_cell_90_dataset_30_reference/selected_references/cell_beta_0p39_p_0p00/dataset_088_seed_8835234/width_048/selected_ref_payloads/ref_000/theta.npy,02_dnn/03_reference_search/raw_outputs/18_beta_cell_90_dataset_30_reference/selected_references/cell_beta_0p39_p_0p00/dataset_088_seed_8835234/width_048/selected_refs.json
cell_beta_0p39_p_0p00,dataset_089_seed_8935234,48,0,51.32836553946759,5.633388993413814e-05,02_dnn/03_reference_search/raw_outputs/18_beta_cell_90_dataset_30_reference/selected_references/cell_beta_0p39_p_0p00/dataset_089_seed_8935234/width_048/selected_ref_payloads/ref_000/theta.npy,02_dnn/03_reference_search/raw_outputs/18_beta_cell_90_dataset_30_reference/selected_references/cell_beta_0p39_p_0p00/dataset_089_seed_8935234/width_048/selected_refs.json
